-1.429763734340667725e-01,-6.070512905716896057e-02,2.065506726503372192e-01,-7.392581701278686523e-01,-2.336508482694625854e-01,6.315889954566955566e-01,0.000000000000000000e+00
3.115568123757839203e-02,2.060822248458862305e-01,1.684621535241603851e-02,2.083991914987564087e-01,9.776436090469360352e-01,-2.797796763479709625e-02,0.000000000000000000e+00
1.099941730499267578e-01,-1.732721179723739624e-01,-5.013358220458030701e-02,-4.015778303146362305e-01,7.741221785545349121e-01,4.893567860126495361e-01,0.000000000000000000e+00
-6.301215291023254395e-02,2.105469107627868652e-01,3.361813724040985107e-02,-6.991489976644515991e-02,9.774018526077270508e-01,1.994931995868682861e-01,0.000000000000000000e+00
-8.300516009330749512e-02,-1.981854289770126343e-01,1.117617562413215637e-01,5.628271102905273438e-01,7.739534378051757812e-01,-2.902098894119262695e-01,0.000000000000000000e+00
7.337722927331924438e-02,1.616992056369781494e-01,-9.082958102226257324e-03,4.902521669864654541e-01,-9.495267271995544434e-02,8.663929700851440430e-01,0.000000000000000000e+00
-1.191390901803970337e-01,-4.125419631600379944e-02,8.899597078561782837e-02,9.691174030303955078e-01,2.176858484745025635e-01,-1.158633977174758911e-01,0.000000000000000000e+00
-6.439264863729476929e-02,1.820107251405715942e-01,1.268621534109115601e-01,-3.417865335941314697e-01,8.370055556297302246e-01,4.273214638233184814e-01,0.000000000000000000e+00
-1.740539669990539551e-01,-1.829871982336044312e-01,2.412799373269081116e-02,-5.457783937454223633e-01,-7.914888262748718262e-01,2.750843763351440430e-01,0.000000000000000000e+00
-2.224287092685699463e-01,9.170977771282196045e-02,-4.001418501138687134e-02,-6.070421934127807617e-01,6.681761145591735840e-02,-7.918555140495300293e-01,0.000000000000000000e+00
3.021702170372009277e-01,8.333905041217803955e-02,-5.035631731152534485e-02,7.025933861732482910e-01,-5.020260214805603027e-01,-5.043137669563293457e-01,0.000000000000000000e+00
-2.062423229217529297e-01,-1.608565002679824829e-01,-8.193831890821456909e-02,9.239169359207153320e-01,2.700282037258148193e-01,2.710392773151397705e-01,0.000000000000000000e+00
1.219260692596435547e-01,3.083040378987789154e-02,-1.482641994953155518e-01,7.538163661956787109e-01,2.696301639080047607e-01,-5.992165207862854004e-01,0.000000000000000000e+00
-3.906431794166564941e-02,-1.643626987934112549e-01,-1.983407586812973022e-01,3.838200271129608154e-01,-7.641660571098327637e-01,-5.183941125869750977e-01,0.000000000000000000e+00
-9.785170853137969971e-02,-1.073809042572975159e-01,2.248538583517074585e-01,6.388850808143615723e-01,4.977453052997589111e-01,-5.865794420242309570e-01,0.000000000000000000e+00
-1.123731881380081177e-01,2.015096694231033325e-01,-1.285379827022552490e-01,-6.146228909492492676e-01,2.497939616441726685e-01,-7.482256889343261719e-01,0.000000000000000000e+00
1.270455121994018555e-01,-1.335578709840774536e-01,-8.159780502319335938e-02,-4.620311856269836426e-01,5.546709299087524414e-01,6.920024156570434570e-01,0.000000000000000000e+00
3.029865324497222900e-01,1.336203068494796753e-01,-4.777992144227027893e-02,-6.423431038856506348e-01,-5.833240747451782227e-01,-4.971200525760650635e-01,0.000000000000000000e+00
-1.720345467329025269e-01,5.522047635167837143e-03,1.809069365262985229e-01,-7.581270337104797363e-01,2.374645136296749115e-02,6.516743898391723633e-01,0.000000000000000000e+00
-6.840456277132034302e-02,1.911436617374420166e-01,9.827999770641326904e-02,-2.136088609695434570e-01,9.173711538314819336e-01,3.358592689037322998e-01,0.000000000000000000e+00
-2.189723849296569824e-01,-4.104132950305938721e-02,1.218287572264671326e-01,-7.545359134674072266e-01,-2.457535713911056519e-01,6.085069179534912109e-01,0.000000000000000000e+00
-4.897638782858848572e-02,1.377031505107879639e-01,-1.092919856309890747e-01,-7.590372562408447266e-01,-5.954848527908325195e-01,-2.631732821464538574e-01,0.000000000000000000e+00
-1.216887906193733215e-01,1.932635009288787842e-01,-6.763032078742980957e-02,-6.262347698211669922e-01,-3.061077594757080078e-01,-7.170272469520568848e-01,0.000000000000000000e+00
2.526284940540790558e-02,-1.854501068592071533e-01,-3.148639947175979614e-02,7.871505022048950195e-01,-2.971673607826232910e-01,5.404495000839233398e-01,0.000000000000000000e+00
-3.358299657702445984e-02,-1.412860155105590820e-01,2.860219180583953857e-01,-6.674118638038635254e-01,-5.418543219566345215e-01,5.108378529548645020e-01,0.000000000000000000e+00
3.382250294089317322e-02,-2.270390242338180542e-01,1.940656900405883789e-01,2.457893341779708862e-01,9.313011765480041504e-01,-2.688228189945220947e-01,0.000000000000000000e+00
5.925049260258674622e-02,-2.367118746042251587e-01,1.703502535820007324e-01,2.966576218605041504e-01,9.512177109718322754e-01,-8.472979813814163208e-02,0.000000000000000000e+00
-2.946412190794944763e-02,1.193061396479606628e-01,1.976796053349971771e-02,1.954868882894515991e-01,-9.473865032196044922e-01,2.534634172916412354e-01,0.000000000000000000e+00
9.837726503610610962e-02,9.127605706453323364e-02,-1.476201266050338745e-01,7.085022330284118652e-01,2.374658882617950439e-01,-6.645559072494506836e-01,0.000000000000000000e+00
2.536857128143310547e-01,1.522308140993118286e-01,-1.120405942201614380e-01,-7.960364818572998047e-01,-1.324810534715652466e-01,5.905714631080627441e-01,0.000000000000000000e+00
-2.063031941652297974e-01,7.645981013774871826e-02,-5.374797433614730835e-02,-6.240804791450500488e-01,5.553426593542098999e-02,-7.793840765953063965e-01,0.000000000000000000e+00
-1.305642277002334595e-01,-1.283109635114669800e-01,-1.559047549962997437e-01,-6.769960522651672363e-01,1.986812651157379150e-01,-7.086621522903442383e-01,0.000000000000000000e+00
-1.258474439382553101e-01,-9.022415615618228912e-03,1.348770409822463989e-01,9.380450844764709473e-01,-3.247059509158134460e-02,3.449884951114654541e-01,0.000000000000000000e+00
2.870293334126472473e-02,1.974425315856933594e-01,8.756343275308609009e-02,3.840053081512451172e-02,-9.966608881950378418e-01,-7.205897569656372070e-02,0.000000000000000000e+00
-6.305926479399204254e-03,-1.854513399302959442e-02,-1.367462426424026489e-01,-8.974898457527160645e-01,2.762387394905090332e-01,3.438082039356231689e-01,0.000000000000000000e+00
1.199401915073394775e-01,1.234378442168235779e-01,-7.418439537286758423e-02,5.010274052619934082e-01,-4.062012135982513428e-01,7.641806602478027344e-01,0.000000000000000000e+00
-9.800109267234802246e-02,-8.583618700504302979e-02,2.370790392160415649e-01,7.292937636375427246e-01,3.772720098495483398e-01,-5.707857608795166016e-01,0.000000000000000000e+00
-2.576193027198314667e-02,-7.506689429283142090e-02,-2.264643162488937378e-01,-8.549708127975463867e-01,5.085070133209228516e-01,1.022034138441085815e-01,0.000000000000000000e+00
-1.115681976079940796e-01,1.285625696182250977e-01,-1.343382000923156738e-01,-6.834765076637268066e-01,3.559425473213195801e-02,-7.291041612625122070e-01,0.000000000000000000e+00
-8.879927545785903931e-02,1.844260655343532562e-02,2.681171596050262451e-01,-7.022368311882019043e-01,1.572992056608200073e-01,6.943488717079162598e-01,0.000000000000000000e+00
1.049224883317947388e-01,-1.855852603912353516e-01,-3.527436032891273499e-02,-3.295954763889312744e-01,6.910732984542846680e-01,6.432608366012573242e-01,0.000000000000000000e+00
-2.526620961725711823e-02,-1.486280709505081177e-01,9.734548628330230713e-03,4.854825437068939209e-01,6.501651406288146973e-01,5.844587087631225586e-01,0.000000000000000000e+00
-7.726394385099411011e-02,-1.101633086800575256e-01,-7.372306287288665771e-02,-1.276633888483047485e-01,9.905514717102050781e-01,-5.009861290454864502e-02,0.000000000000000000e+00
2.527527511119842529e-01,1.053708493709564209e-01,2.383727021515369415e-02,4.842938184738159180e-01,2.948670983314514160e-01,8.237189650535583496e-01,0.000000000000000000e+00
1.360787916928529739e-02,-2.268700748682022095e-01,1.519114077091217041e-01,2.563059329986572266e-01,9.400054216384887695e-01,-2.251600772142410278e-01,0.000000000000000000e+00
2.373951822519302368e-01,8.037223666906356812e-02,2.224279008805751801e-02,-6.350322961807250977e-01,-3.497754037380218506e-01,6.887606382369995117e-01,0.000000000000000000e+00
1.759636215865612030e-02,1.470157206058502197e-01,-1.899948120117187500e-01,5.581311583518981934e-01,6.090418696403503418e-01,-5.635224580764770508e-01,0.000000000000000000e+00
1.132280305027961731e-01,-2.155504524707794189e-01,3.387687727808952332e-02,-1.408323049545288086e-01,9.289952516555786133e-01,3.422484993934631348e-01,0.000000000000000000e+00
-8.496303111314773560e-02,2.157948166131973267e-02,-1.612689495086669922e-01,5.364044308662414551e-01,-6.494466960430145264e-02,8.414585590362548828e-01,0.000000000000000000e+00
2.790876626968383789e-01,1.677128076553344727e-01,-7.821972668170928955e-02,-6.445639133453369141e-01,6.646935939788818359e-01,3.777827620506286621e-01,0.000000000000000000e+00
-2.758975513279438019e-02,1.095287501811981201e-01,2.693104743957519531e-01,-5.067549347877502441e-01,6.386460065841674805e-01,5.790774822235107422e-01,0.000000000000000000e+00
2.182248979806900024e-01,4.032247513532638550e-02,-2.658495120704174042e-02,-7.062594294548034668e-01,-3.493705689907073975e-01,6.157416701316833496e-01,0.000000000000000000e+00
3.971529658883810043e-03,-2.023576945066452026e-01,2.995996475219726562e-01,6.820989847183227539e-01,-5.230679735541343689e-02,7.293866872787475586e-01,0.000000000000000000e+00
-9.541309624910354614e-02,1.526852250099182129e-01,-1.403340250253677368e-01,7.592574954032897949e-01,1.852158159017562866e-01,6.238775253295898438e-01,0.000000000000000000e+00
-6.385155022144317627e-03,-2.158086895942687988e-01,1.985717415809631348e-01,-3.866371512413024902e-01,-8.879531621932983398e-01,2.491001188755035400e-01,0.000000000000000000e+00
-2.743701636791229248e-02,-7.931301742792129517e-02,-2.174862623214721680e-01,-9.064623117446899414e-01,4.210362732410430908e-01,-3.247336670756340027e-02,0.000000000000000000e+00
2.965975403785705566e-01,5.010506883263587952e-02,6.025397777557373047e-02,-1.694482266902923584e-01,-3.893239200115203857e-01,9.053806662559509277e-01,0.000000000000000000e+00
-2.239861935377120972e-01,-1.028600633144378662e-01,-5.866751819849014282e-02,5.758237242698669434e-01,-1.911959350109100342e-01,7.949032187461853027e-01,0.000000000000000000e+00
-1.343502998352050781e-01,2.132130861282348633e-01,-8.834534883499145508e-02,5.252610445022583008e-01,-6.872369647026062012e-01,5.018029808998107910e-01,0.000000000000000000e+00
1.022643223404884338e-01,-1.131582334637641907e-01,-8.270067721605300903e-02,7.234173417091369629e-01,8.056953549385070801e-02,6.856937408447265625e-01,0.000000000000000000e+00
-4.258713498711585999e-02,1.286455243825912476e-01,6.376995146274566650e-02,4.899657964706420898e-01,-7.924206852912902832e-01,3.633221983909606934e-01,0.000000000000000000e+00
-9.276471100747585297e-03,8.802398294210433960e-02,-2.120707333087921143e-01,-9.093723297119140625e-01,-2.770118713378906250e-01,3.103327751159667969e-01,0.000000000000000000e+00
1.668468266725540161e-01,1.779018193483352661e-01,1.664489507675170898e-01,-1.668879240751266479e-01,-9.766888022422790527e-01,1.350090652704238892e-01,0.000000000000000000e+00
-9.561743587255477905e-03,1.470134705305099487e-01,2.357821613550186157e-01,-3.814648687839508057e-01,7.990310788154602051e-01,4.647944271564483643e-01,0.000000000000000000e+00
-1.853398084640502930e-01,2.034445255994796753e-01,-5.013296008110046387e-02,-4.424487054347991943e-01,8.742081522941589355e-01,-1.999980956315994263e-01,0.000000000000000000e+00
2.142118960618972778e-01,1.890235394239425659e-02,-3.942116349935531616e-02,-5.572806000709533691e-01,-4.342749416828155518e-01,7.077030539512634277e-01,0.000000000000000000e+00
-1.397335976362228394e-01,4.897895082831382751e-02,-1.147807762026786804e-01,-6.674982905387878418e-01,7.788139581680297852e-02,-7.405272126197814941e-01,0.000000000000000000e+00
-9.102606773376464844e-02,1.034359633922576904e-01,1.137987747788429260e-01,8.282222151756286621e-01,-4.026543498039245605e-01,3.897659182548522949e-01,0.000000000000000000e+00
-2.857058681547641754e-02,-7.291308790445327759e-02,-1.940263360738754272e-01,-8.412806987762451172e-01,5.029270648956298828e-01,-1.982704401016235352e-01,0.000000000000000000e+00
1.583346165716648102e-03,4.016883671283721924e-02,-1.282313913106918335e-01,-9.139134287834167480e-01,-2.454944700002670288e-01,3.232564330101013184e-01,0.000000000000000000e+00
-2.819654345512390137e-02,1.011877134442329407e-01,-2.150129228830337524e-01,6.735919117927551270e-01,2.611370682716369629e-01,6.914343237876892090e-01,0.000000000000000000e+00
-2.074671983718872070e-01,-1.260216981172561646e-01,-3.817901760339736938e-02,-3.360842168331146240e-01,5.804799199104309082e-01,-7.416808605194091797e-01,0.000000000000000000e+00
-2.287428081035614014e-01,8.531987667083740234e-02,9.180028736591339111e-02,-6.429966092109680176e-01,4.285787343978881836e-01,6.347248554229736328e-01,0.000000000000000000e+00
-4.430518299341201782e-02,-1.196254789829254150e-01,-2.084829360246658325e-01,-5.968421101570129395e-01,8.022841811180114746e-02,-7.983375787734985352e-01,0.000000000000000000e+00
-2.333283796906471252e-02,-1.126573383808135986e-01,-2.237788289785385132e-01,-6.453484892845153809e-01,8.316884934902191162e-02,-7.593472599983215332e-01,0.000000000000000000e+00
2.290375828742980957e-01,1.210099738091230392e-02,-2.357769757509231567e-02,-7.274762988090515137e-01,-1.336908489465713501e-01,6.729822158813476562e-01,0.000000000000000000e+00
-7.793328166007995605e-02,-2.211179137229919434e-01,-1.948058977723121643e-02,-1.429687589406967163e-01,-9.893658161163330078e-01,-2.674399130046367645e-02,0.000000000000000000e+00
-4.252535104751586914e-02,-2.277502715587615967e-01,5.780355632305145264e-02,-1.843855679035186768e-01,-9.828473925590515137e-01,3.600362455472350121e-03,0.000000000000000000e+00
-5.997765436768531799e-02,-2.045531421899795532e-01,-1.199853643774986267e-01,1.307526677846908569e-01,-9.495052695274353027e-01,-2.852077782154083252e-01,0.000000000000000000e+00
-4.616234824061393738e-02,2.332282252609729767e-03,-2.058976590633392334e-01,7.056614756584167480e-01,-5.424644425511360168e-02,7.064695358276367188e-01,0.000000000000000000e+00
-5.724440328776836395e-03,5.200454220175743103e-02,-1.481280624866485596e-01,-9.582163691520690918e-01,-2.395558804273605347e-01,1.563149988651275635e-01,0.000000000000000000e+00
-1.791447214782238007e-02,1.624173820018768311e-01,-1.991769820451736450e-01,2.829905152320861816e-01,7.213494777679443359e-01,-6.321165561676025391e-01,0.000000000000000000e+00
4.140659421682357788e-02,6.394202262163162231e-02,-2.278290539979934692e-01,6.496664881706237793e-01,2.926601767539978027e-01,-7.016291618347167969e-01,0.000000000000000000e+00
-4.839485883712768555e-02,1.247641518712043762e-01,2.327532619237899780e-01,-5.028867125511169434e-01,6.552030444145202637e-01,5.637499094009399414e-01,0.000000000000000000e+00
-1.838024705648422241e-02,-1.334949582815170288e-01,3.035137951374053955e-01,8.056535720825195312e-01,5.231642723083496094e-01,-2.778874337673187256e-01,0.000000000000000000e+00
4.374783858656883240e-02,1.985441148281097412e-01,1.250052750110626221e-01,1.364064589142799377e-02,9.910951256752014160e-01,1.324553191661834717e-01,0.000000000000000000e+00
-1.267256308346986771e-02,2.130860537290573120e-01,-3.377553448081016541e-02,2.219076603651046753e-01,9.719942808151245117e-01,-7.735698670148849487e-02,0.000000000000000000e+00
-1.306571364402770996e-01,-1.009546872228384018e-02,1.455856710672378540e-01,9.005674719810485840e-01,-6.241098418831825256e-02,4.302128553390502930e-01,0.000000000000000000e+00
-2.246859483420848846e-02,1.669796854257583618e-01,1.893154084682464600e-01,-3.331918418407440186e-01,8.367790579795837402e-01,4.344928562641143799e-01,0.000000000000000000e+00
-7.485849782824516296e-03,-2.519893646240234375e-02,-2.184035181999206543e-01,-9.719273447990417480e-01,2.344841808080673218e-01,-1.934867352247238159e-02,0.000000000000000000e+00
2.978707849979400635e-01,1.261133700609207153e-01,-3.695296496152877808e-02,-7.564145326614379883e-01,-4.071889221668243408e-01,-5.118927955627441406e-01,0.000000000000000000e+00
-1.921007409691810608e-02,-4.687680304050445557e-02,-1.395358443260192871e-01,-8.099234700202941895e-01,5.189833045005798340e-01,2.732768654823303223e-01,0.000000000000000000e+00
-3.190513327717781067e-02,2.050142139196395874e-01,7.200057059526443481e-02,-1.048802807927131653e-01,9.646840095520019531e-01,2.416296899318695068e-01,0.000000000000000000e+00
2.400775700807571411e-01,1.807118356227874756e-01,-1.450123339891433716e-01,-6.061078310012817383e-01,6.162700653076171875e-01,5.028364658355712891e-01,0.000000000000000000e+00
-2.205459475517272949e-01,-1.667727679014205933e-01,-8.653841912746429443e-03,-5.081685781478881836e-01,-7.748779654502868652e-01,3.759372532367706299e-01,0.000000000000000000e+00
-1.187771335244178772e-01,2.247740179300308228e-01,-6.203955039381980896e-02,-1.836993731558322906e-02,9.969068169593811035e-01,7.641541212797164917e-02,0.000000000000000000e+00
1.660557538270950317e-01,-1.865289509296417236e-01,1.487224083393812180e-02,-4.505386352539062500e-01,6.759144663810729980e-01,5.832277536392211914e-01,0.000000000000000000e+00
3.065111115574836731e-02,1.887368112802505493e-01,1.368065774440765381e-01,1.406189352273941040e-01,-9.663285017013549805e-01,-2.154891341924667358e-01,0.000000000000000000e+00
-1.546166986227035522e-01,1.765640377998352051e-01,-8.208770304918289185e-02,7.630990147590637207e-01,2.234219312667846680e-01,6.064342856407165527e-01,0.000000000000000000e+00
2.768335342407226562e-01,1.136162579059600830e-01,8.134230226278305054e-02,-3.089640438556671143e-01,3.703230023384094238e-01,-8.760148882865905762e-01,0.000000000000000000e+00
-2.924903295934200287e-02,1.092647239565849304e-01,-3.161823749542236328e-02,-3.871431350708007812e-01,-9.144826531410217285e-01,1.176505610346794128e-01,0.000000000000000000e+00
-3.322668746113777161e-02,-1.169371306896209717e-01,-2.713932283222675323e-02,3.270057141780853271e-01,7.959386110305786133e-01,5.094594955444335938e-01,0.000000000000000000e+00
5.870968475937843323e-02,1.163193434476852417e-01,-2.039117552340030670e-02,3.697204887866973877e-01,-5.305141210556030273e-01,7.627984881401062012e-01,0.000000000000000000e+00
2.488923259079456329e-02,-1.891477555036544800e-01,-3.289692848920822144e-02,7.592109441757202148e-01,-4.187524616718292236e-01,4.982420504093170166e-01,0.000000000000000000e+00
7.142454385757446289e-02,-2.840411663055419922e-02,-2.040656358003616333e-01,6.944555044174194336e-01,-1.770925223827362061e-01,-6.974021196365356445e-01,0.000000000000000000e+00
2.831720709800720215e-01,-9.972285479307174683e-02,4.141011461615562439e-02,-2.649457454681396484e-01,1.074609756469726562e-01,9.582566618919372559e-01,0.000000000000000000e+00
3.092784583568572998e-01,8.097891509532928467e-02,4.911803454160690308e-02,5.443217754364013672e-01,4.209668040275573730e-01,-7.256036996841430664e-01,0.000000000000000000e+00
-5.096793919801712036e-02,1.249371841549873352e-01,-7.058608531951904297e-02,-6.109968423843383789e-01,-7.501330971717834473e-01,-2.529490888118743896e-01,0.000000000000000000e+00
6.546735763549804688e-02,1.845989525318145752e-01,2.047746330499649048e-01,-7.225497812032699585e-02,9.592370390892028809e-01,2.732097506523132324e-01,0.000000000000000000e+00
2.199223451316356659e-02,-9.337619692087173462e-02,-5.536109954118728638e-02,-4.746768536278977990e-05,3.729598820209503174e-01,9.278474450111389160e-01,0.000000000000000000e+00
-2.133118361234664917e-01,-1.167792901396751404e-01,-7.894376665353775024e-02,-6.109344363212585449e-01,2.277647554874420166e-01,-7.582099437713623047e-01,0.000000000000000000e+00
-1.555985957384109497e-01,1.331272125244140625e-01,-9.269238263368606567e-02,-6.743738651275634766e-01,-2.621927857398986816e-02,-7.379243969917297363e-01,0.000000000000000000e+00
-1.769633889198303223e-01,-1.180405840277671814e-01,-4.354542121291160583e-02,-2.447385936975479126e-01,5.553268194198608398e-01,-7.948051095008850098e-01,0.000000000000000000e+00
1.115588322281837463e-01,-1.393621265888214111e-01,-8.540956676006317139e-02,6.056148409843444824e-01,1.280228793621063232e-01,7.853921055793762207e-01,0.000000000000000000e+00
-1.283353567123413086e-01,-9.631587564945220947e-02,1.344285905361175537e-01,6.346660852432250977e-01,-3.319360315799713135e-02,7.720732688903808594e-01,0.000000000000000000e+00
-1.321589201688766479e-01,-1.249308288097381592e-01,1.797528713941574097e-01,-6.941331028938293457e-01,-4.685283899307250977e-01,5.464982986450195312e-01,0.000000000000000000e+00
-1.209444627165794373e-01,-1.427179872989654541e-01,-1.625982969999313354e-01,8.241302371025085449e-01,-2.465113550424575806e-01,5.099426507949829102e-01,0.000000000000000000e+00
-9.063495323061943054e-03,8.438631892204284668e-02,-9.764411300420761108e-02,-7.454109787940979004e-01,-6.138793826103210449e-01,2.598356306552886963e-01,0.000000000000000000e+00
2.386210113763809204e-01,-8.527924865484237671e-02,-5.577759351581335068e-03,-6.874686479568481445e-01,4.733489155769348145e-01,5.507519245147705078e-01,0.000000000000000000e+00
-1.440855264663696289e-01,2.212218046188354492e-01,-5.030213296413421631e-02,-1.817330867052078247e-01,9.715105891227722168e-01,1.521192044019699097e-01,0.000000000000000000e+00
8.406573534011840820e-02,-2.406766563653945923e-01,8.740804344415664673e-02,4.046146571636199951e-02,-9.814843535423278809e-01,-1.872198730707168579e-01,0.000000000000000000e+00
-1.013160794973373413e-01,2.208657413721084595e-01,-2.922681905329227448e-02,-5.510752648115158081e-02,9.760357737541198730e-01,2.105167806148529053e-01,0.000000000000000000e+00
-7.581377029418945312e-02,-2.216540277004241943e-01,-1.258599199354648590e-02,-1.596481949090957642e-01,-9.862074255943298340e-01,-4.367287084460258484e-02,0.000000000000000000e+00
-1.138211786746978760e-02,-1.757771968841552734e-01,3.002477884292602539e-01,-8.106081485748291016e-01,-4.931070283055305481e-02,-5.835091471672058105e-01,0.000000000000000000e+00
1.289638876914978027e-01,-8.380876481533050537e-02,-1.142813041806221008e-01,3.887963593006134033e-01,8.070096373558044434e-01,4.444916844367980957e-01,0.000000000000000000e+00
2.438678741455078125e-01,-1.711481213569641113e-01,6.207001581788063049e-02,-2.960928678512573242e-01,6.154482960700988770e-01,7.304466962814331055e-01,0.000000000000000000e+00
-1.356677561998367310e-01,4.230824857950210571e-02,2.121641635894775391e-01,-6.823391318321228027e-01,2.695917487144470215e-01,6.795098185539245605e-01,0.000000000000000000e+00
-5.284207314252853394e-02,-1.578495055437088013e-01,4.565727710723876953e-02,7.014749050140380859e-01,3.159394860267639160e-01,6.388389468193054199e-01,0.000000000000000000e+00
-2.173841185867786407e-02,-1.902666538953781128e-01,2.925255522131919861e-02,6.113596558570861816e-01,3.621840476989746094e-02,7.905236482620239258e-01,0.000000000000000000e+00
-2.061011344194412231e-01,1.226554512977600098e-01,1.433165092021226883e-02,-3.115463256835937500e-01,-2.240523844957351685e-01,-9.234389066696166992e-01,0.000000000000000000e+00
-1.209485083818435669e-01,-2.578512020409107208e-02,9.111629426479339600e-02,9.664099812507629395e-01,1.258149147033691406e-01,-2.241033911705017090e-01,0.000000000000000000e+00
-7.380285114049911499e-02,-2.595923608168959618e-03,-1.859504282474517822e-01,-7.155538201332092285e-01,1.078007519245147705e-01,-6.901896595954895020e-01,0.000000000000000000e+00
1.652579754590988159e-01,1.615232229232788086e-01,6.188116595149040222e-02,-4.880173504352569580e-01,-8.109191060066223145e-01,3.228765130043029785e-01,0.000000000000000000e+00
2.381910532712936401e-01,1.238346099853515625e-01,-1.794685125350952148e-01,-9.794975817203521729e-02,-9.897788166999816895e-01,1.036520153284072876e-01,0.000000000000000000e+00
-2.591414153575897217e-01,-1.263118088245391846e-01,-2.508486807346343994e-02,9.461172223091125488e-01,5.412400513887405396e-02,3.192691504955291748e-01,0.000000000000000000e+00
4.549785982817411423e-03,4.182799533009529114e-02,-2.479030638933181763e-01,2.192086279392242432e-01,-1.131490170955657959e-01,9.690948724746704102e-01,0.000000000000000000e+00
1.393251270055770874e-01,-1.853327602148056030e-01,-2.019936591386795044e-02,4.946655929088592529e-01,-7.034202814102172852e-01,-5.103977322578430176e-01,0.000000000000000000e+00
2.582312822341918945e-01,1.807994693517684937e-01,-1.594078391790390015e-01,5.943699479103088379e-01,6.493716239929199219e-01,-4.743847846984863281e-01,0.000000000000000000e+00
2.420399151742458344e-02,9.090098738670349121e-02,-4.146584868431091309e-02,-1.347816586494445801e-01,-7.831127047538757324e-01,6.070983409881591797e-01,0.000000000000000000e+00
7.714071869850158691e-02,-2.179435491561889648e-01,1.794754527509212494e-02,-1.031892448663711548e-01,9.819049835205078125e-01,1.587910652160644531e-01,0.000000000000000000e+00
1.254812330007553101e-01,-1.629781872034072876e-01,-5.190206319093704224e-02,-5.537835359573364258e-01,6.675042510032653809e-01,4.977568387985229492e-01,0.000000000000000000e+00
-1.519281119108200073e-01,9.946151077747344971e-02,1.688653603196144104e-02,-2.717188186943531036e-02,-4.790889322757720947e-01,-8.773456811904907227e-01,0.000000000000000000e+00
2.050752379000186920e-02,-1.116557270288467407e-01,-4.699514433741569519e-02,3.539564833045005798e-02,4.690469205379486084e-01,8.824636936187744141e-01,0.000000000000000000e+00
1.132044289261102676e-02,-5.079104006290435791e-02,-8.708115667104721069e-02,-4.887231290340423584e-01,5.698239207267761230e-01,6.606439352035522461e-01,0.000000000000000000e+00
3.926977515220642090e-02,-1.841618418693542480e-01,-4.858190193772315979e-02,6.421964764595031738e-01,-3.645553886890411377e-01,6.743018627166748047e-01,0.000000000000000000e+00
4.679410159587860107e-02,-2.420188635587692261e-01,1.343898922204971313e-01,-1.592089384794235229e-01,-9.870940446853637695e-01,1.725972816348075867e-02,0.000000000000000000e+00
-1.661862879991531372e-01,1.273823380470275879e-01,2.718030940741300583e-03,-1.837803423404693604e-01,-4.979717433452606201e-01,-8.474956750869750977e-01,0.000000000000000000e+00
7.487887144088745117e-02,-1.667626053094863892e-01,-1.020218282938003540e-01,4.115030765533447266e-01,-7.446449398994445801e-01,-5.255180001258850098e-01,0.000000000000000000e+00
2.592016458511352539e-01,-5.705900490283966064e-02,-8.599864668212831020e-04,7.146604657173156738e-01,-1.398820728063583374e-01,-6.853418350219726562e-01,0.000000000000000000e+00
-1.618114858865737915e-01,-1.666963398456573486e-01,-1.094353049993515015e-01,-5.887380242347717285e-01,4.679000973701477051e-01,-6.591335535049438477e-01,0.000000000000000000e+00
3.656034544110298157e-02,1.962974518537521362e-01,-5.110369995236396790e-02,3.505567312240600586e-01,9.190878868103027344e-01,-1.799649745225906372e-01,0.000000000000000000e+00
-9.549797326326370239e-02,1.548095643520355225e-01,-5.844593420624732971e-02,-5.452823042869567871e-01,-6.907793283462524414e-01,-4.748590290546417236e-01,0.000000000000000000e+00
5.230847373604774475e-02,1.612484455108642578e-01,3.101570606231689453e-01,6.310193538665771484e-01,-1.264282017946243286e-01,7.653956413269042969e-01,0.000000000000000000e+00
1.844635158777236938e-01,-1.989267021417617798e-01,3.875679522752761841e-02,4.035140573978424072e-01,-7.762791514396667480e-01,-4.843212962150573730e-01,0.000000000000000000e+00
-1.426748335361480713e-01,9.425811469554901123e-02,1.734269559383392334e-01,-5.733575820922851562e-01,5.192566514015197754e-01,6.337456703186035156e-01,0.000000000000000000e+00
-7.397774606943130493e-02,-1.512316465377807617e-01,2.129953503608703613e-01,5.594859719276428223e-01,7.831918001174926758e-01,-2.712674736976623535e-01,0.000000000000000000e+00
1.344934552907943726e-01,1.231389418244361877e-01,-2.336765676736831665e-01,1.502613257616758347e-02,-3.360700607299804688e-01,-9.417171478271484375e-01,0.000000000000000000e+00
-1.046782284975051880e-01,2.013636976480484009e-01,-8.939222991466522217e-02,-6.887336373329162598e-01,-3.652277588844299316e-01,-6.263023614883422852e-01,0.000000000000000000e+00
1.849373281002044678e-01,1.704514771699905396e-01,1.397019624710083008e-01,-2.900541126728057861e-01,-9.471256732940673828e-01,1.371917426586151123e-01,0.000000000000000000e+00
7.053926587104797363e-03,-1.395968347787857056e-01,-1.951026171445846558e-01,4.750722348690032959e-01,-7.129613757133483887e-01,-5.157445669174194336e-01,0.000000000000000000e+00
2.629568278789520264e-01,1.651865541934967041e-01,1.125873550772666931e-01,7.421866655349731445e-01,6.697283983230590820e-01,2.495566196739673615e-02,0.000000000000000000e+00
1.998241394758224487e-01,2.015842646360397339e-01,1.610144227743148804e-01,-6.954999566078186035e-01,-2.636574767529964447e-02,-7.180422544479370117e-01,0.000000000000000000e+00
1.063891500234603882e-02,-2.330301702022552490e-01,3.671482950448989868e-02,-3.009262122213840485e-02,-9.924432039260864258e-01,-1.189576163887977600e-01,0.000000000000000000e+00
-1.607918292284011841e-01,-4.701344296336174011e-02,-1.009199619293212891e-01,7.302648425102233887e-01,-1.049901358783245087e-02,6.830834746360778809e-01,0.000000000000000000e+00
8.626732230186462402e-02,1.356572955846786499e-01,-1.924282163381576538e-01,4.055825173854827881e-01,-9.140372276306152344e-01,-6.225144956260919571e-03,0.000000000000000000e+00
9.012287855148315430e-02,9.037049859762191772e-02,-5.109475180506706238e-02,3.735688626766204834e-01,-3.344639241695404053e-01,8.652052879333496094e-01,0.000000000000000000e+00
2.812490761280059814e-01,-2.197634615004062653e-02,2.944520860910415649e-02,-7.311568260192871094e-01,-2.555477619171142578e-02,6.817306280136108398e-01,0.000000000000000000e+00
6.968041998334228992e-04,-2.145001739263534546e-01,1.922113150358200073e-01,3.539716005325317383e-01,9.219734072685241699e-01,-1.570640057325363159e-01,0.000000000000000000e+00
-3.060971153900027275e-03,-1.590395532548427582e-02,-1.296886652708053589e-01,-9.197992682456970215e-01,2.408417314291000366e-01,3.097815811634063721e-01,0.000000000000000000e+00
2.315346449613571167e-01,1.331765800714492798e-01,8.879452943801879883e-02,-4.523958563804626465e-01,-7.802550196647644043e-01,4.319028556346893311e-01,0.000000000000000000e+00
-3.545849025249481201e-02,1.362538635730743408e-01,-1.517681628465652466e-01,-8.193740248680114746e-01,-3.620911240577697754e-01,-4.444279670715332031e-01,0.000000000000000000e+00
2.137251794338226318e-01,4.318714886903762817e-02,-2.976835519075393677e-02,-6.479731798171997070e-01,-4.071273505687713623e-01,6.437220573425292969e-01,0.000000000000000000e+00
-5.820406600832939148e-02,1.647557169198989868e-01,1.650665253400802612e-01,-3.700654804706573486e-01,8.194615244865417480e-01,4.376463890075683594e-01,0.000000000000000000e+00
1.108691170811653137e-01,5.882064998149871826e-02,-7.141957432031631470e-02,5.990979671478271484e-01,-3.477083146572113037e-02,7.999203801155090332e-01,0.000000000000000000e+00
-2.609170079231262207e-01,-8.312778547406196594e-03,7.885352522134780884e-02,-7.656939625740051270e-01,-5.574045702815055847e-02,6.407852768898010254e-01,0.000000000000000000e+00
-1.264020800590515137e-01,-2.056213319301605225e-01,-1.287242472171783447e-01,-4.890753701329231262e-02,-9.563475847244262695e-01,-2.881098985671997070e-01,0.000000000000000000e+00
-1.323927789926528931e-01,-1.174677535891532898e-01,-5.542619898915290833e-02,-1.297825723886489868e-01,8.813815712928771973e-01,-4.542279541492462158e-01,0.000000000000000000e+00
9.621220082044601440e-02,1.171407923102378845e-01,-4.366024583578109741e-02,6.865937709808349609e-01,-3.009931743144989014e-01,6.618097424507141113e-01,0.000000000000000000e+00
-1.378512233495712280e-01,-7.089413702487945557e-02,1.974047534167766571e-02,4.375649392604827881e-01,6.049535870552062988e-01,-6.652579307556152344e-01,0.000000000000000000e+00
-3.249717131257057190e-02,-8.983286470174789429e-02,-8.520381152629852295e-02,-4.945162236690521240e-01,8.214132785797119141e-01,2.841372191905975342e-01,0.000000000000000000e+00
-1.538003981113433838e-01,1.405674219131469727e-01,-9.444540739059448242e-02,-6.687112450599670410e-01,-6.915993522852659225e-03,-7.434900403022766113e-01,0.000000000000000000e+00
1.470254510641098022e-01,8.854106068611145020e-02,-7.813069224357604980e-02,-7.097529172897338867e-01,-4.498304426670074463e-01,5.421285629272460938e-01,0.000000000000000000e+00
-5.482849478721618652e-02,5.565782263875007629e-02,2.763772010803222656e-01,5.985825061798095703e-01,-4.860759973526000977e-01,-6.367331743240356445e-01,0.000000000000000000e+00
4.060698300600051880e-02,-2.233286499977111816e-01,-5.228702910244464874e-03,1.527340561151504517e-01,-9.606642723083496094e-01,-2.319405674934387207e-01,0.000000000000000000e+00
7.861901074647903442e-02,1.697216369211673737e-02,-1.983112245798110962e-01,7.570142149925231934e-01,4.878534749150276184e-02,-6.515746116638183594e-01,0.000000000000000000e+00
-2.899300120770931244e-02,7.149527966976165771e-02,3.015442192554473877e-01,-6.263384222984313965e-01,4.478825628757476807e-01,6.380449533462524414e-01,0.000000000000000000e+00
4.424531012773513794e-02,1.954423338174819946e-01,1.446790695190429688e-01,5.284962430596351624e-02,9.851133823394775391e-01,1.635804474353790283e-01,0.000000000000000000e+00
2.842545807361602783e-01,1.509125679731369019e-01,-6.234196946024894714e-02,-4.836503863334655762e-01,-7.211213707923889160e-01,-4.960506856441497803e-01,0.000000000000000000e+00
9.144458174705505371e-02,1.561216413974761963e-01,-2.017957903444766998e-02,4.221456944942474365e-01,-2.025829702615737915e-01,8.836023807525634766e-01,0.000000000000000000e+00
-9.625129401683807373e-02,-1.956336796283721924e-01,9.430731087923049927e-02,5.348357558250427246e-01,7.853798270225524902e-01,-3.116556406021118164e-01,0.000000000000000000e+00
1.609324663877487183e-01,-1.999599486589431763e-01,2.101178467273712158e-02,3.620242476463317871e-01,-8.264932036399841309e-01,-4.311002492904663086e-01,0.000000000000000000e+00
6.477521359920501709e-02,1.955756843090057373e-01,1.470087468624114990e-01,2.369235828518867493e-02,9.837681651115417480e-01,1.778730899095535278e-01,0.000000000000000000e+00
-1.560007035732269287e-01,1.828880864195525646e-03,1.866462528705596924e-01,9.104343652725219727e-01,-2.910617738962173462e-02,-4.126282930374145508e-01,0.000000000000000000e+00
-4.141993448138237000e-02,-1.849417090415954590e-01,-1.619527041912078857e-01,2.457211464643478394e-01,-9.007363915443420410e-01,-3.581830561161041260e-01,0.000000000000000000e+00
-1.345360428094863892e-01,-2.897109463810920715e-02,2.123079299926757812e-01,6.648468375205993652e-01,-1.658737510442733765e-01,-7.283299565315246582e-01,0.000000000000000000e+00
3.042131103575229645e-02,-2.318221628665924072e-01,1.511926203966140747e-01,2.169103473424911499e-01,9.705168604850769043e-01,-1.051042973995208740e-01,0.000000000000000000e+00
-9.116520732641220093e-02,1.288031786680221558e-01,1.283427476882934570e-01,8.644509911537170410e-01,-2.866270020604133606e-02,5.018993616104125977e-01,0.000000000000000000e+00
1.736606955528259277e-01,-1.573945879936218262e-01,-1.427290495485067368e-02,-5.713322758674621582e-01,6.338061094284057617e-01,5.214108228683471680e-01,0.000000000000000000e+00
-2.104708403348922729e-01,1.782927811145782471e-01,-1.715988479554653168e-02,5.172855257987976074e-01,-7.968639731407165527e-01,-3.121273219585418701e-01,0.000000000000000000e+00
2.315440326929092407e-01,7.009343802928924561e-02,-4.683919250965118408e-03,5.807254314422607422e-01,6.081171631813049316e-01,-5.412499308586120605e-01,0.000000000000000000e+00
3.053256869316101074e-01,1.567898094654083252e-01,-1.017518118023872375e-01,8.324840068817138672e-01,4.202804565429687500e-01,-3.610190451145172119e-01,0.000000000000000000e+00
4.633303359150886536e-02,1.189064905047416687e-01,-1.367003936320543289e-02,2.285197228193283081e-01,-6.094796657562255859e-01,7.591530084609985352e-01,0.000000000000000000e+00
-3.486939892172813416e-02,5.506972596049308777e-02,2.950359284877777100e-01,6.877058744430541992e-01,-2.387855052947998047e-01,-6.855961680412292480e-01,0.000000000000000000e+00
2.656784951686859131e-01,-6.789804250001907349e-02,8.060987107455730438e-03,7.051036953926086426e-01,-1.378090530633926392e-01,-6.955842375755310059e-01,0.000000000000000000e+00
-1.205660402774810791e-01,-1.805222481489181519e-01,-1.459303498268127441e-01,-6.596585512161254883e-01,1.175199374556541443e-01,-7.423204779624938965e-01,0.000000000000000000e+00
-9.684202261269092560e-03,-2.221103906631469727e-01,1.372783631086349487e-01,3.725706338882446289e-01,9.156546592712402344e-01,-1.508896499872207642e-01,0.000000000000000000e+00
-9.057484567165374756e-02,1.229765564203262329e-01,-1.552174687385559082e-01,-6.961517333984375000e-01,4.964423552155494690e-02,-7.161760926246643066e-01,0.000000000000000000e+00
1.407681107521057129e-01,-2.187970876693725586e-01,5.921576917171478271e-02,-1.334794610738754272e-01,9.278711080551147461e-01,3.481931090354919434e-01,0.000000000000000000e+00
1.848912388086318970e-01,1.448636204004287720e-01,4.617033898830413818e-02,-6.463602185249328613e-01,-6.650196313858032227e-01,3.741221129894256592e-01,0.000000000000000000e+00
-7.954594492912292480e-02,1.071745455265045166e-01,2.113607674837112427e-01,6.028609275817871094e-01,-6.647376418113708496e-01,-4.412285089492797852e-01,0.000000000000000000e+00
-1.323810406029224396e-02,-3.130435943603515625e-02,-1.427650302648544312e-01,-8.688752055168151855e-01,3.874456584453582764e-01,3.081261515617370605e-01,0.000000000000000000e+00
-6.293001770973205566e-02,1.748069077730178833e-01,1.213163137435913086e-01,3.952763378620147705e-01,-8.295466899871826172e-01,-3.944729864597320557e-01,0.000000000000000000e+00
2.920547313988208771e-02,-1.182501241564750671e-01,-4.383897036314010620e-02,3.539564833045005798e-02,4.690469205379486084e-01,8.824636936187744141e-01,0.000000000000000000e+00
3.537939116358757019e-02,-2.478825747966766357e-01,2.604739964008331299e-01,-6.270928680896759033e-02,-7.850224971771240234e-01,6.162849664688110352e-01,0.000000000000000000e+00
-1.852437257766723633e-01,-1.088470667600631714e-01,-1.005712226033210754e-01,-6.404553055763244629e-01,1.866447776556015015e-01,-7.449702620506286621e-01,0.000000000000000000e+00
1.680788248777389526e-01,1.810616850852966309e-01,-1.982949227094650269e-01,-1.082155331969261169e-01,9.868919849395751953e-01,1.197229996323585510e-01,0.000000000000000000e+00
-1.487256586551666260e-01,6.535387784242630005e-02,-1.044053658843040466e-01,-6.725688576698303223e-01,1.019486039876937866e-01,-7.329785823822021484e-01,0.000000000000000000e+00
-5.106549337506294250e-02,4.441235214471817017e-02,2.966987490653991699e-01,-6.597752571105957031e-01,3.717784881591796875e-01,6.530523300170898438e-01,0.000000000000000000e+00
-1.300466805696487427e-02,-1.206390410661697388e-01,-3.026188351213932037e-02,3.253056704998016357e-01,6.748157143592834473e-01,6.624197959899902344e-01,0.000000000000000000e+00
-2.041428536176681519e-02,-1.577377617359161377e-01,-1.942567527294158936e-01,3.851818144321441650e-01,-7.504089474678039551e-01,-5.371419191360473633e-01,0.000000000000000000e+00
-1.197553798556327820e-02,-1.947519481182098389e-01,-1.200703456997871399e-01,3.418768346309661865e-01,-8.563622236251831055e-01,-3.869935274124145508e-01,0.000000000000000000e+00
2.470708787441253662e-01,1.627032458782196045e-01,-1.220843344926834106e-01,-7.654133439064025879e-01,2.279466986656188965e-01,6.018161773681640625e-01,0.000000000000000000e+00
1.964749302715063095e-03,-2.098207473754882812e-01,2.270033508539199829e-01,-5.078014731407165527e-01,-8.055715560913085938e-01,3.052738606929779053e-01,0.000000000000000000e+00
1.948946565389633179e-01,-1.732392907142639160e-01,2.198551967740058899e-02,-5.380555987358093262e-01,5.781453847885131836e-01,6.133873462677001953e-01,0.000000000000000000e+00
-9.134317189455032349e-02,-7.349125295877456665e-02,2.614617943763732910e-01,-7.224730849266052246e-01,-1.949694305658340454e-01,6.633397340774536133e-01,0.000000000000000000e+00
1.557509601116180420e-01,1.828631460666656494e-01,1.114662885665893555e-01,2.798977196216583252e-01,9.588977098464965820e-01,-4.660959169268608093e-02,0.000000000000000000e+00
4.871035739779472351e-02,1.110944431275129318e-03,-2.312189042568206787e-01,7.307454347610473633e-01,-2.320669405162334442e-02,-6.822555065155029297e-01,0.000000000000000000e+00
2.961500287055969238e-01,1.333225369453430176e-01,-1.954867132008075714e-02,4.969718456268310547e-01,4.800064265727996826e-01,7.229196429252624512e-01,0.000000000000000000e+00
3.580645099282264709e-02,-2.130602747201919556e-01,-4.069556295871734619e-02,2.361030578613281250e-01,-9.064599871635437012e-01,-3.501223623752593994e-01,0.000000000000000000e+00
-1.889112889766693115e-01,4.686458036303520203e-02,1.529144793748855591e-01,-7.239412069320678711e-01,2.164743840694427490e-01,6.550175547599792480e-01,0.000000000000000000e+00
-1.253358423709869385e-01,5.895965173840522766e-02,2.142911255359649658e-01,-6.269272565841674805e-01,3.343321681022644043e-01,7.036932706832885742e-01,0.000000000000000000e+00
2.194380909204483032e-01,1.415519118309020996e-01,9.118332713842391968e-02,-5.859650969505310059e-01,-6.857036948204040527e-01,4.318047165870666504e-01,0.000000000000000000e+00
1.961404085159301758e-02,1.269165277481079102e-01,3.153386712074279785e-01,-8.328470587730407715e-01,2.950290739536285400e-01,-4.683199822902679443e-01,0.000000000000000000e+00
2.939813733100891113e-01,9.524331241846084595e-02,6.268221139907836914e-02,-8.101861476898193359e-01,-1.624008268117904663e-02,-5.859476327896118164e-01,0.000000000000000000e+00
2.234799116849899292e-01,1.451471727341413498e-02,-3.874240070581436157e-02,7.646713256835937500e-01,1.606520563364028931e-01,-6.240742206573486328e-01,0.000000000000000000e+00
-7.781910896301269531e-02,1.665366441011428833e-01,1.466054469347000122e-01,-4.183671176433563232e-01,7.873815894126892090e-01,4.527683258056640625e-01,0.000000000000000000e+00
7.044101506471633911e-02,-2.100691646337509155e-01,-2.682756073772907257e-02,2.113386243581771851e-01,-9.215284585952758789e-01,-3.257626295089721680e-01,0.000000000000000000e+00
-3.336466848850250244e-02,-5.812108889222145081e-02,-2.416489571332931519e-01,-7.235223650932312012e-01,1.498665660619735718e-01,-6.738363504409790039e-01,0.000000000000000000e+00
-1.959257423877716064e-01,5.344163253903388977e-02,-6.411366909742355347e-02,-6.337761282920837402e-01,9.271722286939620972e-02,-7.679396867752075195e-01,0.000000000000000000e+00
1.600094884634017944e-01,-2.138300836086273193e-01,6.032779812812805176e-02,-1.730790436267852783e-01,9.449461102485656738e-01,2.777058482170104980e-01,0.000000000000000000e+00
-1.278372704982757568e-01,-3.944928757846355438e-03,7.581258565187454224e-02,8.343686461448669434e-01,6.107817217707633972e-02,-5.478123426437377930e-01,0.000000000000000000e+00
-1.876010745763778687e-01,-1.865395009517669678e-01,-1.081969216465950012e-02,-4.201399981975555420e-01,-8.573499321937561035e-01,2.973776459693908691e-01,0.000000000000000000e+00
5.543510988354682922e-02,-2.341242283582687378e-01,4.726095870137214661e-02,-7.447686977684497833e-03,-9.600295424461364746e-01,-2.797995805740356445e-01,0.000000000000000000e+00
-9.652975015342235565e-03,-1.633281707763671875e-01,6.623227149248123169e-03,6.459826827049255371e-01,3.897972702980041504e-01,6.563264727592468262e-01,0.000000000000000000e+00
-2.081776708364486694e-01,-1.285812109708786011e-01,-8.075520396232604980e-02,4.960438907146453857e-01,-2.228211164474487305e-01,8.392205834388732910e-01,0.000000000000000000e+00
1.565995998680591583e-02,-2.313138246536254883e-01,1.143717542290687561e-01,2.423110902309417725e-01,9.693184494972229004e-01,4.131681472063064575e-02,0.000000000000000000e+00
2.427087575197219849e-01,1.102344617247581482e-01,6.439378112554550171e-02,-5.618360042572021484e-01,-7.885664701461791992e-01,2.500064074993133545e-01,0.000000000000000000e+00
-9.806622564792633057e-02,1.915214508771896362e-01,-9.074895083904266357e-02,-5.617486834526062012e-01,-3.588698208332061768e-01,-7.454199194908142090e-01,0.000000000000000000e+00
-7.487457990646362305e-02,-1.837266534566879272e-01,1.752889156341552734e-01,-5.200204253196716309e-01,-7.735509276390075684e-01,3.622122406959533691e-01,0.000000000000000000e+00
-2.059510201215744019e-01,9.310684353113174438e-02,1.106953024864196777e-01,-6.302583813667297363e-01,4.395612180233001709e-01,6.399690508842468262e-01,0.000000000000000000e+00
1.954357922077178955e-01,-9.884197264909744263e-02,-4.177283495664596558e-02,-6.640707850456237793e-01,1.358705610036849976e-01,7.352204918861389160e-01,0.000000000000000000e+00
-1.293465346097946167e-01,-1.997654289007186890e-01,4.760452732443809509e-02,-4.246916770935058594e-01,-8.773937225341796875e-01,2.231977581977844238e-01,0.000000000000000000e+00
-2.244697511196136475e-01,-1.281967312097549438e-01,-3.135390207171440125e-02,-4.236622154712677002e-01,4.309282600879669189e-01,-7.967503666877746582e-01,0.000000000000000000e+00
-2.604869604110717773e-01,-1.077548190951347351e-01,-2.954877167940139771e-02,7.568015456199645996e-01,2.086276859045028687e-01,6.194561719894409180e-01,0.000000000000000000e+00
-2.311501502990722656e-01,1.055100858211517334e-01,-2.191141061484813690e-02,3.629968464374542236e-01,-1.739255934953689575e-01,9.154142141342163086e-01,0.000000000000000000e+00
-1.191776990890502930e-01,6.832638382911682129e-02,2.028441578149795532e-01,6.411986947059631348e-01,-4.151217341423034668e-01,-6.453976631164550781e-01,0.000000000000000000e+00
-1.274533867835998535e-01,-1.594871841371059418e-02,1.380301266908645630e-01,9.005674719810485840e-01,-6.241098418831825256e-02,4.302128553390502930e-01,0.000000000000000000e+00
7.371638715267181396e-02,1.967757940292358398e-01,2.908428013324737549e-02,2.745338082313537598e-01,9.561372399330139160e-01,-1.021410152316093445e-01,0.000000000000000000e+00
-1.899086833000183105e-01,-1.080997437238693237e-01,-9.637349098920822144e-02,-6.404553055763244629e-01,1.866447776556015015e-01,-7.449702620506286621e-01,0.000000000000000000e+00
-7.469718158245086670e-02,-2.659095823764801025e-02,2.777777314186096191e-01,6.997727751731872559e-01,6.998573988676071167e-02,-7.109290361404418945e-01,0.000000000000000000e+00
-1.098673120141029358e-01,1.042326614260673523e-01,-1.277074664831161499e-01,6.725338697433471680e-01,1.862365566194057465e-02,7.398319840431213379e-01,0.000000000000000000e+00
-1.529200971126556396e-01,2.164984196424484253e-01,-7.356471568346023560e-02,-4.754726886749267578e-01,7.997521162033081055e-01,-3.664999902248382568e-01,0.000000000000000000e+00
8.807414770126342773e-02,1.931892931461334229e-01,3.296495974063873291e-02,2.482165992259979248e-01,9.624677896499633789e-01,-1.097463518381118774e-01,0.000000000000000000e+00
-4.315530136227607727e-02,2.176975607872009277e-01,-4.163422808051109314e-02,1.455681920051574707e-01,9.893140792846679688e-01,8.221518248319625854e-03,0.000000000000000000e+00
2.845563590526580811e-01,-1.329394429922103882e-01,3.759655728936195374e-02,-7.952423691749572754e-01,1.746158748865127563e-01,-5.806021690368652344e-01,0.000000000000000000e+00
1.556100100278854370e-01,-2.394226491451263428e-01,1.254842579364776611e-01,4.126119986176490784e-02,9.633169770240783691e-01,2.651753127574920654e-01,0.000000000000000000e+00
2.326512485742568970e-01,1.656382232904434204e-01,1.401671916246414185e-01,2.972510159015655518e-01,-5.690669417381286621e-01,7.666841745376586914e-01,0.000000000000000000e+00
3.032338321208953857e-01,1.141703277826309204e-01,-4.140748456120491028e-02,-7.809337377548217773e-01,-4.078519716858863831e-02,-6.232808828353881836e-01,0.000000000000000000e+00
1.892385184764862061e-01,1.204210370779037476e-01,8.745903149247169495e-03,-5.695192217826843262e-01,-6.741850972175598145e-01,4.702364206314086914e-01,0.000000000000000000e+00
2.582810819149017334e-01,1.366940587759017944e-01,-1.870068609714508057e-01,5.630791783332824707e-01,-2.402864694595336914e-01,-7.906985878944396973e-01,0.000000000000000000e+00
-5.147046223282814026e-02,1.204719617962837219e-01,-4.826701059937477112e-02,-4.381981790065765381e-01,-8.952153921127319336e-01,-8.106607198715209961e-02,0.000000000000000000e+00
1.716684103012084961e-01,-1.653960049152374268e-01,-8.030596189200878143e-03,-4.709088504314422607e-01,6.554141640663146973e-01,5.904889106750488281e-01,0.000000000000000000e+00
-1.253177523612976074e-01,4.027610272169113159e-02,6.604398787021636963e-02,7.529467940330505371e-01,-4.224882125854492188e-01,-5.045540928840637207e-01,0.000000000000000000e+00
-2.372434437274932861e-01,2.194762043654918671e-02,2.556995488703250885e-02,-1.978402957320213318e-02,1.953553408384323120e-02,-9.996134042739868164e-01,0.000000000000000000e+00
-1.281794160604476929e-01,-8.717487007379531860e-02,-1.379980444908142090e-01,6.144037246704101562e-01,-2.508119046688079834e-01,7.480651140213012695e-01,0.000000000000000000e+00
-7.495976984500885010e-02,1.271412968635559082e-01,2.061682641506195068e-01,-5.142352581024169922e-01,6.716060042381286621e-01,5.333924293518066406e-01,0.000000000000000000e+00
-6.250187009572982788e-02,1.021005809307098389e-01,2.321692407131195068e-01,5.773506164550781250e-01,-7.113684415817260742e-01,-4.007757604122161865e-01,0.000000000000000000e+00
2.550598680973052979e-01,1.670500040054321289e-01,-1.151891127228736877e-01,-6.573904156684875488e-01,4.400864541530609131e-01,6.116876006126403809e-01,0.000000000000000000e+00
-9.330830723047256470e-02,1.050368100404739380e-01,2.271470427513122559e-02,2.189881801605224609e-01,-8.417604565620422363e-01,-4.934405386447906494e-01,0.000000000000000000e+00
-2.777292206883430481e-02,-1.242301166057586670e-01,3.188300728797912598e-01,-9.625518321990966797e-01,-2.709400057792663574e-01,9.247968904674053192e-03,0.000000000000000000e+00
-4.457878693938255310e-02,1.639764010906219482e-02,-2.132437974214553833e-01,-7.134865522384643555e-01,1.335506588220596313e-01,-6.878234744071960449e-01,0.000000000000000000e+00
1.408979203552007675e-02,1.460136380046606064e-02,-2.369621843099594116e-01,-7.004502415657043457e-01,1.349390596151351929e-01,-7.008287310600280762e-01,0.000000000000000000e+00
-2.268209457397460938e-01,-1.378247439861297607e-01,3.856931999325752258e-02,-6.426743865013122559e-01,-6.037129163742065430e-01,4.716993868350982666e-01,0.000000000000000000e+00
-2.114197611808776855e-02,-4.320407286286354065e-02,-2.495148777961730957e-01,-5.172569751739501953e-01,-2.207647822797298431e-02,-8.555453419685363770e-01,0.000000000000000000e+00
-1.454014424234628677e-02,9.799915552139282227e-02,2.800112962722778320e-01,5.775167346000671387e-01,-6.037808060646057129e-01,-5.494753718376159668e-01,0.000000000000000000e+00
-2.718212902545928955e-01,2.297277189791202545e-02,-1.264438265934586525e-03,5.223251581192016602e-01,-1.238501295447349548e-01,8.437047004699707031e-01,0.000000000000000000e+00
8.819415234029293060e-03,4.578855261206626892e-02,-2.465972900390625000e-01,4.221665486693382263e-02,-4.443011283874511719e-01,8.948822617530822754e-01,0.000000000000000000e+00
-2.296447604894638062e-01,-6.023075804114341736e-02,3.395522711798548698e-03,-1.015761122107505798e-01,3.717142343521118164e-01,-9.227734208106994629e-01,0.000000000000000000e+00
-5.347015708684921265e-02,-6.318017840385437012e-02,2.972114086151123047e-01,7.529845833778381348e-01,2.218480408191680908e-01,-6.195140480995178223e-01,0.000000000000000000e+00
-1.666711270809173584e-02,-2.216772437095642090e-01,1.601412445306777954e-01,-3.594970703125000000e-01,-9.027146697044372559e-01,2.363642305135726929e-01,0.000000000000000000e+00
1.790018379688262939e-01,1.349192559719085693e-01,-2.306441813707351685e-01,2.924679219722747803e-01,-8.420570939779281616e-02,-9.525607228279113770e-01,0.000000000000000000e+00
-3.511711955070495605e-02,-1.754386909306049347e-02,3.207479119300842285e-01,7.536881566047668457e-01,-9.378131479024887085e-02,-6.505069136619567871e-01,0.000000000000000000e+00
2.046867739409208298e-03,-2.259822636842727661e-01,1.428439319133758545e-01,3.761144280433654785e-01,9.154336452484130859e-01,-1.432450264692306519e-01,0.000000000000000000e+00
-1.447071731090545654e-01,1.142046973109245300e-02,1.681200265884399414e-01,7.356244921684265137e-01,-1.781839877367019653e-02,6.771551966667175293e-01,0.000000000000000000e+00
-2.587605416774749756e-01,-1.293160468339920044e-01,4.536600317806005478e-03,-6.879283189773559570e-01,-6.370123624801635742e-01,3.478073477745056152e-01,0.000000000000000000e+00
2.954669296741485596e-01,6.117463111877441406e-02,6.473121792078018188e-02,1.320324838161468506e-01,-2.777780294418334961e-01,9.515286684036254883e-01,0.000000000000000000e+00
-1.233987137675285339e-01,-2.061424851417541504e-01,2.923829853534698486e-02,-3.753878772258758545e-01,-9.081453680992126465e-01,1.853534877300262451e-01,0.000000000000000000e+00
-2.580941319465637207e-01,-3.259731084108352661e-02,-2.753281965851783752e-02,-5.966369509696960449e-01,1.178069561719894409e-01,-7.938172817230224609e-01,0.000000000000000000e+00
-7.406683266162872314e-02,-1.597251147031784058e-01,2.018004506826400757e-01,5.929567217826843262e-01,5.309988260269165039e-01,-6.053450107574462891e-01,0.000000000000000000e+00
2.456479966640472412e-01,6.191011145710945129e-02,-1.273326226510107517e-03,9.285381436347961426e-02,9.338505864143371582e-01,-3.454001843929290771e-01,0.000000000000000000e+00
1.436741501092910767e-01,1.778798103332519531e-01,1.011260524392127991e-01,-2.789948582649230957e-01,-9.602904915809631348e-01,2.018727129325270653e-03,0.000000000000000000e+00
2.378132641315460205e-01,-1.839888691902160645e-01,6.983529776334762573e-02,3.016899339854717255e-03,5.147548317909240723e-01,8.573321104049682617e-01,0.000000000000000000e+00
6.154133751988410950e-02,-3.971273824572563171e-02,-2.110450416803359985e-01,7.262367010116577148e-01,-1.481560021638870239e-01,-6.712898612022399902e-01,0.000000000000000000e+00
-2.779525518417358398e-01,-1.003790572285652161e-01,-1.488638762384653091e-02,-8.938403129577636719e-01,-6.702640652656555176e-02,-4.433473944664001465e-01,0.000000000000000000e+00
-1.899657398462295532e-01,-1.681093722581863403e-01,-1.125450357794761658e-01,-6.915654540061950684e-01,3.306722268462181091e-02,-7.215565443038940430e-01,0.000000000000000000e+00
-5.375402048230171204e-03,8.798176795244216919e-02,3.120690882205963135e-01,-6.612033843994140625e-01,5.760620236396789551e-01,4.805857241153717041e-01,0.000000000000000000e+00
-2.595833316445350647e-02,1.842736452817916870e-01,-1.753074377775192261e-01,2.781283557415008545e-01,7.992242574691772461e-01,-5.328087806701660156e-01,0.000000000000000000e+00
-1.506343334913253784e-01,-8.145869523286819458e-02,-1.255340576171875000e-01,-6.656553149223327637e-01,1.373884230852127075e-01,-7.335035204887390137e-01,0.000000000000000000e+00
9.797298349440097809e-03,1.779294461011886597e-01,4.593423381447792053e-02,8.204439878463745117e-01,-2.460647523403167725e-01,5.160657167434692383e-01,0.000000000000000000e+00
-4.514592513442039490e-02,-1.904425211250782013e-02,-2.109906524419784546e-01,7.415552139282226562e-01,-5.595292896032333374e-02,6.685544848442077637e-01,0.000000000000000000e+00
-2.043672055006027222e-01,-1.394325345754623413e-01,6.587488949298858643e-02,-6.378653645515441895e-01,-6.245883703231811523e-01,4.505742788314819336e-01,0.000000000000000000e+00
-1.357162147760391235e-01,1.318098306655883789e-01,-9.966335445642471313e-02,6.676908135414123535e-01,-6.079972162842750549e-02,7.419517636299133301e-01,0.000000000000000000e+00
-1.298890858888626099e-01,1.990645676851272583e-01,-1.133688241243362427e-01,-6.246460676193237305e-01,2.334955930709838867e-01,-7.451826333999633789e-01,0.000000000000000000e+00
-2.491486668586730957e-01,1.260658651590347290e-01,-5.805748049169778824e-03,6.391708850860595703e-01,-1.435189545154571533e-01,7.555546760559082031e-01,0.000000000000000000e+00
2.923334836959838867e-01,1.419275850057601929e-01,-2.259672805666923523e-02,3.146380484104156494e-01,7.297902703285217285e-01,6.069670915603637695e-01,0.000000000000000000e+00
1.991676911711692810e-02,-1.426926404237747192e-01,-1.807746440172195435e-01,4.905284941196441650e-01,-5.848134160041809082e-01,-6.460456848144531250e-01,0.000000000000000000e+00
-6.553561240434646606e-02,2.425585687160491943e-02,2.905738651752471924e-01,-7.179553508758544922e-01,1.874457299709320068e-01,6.703761219978332520e-01,0.000000000000000000e+00
-1.024856790900230408e-01,-1.700916439294815063e-01,1.618452966213226318e-01,-5.659555196762084961e-01,-6.693074107170104980e-01,4.813750684261322021e-01,0.000000000000000000e+00
-1.213385909795761108e-01,2.627592720091342926e-02,-1.353081315755844116e-01,-6.713870763778686523e-01,9.631352871656417847e-02,-7.348217964172363281e-01,0.000000000000000000e+00
-4.387848451733589172e-02,-6.009535863995552063e-02,3.590230047702789307e-01,-3.910191357135772705e-01,-1.773291230201721191e-01,9.031381011009216309e-01,0.000000000000000000e+00
-1.073189750313758850e-01,-2.111195027828216553e-01,3.723176941275596619e-02,-3.348991274833679199e-01,-9.196330308914184570e-01,2.052258700132369995e-01,0.000000000000000000e+00
-1.812842488288879395e-01,1.593923419713973999e-01,-7.047355920076370239e-02,-6.542983651161193848e-01,-2.008179761469364166e-02,-7.559698224067687988e-01,0.000000000000000000e+00
-2.703699842095375061e-02,1.347048878669738770e-01,5.380870774388313293e-02,5.637978315353393555e-01,-6.928496360778808594e-01,4.495457410812377930e-01,0.000000000000000000e+00
1.736056357622146606e-01,-1.721250638365745544e-02,-8.753076940774917603e-02,-6.151766777038574219e-01,3.625539317727088928e-02,7.875552177429199219e-01,0.000000000000000000e+00
-6.148072332143783569e-02,2.105246037244796753e-01,3.426412120461463928e-02,-6.991489976644515991e-02,9.774018526077270508e-01,1.994931995868682861e-01,0.000000000000000000e+00
-1.493513733148574829e-01,2.124231755733489990e-01,-5.938155204057693481e-02,-1.583281531929969788e-02,-9.105449318885803223e-01,-4.131068885326385498e-01,0.000000000000000000e+00
-7.679085433483123779e-02,3.172601014375686646e-02,-1.683149784803390503e-01,7.182945609092712402e-01,-3.661219477653503418e-01,5.916144847869873047e-01,0.000000000000000000e+00
2.083125859498977661e-01,-1.380714401602745056e-02,-5.121477693319320679e-02,-6.361815929412841797e-01,2.677967771887779236e-02,7.710744738578796387e-01,0.000000000000000000e+00
3.101582527160644531e-01,1.331575959920883179e-01,-3.666128218173980713e-02,8.419351577758789062e-01,2.956953048706054688e-01,4.513418674468994141e-01,0.000000000000000000e+00
1.150191426277160645e-01,-7.060945779085159302e-02,-9.707414358854293823e-02,7.313994765281677246e-01,-3.076924942433834076e-02,6.812547445297241211e-01,0.000000000000000000e+00
2.020847052335739136e-01,-7.716105133295059204e-02,-4.564929753541946411e-02,-6.574556231498718262e-01,2.189757078886032104e-01,7.209727764129638672e-01,0.000000000000000000e+00
2.611778676509857178e-01,1.195742860436439514e-01,1.077619381248950958e-02,3.831431865692138672e-01,5.344132781028747559e-01,7.533947825431823730e-01,0.000000000000000000e+00
-1.424261182546615601e-01,1.455242931842803955e-01,-1.744263060390949249e-02,-2.857956886291503906e-01,-6.473150849342346191e-01,-7.066144943237304688e-01,0.000000000000000000e+00
9.176471829414367676e-02,5.412322003394365311e-03,-1.853798329830169678e-01,7.898671627044677734e-01,8.545971475541591644e-03,-6.132184267044067383e-01,0.000000000000000000e+00
-1.292305737733840942e-01,-2.952192723751068115e-02,-1.360602527856826782e-01,-6.806753277778625488e-01,1.233671680092811584e-01,-7.221230268478393555e-01,0.000000000000000000e+00
1.699962317943572998e-01,-1.962299346923828125e-01,2.202161960303783417e-02,4.080224931240081787e-01,-7.519764900207519531e-01,-5.177344679832458496e-01,0.000000000000000000e+00
-1.790960580110549927e-01,1.774777472019195557e-01,-7.192003726959228516e-02,-6.637101769447326660e-01,8.290103822946548462e-02,-7.433816194534301758e-01,0.000000000000000000e+00
6.422462407499551773e-03,-1.687139719724655151e-01,-1.559577137231826782e-01,3.852568566799163818e-01,-7.772033214569091797e-01,-4.975260198116302490e-01,0.000000000000000000e+00
-1.405161321163177490e-01,-9.629175066947937012e-02,-1.379917412996292114e-01,-6.872231960296630859e-01,1.597852259874343872e-01,-7.086557149887084961e-01,0.000000000000000000e+00
-2.109981626272201538e-01,2.620824798941612244e-02,2.687904424965381622e-02,1.070158928632736206e-01,5.023097619414329529e-02,-9.929876327514648438e-01,0.000000000000000000e+00
-3.772847726941108704e-02,2.116477042436599731e-01,-1.115466281771659851e-01,3.622806072235107422e-01,9.182816147804260254e-01,-1.597235053777694702e-01,0.000000000000000000e+00
-2.616821974515914917e-02,1.646182388067245483e-01,-1.897309720516204834e-01,-1.803331971168518066e-01,-7.432990670204162598e-01,6.441943645477294922e-01,0.000000000000000000e+00
1.285171229392290115e-02,1.770367622375488281e-01,-1.451691836118698120e-01,4.984467923641204834e-01,7.704710960388183594e-01,-3.973978757858276367e-01,0.000000000000000000e+00
-7.664767652750015259e-02,-8.628680557012557983e-02,2.618725001811981201e-01,7.665160298347473145e-01,2.255855798721313477e-01,-6.013022065162658691e-01,0.000000000000000000e+00
3.836265951395034790e-02,2.059126049280166626e-01,5.476141348481178284e-02,8.326239883899688721e-02,9.956242442131042480e-01,4.242277890443801880e-02,0.000000000000000000e+00
-9.401865303516387939e-02,-1.769404113292694092e-01,-1.812294125556945801e-01,9.504887461662292480e-02,7.353271842002868652e-01,6.710138916969299316e-01,0.000000000000000000e+00
1.353624612092971802e-01,1.312486827373504639e-01,-2.277388125658035278e-01,-2.218094170093536377e-01,1.461886987090110779e-02,9.749804735183715820e-01,0.000000000000000000e+00
1.200292631983757019e-01,-2.186885476112365723e-01,4.499958083033561707e-02,-1.381556093692779541e-01,9.268383979797363281e-01,3.491182923316955566e-01,0.000000000000000000e+00
-5.767286941409111023e-02,7.477024942636489868e-02,-1.826524883508682251e-01,6.518388986587524414e-01,-9.626381099224090576e-02,7.522229552268981934e-01,0.000000000000000000e+00
-1.931804977357387543e-02,-1.931894868612289429e-01,2.337144166231155396e-01,-5.331277251243591309e-01,-7.612571120262145996e-01,3.691374659538269043e-01,0.000000000000000000e+00
-6.283307075500488281e-02,-1.523813456296920776e-01,2.375433892011642456e-01,-6.140242218971252441e-01,-6.144050359725952148e-01,4.954600930213928223e-01,0.000000000000000000e+00
-1.233314648270606995e-01,-1.456435769796371460e-01,-1.147475838661193848e-01,-4.803675711154937744e-01,7.035322189331054688e-01,-5.237265229225158691e-01,0.000000000000000000e+00
-7.851357758045196533e-02,-1.246693283319473267e-01,5.522507429122924805e-02,7.970684170722961426e-01,4.669829905033111572e-01,3.828952908515930176e-01,0.000000000000000000e+00
-4.110443964600563049e-02,1.584499031305313110e-01,-1.981351971626281738e-01,-3.756101429462432861e-01,3.623067736625671387e-01,-8.530245423316955566e-01,0.000000000000000000e+00
-2.136079967021942139e-02,-4.919441416859626770e-02,-1.783802360296249390e-01,-9.128205180168151855e-01,3.574769794940948486e-01,-1.974053531885147095e-01,0.000000000000000000e+00
-6.611146032810211182e-02,-1.893660724163055420e-01,-1.672782450914382935e-01,2.091873139142990112e-01,-9.046699404716491699e-01,-3.712317049503326416e-01,0.000000000000000000e+00
5.305213481187820435e-02,-2.335151433944702148e-01,7.772843539714813232e-02,9.155165404081344604e-02,9.881969690322875977e-01,1.228211671113967896e-01,0.000000000000000000e+00
1.668328046798706055e-01,-1.810958385467529297e-01,9.175964631140232086e-03,-4.505386352539062500e-01,6.759144663810729980e-01,5.832277536392211914e-01,0.000000000000000000e+00
-2.439082786440849304e-02,9.944801777601242065e-02,-2.182924896478652954e-01,7.464489340782165527e-01,-1.000941172242164612e-01,6.578717231750488281e-01,0.000000000000000000e+00
-7.130493223667144775e-02,-1.135200411081314087e-01,-2.020373344421386719e-01,5.523209571838378906e-01,-1.147314719855785370e-02,8.335525989532470703e-01,0.000000000000000000e+00
-1.278994232416152954e-01,6.645645201206207275e-02,1.569105386734008789e-01,8.646320700645446777e-01,-2.006566375494003296e-01,4.605955779552459717e-01,0.000000000000000000e+00
1.843252480030059814e-01,1.237512901425361633e-01,7.569915149360895157e-03,-5.695192217826843262e-01,-6.741850972175598145e-01,4.702364206314086914e-01,0.000000000000000000e+00
-8.043667674064636230e-02,-1.103110536932945251e-01,-6.855931878089904785e-02,-1.276633888483047485e-01,9.905514717102050781e-01,-5.009861290454864502e-02,0.000000000000000000e+00
1.309207379817962646e-01,1.726355850696563721e-01,4.831168800592422485e-02,-3.545941710472106934e-01,-9.276338815689086914e-01,1.172960922122001648e-01,0.000000000000000000e+00
2.061004638671875000e-01,1.250061690807342529e-01,-2.122922688722610474e-01,1.534395068883895874e-01,-9.669959545135498047e-01,-2.034087777137756348e-01,0.000000000000000000e+00
-9.816984832286834717e-02,-1.719454079866409302e-01,1.012499481439590454e-01,8.988934159278869629e-01,1.356211025267839432e-03,4.381652474403381348e-01,0.000000000000000000e+00
-1.156102344393730164e-01,-8.454838395118713379e-02,2.382505685091018677e-02,4.346317648887634277e-01,8.424512743949890137e-01,-3.183882236480712891e-01,0.000000000000000000e+00
-2.375094145536422729e-01,-9.834278374910354614e-02,6.843595951795578003e-02,-6.896438002586364746e-01,-4.184115529060363770e-01,5.910357236862182617e-01,0.000000000000000000e+00
-6.499515473842620850e-02,1.082597225904464722e-01,-1.717214286327362061e-01,7.212165594100952148e-01,6.591605395078659058e-02,6.895663142204284668e-01,0.000000000000000000e+00
-1.765790879726409912e-01,-8.150383830070495605e-03,3.176238387823104858e-02,4.703226387500762939e-01,1.913674771785736084e-01,-8.614958524703979492e-01,0.000000000000000000e+00
-6.676058471202850342e-02,1.815529763698577881e-01,-1.219809129834175110e-01,-7.693548202514648438e-01,-2.682242989540100098e-01,-5.797834992408752441e-01,0.000000000000000000e+00
-1.406574696302413940e-01,-4.404011182487010956e-03,2.055223435163497925e-01,6.613472700119018555e-01,-1.207649782299995422e-01,-7.402942776679992676e-01,0.000000000000000000e+00
2.861822843551635742e-01,9.184590727090835571e-02,-3.461565449833869934e-02,-8.689929246902465820e-01,4.894118607044219971e-01,-7.298874855041503906e-02,0.000000000000000000e+00
6.948911398649215698e-02,1.686632186174392700e-01,2.618569731712341309e-01,-5.966389775276184082e-01,7.938641905784606934e-01,1.174801141023635864e-01,0.000000000000000000e+00
-1.682521253824234009e-01,-1.730289012193679810e-01,5.994289368391036987e-02,-5.184530019760131836e-01,-7.930560708045959473e-01,3.197945654392242432e-01,0.000000000000000000e+00
2.005734853446483612e-02,-1.983421146869659424e-01,-2.917383052408695221e-02,8.624528646469116211e-01,-2.636474072933197021e-01,4.320476055145263672e-01,0.000000000000000000e+00
-6.152955815196037292e-02,-1.049064472317695618e-01,-7.636467367410659790e-02,-3.295857906341552734e-01,9.434945583343505859e-01,3.451407700777053833e-02,0.000000000000000000e+00
-2.152014337480068207e-02,8.704187721014022827e-02,2.975411117076873779e-01,-6.158145666122436523e-01,4.664411246776580811e-01,6.349843144416809082e-01,0.000000000000000000e+00
-3.041342645883560181e-02,2.633403427898883820e-02,-2.158549278974533081e-01,5.529117584228515625e-01,-3.446340262889862061e-01,7.586276531219482422e-01,0.000000000000000000e+00
2.468852698802947998e-01,-1.471576243638992310e-01,3.303104639053344727e-02,5.729537010192871094e-01,-5.913429856300354004e-01,-5.674834847450256348e-01,0.000000000000000000e+00
8.939408510923385620e-02,1.868212819099426270e-01,2.601627707481384277e-01,-6.422559022903442383e-01,4.302016198635101318e-01,-6.343768239021301270e-01,0.000000000000000000e+00
6.222820654511451721e-02,1.524321436882019043e-01,-1.234875917434692383e-01,5.587076544761657715e-01,6.985828876495361328e-01,-4.470208585262298584e-01,0.000000000000000000e+00
-8.635923266410827637e-02,1.191634088754653931e-01,1.920419931411743164e-01,5.122265219688415527e-01,-6.260597705841064453e-01,-5.879397988319396973e-01,0.000000000000000000e+00
-1.172165945172309875e-02,-9.709117561578750610e-02,-5.568727850914001465e-02,-1.643013209104537964e-01,7.628595829010009766e-01,6.253402233123779297e-01,0.000000000000000000e+00
-1.582864522933959961e-01,1.821572805056348443e-04,1.972815990447998047e-01,-7.367664575576782227e-01,4.779195412993431091e-02,6.744561195373535156e-01,0.000000000000000000e+00
-1.363217681646347046e-01,1.135629415512084961e-01,-1.002278700470924377e-01,6.272350549697875977e-01,-6.840211153030395508e-02,7.758204340934753418e-01,0.000000000000000000e+00
1.577930599451065063e-01,5.912180989980697632e-02,-8.515062928199768066e-02,-7.353594303131103516e-01,-3.673274070024490356e-02,6.766810417175292969e-01,0.000000000000000000e+00
-2.180809713900089264e-02,4.210728406906127930e-02,3.380416333675384521e-01,-9.075905680656433105e-01,2.792370617389678955e-01,-3.135379552841186523e-01,0.000000000000000000e+00
-1.871711462736129761e-01,-8.696656674146652222e-02,-8.481775224208831787e-02,7.742465734481811523e-01,-1.347820162773132324e-01,6.183656454086303711e-01,0.000000000000000000e+00
1.694749742746353149e-01,1.500868797302246094e-01,-2.163951694965362549e-01,-3.196670413017272949e-01,-8.708129525184631348e-01,3.734940588474273682e-01,0.000000000000000000e+00
1.895905286073684692e-01,-9.497425705194473267e-02,-4.894531145691871643e-02,-6.093865633010864258e-01,5.163655877113342285e-01,6.016765236854553223e-01,0.000000000000000000e+00
-2.761669829487800598e-02,1.534024477005004883e-01,-1.743681430816650391e-01,-8.490022420883178711e-01,-1.266574580222368240e-02,-5.282374620437622070e-01,0.000000000000000000e+00
9.390119463205337524e-02,1.152019798755645752e-01,-4.214447364211082458e-02,6.865937709808349609e-01,-3.009931743144989014e-01,6.618097424507141113e-01,0.000000000000000000e+00
-1.753505468368530273e-01,1.590293049812316895e-01,-1.216953061521053314e-02,-3.451097309589385986e-01,-4.058606922626495361e-01,-8.462720513343811035e-01,0.000000000000000000e+00
-1.701405942440032959e-01,-1.854085773229598999e-01,2.501886710524559021e-02,-5.542728304862976074e-01,-7.821752429008483887e-01,2.845759987831115723e-01,0.000000000000000000e+00
-8.610474318265914917e-02,7.744118571281433105e-02,-1.628603339195251465e-01,-6.957368850708007812e-01,7.701509445905685425e-02,-7.141560912132263184e-01,0.000000000000000000e+00
-1.365043222904205322e-01,1.576313823461532593e-01,-1.101983934640884399e-01,-6.799365878105163574e-01,9.221329819411039352e-04,-7.332703471183776855e-01,0.000000000000000000e+00
2.070400118827819824e-01,9.986805915832519531e-02,5.955362226814031601e-03,-7.406892180442810059e-01,-4.668761491775512695e-01,4.831212460994720459e-01,0.000000000000000000e+00
-8.990876376628875732e-02,1.178469955921173096e-01,1.903513371944427490e-01,5.122265219688415527e-01,-6.260597705841064453e-01,-5.879397988319396973e-01,0.000000000000000000e+00
-8.462776988744735718e-02,-2.182697504758834839e-01,3.819881752133369446e-02,-2.680329382419586182e-01,-9.548354744911193848e-01,1.282478570938110352e-01,0.000000000000000000e+00
-1.611348614096641541e-02,4.778230935335159302e-02,-2.411847263574600220e-01,-7.092728018760681152e-01,1.222698390483856201e-01,-6.942493319511413574e-01,0.000000000000000000e+00
-5.520237237215042114e-02,-9.647197276353836060e-02,-1.153902187943458557e-01,-6.956618428230285645e-01,7.124383449554443359e-01,9.212086349725723267e-02,0.000000000000000000e+00
-2.071022391319274902e-01,-2.759245410561561584e-02,-6.634898483753204346e-02,-6.120218038558959961e-01,1.320142447948455811e-01,-7.797445058822631836e-01,0.000000000000000000e+00
-8.291109651327133179e-02,1.399095654487609863e-01,1.206808537244796753e-01,7.331999540328979492e-01,-1.807626336812973022e-01,6.555476188659667969e-01,0.000000000000000000e+00
-1.713251471519470215e-01,1.935151666402816772e-01,-6.487448513507843018e-02,7.178426980972290039e-01,-4.769507050514221191e-01,5.071684718132019043e-01,0.000000000000000000e+00
1.319820284843444824e-01,1.478695273399353027e-01,-2.317669093608856201e-01,-1.556113958358764648e-01,4.769240915775299072e-01,-8.650598526000976562e-01,0.000000000000000000e+00
9.139873832464218140e-02,1.813158988952636719e-01,2.307793200016021729e-01,-1.844554841518402100e-01,9.766633510589599609e-01,1.100222766399383545e-01,0.000000000000000000e+00
-2.355699799954891205e-02,-1.071699857711791992e-01,-4.418316110968589783e-02,2.470698952674865723e-02,8.621193766593933105e-01,5.061025023460388184e-01,0.000000000000000000e+00
1.662263460457324982e-02,-1.979556530714035034e-01,-9.269781410694122314e-02,2.833538651466369629e-01,-8.718627095222473145e-01,-3.994571566581726074e-01,0.000000000000000000e+00
1.827002316713333130e-01,1.496509928256273270e-02,-7.498762011528015137e-02,-7.198053598403930664e-01,-1.785134077072143555e-01,6.708302497863769531e-01,0.000000000000000000e+00
-1.345498114824295044e-01,-1.248551532626152039e-01,-1.426310241222381592e-01,7.272045612335205078e-01,-1.733122915029525757e-01,6.641809344291687012e-01,0.000000000000000000e+00
2.159413183107972145e-03,5.442046374082565308e-02,-2.228137552738189697e-01,-5.504962801933288574e-01,-1.005377545952796936e-01,-8.287616968154907227e-01,0.000000000000000000e+00
2.277486622333526611e-01,9.584412723779678345e-02,1.202086824923753738e-02,-2.843943238258361816e-02,2.531824074685573578e-02,-9.992748498916625977e-01,0.000000000000000000e+00
5.730739235877990723e-02,-3.400573506951332092e-02,-7.690038532018661499e-02,-1.648026853799819946e-01,2.145368754863739014e-01,9.627118110656738281e-01,0.000000000000000000e+00
1.384697854518890381e-01,6.752821803092956543e-02,-1.138117313385009766e-01,7.211580276489257812e-01,3.197623193264007568e-01,-6.145593523979187012e-01,0.000000000000000000e+00
-8.833437412977218628e-02,-1.782561689615249634e-01,1.669945716857910156e-01,-5.874379277229309082e-01,-7.148263454437255859e-01,3.793942034244537354e-01,0.000000000000000000e+00
-1.754693686962127686e-01,-9.552822262048721313e-02,-9.856452047824859619e-02,4.887486994266510010e-01,-9.863359481096267700e-02,8.668310642242431641e-01,0.000000000000000000e+00
-5.879235919564962387e-03,-1.984431296586990356e-01,2.422814518213272095e-01,-5.330730676651000977e-01,-7.595157623291015625e-01,3.727853596210479736e-01,0.000000000000000000e+00
-1.709058284759521484e-01,2.053503133356571198e-02,-9.042675793170928955e-02,-6.644338965415954590e-01,1.344686448574066162e-01,-7.351501584053039551e-01,0.000000000000000000e+00
2.965498864650726318e-01,-8.444001525640487671e-02,3.063929267227649689e-02,-3.864940404891967773e-01,-1.217487454414367676e-02,-9.222115278244018555e-01,0.000000000000000000e+00
2.362488210201263428e-01,-1.496538817882537842e-01,3.450763970613479614e-02,-6.255691647529602051e-01,4.814687669277191162e-01,6.138819456100463867e-01,0.000000000000000000e+00
2.322878390550613403e-01,6.363905500620603561e-03,-2.122197672724723816e-02,-7.060177326202392578e-01,-1.096453815698623657e-01,6.996547579765319824e-01,0.000000000000000000e+00
-1.770373582839965820e-01,-1.420235354453325272e-02,3.035638295114040375e-02,3.718137145042419434e-01,2.368390709161758423e-01,-8.975866436958312988e-01,0.000000000000000000e+00
-1.611401587724685669e-01,5.553154274821281433e-02,-9.416380524635314941e-02,-6.839118599891662598e-01,1.018269211053848267e-01,-7.224236130714416504e-01,0.000000000000000000e+00
-1.388103514909744263e-01,1.653382182121276855e-02,-1.200399249792098999e-01,-6.748986244201660156e-01,1.161779239773750305e-01,-7.287074327468872070e-01,0.000000000000000000e+00
1.932985633611679077e-01,-7.990211993455886841e-02,-6.258299946784973145e-02,7.117387652397155762e-01,-2.555665373802185059e-01,-6.543039679527282715e-01,0.000000000000000000e+00
-1.741956919431686401e-01,4.469243809580802917e-02,-7.390397787094116211e-02,6.011776924133300781e-01,-2.309873849153518677e-01,7.650034427642822266e-01,0.000000000000000000e+00
1.105137914419174194e-01,1.413409411907196045e-01,-2.216446101665496826e-01,4.454015195369720459e-01,-5.180521011352539062e-01,7.302325367927551270e-01,0.000000000000000000e+00
-2.816530764102935791e-01,-8.640937507152557373e-03,2.720304578542709351e-02,-2.687990665435791016e-01,5.137136578559875488e-01,-8.147670626640319824e-01,0.000000000000000000e+00
-2.579187154769897461e-01,-1.150215342640876770e-01,2.602137438952922821e-02,-6.688972115516662598e-01,-5.646191835403442383e-01,4.835097789764404297e-01,0.000000000000000000e+00
-2.714618742465972900e-01,-2.058402635157108307e-02,2.306365966796875000e-02,-1.850800514221191406e-01,1.641668677330017090e-01,-9.689141511917114258e-01,0.000000000000000000e+00
2.266281517222523689e-03,-2.279607355594635010e-01,1.939517213031649590e-03,-2.067300863564014435e-02,-9.985728263854980469e-01,-4.924380406737327576e-02,0.000000000000000000e+00
-1.382581144571304321e-01,-1.373829543590545654e-01,1.588972806930541992e-01,-6.394061446189880371e-01,-5.924735665321350098e-01,4.900355935096740723e-01,0.000000000000000000e+00
1.326952576637268066e-01,-8.434782922267913818e-02,-1.211321651935577393e-01,6.982781887054443359e-01,-3.876386582851409912e-01,-6.017838716506958008e-01,0.000000000000000000e+00
-2.264080196619033813e-01,-7.727064937353134155e-02,-5.974118784070014954e-02,-6.149225234985351562e-01,1.639523357152938843e-01,-7.713558673858642578e-01,0.000000000000000000e+00
-1.761871278285980225e-01,9.655785746872425079e-03,-8.758782595396041870e-02,-6.838951706886291504e-01,1.117312163114547729e-01,-7.209740281105041504e-01,0.000000000000000000e+00
2.620047628879547119e-01,-6.907978653907775879e-02,4.571118392050266266e-03,7.051036953926086426e-01,-1.378090530633926392e-01,-6.955842375755310059e-01,0.000000000000000000e+00
4.063737019896507263e-02,1.580281704664230347e-01,3.018334805965423584e-01,-6.202239990234375000e-01,3.971469402313232422e-02,-7.834187150001525879e-01,0.000000000000000000e+00
2.959693670272827148e-01,5.938245356082916260e-02,6.408578902482986450e-02,-1.559250503778457642e-01,-3.743808567523956299e-01,9.140713214874267578e-01,0.000000000000000000e+00
2.533149719238281250e-01,1.429177522659301758e-01,-1.161035671830177307e-01,-7.765266299247741699e-01,-3.602942526340484619e-01,5.169085264205932617e-01,0.000000000000000000e+00
1.064284741878509521e-01,-4.596064239740371704e-02,-1.636802554130554199e-01,7.146911025047302246e-01,-1.564643979072570801e-01,-6.817151308059692383e-01,0.000000000000000000e+00
-4.764740169048309326e-02,-5.911678448319435120e-02,3.145622313022613525e-01,-7.602020502090454102e-01,-2.382630705833435059e-01,6.044200062751770020e-01,0.000000000000000000e+00
1.038317233324050903e-01,9.871105104684829712e-02,-2.212913036346435547e-01,2.790959179401397705e-01,-6.987397670745849609e-01,-6.586866974830627441e-01,0.000000000000000000e+00
-2.245402336120605469e-01,-1.398010998964309692e-01,3.844404220581054688e-02,-6.067644357681274414e-01,-6.923476457595825195e-01,3.905018568038940430e-01,0.000000000000000000e+00
1.536763459444046021e-01,-3.432970866560935974e-02,-1.168391630053520203e-01,6.884248852729797363e-01,-1.290797293186187744e-01,-7.137293219566345215e-01,0.000000000000000000e+00
1.116862073540687561e-01,-2.463073581457138062e-01,1.208308041095733643e-01,-1.025950442999601364e-02,-9.884420037269592285e-01,-1.512521058320999146e-01,0.000000000000000000e+00
-1.456097215414047241e-01,1.539899706840515137e-01,-2.299792319536209106e-02,-3.258260786533355713e-01,-5.340508818626403809e-01,-7.801455259323120117e-01,0.000000000000000000e+00
9.217154234647750854e-02,1.878171563148498535e-01,5.207793787121772766e-02,-3.391185998916625977e-01,-9.310253858566284180e-01,1.348715126514434814e-01,0.000000000000000000e+00
1.020134463906288147e-01,1.986744552850723267e-01,2.666383385658264160e-01,3.706710040569305420e-01,5.210570693016052246e-01,7.688319087028503418e-01,0.000000000000000000e+00
2.830940783023834229e-01,-1.332499533891677856e-01,4.944406077265739441e-02,2.424099445343017578e-01,1.657429188489913940e-01,9.559114575386047363e-01,0.000000000000000000e+00
1.480652838945388794e-01,1.839279532432556152e-01,1.014327779412269592e-01,3.126333951950073242e-01,9.240667223930358887e-01,-2.199114114046096802e-01,0.000000000000000000e+00
-1.844959259033203125e-01,-1.947827339172363281e-01,-3.905665874481201172e-02,-3.453148603439331055e-01,-9.255059361457824707e-01,1.555517911911010742e-01,0.000000000000000000e+00
-1.389857828617095947e-01,1.196656227111816406e-01,2.497783396393060684e-03,-6.010074168443679810e-02,-6.021115183830261230e-01,-7.961467504501342773e-01,0.000000000000000000e+00
1.657861769199371338e-01,-1.544084846973419189e-01,-3.581541776657104492e-02,5.381951332092285156e-01,-6.141296029090881348e-01,-5.772268772125244141e-01,0.000000000000000000e+00
-8.322092890739440918e-02,-1.107377037405967712e-01,2.393248081207275391e-01,6.896983385086059570e-01,4.493787586688995361e-01,-5.677807331085205078e-01,0.000000000000000000e+00
2.610439062118530273e-02,1.315229535102844238e-01,2.962602078914642334e-01,-6.639621257781982422e-01,6.875778436660766602e-01,2.939234077930450439e-01,0.000000000000000000e+00
7.020698487758636475e-02,-1.630872488021850586e-01,-1.108879894018173218e-01,4.115030765533447266e-01,-7.446449398994445801e-01,-5.255180001258850098e-01,0.000000000000000000e+00
1.733662784099578857e-01,-2.881735377013683319e-02,-8.743189275264739990e-02,-6.035544872283935547e-01,-1.125579327344894409e-01,7.893368601799011230e-01,0.000000000000000000e+00
-3.489519655704498291e-02,-2.151048779487609863e-01,-6.880208849906921387e-02,7.654483616352081299e-02,-9.690894484519958496e-01,-2.345347702503204346e-01,0.000000000000000000e+00
-3.815274685621261597e-02,1.333928108215332031e-01,2.314816415309906006e-01,-4.637181758880615234e-01,7.179939746856689453e-01,5.190858244895935059e-01,0.000000000000000000e+00
-1.308812350034713745e-01,4.738796874880790710e-02,1.542467921972274780e-01,8.392080068588256836e-01,-1.714465022087097168e-01,5.160775184631347656e-01,0.000000000000000000e+00
-2.839356660842895508e-01,-8.176305890083312988e-02,-7.982958108186721802e-03,-9.035758376121520996e-01,-1.432486474514007568e-01,-4.037704169750213623e-01,0.000000000000000000e+00
2.314883172512054443e-01,1.893311142921447754e-01,-1.610221117734909058e-01,-6.714662909507751465e-02,9.099640250205993652e-01,4.092147946357727051e-01,0.000000000000000000e+00
-5.500199645757675171e-02,-1.585227847099304199e-01,-2.110430300235748291e-01,1.520876437425613403e-01,-6.640957593917846680e-01,-7.320151925086975098e-01,0.000000000000000000e+00
1.634263694286346436e-01,-1.262609809637069702e-01,-5.406643450260162354e-02,-5.174651741981506348e-01,5.520712733268737793e-01,6.537944078445434570e-01,0.000000000000000000e+00
2.930023334920406342e-02,-2.353389412164688110e-01,5.186495929956436157e-02,-9.406083263456821442e-03,-9.678626656532287598e-01,-2.513034045696258545e-01,0.000000000000000000e+00
-1.196538507938385010e-01,1.480833142995834351e-01,1.400540173053741455e-01,-4.687270522117614746e-01,7.272737026214599609e-01,5.013660192489624023e-01,0.000000000000000000e+00
2.827686369419097900e-01,-4.081268236041069031e-02,2.192133478820323944e-02,6.604662537574768066e-01,-3.660771623253822327e-02,-7.499628067016601562e-01,0.000000000000000000e+00
3.492350503802299500e-02,-1.687547713518142700e-01,-3.594430908560752869e-02,7.373654246330261230e-01,-1.792447119951248169e-01,6.512783765792846680e-01,0.000000000000000000e+00
2.406320869922637939e-01,1.866677105426788330e-01,-1.690407693386077881e-01,3.001011312007904053e-01,8.923362493515014648e-01,-3.371577262878417969e-01,0.000000000000000000e+00
-1.486501693725585938e-01,1.828085482120513916e-01,-9.883759170770645142e-02,-6.586459279060363770e-01,1.783213205635547638e-02,-7.522417306900024414e-01,0.000000000000000000e+00
8.981754072010517120e-03,-5.490119382739067078e-02,-8.524484187364578247e-02,-4.921207129955291748e-01,5.778985619544982910e-01,6.510379910469055176e-01,0.000000000000000000e+00
-1.616879999637603760e-01,1.559868603944778442e-01,8.945536613464355469e-02,-4.166231155395507812e-01,7.652594447135925293e-01,4.907169640064239502e-01,0.000000000000000000e+00
2.520211935043334961e-01,-2.078536748886108398e-01,5.698585137724876404e-02,2.574080415070056915e-02,-4.422331452369689941e-01,-8.965306878089904785e-01,0.000000000000000000e+00
-3.739728406071662903e-02,2.168356031179428101e-01,-4.497219249606132507e-02,1.553024649620056152e-01,9.878488183021545410e-01,5.984832532703876495e-03,0.000000000000000000e+00
1.298034936189651489e-01,-1.368512362241744995e-01,-7.690685987472534180e-02,-4.531751871109008789e-01,6.286806464195251465e-01,6.319753527641296387e-01,0.000000000000000000e+00
2.030920237302780151e-01,1.498720347881317139e-01,-2.211138010025024414e-01,4.000878632068634033e-01,1.253502517938613892e-01,-9.078639745712280273e-01,0.000000000000000000e+00
-2.170896977186203003e-01,-5.162251740694046021e-02,6.401299498975276947e-03,-2.420246135443449020e-03,3.807140290737152100e-01,-9.246896505355834961e-01,0.000000000000000000e+00
-4.732168093323707581e-02,2.170400917530059814e-01,-8.777303621172904968e-03,1.137236785143613815e-02,9.967290163040161133e-01,8.001207560300827026e-02,0.000000000000000000e+00
-3.015895141288638115e-03,2.116861194372177124e-01,1.589266955852508545e-02,1.205437704920768738e-01,9.922657012939453125e-01,2.962980605661869049e-02,0.000000000000000000e+00
-7.024588435888290405e-02,8.807348459959030151e-02,2.385549843311309814e-01,4.694236814975738525e-01,-5.013577342033386230e-01,-7.268300056457519531e-01,0.000000000000000000e+00
-1.080180406570434570e-01,1.747122406959533691e-01,-6.831579655408859253e-02,-6.440743207931518555e-01,-4.657679498195648193e-01,-6.068183183670043945e-01,0.000000000000000000e+00
1.044745296239852905e-01,6.045949086546897888e-02,-1.571541428565979004e-01,7.019522190093994141e-01,3.158278167247772217e-01,-6.383697390556335449e-01,0.000000000000000000e+00
-1.079553738236427307e-01,2.009661793708801270e-01,-1.323484033346176147e-01,-6.146228909492492676e-01,2.497939616441726685e-01,-7.482256889343261719e-01,0.000000000000000000e+00
-1.914887726306915283e-01,1.180641353130340576e-01,1.043487042188644409e-01,-6.139512658119201660e-01,5.428221225738525391e-01,5.730689167976379395e-01,0.000000000000000000e+00
-1.386978197842836380e-02,1.130580753087997437e-01,-2.048247456550598145e-01,-9.757905006408691406e-01,-2.165897488594055176e-01,-3.036173619329929352e-02,0.000000000000000000e+00
-7.544592022895812988e-02,1.065578535199165344e-01,-1.711021214723587036e-01,-7.135199904441833496e-01,5.518184974789619446e-02,-6.984584331512451172e-01,0.000000000000000000e+00
-8.669295907020568848e-02,1.808435022830963135e-01,-1.494258046150207520e-01,6.874771118164062500e-01,-3.076992556452751160e-02,7.255538702011108398e-01,0.000000000000000000e+00
1.322929263114929199e-01,-1.235700249671936035e-01,-8.404809236526489258e-02,-5.979347825050354004e-01,5.497930049896240234e-01,5.832681059837341309e-01,0.000000000000000000e+00
-1.141393184661865234e-01,-1.586350798606872559e-01,1.526698172092437744e-01,5.146775245666503906e-01,7.513109445571899414e-01,-4.130846261978149414e-01,0.000000000000000000e+00
1.168670132756233215e-01,6.519857048988342285e-02,-1.410235315561294556e-01,7.324244976043701172e-01,3.190154135227203369e-01,-6.014844179153442383e-01,0.000000000000000000e+00
1.696388870477676392e-01,1.867062300443649292e-01,1.991647779941558838e-01,3.945727944374084473e-01,-7.303397059440612793e-01,5.575985908508300781e-01,0.000000000000000000e+00
-2.278402596712112427e-01,-4.960306733846664429e-02,1.078491210937500000e-01,-7.369188666343688965e-01,-2.369676232337951660e-01,6.330851912498474121e-01,0.000000000000000000e+00
-1.310061383992433548e-02,2.127703428268432617e-01,-3.896331414580345154e-02,2.177047580480575562e-01,9.728476405143737793e-01,-7.856263965368270874e-02,0.000000000000000000e+00
-9.464923641644418240e-04,1.560604572296142578e-01,2.107044607400894165e-01,2.622872591018676758e-01,-8.745273947715759277e-01,-4.079304337501525879e-01,0.000000000000000000e+00
-2.322894185781478882e-01,1.000023931264877319e-01,-2.217251248657703400e-02,5.833385586738586426e-01,4.293909668922424316e-02,8.110933303833007812e-01,0.000000000000000000e+00
-3.568223491311073303e-02,-1.227103024721145630e-01,2.898670732975006104e-01,6.403881311416625977e-01,5.096496939659118652e-01,-5.745956897735595703e-01,0.000000000000000000e+00
2.954682409763336182e-01,1.276376694440841675e-01,-1.626269333064556122e-02,5.584926009178161621e-01,3.467032611370086670e-01,7.535800337791442871e-01,0.000000000000000000e+00
-2.022977471351623535e-01,-1.714443266391754150e-01,8.094454184174537659e-03,-5.328493714332580566e-01,-7.838785052299499512e-01,3.187570571899414062e-01,0.000000000000000000e+00
1.134507283568382263e-01,-1.464190632104873657e-01,-7.832220196723937988e-02,-4.170252382755279541e-01,6.116113066673278809e-01,6.723254919052124023e-01,0.000000000000000000e+00
-8.701158314943313599e-02,-2.087016105651855469e-01,-1.156985163688659668e-01,4.750675335526466370e-02,-9.793363213539123535e-01,-1.965793967247009277e-01,0.000000000000000000e+00
2.872215509414672852e-01,7.762688398361206055e-02,-1.724703237414360046e-02,7.770786285400390625e-01,-2.867996394634246826e-01,5.602631568908691406e-01,0.000000000000000000e+00
5.163635686039924622e-02,-1.585048586130142212e-01,-1.327453851699829102e-01,4.937679171562194824e-01,-6.984071731567382812e-01,-5.180933475494384766e-01,0.000000000000000000e+00
3.167766034603118896e-01,6.366991996765136719e-02,4.927363246679306030e-02,9.669265151023864746e-01,2.548846900463104248e-01,-9.324169717729091644e-03,0.000000000000000000e+00
-3.331837430596351624e-02,1.121612191200256348e-01,-8.851367235183715820e-02,-6.584747433662414551e-01,-7.510077953338623047e-01,-4.897264391183853149e-02,0.000000000000000000e+00
-6.462977081537246704e-02,2.141784727573394775e-01,1.453748904168605804e-02,-6.703829020261764526e-02,9.808197617530822754e-01,1.830257028341293335e-01,0.000000000000000000e+00
6.481813266873359680e-03,1.663200557231903076e-01,2.130131125450134277e-01,-3.019115328788757324e-01,8.757202029228210449e-01,3.767805695533752441e-01,0.000000000000000000e+00
-5.739365518093109131e-02,-1.914892196655273438e-01,-1.558011472225189209e-01,2.714331746101379395e-01,-9.263486862182617188e-01,-2.611554861068725586e-01,0.000000000000000000e+00
2.409048825502395630e-01,1.466934233903884888e-01,1.055454164743423462e-01,2.299178093671798706e-01,7.697933316230773926e-01,-5.954460501670837402e-01,0.000000000000000000e+00
-4.463668912649154663e-02,1.509570032358169556e-01,-1.394123286008834839e-01,-9.109341502189636230e-01,-2.267881631851196289e-01,-3.446245193481445312e-01,0.000000000000000000e+00
1.495976001024246216e-01,5.411393474787473679e-03,-1.224696114659309387e-01,7.306728959083557129e-01,2.587553672492504120e-02,-6.822372078895568848e-01,0.000000000000000000e+00
-2.191258221864700317e-01,-1.471492350101470947e-01,-4.419547319412231445e-02,-5.205185413360595703e-01,2.901785671710968018e-01,-8.030297756195068359e-01,0.000000000000000000e+00
1.369525939226150513e-01,-9.861347824335098267e-02,-9.783967584371566772e-02,-6.313500404357910156e-01,4.149896800518035889e-01,6.551188826560974121e-01,0.000000000000000000e+00
3.156099617481231689e-01,1.016040444374084473e-01,-6.598039716482162476e-02,9.404273033142089844e-01,-3.056669235229492188e-01,1.488763689994812012e-01,0.000000000000000000e+00
3.977097943425178528e-02,1.323618292808532715e-01,-1.851828396320343018e-01,2.367492318153381348e-01,8.731951713562011719e-01,-4.260046184062957764e-01,0.000000000000000000e+00
3.147190213203430176e-01,-3.347667306661605835e-02,2.291928604245185852e-02,-7.982417941093444824e-01,8.500526100397109985e-02,-5.963087081909179688e-01,0.000000000000000000e+00
-1.948362588882446289e-01,1.703190654516220093e-01,-1.067479327321052551e-02,-2.653775513172149658e-01,-4.888504445552825928e-01,-8.310234546661376953e-01,0.000000000000000000e+00
-3.036168776452541351e-02,5.592293664813041687e-02,3.107177019119262695e-01,-6.535651087760925293e-01,4.011204838752746582e-01,6.418371796607971191e-01,0.000000000000000000e+00
3.655414283275604248e-02,1.537889540195465088e-01,-1.557429283857345581e-01,5.897396802902221680e-01,6.644905805587768555e-01,-4.589765071868896484e-01,0.000000000000000000e+00
-4.317413643002510071e-02,-2.165227979421615601e-01,1.031135991215705872e-01,2.535153627395629883e-01,9.600739479064941406e-01,-1.182708442211151123e-01,0.000000000000000000e+00
1.436912268400192261e-01,1.529339849948883057e-01,5.017316434532403946e-03,-5.318623781204223633e-01,-7.673993706703186035e-01,3.580790460109710693e-01,0.000000000000000000e+00
2.112280577421188354e-01,4.883116856217384338e-02,-3.075201623141765594e-02,-7.113703489303588867e-01,-4.802870452404022217e-01,5.131047964096069336e-01,0.000000000000000000e+00
-1.443534195423126221e-01,1.686407178640365601e-01,8.513679355382919312e-02,-4.381276965141296387e-01,7.721375226974487305e-01,4.602692425251007080e-01,0.000000000000000000e+00
2.597508430480957031e-01,1.520718187093734741e-01,1.014119535684585571e-01,-7.181965708732604980e-01,-4.813926294445991516e-02,-6.941730976104736328e-01,0.000000000000000000e+00
-1.380664706230163574e-01,-6.923480331897735596e-02,-1.249439492821693420e-01,7.661908268928527832e-01,-2.332798242568969727e-01,5.987755060195922852e-01,0.000000000000000000e+00
2.608350813388824463e-01,5.271607637405395508e-02,7.203920278698205948e-03,9.209513068199157715e-01,-3.530362546443939209e-01,1.649669557809829712e-01,0.000000000000000000e+00
-1.435207575559616089e-01,1.761933974921703339e-02,2.010883241891860962e-01,6.983291506767272949e-01,-1.604729890823364258e-02,-7.155968546867370605e-01,0.000000000000000000e+00
-1.146416738629341125e-02,7.260842621326446533e-02,3.376025855541229248e-01,-8.826192617416381836e-01,2.238872349262237549e-01,-4.133493900299072266e-01,0.000000000000000000e+00
1.306705623865127563e-01,1.855793297290802002e-01,7.703324407339096069e-02,3.213177621364593506e-01,9.385985136032104492e-01,-1.256491392850875854e-01,0.000000000000000000e+00
7.791194319725036621e-02,-2.059550434350967407e-01,-3.141503036022186279e-02,2.942300438880920410e-01,-8.642194867134094238e-01,-4.081095457077026367e-01,0.000000000000000000e+00
1.316008567810058594e-01,5.084057897329330444e-02,-1.312484741210937500e-01,7.114344239234924316e-01,3.400184810161590576e-01,-6.150190830230712891e-01,0.000000000000000000e+00
1.119186654686927795e-01,1.306233555078506470e-01,-2.301067560911178589e-01,-2.826707065105438232e-01,6.565696746110916138e-02,-9.569672942161560059e-01,0.000000000000000000e+00
-1.913495548069477081e-02,5.830772221088409424e-02,3.422352671623229980e-01,-7.264718413352966309e-01,2.228355109691619873e-01,-6.500638127326965332e-01,0.000000000000000000e+00
1.617654860019683838e-01,1.475596427917480469e-01,1.780121028423309326e-02,-4.912488162517547607e-01,-8.033939003944396973e-01,3.365007936954498291e-01,0.000000000000000000e+00
1.529162228107452393e-01,-4.233841970562934875e-02,-1.161239296197891235e-01,6.884248852729797363e-01,-1.290797293186187744e-01,-7.137293219566345215e-01,0.000000000000000000e+00
-2.408877611160278320e-01,1.950587704777717590e-02,1.010254546999931335e-01,-7.245406508445739746e-01,-8.197237737476825714e-03,6.891832947731018066e-01,0.000000000000000000e+00
-1.047203168272972107e-01,-7.790300995111465454e-03,-1.559566259384155273e-01,-6.972569823265075684e-01,9.303250908851623535e-02,-7.107585072517395020e-01,0.000000000000000000e+00
3.135107755661010742e-01,1.465294659137725830e-01,-8.646778017282485962e-02,8.958497643470764160e-01,4.099547564983367920e-01,-1.714360862970352173e-01,0.000000000000000000e+00
3.184992820024490356e-02,-2.201181203126907349e-01,2.217698991298675537e-01,3.567603230476379395e-01,9.062299728393554688e-01,-2.268684208393096924e-01,0.000000000000000000e+00
-1.892670094966888428e-01,2.011639177799224854e-01,-4.893175885081291199e-02,-6.729591488838195801e-01,6.829670667648315430e-01,-2.840457558631896973e-01,0.000000000000000000e+00
4.701068624854087830e-02,1.121911853551864624e-01,-1.981604993343353271e-01,-1.153479069471359253e-01,4.110659062862396240e-01,-9.042785167694091797e-01,0.000000000000000000e+00
2.820940315723419189e-01,1.799108684062957764e-01,-1.073554754257202148e-01,6.567617058753967285e-01,7.381139397621154785e-01,-1.544407159090042114e-01,0.000000000000000000e+00
1.387388557195663452e-01,1.198146268725395203e-01,-2.324224859476089478e-01,1.502613257616758347e-02,-3.360700607299804688e-01,-9.417171478271484375e-01,0.000000000000000000e+00
-1.105177309364080429e-02,9.402213990688323975e-02,3.462814390659332275e-01,-4.268923103809356689e-01,4.499853849411010742e-01,7.843953967094421387e-01,0.000000000000000000e+00
1.581887342035770416e-02,-2.605711668729782104e-02,-2.554791569709777832e-01,5.472450852394104004e-01,-8.795035630464553833e-02,-8.323386311531066895e-01,0.000000000000000000e+00
5.884702503681182861e-02,-1.540808975696563721e-01,-1.323771923780441284e-01,4.588062763214111328e-01,-7.191159725189208984e-01,-5.218898653984069824e-01,0.000000000000000000e+00
-2.647604607045650482e-02,-1.178221330046653748e-01,3.397364616394042969e-01,8.418723344802856445e-01,-2.307786978781223297e-02,5.391830801963806152e-01,0.000000000000000000e+00
-4.349306225776672363e-02,1.721887290477752686e-01,-1.820168346166610718e-01,2.633085548877716064e-01,-5.474899411201477051e-01,7.943068742752075195e-01,0.000000000000000000e+00
2.531377598643302917e-02,1.955856829881668091e-01,-7.241958379745483398e-02,3.757493793964385986e-01,8.989758491516113281e-01,-2.250662595033645630e-01,0.000000000000000000e+00
-8.414408564567565918e-02,-2.033598870038986206e-01,8.221182227134704590e-02,5.258411169052124023e-01,8.416488766670227051e-01,1.229564845561981201e-01,0.000000000000000000e+00
3.120864927768707275e-01,-6.764251738786697388e-02,3.781412169337272644e-02,4.577744305133819580e-01,-9.760867804288864136e-02,8.836939930915832520e-01,0.000000000000000000e+00
-1.556652635335922241e-01,2.101768851280212402e-01,-6.105982884764671326e-02,4.258889555931091309e-01,-8.812790513038635254e-01,-2.048557251691818237e-01,0.000000000000000000e+00
-6.340088695287704468e-02,1.232354566454887390e-01,8.585853874683380127e-02,6.129398345947265625e-01,-6.842449903488159180e-01,3.951121270656585693e-01,0.000000000000000000e+00
-2.286122553050518036e-02,-2.304551899433135986e-01,9.083350002765655518e-02,-2.132782936096191406e-01,-9.748137593269348145e-01,6.519589573144912720e-02,0.000000000000000000e+00
-1.521709561347961426e-01,1.309861615300178528e-02,2.021500617265701294e-01,-7.252675294876098633e-01,1.194415912032127380e-01,6.780270934104919434e-01,0.000000000000000000e+00
1.491133421659469604e-01,1.445832997560501099e-01,-5.625297781080007553e-03,-4.889909327030181885e-01,-8.376439213752746582e-01,2.433937191963195801e-01,0.000000000000000000e+00
1.488822996616363525e-01,-1.853775791823863983e-02,-1.238038837909698486e-01,7.556535601615905762e-01,-1.144614517688751221e-01,-6.448924541473388672e-01,0.000000000000000000e+00
1.060977764427661896e-02,-2.287063896656036377e-01,4.733743518590927124e-02,1.076009273529052734e-01,9.933361411094665527e-01,4.129597172141075134e-02,0.000000000000000000e+00
-1.993080824613571167e-01,3.260282333940267563e-03,-5.920568481087684631e-02,6.845565438270568848e-01,-1.147395595908164978e-01,7.198730707168579102e-01,0.000000000000000000e+00
-2.241342365741729736e-01,1.444064080715179443e-01,-3.531154245138168335e-02,-6.214581727981567383e-01,8.164080977439880371e-02,-7.791819572448730469e-01,0.000000000000000000e+00
-1.469042450189590454e-01,1.120309159159660339e-01,-8.984190970659255981e-02,5.566402077674865723e-01,-9.536717087030410767e-02,8.252616524696350098e-01,0.000000000000000000e+00
-1.398364007472991943e-01,2.152580469846725464e-01,-1.833858340978622437e-02,-1.382711976766586304e-01,9.497925639152526855e-01,2.806692123413085938e-01,0.000000000000000000e+00
-9.343743324279785156e-02,8.293714374303817749e-02,8.003149181604385376e-02,8.373459577560424805e-01,-5.460789799690246582e-01,2.548536658287048340e-02,0.000000000000000000e+00
1.410358212888240814e-02,1.656691879034042358e-01,2.004204094409942627e-01,3.343682885169982910e-01,-8.599124550819396973e-01,-3.856791853904724121e-01,0.000000000000000000e+00
-3.944469615817070007e-02,-8.714090287685394287e-02,-1.027299538254737854e-01,-4.259891808032989502e-01,8.251549005508422852e-01,3.710156381130218506e-01,0.000000000000000000e+00
2.133433818817138672e-01,-1.248848661780357361e-01,-6.614792160689830780e-03,-5.150470733642578125e-01,6.069406270980834961e-01,6.052682399749755859e-01,0.000000000000000000e+00
1.446204930543899536e-01,-1.970913857221603394e-01,2.312741940841078758e-03,3.500598669052124023e-01,-8.226330280303955078e-01,-4.480324089527130127e-01,0.000000000000000000e+00
-5.995754152536392212e-03,6.236706301569938660e-02,-1.930186152458190918e-01,-9.705602526664733887e-01,-8.673878014087677002e-02,-2.246979326009750366e-01,0.000000000000000000e+00
2.015167176723480225e-01,-2.085293829441070557e-01,6.925438344478607178e-02,3.604853451251983643e-01,-7.782961726188659668e-01,-5.141063928604125977e-01,0.000000000000000000e+00
2.503301203250885010e-01,5.227250978350639343e-02,1.674963161349296570e-02,-7.410793900489807129e-01,-4.272325634956359863e-01,5.179514884948730469e-01,0.000000000000000000e+00
-2.380076423287391663e-02,-1.059736963361501694e-02,3.342360258102416992e-01,8.648560643196105957e-01,-1.873251646757125854e-01,-4.657609760761260986e-01,0.000000000000000000e+00
1.854462176561355591e-01,1.108652129769325256e-01,-2.203200384974479675e-02,6.538856625556945801e-01,5.505086183547973633e-01,-5.190123319625854492e-01,0.000000000000000000e+00
-6.252662744373083115e-03,1.049486547708511353e-01,3.369264602661132812e-01,-8.593081235885620117e-01,5.038352608680725098e-01,-8.797484636306762695e-02,0.000000000000000000e+00
-1.328671574592590332e-01,1.658645570278167725e-01,-1.135134845972061157e-01,-6.737200021743774414e-01,4.308366216719150543e-03,-7.389741539955139160e-01,0.000000000000000000e+00
1.398855447769165039e-01,1.885417252779006958e-01,1.312676221132278442e-01,2.782004475593566895e-01,9.590678215026855469e-01,-5.285301059484481812e-02,0.000000000000000000e+00
-4.080339148640632629e-02,-1.464859545230865479e-01,-2.187239229679107666e-01,1.791111826896667480e-01,-6.299434304237365723e-01,-7.557052969932556152e-01,0.000000000000000000e+00
-2.128336429595947266e-01,1.740544438362121582e-01,1.842829212546348572e-02,-3.298999369144439697e-01,8.290234804153442383e-01,4.515374600887298584e-01,0.000000000000000000e+00
-9.871558845043182373e-02,-6.351353973150253296e-02,2.561919391155242920e-01,-7.234100103378295898e-01,-2.878938317298889160e-01,6.275309324264526367e-01,0.000000000000000000e+00
-4.133802279829978943e-02,-1.078501865267753601e-01,3.030780553817749023e-01,-7.023745775222778320e-01,-2.796047031879425049e-01,6.545923352241516113e-01,0.000000000000000000e+00
6.713034957647323608e-02,1.326443850994110107e-01,-2.034831196069717407e-01,-5.936949849128723145e-01,2.977375388145446777e-01,-7.475818395614624023e-01,0.000000000000000000e+00
1.557392030954360962e-01,4.198425635695457458e-02,-9.621997922658920288e-02,-5.881769061088562012e-01,-6.768958270549774170e-02,8.058945536613464355e-01,0.000000000000000000e+00
-6.671328097581863403e-02,-6.340022385120391846e-02,2.817347049713134766e-01,7.394140958786010742e-01,1.861981004476547241e-01,-6.469907760620117188e-01,0.000000000000000000e+00
-1.895695030689239502e-01,-1.969709396362304688e-01,-6.980533152818679810e-02,-4.217750430107116699e-01,-9.053909778594970703e-01,4.871324449777603149e-02,0.000000000000000000e+00
-1.443905085325241089e-01,2.876121737062931061e-02,1.958185434341430664e-01,5.095871090888977051e-01,-4.204071164131164551e-01,-7.507188916206359863e-01,0.000000000000000000e+00
7.062403112649917603e-02,1.758699715137481689e-01,2.753133773803710938e-01,-7.052909135818481445e-01,2.787212729454040527e-01,-6.518275737762451172e-01,0.000000000000000000e+00
4.874856770038604736e-02,-2.202436923980712891e-01,1.020760461688041687e-02,-1.691426932811737061e-01,9.604014158248901367e-01,2.214042991399765015e-01,0.000000000000000000e+00
-5.662351846694946289e-02,-2.243818044662475586e-01,-8.286567404866218567e-03,-1.314553618431091309e-01,-9.876306653022766113e-01,-8.547038584947586060e-02,0.000000000000000000e+00
-1.057933494448661804e-01,-2.096931785345077515e-01,4.859538748860359192e-02,-3.309600651264190674e-01,-9.339665174484252930e-01,1.348036229610443115e-01,0.000000000000000000e+00
-4.229528456926345825e-02,1.248074769973754883e-01,-9.785283356904983521e-02,-8.041903972625732422e-01,-5.585805177688598633e-01,-2.031392902135848999e-01,0.000000000000000000e+00
-1.027858816087245941e-02,9.545043855905532837e-02,-2.360249310731887817e-01,-2.148851901292800903e-01,3.425664901733398438e-01,-9.145887494087219238e-01,0.000000000000000000e+00
-8.630085736513137817e-02,-1.952788829803466797e-01,1.335816234350204468e-01,-4.660320281982421875e-01,-8.095439672470092773e-01,3.570051193237304688e-01,0.000000000000000000e+00
9.807524830102920532e-02,-1.740913242101669312e-01,-5.838148295879364014e-02,-4.594027698040008545e-01,7.350896000862121582e-01,4.985903799533843994e-01,0.000000000000000000e+00
2.023379802703857422e-01,6.926879286766052246e-02,-3.838420659303665161e-02,6.998957991600036621e-01,3.866207003593444824e-01,-6.005583405494689941e-01,0.000000000000000000e+00
1.506178826093673706e-01,1.738422513008117676e-01,8.939781785011291504e-02,-1.653466820716857910e-01,-9.257647395133972168e-01,3.400296270847320557e-01,0.000000000000000000e+00
1.886881589889526367e-01,-5.779992043972015381e-02,-6.675304472446441650e-02,-7.423141002655029297e-01,1.606540381908416748e-01,6.505075097084045410e-01,0.000000000000000000e+00
5.707507953047752380e-02,-2.336230576038360596e-01,2.069276720285415649e-01,3.789350986480712891e-01,9.226539731025695801e-01,-7.153899222612380981e-02,0.000000000000000000e+00
-4.388320446014404297e-02,-1.077646464109420776e-01,3.003117442131042480e-01,-7.004940509796142578e-01,-3.929176628589630127e-01,5.957548022270202637e-01,0.000000000000000000e+00
-1.736135482788085938e-01,1.979125440120697021e-01,-7.253533601760864258e-02,-7.033330202102661133e-01,3.348540663719177246e-01,-6.270529627799987793e-01,0.000000000000000000e+00
-1.284910887479782104e-01,5.138984695076942444e-02,-1.248591914772987366e-01,-6.774840950965881348e-01,7.014133036136627197e-02,-7.321854233741760254e-01,0.000000000000000000e+00
1.270092278718948364e-01,1.678960472345352173e-01,1.992582343518733978e-02,-3.807642161846160889e-01,-7.990621924400329590e-01,4.653151631355285645e-01,0.000000000000000000e+00
-1.025361865758895874e-01,6.304426491260528564e-02,2.356215864419937134e-01,-6.280118823051452637e-01,4.295915365219116211e-01,6.488853096961975098e-01,0.000000000000000000e+00
-5.755330249667167664e-02,1.017800346016883850e-01,-1.895761936902999878e-01,-7.161225080490112305e-01,5.395555868744850159e-02,-6.958860158920288086e-01,0.000000000000000000e+00
-2.388066053390502930e-02,1.454971879720687866e-01,2.118558138608932495e-01,5.323171019554138184e-01,-6.260724067687988281e-01,-5.697997808456420898e-01,0.000000000000000000e+00
-1.225312724709510803e-01,-1.563435494899749756e-01,-1.622298806905746460e-01,7.436945438385009766e-01,1.062535867094993591e-02,6.684350967407226562e-01,0.000000000000000000e+00
-1.693487763404846191e-01,2.140689790248870850e-01,-4.286146908998489380e-02,-2.695483565330505371e-01,9.628700613975524902e-01,1.499958615750074387e-02,0.000000000000000000e+00
1.687281280755996704e-01,-1.012572087347507477e-03,-1.024216338992118835e-01,7.981033325195312500e-01,-6.411975622177124023e-02,-5.990990996360778809e-01,0.000000000000000000e+00
-6.584914773702621460e-02,5.868995189666748047e-02,2.644737064838409424e-01,6.761747598648071289e-01,-2.987898290157318115e-01,-6.734332442283630371e-01,0.000000000000000000e+00
-6.680300086736679077e-02,1.508858799934387207e-01,-1.691462099552154541e-01,6.785598397254943848e-01,3.294655382633209229e-01,6.565127372741699219e-01,0.000000000000000000e+00
-9.020905941724777222e-02,-1.520254462957382202e-01,-1.706665009260177612e-01,-6.621856093406677246e-01,6.538574099540710449e-01,-3.660337328910827637e-01,0.000000000000000000e+00
-2.157853245735168457e-01,-8.798578381538391113e-02,-1.123285666108131409e-02,-2.111645936965942383e-01,5.155721902847290039e-01,-8.304184675216674805e-01,0.000000000000000000e+00
2.045289725065231323e-01,1.164985001087188721e-01,2.263220399618148804e-02,-5.819455981254577637e-01,-7.528595924377441406e-01,3.074764013290405273e-01,0.000000000000000000e+00
-3.850568085908889771e-02,-2.172191441059112549e-01,-6.124432012438774109e-02,7.654483616352081299e-02,-9.690894484519958496e-01,-2.345347702503204346e-01,0.000000000000000000e+00
2.395045012235641479e-01,1.016336455941200256e-01,1.185585279017686844e-02,-5.260771140456199646e-02,-7.869561910629272461e-01,-6.147620081901550293e-01,0.000000000000000000e+00
3.526415675878524780e-02,3.722810372710227966e-02,-2.415245026350021362e-01,6.769750714302062988e-01,1.458300650119781494e-01,-7.214141488075256348e-01,0.000000000000000000e+00
-7.222587242722511292e-03,6.567983329296112061e-02,-1.889982372522354126e-01,-9.705602526664733887e-01,-8.673878014087677002e-02,-2.246979326009750366e-01,0.000000000000000000e+00
-8.397433906793594360e-02,-1.217718943953514099e-01,2.409699559211730957e-01,-6.388407945632934570e-01,-4.414283633232116699e-01,6.300979256629943848e-01,0.000000000000000000e+00
-1.016447022557258606e-01,-1.849091053009033203e-01,1.014657616615295410e-01,8.873568773269653320e-01,-2.425245940685272217e-01,3.921474516391754150e-01,0.000000000000000000e+00
2.710728049278259277e-01,8.685039728879928589e-02,8.825944736599922180e-03,6.771844029426574707e-01,-1.106105893850326538e-01,7.274520993232727051e-01,0.000000000000000000e+00
-3.534240275621414185e-02,5.991212651133537292e-02,-2.174134403467178345e-01,-7.576171159744262695e-01,5.673124641180038452e-02,-6.502290964126586914e-01,0.000000000000000000e+00
9.873338788747787476e-02,-1.671696454286575317e-01,-8.014243096113204956e-02,4.255211055278778076e-01,-7.218655347824096680e-01,-5.457489490509033203e-01,0.000000000000000000e+00
3.106885254383087158e-01,9.404668956995010376e-02,-6.305659562349319458e-02,8.191748261451721191e-01,-5.731362104415893555e-01,-2.162100560963153839e-02,0.000000000000000000e+00
-1.470793634653091431e-01,-1.898611485958099365e-01,-1.254668831825256348e-01,-6.039521694183349609e-01,1.839534789323806763e-01,-7.755017280578613281e-01,0.000000000000000000e+00
-1.840181052684783936e-01,-1.743740290403366089e-01,-1.184278875589370728e-01,-7.378146648406982422e-01,-3.358241543173789978e-02,-6.741674542427062988e-01,0.000000000000000000e+00
-9.194210171699523926e-02,1.180319394916296005e-02,2.564387023448944092e-01,6.863560080528259277e-01,-1.690547019243240356e-01,-7.073442935943603516e-01,0.000000000000000000e+00
-9.396835416555404663e-02,7.970332354307174683e-02,-1.435124874114990234e-01,9.348942041397094727e-01,2.708834037184715271e-02,3.538912832736968994e-01,0.000000000000000000e+00
-2.565162777900695801e-01,5.927172303199768066e-02,7.463698834180831909e-02,-6.839119791984558105e-01,2.722068130970001221e-01,6.768809556961059570e-01,0.000000000000000000e+00
1.187503784894943237e-01,-6.591862440109252930e-02,-1.433994621038436890e-01,6.722258329391479492e-01,-3.032437860965728760e-01,-6.753929853439331055e-01,0.000000000000000000e+00
-1.142649278044700623e-01,-2.147618085145950317e-01,-4.895838350057601929e-02,-1.310144811868667603e-01,-9.908987283706665039e-01,-3.090187348425388336e-02,0.000000000000000000e+00
-1.004694253206253052e-01,-1.472803950309753418e-01,1.959703564643859863e-01,-6.652709841728210449e-01,-5.922409296035766602e-01,4.546044170856475830e-01,0.000000000000000000e+00
-2.802190482616424561e-01,-9.863319993019104004e-02,8.636519196443259716e-04,-9.280233979225158691e-01,-3.716517984867095947e-01,-2.544616721570491791e-02,0.000000000000000000e+00
-1.860382258892059326e-01,-1.843007653951644897e-01,-1.069497084245085716e-04,-4.659506380558013916e-01,-8.552995324134826660e-01,2.266114652156829834e-01,0.000000000000000000e+00
1.531116366386413574e-01,2.041639536619186401e-01,2.051600366830825806e-01,-6.826874017715454102e-01,8.389322459697723389e-02,-7.258786559104919434e-01,0.000000000000000000e+00
-1.591521203517913818e-01,-1.224067155271768570e-02,-9.672351181507110596e-02,6.276687979698181152e-01,-1.934892982244491577e-01,7.540515661239624023e-01,0.000000000000000000e+00
-1.173357069492340088e-01,-1.197975501418113708e-01,-6.991969794034957886e-02,-2.887529134750366211e-01,9.019358754158020020e-01,-3.211440145969390869e-01,0.000000000000000000e+00
-2.167575508356094360e-01,4.043708741664886475e-02,-3.823677077889442444e-02,6.054177880287170410e-01,-2.951352298259735107e-01,7.391647100448608398e-01,0.000000000000000000e+00
-2.985471673309803009e-02,-1.756212562322616577e-01,2.369000464677810669e-01,5.848354101181030273e-01,7.249181270599365234e-01,-3.639522790908813477e-01,0.000000000000000000e+00
1.631581336259841919e-01,-2.107620090246200562e-01,5.483761057257652283e-02,-3.846268057823181152e-01,8.456189036369323730e-01,3.701227605342864990e-01,0.000000000000000000e+00
-1.381610929965972900e-01,-2.107822597026824951e-01,-7.249051332473754883e-02,-1.205247044563293457e-01,-9.801134467124938965e-01,-1.576433479785919189e-01,0.000000000000000000e+00
1.940414011478424072e-01,1.733710169792175293e-01,-1.751019805669784546e-01,-5.134493112564086914e-01,2.527233064174652100e-01,8.200614452362060547e-01,0.000000000000000000e+00
-1.652646958827972412e-01,2.086032740771770477e-02,1.862216293811798096e-01,-7.508190274238586426e-01,1.137844026088714600e-01,6.506334543228149414e-01,0.000000000000000000e+00
-5.079104006290435791e-02,-1.669906377792358398e-01,2.216695547103881836e-01,6.221636533737182617e-01,6.642419695854187012e-01,-4.143609702587127686e-01,0.000000000000000000e+00
9.342576563358306885e-02,1.904890239238739014e-01,2.665730006992816925e-02,3.334624469280242920e-01,9.199390411376953125e-01,-2.061915695667266846e-01,0.000000000000000000e+00
-1.982433050870895386e-01,-1.056088283658027649e-01,-2.695530280470848083e-02,-2.083811163902282715e-01,6.290652155876159668e-01,-7.489020228385925293e-01,0.000000000000000000e+00
2.469856739044189453e-01,1.378837823867797852e-01,-1.954122036695480347e-01,5.630791783332824707e-01,-2.402864694595336914e-01,-7.906985878944396973e-01,0.000000000000000000e+00
1.445176899433135986e-01,9.886727482080459595e-02,-8.439271897077560425e-02,6.456816792488098145e-01,5.429456830024719238e-01,-5.369405150413513184e-01,0.000000000000000000e+00
-1.017085909843444824e-01,8.970200084149837494e-03,2.570205032825469971e-01,-7.025351524353027344e-01,1.432344913482666016e-01,6.970855593681335449e-01,0.000000000000000000e+00
7.126933336257934570e-02,1.926581710577011108e-01,5.789608508348464966e-02,-2.829953134059906006e-01,-9.506622552871704102e-01,1.271022260189056396e-01,0.000000000000000000e+00
1.165904924273490906e-01,-2.161606103181838989e-01,3.691668063402175903e-02,-1.408323049545288086e-01,9.289952516555786133e-01,3.422484993934631348e-01,0.000000000000000000e+00
-1.204624772071838379e-01,2.126314677298069000e-02,9.263167530298233032e-02,9.490188360214233398e-01,-2.892668545246124268e-01,-1.252513527870178223e-01,0.000000000000000000e+00
1.638063788414001465e-01,1.228388026356697083e-01,-2.124737501144409180e-01,-2.027143910527229309e-02,-2.921873331069946289e-01,9.561462402343750000e-01,0.000000000000000000e+00
-8.809145539999008179e-02,-2.028047442436218262e-01,1.092795431613922119e-01,-4.733774960041046143e-01,-8.399038314819335938e-01,2.654717862606048584e-01,0.000000000000000000e+00
1.064747851341962814e-02,-2.355626970529556274e-01,1.306072622537612915e-01,-2.514163553714752197e-01,-9.662174582481384277e-01,5.668868497014045715e-02,0.000000000000000000e+00
-2.707841992378234863e-01,-6.992773618549108505e-03,2.536200545728206635e-02,-1.369468718767166138e-01,2.222351282835006714e-01,-9.653274416923522949e-01,0.000000000000000000e+00
1.888676732778549194e-01,-3.305589780211448669e-02,-7.956043630838394165e-02,7.317575216293334961e-01,-9.490519762039184570e-02,-6.749251484870910645e-01,0.000000000000000000e+00
-2.139655947685241699e-01,-2.383694052696228027e-02,1.744493469595909119e-02,7.220980525016784668e-02,3.035771250724792480e-01,-9.500666856765747070e-01,0.000000000000000000e+00
8.067715913057327271e-02,1.003615111112594604e-01,-1.602555513381958008e-01,7.493814229965209961e-01,4.610102474689483643e-01,-4.752862155437469482e-01,0.000000000000000000e+00
-1.299509257078170776e-01,2.234369069337844849e-01,-5.421275272965431213e-02,-5.905238166451454163e-02,9.922228455543518066e-01,1.095745563507080078e-01,0.000000000000000000e+00
-3.844132274389266968e-02,-2.025556266307830811e-01,-1.158232092857360840e-01,1.889647990465164185e-01,-9.192578792572021484e-01,-3.453363478183746338e-01,0.000000000000000000e+00
-2.127104550600051880e-01,-2.650830149650573730e-02,-5.255130305886268616e-02,6.561611294746398926e-01,-1.971577405929565430e-01,7.284101843833923340e-01,0.000000000000000000e+00
-8.732419461011886597e-03,6.534274667501449585e-02,-2.329252660274505615e-01,7.809826135635375977e-01,2.998293042182922363e-01,5.478764176368713379e-01,0.000000000000000000e+00
-4.079042002558708191e-02,-1.217397004365921021e-01,2.832153141498565674e-01,7.928293943405151367e-01,3.938580453395843506e-01,-4.650778472423553467e-01,0.000000000000000000e+00
-8.017696440219879150e-02,1.180035173892974854e-01,-1.559838652610778809e-01,6.959111094474792480e-01,2.623733319342136383e-02,7.176485061645507812e-01,0.000000000000000000e+00
1.837221235036849976e-01,-1.090303137898445129e-01,-4.771839082241058350e-02,-7.752004861831665039e-01,3.200534284114837646e-01,5.446375012397766113e-01,0.000000000000000000e+00
-2.250854223966598511e-01,-3.201026096940040588e-02,1.383557263761758804e-02,1.141335442662239075e-01,2.742470204830169678e-01,-9.548623561859130859e-01,0.000000000000000000e+00
7.280696928501129150e-02,-2.016887813806533813e-01,-2.697359211742877960e-02,-1.540230810642242432e-01,8.850642442703247070e-01,4.392472505569458008e-01,0.000000000000000000e+00
-8.836216479539871216e-02,-2.007215321063995361e-01,8.219127357006072998e-02,5.258411169052124023e-01,8.416488766670227051e-01,1.229564845561981201e-01,0.000000000000000000e+00
-2.132247760891914368e-02,1.118296235799789429e-01,-2.123989760875701904e-01,-3.390583992004394531e-01,-5.616843700408935547e-01,7.546854019165039062e-01,0.000000000000000000e+00
2.584110498428344727e-01,5.345134064555168152e-02,-1.854434981942176819e-02,3.763798177242279053e-01,-4.897902607917785645e-01,-7.864119410514831543e-01,0.000000000000000000e+00
4.569422081112861633e-02,-2.204173058271408081e-01,8.627322502434253693e-03,-1.691426932811737061e-01,9.604014158248901367e-01,2.214042991399765015e-01,0.000000000000000000e+00
2.106961905956268311e-01,1.571786850690841675e-01,1.203282102942466736e-01,-3.541931211948394775e-01,-9.348495602607727051e-01,2.456604503095149994e-02,0.000000000000000000e+00
-6.107330694794654846e-02,-6.487350910902023315e-02,2.973964810371398926e-01,-7.456328868865966797e-01,-1.579004675149917603e-01,6.473786234855651855e-01,0.000000000000000000e+00
4.694278538227081299e-02,-2.272151708602905273e-01,8.096412755548954010e-03,4.411215186119079590e-01,-8.969664573669433594e-01,-2.937564253807067871e-02,0.000000000000000000e+00
-2.256127633154392242e-02,-8.914182335138320923e-02,-7.356542348861694336e-02,-3.394011855125427246e-01,7.679094076156616211e-01,5.432512760162353516e-01,0.000000000000000000e+00
6.101803854107856750e-02,1.943905055522918701e-01,7.735154777765274048e-02,-2.799631357192993164e-01,-9.541595578193664551e-01,-1.058308780193328857e-01,0.000000000000000000e+00
-2.339573800563812256e-01,1.542596668004989624e-01,-6.907341536134481430e-03,8.076520562171936035e-01,-5.283511877059936523e-01,2.618074715137481689e-01,0.000000000000000000e+00
-2.354754507541656494e-01,1.007931083440780640e-01,-1.992298103868961334e-02,5.833385586738586426e-01,4.293909668922424316e-02,8.110933303833007812e-01,0.000000000000000000e+00
2.027445286512374878e-01,-6.031030043959617615e-02,-5.951207503676414490e-02,7.155835032463073730e-01,-1.274007111787796021e-01,-6.868109703063964844e-01,0.000000000000000000e+00
-7.557752728462219238e-02,-4.614308476448059082e-02,-1.919048130512237549e-01,-7.107430696487426758e-01,1.370934695005416870e-01,-6.899635791778564453e-01,0.000000000000000000e+00
-1.108336150646209717e-01,-2.050705552101135254e-01,-1.374160498380661011e-01,7.146189361810684204e-02,-9.623709321022033691e-01,-2.621743679046630859e-01,0.000000000000000000e+00
2.817307971417903900e-02,9.404718875885009766e-02,-2.255798280239105225e-01,5.831276774406433105e-01,4.355512559413909912e-01,-6.857530474662780762e-01,0.000000000000000000e+00
1.741232573986053467e-01,1.246167905628681183e-02,-8.485694974660873413e-02,-7.198053598403930664e-01,-1.785134077072143555e-01,6.708302497863769531e-01,0.000000000000000000e+00
2.021816372871398926e-01,1.831587702035903931e-01,-1.974821388721466064e-01,2.436648160219192505e-01,8.276776075363159180e-01,-5.055464506149291992e-01,0.000000000000000000e+00
-2.710836827754974365e-01,-1.203436106443405151e-01,-1.622953824698925018e-02,-8.943101167678833008e-01,-3.401423096656799316e-01,-2.907104790210723877e-01,0.000000000000000000e+00
2.488702386617660522e-01,7.602876424789428711e-02,1.150526572018861771e-02,3.943521901965141296e-02,4.875539541244506836e-01,-8.722018003463745117e-01,0.000000000000000000e+00
1.010497435927391052e-01,1.873869597911834717e-01,1.389608681201934814e-01,-1.975402235984802246e-02,-9.957899451255798340e-01,-8.951064199209213257e-02,0.000000000000000000e+00
-1.461014598608016968e-01,-1.294492483139038086e-01,1.573426425457000732e-01,-6.949087977409362793e-01,-5.050246119499206543e-01,5.119100213050842285e-01,0.000000000000000000e+00
-1.227967888116836548e-01,-4.350164905190467834e-02,1.255348175764083862e-01,9.412257075309753418e-01,7.199670071713626385e-04,3.377774953842163086e-01,0.000000000000000000e+00
1.210884973406791687e-01,1.442368924617767334e-01,-6.076119467616081238e-02,5.685080289840698242e-01,6.482968926429748535e-01,-5.064679384231567383e-01,0.000000000000000000e+00
2.435786277055740356e-02,-1.874684542417526245e-01,-1.092839911580085754e-01,3.466501832008361816e-01,-8.363964557647705078e-01,-4.245875477790832520e-01,0.000000000000000000e+00
2.309165745973587036e-01,-9.460678696632385254e-02,-1.725098118185997009e-02,6.241143345832824707e-01,-3.760631680488586426e-01,-6.848779320716857910e-01,0.000000000000000000e+00
5.434844270348548889e-02,-3.086402453482151031e-02,-2.207796424627304077e-01,7.262367010116577148e-01,-1.481560021638870239e-01,-6.712898612022399902e-01,0.000000000000000000e+00
2.627299427986145020e-01,9.576025605201721191e-02,7.075914740562438965e-02,-7.602429389953613281e-01,-5.898175239562988281e-01,2.722976505756378174e-01,0.000000000000000000e+00
-2.724911272525787354e-02,-2.104706168174743652e-01,1.595402359962463379e-01,3.632499277591705322e-01,8.936542868614196777e-01,-2.634986042976379395e-01,0.000000000000000000e+00
-1.140274340286850929e-03,1.610423624515533447e-01,2.175620049238204956e-01,-3.259204626083374023e-01,8.335676193237304688e-01,4.460279345512390137e-01,0.000000000000000000e+00
2.354625612497329712e-01,-1.524384468793869019e-01,3.589034080505371094e-02,-6.255691647529602051e-01,4.814687669277191162e-01,6.138819456100463867e-01,0.000000000000000000e+00
-7.376736402511596680e-02,2.068672627210617065e-01,4.451367631554603577e-02,-1.287876218557357788e-01,9.557774066925048828e-01,2.643923163414001465e-01,0.000000000000000000e+00
3.906856104731559753e-02,-1.529984623193740845e-01,-1.508290916681289673e-01,4.737449586391448975e-01,-6.633762121200561523e-01,-5.792216062545776367e-01,0.000000000000000000e+00
-1.390595138072967529e-01,-5.919691175222396851e-02,3.205316886305809021e-02,7.000117897987365723e-01,3.967121541500091553e-01,-5.938038229942321777e-01,0.000000000000000000e+00
9.493144601583480835e-02,1.955797970294952393e-01,1.366639286279678345e-01,1.303325593471527100e-01,9.858769178390502930e-01,1.051669195294380188e-01,0.000000000000000000e+00
2.728399336338043213e-01,8.402521908283233643e-02,5.992179363965988159e-02,5.436077117919921875e-01,5.417805314064025879e-01,-6.410651803016662598e-01,0.000000000000000000e+00
-2.005740553140640259e-01,1.879196614027023315e-01,-4.725187644362449646e-02,-7.396236062049865723e-01,3.681179285049438477e-01,-5.634235143661499023e-01,0.000000000000000000e+00
-2.536607682704925537e-01,-1.329985857009887695e-01,-3.663636744022369385e-02,8.091619014739990234e-01,3.601268231868743896e-01,4.642905294895172119e-01,0.000000000000000000e+00
2.755249142646789551e-01,-1.221308484673500061e-01,4.671580344438552856e-02,-5.495163425803184509e-02,1.382865309715270996e-01,9.888666272163391113e-01,0.000000000000000000e+00
-1.637386977672576904e-01,-7.274848222732543945e-02,5.294370930641889572e-03,2.786049246788024902e-01,6.296638250350952148e-01,-7.251915335655212402e-01,0.000000000000000000e+00
1.153868213295936584e-01,-9.306228160858154297e-02,-1.013108864426612854e-01,8.396315574645996094e-01,-1.137096211314201355e-01,5.311204791069030762e-01,0.000000000000000000e+00
-1.032764166593551636e-01,-1.799928694963455200e-01,1.428808569908142090e-01,-5.634062886238098145e-01,-7.596438527107238770e-01,3.248300552368164062e-01,0.000000000000000000e+00
1.432971805334091187e-01,-2.424099892377853394e-01,1.125741228461265564e-01,1.173195317387580872e-01,-9.611750245094299316e-01,-2.497572451829910278e-01,0.000000000000000000e+00
-8.704992942512035370e-04,1.557938288897275925e-02,-2.152234166860580444e-01,-9.486884474754333496e-01,6.113930419087409973e-02,-3.102454841136932373e-01,0.000000000000000000e+00
2.115586549043655396e-01,1.926876008510589600e-01,1.697667986154556274e-01,8.136722445487976074e-01,1.508397459983825684e-01,5.614132881164550781e-01,0.000000000000000000e+00
-2.333844602108001709e-01,-7.923434488475322723e-03,-4.238942638039588928e-02,-6.014001369476318359e-01,1.261299103498458862e-01,-7.889291048049926758e-01,0.000000000000000000e+00
-2.576123923063278198e-02,-7.441053539514541626e-02,-2.116287052631378174e-01,-8.908952474594116211e-01,4.234918355941772461e-01,-1.641961187124252319e-01,0.000000000000000000e+00
2.419077903032302856e-01,7.846493273973464966e-02,1.146585308015346527e-02,3.950951695442199707e-01,5.163122415542602539e-01,-7.598167657852172852e-01,0.000000000000000000e+00
-2.176982164382934570e-01,-9.077443927526473999e-02,9.821958839893341064e-02,-7.107927203178405762e-01,-4.326550662517547607e-01,5.546019077301025391e-01,0.000000000000000000e+00
2.578034996986389160e-01,1.291935443878173828e-01,9.172129631042480469e-02,2.185184061527252197e-01,7.306547760963439941e-01,-6.468333005905151367e-01,0.000000000000000000e+00
2.940009236335754395e-01,-7.228089869022369385e-02,4.035481438040733337e-02,-4.235834255814552307e-02,-1.863173954188823700e-02,9.989287257194519043e-01,0.000000000000000000e+00
2.817889451980590820e-01,-1.126918047666549683e-01,3.501144424080848694e-02,1.047832295298576355e-01,-1.347100585699081421e-01,-9.853292107582092285e-01,0.000000000000000000e+00
2.792462706565856934e-01,5.613664165139198303e-02,4.477381706237792969e-02,6.552771329879760742e-01,4.988575577735900879e-01,-5.672327876091003418e-01,0.000000000000000000e+00
-1.222596615552902222e-01,-2.009500414133071899e-01,5.620516091585159302e-02,-4.227935075759887695e-01,-8.766134977340698242e-01,2.297704666852951050e-01,0.000000000000000000e+00
-1.040430292487144470e-01,-9.480968862771987915e-02,1.246417593210935593e-02,4.346317648887634277e-01,8.424512743949890137e-01,-3.183882236480712891e-01,0.000000000000000000e+00
-1.316462010145187378e-01,-1.673967838287353516e-01,-1.617670357227325439e-01,8.985961079597473145e-01,2.377864904701709747e-03,4.387703239917755127e-01,0.000000000000000000e+00
-6.901308894157409668e-02,1.120212525129318237e-01,7.723445445299148560e-02,6.598854064941406250e-01,-6.343181729316711426e-01,4.027302861213684082e-01,0.000000000000000000e+00
1.651439368724822998e-01,1.063304245471954346e-01,-4.079522192478179932e-02,-9.023761749267578125e-01,-2.880393266677856445e-01,3.205473423004150391e-01,0.000000000000000000e+00
6.384830921888351440e-02,-4.333290830254554749e-02,-2.078251987695693970e-01,6.682105064392089844e-01,-2.526670694351196289e-01,-6.997528672218322754e-01,0.000000000000000000e+00
-1.197455078363418579e-01,-1.858149319887161255e-01,-1.592997461557388306e-01,4.885275289416313171e-02,4.434111416339874268e-01,8.949860334396362305e-01,0.000000000000000000e+00
-1.714625023305416107e-02,9.997200220823287964e-02,-7.042192667722702026e-02,-6.967656016349792480e-01,-7.035536170005798340e-01,1.397499293088912964e-01,0.000000000000000000e+00
1.228466406464576721e-01,-2.772738933563232422e-01,1.606478542089462280e-01,-6.857099533081054688e-01,-2.316040247678756714e-01,-6.900445222854614258e-01,0.000000000000000000e+00
2.961537614464759827e-02,1.938183903694152832e-01,-7.229709625244140625e-02,3.757493793964385986e-01,8.989758491516113281e-01,-2.250662595033645630e-01,0.000000000000000000e+00
-1.133240684866905212e-01,4.371991381049156189e-02,1.083178520202636719e-01,9.623524546623229980e-01,-2.693969309329986572e-01,3.609712049365043640e-02,0.000000000000000000e+00
1.738068610429763794e-01,2.556445635855197906e-02,-9.217856079339981079e-02,7.383921146392822266e-01,7.550752907991409302e-02,-6.701310873031616211e-01,0.000000000000000000e+00
-1.437332481145858765e-01,5.087699368596076965e-02,1.875482052564620972e-01,6.433359980583190918e-01,-4.924905598163604736e-01,-5.861499905586242676e-01,0.000000000000000000e+00
7.718370109796524048e-02,-1.347519904375076294e-01,-6.151485070586204529e-02,5.337393879890441895e-01,4.055735096335411072e-02,8.446758985519409180e-01,0.000000000000000000e+00
-1.121255531907081604e-01,9.508886188268661499e-02,1.914009302854537964e-01,5.833650231361389160e-01,-4.711370170116424561e-01,-6.616004705429077148e-01,0.000000000000000000e+00
1.082019656896591187e-01,1.293745636940002441e-01,-2.241950631141662598e-01,2.211073935031890869e-01,-1.429563462734222412e-01,9.647150039672851562e-01,0.000000000000000000e+00
-3.329920396208763123e-02,-1.579426079988479614e-01,3.224681317806243896e-01,-8.281341791152954102e-01,-2.560681104660034180e-01,-4.986209571361541748e-01,0.000000000000000000e+00
1.077839359641075134e-01,-1.820853054523468018e-01,-3.799751028418540955e-02,-3.712994754314422607e-01,7.824721932411193848e-01,4.998739361763000488e-01,0.000000000000000000e+00
-7.923986017704010010e-02,-1.109415367245674133e-01,-9.159518033266067505e-02,-4.490751028060913086e-01,8.934895396232604980e-01,-2.833469305187463760e-03,0.000000000000000000e+00
-9.582135081291198730e-02,2.150637358427047729e-01,7.422615890391170979e-04,-8.459615707397460938e-02,9.800159335136413574e-01,1.800340116024017334e-01,0.000000000000000000e+00
-2.190844416618347168e-01,1.500091105699539185e-01,-2.977274917066097260e-02,6.182993650436401367e-01,4.886715486645698547e-02,7.844220399856567383e-01,0.000000000000000000e+00
-1.210370217449963093e-03,8.608935773372650146e-02,-6.975871324539184570e-02,-6.213834881782531738e-01,-7.621349692344665527e-01,1.817494481801986694e-01,0.000000000000000000e+00
-2.458099126815795898e-01,8.096092194318771362e-02,7.602081447839736938e-02,-6.873685717582702637e-01,3.352792561054229736e-01,6.442920565605163574e-01,0.000000000000000000e+00
-7.113268226385116577e-02,3.902293369174003601e-02,-1.724915802478790283e-01,8.398411273956298828e-01,-1.849259734153747559e-01,5.103619098663330078e-01,0.000000000000000000e+00
1.133215725421905518e-01,1.683080643415451050e-01,3.781674240599386394e-05,-4.089885950088500977e-01,-8.067173957824707031e-01,4.265387952327728271e-01,0.000000000000000000e+00
-2.422498017549514771e-01,-1.367670744657516479e-01,1.888900808990001678e-02,-6.378461122512817383e-01,-6.427313685417175293e-01,4.243214428424835205e-01,0.000000000000000000e+00
1.772602200508117676e-01,1.609278023242950439e-01,5.660964921116828918e-02,4.296867549419403076e-01,8.584751486778259277e-01,-2.799816429615020752e-01,0.000000000000000000e+00
-1.821418255567550659e-01,-1.133130788803100586e-01,1.259646564722061157e-01,-6.898205876350402832e-01,-5.171836614608764648e-01,5.066246986389160156e-01,0.000000000000000000e+00
-4.650908336043357849e-02,-9.791387617588043213e-02,-7.859248667955398560e-02,-4.910599887371063232e-01,8.594161868095397949e-01,1.423512697219848633e-01,0.000000000000000000e+00
-2.153425812721252441e-01,1.330969035625457764e-01,-3.378033638000488281e-02,5.479105114936828613e-01,1.578389406204223633e-01,8.215113878250122070e-01,0.000000000000000000e+00
-5.566065665334463120e-03,5.769534036517143250e-02,-1.377480328083038330e-01,-9.553679227828979492e-01,-2.921791970729827881e-01,4.362884908914566040e-02,0.000000000000000000e+00
-2.648963034152984619e-01,-1.074053123593330383e-01,-4.965931177139282227e-03,3.775483667850494385e-01,-5.004744529724121094e-01,-7.790908813476562500e-01,0.000000000000000000e+00
2.786900103092193604e-01,-1.068245619535446167e-01,3.258563205599784851e-02,3.615654408931732178e-01,-3.956444561481475830e-01,-8.442368507385253906e-01,0.000000000000000000e+00
2.569891810417175293e-01,8.298426121473312378e-02,3.711929172277450562e-02,7.471010684967041016e-01,4.009658694267272949e-01,-5.301569700241088867e-01,0.000000000000000000e+00
-1.545600593090057373e-01,-6.876741070300340652e-03,2.018524557352066040e-01,-7.367664575576782227e-01,4.779195412993431091e-02,6.744561195373535156e-01,0.000000000000000000e+00
2.289198525249958038e-02,-3.507005050778388977e-02,-8.894643187522888184e-02,-4.936847686767578125e-01,2.791387438774108887e-01,8.236242532730102539e-01,0.000000000000000000e+00
7.891013473272323608e-02,7.048700749874114990e-02,-1.817300915718078613e-01,7.657061815261840820e-01,2.822808921337127686e-01,-5.779373049736022949e-01,0.000000000000000000e+00
-2.530702352523803711e-01,-6.359683722257614136e-02,-3.689857199788093567e-02,-5.873069167137145996e-01,1.626905053853988647e-01,-7.928444743156433105e-01,0.000000000000000000e+00
-9.216798841953277588e-02,-1.558614671230316162e-01,-1.999787390232086182e-01,-6.366294026374816895e-01,3.882214799523353577e-02,-7.701920866966247559e-01,0.000000000000000000e+00
-2.000641524791717529e-01,3.338142484426498413e-02,-6.318357586860656738e-02,-6.368467807769775391e-01,9.458838403224945068e-02,-7.651661634445190430e-01,0.000000000000000000e+00
1.470423787832260132e-01,1.726132035255432129e-01,7.728569954633712769e-02,-3.841083645820617676e-01,-9.169082641601562500e-01,1.083513274788856506e-01,0.000000000000000000e+00
1.931894272565841675e-01,-1.948003321886062622e-01,3.941301256418228149e-02,4.035140573978424072e-01,-7.762791514396667480e-01,-4.843212962150573730e-01,0.000000000000000000e+00
5.606591701507568359e-03,-1.418211311101913452e-01,-1.933609694242477417e-01,4.750722348690032959e-01,-7.129613757133483887e-01,-5.157445669174194336e-01,0.000000000000000000e+00
2.561299800872802734e-01,-1.216298192739486694e-01,3.180665150284767151e-02,-6.320987939834594727e-01,4.084180891513824463e-01,6.585178375244140625e-01,0.000000000000000000e+00
2.073906660079956055e-01,-1.581838279962539673e-01,1.636079698801040649e-02,-4.812124371528625488e-01,6.561225652694702148e-01,5.813241600990295410e-01,0.000000000000000000e+00
-6.084746867418289185e-02,-1.302800774574279785e-01,2.623140215873718262e-01,-6.925530433654785156e-01,-4.942783117294311523e-01,5.254133939743041992e-01,0.000000000000000000e+00
-9.318692982196807861e-02,1.204513236880302429e-01,-1.528054177761077881e-01,-7.027423977851867676e-01,4.137250781059265137e-02,-7.102404236793518066e-01,0.000000000000000000e+00
-1.514962911605834961e-01,-1.775892972946166992e-01,-1.398584693670272827e-01,5.212219953536987305e-01,-2.075445652008056641e-01,8.278000354766845703e-01,0.000000000000000000e+00
1.225348562002182007e-01,1.840428709983825684e-01,1.678068488836288452e-01,-6.142513453960418701e-02,-9.782370328903198242e-01,-1.981898546218872070e-01,0.000000000000000000e+00
1.110599655658006668e-02,1.745644956827163696e-01,1.966288983821868896e-01,-2.375751435756683350e-01,9.130002856254577637e-01,3.316451311111450195e-01,0.000000000000000000e+00
1.909462809562683105e-01,-2.076828181743621826e-01,5.813461914658546448e-02,2.937895059585571289e-01,-8.480091691017150879e-01,-4.410988390445709229e-01,0.000000000000000000e+00
4.680404812097549438e-02,-1.910976618528366089e-01,-8.491557091474533081e-02,3.514901399612426758e-01,-8.173301219940185547e-01,-4.565371572971343994e-01,0.000000000000000000e+00
-1.543170958757400513e-01,1.877931132912635803e-02,-9.467619657516479492e-02,7.445551753044128418e-01,-1.977866291999816895e-01,6.375876665115356445e-01,0.000000000000000000e+00
-2.060598433017730713e-01,7.924396544694900513e-02,1.192128062248229980e-01,-6.701879501342773438e-01,3.678680658340454102e-01,6.446093320846557617e-01,0.000000000000000000e+00
-2.555538415908813477e-01,1.040024459362030029e-01,-1.331266574561595917e-02,-6.513975262641906738e-01,8.633327484130859375e-02,-7.538088560104370117e-01,0.000000000000000000e+00
-1.917113214731216431e-01,-1.648610979318618774e-01,-1.106798797845840454e-01,-6.081376075744628906e-01,1.944046616554260254e-01,-7.696593403816223145e-01,0.000000000000000000e+00
-6.159327924251556396e-02,-5.567254871129989624e-02,-2.004708051681518555e-01,7.286511063575744629e-01,-2.001482434570789337e-02,6.845926046371459961e-01,0.000000000000000000e+00
4.737174138426780701e-02,-7.373076863586902618e-03,-2.319563627243041992e-01,7.143902182579040527e-01,-9.051579982042312622e-02,-6.938685178756713867e-01,0.000000000000000000e+00
-9.850323945283889771e-02,-1.348998099565505981e-01,1.994760483503341675e-01,6.221522688865661621e-01,5.800651311874389648e-01,-5.257861018180847168e-01,0.000000000000000000e+00
1.059317290782928467e-01,1.917443275451660156e-01,1.727628856897354126e-01,3.696773573756217957e-02,9.990022778511047363e-01,2.505595237016677856e-02,0.000000000000000000e+00
2.277109920978546143e-01,1.361786574125289917e-01,9.011450409889221191e-02,-4.716045260429382324e-01,-7.768183946609497070e-01,4.173036813735961914e-01,0.000000000000000000e+00
1.861103624105453491e-01,1.769367605447769165e-01,1.401673257350921631e-01,3.667109608650207520e-01,9.168470501899719238e-01,-1.578436046838760376e-01,0.000000000000000000e+00
-2.137190848588943481e-01,1.845074445009231567e-01,-3.017694316804409027e-02,-7.048388123512268066e-01,5.629732608795166016e-01,-4.315823614597320557e-01,0.000000000000000000e+00
1.495365947484970093e-01,5.421921983361244202e-02,-1.086788401007652283e-01,7.268949151039123535e-01,3.024226427078247070e-01,-6.165746450424194336e-01,0.000000000000000000e+00
1.946040242910385132e-02,-2.321546375751495361e-01,9.351890534162521362e-02,7.996147871017456055e-02,9.967363476753234863e-01,1.108459196984767914e-02,0.000000000000000000e+00
2.735673487186431885e-01,1.528265178203582764e-01,1.021321713924407959e-01,7.859401106834411621e-01,6.118518114089965820e-01,8.908171951770782471e-02,0.000000000000000000e+00
-5.901031196117401123e-02,-1.097765564918518066e-01,-1.641680002212524414e-01,-7.869659066200256348e-01,5.422057509422302246e-01,-2.944444715976715088e-01,0.000000000000000000e+00
9.530136734247207642e-02,-6.049688905477523804e-02,-7.863998413085937500e-02,5.059336423873901367e-01,-7.790286093950271606e-02,8.590472936630249023e-01,0.000000000000000000e+00
-2.164340205490589142e-02,1.505806148052215576e-01,-1.837857663631439209e-01,-9.308257102966308594e-01,3.231108188629150391e-02,-3.640322983264923096e-01,0.000000000000000000e+00
-4.893540591001510620e-02,-2.212253212928771973e-01,-4.252363741397857666e-02,-3.370070084929466248e-02,-9.899483919143676758e-01,-1.373551040887832642e-01,0.000000000000000000e+00
-1.507830470800399780e-01,-1.669449955224990845e-01,-1.485514044761657715e-01,-6.688995957374572754e-01,1.208511739969253540e-01,-7.334632277488708496e-01,0.000000000000000000e+00
-3.813642635941505432e-02,2.065964788198471069e-01,6.139570474624633789e-02,-1.001001670956611633e-01,9.755364656448364258e-01,1.957255899906158447e-01,0.000000000000000000e+00
2.525177001953125000e-01,-6.203435361385345459e-02,1.893789623863995075e-03,-5.955808758735656738e-01,3.064503967761993408e-01,7.425439953804016113e-01,0.000000000000000000e+00
-8.306168019771575928e-02,1.152228862047195435e-01,1.990762948989868164e-01,5.368934273719787598e-01,-7.114418148994445801e-01,-4.534269571304321289e-01,0.000000000000000000e+00
-1.932291127741336823e-02,-5.615352839231491089e-02,-1.222527250647544861e-01,-8.099234700202941895e-01,5.189833045005798340e-01,2.732768654823303223e-01,0.000000000000000000e+00
1.116852313280105591e-01,1.498846411705017090e-01,-6.404062360525131226e-02,5.310668945312500000e-01,7.564271688461303711e-01,-3.818190991878509521e-01,0.000000000000000000e+00
7.624505460262298584e-02,8.357701823115348816e-03,-2.017143368721008301e-01,7.570142149925231934e-01,4.878534749150276184e-02,-6.515746116638183594e-01,0.000000000000000000e+00
-5.564166232943534851e-02,5.832799524068832397e-02,-1.872647404670715332e-01,7.841238975524902344e-01,-2.209728807210922241e-01,5.799316167831420898e-01,0.000000000000000000e+00
-3.975995257496833801e-02,1.874247938394546509e-01,-1.633684635162353516e-01,-4.834426939487457275e-01,-8.652514219284057617e-01,1.327521800994873047e-01,0.000000000000000000e+00
-2.309506833553314209e-01,9.558391757309436798e-03,1.129069030284881592e-01,-7.442695498466491699e-01,6.572353839874267578e-02,6.646376848220825195e-01,0.000000000000000000e+00
1.632864624261856079e-01,-2.710518240928649902e-01,1.439879983663558960e-01,5.856061577796936035e-01,-6.158059835433959961e-01,5.271133184432983398e-01,0.000000000000000000e+00
-1.142977401614189148e-01,6.321986019611358643e-02,1.304467022418975830e-01,8.896111845970153809e-01,-2.263001352548599243e-01,3.967117369174957275e-01,0.000000000000000000e+00
-1.145551353693008423e-01,8.829507231712341309e-02,-1.243922188878059387e-01,7.743930220603942871e-01,-3.448373451828956604e-02,6.317644715309143066e-01,0.000000000000000000e+00
-3.477848693728446960e-02,-2.007641643285751343e-01,-1.185876727104187012e-01,1.889647990465164185e-01,-9.192578792572021484e-01,-3.453363478183746338e-01,0.000000000000000000e+00
1.380430459976196289e-01,-2.669202163815498352e-02,-1.063745915889739990e-01,7.224313020706176758e-01,-4.270710945129394531e-01,5.437860488891601562e-01,0.000000000000000000e+00
4.845202714204788208e-02,1.549917161464691162e-01,4.790354985743761063e-03,5.310331583023071289e-01,-6.954159587621688843e-02,8.444926142692565918e-01,0.000000000000000000e+00
5.169014632701873779e-02,1.813698261976242065e-01,1.752530634403228760e-01,-6.498671323060989380e-02,-9.769342541694641113e-01,-2.034114003181457520e-01,0.000000000000000000e+00
-7.483481615781784058e-02,1.378561109304428101e-01,-1.704315841197967529e-01,-7.088714241981506348e-01,1.968152262270450592e-02,-7.050631046295166016e-01,0.000000000000000000e+00
-1.732635945081710815e-01,3.041102364659309387e-02,3.715351596474647522e-02,3.866478502750396729e-01,-1.192787364125251770e-01,-9.144812822341918945e-01,0.000000000000000000e+00
1.025893762707710266e-01,-2.740487456321716309e-01,1.987269967794418335e-01,4.596931338310241699e-01,-6.294591426849365234e-01,6.264690160751342773e-01,0.000000000000000000e+00
-4.826461523771286011e-02,-8.621531724929809570e-02,-2.316744476556777954e-01,-6.943730115890502930e-01,1.271370351314544678e-01,-7.082953453063964844e-01,0.000000000000000000e+00
-9.143216907978057861e-02,-1.394664645195007324e-01,-1.466090828180313110e-01,-6.646078824996948242e-01,6.412024497985839844e-01,-3.836088478565216064e-01,0.000000000000000000e+00
-3.294231742620468140e-02,-1.088638231158256531e-01,3.006939888000488281e-01,7.126185297966003418e-01,4.372913241386413574e-01,-5.485901236534118652e-01,0.000000000000000000e+00
4.676832258701324463e-02,-1.020726785063743591e-01,-5.474269017577171326e-02,2.660126984119415283e-01,2.812070250511169434e-01,9.220411181449890137e-01,0.000000000000000000e+00
1.031815726310014725e-02,1.902600824832916260e-01,1.528372615575790405e-01,-1.139560788869857788e-01,9.666972756385803223e-01,2.291513830423355103e-01,0.000000000000000000e+00
2.894104421138763428e-01,-1.283452063798904419e-01,3.229784965515136719e-02,-8.036051392555236816e-01,1.982994526624679565e-01,-5.611560344696044922e-01,0.000000000000000000e+00
9.283080697059631348e-02,1.770347207784652710e-01,-2.951392158865928650e-02,4.445725977420806885e-01,8.584879636764526367e-01,-2.556434869766235352e-01,0.000000000000000000e+00
-2.702869474887847900e-01,-9.091947972774505615e-02,-2.757717296481132507e-02,-7.155314683914184570e-01,1.965500041842460632e-02,-6.983039379119873047e-01,0.000000000000000000e+00
-5.909756571054458618e-02,1.692108511924743652e-01,-1.742243915796279907e-01,7.302322983741760254e-01,-2.439834177494049072e-01,6.381480097770690918e-01,0.000000000000000000e+00
2.027002722024917603e-01,-1.442720592021942139e-01,-1.165812369436025620e-02,6.001290678977966309e-01,-5.350970625877380371e-01,-5.945723056793212891e-01,0.000000000000000000e+00
1.893991082906723022e-01,-2.169399112462997437e-01,7.383108139038085938e-02,2.879751026630401611e-01,-8.736327290534973145e-01,-3.922196030616760254e-01,0.000000000000000000e+00
1.553702503442764282e-01,1.008289027959108353e-02,-1.142741963267326355e-01,7.053769230842590332e-01,1.275613754987716675e-01,-6.972599625587463379e-01,0.000000000000000000e+00
-1.149341538548469543e-01,2.125142663717269897e-01,3.721342654898762703e-03,-1.930361092090606689e-01,9.394891262054443359e-01,2.830145061016082764e-01,0.000000000000000000e+00
-1.610657423734664917e-01,-1.941921114921569824e-01,7.731035817414522171e-03,-3.854712247848510742e-01,-9.008991718292236328e-01,1.994808912277221680e-01,0.000000000000000000e+00
-1.163213700056076050e-01,-1.223240792751312256e-01,-1.598584800958633423e-01,6.106654405593872070e-01,-1.765276640653610229e-01,7.719622254371643066e-01,0.000000000000000000e+00
-2.197276949882507324e-01,1.305820196866989136e-01,6.551561504602432251e-02,-5.624451637268066406e-01,5.926414728164672852e-01,5.765687823295593262e-01,0.000000000000000000e+00
2.652536630630493164e-01,8.442933112382888794e-02,6.135535985231399536e-02,-6.870301365852355957e-01,-4.965142607688903809e-01,5.305310487747192383e-01,0.000000000000000000e+00
-1.339054405689239502e-01,2.240856140851974487e-01,-7.091359049081802368e-02,-2.506620883941650391e-01,9.647131562232971191e-01,-8.060397952795028687e-02,0.000000000000000000e+00
2.820025384426116943e-01,-1.306759864091873169e-01,4.927457869052886963e-02,2.424099445343017578e-01,1.657429188489913940e-01,9.559114575386047363e-01,0.000000000000000000e+00
2.114344537258148193e-01,2.330194786190986633e-02,-5.033057555556297302e-02,7.300589084625244141e-01,6.943470984697341919e-02,-6.798476576805114746e-01,0.000000000000000000e+00
9.644415229558944702e-02,-1.891736537218093872e-01,-3.576339036226272583e-02,-3.295954763889312744e-01,6.910732984542846680e-01,6.432608366012573242e-01,0.000000000000000000e+00
7.513308431953191757e-03,1.731486171483993530e-01,1.979530751705169678e-01,-2.375751435756683350e-01,9.130002856254577637e-01,3.316451311111450195e-01,0.000000000000000000e+00
-2.518824934959411621e-01,1.006836369633674622e-01,3.035364486277103424e-02,-2.893522381782531738e-01,-5.008237808942794800e-02,-9.559116363525390625e-01,0.000000000000000000e+00
-1.244837045669555664e-02,7.870635390281677246e-02,-1.469662934541702271e-01,-9.539780020713806152e-01,-2.963787019252777100e-01,4.566882550716400146e-02,0.000000000000000000e+00
2.365348637104034424e-01,-1.167916692793369293e-02,-2.828163467347621918e-02,7.362828254699707031e-01,6.577929109334945679e-02,-6.734691262245178223e-01,0.000000000000000000e+00
-6.185244023799896240e-02,-1.750033199787139893e-01,2.086074352264404297e-01,-5.676665306091308594e-01,-7.108089923858642578e-01,4.153375029563903809e-01,0.000000000000000000e+00
-1.034123599529266357e-01,-1.882512867450714111e-01,-1.752778142690658569e-01,-3.413653671741485596e-01,-6.291406750679016113e-01,-6.983206272125244141e-01,0.000000000000000000e+00
-1.086952537298202515e-01,-9.967473149299621582e-02,-1.632758378982543945e-01,8.153761625289916992e-01,-1.432139426469802856e-01,5.609380602836608887e-01,0.000000000000000000e+00
-1.328438669443130493e-01,7.947770506143569946e-02,1.696816384792327881e-01,7.513681054115295410e-01,-3.343218266963958740e-01,5.689243078231811523e-01,0.000000000000000000e+00
-1.288634836673736572e-01,2.063280344009399414e-01,1.647900417447090149e-02,-1.671650856733322144e-01,9.513819217681884766e-01,2.587050497531890869e-01,0.000000000000000000e+00
-5.976905301213264465e-02,-1.128004118800163269e-01,2.660989165306091309e-01,8.467245101928710938e-01,2.007219046354293823e-01,-4.927152693271636963e-01,0.000000000000000000e+00
-1.138016134500503540e-01,-1.086218953132629395e-01,-1.581965833902359009e-01,7.256109714508056641e-01,-1.939055025577545166e-01,6.602191925048828125e-01,0.000000000000000000e+00
-1.081549152731895447e-01,-2.087758034467697144e-01,-1.184523105621337891e-01,1.428178884088993073e-02,-9.861802458763122559e-01,-1.650591790676116943e-01,0.000000000000000000e+00
1.689661592245101929e-01,1.833255738019943237e-01,1.535101234912872314e-01,1.447835117578506470e-01,9.879189729690551758e-01,5.526168644428253174e-02,0.000000000000000000e+00
-1.597046703100204468e-01,1.651138961315155029e-01,-8.017616719007492065e-02,6.965193152427673340e-01,1.432097107172012329e-01,7.031015753746032715e-01,0.000000000000000000e+00
-2.086696624755859375e-01,-4.646184667944908142e-02,-6.046936661005020142e-02,7.254641056060791016e-01,-4.524438679218292236e-01,5.186486244201660156e-01,0.000000000000000000e+00
-6.814619153738021851e-02,1.932427436113357544e-01,-1.504776626825332642e-01,3.803426623344421387e-01,-4.569930434226989746e-01,8.040502667427062988e-01,0.000000000000000000e+00
2.297255955636501312e-02,-2.171109169721603394e-01,2.378481328487396240e-01,-4.446145892143249512e-01,-8.315035104751586914e-01,3.330461084842681885e-01,0.000000000000000000e+00
-4.549748823046684265e-02,-1.002139747142791748e-01,-2.276777029037475586e-01,5.444696545600891113e-01,-1.948195397853851318e-01,8.158419728279113770e-01,0.000000000000000000e+00
2.582217752933502197e-01,-8.996755629777908325e-02,1.652126386761665344e-02,-6.198470592498779297e-01,2.681713700294494629e-01,7.374779582023620605e-01,0.000000000000000000e+00
-5.352289229631423950e-02,-8.322548121213912964e-03,3.000121414661407471e-01,6.967009305953979492e-01,-1.473165601491928101e-01,-7.020723819732666016e-01,0.000000000000000000e+00
6.543797906488180161e-03,-2.085964381694793701e-01,-7.163324207067489624e-02,2.115530222654342651e-01,-9.014053940773010254e-01,-3.777745664119720459e-01,0.000000000000000000e+00
-4.076971113681793213e-02,-1.025797724723815918e-01,-2.379376590251922607e-01,-4.614130556583404541e-01,-9.427036345005035400e-02,-8.821627497673034668e-01,0.000000000000000000e+00
-7.927952706813812256e-02,1.386031210422515869e-01,1.878457814455032349e-01,-5.168628096580505371e-01,6.611963510513305664e-01,5.437574982643127441e-01,0.000000000000000000e+00
1.413198560476303101e-01,9.856034815311431885e-02,-8.876766264438629150e-02,7.759954929351806641e-01,4.238010644912719727e-01,-4.671441316604614258e-01,0.000000000000000000e+00
-1.276409626007080078e-01,1.614713072776794434e-01,-1.183123886585235596e-01,-6.778870224952697754e-01,4.731249529868364334e-03,-7.351508736610412598e-01,0.000000000000000000e+00
1.396582126617431641e-01,-1.541341543197631836e-01,-6.017397344112396240e-02,5.199295878410339355e-01,-6.031162142753601074e-01,-6.049166321754455566e-01,0.000000000000000000e+00
-1.842291653156280518e-01,1.547554582357406616e-01,7.042600214481353760e-02,-4.984685778617858887e-01,6.946070194244384766e-01,5.187004804611206055e-01,0.000000000000000000e+00
-1.795109063386917114e-01,-9.978454560041427612e-02,1.414074003696441650e-01,-6.914077401161193848e-01,-4.184577763080596924e-01,5.889383554458618164e-01,0.000000000000000000e+00
-9.722799807786941528e-02,-1.073492541909217834e-01,7.921956479549407959e-02,8.408049345016479492e-01,3.762522637844085693e-01,3.892059624195098877e-01,0.000000000000000000e+00
-1.549279093742370605e-01,-1.982885748147964478e-01,-1.314097344875335693e-01,-3.394602835178375244e-01,-8.727457523345947266e-01,-3.508298397064208984e-01,0.000000000000000000e+00
1.761053651571273804e-01,1.365763992071151733e-01,2.095787553116679192e-03,6.145409941673278809e-01,6.863662600517272949e-01,-3.888967931270599365e-01,0.000000000000000000e+00
-5.718500912189483643e-02,-2.248497307300567627e-01,4.618718847632408142e-02,-2.303477227687835693e-01,-9.731060266494750977e-01,2.130918903276324272e-03,0.000000000000000000e+00
-8.552031964063644409e-02,-1.427906379103660583e-02,-1.664863377809524536e-01,8.006231188774108887e-01,-2.013753801584243774e-01,5.643143057823181152e-01,0.000000000000000000e+00
1.915570646524429321e-01,-9.842435270547866821e-02,-5.465288832783699036e-02,6.556015610694885254e-01,-3.786747157573699951e-01,-6.532931923866271973e-01,0.000000000000000000e+00
1.544090658426284790e-01,9.380028396844863892e-02,-7.748501002788543701e-02,6.829612255096435547e-01,4.641098678112030029e-01,-5.640620589256286621e-01,0.000000000000000000e+00
3.217216208577156067e-02,-6.529108434915542603e-02,-7.022734731435775757e-02,-2.497485838830471039e-02,3.538129627704620361e-01,9.349827170372009277e-01,0.000000000000000000e+00
-1.198527514934539795e-01,-1.813210248947143555e-01,1.154266670346260071e-01,-4.637546539306640625e-01,-7.700640559196472168e-01,4.381015896797180176e-01,0.000000000000000000e+00
-1.181309670209884644e-01,-6.395553797483444214e-02,1.145201325416564941e-01,9.572135806083679199e-01,6.296254694461822510e-02,2.824497520923614502e-01,0.000000000000000000e+00
2.993399500846862793e-01,3.590449690818786621e-02,4.614205285906791687e-02,-8.430614322423934937e-02,3.356831073760986328e-01,-9.381946921348571777e-01,0.000000000000000000e+00
-5.071564111858606339e-03,5.496756639331579208e-03,-2.488370686769485474e-01,4.767938554286956787e-01,-4.086325317621231079e-02,8.780648112297058105e-01,0.000000000000000000e+00
6.114562228322029114e-02,1.922397017478942871e-01,1.684789508581161499e-01,-5.063826963305473328e-02,9.816794395446777344e-01,1.836878508329391479e-01,0.000000000000000000e+00
-1.152968928217887878e-01,1.472705751657485962e-01,-1.183153241872787476e-01,7.246264815330505371e-01,4.765687976032495499e-03,6.891253590583801270e-01,0.000000000000000000e+00
3.076534867286682129e-01,1.098237633705139160e-01,-4.908595606684684753e-02,-9.362331032752990723e-01,2.881480753421783447e-01,-2.010927498340606689e-01,0.000000000000000000e+00
1.942488700151443481e-01,-5.001267790794372559e-02,-7.060000300407409668e-02,7.456229925155639648e-01,-1.407998949289321899e-01,-6.513230800628662109e-01,0.000000000000000000e+00
1.388906240463256836e-01,1.147670447826385498e-01,-2.130388617515563965e-01,1.032675653696060181e-01,2.170100435614585876e-02,9.944168329238891602e-01,0.000000000000000000e+00
3.602702915668487549e-02,-2.398896962404251099e-01,2.482400387525558472e-01,-5.159652829170227051e-01,3.610097467899322510e-01,-7.768216133117675781e-01,0.000000000000000000e+00
1.773554682731628418e-01,6.663700565695762634e-03,-9.240152686834335327e-02,7.461618781089782715e-01,3.705996274948120117e-02,-6.647322773933410645e-01,0.000000000000000000e+00
-1.599960476160049438e-01,-1.099921390414237976e-01,-1.230703815817832947e-01,-6.620322465896606445e-01,1.584093868732452393e-01,-7.325433492660522461e-01,0.000000000000000000e+00
-2.232819944620132446e-01,-5.542875081300735474e-02,4.850401543080806732e-03,-2.420246135443449020e-03,3.807140290737152100e-01,-9.246896505355834961e-01,0.000000000000000000e+00
-1.289321184158325195e-01,-2.114432454109191895e-01,-7.918725162744522095e-02,-1.163203865289688110e-01,-9.931047558784484863e-01,-1.457960158586502075e-02,0.000000000000000000e+00
3.069963157176971436e-01,1.402460318058729172e-02,4.989478364586830139e-02,-2.310058027505874634e-01,-2.227756679058074951e-01,9.471046924591064453e-01,0.000000000000000000e+00
-7.169825956225395203e-03,5.228021368384361267e-02,-1.600985378026962280e-01,-9.877545237541198730e-01,-1.517608463764190674e-01,3.618908673524856567e-02,0.000000000000000000e+00
2.320437505841255188e-02,1.067696288228034973e-01,3.112449049949645996e-01,7.274399399757385254e-01,-5.603175759315490723e-01,-3.960749208927154541e-01,0.000000000000000000e+00
-1.088503375649452209e-01,1.159491240978240967e-01,3.646538360044360161e-03,4.717116057872772217e-02,-7.594167590141296387e-01,-6.488922238349914551e-01,0.000000000000000000e+00
-1.287860795855522156e-02,-4.152169823646545410e-02,-2.073770165443420410e-01,-9.333125948905944824e-01,3.080615103244781494e-01,-1.844606846570968628e-01,0.000000000000000000e+00
-7.806455343961715698e-02,-6.097586825489997864e-03,2.841467559337615967e-01,-7.291467189788818359e-01,2.247011289000511169e-02,6.839883923530578613e-01,0.000000000000000000e+00
-1.115479767322540283e-01,6.932660192251205444e-02,5.825160071253776550e-02,6.915060877799987793e-01,-5.554814934730529785e-01,-4.618004262447357178e-01,0.000000000000000000e+00
2.520869672298431396e-01,-1.244290620088577271e-01,2.032521739602088928e-02,6.542217731475830078e-01,-4.286506474018096924e-01,-6.230990886688232422e-01,0.000000000000000000e+00
-4.798767156898975372e-03,-2.092202156782150269e-01,2.972775399684906006e-01,-3.866797387599945068e-01,-7.629973292350769043e-01,5.179901719093322754e-01,0.000000000000000000e+00
2.740355432033538818e-01,1.117633655667304993e-01,6.913769990205764771e-03,5.964731574058532715e-01,1.570064425468444824e-01,7.871268987655639648e-01,0.000000000000000000e+00
1.906633377075195312e-01,7.169388979673385620e-02,-5.035493522882461548e-02,6.795297265052795410e-01,3.491316735744476318e-01,-6.452491283416748047e-01,0.000000000000000000e+00
2.944134175777435303e-01,1.457107812166213989e-01,-6.067813932895660400e-02,-7.487281411886215210e-02,-9.501358866691589355e-01,-3.027140796184539795e-01,0.000000000000000000e+00
-1.066838428378105164e-01,2.085468918085098267e-01,2.161844074726104736e-02,-9.696083515882492065e-02,9.555784463882446289e-01,2.783315181732177734e-01,0.000000000000000000e+00
1.107137873768806458e-01,-6.473389267921447754e-02,-9.162958711385726929e-02,7.736845016479492188e-01,-1.897339224815368652e-01,6.044942736625671387e-01,0.000000000000000000e+00
3.149834573268890381e-01,-6.964673753827810287e-03,2.751376107335090637e-02,-8.506180644035339355e-01,9.244324266910552979e-02,-5.175936222076416016e-01,0.000000000000000000e+00
1.542865782976150513e-01,-1.099291816353797913e-01,-8.447121083736419678e-02,5.956237912178039551e-01,-4.397225379943847656e-01,-6.722174882888793945e-01,0.000000000000000000e+00
-7.445927709341049194e-02,1.858626753091812134e-01,-1.559143662452697754e-01,3.051502704620361328e-01,-7.630194425582885742e-01,5.698111057281494141e-01,0.000000000000000000e+00
1.044169291853904724e-01,1.186069995164871216e-01,-1.141861453652381897e-01,6.592188477516174316e-01,5.641885399818420410e-01,-4.971134364604949951e-01,0.000000000000000000e+00
-6.378044188022613525e-02,-1.875766664743423462e-01,-1.703254133462905884e-01,2.091873139142990112e-01,-9.046699404716491699e-01,-3.712317049503326416e-01,0.000000000000000000e+00
-1.755903661251068115e-01,1.725696325302124023e-01,-1.906213350594043732e-02,-4.126941859722137451e-01,-3.461938798427581787e-01,-8.425160646438598633e-01,0.000000000000000000e+00
-1.468826271593570709e-02,1.685085743665695190e-01,-1.909155249595642090e-01,2.640943229198455811e-01,7.193709611892700195e-01,-6.424636840820312500e-01,0.000000000000000000e+00
-7.687075436115264893e-02,-1.051014512777328491e-01,-2.046450078487396240e-01,-7.249606251716613770e-01,2.074198424816131592e-01,-6.568173766136169434e-01,0.000000000000000000e+00
1.033992618322372437e-01,-2.084677219390869141e-01,-7.949782535433769226e-03,2.690531313419342041e-01,-8.750566840171813965e-01,-4.023508131504058838e-01,0.000000000000000000e+00
-9.039532393217086792e-02,2.117862999439239502e-01,-1.119292229413986206e-01,-5.800045728683471680e-01,-8.122986555099487305e-01,-6.136417388916015625e-02,0.000000000000000000e+00
-6.947086751461029053e-02,-2.213734984397888184e-01,5.016103759407997131e-02,-3.107698857784271240e-01,-9.480919241905212402e-01,6.740799546241760254e-02,0.000000000000000000e+00
-5.772445723414421082e-02,-2.146495729684829712e-01,8.316036313772201538e-02,2.945041954517364502e-01,9.485319852828979492e-01,-1.164229363203048706e-01,0.000000000000000000e+00
2.976918220520019531e-01,-6.411237176507711411e-03,4.393269121646881104e-02,-4.230989217758178711e-01,-2.036704123020172119e-01,8.828961849212646484e-01,0.000000000000000000e+00
-2.899104952812194824e-01,-1.474088337272405624e-02,1.396179944276809692e-02,9.289079308509826660e-01,-2.679590284824371338e-01,2.555935084819793701e-01,0.000000000000000000e+00
5.462218448519706726e-02,-3.893653675913810730e-02,-2.186777889728546143e-01,7.048324346542358398e-01,-2.057862430810928345e-01,-6.788691282272338867e-01,0.000000000000000000e+00
-1.763641983270645142e-01,-4.607111960649490356e-02,1.723025292158126831e-01,-7.646498084068298340e-01,-1.162362843751907349e-01,6.338768601417541504e-01,0.000000000000000000e+00
-4.127697646617889404e-02,-1.327009201049804688e-01,2.802274422720074654e-03,3.893496692180633545e-01,7.685022950172424316e-01,5.077509880065917969e-01,0.000000000000000000e+00
3.835196048021316528e-02,1.576249748468399048e-01,2.563972175121307373e-01,-3.604035675525665283e-01,8.259643316268920898e-01,4.334653615951538086e-01,0.000000000000000000e+00
-1.939604729413986206e-01,9.130135923624038696e-02,-6.216609850525856018e-02,-6.443314552307128906e-01,6.466098129749298096e-02,-7.620078325271606445e-01,0.000000000000000000e+00
2.319784834980964661e-02,2.933306433260440826e-02,-2.510927319526672363e-01,5.678257942199707031e-01,1.426572501659393311e-01,-8.106927871704101562e-01,0.000000000000000000e+00
-1.508952528238296509e-01,-1.296954154968261719e-01,1.507411748170852661e-01,-6.722993254661560059e-01,-4.739806056022644043e-01,5.686439871788024902e-01,0.000000000000000000e+00
2.786861956119537354e-01,1.320791393518447876e-01,-9.143774956464767456e-02,-5.224942564964294434e-01,-6.526566147804260254e-01,5.486702919006347656e-01,0.000000000000000000e+00
3.678995743393898010e-02,-2.402131259441375732e-01,9.666751325130462646e-02,-1.020142808556556702e-01,-9.902510046958923340e-01,-9.484736621379852295e-02,0.000000000000000000e+00
2.074495889246463776e-02,1.322166025638580322e-01,2.699491083621978760e-01,4.489136934280395508e-01,-7.177543044090270996e-01,-5.322642922401428223e-01,0.000000000000000000e+00
-2.434133440256118774e-01,6.080909445881843567e-02,-1.783144846558570862e-02,5.989313125610351562e-01,-1.743506044149398804e-01,7.815901637077331543e-01,0.000000000000000000e+00
5.607384070754051208e-02,-2.427827119827270508e-01,1.611624658107757568e-01,-1.706062406301498413e-01,-9.844499230384826660e-01,4.185533896088600159e-02,0.000000000000000000e+00
-1.776982247829437256e-01,-3.262854740023612976e-02,1.734746098518371582e-01,-7.320905327796936035e-01,-1.612874269485473633e-01,6.618381738662719727e-01,0.000000000000000000e+00
-2.390712499618530273e-01,7.846424356102943420e-03,1.038468703627586365e-01,-7.658429145812988281e-01,7.487455010414123535e-02,6.386536359786987305e-01,0.000000000000000000e+00
1.557180583477020264e-01,-1.792008876800537109e-01,-1.485555712133646011e-02,5.050484538078308105e-01,-7.145287394523620605e-01,-4.841226637363433838e-01,0.000000000000000000e+00
2.865889482200145721e-02,-2.223863899707794189e-01,-1.411694474518299103e-02,1.079230457544326782e-01,-9.464502930641174316e-01,-3.042769730091094971e-01,0.000000000000000000e+00
1.961213052272796631e-01,-6.422739475965499878e-02,-5.512092262506484985e-02,-5.725376009941101074e-01,2.714852392673492432e-01,7.736255526542663574e-01,0.000000000000000000e+00
-4.319787025451660156e-02,-1.897563934326171875e-01,2.081839591264724731e-01,-5.612599849700927734e-01,-7.213883996009826660e-01,4.056921005249023438e-01,0.000000000000000000e+00
-4.566188156604766846e-02,1.200188919901847839e-01,-6.952729821205139160e-02,-6.892747879028320312e-01,-6.980386972427368164e-01,-1.940162330865859985e-01,0.000000000000000000e+00
-1.095192953944206238e-01,-1.742275655269622803e-01,-1.618992984294891357e-01,-8.375648260116577148e-01,-2.325767129659652710e-01,-4.943614900112152100e-01,0.000000000000000000e+00
-6.258904933929443359e-02,1.441390067338943481e-01,1.803640127182006836e-01,4.683504998683929443e-01,-7.063176035881042480e-01,-5.308138132095336914e-01,0.000000000000000000e+00
8.354645222425460815e-02,7.376224547624588013e-02,-5.553428828716278076e-02,3.060283958911895752e-01,-3.903266191482543945e-01,8.683269619941711426e-01,0.000000000000000000e+00
-1.585200279951095581e-01,1.165006384253501892e-01,7.449469994753599167e-03,-1.837803423404693604e-01,-4.979717433452606201e-01,-8.474956750869750977e-01,0.000000000000000000e+00
-1.615457832813262939e-01,-2.041528373956680298e-01,-1.096073314547538757e-01,-1.994771808385848999e-01,-9.723240733146667480e-01,-1.216336190700531006e-01,0.000000000000000000e+00
-4.638678953051567078e-02,8.765470981597900391e-02,2.721251845359802246e-01,-5.594230294227600098e-01,5.026106238365173340e-01,6.591118574142456055e-01,0.000000000000000000e+00
2.264562994241714478e-01,-2.342748939990997314e-01,7.356964796781539917e-02,-5.696887969970703125e-01,-1.597495004534721375e-02,-8.217052221298217773e-01,0.000000000000000000e+00
-2.931196428835391998e-02,5.923276022076606750e-02,3.545643389225006104e-01,-7.817819118499755859e-01,3.358978033065795898e-01,5.253472328186035156e-01,0.000000000000000000e+00
-2.732081115245819092e-01,8.490441739559173584e-02,2.838839031755924225e-02,5.857833623886108398e-01,-3.361244499683380127e-01,-7.374809384346008301e-01,0.000000000000000000e+00
-2.649526894092559814e-01,7.526346296072006226e-02,1.145861926488578320e-03,7.688224315643310547e-01,-8.961787819862365723e-02,6.331514120101928711e-01,0.000000000000000000e+00
3.186410367488861084e-01,1.256010681390762329e-01,-5.768997967243194580e-02,9.945452213287353516e-01,8.517961204051971436e-02,6.020131707191467285e-02,0.000000000000000000e+00
2.188662439584732056e-01,1.161553412675857544e-01,2.370327711105346680e-02,9.175755828619003296e-02,8.262994289398193359e-01,-5.557066202163696289e-01,0.000000000000000000e+00
-1.216360107064247131e-01,-3.671270236372947693e-02,-1.441100388765335083e-01,-6.946815848350524902e-01,1.113079935312271118e-01,-7.106532454490661621e-01,0.000000000000000000e+00
-1.216455772519111633e-01,-6.618613749742507935e-02,5.302486568689346313e-02,8.330457806587219238e-01,4.068658947944641113e-01,-3.748264312744140625e-01,0.000000000000000000e+00
-1.466629207134246826e-01,2.187215834856033325e-01,-7.630113512277603149e-02,-3.266874253749847412e-01,9.358611106872558594e-01,-1.320580244064331055e-01,0.000000000000000000e+00
2.573560476303100586e-01,-7.170400768518447876e-02,9.616715833544731140e-03,-6.268752217292785645e-01,2.484934777021408081e-01,7.384297251701354980e-01,0.000000000000000000e+00
1.372825503349304199e-01,1.435801088809967041e-01,-2.332913577556610107e-01,9.787959605455398560e-02,-1.181650608777999878e-01,-9.881581664085388184e-01,0.000000000000000000e+00
-5.963533744215965271e-02,-1.279977858066558838e-01,2.542831301689147949e-01,6.423203349113464355e-01,5.231112837791442871e-01,-5.601599812507629395e-01,0.000000000000000000e+00
-1.081656813621520996e-01,2.717201784253120422e-02,2.357169091701507568e-01,7.214086055755615234e-01,-2.216904461383819580e-01,-6.560662984848022461e-01,0.000000000000000000e+00
-3.620737791061401367e-02,-2.000696808099746704e-01,-1.212182044982910156e-01,1.889647990465164185e-01,-9.192578792572021484e-01,-3.453363478183746338e-01,0.000000000000000000e+00
-8.409132808446884155e-02,-1.235498785972595215e-01,-2.025091052055358887e-01,-6.843855977058410645e-01,1.663249731063842773e-01,-7.098960280418395996e-01,0.000000000000000000e+00
9.658459021011367440e-05,6.867273896932601929e-02,-2.297738194465637207e-01,4.765430986881256104e-01,-8.778564333915710449e-01,4.769419878721237183e-02,0.000000000000000000e+00
-6.749101728200912476e-02,1.548453867435455322e-01,-1.771306395530700684e-01,-7.012157440185546875e-01,4.559473693370819092e-02,-7.114897370338439941e-01,0.000000000000000000e+00
-1.483462154865264893e-01,8.311047713505104184e-05,2.078789025545120239e-01,-7.169387936592102051e-01,8.461141586303710938e-02,6.919823884963989258e-01,0.000000000000000000e+00
-1.574282348155975342e-01,-8.565048128366470337e-02,-1.201531365513801575e-01,-6.716077923774719238e-01,1.456120312213897705e-01,-7.264572381973266602e-01,0.000000000000000000e+00
-1.672827005386352539e-01,1.229192987084388733e-01,5.578181706368923187e-03,-1.837803423404693604e-01,-4.979717433452606201e-01,-8.474956750869750977e-01,0.000000000000000000e+00
-1.470066905021667480e-01,-6.234388798475265503e-02,1.610399335622787476e-01,7.358745336532592773e-01,-2.211928367614746094e-01,6.399706006050109863e-01,0.000000000000000000e+00
-1.424954645335674286e-02,-8.085627108812332153e-02,-2.490657716989517212e-01,1.397066414356231689e-01,-4.291862249374389648e-01,-8.923459053039550781e-01,0.000000000000000000e+00
-1.914619803428649902e-01,-1.259686648845672607e-01,1.011115312576293945e-01,-6.544305682182312012e-01,-5.818738341331481934e-01,4.828493893146514893e-01,0.000000000000000000e+00
1.211363449692726135e-01,-1.484668347984552383e-02,-8.448851853609085083e-02,4.628431200981140137e-01,-2.821441590785980225e-01,8.403397798538208008e-01,0.000000000000000000e+00
-9.846796840429306030e-02,-1.651448160409927368e-01,1.747708469629287720e-01,-5.881278514862060547e-01,-6.948317885398864746e-01,4.139015078544616699e-01,0.000000000000000000e+00
-6.055516749620437622e-02,-1.247151345014572144e-01,-2.092071026563644409e-01,8.998829722404479980e-01,1.517839431762695312e-01,-4.088670909404754639e-01,0.000000000000000000e+00
-3.447588533163070679e-02,-7.514624297618865967e-02,-1.244863197207450867e-01,-7.052864432334899902e-01,6.784783601760864258e-01,2.055192440748214722e-01,0.000000000000000000e+00
-1.688109487295150757e-01,1.005472242832183838e-02,-8.368355035781860352e-02,6.899368166923522949e-01,-3.783554583787918091e-02,7.228801250457763672e-01,0.000000000000000000e+00
-3.566789254546165466e-02,-2.320342138409614563e-02,3.341556787490844727e-01,-8.380544185638427734e-01,7.986625283956527710e-02,5.397093296051025391e-01,0.000000000000000000e+00
-1.743620336055755615e-01,1.323091536760330200e-01,1.548100612126290798e-03,-1.959885209798812866e-01,-5.603945851325988770e-01,-8.047026991844177246e-01,0.000000000000000000e+00
1.128828525543212891e-01,-2.485003769397735596e-01,1.383298486471176147e-01,-2.539524249732494354e-02,-9.927539229393005371e-01,-1.174507141113281250e-01,0.000000000000000000e+00
7.617483288049697876e-02,-1.143859997391700745e-01,-1.566364467144012451e-01,5.884408354759216309e-01,-4.884082674980163574e-01,-6.443561315536499023e-01,0.000000000000000000e+00
-1.473027467727661133e-01,-1.138082519173622131e-01,1.704077720642089844e-01,-6.856714487075805664e-01,-4.745625853538513184e-01,5.519465804100036621e-01,0.000000000000000000e+00
1.200402304530143738e-01,1.599395722150802612e-01,-3.337142616510391235e-02,4.961307942867279053e-01,7.561152577400207520e-01,-4.267832934856414795e-01,0.000000000000000000e+00
-1.814937740564346313e-01,1.622513681650161743e-01,-1.120958011597394943e-02,-3.451097309589385986e-01,-4.058606922626495361e-01,-8.462720513343811035e-01,0.000000000000000000e+00
9.204255789518356323e-02,1.240478530526161194e-01,-3.587982058525085449e-02,6.706276535987854004e-01,-3.503609597682952881e-01,6.538392305374145508e-01,0.000000000000000000e+00
-8.295840770006179810e-02,2.012628465890884399e-01,5.957778543233871460e-02,-1.558443754911422729e-01,9.473586678504943848e-01,2.796856760978698730e-01,0.000000000000000000e+00
-1.333539634943008423e-01,-6.145223602652549744e-02,2.065274566411972046e-01,7.386301755905151367e-01,2.567718923091888428e-01,-6.232926249504089355e-01,0.000000000000000000e+00
6.058981642127037048e-02,6.046136468648910522e-02,-2.075779438018798828e-01,7.227326035499572754e-01,3.114633858203887939e-01,-6.169669032096862793e-01,0.000000000000000000e+00
-2.663690745830535889e-01,7.296670228242874146e-02,2.540678251534700394e-03,7.688224315643310547e-01,-8.961787819862365723e-02,6.331514120101928711e-01,0.000000000000000000e+00
1.149749159812927246e-01,1.645385026931762695e-01,-9.627083316445350647e-03,-4.011230468750000000e-01,-8.961076140403747559e-01,1.899775713682174683e-01,0.000000000000000000e+00
-1.022942811250686646e-01,-1.621226668357849121e-01,1.610419303178787231e-01,5.042722821235656738e-01,7.550050616264343262e-01,-4.191381931304931641e-01,0.000000000000000000e+00
2.683586180210113525e-01,-1.742570847272872925e-01,6.066375598311424255e-02,3.338048756122589111e-01,1.158208027482032776e-01,9.354997873306274414e-01,0.000000000000000000e+00
-3.603338822722434998e-02,-9.215872734785079956e-02,-8.333143591880798340e-02,-4.003170728683471680e-01,9.003461003303527832e-01,1.706549823284149170e-01,0.000000000000000000e+00
-2.584427036345005035e-02,-1.425264179706573486e-01,2.948168516159057617e-01,-6.674118638038635254e-01,-5.418543219566345215e-01,5.108378529548645020e-01,0.000000000000000000e+00
-3.823039308190345764e-02,1.493710279464721680e-01,2.077846080064773560e-01,-4.245529472827911377e-01,7.679001092910766602e-01,4.796709716320037842e-01,0.000000000000000000e+00
6.300351023674011230e-02,1.759109646081924438e-01,-7.681328803300857544e-02,4.575913846492767334e-01,8.265432715415954590e-01,-3.277748823165893555e-01,0.000000000000000000e+00
-1.057432293891906738e-01,1.795790642499923706e-01,9.771367162466049194e-02,-3.364587426185607910e-01,8.476676344871520996e-01,4.101890921592712402e-01,0.000000000000000000e+00
5.818040668964385986e-02,1.963317841291427612e-01,-1.162287313491106033e-02,3.027662634849548340e-01,9.433445334434509277e-01,-1.357705146074295044e-01,0.000000000000000000e+00
1.344729214906692505e-01,1.603176891803741455e-01,-2.237108051776885986e-01,-1.718416213989257812e-01,6.256326436996459961e-01,-7.609561085700988770e-01,0.000000000000000000e+00
1.423570662736892700e-01,9.570109099149703979e-02,-7.881172001361846924e-02,-7.633269429206848145e-01,-4.425076842308044434e-01,4.706579744815826416e-01,0.000000000000000000e+00
-4.432963207364082336e-02,1.242535561323165894e-01,-9.003943949937820435e-02,-6.920100450515747070e-01,-6.991873383522033691e-01,-1.796083897352218628e-01,0.000000000000000000e+00
-1.995483040809631348e-01,-6.698309630155563354e-02,1.362672150135040283e-01,-7.540693283081054688e-01,-2.121260762214660645e-01,6.215962767601013184e-01,0.000000000000000000e+00
-1.719223558902740479e-01,1.594702899456024170e-01,-1.382964011281728745e-02,-3.948497772216796875e-01,-4.675895571708679199e-01,-7.908563017845153809e-01,0.000000000000000000e+00
8.381101489067077637e-02,-3.571262955665588379e-02,-7.548987120389938354e-02,1.945212110877037048e-02,1.162468865513801575e-01,9.930298328399658203e-01,0.000000000000000000e+00
8.135738223791122437e-02,1.926144361495971680e-01,2.699296474456787109e-01,-8.926259875297546387e-01,3.230596184730529785e-01,-3.144063651561737061e-01,0.000000000000000000e+00
-4.868157580494880676e-02,-7.949876040220260620e-02,3.073672354221343994e-01,-7.195011377334594727e-01,-2.106114923954010010e-01,6.617861390113830566e-01,0.000000000000000000e+00
5.726829636842012405e-03,1.942895352840423584e-02,-1.249075606465339661e-01,-8.667620420455932617e-01,5.629353597760200500e-02,4.955346286296844482e-01,0.000000000000000000e+00
-2.050275802612304688e-01,1.718582361936569214e-01,-4.928408935666084290e-02,-6.775666475296020508e-01,1.079560518264770508e-01,-7.274949550628662109e-01,0.000000000000000000e+00
8.623897284269332886e-02,-2.301529049873352051e-01,4.115736484527587891e-02,1.286157667636871338e-01,-9.509177207946777344e-01,-2.814488410949707031e-01,0.000000000000000000e+00
-8.981890231370925903e-02,-2.194265127182006836e-01,-2.411121129989624023e-02,-1.251928210258483887e-01,-9.917675256729125977e-01,-2.690669707953929901e-02,0.000000000000000000e+00
1.078654751181602478e-01,1.263509243726730347e-01,-1.007026359438896179e-01,5.837889313697814941e-01,6.004533767700195312e-01,-5.464853048324584961e-01,0.000000000000000000e+00
2.325842529535293579e-01,-2.004123926162719727e-01,8.023615181446075439e-02,1.006544604897499084e-01,4.676150083541870117e-01,8.781827092170715332e-01,0.000000000000000000e+00
-3.407049179077148438e-02,1.143424287438392639e-01,-2.144351899623870850e-01,-7.199211120605468750e-01,3.992526233196258545e-02,-6.929066181182861328e-01,0.000000000000000000e+00
-9.446045011281967163e-02,1.293783038854598999e-01,1.340511739253997803e-01,8.644509911537170410e-01,-2.866270020604133606e-02,5.018993616104125977e-01,0.000000000000000000e+00
2.031920701265335083e-01,1.531966775655746460e-01,9.874010086059570312e-02,-4.885685145854949951e-01,-8.368532657623291016e-01,2.469361573457717896e-01,0.000000000000000000e+00
2.800837457180023193e-01,1.429788023233413696e-01,-1.836035028100013733e-02,-3.092542886734008789e-01,8.609624505043029785e-01,4.038631618022918701e-01,0.000000000000000000e+00
-2.614389732480049133e-02,1.477517634630203247e-01,2.209021151065826416e-01,-3.926991522312164307e-01,7.813322544097900391e-01,4.850848317146301270e-01,0.000000000000000000e+00
6.509575247764587402e-02,-2.146514952182769775e-01,-1.273043337278068066e-03,1.889018528163433075e-02,9.440963864326477051e-01,3.291279673576354980e-01,0.000000000000000000e+00
