1.894048601388931274e-01,-5.951604992151260376e-02,-3.700543567538261414e-02,7.313271164894104004e-01,-4.773008227348327637e-01,-4.871802031993865967e-01,0.000000000000000000e+00
-1.953714489936828613e-01,1.522588878870010376e-01,-4.742512106895446777e-02,-8.022701740264892578e-01,3.174231052398681641e-01,5.055741071701049805e-01,0.000000000000000000e+00
2.575100027024745941e-02,-8.063783496618270874e-02,-2.444902658462524414e-01,-5.572860240936279297e-01,-4.537356272339820862e-02,-8.290799260139465332e-01,0.000000000000000000e+00
-6.345550715923309326e-02,-5.533905327320098877e-02,-1.892528682947158813e-01,-5.829403996467590332e-01,-2.890809066593647003e-02,-8.120005130767822266e-01,0.000000000000000000e+00
1.762209981679916382e-01,-2.173598259687423706e-01,1.300801336765289307e-01,8.352690935134887695e-01,-1.593119502067565918e-01,5.262558460235595703e-01,0.000000000000000000e+00
-2.463391423225402832e-01,5.149644240736961365e-02,-2.940380945801734924e-02,-7.565891146659851074e-01,4.649976491928100586e-01,4.597283005714416504e-01,0.000000000000000000e+00
1.729308813810348511e-01,1.341930627822875977e-01,1.067712306976318359e-01,5.509691238403320312e-01,3.926902636885643005e-02,8.336012363433837891e-01,0.000000000000000000e+00
1.451770961284637451e-01,-2.203803509473800659e-01,1.500723212957382202e-01,1.074943915009498596e-01,-5.691215991973876953e-01,8.151966333389282227e-01,0.000000000000000000e+00
3.995984327048063278e-03,2.359046936035156250e-01,4.507162421941757202e-02,3.929089903831481934e-01,8.764866590499877930e-01,-2.781971395015716553e-01,0.000000000000000000e+00
2.111824005842208862e-01,-7.887975871562957764e-02,2.005995996296405792e-02,7.582626938819885254e-01,-4.785304963588714600e-01,-4.427710771560668945e-01,0.000000000000000000e+00
-1.971355974674224854e-01,1.692255288362503052e-01,-6.617067754268646240e-02,-7.497048974037170410e-01,4.750278294086456299e-01,4.607506096363067627e-01,0.000000000000000000e+00
9.960186481475830078e-02,-6.795038282871246338e-02,-1.819033920764923096e-01,7.579562067985534668e-01,-4.806874692440032959e-01,-4.409556686878204346e-01,0.000000000000000000e+00
1.395765878260135651e-02,2.038245499134063721e-01,-4.223397001624107361e-02,3.010347485542297363e-01,9.233108162879943848e-01,-2.384853363037109375e-01,0.000000000000000000e+00
-1.772159337997436523e-01,-9.103408083319664001e-03,-1.205204948782920837e-01,-3.199559152126312256e-01,-3.551450371742248535e-01,-8.783508539199829102e-01,0.000000000000000000e+00
-1.765231490135192871e-01,-8.101207762956619263e-02,1.820992827415466309e-01,-4.106147885322570801e-01,-8.861933946609497070e-01,2.146083563566207886e-01,0.000000000000000000e+00
1.077670603990554810e-01,-6.991455703973770142e-02,-1.656339615583419800e-01,7.626493573188781738e-01,-4.730869233608245850e-01,-4.410835504531860352e-01,0.000000000000000000e+00
-3.974247351288795471e-02,-2.227185070514678955e-01,-6.321042031049728394e-02,-3.603853881359100342e-01,-8.651086091995239258e-01,3.488688766956329346e-01,0.000000000000000000e+00
1.182882711291313171e-01,2.065978758037090302e-02,-2.376207709312438965e-01,7.476736903190612793e-01,-4.767392873764038086e-01,-4.622809290885925293e-01,0.000000000000000000e+00
-6.906058639287948608e-02,2.406739741563796997e-01,-4.024980217218399048e-02,3.816515803337097168e-01,8.693422675132751465e-01,-3.139842152595520020e-01,0.000000000000000000e+00
4.255927726626396179e-02,1.709356904029846191e-01,-1.059063151478767395e-01,3.664250671863555908e-01,8.766077160835266113e-01,-3.119160532951354980e-01,0.000000000000000000e+00
-1.381210535764694214e-01,-1.586970537900924683e-01,-1.768648973666131496e-03,-3.704407215118408203e-01,-8.745942115783691406e-01,3.128235936164855957e-01,0.000000000000000000e+00
-1.044346913695335388e-01,1.791696399450302124e-01,7.489898055791854858e-02,-7.464280724525451660e-01,4.826610386371612549e-01,4.581304490566253662e-01,0.000000000000000000e+00
-3.854525089263916016e-02,-2.494829595088958740e-01,-1.877017766237258911e-01,-5.523966550827026367e-01,-1.042994484305381775e-01,-8.270305991172790527e-01,0.000000000000000000e+00
-3.516219928860664368e-02,8.658615499734878540e-02,-2.183689028024673462e-01,-5.539659857749938965e-01,-5.124032124876976013e-02,-8.309609889984130859e-01,0.000000000000000000e+00
3.172769770026206970e-02,4.562044516205787659e-02,-2.611682713031768799e-01,-5.638657212257385254e-01,-6.671296060085296631e-02,-8.231675624847412109e-01,0.000000000000000000e+00
1.942491084337234497e-01,-1.360034197568893433e-01,5.799981206655502319e-02,7.674540281295776367e-01,-4.495241343975067139e-01,-4.571020901203155518e-01,0.000000000000000000e+00
1.385398805141448975e-01,1.384437084197998047e-01,-7.941126078367233276e-02,3.686294555664062500e-01,8.785765767097473145e-01,-3.036701381206512451e-01,0.000000000000000000e+00
1.477600336074829102e-01,1.711442172527313232e-01,3.079799376428127289e-02,3.763004839420318604e-01,8.795652985572814941e-01,-2.911405265331268311e-01,0.000000000000000000e+00
1.443042904138565063e-01,1.976293027400970459e-01,1.063215807080268860e-01,4.694427251815795898e-01,8.704948425292968750e-01,-1.478587985038757324e-01,0.000000000000000000e+00
2.685403637588024139e-02,2.558881342411041260e-01,1.361356824636459351e-01,4.047099053859710693e-01,8.662100434303283691e-01,-2.930699884891510010e-01,0.000000000000000000e+00
7.972562313079833984e-02,2.327193468809127808e-01,1.626060605049133301e-01,6.490576863288879395e-01,5.906921029090881348e-01,4.793818295001983643e-01,0.000000000000000000e+00
-7.551697641611099243e-02,1.892615705728530884e-01,1.092583760619163513e-01,-7.232221961021423340e-01,4.328113198280334473e-01,5.381672978401184082e-01,0.000000000000000000e+00
3.080807626247406006e-01,8.609991520643234253e-02,5.213653668761253357e-03,9.415908455848693848e-01,3.089449703693389893e-01,-1.340136826038360596e-01,0.000000000000000000e+00
1.882714778184890747e-01,2.829614654183387756e-02,9.920964390039443970e-02,3.720350265502929688e-01,8.509770035743713379e-01,3.707129657268524170e-01,0.000000000000000000e+00
1.769927144050598145e-01,-7.245715707540512085e-02,-4.435751214623451233e-02,7.908593416213989258e-01,-4.731151759624481201e-01,-3.882055580615997314e-01,0.000000000000000000e+00
4.702002555131912231e-02,1.974475532770156860e-01,1.884996145963668823e-01,5.381733775138854980e-01,2.859352715313434601e-02,8.423489928245544434e-01,0.000000000000000000e+00
1.883574575185775757e-01,3.794190939515829086e-03,1.068417206406593323e-01,5.295107960700988770e-01,5.630750581622123718e-02,8.464323878288269043e-01,0.000000000000000000e+00
1.063651964068412781e-01,9.107859432697296143e-02,1.528329849243164062e-01,4.709352552890777588e-01,-8.593340963125228882e-02,8.779723644256591797e-01,0.000000000000000000e+00
1.604976505041122437e-02,-1.008580774068832397e-01,2.203430533409118652e-01,5.155694484710693359e-01,5.922826007008552551e-02,8.547983169555664062e-01,0.000000000000000000e+00
1.169784963130950928e-01,-1.272250115871429443e-01,1.629777699708938599e-01,5.311368703842163086e-01,7.406575232744216919e-02,8.440425992012023926e-01,0.000000000000000000e+00
7.086644321680068970e-02,-6.838753074407577515e-02,-2.308318465948104858e-01,7.590276598930358887e-01,-4.770277440547943115e-01,-4.430818855762481689e-01,0.000000000000000000e+00
-7.913011312484741211e-02,2.172760963439941406e-01,-1.302565932273864746e-01,3.777171075344085693e-01,8.839555978775024414e-01,-2.755944728851318359e-01,0.000000000000000000e+00
1.158049255609512329e-01,1.968704313039779663e-01,6.675989925861358643e-02,3.849312067031860352e-01,8.746353983879089355e-01,-2.946878671646118164e-01,0.000000000000000000e+00
2.338320165872573853e-01,5.262127518653869629e-02,-8.392769098281860352e-02,7.209498286247253418e-01,-4.924206733703613281e-01,-4.875994324684143066e-01,0.000000000000000000e+00
5.767847597599029541e-02,-2.188966274261474609e-01,-9.326810389757156372e-02,7.227320075035095215e-01,-4.779387116432189941e-01,-4.992324709892272949e-01,0.000000000000000000e+00
1.735845953226089478e-01,1.472022533416748047e-01,-5.881368648260831833e-03,2.936594784259796143e-01,9.210723042488098145e-01,-2.557144761085510254e-01,0.000000000000000000e+00
1.453643739223480225e-01,-1.186385750770568848e-01,1.445121169090270996e-01,5.254930853843688965e-01,6.794167309999465942e-02,8.480807542800903320e-01,0.000000000000000000e+00
-2.601775228977203369e-01,-1.171503961086273193e-01,-4.570346325635910034e-02,-3.550401031970977783e-01,-9.023541212081909180e-01,2.443431764841079712e-01,0.000000000000000000e+00
7.925117015838623047e-02,-1.630208045244216919e-01,1.866087615489959717e-01,3.058874309062957764e-01,1.743828356266021729e-01,9.359612464904785156e-01,0.000000000000000000e+00
4.344506561756134033e-02,-7.874179631471633911e-03,-2.653124034404754639e-01,-5.588776469230651855e-01,-4.796808212995529175e-02,-8.278616070747375488e-01,0.000000000000000000e+00
-1.288509815931320190e-01,7.273371517658233643e-02,-1.373517811298370361e-01,4.445270299911499023e-01,4.783497378230094910e-02,-8.944873213768005371e-01,0.000000000000000000e+00
4.672319814562797546e-02,1.941428929567337036e-01,1.888077706098556519e-01,5.455428361892700195e-01,3.015546128153800964e-02,8.375402092933654785e-01,0.000000000000000000e+00
1.240758225321769714e-01,5.071002617478370667e-02,-2.597618401050567627e-01,7.510093450546264648e-01,-4.816057384014129639e-01,-4.517088830471038818e-01,0.000000000000000000e+00
2.374265342950820923e-01,-2.011948265135288239e-02,-1.508321380242705345e-03,6.400650739669799805e-01,-6.652058362960815430e-01,-3.844709694385528564e-01,0.000000000000000000e+00
9.396232664585113525e-02,-1.644919365644454956e-01,-8.989261090755462646e-02,7.622203826904296875e-01,-4.668993651866912842e-01,-4.483582079410552979e-01,0.000000000000000000e+00
1.019310131669044495e-01,1.579798310995101929e-01,1.529653370380401611e-01,6.251591444015502930e-01,-9.242751635611057281e-03,7.804425358772277832e-01,0.000000000000000000e+00
-9.336399286985397339e-02,1.879623234272003174e-01,-1.807199716567993164e-01,-5.176884531974792480e-01,-2.236356213688850403e-02,-8.552768826484680176e-01,0.000000000000000000e+00
-1.446030288934707642e-01,2.570939958095550537e-01,-8.825708925724029541e-02,-1.192572563886642456e-01,9.885953664779663086e-01,9.196124225854873657e-02,0.000000000000000000e+00
-5.593195557594299316e-02,-2.207158654928207397e-01,-7.793942838907241821e-02,-3.919076323509216309e-01,-8.530923128128051758e-01,3.444442749023437500e-01,0.000000000000000000e+00
-4.513831343501806259e-03,-2.086395770311355591e-01,1.987721025943756104e-02,-3.709626197814941406e-01,-8.660234808921813965e-01,3.352463245391845703e-01,0.000000000000000000e+00
-1.949993520975112915e-01,3.658818453550338745e-02,6.665055453777313232e-02,-7.102605104446411133e-01,6.344822645187377930e-01,-3.048971295356750488e-01,0.000000000000000000e+00
6.946583092212677002e-02,2.376082986593246460e-01,1.707644611597061157e-01,6.459464430809020996e-01,3.234502375125885010e-01,6.914716958999633789e-01,0.000000000000000000e+00
-1.015545707195997238e-02,2.908890135586261749e-02,-2.316485196352005005e-01,-5.511947870254516602e-01,-8.208869397640228271e-02,-8.303287029266357422e-01,0.000000000000000000e+00
-1.769211292266845703e-01,-8.044219762086868286e-02,1.836910247802734375e-01,-4.106147885322570801e-01,-8.861933946609497070e-01,2.146083563566207886e-01,0.000000000000000000e+00
2.019364833831787109e-01,-7.637030631303787231e-02,1.313959946855902672e-03,7.548782229423522949e-01,-4.859255254268646240e-01,-4.404943287372589111e-01,0.000000000000000000e+00
-5.045539885759353638e-02,-1.369845867156982422e-01,-1.895739287137985229e-01,-5.357457995414733887e-01,-7.122638821601867676e-02,-8.413698673248291016e-01,0.000000000000000000e+00
-1.767314225435256958e-01,6.258239597082138062e-02,7.723491638898849487e-02,-7.683520913124084473e-01,4.655362665653228760e-01,4.392164051532745361e-01,0.000000000000000000e+00
1.316292583942413330e-01,1.038303747773170471e-01,-1.851875931024551392e-01,4.205259084701538086e-01,8.739637136459350586e-01,-2.436090558767318726e-01,0.000000000000000000e+00
2.127044051885604858e-01,3.611958399415016174e-02,-1.013937145471572876e-01,7.453870177268981934e-01,-4.731687605381011963e-01,-4.695844650268554688e-01,0.000000000000000000e+00
1.792493164539337158e-01,-1.509121209383010864e-01,4.742971807718276978e-02,7.530748248100280762e-01,-4.829186797142028809e-01,-4.468420743942260742e-01,0.000000000000000000e+00
1.054153367877006531e-01,-8.348330110311508179e-02,1.621980816125869751e-01,9.604178667068481445e-01,1.533697247505187988e-01,2.325408756732940674e-01,0.000000000000000000e+00
6.124387681484222412e-02,-2.076619118452072144e-01,-9.875030070543289185e-02,7.313961982727050781e-01,-4.660613238811492920e-01,-4.978417754173278809e-01,0.000000000000000000e+00
1.162158027291297913e-01,-1.445691138505935669e-01,-6.993990391492843628e-02,8.029665350914001465e-01,-3.472360074520111084e-01,-4.844294488430023193e-01,0.000000000000000000e+00
-1.478003561496734619e-01,-6.780070811510086060e-02,2.553659081459045410e-01,-7.878198623657226562e-01,-3.985046148300170898e-01,4.696104228496551514e-01,0.000000000000000000e+00
-2.477288246154785156e-01,-2.696116454899311066e-02,4.820628464221954346e-02,-7.618977427482604980e-01,4.715276658535003662e-01,4.440422356128692627e-01,0.000000000000000000e+00
-2.224372029304504395e-01,-1.041715294122695923e-01,4.896021261811256409e-02,-3.282920718193054199e-01,-8.672588467597961426e-01,3.742811977863311768e-01,0.000000000000000000e+00
-2.321433573961257935e-01,-1.321600228548049927e-01,-5.421923846006393433e-02,-3.557464182376861572e-01,-8.912742137908935547e-01,2.812024354934692383e-01,0.000000000000000000e+00
1.788497716188430786e-01,1.657279282808303833e-01,1.009027659893035889e-01,6.130341291427612305e-01,2.409041821956634521e-01,7.524322867393493652e-01,0.000000000000000000e+00
-2.253277301788330078e-01,-1.082203909754753113e-01,3.151579573750495911e-02,-3.553198575973510742e-01,-8.828763961791992188e-01,3.070457875728607178e-01,0.000000000000000000e+00
-1.076156944036483765e-01,2.106202021241188049e-02,-1.678028553724288940e-01,-5.376766324043273926e-01,-5.088590085506439209e-02,-8.416141867637634277e-01,0.000000000000000000e+00
-1.861823946237564087e-01,-1.488863825798034668e-01,-3.412051126360893250e-02,-3.760153949260711670e-01,-8.968669772148132324e-01,2.328991591930389404e-01,0.000000000000000000e+00
-2.594971656799316406e-01,5.415561795234680176e-02,-5.357978120446205139e-02,-7.305576801300048828e-01,4.651825726032257080e-01,4.998906552791595459e-01,0.000000000000000000e+00
1.047596558928489685e-01,-1.291079819202423096e-01,1.701940745115280151e-01,4.067712724208831787e-01,1.604939997196197510e-01,8.993213176727294922e-01,0.000000000000000000e+00
1.094550266861915588e-02,6.399644911289215088e-02,2.134882509708404541e-01,5.186529755592346191e-01,4.293505474925041199e-02,8.539060950279235840e-01,0.000000000000000000e+00
-1.616209447383880615e-01,-1.000338867306709290e-01,1.475021839141845703e-01,-4.339709877967834473e-01,-8.574019074440002441e-01,2.766426503658294678e-01,0.000000000000000000e+00
-2.883995883166790009e-02,1.942149102687835693e-01,-9.084948897361755371e-02,7.944839000701904297e-01,-9.228516370058059692e-02,6.002322435379028320e-01,0.000000000000000000e+00
-1.491085737943649292e-01,2.538920044898986816e-01,-1.118795275688171387e-01,3.896094262599945068e-01,8.791230916976928711e-01,-2.744942307472229004e-01,0.000000000000000000e+00
-1.165323797613382339e-02,1.966241598129272461e-01,2.058813273906707764e-01,-7.456287741661071777e-01,4.827465415000915527e-01,4.593403339385986328e-01,0.000000000000000000e+00
-2.229438126087188721e-01,1.285431385040283203e-01,-7.064373791217803955e-02,-7.355796098709106445e-01,4.616246521472930908e-01,4.958077669143676758e-01,0.000000000000000000e+00
3.550010174512863159e-02,-2.062603086233139038e-01,-1.449065506458282471e-01,7.608215808868408203e-01,-4.789724946022033691e-01,-4.378765523433685303e-01,0.000000000000000000e+00
-7.212924957275390625e-02,2.048014998435974121e-01,-1.597774326801300049e-01,4.313800334930419922e-01,8.525562286376953125e-01,-2.950577735900878906e-01,0.000000000000000000e+00
7.307784259319305420e-02,-2.512902915477752686e-01,-2.386112697422504425e-02,1.815075576305389404e-01,-9.782979488372802734e-01,-9.994038194417953491e-02,0.000000000000000000e+00
-7.801483571529388428e-02,-2.119150012731552124e-01,-1.658666580915451050e-01,-5.349432826042175293e-01,-6.844095140695571899e-02,-8.421113491058349609e-01,0.000000000000000000e+00
1.715649068355560303e-01,4.979451373219490051e-02,-1.821897625923156738e-01,7.380099296569824219e-01,-4.882175028324127197e-01,-4.658165276050567627e-01,0.000000000000000000e+00
2.943012714385986328e-01,1.019609123468399048e-01,1.080508995801210403e-02,3.913140594959259033e-01,8.815611600875854492e-01,-2.640514671802520752e-01,0.000000000000000000e+00
-1.404371857643127441e-01,2.291053999215364456e-03,-1.458160281181335449e-01,-5.369531512260437012e-01,-4.291355609893798828e-02,-8.425198793411254883e-01,0.000000000000000000e+00
-7.369545102119445801e-02,5.877143144607543945e-02,-1.914695799350738525e-01,-5.497155189514160156e-01,-5.854443833231925964e-02,-8.332979083061218262e-01,0.000000000000000000e+00
3.732668980956077576e-02,-2.138156443834304810e-01,-1.336983889341354370e-01,7.615325450897216797e-01,-4.695420265197753906e-01,-4.467644095420837402e-01,0.000000000000000000e+00
-1.878945231437683105e-01,1.956108659505844116e-01,-1.208917200565338135e-01,-5.297828912734985352e-01,-5.038949847221374512e-02,-8.466351032257080078e-01,0.000000000000000000e+00
1.771318018436431885e-01,-1.132849901914596558e-01,1.240061372518539429e-01,5.535492897033691406e-01,1.440376639366149902e-01,8.202660083770751953e-01,0.000000000000000000e+00
3.921247273683547974e-02,2.450447827577590942e-01,1.925278604030609131e-01,5.754570960998535156e-01,2.610374987125396729e-02,8.174152374267578125e-01,0.000000000000000000e+00
-9.551098197698593140e-02,1.353193223476409912e-01,1.364536434412002563e-01,-7.618477344512939453e-01,5.595454573631286621e-01,3.263386487960815430e-01,0.000000000000000000e+00
-1.844114512205123901e-01,-1.133248303085565567e-02,-1.161634400486946106e-01,-4.809005856513977051e-01,-3.346366584300994873e-01,-8.104029297828674316e-01,0.000000000000000000e+00
5.379318818449974060e-02,2.141147106885910034e-01,4.708514735102653503e-02,3.938625156879425049e-01,7.997708320617675781e-01,-4.530330002307891846e-01,0.000000000000000000e+00
-9.497275203466415405e-02,-1.913822591304779053e-01,-4.346685856580734253e-02,-3.451134860515594482e-01,-8.832398056983947754e-01,3.174652457237243652e-01,0.000000000000000000e+00
1.530538797378540039e-01,5.500853434205055237e-02,-2.170280814170837402e-01,7.471418380737304688e-01,-4.769467413425445557e-01,-4.629263877868652344e-01,0.000000000000000000e+00
-8.365270495414733887e-02,-1.540675908327102661e-01,8.482126146554946899e-02,-4.014835953712463379e-01,-8.692403435707092285e-01,2.884998619556427002e-01,0.000000000000000000e+00
-4.187685251235961914e-02,-1.341705769300460815e-01,-1.952894330024719238e-01,-5.290758609771728516e-01,-3.014981932938098907e-02,-8.480387330055236816e-01,0.000000000000000000e+00
6.179843097925186157e-02,-1.882911622524261475e-01,-1.184813380241394043e-01,7.836656570434570312e-01,-4.666940271854400635e-01,-4.099571108818054199e-01,0.000000000000000000e+00
-2.706591598689556122e-02,-2.629995942115783691e-01,-1.648408770561218262e-01,-1.228428408503532410e-01,-9.739521741867065430e-01,1.905959844589233398e-01,0.000000000000000000e+00
-1.290128380060195923e-01,-2.031441479921340942e-01,-1.288141757249832153e-01,-4.267629384994506836e-01,-9.018469452857971191e-01,6.742000579833984375e-02,0.000000000000000000e+00
1.346642225980758667e-01,-2.448982745409011841e-02,-1.497702747583389282e-01,-4.083223640918731689e-01,-7.997313737869262695e-01,-4.401164948940277100e-01,0.000000000000000000e+00
-2.515468597412109375e-01,2.053519245237112045e-03,1.043083518743515015e-02,-7.631464004516601562e-01,4.681184291839599609e-01,4.455027282238006592e-01,0.000000000000000000e+00
2.364130616188049316e-01,4.274150729179382324e-02,-7.106713205575942993e-02,7.218626737594604492e-01,-4.879142343997955322e-01,-4.907687604427337646e-01,0.000000000000000000e+00
-5.299151316285133362e-02,-2.084020972251892090e-01,-4.204716533422470093e-02,-4.861010909080505371e-01,3.131338581442832947e-02,8.733413815498352051e-01,0.000000000000000000e+00
-1.237803250551223755e-01,-9.813484549522399902e-02,2.028588652610778809e-01,-3.876692950725555420e-01,-8.812465071678161621e-01,2.704017162322998047e-01,0.000000000000000000e+00
1.687223464250564575e-01,-1.212266460061073303e-01,-6.364391651004552841e-03,6.988329887390136719e-01,-5.031878352165222168e-01,-5.083644986152648926e-01,0.000000000000000000e+00
-2.432200871407985687e-02,-7.362252473831176758e-02,2.415672242641448975e-01,5.138990283012390137e-01,5.684349685907363892e-02,8.559653162956237793e-01,0.000000000000000000e+00
3.783833608031272888e-02,2.624506652355194092e-01,1.707694530487060547e-01,3.921143412590026855e-01,8.736016750335693359e-01,-2.882125079631805420e-01,0.000000000000000000e+00
2.939805686473846436e-01,8.598762750625610352e-02,-1.653775200247764587e-02,8.283514380455017090e-01,1.717307120561599731e-01,-5.332376956939697266e-01,0.000000000000000000e+00
-6.888928264379501343e-02,7.601971924304962158e-02,2.469686567783355713e-01,-7.477375268936157227e-01,4.867521226406097412e-01,4.516203403472900391e-01,0.000000000000000000e+00
-2.557315826416015625e-01,-3.913371637463569641e-02,-7.369796186685562134e-02,-5.272418856620788574e-01,-4.099408909678459167e-02,-8.487257957458496094e-01,0.000000000000000000e+00
-2.441840916872024536e-01,-1.056160479784011841e-01,1.319997012615203857e-02,-3.868840634822845459e-01,-8.754621744155883789e-01,2.896319329738616943e-01,0.000000000000000000e+00
-2.199803851544857025e-02,5.494498834013938904e-02,-2.248969078063964844e-01,-5.635998845100402832e-01,-1.720951125025749207e-02,-8.258686065673828125e-01,0.000000000000000000e+00
3.615907579660415649e-02,1.008490622043609619e-01,1.964205205440521240e-01,5.153731107711791992e-01,2.442081458866596222e-02,8.566178679466247559e-01,0.000000000000000000e+00
1.399667412042617798e-01,1.181009858846664429e-01,-1.359435170888900757e-01,3.692236542701721191e-01,8.784853816032409668e-01,-3.032116889953613281e-01,0.000000000000000000e+00
2.266799062490463257e-01,-4.097420722246170044e-02,5.220606457442045212e-03,7.594329714775085449e-01,-4.755790233612060547e-01,-4.439438581466674805e-01,0.000000000000000000e+00
-2.826178818941116333e-02,-1.984079778194427490e-01,1.963638514280319214e-02,-5.216110348701477051e-01,-7.532147169113159180e-01,4.007362723350524902e-01,0.000000000000000000e+00
1.993566751480102539e-01,-9.584395214915275574e-03,-6.206174939870834351e-02,2.054667770862579346e-01,-8.301070928573608398e-01,5.183682441711425781e-01,0.000000000000000000e+00
1.538289487361907959e-01,-2.396510094404220581e-01,1.146462634205818176e-01,9.162189811468124390e-02,-9.951876997947692871e-01,-3.473965451121330261e-02,0.000000000000000000e+00
2.523507773876190186e-01,1.162548661231994629e-01,-9.238627535523846745e-05,3.684376776218414307e-01,8.800870776176452637e-01,-2.995002865791320801e-01,0.000000000000000000e+00
2.786384820938110352e-01,4.737372696399688721e-02,-7.593029178678989410e-03,7.377448081970214844e-01,-4.923645853996276855e-01,-4.618546068668365479e-01,0.000000000000000000e+00
-8.337783813476562500e-02,2.181395590305328369e-01,-1.333087980747222900e-01,3.777171075344085693e-01,8.839555978775024414e-01,-2.755944728851318359e-01,0.000000000000000000e+00
-1.283828616142272949e-01,1.567210070788860321e-03,-1.534563452005386353e-01,-5.343638062477111816e-01,-4.463776573538780212e-02,-8.440750837326049805e-01,0.000000000000000000e+00
2.961035072803497314e-01,9.096092730760574341e-02,-1.073554158210754395e-02,7.461211085319519043e-01,3.942882120609283447e-01,-5.365073084831237793e-01,0.000000000000000000e+00
4.564270004630088806e-02,-1.931075900793075562e-01,-1.414491981267929077e-01,7.648840546607971191e-01,-4.736029803752899170e-01,-4.366378188133239746e-01,0.000000000000000000e+00
-3.475024178624153137e-02,-9.376440197229385376e-02,2.491783052682876587e-01,5.056475996971130371e-01,5.338686332106590271e-02,8.610867261886596680e-01,0.000000000000000000e+00
-1.077395677566528320e-02,1.806084513664245605e-01,-7.445265352725982666e-02,-2.906905710697174072e-01,9.280534386634826660e-01,-2.328428626060485840e-01,0.000000000000000000e+00
9.289965033531188965e-02,-1.977323889732360840e-01,1.699054390192031860e-01,-2.024405002593994141e-01,-8.119969964027404785e-01,5.474292039871215820e-01,0.000000000000000000e+00
-3.048525378108024597e-02,-1.532126367092132568e-01,1.550754308700561523e-01,-3.672779202461242676e-01,-8.815088868141174316e-01,2.967305779457092285e-01,0.000000000000000000e+00
-1.750391274690628052e-01,2.082384750247001648e-02,1.249537691473960876e-01,-7.574753165245056152e-01,4.893373548984527588e-01,4.321806132793426514e-01,0.000000000000000000e+00
7.974161207675933838e-02,-1.513804942369461060e-01,1.847829967737197876e-01,5.346929430961608887e-01,4.951272904872894287e-02,8.435946702957153320e-01,0.000000000000000000e+00
-2.258579432964324951e-01,-5.636699497699737549e-02,1.203831210732460022e-01,-7.658296823501586914e-01,4.735884368419647217e-01,4.349929988384246826e-01,0.000000000000000000e+00
1.515704393386840820e-01,-1.353134661912918091e-01,7.137694396078586578e-03,8.145491778850555420e-02,2.274173311889171600e-02,-9.964175224304199219e-01,0.000000000000000000e+00
-1.374159008264541626e-01,2.957516536116600037e-02,1.819192618131637573e-01,-7.530425190925598145e-01,4.820700287818908691e-01,4.478119015693664551e-01,0.000000000000000000e+00
-7.021782547235488892e-02,2.175494879484176636e-01,9.032174199819564819e-02,-7.437479496002197266e-01,4.739570617675781250e-01,4.713848233222961426e-01,0.000000000000000000e+00
6.959490478038787842e-02,2.269484996795654297e-01,1.066208183765411377e-01,3.925384283065795898e-01,8.770509362220764160e-01,-2.769390046596527100e-01,0.000000000000000000e+00
-1.651243865489959717e-01,-8.187685161828994751e-02,1.974417716264724731e-01,-3.912452757358551025e-01,-8.796142339706420898e-01,2.705658972263336182e-01,0.000000000000000000e+00
-1.810254752635955811e-01,2.763325173873454332e-04,1.369445919990539551e-01,-7.659974694252014160e-01,4.744389355182647705e-01,4.337689876556396484e-01,0.000000000000000000e+00
6.470204889774322510e-02,2.103597521781921387e-01,5.018039792776107788e-02,3.573568761348724365e-01,8.196575641632080078e-01,-4.477248191833496094e-01,0.000000000000000000e+00
5.400489270687103271e-02,-1.882607042789459229e-01,-1.322080045938491821e-01,7.610998153686523438e-01,-4.715059697628021240e-01,-4.454314708709716797e-01,0.000000000000000000e+00
8.379478007555007935e-02,-1.536790877580642700e-01,1.833977550268173218e-01,3.032629787921905518e-01,1.725235581398010254e-01,9.371591210365295410e-01,0.000000000000000000e+00
-1.706965118646621704e-01,-1.200685799121856689e-01,7.101781666278839111e-02,-3.822152614593505859e-01,-8.827063441276550293e-01,2.733879089355468750e-01,0.000000000000000000e+00
4.881396889686584473e-02,1.279477775096893311e-01,-2.185409516096115112e-01,3.792702555656433105e-01,8.729032278060913086e-01,-3.069104850292205811e-01,0.000000000000000000e+00
1.288654804229736328e-01,-8.029293268918991089e-02,-1.184105798602104187e-01,7.549442648887634277e-01,-4.729889035224914551e-01,-4.542473852634429932e-01,0.000000000000000000e+00
9.858756512403488159e-02,-1.306460052728652954e-01,-1.153043061494827271e-01,5.765415430068969727e-01,-6.129511594772338867e-01,-5.402690768241882324e-01,0.000000000000000000e+00
5.648777633905410767e-02,-1.393408477306365967e-01,-1.789417862892150879e-01,7.607231140136718750e-01,-4.759255647659301758e-01,-4.413561522960662842e-01,0.000000000000000000e+00
-3.703839704394340515e-02,-1.992647051811218262e-01,5.276923533529043198e-03,-4.542973935604095459e-01,-8.232882022857666016e-01,3.403093516826629639e-01,0.000000000000000000e+00
-8.442623168230056763e-02,-1.319992244243621826e-01,1.225973889231681824e-01,-3.321441113948822021e-01,1.663999855518341064e-01,9.284349083900451660e-01,0.000000000000000000e+00
-1.595003604888916016e-01,5.622306093573570251e-02,-1.361477524042129517e-01,-5.496155619621276855e-01,-2.929174341261386871e-02,-8.349040150642395020e-01,0.000000000000000000e+00
4.526180401444435120e-02,-1.778551936149597168e-01,1.807264685630798340e-01,-3.817755579948425293e-01,-8.913238644599914551e-01,2.445183694362640381e-01,0.000000000000000000e+00
1.141253635287284851e-01,-5.659125000238418579e-02,-1.690706163644790649e-01,7.565953135490417480e-01,-4.799744486808776855e-01,-4.440586268901824951e-01,0.000000000000000000e+00
1.123330891132354736e-01,-2.037462890148162842e-01,-1.520541962236166000e-02,7.628195881843566895e-01,-4.739451408386230469e-01,-4.398661851882934570e-01,0.000000000000000000e+00
2.430189102888107300e-01,1.351818591356277466e-01,4.625228047370910645e-02,4.966928660869598389e-01,8.591905832290649414e-01,-1.228321194648742676e-01,0.000000000000000000e+00
4.023299738764762878e-02,-1.764620244503021240e-01,1.783401668071746826e-01,-3.654830455780029297e-01,-9.057868719100952148e-01,2.144115567207336426e-01,0.000000000000000000e+00
1.499697379767894745e-02,-7.583625614643096924e-03,1.920899748802185059e-01,5.027040839195251465e-01,3.502674102783203125e-01,7.903172373771667480e-01,0.000000000000000000e+00
1.743851006031036377e-01,-1.059205755591392517e-01,-1.331110671162605286e-02,7.554533481597900391e-01,-4.668829441070556641e-01,-4.596852362155914307e-01,0.000000000000000000e+00
-3.708736598491668701e-02,-3.943784907460212708e-02,2.468795925378799438e-01,5.122380256652832031e-01,5.952670797705650330e-02,8.567781448364257812e-01,0.000000000000000000e+00
-2.530109323561191559e-02,2.388244867324829102e-01,1.308145374059677124e-02,3.864385783672332764e-01,8.786981701850891113e-01,-2.802762091159820557e-01,0.000000000000000000e+00
1.970992237329483032e-01,1.203656643629074097e-01,-5.734713003039360046e-02,3.276567161083221436e-01,8.733881115913391113e-01,-3.603251874446868896e-01,0.000000000000000000e+00
-1.391899138689041138e-01,1.508185267448425293e-01,4.404450207948684692e-02,-7.990908622741699219e-01,4.257486462593078613e-01,4.244900941848754883e-01,0.000000000000000000e+00
5.335700139403343201e-02,-5.958393216133117676e-02,-2.599612176418304443e-01,1.730225533246994019e-01,-3.728418052196502686e-01,-9.116206169128417969e-01,0.000000000000000000e+00
7.642710208892822266e-02,5.931528657674789429e-02,1.736131161451339722e-01,5.235496163368225098e-01,6.549275666475296021e-02,8.494742512702941895e-01,0.000000000000000000e+00
-5.887710303068161011e-02,1.969266682863235474e-01,1.275787055492401123e-01,-7.514458298683166504e-01,4.829145967960357666e-01,4.495805203914642334e-01,0.000000000000000000e+00
-9.683442302048206329e-03,-2.571555078029632568e-01,-1.684334427118301392e-01,6.252329945564270020e-01,-6.505698561668395996e-01,-4.310946166515350342e-01,0.000000000000000000e+00
1.064524054527282715e-01,-1.761650480329990387e-02,-2.172930240631103516e-01,7.538660764694213867e-01,-4.715517759323120117e-01,-4.575203359127044678e-01,0.000000000000000000e+00
5.818101391196250916e-02,1.508174389600753784e-01,1.829878687858581543e-01,5.420131683349609375e-01,3.240210935473442078e-02,8.397451043128967285e-01,0.000000000000000000e+00
-1.292312741279602051e-01,3.565264865756034851e-02,1.894514262676239014e-01,-7.628750205039978027e-01,4.887433052062988281e-01,4.232631623744964600e-01,0.000000000000000000e+00
1.177027821540832520e-01,-1.174278333783149719e-01,-9.826092422008514404e-02,7.519349455833435059e-01,-4.865168929100036621e-01,-4.448541104793548584e-01,0.000000000000000000e+00
-4.777635633945465088e-02,-2.330791801214218140e-01,-1.029658168554306030e-01,-3.974166810512542725e-01,-8.713463544845581055e-01,2.877767682075500488e-01,0.000000000000000000e+00
2.407346963882446289e-01,5.988466367125511169e-02,-8.132843673229217529e-02,6.982738375663757324e-01,-4.912975132465362549e-01,-5.206153988838195801e-01,0.000000000000000000e+00
1.755923479795455933e-01,-1.462335586547851562e-01,1.280150413513183594e-01,5.255795121192932129e-01,5.900143831968307495e-02,8.486960530281066895e-01,0.000000000000000000e+00
2.645907402038574219e-01,9.973572194576263428e-02,-3.379419445991516113e-02,3.715365529060363770e-01,8.802635669708251953e-01,-2.951214909553527832e-01,0.000000000000000000e+00
1.571086645126342773e-01,-8.657722920179367065e-02,-6.390357017517089844e-02,7.623620629310607910e-01,-4.746253788471221924e-01,-4.399259090423583984e-01,0.000000000000000000e+00
5.712331831455230713e-02,-1.374637335538864136e-01,1.979665458202362061e-01,5.215368270874023438e-01,5.306973308324813843e-02,8.515767455101013184e-01,0.000000000000000000e+00
6.997920572757720947e-02,2.090645432472229004e-01,5.264784395694732666e-02,4.151391685009002686e-01,8.632726669311523438e-01,-2.870883941650390625e-01,0.000000000000000000e+00
-2.485563904047012329e-01,-4.312602803111076355e-02,6.397040188312530518e-02,-7.552993297576904297e-01,4.799047410488128662e-01,4.463343918323516846e-01,0.000000000000000000e+00
1.875605620443820953e-02,2.442405223846435547e-01,8.786634355783462524e-02,4.057032167911529541e-01,8.725455999374389648e-01,-2.721563577651977539e-01,0.000000000000000000e+00
1.223136708140373230e-01,-1.767489463090896606e-01,1.634672433137893677e-01,5.386224985122680664e-01,6.377224624156951904e-02,8.401302695274353027e-01,0.000000000000000000e+00
1.330989003181457520e-01,6.898942589759826660e-02,-2.600829303264617920e-01,8.365998864173889160e-01,3.170499950647354126e-02,-5.468961596488952637e-01,0.000000000000000000e+00
4.819272551685571671e-03,-2.331207841634750366e-01,-4.021846503019332886e-02,-3.683260083198547363e-01,-8.770341873168945312e-01,3.084590137004852295e-01,0.000000000000000000e+00
5.008741840720176697e-02,-8.077763766050338745e-02,1.983056366443634033e-01,5.191776156425476074e-01,5.904763564467430115e-02,8.526241779327392578e-01,0.000000000000000000e+00
-2.384319454431533813e-01,1.012443006038665771e-01,-8.796542882919311523e-02,-7.983188033103942871e-01,1.595530062913894653e-01,-5.807150006294250488e-01,0.000000000000000000e+00
-1.190563440322875977e-01,2.549679577350616455e-01,-6.571060419082641602e-02,3.952338397502899170e-01,8.771949410438537598e-01,-2.726155221462249756e-01,0.000000000000000000e+00
-7.475318014621734619e-02,-9.438721090555191040e-02,2.661719024181365967e-01,-1.804648153483867645e-02,-7.676087021827697754e-01,6.406646966934204102e-01,0.000000000000000000e+00
-1.853633970022201538e-01,-1.086209639906883240e-01,8.642304688692092896e-02,-3.744869828224182129e-01,-8.843807578086853027e-01,2.786220014095306396e-01,0.000000000000000000e+00
-8.688098937273025513e-02,-3.657988086342811584e-02,-1.769954115152359009e-01,-5.307347178459167480e-01,-6.509649008512496948e-02,-8.450344204902648926e-01,0.000000000000000000e+00
4.425156489014625549e-02,-1.855065859854221344e-02,-2.651568055152893066e-01,-5.582571029663085938e-01,-5.782044306397438049e-02,-8.276507854461669922e-01,0.000000000000000000e+00
-2.187419831752777100e-01,2.290307916700839996e-02,3.750268369913101196e-02,3.224889338016510010e-01,7.682626247406005859e-01,5.529677867889404297e-01,0.000000000000000000e+00
1.799566745758056641e-01,4.991936683654785156e-02,-1.687225252389907837e-01,7.484797835350036621e-01,-4.791412353515625000e-01,-4.584776163101196289e-01,0.000000000000000000e+00
1.305486708879470825e-01,-1.381589099764823914e-02,1.451646089553833008e-01,5.356130599975585938e-01,4.289113730192184448e-02,8.433735966682434082e-01,0.000000000000000000e+00
2.511134147644042969e-01,9.605952352285385132e-02,5.551170185208320618e-02,5.441601872444152832e-01,4.898683726787567139e-02,8.375499844551086426e-01,0.000000000000000000e+00
-1.440778672695159912e-01,-1.557218581438064575e-01,-2.928579633589833975e-04,-3.591654002666473389e-01,-8.922220468521118164e-01,2.737517356872558594e-01,0.000000000000000000e+00
-4.400452226400375366e-02,-8.434025943279266357e-02,-1.997684240341186523e-01,-5.279883146286010742e-01,-6.705211848020553589e-02,-8.466004729270935059e-01,0.000000000000000000e+00
-2.977379225194454193e-02,-1.257496029138565063e-01,-2.046190947294235229e-01,-5.977059006690979004e-01,-2.333446145057678223e-01,-7.670058012008666992e-01,0.000000000000000000e+00
2.853085100650787354e-02,2.556292414665222168e-01,1.959980577230453491e-01,9.151319414377212524e-02,5.524584054946899414e-01,8.285016417503356934e-01,0.000000000000000000e+00
5.937172472476959229e-02,1.500081084668636322e-02,-2.776184380054473877e-01,-5.974430441856384277e-01,-4.155049473047256470e-02,-8.008341789245605469e-01,0.000000000000000000e+00
1.232241094112396240e-01,1.766278445720672607e-01,1.560902316123247147e-02,3.782738447189331055e-01,8.761454820632934570e-01,-2.987941801548004150e-01,0.000000000000000000e+00
-1.107370201498270035e-02,-2.396003305912017822e-01,-7.764916121959686279e-02,-3.277510702610015869e-01,-9.121465682983398438e-01,2.461054176092147827e-01,0.000000000000000000e+00
1.607230454683303833e-01,-5.614789947867393494e-02,-9.012506157159805298e-02,7.623670101165771484e-01,-4.654890894889831543e-01,-4.495735764503479004e-01,0.000000000000000000e+00
-1.295468807220458984e-01,4.919223114848136902e-02,-1.554743498563766479e-01,-5.352404117584228516e-01,-4.157643392682075500e-02,-8.436759114265441895e-01,0.000000000000000000e+00
-3.808464482426643372e-02,1.959677487611770630e-01,1.628670543432235718e-01,-7.491838932037353516e-01,4.810121953487396240e-01,4.553578197956085205e-01,0.000000000000000000e+00
1.714872717857360840e-01,-2.247689478099346161e-02,-1.077434048056602478e-01,7.097627520561218262e-01,-5.600667595863342285e-01,-4.272728264331817627e-01,0.000000000000000000e+00
1.726777851581573486e-01,-6.926117092370986938e-02,-5.573756620287895203e-02,7.650673389434814453e-01,-4.660344421863555908e-01,-4.443915784358978271e-01,0.000000000000000000e+00
-2.225766927003860474e-01,2.618703246116638184e-02,3.084184601902961731e-02,-4.427245855331420898e-01,7.113834619522094727e-01,5.458282232284545898e-01,0.000000000000000000e+00
-5.884127691388130188e-03,1.796910166740417480e-01,-1.394342780113220215e-01,3.851795196533203125e-01,8.737837076187133789e-01,-2.968817353248596191e-01,0.000000000000000000e+00
1.896546222269535065e-02,2.147072181105613708e-02,-2.506572902202606201e-01,-5.621165037155151367e-01,-4.870822653174400330e-02,-8.256224989891052246e-01,0.000000000000000000e+00
8.339837193489074707e-03,1.797014176845550537e-01,-1.210479587316513062e-01,3.789509534835815430e-01,8.767600059509277344e-01,-2.961217463016510010e-01,0.000000000000000000e+00
6.671586632728576660e-02,4.176127910614013672e-02,-2.847864031791687012e-01,-5.702576637268066406e-01,-6.385689228773117065e-02,-8.189801573753356934e-01,0.000000000000000000e+00
2.073361575603485107e-01,-5.108181387186050415e-02,9.864012897014617920e-02,5.268335938453674316e-01,5.945731326937675476e-02,8.478863239288330078e-01,0.000000000000000000e+00
-2.124474793672561646e-01,1.158036990091204643e-03,-1.005068197846412659e-01,-5.490990877151489258e-01,-6.742264330387115479e-02,-8.330332040786743164e-01,0.000000000000000000e+00
1.850755512714385986e-01,9.158077836036682129e-02,1.009765341877937317e-01,5.550764203071594238e-01,4.938565939664840698e-02,8.303319811820983887e-01,0.000000000000000000e+00
1.366654634475708008e-01,-1.638056188821792603e-01,-1.556599140167236328e-02,7.828162312507629395e-01,-4.617343544960021973e-01,-4.171332716941833496e-01,0.000000000000000000e+00
2.576640546321868896e-01,1.065703704953193665e-01,5.068180337548255920e-02,5.425943136215209961e-01,4.672579467296600342e-02,8.386942744255065918e-01,0.000000000000000000e+00
2.761721238493919373e-02,1.094467714428901672e-01,-2.615292668342590332e-01,-4.033063054084777832e-01,1.610716730356216431e-01,-9.007773995399475098e-01,0.000000000000000000e+00
8.659958839416503906e-02,1.984097361564636230e-01,1.631632298231124878e-01,5.363321304321289062e-01,3.197457641363143921e-02,8.434011340141296387e-01,0.000000000000000000e+00
4.331858083605766296e-02,5.218253284692764282e-02,1.940947324037551880e-01,5.654382705688476562e-01,2.085381373763084412e-02,8.245269656181335449e-01,0.000000000000000000e+00
2.034779340028762817e-01,-8.065650612115859985e-02,8.710145950317382812e-03,7.573409676551818848e-01,-4.850882291793823242e-01,-4.371774196624755859e-01,0.000000000000000000e+00
-2.213546186685562134e-01,-1.250624805688858032e-01,-1.664704270660877228e-02,-3.546874225139617920e-01,-8.981437683105468750e-01,2.598741948604583740e-01,0.000000000000000000e+00
-5.300648137927055359e-02,-1.391615122556686401e-01,-1.877652257680892944e-01,-5.357457995414733887e-01,-7.122638821601867676e-02,-8.413698673248291016e-01,0.000000000000000000e+00
1.458765715360641479e-01,5.984529852867126465e-02,-2.335689067840576172e-01,7.459996938705444336e-01,-4.793185293674468994e-01,-4.623183310031890869e-01,0.000000000000000000e+00
-1.909548044204711914e-01,-1.472948938608169556e-01,-3.576540946960449219e-02,-4.449434578418731689e-01,-8.364058732986450195e-01,3.200789391994476318e-01,0.000000000000000000e+00
-2.140680551528930664e-01,6.145170331001281738e-02,1.501080021262168884e-02,-7.561833858489990234e-01,4.727845788002014160e-01,4.523952007293701172e-01,0.000000000000000000e+00
3.767820820212364197e-02,1.383495330810546875e-01,-2.027228027582168579e-01,4.574714601039886475e-01,8.180721998214721680e-01,-3.485365509986877441e-01,0.000000000000000000e+00
-7.628969848155975342e-02,-1.597298830747604370e-01,7.771138846874237061e-02,-3.937119841575622559e-01,-8.744204044342041016e-01,2.835134565830230713e-01,0.000000000000000000e+00
-2.299228757619857788e-01,8.885986357927322388e-02,-9.399852901697158813e-02,-5.231906175613403320e-01,-4.546777904033660889e-02,-8.510019183158874512e-01,0.000000000000000000e+00
-2.959815859794616699e-01,-4.665878042578697205e-02,-4.931956157088279724e-02,-5.570773482322692871e-01,1.075941976159811020e-02,-8.303909301757812500e-01,0.000000000000000000e+00
2.370163500308990479e-01,-8.686501532793045044e-03,7.679984718561172485e-02,5.607838034629821777e-01,1.428205519914627075e-01,8.155512213706970215e-01,0.000000000000000000e+00
7.039429247379302979e-02,-2.254949212074279785e-01,6.726985424757003784e-02,-3.928626477718353271e-01,-8.609285950660705566e-01,3.232040405273437500e-01,0.000000000000000000e+00
9.762737900018692017e-02,9.178259968757629395e-02,-2.622729539871215820e-01,3.751725256443023682e-01,8.785552382469177246e-01,-2.956116199493408203e-01,0.000000000000000000e+00
1.038939952850341797e-01,1.392714530229568481e-01,-1.177114099264144897e-01,2.452025860548019409e-01,9.169517755508422852e-01,-3.147619962692260742e-01,0.000000000000000000e+00
2.335171960294246674e-02,-1.483133137226104736e-01,2.170708924531936646e-01,2.865267097949981689e-01,-3.647239506244659424e-01,8.859338760375976562e-01,0.000000000000000000e+00
1.694100499153137207e-01,-1.783348023891448975e-01,1.345105767250061035e-01,5.209723114967346191e-01,9.065109491348266602e-02,8.487462997436523438e-01,0.000000000000000000e+00
1.579444259405136108e-01,-1.034731119871139526e-01,-4.460290074348449707e-02,7.554183006286621094e-01,-4.820336103439331055e-01,-4.438319504261016846e-01,0.000000000000000000e+00
-1.410128921270370483e-01,-1.028117612004280090e-01,1.634175181388854980e-01,-4.414099454879760742e-01,-8.720136880874633789e-01,2.115405350923538208e-01,0.000000000000000000e+00
9.577858448028564453e-02,2.080956548452377319e-01,7.622435688972473145e-02,2.729694545269012451e-01,9.296445846557617188e-01,-2.474846392869949341e-01,0.000000000000000000e+00
1.150407716631889343e-01,3.410393372178077698e-02,-2.570343017578125000e-01,7.501761317253112793e-01,-4.833430349826812744e-01,-4.512374997138977051e-01,0.000000000000000000e+00
-6.153107155114412308e-03,-2.234937250614166260e-01,-2.542180009186267853e-02,-3.536869287490844727e-01,-8.783770203590393066e-01,3.214955925941467285e-01,0.000000000000000000e+00
2.875613607466220856e-02,-1.605904549360275269e-01,2.069097310304641724e-01,-1.406405121088027954e-01,-7.519454956054687500e-01,6.440483331680297852e-01,0.000000000000000000e+00
-1.496557742357254028e-01,2.454271465539932251e-01,-6.652537733316421509e-02,-7.413082122802734375e-01,4.865938127040863037e-01,4.622646570205688477e-01,0.000000000000000000e+00
9.763729572296142578e-02,1.094407886266708374e-01,1.577942967414855957e-01,3.994446098804473877e-01,5.559873953461647034e-02,9.150698184967041016e-01,0.000000000000000000e+00
2.059707343578338623e-01,-4.637385252863168716e-03,-6.814710795879364014e-02,7.629120349884033203e-01,-6.127883791923522949e-01,-2.060476690530776978e-01,0.000000000000000000e+00
1.219167634844779968e-01,-1.826944202184677124e-02,-1.909921318292617798e-01,7.538619637489318848e-01,-4.780303537845611572e-01,-4.507539272308349609e-01,0.000000000000000000e+00
2.219181656837463379e-01,-8.795014768838882446e-02,9.186477959156036377e-02,5.420436859130859375e-01,2.130789682269096375e-02,8.400801420211791992e-01,0.000000000000000000e+00
7.174713164567947388e-02,-2.504705786705017090e-01,-9.798852726817131042e-03,-1.231891959905624390e-01,-9.771525859832763672e-01,1.731970906257629395e-01,0.000000000000000000e+00
1.911024302244186401e-01,-1.806787401437759399e-01,1.000604927539825439e-01,7.649157047271728516e-01,-4.564522504806518555e-01,-4.544835388660430908e-01,0.000000000000000000e+00
1.071200668811798096e-01,1.521106064319610596e-01,-7.932746410369873047e-02,3.934042453765869141e-01,8.690740466117858887e-01,-2.999057471752166748e-01,0.000000000000000000e+00
-1.634944230318069458e-02,-1.685155630111694336e-01,1.275372505187988281e-01,-3.803664147853851318e-01,-8.634283542633056641e-01,3.313801884651184082e-01,0.000000000000000000e+00
-7.881412655115127563e-02,-7.260111160576343536e-03,2.699093818664550781e-01,5.124650597572326660e-01,4.573591798543930054e-02,8.574892282485961914e-01,0.000000000000000000e+00
1.359503865242004395e-01,1.300374269485473633e-01,-2.228740602731704712e-02,8.886073231697082520e-01,3.546034991741180420e-01,-2.909182310104370117e-01,0.000000000000000000e+00
2.333924174308776855e-01,7.441315054893493652e-02,-1.069985255599021912e-01,7.942025661468505859e-01,-3.952571749687194824e-01,-4.615345001220703125e-01,0.000000000000000000e+00
1.125131323933601379e-01,3.917560447007417679e-03,-2.296736389398574829e-01,7.485283017158508301e-01,-4.769112467765808105e-01,-4.607179462909698486e-01,0.000000000000000000e+00
-1.301158871501684189e-02,-1.258119642734527588e-01,2.374066412448883057e-01,1.359166800975799561e-01,-5.994727611541748047e-01,7.887705564498901367e-01,0.000000000000000000e+00
-1.285648643970489502e-01,-1.147342193871736526e-02,-1.525608599185943604e-01,-5.283856391906738281e-01,-6.100682914257049561e-02,-8.468097448348999023e-01,0.000000000000000000e+00
7.276961952447891235e-02,-1.347548216581344604e-01,-1.559866368770599365e-01,7.568346858024597168e-01,-4.794104695320129395e-01,-4.442599117755889893e-01,0.000000000000000000e+00
1.449155956506729126e-01,-2.135464698076248169e-01,1.523291617631912231e-01,3.546980917453765869e-01,-1.120593249797821045e-01,9.282413125038146973e-01,0.000000000000000000e+00
-4.616304114460945129e-02,-1.679559946060180664e-01,9.121444821357727051e-02,-3.592485785484313965e-01,-8.713092803955078125e-01,3.343061804771423340e-01,0.000000000000000000e+00
1.913006454706192017e-01,-1.355152577161788940e-01,5.155139416456222534e-02,6.170952320098876953e-01,-7.126251459121704102e-01,-3.337047100067138672e-01,0.000000000000000000e+00
1.733953952789306641e-01,1.650208830833435059e-01,4.493792727589607239e-02,3.747380077838897705e-01,8.807740211486816406e-01,-2.894970476627349854e-01,0.000000000000000000e+00
1.954757720232009888e-01,-1.451062113046646118e-01,6.901121884584426880e-02,7.674540281295776367e-01,-4.495241343975067139e-01,-4.571020901203155518e-01,0.000000000000000000e+00
-1.593093723058700562e-01,4.903018102049827576e-02,1.209992542862892151e-01,-7.653743624687194824e-01,4.681968688964843750e-01,4.415810406208038330e-01,0.000000000000000000e+00
-1.939261704683303833e-01,1.785927116870880127e-01,-7.060594111680984497e-02,-7.497048974037170410e-01,4.750278294086456299e-01,4.607506096363067627e-01,0.000000000000000000e+00
8.196750283241271973e-02,-5.943597108125686646e-02,-2.214254587888717651e-01,7.602065205574035645e-01,-4.776753187179565430e-01,-4.403547644615173340e-01,0.000000000000000000e+00
-1.651742905378341675e-01,2.536261379718780518e-01,-1.029491126537322998e-01,-3.655185997486114502e-01,9.122462272644042969e-01,1.849403530359268188e-01,0.000000000000000000e+00
-2.381409145891666412e-02,2.361744344234466553e-01,1.434458494186401367e-01,-7.476428747177124023e-01,4.822031557559967041e-01,4.566292464733123779e-01,0.000000000000000000e+00
-6.735027581453323364e-02,-1.260484158992767334e-01,-1.796890795230865479e-01,-5.461456179618835449e-01,-6.650227308273315430e-02,-8.350463509559631348e-01,0.000000000000000000e+00
-8.183400332927703857e-02,-1.165579706430435181e-01,2.032370418310165405e-01,-3.828779160976409912e-01,-8.788175582885742188e-01,2.847528159618377686e-01,0.000000000000000000e+00
7.819080725312232971e-03,2.654502391815185547e-01,1.524632275104522705e-01,-3.072006106376647949e-01,9.434492588043212891e-01,1.246244609355926514e-01,0.000000000000000000e+00
5.588280037045478821e-02,-5.935572460293769836e-02,-2.593449056148529053e-01,5.351864695549011230e-01,-4.439534842967987061e-01,-7.186659574508666992e-01,0.000000000000000000e+00
-1.075214371085166931e-01,-1.850846037268638611e-02,-1.654084175825119019e-01,-5.366061925888061523e-01,-7.504662871360778809e-02,-8.404890298843383789e-01,0.000000000000000000e+00
1.758446842432022095e-01,4.689650237560272217e-02,9.232605248689651489e-02,-5.011351108551025391e-01,-1.928463391959667206e-02,8.651541471481323242e-01,0.000000000000000000e+00
-7.163344323635101318e-02,1.542196869850158691e-01,1.554378718137741089e-01,-5.602388978004455566e-01,7.959262728691101074e-01,2.294203788042068481e-01,0.000000000000000000e+00
8.338442072272300720e-03,2.525142133235931396e-01,9.935111552476882935e-02,3.999442756175994873e-01,8.784404397010803223e-01,-2.615090310573577881e-01,0.000000000000000000e+00
1.461426019668579102e-01,-1.886507123708724976e-01,3.116126917302608490e-02,7.639263272285461426e-01,-4.698108732700347900e-01,-4.423734545707702637e-01,0.000000000000000000e+00
1.498188972473144531e-01,-1.354392617940902710e-02,-1.523207873106002808e-01,7.516542077064514160e-01,-4.770861268043518066e-01,-4.554171264171600342e-01,0.000000000000000000e+00
2.103801220655441284e-01,1.510034650564193726e-01,5.150642618536949158e-02,2.981782853603363037e-01,9.227918386459350586e-01,-2.440182417631149292e-01,0.000000000000000000e+00
-6.697709858417510986e-02,8.282166719436645508e-02,2.428035438060760498e-01,-7.477375268936157227e-01,4.867521226406097412e-01,4.516203403472900391e-01,0.000000000000000000e+00
-2.377280890941619873e-01,-6.658586114645004272e-02,1.088472902774810791e-01,-8.261330723762512207e-01,3.075674176216125488e-01,4.721296727657318115e-01,0.000000000000000000e+00
-2.683863043785095215e-01,-5.231704562902450562e-02,3.954212367534637451e-02,-7.658638954162597656e-01,4.744996726512908936e-01,4.339383840560913086e-01,0.000000000000000000e+00
1.206794604659080505e-01,4.234382510185241699e-02,1.477158367633819580e-01,5.273757576942443848e-01,5.654783174395561218e-02,8.477482795715332031e-01,0.000000000000000000e+00
6.747762672603130341e-03,7.857657223939895630e-02,-2.466358095407485962e-01,-5.442492365837097168e-01,-6.020655483007431030e-02,-8.367604017257690430e-01,0.000000000000000000e+00
-1.568903475999832153e-01,2.437695860862731934e-01,-7.646348327398300171e-02,-7.471181750297546387e-01,4.804314374923706055e-01,4.593473970890045166e-01,0.000000000000000000e+00
1.047197356820106506e-02,-2.208246737718582153e-01,3.036595182493329048e-03,-3.774336278438568115e-01,-8.923794031143188477e-01,2.473921775817871094e-01,0.000000000000000000e+00
-1.000423878431320190e-01,-1.087127402424812317e-01,1.302357614040374756e-01,7.997250556945800781e-01,-5.975279808044433594e-01,-5.831040814518928528e-02,0.000000000000000000e+00
1.823814809322357178e-01,-1.450736075639724731e-02,-9.847903251647949219e-02,7.487731575965881348e-01,-4.745998382568359375e-01,-4.627026617527008057e-01,0.000000000000000000e+00
1.648468077182769775e-01,1.737070828676223755e-01,6.016558781266212463e-02,3.746257722377777100e-01,8.794791698455810547e-01,-2.935505211353302002e-01,0.000000000000000000e+00
-1.911214292049407959e-01,4.005020111799240112e-02,4.265503585338592529e-02,-8.547496199607849121e-01,-5.129741430282592773e-01,-7.912430912256240845e-02,0.000000000000000000e+00
6.830147653818130493e-02,-9.035278111696243286e-02,-2.114767581224441528e-01,7.601801753044128418e-01,-4.777878224849700928e-01,-4.402781724929809570e-01,0.000000000000000000e+00
-1.582430899143218994e-01,2.378641217947006226e-01,-7.255302369594573975e-02,-7.568250894546508789e-01,4.540393054485321045e-01,4.701745510101318359e-01,0.000000000000000000e+00
2.120800465345382690e-01,-7.827556692063808441e-03,-5.482012778520584106e-02,5.458245873451232910e-01,-6.328855752944946289e-01,-5.491187572479248047e-01,0.000000000000000000e+00
-1.509975343942642212e-01,2.137154936790466309e-01,-3.654108196496963501e-02,-7.511470317840576172e-01,4.718760848045349121e-01,4.616395235061645508e-01,0.000000000000000000e+00
1.099568828940391541e-01,-1.625058352947235107e-01,-6.423441320657730103e-02,7.648570537567138672e-01,-4.763322770595550537e-01,-4.337064325809478760e-01,0.000000000000000000e+00
2.197818458080291748e-01,-8.817368187010288239e-03,-4.350979998707771301e-02,7.426007390022277832e-01,-4.857035875320434570e-01,-4.611248672008514404e-01,0.000000000000000000e+00
1.006288453936576843e-01,-5.813052877783775330e-03,-2.390465885400772095e-01,7.537977099418640137e-01,-4.712961912155151367e-01,-4.578962028026580811e-01,0.000000000000000000e+00
-1.800488084554672241e-01,-2.095964737236499786e-02,1.615059524774551392e-01,-7.487597465515136719e-01,4.765338599681854248e-01,4.607324302196502686e-01,0.000000000000000000e+00
-3.082028590142726898e-02,1.401909589767456055e-01,-2.239249199628829956e-01,-5.455983281135559082e-01,-3.268634900450706482e-02,-8.374091386795043945e-01,0.000000000000000000e+00
4.496739059686660767e-02,2.592207193374633789e-01,1.751476824283599854e-01,5.408886671066284180e-01,8.404397368431091309e-01,3.317346796393394470e-02,0.000000000000000000e+00
-1.410004496574401855e-01,2.167454957962036133e-01,-1.517255306243896484e-01,-5.329183936119079590e-01,-4.641816765069961548e-02,-8.448925018310546875e-01,0.000000000000000000e+00
-1.012720465660095215e-01,-8.689839392900466919e-02,2.692205607891082764e-01,-3.328447341918945312e-01,-8.926902413368225098e-01,3.038396239280700684e-01,0.000000000000000000e+00
7.002487778663635254e-02,1.399631053209304810e-01,1.755947917699813843e-01,5.336459279060363770e-01,2.123166620731353760e-02,8.454414606094360352e-01,0.000000000000000000e+00
-2.082932144403457642e-01,-1.512226313352584839e-01,-9.018805623054504395e-02,-6.356761455535888672e-01,-6.827142238616943359e-01,-3.603014945983886719e-01,0.000000000000000000e+00
-1.419712156057357788e-01,1.071686744689941406e-01,8.889798074960708618e-02,-7.525342106819152832e-01,4.849658608436584473e-01,4.455338418483734131e-01,0.000000000000000000e+00
3.511447831988334656e-02,7.977315783500671387e-02,1.979852765798568726e-01,5.201243162155151367e-01,5.276378616690635681e-02,8.524591922760009766e-01,0.000000000000000000e+00
1.989241130650043488e-02,-1.594360470771789551e-01,7.173543423414230347e-02,-2.054714038968086243e-02,-9.564567804336547852e-01,2.911497950553894043e-01,0.000000000000000000e+00
-3.710919991135597229e-02,-1.572088003158569336e-01,-1.963513344526290894e-01,-5.400444269180297852e-01,-8.131098747253417969e-02,-8.376995325088500977e-01,0.000000000000000000e+00
-2.680270373821258545e-01,-3.018969111144542694e-02,1.638122089207172394e-02,-7.687010765075683594e-01,4.676685035228729248e-01,4.363310933113098145e-01,0.000000000000000000e+00
1.345636844635009766e-01,-6.647256016731262207e-02,-1.233094409108161926e-01,7.566416859626770020e-01,-4.707173705101013184e-01,-4.537824392318725586e-01,0.000000000000000000e+00
-1.422792021185159683e-02,-2.531645596027374268e-01,-1.819622218608856201e-01,7.491303086280822754e-01,-5.038679838180541992e-01,-4.300242662429809570e-01,0.000000000000000000e+00
5.198154598474502563e-02,1.006152778863906860e-01,1.867792010307312012e-01,7.497544884681701660e-01,1.522000879049301147e-01,6.439746618270874023e-01,0.000000000000000000e+00
1.151933744549751282e-01,1.705112755298614502e-01,1.429219245910644531e-01,5.452946424484252930e-01,4.811555519700050354e-02,8.368623852729797363e-01,0.000000000000000000e+00
1.420040726661682129e-01,6.493261456489562988e-02,1.304968744516372681e-01,5.215097069740295410e-01,-1.086346432566642761e-02,8.531761765480041504e-01,0.000000000000000000e+00
2.715718373656272888e-02,1.693861782550811768e-01,-1.275620907545089722e-01,3.778035640716552734e-01,8.774949312210083008e-01,-2.954100072383880615e-01,0.000000000000000000e+00
1.376372724771499634e-01,-2.056453078985214233e-01,3.488995507359504700e-02,7.582747340202331543e-01,-4.804910719394683838e-01,-4.406219720840454102e-01,0.000000000000000000e+00
1.856224685907363892e-01,6.090983748435974121e-02,9.964152425527572632e-02,5.062769055366516113e-01,-6.530258059501647949e-02,8.598949313163757324e-01,0.000000000000000000e+00
-2.334099262952804565e-01,-1.024261340498924255e-01,-8.444537967443466187e-02,-5.305848121643066406e-01,-4.769904538989067078e-02,-8.462886810302734375e-01,0.000000000000000000e+00
2.117023468017578125e-01,-3.846606239676475525e-02,9.498649090528488159e-02,5.308873653411865234e-01,5.645010247826576233e-02,8.455601930618286133e-01,0.000000000000000000e+00
-5.930555984377861023e-02,-1.965228319168090820e-01,-4.423979669809341431e-02,-4.071676637977361679e-03,2.194821834564208984e-01,9.756079912185668945e-01,0.000000000000000000e+00
-2.394301630556583405e-02,-1.585110574960708618e-01,1.480063050985336304e-01,-3.929880559444427490e-01,-8.561825156211853027e-01,3.354279100894927979e-01,0.000000000000000000e+00
-1.285391449928283691e-01,-6.697564572095870972e-02,-1.475106626749038696e-01,-4.879998564720153809e-01,1.175212766975164413e-02,-8.727645874023437500e-01,0.000000000000000000e+00
8.598290383815765381e-02,-1.263650786131620407e-02,1.727931797504425049e-01,5.124737620353698730e-01,5.464548990130424500e-02,8.569623827934265137e-01,0.000000000000000000e+00
-1.222303733229637146e-01,4.564889520406723022e-02,1.871767044067382812e-01,-8.390710353851318359e-01,3.490574955940246582e-01,4.172752797603607178e-01,0.000000000000000000e+00
2.444736361503601074e-01,-1.711441017687320709e-02,7.310962677001953125e-02,5.626196265220642090e-01,1.400871127843856812e-01,8.147605657577514648e-01,0.000000000000000000e+00
2.711913175880908966e-02,2.085022777318954468e-01,2.012930512428283691e-01,5.481491088867187500e-01,1.394661515951156616e-02,8.362643718719482422e-01,0.000000000000000000e+00
-2.236079573631286621e-01,-8.085097186267375946e-03,-9.396457672119140625e-02,-4.368634223937988281e-01,1.112942472100257874e-01,-8.926163315773010254e-01,0.000000000000000000e+00
5.834880843758583069e-02,-1.334971636533737183e-01,-1.820136308670043945e-01,7.600874304771423340e-01,-4.743421673774719238e-01,-4.441470205783843994e-01,0.000000000000000000e+00
-1.994874775409698486e-01,9.477192908525466919e-02,4.468800500035285950e-03,-7.602168321609497070e-01,4.749811589717864990e-01,4.432418048381805420e-01,0.000000000000000000e+00
-9.696429967880249023e-02,5.201719328761100769e-02,-1.755770593881607056e-01,-5.041885375976562500e-01,4.830154776573181152e-02,-8.622417449951171875e-01,0.000000000000000000e+00
3.363921865820884705e-02,-3.013302106410264969e-03,-2.590089440345764160e-01,-5.484374165534973145e-01,-5.343525484204292297e-02,-8.344825506210327148e-01,0.000000000000000000e+00
1.161830499768257141e-01,8.624576032161712646e-02,-2.550351619720458984e-01,3.892625570297241211e-01,8.707469701766967773e-01,-3.004568815231323242e-01,0.000000000000000000e+00
-2.466228306293487549e-01,-5.869255214929580688e-02,-7.827701419591903687e-02,-5.179134607315063477e-01,-3.566066175699234009e-02,-8.546893596649169922e-01,0.000000000000000000e+00
1.317500621080398560e-01,2.909527346491813660e-02,1.416896879673004150e-01,5.284975171089172363e-01,5.993627011775970459e-02,8.468163609504699707e-01,0.000000000000000000e+00
1.301415264606475830e-01,-1.858923137187957764e-01,-2.221882808953523636e-03,8.281403183937072754e-01,-4.555657207965850830e-01,-3.265630900859832764e-01,0.000000000000000000e+00
-1.427101194858551025e-01,-1.525716334581375122e-01,1.020134706050157547e-02,-3.497355282306671143e-01,-8.085721731185913086e-01,4.731765687465667725e-01,0.000000000000000000e+00
4.140986129641532898e-02,-2.256841063499450684e-01,2.690670266747474670e-02,-4.009821712970733643e-01,-8.643595576286315918e-01,3.034730553627014160e-01,0.000000000000000000e+00
-1.004867553710937500e-01,-1.172034665942192078e-01,1.750986576080322266e-01,-4.109483957290649414e-01,-8.730790615081787109e-01,2.624010741710662842e-01,0.000000000000000000e+00
4.740764200687408447e-02,-1.351906657218933105e-01,-1.990516185760498047e-01,7.635007500648498535e-01,-4.719902575016021729e-01,-4.407854378223419189e-01,0.000000000000000000e+00
-2.591463364660739899e-02,-2.470661550760269165e-01,-1.176107153296470642e-01,-3.831367790699005127e-01,-8.804644346237182617e-01,2.792643606662750244e-01,0.000000000000000000e+00
-1.423598080873489380e-01,1.686261445283889771e-01,2.379589714109897614e-02,-8.913314938545227051e-01,3.269205391407012939e-01,3.140878379344940186e-01,0.000000000000000000e+00
2.832847833633422852e-01,4.679422080516815186e-02,4.439705517143011093e-04,7.377556562423706055e-01,-4.918898940086364746e-01,-4.623428881168365479e-01,0.000000000000000000e+00
-1.822647303342819214e-01,9.801737964153289795e-02,2.813103049993515015e-02,-6.958118081092834473e-01,4.897449612617492676e-01,5.253530144691467285e-01,0.000000000000000000e+00
-1.863529682159423828e-01,7.034239824861288071e-03,1.202011182904243469e-01,-7.640295028686523438e-01,4.726793169975280762e-01,4.391277432441711426e-01,0.000000000000000000e+00
-1.351690590381622314e-01,-3.573574870824813843e-02,-1.464674770832061768e-01,-5.426495671272277832e-01,-5.720257386565208435e-02,-8.380091190338134766e-01,0.000000000000000000e+00
-2.756038904190063477e-01,-7.931423932313919067e-02,4.187787324190139771e-02,-6.929726004600524902e-01,-5.013855099678039551e-01,5.180748105049133301e-01,0.000000000000000000e+00
-1.492513995617628098e-02,-2.004086375236511230e-01,3.098355792462825775e-02,-3.914739787578582764e-01,-8.701951503753662109e-01,2.991798222064971924e-01,0.000000000000000000e+00
-2.163990885019302368e-01,6.956150382757186890e-02,2.569819334894418716e-03,-7.558667659759521484e-01,4.833552837371826172e-01,4.416255354881286621e-01,0.000000000000000000e+00
-2.237739786505699158e-02,-2.404846996068954468e-01,-9.354007989168167114e-02,-3.711786568164825439e-01,-8.978005647659301758e-01,2.370242923498153687e-01,0.000000000000000000e+00
-1.980438381433486938e-01,-1.734731532633304596e-02,1.264327913522720337e-01,-7.618402838706970215e-01,4.802691340446472168e-01,4.346733689308166504e-01,0.000000000000000000e+00
7.307132333517074585e-02,-2.140688747167587280e-01,1.014027073979377747e-01,-3.278160095214843750e-01,-8.758769035339355469e-01,3.540851771831512451e-01,0.000000000000000000e+00
-1.548006534576416016e-01,-1.316494792699813843e-01,5.651147663593292236e-02,-3.527092933654785156e-01,-8.918904662132263184e-01,2.830681204795837402e-01,0.000000000000000000e+00
2.673873677849769592e-02,2.296759337186813354e-01,5.545932054519653320e-02,3.308873474597930908e-01,8.652341961860656738e-01,-3.766741156578063965e-01,0.000000000000000000e+00
5.476102232933044434e-02,-1.636186987161636353e-01,-1.571733951568603516e-01,7.791419029235839844e-01,-4.356032311916351318e-01,-4.507634639739990234e-01,0.000000000000000000e+00
2.476114630699157715e-01,4.847869742661714554e-03,6.409714370965957642e-02,5.502853393554687500e-01,4.483835026621818542e-02,8.337718844413757324e-01,0.000000000000000000e+00
-2.569601871073246002e-02,2.633659243583679199e-01,1.007080525159835815e-01,-4.175201952457427979e-01,8.853890299797058105e-01,2.043604403734207153e-01,0.000000000000000000e+00
-2.109845168888568878e-03,1.708471477031707764e-01,2.209991812705993652e-01,2.377098500728607178e-01,1.861173510551452637e-01,9.533385634422302246e-01,0.000000000000000000e+00
-7.809271663427352905e-02,-1.251941025257110596e-01,1.811198741197586060e-01,-3.019386827945709229e-01,-9.294916987419128418e-01,2.118446826934814453e-01,0.000000000000000000e+00
1.013381406664848328e-01,1.526915132999420166e-01,1.533776074647903442e-01,6.251591444015502930e-01,-9.242751635611057281e-03,7.804425358772277832e-01,0.000000000000000000e+00
1.917664520442485809e-02,-2.397114485502243042e-01,-1.376160383224487305e-01,7.629335522651672363e-01,-4.714566767215728760e-01,-4.423358440399169922e-01,0.000000000000000000e+00
-1.169669404625892639e-01,-1.453385949134826660e-01,6.851904839277267456e-02,-3.923833370208740234e-01,-8.657042980194091797e-01,3.107915520668029785e-01,0.000000000000000000e+00
-6.656400859355926514e-02,4.508479312062263489e-02,2.600742876529693604e-01,6.660678982734680176e-02,1.184946391731500626e-02,9.977089166641235352e-01,0.000000000000000000e+00
-3.513002023100852966e-02,2.042450904846191406e-01,-1.067068204283714294e-01,5.959644913673400879e-01,7.353359460830688477e-01,-3.226567208766937256e-01,0.000000000000000000e+00
-1.052715070545673370e-02,-1.331660747528076172e-01,2.318680882453918457e-01,-2.960242331027984619e-02,-6.592701673507690430e-01,7.513232231140136719e-01,0.000000000000000000e+00
5.432410910725593567e-02,-1.967888176441192627e-01,-1.226352453231811523e-01,7.610998153686523438e-01,-4.715059697628021240e-01,-4.454314708709716797e-01,0.000000000000000000e+00
-9.342662990093231201e-02,-1.109118238091468811e-01,1.436205655336380005e-01,2.422249466180801392e-01,-7.092879414558410645e-01,-6.619952321052551270e-01,0.000000000000000000e+00
1.885631829500198364e-01,6.267555058002471924e-02,9.814853966236114502e-02,4.778074622154235840e-01,5.843811854720115662e-02,8.765186667442321777e-01,0.000000000000000000e+00
7.951028645038604736e-02,2.261007279157638550e-01,1.180458366870880127e-01,3.936418890953063965e-01,8.782446980476379395e-01,-2.715368568897247314e-01,0.000000000000000000e+00
2.099066227674484253e-01,7.093806564807891846e-02,-1.415681689977645874e-01,7.632535696029663086e-01,-4.264487326145172119e-01,-4.853714704513549805e-01,0.000000000000000000e+00
-5.376592651009559631e-02,-1.442168951034545898e-01,1.516917347908020020e-01,-3.663926422595977783e-01,-8.727583289146423340e-01,3.225667774677276611e-01,0.000000000000000000e+00
-6.326780468225479126e-02,-1.986105293035507202e-01,-1.762609630823135376e-01,-5.276541113853454590e-01,-6.882772594690322876e-02,-8.466663360595703125e-01,0.000000000000000000e+00
-6.377162784337997437e-02,-5.458264425396919250e-02,-1.890528500080108643e-01,-5.829403996467590332e-01,-2.890809066593647003e-02,-8.120005130767822266e-01,0.000000000000000000e+00
-6.451658904552459717e-02,-9.061206132173538208e-02,2.666080594062805176e-01,3.515791893005371094e-01,-2.089065909385681152e-01,9.125514030456542969e-01,0.000000000000000000e+00
2.687561213970184326e-01,4.211686551570892334e-02,-1.779794692993164062e-02,7.463766336441040039e-01,-4.822228848934173584e-01,-4.586752951145172119e-01,0.000000000000000000e+00
-2.058386504650115967e-01,5.230076238512992859e-02,3.464906662702560425e-02,-6.359589695930480957e-01,3.466567397117614746e-01,6.894818544387817383e-01,0.000000000000000000e+00
-1.169534102082252502e-01,5.186257511377334595e-02,1.908942162990570068e-01,-7.827692031860351562e-01,4.185665547847747803e-01,4.605153799057006836e-01,0.000000000000000000e+00
5.638374015688896179e-02,-2.107779234647750854e-01,-1.032955199480056763e-01,7.861198782920837402e-01,-4.624336361885070801e-01,-4.100862145423889160e-01,0.000000000000000000e+00
2.431220114231109619e-01,-4.460760205984115601e-02,7.575014233589172363e-02,5.296620130538940430e-01,6.050493940711021423e-02,8.460480570793151855e-01,0.000000000000000000e+00
-1.229931265115737915e-01,-1.488023698329925537e-01,-1.462849229574203491e-01,-5.179658532142639160e-01,-4.630200192332267761e-02,-8.541471958160400391e-01,0.000000000000000000e+00
-9.797017090022563934e-03,-1.821956634521484375e-01,8.458223938941955566e-02,8.569973111152648926e-01,-4.388627111911773682e-01,2.701020240783691406e-01,0.000000000000000000e+00
2.512266859412193298e-02,1.032980531454086304e-01,-2.606247067451477051e-01,-5.431464910507202148e-01,-4.784524440765380859e-02,-8.382736444473266602e-01,0.000000000000000000e+00
9.879242628812789917e-02,1.922105997800827026e-01,3.080910816788673401e-02,3.817336261272430420e-01,8.783109188079833984e-01,-2.878356277942657471e-01,0.000000000000000000e+00
-2.038675695657730103e-01,5.686824396252632141e-02,3.494648262858390808e-02,-7.180374860763549805e-01,1.386733949184417725e-01,6.820497512817382812e-01,0.000000000000000000e+00
-7.727296650409698486e-02,2.239749133586883545e-01,-1.061165556311607361e-01,3.872009813785552979e-01,8.795096278190612793e-01,-2.766553759574890137e-01,0.000000000000000000e+00
-9.002630412578582764e-02,1.393149197101593018e-01,1.087286025285720825e-01,3.389684855937957764e-01,5.547537803649902344e-01,7.598345875740051270e-01,0.000000000000000000e+00
-3.027618825435638428e-01,-8.202771842479705811e-02,-4.354721307754516602e-02,-5.915991663932800293e-01,-1.329772621393203735e-01,-7.951902151107788086e-01,0.000000000000000000e+00
-8.709416538476943970e-02,8.669786900281906128e-02,-1.838835477828979492e-01,-5.488815903663635254e-01,-3.330911323428153992e-02,-8.352361917495727539e-01,0.000000000000000000e+00
2.213398665189743042e-01,-5.548922345042228699e-02,9.022662043571472168e-02,5.315994024276733398e-01,6.064679473638534546e-02,8.448219299316406250e-01,0.000000000000000000e+00
-2.132315486669540405e-01,1.598649285733699799e-02,6.390687078237533569e-02,-7.517038583755493164e-01,4.899325966835021973e-01,4.414830803871154785e-01,0.000000000000000000e+00
3.340763738378882408e-03,2.649621665477752686e-01,1.468955427408218384e-01,-2.811521589756011963e-01,9.477750062942504883e-01,1.505855619907379150e-01,0.000000000000000000e+00
1.579372286796569824e-01,1.797957569360733032e-01,6.962958723306655884e-02,3.742629289627075195e-01,8.789613246917724609e-01,-2.955576181411743164e-01,0.000000000000000000e+00
4.694891721010208130e-02,-1.059441640973091125e-01,2.019688785076141357e-01,5.200643539428710938e-01,6.502179801464080811e-02,8.516485691070556641e-01,0.000000000000000000e+00
-1.105912402272224426e-01,1.657575219869613647e-01,7.864231616258621216e-02,-7.504730820655822754e-01,4.652601480484008789e-01,4.693859517574310303e-01,0.000000000000000000e+00
1.012406349182128906e-01,1.979926228523254395e-01,5.115101486444473267e-02,3.735255002975463867e-01,8.804674148559570312e-01,-2.919860184192657471e-01,0.000000000000000000e+00
-2.168873101472854614e-01,-1.426296234130859375e-01,-8.772590011358261108e-02,-5.949869155883789062e-01,-2.933083474636077881e-01,-7.483052611351013184e-01,0.000000000000000000e+00
1.799720525741577148e-01,-1.262827068567276001e-01,1.237790137529373169e-01,5.308298468589782715e-01,6.993399560451507568e-02,8.445879817008972168e-01,0.000000000000000000e+00
1.681119762361049652e-02,-7.530627399682998657e-02,2.182116955518722534e-01,5.190010070800781250e-01,3.874168172478675842e-02,8.538952469825744629e-01,0.000000000000000000e+00
-6.762082874774932861e-02,1.853710114955902100e-01,1.252044141292572021e-01,-7.725402116775512695e-01,4.668990373611450195e-01,4.303334951400756836e-01,0.000000000000000000e+00
1.405988633632659912e-01,1.953830718994140625e-01,1.226881220936775208e-01,6.744071245193481445e-01,4.202005267143249512e-01,6.071297526359558105e-01,0.000000000000000000e+00
1.553412228822708130e-01,2.193941175937652588e-02,1.262322068214416504e-01,7.566405534744262695e-01,5.807888880372047424e-02,6.512464284896850586e-01,0.000000000000000000e+00
-4.138377681374549866e-02,-2.029439955949783325e-01,-8.372522890567779541e-03,-7.017775177955627441e-01,-6.217449307441711426e-01,3.477664589881896973e-01,0.000000000000000000e+00
-8.037509024143218994e-02,1.476535797119140625e-01,1.335950344800949097e-01,-2.618564963340759277e-01,7.804633378982543945e-01,-5.677219033241271973e-01,0.000000000000000000e+00
-1.959665119647979736e-01,-6.356226652860641479e-02,1.786558181047439575e-01,-7.996076345443725586e-01,2.104443013668060303e-01,5.624418258666992188e-01,0.000000000000000000e+00
-1.017141193151473999e-01,1.278240829706192017e-01,-1.764616072177886963e-01,-5.694092512130737305e-01,-2.358702756464481354e-02,-8.217157721519470215e-01,0.000000000000000000e+00
8.118872344493865967e-02,1.998490691184997559e-01,3.131832554936408997e-02,3.591874241828918457e-01,8.894429206848144531e-01,-2.826228737831115723e-01,0.000000000000000000e+00
1.654808223247528076e-01,-4.777370765805244446e-02,-9.072767198085784912e-02,7.623670101165771484e-01,-4.654890894889831543e-01,-4.495735764503479004e-01,0.000000000000000000e+00
-2.695064619183540344e-02,1.825942248106002808e-01,-8.499782532453536987e-02,4.609773755073547363e-01,8.870321512222290039e-01,-2.595718018710613251e-02,0.000000000000000000e+00
-5.833353474736213684e-02,1.017129495739936829e-01,2.374444901943206787e-01,-7.572422623634338379e-01,4.799203276634216309e-01,4.430131912231445312e-01,0.000000000000000000e+00
-9.021250903606414795e-02,-1.196294277906417847e-01,1.824356764554977417e-01,-3.877646028995513916e-01,-8.646881580352783203e-01,3.193007409572601318e-01,0.000000000000000000e+00
-1.355583369731903076e-01,2.331055849790573120e-01,-3.100782446563243866e-02,-7.545673847198486328e-01,4.657063484191894531e-01,4.623263478279113770e-01,0.000000000000000000e+00
-2.970434129238128662e-01,-5.794997140765190125e-02,-3.352484200149774551e-03,-7.528211474418640137e-01,4.876781404018402100e-01,4.420749843120574951e-01,0.000000000000000000e+00
1.752264648675918579e-01,-8.879024535417556763e-02,-2.937173470854759216e-02,7.460685968399047852e-01,-4.770398736000061035e-01,-4.645585119724273682e-01,0.000000000000000000e+00
5.497091636061668396e-02,9.973940253257751465e-02,1.722144335508346558e-01,9.971121549606323242e-01,-4.727832973003387451e-02,-5.943188443779945374e-02,0.000000000000000000e+00
5.465222895145416260e-02,-2.088658958673477173e-01,-1.087708473205566406e-01,7.861198782920837402e-01,-4.624336361885070801e-01,-4.100862145423889160e-01,0.000000000000000000e+00
-1.223911046981811523e-01,2.396502643823623657e-01,-1.193040236830711365e-01,3.930776119232177734e-01,8.774038553237915039e-01,-2.750499546527862549e-01,0.000000000000000000e+00
1.811647415161132812e-01,-8.337736129760742188e-02,1.174462959170341492e-01,5.371751785278320312e-01,5.172447115182876587e-02,8.418832421302795410e-01,0.000000000000000000e+00
-2.046545892953872681e-01,1.826207898557186127e-02,-1.062267124652862549e-01,-5.231434702873229980e-01,-3.280398994684219360e-02,-8.516130447387695312e-01,0.000000000000000000e+00
-1.519547849893569946e-01,1.057445481419563293e-01,7.354053854942321777e-02,-7.589683532714843750e-01,4.788251221179962158e-01,4.412408769130706787e-01,0.000000000000000000e+00
-3.947165235877037048e-02,4.219095781445503235e-02,-2.118638008832931519e-01,-3.710480332374572754e-01,-5.223034620285034180e-01,-7.678036689758300781e-01,0.000000000000000000e+00
9.624505788087844849e-02,-2.023071199655532837e-01,1.633570343255996704e-01,-3.937160968780517578e-01,-8.624868988990783691e-01,3.179684579372406006e-01,0.000000000000000000e+00
-5.510530993342399597e-02,2.269065976142883301e-01,-6.584593653678894043e-02,3.866231739521026611e-01,8.789774179458618164e-01,-2.791437804698944092e-01,0.000000000000000000e+00
1.504626572132110596e-01,-2.404864728450775146e-01,1.009271740913391113e-01,2.290858030319213867e-01,-9.732779860496520996e-01,-1.580227911472320557e-02,0.000000000000000000e+00
-7.547071576118469238e-02,2.470986843109130859e-01,-2.994275838136672974e-02,3.550770282745361328e-01,8.747488260269165039e-01,-3.297495245933532715e-01,0.000000000000000000e+00
-2.002428770065307617e-01,-1.344003714621067047e-02,1.182614415884017944e-01,-7.618402838706970215e-01,4.802691340446472168e-01,4.346733689308166504e-01,0.000000000000000000e+00
1.699421927332878113e-02,-5.608863756060600281e-02,2.169256210327148438e-01,5.282120704650878906e-01,5.122536420822143555e-02,8.475659489631652832e-01,0.000000000000000000e+00
1.089360192418098450e-01,1.085265502333641052e-01,-2.002353966236114502e-01,3.753745257854461670e-01,8.738194704055786133e-01,-3.090848624706268311e-01,0.000000000000000000e+00
4.571818560361862183e-02,-2.363585233688354492e-01,-9.463634341955184937e-02,7.816613316535949707e-01,-4.722904562950134277e-01,-4.073662459850311279e-01,0.000000000000000000e+00
-2.138917595148086548e-01,-1.222904250025749207e-01,-9.230726212263107300e-02,-3.946720957756042480e-01,-1.121372878551483154e-01,-9.119535088539123535e-01,0.000000000000000000e+00
-1.296069175004959106e-01,1.631496846675872803e-01,5.050295218825340271e-02,-7.471525669097900391e-01,4.754572510719299316e-01,4.644388258457183838e-01,0.000000000000000000e+00
-3.741869330406188965e-02,2.408079952001571655e-01,1.163793802261352539e-01,-7.482066154479980469e-01,4.777396321296691895e-01,4.603821337223052979e-01,0.000000000000000000e+00
-1.929953396320343018e-01,3.142742440104484558e-02,8.163781464099884033e-02,-7.168620824813842773e-01,5.624634027481079102e-01,4.119995832443237305e-01,0.000000000000000000e+00
-1.666543483734130859e-01,1.977596431970596313e-01,-1.343631744384765625e-01,-5.342469811439514160e-01,-5.213253572583198547e-02,-8.437193632125854492e-01,0.000000000000000000e+00
1.142220869660377502e-01,-1.136891022324562073e-01,1.634546965360641479e-01,4.183186590671539307e-01,1.325493603944778442e-01,8.985767364501953125e-01,0.000000000000000000e+00
-1.222621500492095947e-01,-1.580009609460830688e-01,2.380818501114845276e-02,-3.916594684123992920e-01,-8.751951456069946289e-01,2.839654088020324707e-01,0.000000000000000000e+00
-3.445789590477943420e-02,2.210915833711624146e-01,1.419398635625839233e-01,-7.484354972839355469e-01,4.820325076580047607e-01,4.555096030235290527e-01,0.000000000000000000e+00
-5.741292610764503479e-03,2.312707602977752686e-01,1.660302653908729553e-02,3.908102214336395264e-01,8.775025010108947754e-01,-2.779508531093597412e-01,0.000000000000000000e+00
-8.075768500566482544e-02,-1.317542642354965210e-01,-1.706261187791824341e-01,-5.399201512336730957e-01,-4.655392467975616455e-02,-8.404278159141540527e-01,0.000000000000000000e+00
-5.066903308033943176e-03,2.362864464521408081e-01,3.346072882413864136e-02,3.913848102092742920e-01,8.776550292968750000e-01,-2.766578495502471924e-01,0.000000000000000000e+00
1.976289451122283936e-01,4.031573235988616943e-02,-1.298864036798477173e-01,7.407771944999694824e-01,-4.874185919761657715e-01,-4.622470140457153320e-01,0.000000000000000000e+00
-1.481902040541172028e-02,2.067053318023681641e-01,1.900143027305603027e-01,-7.468360066413879395e-01,4.813075363636016846e-01,4.588888585567474365e-01,0.000000000000000000e+00
1.631939560174942017e-01,6.222319975495338440e-02,-2.077102363109588623e-01,7.731269598007202148e-01,-4.739742875099182129e-01,-4.214535951614379883e-01,0.000000000000000000e+00
-1.045078970491886139e-02,-1.812009960412979126e-01,8.677779883146286011e-02,6.393914818763732910e-01,-5.506780743598937988e-01,5.365931987762451172e-01,0.000000000000000000e+00
-2.063081860542297363e-01,1.289963871240615845e-01,-4.335748776793479919e-02,-7.566508650779724121e-01,4.713241159915924072e-01,4.531368613243103027e-01,0.000000000000000000e+00
1.670940965414047241e-01,1.086677238345146179e-01,1.119726076722145081e-01,5.519353747367858887e-01,4.665810242295265198e-02,8.325805664062500000e-01,0.000000000000000000e+00
8.911367505788803101e-03,-5.323630943894386292e-02,-2.355973869562149048e-01,-5.383322834968566895e-01,-7.617139071226119995e-02,-8.392831683158874512e-01,0.000000000000000000e+00
1.975263655185699463e-01,-8.643168956041336060e-02,4.825043026357889175e-03,7.584413290023803711e-01,-4.794437587261199951e-01,-4.414753019809722900e-01,0.000000000000000000e+00
-6.986572872847318649e-03,2.415747344493865967e-01,4.776607453823089600e-02,3.793164789676666260e-01,8.829970359802246094e-01,-2.764692604541778564e-01,0.000000000000000000e+00
-8.185893297195434570e-02,-2.313999533653259277e-01,-1.395350247621536255e-01,-3.658616542816162109e-01,-8.837234973907470703e-01,2.918527424335479736e-01,0.000000000000000000e+00
9.820452332496643066e-02,2.001550346612930298e-01,1.557516753673553467e-01,5.368465185165405273e-01,2.209931612014770508e-02,8.433904647827148438e-01,0.000000000000000000e+00
8.907882869243621826e-02,-1.408480107784271240e-01,-1.038189604878425598e-01,-1.528878360986709595e-01,-6.701497435569763184e-01,-7.263088822364807129e-01,0.000000000000000000e+00
3.305520489811897278e-02,6.435900926589965820e-02,2.000546008348464966e-01,5.191338658332824707e-01,4.022143036127090454e-02,8.537459969520568848e-01,0.000000000000000000e+00
-1.855190247297286987e-01,5.096340551972389221e-03,-1.176908016204833984e-01,-5.423185229301452637e-01,-2.315491624176502228e-02,-8.398538231849670410e-01,0.000000000000000000e+00
-4.787708818912506104e-02,-8.943984657526016235e-02,2.566089630126953125e-01,5.087882876396179199e-01,5.457630008459091187e-02,8.591600060462951660e-01,0.000000000000000000e+00
1.598327606916427612e-01,1.375351548194885254e-01,-5.529313161969184875e-02,3.660925924777984619e-01,9.247539639472961426e-01,-1.039533987641334534e-01,0.000000000000000000e+00
-1.212063506245613098e-01,-1.757904291152954102e-01,-3.063298761844635010e-02,-3.771265149116516113e-01,-8.642383217811584473e-01,3.329680263996124268e-01,0.000000000000000000e+00
2.061838060617446899e-01,8.055897802114486694e-02,-1.485949605703353882e-01,7.744247913360595703e-01,3.027391731739044189e-01,-5.555315017700195312e-01,0.000000000000000000e+00
-5.041415803134441376e-03,1.104740053415298462e-01,-2.390652596950531006e-01,-5.075616240501403809e-01,-8.071461319923400879e-02,-8.578265309333801270e-01,0.000000000000000000e+00
1.535287350416183472e-01,9.093020111322402954e-02,-1.942597925662994385e-01,4.309199750423431396e-01,8.750604391098022461e-01,-2.204024046659469604e-01,0.000000000000000000e+00
1.334619056433439255e-02,-2.025650292634963989e-01,-1.877378523349761963e-01,7.582207918167114258e-01,-4.773825407028198242e-01,-4.440800845623016357e-01,0.000000000000000000e+00
-2.104531228542327881e-01,-1.624222844839096069e-02,-1.014176383614540100e-01,-4.273615181446075439e-01,1.188174560666084290e-01,-8.962391018867492676e-01,0.000000000000000000e+00
-1.883880933746695518e-03,-1.561951190233230591e-01,-2.188058197498321533e-01,-5.013595223426818848e-01,-8.113564550876617432e-02,-8.614265322685241699e-01,0.000000000000000000e+00
2.530499696731567383e-01,2.304322272539138794e-02,-2.317505888640880585e-02,7.472143769264221191e-01,-4.838053286075592041e-01,-4.556348621845245361e-01,0.000000000000000000e+00
-8.932301402091979980e-02,-1.724937707185745239e-01,2.342598885297775269e-02,-3.732810914516448975e-01,-8.758389353752136230e-01,3.058878183364868164e-01,0.000000000000000000e+00
2.434971034526824951e-01,1.114801466464996338e-01,-2.518449164927005768e-02,3.819400966167449951e-01,8.751638531684875488e-01,-2.970016896724700928e-01,0.000000000000000000e+00
1.592024043202400208e-02,-1.105770468711853027e-01,2.211244404315948486e-01,5.141656994819641113e-01,6.431734561920166016e-02,8.552759289741516113e-01,0.000000000000000000e+00
-2.935177274048328400e-02,-1.721303462982177734e-01,9.816260635852813721e-02,-2.417812198400497437e-01,-8.727635145187377930e-01,4.240585565567016602e-01,0.000000000000000000e+00
-3.042986989021301270e-01,-8.096498996019363403e-02,-4.660524427890777588e-03,-6.695824265480041504e-01,-5.901226401329040527e-01,4.510150849819183350e-01,0.000000000000000000e+00
-1.519828289747238159e-01,-1.178456991910934448e-01,1.040229946374893188e-01,-3.858916461467742920e-01,-8.820164799690246582e-01,2.704340815544128418e-01,0.000000000000000000e+00
1.479201316833496094e-01,-2.161130756139755249e-01,6.397389620542526245e-02,7.592539787292480469e-01,-4.765382707118988037e-01,-4.432207942008972168e-01,0.000000000000000000e+00
-9.977003931999206543e-02,-5.244827270507812500e-02,-1.677308231592178345e-01,-5.293709635734558105e-01,-5.722195655107498169e-02,-8.464584946632385254e-01,0.000000000000000000e+00
-1.330593228340148926e-01,-5.454208329319953918e-02,2.841538786888122559e-01,-7.845075726509094238e-01,4.085266590118408203e-01,4.665338695049285889e-01,0.000000000000000000e+00
-1.126625835895538330e-01,2.425875812768936157e-01,-3.537920303642749786e-03,-7.439367175102233887e-01,4.811719655990600586e-01,4.637150764465332031e-01,0.000000000000000000e+00
1.268225014209747314e-01,-1.594131141901016235e-01,-3.788829594850540161e-02,7.651318311691284180e-01,-4.760699868202209473e-01,-4.335097074508666992e-01,0.000000000000000000e+00
1.143933087587356567e-01,-2.109191380441188812e-02,-1.641854047775268555e-01,9.616334438323974609e-01,-2.714988887310028076e-01,3.936326131224632263e-02,0.000000000000000000e+00
1.553099304437637329e-01,-1.799628287553787231e-01,1.432311683893203735e-01,5.165312290191650391e-01,9.890253096818923950e-02,8.505373597145080566e-01,0.000000000000000000e+00
1.620550602674484253e-01,-7.072237879037857056e-02,-7.240411639213562012e-02,7.620997428894042969e-01,-4.718177616596221924e-01,-4.433869123458862305e-01,0.000000000000000000e+00
1.365135312080383301e-01,1.388837099075317383e-01,-8.059807866811752319e-02,3.686294555664062500e-01,8.785765767097473145e-01,-3.036701381206512451e-01,0.000000000000000000e+00
-7.994508743286132812e-02,1.590700298547744751e-01,-1.925785541534423828e-01,-5.544123649597167969e-01,-4.625508934259414673e-02,-8.309557437896728516e-01,0.000000000000000000e+00
-1.751619577407836914e-01,2.181080132722854614e-01,-8.028015494346618652e-02,-7.483766674995422363e-01,4.605644643306732178e-01,4.772972762584686279e-01,0.000000000000000000e+00
-4.141630977392196655e-02,1.890559494495391846e-01,1.648007184267044067e-01,-7.489143610000610352e-01,4.882877767086029053e-01,4.479981064796447754e-01,0.000000000000000000e+00
1.731510609388351440e-01,1.533033996820449829e-01,1.054268982261419296e-02,4.091768562793731689e-01,8.553881049156188965e-01,-3.176247775554656982e-01,0.000000000000000000e+00
-2.449482493102550507e-02,2.454039156436920166e-01,3.519096225500106812e-02,3.952864706516265869e-01,8.783957958221435547e-01,-2.686437368392944336e-01,0.000000000000000000e+00
-1.402578800916671753e-01,-1.966414451599121094e-01,-1.200081259012222290e-01,-4.749355912208557129e-01,-8.749868273735046387e-01,9.399067610502243042e-02,0.000000000000000000e+00
-1.648152917623519897e-01,-1.393602043390274048e-01,8.775014430284500122e-03,-4.331538975238800049e-01,-2.081283330917358398e-01,8.769608139991760254e-01,0.000000000000000000e+00
-5.839089676737785339e-02,-1.247754842042922974e-01,2.082650363445281982e-01,-1.729790866374969482e-01,-9.678673148155212402e-01,1.825131922960281372e-01,0.000000000000000000e+00
-2.352208197116851807e-01,6.334225833415985107e-02,-2.282866463065147400e-02,-7.609509825706481934e-01,4.742209017276763916e-01,4.427957832813262939e-01,0.000000000000000000e+00
-1.811023950576782227e-01,-1.358645111322402954e-01,5.095297005027532578e-03,-2.875312864780426025e-01,-9.489918947219848633e-01,1.293835490942001343e-01,0.000000000000000000e+00
1.556850224733352661e-02,2.056760340929031372e-01,-3.368338942527770996e-02,3.937823176383972168e-01,8.662615418434143066e-01,-3.074515759944915771e-01,0.000000000000000000e+00
7.502641528844833374e-02,8.640145510435104370e-02,-2.885837852954864502e-01,-3.476702272891998291e-01,3.146184980869293213e-01,-8.832556605339050293e-01,0.000000000000000000e+00
8.200579881668090820e-02,-2.067358046770095825e-01,1.334522962570190430e-01,-3.850420713424682617e-01,-8.634138703346252441e-01,3.259739875793457031e-01,0.000000000000000000e+00
2.920721173286437988e-01,5.905435979366302490e-02,1.569886924698948860e-03,7.504609823226928711e-01,-4.733286201953887939e-01,-4.612682163715362549e-01,0.000000000000000000e+00
1.804435551166534424e-01,-9.918621927499771118e-02,-1.040341705083847046e-02,7.431983351707458496e-01,-4.903822541236877441e-01,-4.551719427108764648e-01,0.000000000000000000e+00
-2.742606997489929199e-01,1.138747949153184891e-02,-3.885212540626525879e-02,-7.600520849227905273e-01,4.758101403713226318e-01,4.426348209381103516e-01,0.000000000000000000e+00
8.510762453079223633e-02,-2.484256625175476074e-01,-1.018276251852512360e-02,4.289003312587738037e-01,-8.723992705345153809e-01,-2.344440966844558716e-01,0.000000000000000000e+00
1.459583360701799393e-02,-3.326982632279396057e-02,-2.408377230167388916e-01,-5.226242542266845703e-01,-5.273814126849174500e-02,-8.509303927421569824e-01,0.000000000000000000e+00
1.745470613241195679e-01,8.768796175718307495e-02,-1.819043010473251343e-01,3.735268712043762207e-01,8.695042133331298828e-01,-3.231719434261322021e-01,0.000000000000000000e+00
-9.861250966787338257e-02,-2.223096042871475220e-01,-1.333634555339813232e-01,-4.146036803722381592e-01,-8.700039386749267578e-01,2.668275535106658936e-01,0.000000000000000000e+00
4.262566938996315002e-02,-1.983136832714080811e-01,-1.410874724388122559e-01,7.648840546607971191e-01,-4.736029803752899170e-01,-4.366378188133239746e-01,0.000000000000000000e+00
-8.209238946437835693e-02,-8.874937891960144043e-02,1.277725398540496826e-01,-1.858225315809249878e-01,-4.538079202175140381e-01,8.715092539787292480e-01,0.000000000000000000e+00
-6.651508063077926636e-02,1.627371013164520264e-01,1.508134603500366211e-01,-8.070433139801025391e-01,4.265450537204742432e-01,4.083385467529296875e-01,0.000000000000000000e+00
8.624432981014251709e-02,1.831385344266891479e-01,-1.403442770242691040e-02,3.902153670787811279e-01,8.741872906684875488e-01,-2.890129983425140381e-01,0.000000000000000000e+00
7.414868474006652832e-02,-2.300014197826385498e-01,5.713307484984397888e-02,-3.746402859687805176e-01,-8.915897011756896973e-01,2.543865442276000977e-01,0.000000000000000000e+00
-2.014707028865814209e-01,8.068938739597797394e-03,-1.077717766165733337e-01,-5.263776779174804688e-01,-3.285910189151763916e-02,-8.496156930923461914e-01,0.000000000000000000e+00
7.715618237853050232e-03,1.422398835420608521e-01,-2.321865111589431763e-01,3.838207423686981201e-01,8.740075826644897461e-01,-2.979804277420043945e-01,0.000000000000000000e+00
-1.409304291009902954e-01,-1.045155972242355347e-01,1.582203209400177002e-01,-2.754057049751281738e-01,-8.423567414283752441e-01,4.632351994514465332e-01,0.000000000000000000e+00
-2.314813882112503052e-01,-1.371911261230707169e-02,-8.958467096090316772e-02,-4.979969859123229980e-01,-1.900264434516429901e-02,-8.669705390930175781e-01,0.000000000000000000e+00
-1.187163218855857849e-01,2.502765059471130371e-01,-2.190896123647689819e-02,-6.693106889724731445e-01,4.879466593265533447e-01,5.602957010269165039e-01,0.000000000000000000e+00
-4.373016953468322754e-02,1.351606100797653198e-01,2.268793582916259766e-01,-7.884424328804016113e-01,4.574049115180969238e-01,4.112655222415924072e-01,0.000000000000000000e+00
1.955223530530929565e-01,-5.279180780053138733e-02,-3.441007062792778015e-02,7.313271164894104004e-01,-4.773008227348327637e-01,-4.871802031993865967e-01,0.000000000000000000e+00
3.471448644995689392e-02,-1.862397938966751099e-01,-1.680642366409301758e-01,7.634629607200622559e-01,-4.746444821357727051e-01,-4.379918873310089111e-01,0.000000000000000000e+00
2.703114449977874756e-01,8.251613378524780273e-02,-5.242642387747764587e-02,7.689342498779296875e-01,3.355903327465057373e-01,-5.441684126853942871e-01,0.000000000000000000e+00
1.376966536045074463e-01,1.283979881554841995e-02,1.389853209257125854e-01,5.403793454170227051e-01,4.991450533270835876e-02,8.399397134780883789e-01,0.000000000000000000e+00
-1.330298483371734619e-01,2.492084950208663940e-01,-1.040244624018669128e-01,3.908730149269104004e-01,8.776816129684448242e-01,-2.772964239120483398e-01,0.000000000000000000e+00
-6.922628264874219894e-03,1.306274682283401489e-01,2.215343862771987915e-01,5.249980092048645020e-01,4.728718847036361694e-02,8.497887849807739258e-01,0.000000000000000000e+00
-1.304135769605636597e-01,-1.998245865106582642e-01,-1.139512658119201660e-01,-3.768712878227233887e-01,-8.781610727310180664e-01,2.946203052997589111e-01,0.000000000000000000e+00
-1.777048557996749878e-01,2.645706571638584137e-02,-1.234319210052490234e-01,-5.448519587516784668e-01,-3.408255800604820251e-02,-8.378393054008483887e-01,0.000000000000000000e+00
1.934577524662017822e-01,-4.111492261290550232e-02,1.066556572914123535e-01,5.341980457305908203e-01,5.924640223383903503e-02,8.432806730270385742e-01,0.000000000000000000e+00
-9.199909120798110962e-02,-1.031531319022178650e-01,1.228386163711547852e-01,5.585839152336120605e-01,-6.813670992851257324e-01,4.729935228824615479e-01,0.000000000000000000e+00
-2.420730888843536377e-01,-8.770307153463363647e-02,7.083353400230407715e-02,-4.684080183506011963e-01,-8.375616073608398438e-01,2.812196016311645508e-01,0.000000000000000000e+00
-2.070865184068679810e-01,-1.036543846130371094e-01,7.137838006019592285e-02,-4.008961021900177002e-01,-8.776787519454956055e-01,2.626068294048309326e-01,0.000000000000000000e+00
-1.676311492919921875e-01,-1.371665205806493759e-02,1.748735010623931885e-01,-7.762289047241210938e-01,4.880294203758239746e-01,3.991189897060394287e-01,0.000000000000000000e+00
-2.710075676441192627e-01,3.215443342924118042e-02,-6.002345681190490723e-02,-9.518106579780578613e-01,3.054316937923431396e-01,2.771262824535369873e-02,0.000000000000000000e+00
3.960845619440078735e-02,2.010089755058288574e-01,2.753099985420703888e-02,9.512787461280822754e-01,-2.615107893943786621e-01,1.633427292108535767e-01,0.000000000000000000e+00
1.814212203025817871e-01,7.122895866632461548e-02,-1.866455972194671631e-01,8.042908906936645508e-01,-1.786340624094009399e-01,-5.667504072189331055e-01,0.000000000000000000e+00
-1.977012157440185547e-01,-1.569227576255798340e-01,-9.721077978610992432e-02,-6.208530664443969727e-01,-6.279214024543762207e-01,-4.693145453929901123e-01,0.000000000000000000e+00
1.790899932384490967e-01,1.706461608409881592e-01,9.886746853590011597e-02,6.723569035530090332e-01,4.953999221324920654e-01,5.500137209892272949e-01,0.000000000000000000e+00
-1.062456369400024414e-01,-1.690737009048461914e-01,1.086188573390245438e-02,-3.607953488826751709e-01,-8.898175954818725586e-01,2.793768048286437988e-01,0.000000000000000000e+00
-2.342434078454971313e-01,-6.781781464815139771e-02,1.157473400235176086e-01,-8.261330723762512207e-01,3.075674176216125488e-01,4.721296727657318115e-01,0.000000000000000000e+00
-1.626795530319213867e-01,-1.287155300378799438e-01,3.898033499717712402e-02,3.232229128479957581e-02,-4.166444242000579834e-01,-9.084947705268859863e-01,0.000000000000000000e+00
7.065014541149139404e-02,-5.974855646491050720e-02,-2.405186593532562256e-01,7.634043097496032715e-01,-4.686099886894226074e-01,-4.445430934429168701e-01,0.000000000000000000e+00
-2.109961062669754028e-01,-8.434741199016571045e-02,1.273098737001419067e-01,-3.617610931396484375e-01,-8.901575803756713867e-01,2.770350277423858643e-01,0.000000000000000000e+00
2.065790444612503052e-01,-3.419759869575500488e-02,-3.362751007080078125e-02,7.067595124244689941e-01,-3.233513236045837402e-01,-6.292335987091064453e-01,0.000000000000000000e+00
-2.532580792903900146e-01,-6.134302914142608643e-02,7.517541944980621338e-02,-8.125082254409790039e-01,4.638343751430511475e-01,3.531119525432586670e-01,0.000000000000000000e+00
2.375808358192443848e-01,4.142120480537414551e-02,-6.793861836194992065e-02,7.476595044136047363e-01,-4.817005693912506104e-01,-4.571321606636047363e-01,0.000000000000000000e+00
1.130815446376800537e-01,-1.739084571599960327e-01,-4.620113223791122437e-02,7.648217082023620605e-01,-4.763027131557464600e-01,-4.338012039661407471e-01,0.000000000000000000e+00
-1.272479444742202759e-01,-5.225285142660140991e-02,2.902610898017883301e-01,-5.936388969421386719e-01,4.774968326091766357e-01,6.477574110031127930e-01,0.000000000000000000e+00
-1.313507556915283203e-01,-1.260198950767517090e-01,1.083013266324996948e-01,-3.888854980468750000e-01,-8.725624084472656250e-01,2.956398725509643555e-01,0.000000000000000000e+00
-6.226449087262153625e-02,2.217964828014373779e-01,9.746471792459487915e-02,-6.890353560447692871e-01,4.815128445625305176e-01,5.416415929794311523e-01,0.000000000000000000e+00
-2.771098613739013672e-01,-9.530323743820190430e-02,5.900898831896483898e-04,-3.462491035461425781e-01,-8.884191513061523438e-01,3.013685643672943115e-01,0.000000000000000000e+00
1.155057996511459351e-01,-7.418019324541091919e-02,-1.458068490028381348e-01,7.696058750152587891e-01,-4.669935107231140137e-01,-4.354581832885742188e-01,0.000000000000000000e+00
-3.338864073157310486e-02,-1.742703467607498169e-01,8.718711137771606445e-02,-3.374288380146026611e-01,-8.936610221862792969e-01,2.958238124847412109e-01,0.000000000000000000e+00
-2.804795503616333008e-01,-6.609023362398147583e-02,-5.766526237130165100e-02,-4.968510866165161133e-01,-4.490721970796585083e-02,-8.666731715202331543e-01,0.000000000000000000e+00
-2.977934777736663818e-01,-9.727890044450759888e-02,-3.356077149510383606e-02,-5.777664780616760254e-01,-8.070183992385864258e-01,-1.220952719449996948e-01,0.000000000000000000e+00
-1.463165134191513062e-01,1.630552858114242554e-01,-1.459883302450180054e-01,-5.406345725059509277e-01,-4.147306457161903381e-02,-8.402346372604370117e-01,0.000000000000000000e+00
-8.323828876018524170e-02,-1.203405931591987610e-01,1.483100503683090210e-01,-2.393466383218765259e-01,-3.083247542381286621e-01,-9.206785559654235840e-01,0.000000000000000000e+00
2.240086197853088379e-01,2.393521135672926903e-03,-4.852993041276931763e-02,7.406089305877685547e-01,-4.906876981258392334e-01,-4.590468406677246094e-01,0.000000000000000000e+00
2.963524758815765381e-01,8.604034781455993652e-02,2.676066383719444275e-02,5.492990016937255859e-01,8.225246518850326538e-02,8.315678834915161133e-01,0.000000000000000000e+00
4.964334517717361450e-02,2.036181986331939697e-01,2.564345253631472588e-03,3.075629174709320068e-01,9.360803365707397461e-01,-1.707588881254196167e-01,0.000000000000000000e+00
-1.534910202026367188e-01,-1.863205730915069580e-01,-1.039392277598381042e-01,-3.839405775070190430e-01,-8.832969069480895996e-01,2.690283656120300293e-01,0.000000000000000000e+00
-2.236355394124984741e-01,-1.357966810464859009e-01,-5.472109839320182800e-02,-3.760581314563751221e-01,-8.868809938430786133e-01,2.683698534965515137e-01,0.000000000000000000e+00
1.130893900990486145e-01,-5.925130471587181091e-02,1.498596072196960449e-01,4.425140619277954102e-01,-8.823140859603881836e-01,1.603222042322158813e-01,0.000000000000000000e+00
1.258482336997985840e-01,-1.726008206605911255e-01,-2.515752799808979034e-02,7.633258104324340820e-01,-4.751864373683929443e-01,-4.376431405544281006e-01,0.000000000000000000e+00
-1.653762161731719971e-01,1.093467697501182556e-01,4.659519344568252563e-02,-7.532303929328918457e-01,4.937464892864227295e-01,4.345783889293670654e-01,0.000000000000000000e+00
9.699904918670654297e-02,-2.148488610982894897e-01,-3.025169298052787781e-02,7.680703401565551758e-01,-4.697290062904357910e-01,-4.352270960807800293e-01,0.000000000000000000e+00
1.349811851978302002e-01,-1.364494562149047852e-01,-4.678878188133239746e-02,7.155991792678833008e-01,-5.915745496749877930e-01,-3.714261353015899658e-01,0.000000000000000000e+00
1.179559230804443359e-01,-6.620838493108749390e-02,1.274102330207824707e-01,-4.029860794544219971e-01,-4.215004742145538330e-01,8.123666644096374512e-01,0.000000000000000000e+00
7.992824912071228027e-02,-2.309112548828125000e-01,6.207442656159400940e-02,-4.308600425720214844e-01,-8.506229519844055176e-01,3.013307750225067139e-01,0.000000000000000000e+00
1.150794625282287598e-01,9.258850663900375366e-02,-2.377115786075592041e-01,3.754604458808898926e-01,8.726257085800170898e-01,-3.123360574245452881e-01,0.000000000000000000e+00
-2.753878235816955566e-01,-1.048856005072593689e-01,-2.667731046676635742e-02,-3.843109905719757080e-01,-8.921223878860473633e-01,2.375346571207046509e-01,0.000000000000000000e+00
-2.030911669135093689e-02,7.808039337396621704e-02,2.321869432926177979e-01,5.328080058097839355e-01,3.759767487645149231e-02,8.454005122184753418e-01,0.000000000000000000e+00
6.261649727821350098e-02,1.025901138782501221e-01,1.590755134820938110e-01,6.540084481239318848e-01,2.374973893165588379e-01,7.182394862174987793e-01,0.000000000000000000e+00
-1.298898011445999146e-01,1.870714575052261353e-01,-1.573540270328521729e-01,-5.427578091621398926e-01,-2.643195167183876038e-02,-8.394732475280761719e-01,0.000000000000000000e+00
8.745833300054073334e-03,-1.996049284934997559e-01,6.253901124000549316e-02,-3.950546383857727051e-01,-7.953981757164001465e-01,4.596450030803680420e-01,0.000000000000000000e+00
8.385437726974487305e-02,1.359529495239257812e-01,-1.263711452484130859e-01,-1.700987368822097778e-01,-4.900406673550605774e-02,-9.842078089714050293e-01,0.000000000000000000e+00
-1.027754619717597961e-01,-3.745310381054878235e-02,-1.667975038290023804e-01,-5.313090682029724121e-01,-5.382589623332023621e-02,-8.454664349555969238e-01,0.000000000000000000e+00
-3.435240685939788818e-02,2.049341052770614624e-01,-1.037002727389335632e-01,5.959644913673400879e-01,7.353359460830688477e-01,-3.226567208766937256e-01,0.000000000000000000e+00
5.809080228209495544e-02,-1.892291307449340820e-01,-1.240579560399055481e-01,7.707231640815734863e-01,-4.646836221218109131e-01,-4.359529614448547363e-01,0.000000000000000000e+00
1.737982630729675293e-01,9.725128114223480225e-02,1.081677004694938660e-01,5.520393252372741699e-01,4.660354554653167725e-02,8.325147032737731934e-01,0.000000000000000000e+00
1.977967172861099243e-01,-6.785698980093002319e-02,-1.510999817401170731e-02,7.549136281013488770e-01,-4.821784794330596924e-01,-4.445326626300811768e-01,0.000000000000000000e+00
1.661577075719833374e-01,-6.183163449168205261e-02,-7.479470223188400269e-02,7.635554671287536621e-01,-4.693090319633483887e-01,-4.435448348522186279e-01,0.000000000000000000e+00
7.035694271326065063e-02,1.635609269142150879e-01,-9.304674714803695679e-02,3.821904361248016357e-01,8.744699954986572266e-01,-2.987183928489685059e-01,0.000000000000000000e+00
1.297250390052795410e-01,-2.379780113697052002e-01,1.023049280047416687e-01,-3.481881618499755859e-01,-8.950110077857971191e-01,2.787835597991943359e-01,0.000000000000000000e+00
1.451816409826278687e-01,5.400437116622924805e-02,-2.286424934864044189e-01,7.450200915336608887e-01,-4.794278144836425781e-01,-4.637823402881622314e-01,0.000000000000000000e+00
-1.294908523559570312e-01,2.105263769626617432e-01,8.175939437933266163e-04,-7.893693447113037109e-01,4.671403169631958008e-01,3.983414471149444580e-01,0.000000000000000000e+00
1.686026453971862793e-01,1.459190100431442261e-01,-1.417760364711284637e-02,1.117224842309951782e-01,9.459375143051147461e-01,-3.045001327991485596e-01,0.000000000000000000e+00
-2.967717051506042480e-01,-2.720025740563869476e-02,-4.412153363227844238e-02,-9.151569008827209473e-01,3.450746536254882812e-01,-2.083539962768554688e-01,0.000000000000000000e+00
1.765052080154418945e-01,-1.429847478866577148e-01,1.272238790988922119e-01,5.255795121192932129e-01,5.900143831968307495e-02,8.486960530281066895e-01,0.000000000000000000e+00
1.558527946472167969e-01,-1.935032755136489868e-01,1.442367583513259888e-01,5.155093073844909668e-01,7.241516560316085815e-02,8.538185954093933105e-01,0.000000000000000000e+00
1.519955247640609741e-01,-1.202185153961181641e-01,-9.891245514154434204e-03,-4.357599616050720215e-01,-8.830044865608215332e-01,-1.744026839733123779e-01,0.000000000000000000e+00
-4.932756721973419189e-02,2.282966524362564087e-01,1.096759811043739319e-01,-7.569081187248229980e-01,4.803001284599304199e-01,4.431724846363067627e-01,0.000000000000000000e+00
-9.607206284999847412e-02,2.155463248491287231e-01,-1.596012711524963379e-01,3.777657151222229004e-01,8.874153494834899902e-01,-2.641724348068237305e-01,0.000000000000000000e+00
2.132790982723236084e-01,-7.159239053726196289e-02,1.563164778053760529e-02,7.573409676551818848e-01,-4.850882291793823242e-01,-4.371774196624755859e-01,0.000000000000000000e+00
1.082087382674217224e-01,1.401263326406478882e-01,-1.103984043002128601e-01,3.220408260822296143e-01,9.046243429183959961e-01,-2.791854143142700195e-01,0.000000000000000000e+00
2.061153948307037354e-02,2.011139094829559326e-01,-4.432934150099754333e-02,3.010347485542297363e-01,9.233108162879943848e-01,-2.384853363037109375e-01,0.000000000000000000e+00
-2.122701704502105713e-02,-2.599647045135498047e-01,-1.472244262695312500e-01,-3.695224523544311523e-01,-8.697940111160278320e-01,3.269732594490051270e-01,0.000000000000000000e+00
-3.685425594449043274e-02,-1.215793713927268982e-01,2.401224672794342041e-01,-6.960130482912063599e-02,-8.494634032249450684e-01,5.230368971824645996e-01,0.000000000000000000e+00
-2.404987215995788574e-01,9.050498902797698975e-02,-6.020698696374893188e-02,-7.493657469749450684e-01,4.685888886451721191e-01,4.678412377834320068e-01,0.000000000000000000e+00
-1.383980810642242432e-01,-1.400744616985321045e-01,-1.372454762458801270e-01,-5.252084136009216309e-01,-4.534893855452537537e-02,-8.497644066810607910e-01,0.000000000000000000e+00
1.420001834630966187e-01,-1.218703761696815491e-01,-1.504186447709798813e-02,5.362439155578613281e-01,-6.514106988906860352e-01,5.367556214332580566e-01,0.000000000000000000e+00
1.367810070514678955e-01,1.972608417272567749e-01,9.487104415893554688e-02,3.828542530536651611e-01,8.754473924636840820e-01,-2.949822247028350830e-01,0.000000000000000000e+00
1.523187309503555298e-01,1.746212244033813477e-01,1.184470057487487793e-01,5.461853146553039551e-01,6.471947580575942993e-02,8.351604342460632324e-01,0.000000000000000000e+00
-1.496116369962692261e-01,-2.976583875715732574e-02,-1.376812756061553955e-01,-5.323296189308166504e-01,-5.849667638540267944e-02,-8.445136547088623047e-01,0.000000000000000000e+00
-8.987576514482498169e-02,1.950978636741638184e-01,8.181596547365188599e-02,-7.452760338783264160e-01,4.824559986591339111e-01,4.602172076702117920e-01,0.000000000000000000e+00
1.065644547343254089e-01,-3.363969177007675171e-02,1.614019721746444702e-01,5.272386670112609863e-01,5.136436969041824341e-02,8.481633663177490234e-01,0.000000000000000000e+00
1.939892619848251343e-01,-4.792209714651107788e-03,1.038831025362014771e-01,5.309300422668457031e-01,5.482475459575653076e-02,8.456403017044067383e-01,0.000000000000000000e+00
-7.260874658823013306e-02,-1.555200368165969849e-01,9.436845779418945312e-02,-3.758988082408905029e-01,-8.850613832473754883e-01,2.745295464992523193e-01,0.000000000000000000e+00
1.011801213026046753e-01,-2.451806217432022095e-01,4.832191020250320435e-02,-4.101805984973907471e-01,-8.645690083503723145e-01,2.902970016002655029e-01,0.000000000000000000e+00
1.898820698261260986e-02,-1.757925003767013550e-01,1.534700691699981689e-01,-4.128311574459075928e-01,-8.775002956390380859e-01,2.440566420555114746e-01,0.000000000000000000e+00
-1.955655217170715332e-01,-1.615210995078086853e-02,-1.079771667718887329e-01,-4.168169498443603516e-01,-6.259794235229492188e-01,-6.591004133224487305e-01,0.000000000000000000e+00
-1.043676137924194336e-01,-2.540092356503009796e-02,-1.668089926242828369e-01,-5.376210212707519531e-01,-7.521423697471618652e-02,-8.398252129554748535e-01,0.000000000000000000e+00
8.057419955730438232e-02,-2.270123213529586792e-01,-4.593027383089065552e-02,7.671193480491638184e-01,-4.673989713191986084e-01,-4.393929243087768555e-01,0.000000000000000000e+00
-4.609832540154457092e-02,2.544489800930023193e-01,3.308731317520141602e-02,3.904950916767120361e-01,8.776900768280029297e-01,-2.778016328811645508e-01,0.000000000000000000e+00
1.632808893918991089e-01,4.841648414731025696e-02,-1.929201185703277588e-01,7.204989790916442871e-01,-4.675323963165283203e-01,-5.121471285820007324e-01,0.000000000000000000e+00
1.679559201002120972e-01,-3.697797283530235291e-02,-9.704494476318359375e-02,7.773125171661376953e-01,-4.292129576206207275e-01,-4.599581658840179443e-01,0.000000000000000000e+00
-2.464748024940490723e-01,-8.294473588466644287e-02,7.959815859794616699e-02,-5.261188149452209473e-01,-8.318497538566589355e-01,1.767059862613677979e-01,0.000000000000000000e+00
1.015727147459983826e-01,-2.260788530111312866e-01,1.014740094542503357e-01,-3.985183537006378174e-01,-8.389909267425537109e-01,3.705095350742340088e-01,0.000000000000000000e+00
1.604027152061462402e-01,1.336752474308013916e-01,-2.516453899443149567e-02,-8.403668403625488281e-01,3.948403298854827881e-01,-3.713282346725463867e-01,0.000000000000000000e+00
-9.348031133413314819e-02,2.542842626571655273e-01,-3.020145185291767120e-02,4.257236421108245850e-01,8.770723342895507812e-01,-2.224939316511154175e-01,0.000000000000000000e+00
-1.212514266371726990e-01,-2.014144361019134521e-01,-1.077303811907768250e-01,-3.902782499790191650e-01,-8.526098132133483887e-01,3.474756777286529541e-01,0.000000000000000000e+00
1.996102482080459595e-01,5.741617642343044281e-03,-9.140143543481826782e-02,7.484130263328552246e-01,-4.750271439552307129e-01,-4.628467857837677002e-01,0.000000000000000000e+00
8.378775417804718018e-02,5.686374008655548096e-02,-2.977288663387298584e-01,-4.045132100582122803e-01,-9.837792068719863892e-02,-9.092254042625427246e-01,0.000000000000000000e+00
-6.149150058627128601e-02,-2.338106483221054077e-01,-1.214189901947975159e-01,-3.458141088485717773e-01,-8.902018070220947266e-01,2.965692877769470215e-01,0.000000000000000000e+00
-2.625311911106109619e-01,3.416931256651878357e-02,-4.063346236944198608e-02,-7.959527373313903809e-01,3.059081435203552246e-01,5.223786234855651855e-01,0.000000000000000000e+00
2.377178221940994263e-01,-7.154874503612518311e-02,5.639903247356414795e-02,7.424273490905761719e-01,-4.735266864299774170e-01,-4.738924801349639893e-01,0.000000000000000000e+00
1.700012087821960449e-01,-1.593292653560638428e-01,4.074414819478988647e-02,7.618776559829711914e-01,-4.747078716754913330e-01,-4.406754672527313232e-01,0.000000000000000000e+00
1.784606128931045532e-01,-3.854612633585929871e-02,1.159917041659355164e-01,5.385348796844482422e-01,5.838090553879737854e-02,8.405783176422119141e-01,0.000000000000000000e+00
-1.650604158639907837e-01,-1.318275649100542068e-02,-1.278744190931320190e-01,-8.446769118309020996e-01,-5.294586345553398132e-02,-5.326515436172485352e-01,0.000000000000000000e+00
-1.041159033775329590e-02,2.451927773654460907e-02,2.288489937782287598e-01,5.299498438835144043e-01,3.626706078648567200e-02,8.472530841827392578e-01,0.000000000000000000e+00
-1.084138266742229462e-02,-1.903245747089385986e-01,6.512712687253952026e-02,2.872260659933090210e-02,-9.364441633224487305e-01,3.496388196945190430e-01,0.000000000000000000e+00
2.197512984275817871e-01,-6.723543256521224976e-02,2.198739163577556610e-02,7.562674283981323242e-01,-4.865866005420684814e-01,-4.373706281185150146e-01,0.000000000000000000e+00
-8.541887253522872925e-02,-8.720207959413528442e-03,-1.798674613237380981e-01,-5.284219384193420410e-01,-4.498831182718276978e-02,-8.477890491485595703e-01,0.000000000000000000e+00
-4.283297341316938400e-03,-2.496649324893951416e-01,-9.756129235029220581e-02,-4.163416028022766113e-01,-8.767295479774475098e-01,2.408421188592910767e-01,0.000000000000000000e+00
-2.217353582382202148e-01,1.298599094152450562e-01,-1.008270829916000366e-01,-5.253472924232482910e-01,-3.098350204527378082e-02,-8.503236174583435059e-01,0.000000000000000000e+00
1.101758033037185669e-01,1.981218904256820679e-01,6.312127411365509033e-02,3.849312067031860352e-01,8.746353983879089355e-01,-2.946878671646118164e-01,0.000000000000000000e+00
-7.005251199007034302e-02,-8.985584601759910583e-03,-1.894364953041076660e-01,-5.287219882011413574e-01,-4.480724036693572998e-02,-8.476115465164184570e-01,0.000000000000000000e+00
-9.083436429500579834e-02,-1.209421530365943909e-01,1.771434396505355835e-01,-3.707850277423858643e-01,-8.938256502151489258e-01,2.521788179874420166e-01,0.000000000000000000e+00
1.429747641086578369e-01,-1.069766283035278320e-02,-1.653058081865310669e-01,6.842268109321594238e-01,-4.987051784992218018e-01,-5.320966243743896484e-01,0.000000000000000000e+00
-2.138686738908290863e-02,1.730997860431671143e-01,-1.791301369667053223e-01,3.769081234931945801e-01,8.769232630729675293e-01,-2.982378900051116943e-01,0.000000000000000000e+00
4.921977967023849487e-02,2.455881051719188690e-02,-2.712255120277404785e-01,-5.549785494804382324e-01,-6.047894805669784546e-02,-8.296632766723632812e-01,0.000000000000000000e+00
-2.070928066968917847e-01,-6.819146871566772461e-02,1.606060862541198730e-01,-8.379722237586975098e-01,-1.522205173969268799e-01,5.240529179573059082e-01,0.000000000000000000e+00
2.086121439933776855e-01,2.304390445351600647e-02,-9.470944106578826904e-02,7.440583109855651855e-01,-4.745230376720428467e-01,-4.703244864940643311e-01,0.000000000000000000e+00
-1.425975710153579712e-01,-1.089162752032279968e-01,1.454441249370574951e-01,-4.002726078033447266e-01,-8.639274239540100098e-01,3.056325316429138184e-01,0.000000000000000000e+00
1.143845021724700928e-01,-5.832825973629951477e-02,1.513647735118865967e-01,4.425140619277954102e-01,-8.823140859603881836e-01,1.603222042322158813e-01,0.000000000000000000e+00
-1.190326139330863953e-01,2.375126630067825317e-01,-1.047347579151391983e-02,-7.920300364494323730e-01,4.694542288780212402e-01,3.902577459812164307e-01,0.000000000000000000e+00
-6.697562336921691895e-02,-1.649732589721679688e-01,7.443988323211669922e-02,-3.552985191345214844e-01,-8.680583834648132324e-01,3.467529118061065674e-01,0.000000000000000000e+00
-1.611216068267822266e-01,2.485767751932144165e-01,-8.814552426338195801e-02,-7.429994940757751465e-01,4.758254289627075195e-01,4.706823527812957764e-01,0.000000000000000000e+00
2.818843163549900055e-02,-2.078797668218612671e-01,-1.558494716882705688e-01,7.651327252388000488e-01,-4.694671332836151123e-01,-4.406501352787017822e-01,0.000000000000000000e+00
-1.989137828350067139e-01,-2.076685242354869843e-02,1.286893039941787720e-01,-7.630192637443542480e-01,4.802565276622772217e-01,4.326144754886627197e-01,0.000000000000000000e+00
-4.167553409934043884e-02,1.928967535495758057e-01,-1.464459151029586792e-01,3.716361522674560547e-01,8.791903853416442871e-01,-2.981792688369750977e-01,0.000000000000000000e+00
1.514777988195419312e-01,-2.048090994358062744e-01,5.782337859272956848e-02,7.596372365951538086e-01,-4.799818098545074463e-01,-4.388265609741210938e-01,0.000000000000000000e+00
-1.650326699018478394e-01,5.388638749718666077e-02,1.060841381549835205e-01,-7.560038566589355469e-01,4.651001095771789551e-01,4.605866670608520508e-01,0.000000000000000000e+00
-1.084368377923965454e-01,-4.089577868580818176e-02,-1.630335152149200439e-01,-5.286266803741455078e-01,-5.465481802821159363e-02,-8.470930457115173340e-01,0.000000000000000000e+00
1.565473824739456177e-01,2.521093748509883881e-02,1.052547693252563477e-01,-1.481442451477050781e-01,9.587415456771850586e-01,2.426270842552185059e-01,0.000000000000000000e+00
9.185559302568435669e-02,1.642905771732330322e-01,-6.341147422790527344e-02,3.824414312839508057e-01,8.758745789527893066e-01,-2.942487001419067383e-01,0.000000000000000000e+00
-1.798206120729446411e-01,4.794547334313392639e-02,8.721155673265457153e-02,-7.663086652755737305e-01,4.547173976898193359e-01,4.538756310939788818e-01,0.000000000000000000e+00
-1.966067999601364136e-01,-7.809622585773468018e-02,-1.056864708662033081e-01,-4.792205393314361572e-01,-7.877971231937408447e-02,-8.741518259048461914e-01,0.000000000000000000e+00
-1.092575192451477051e-01,1.380515396595001221e-01,-1.699676960706710815e-01,-6.703719496726989746e-01,5.506095662713050842e-02,-7.399795651435852051e-01,0.000000000000000000e+00
-1.364797204732894897e-01,1.910791695117950439e-01,1.023509167134761810e-02,-8.010118603706359863e-01,4.735547900199890137e-01,3.662320375442504883e-01,0.000000000000000000e+00
-1.856706142425537109e-01,-6.204807385802268982e-02,1.960081160068511963e-01,-9.011564254760742188e-01,1.442520320415496826e-01,4.087889790534973145e-01,0.000000000000000000e+00
2.623668871819972992e-03,2.328321635723114014e-01,3.326302766799926758e-02,3.868710100650787354e-01,8.794448971748352051e-01,-2.773220539093017578e-01,0.000000000000000000e+00
-5.315525084733963013e-02,-1.677228212356567383e-01,8.300005644559860229e-02,-4.064543247222900391e-01,-8.701354861259460449e-01,2.786738872528076172e-01,0.000000000000000000e+00
-1.915240585803985596e-01,-5.901879444718360901e-02,1.826213896274566650e-01,-7.972061634063720703e-01,3.733952045440673828e-01,4.743821322917938232e-01,0.000000000000000000e+00
-1.024186760187149048e-01,-1.155219376087188721e-01,1.774528920650482178e-01,-4.339195489883422852e-01,-8.605666756629943848e-01,2.667186856269836426e-01,0.000000000000000000e+00
1.625651568174362183e-01,8.627550303936004639e-02,1.162110641598701477e-01,5.514137148857116699e-01,4.329417645931243896e-02,8.331077694892883301e-01,0.000000000000000000e+00
3.288281708955764771e-02,-1.965380311012268066e-01,-1.600805819034576416e-01,7.648840546607971191e-01,-4.736029803752899170e-01,-4.366378188133239746e-01,0.000000000000000000e+00
7.170023024082183838e-02,6.784339994192123413e-02,-2.896520495414733887e-01,-5.419480800628662109e-01,-3.399256989359855652e-02,-8.397242426872253418e-01,0.000000000000000000e+00
-6.977215409278869629e-02,7.488773018121719360e-02,-1.947958469390869141e-01,-5.488815903663635254e-01,-3.330911323428153992e-02,-8.352361917495727539e-01,0.000000000000000000e+00
1.339559536427259445e-02,2.024530321359634399e-01,2.106733322143554688e-01,2.356261163949966431e-01,1.947692185640335083e-01,9.521267414093017578e-01,0.000000000000000000e+00
7.661145925521850586e-02,1.819976270198822021e-01,-3.028010576963424683e-02,3.798772990703582764e-01,8.791260123252868652e-01,-2.878032624721527100e-01,0.000000000000000000e+00
-1.514715701341629028e-01,-1.528298575431108475e-02,-1.374838054180145264e-01,-5.447223782539367676e-01,-6.740724295377731323e-02,-8.359029889106750488e-01,0.000000000000000000e+00
-2.254493683576583862e-01,-1.772521436214447021e-02,7.915931195020675659e-02,-7.626799941062927246e-01,4.740985929965972900e-01,4.399428665637969971e-01,0.000000000000000000e+00
-2.096086889505386353e-01,1.769638061523437500e-01,-9.699693322181701660e-02,-9.239204525947570801e-01,3.757873475551605225e-01,7.179728150367736816e-02,0.000000000000000000e+00
2.410362660884857178e-01,6.098892912268638611e-02,6.442217528820037842e-02,5.506687760353088379e-01,5.839747935533523560e-02,8.326786160469055176e-01,0.000000000000000000e+00
-9.484852850437164307e-02,-1.185496821999549866e-01,1.200149878859519958e-01,-4.173246398568153381e-02,-2.969886735081672668e-02,9.986873269081115723e-01,0.000000000000000000e+00
-1.546179801225662231e-01,-1.481942087411880493e-02,2.013595402240753174e-01,-7.584862709045410156e-01,4.890454113483428955e-01,4.307355582714080811e-01,0.000000000000000000e+00
1.233895868062973022e-01,1.946452856063842773e-01,1.361641883850097656e-01,4.994641840457916260e-01,8.227182179689407349e-02,8.624191880226135254e-01,0.000000000000000000e+00
1.081123352050781250e-01,-1.626735478639602661e-01,-6.730314344167709351e-02,7.648570537567138672e-01,-4.763322770595550537e-01,-4.337064325809478760e-01,0.000000000000000000e+00
9.006321430206298828e-02,3.525530174374580383e-02,-2.920020520687103271e-01,4.681575596332550049e-01,-4.865137934684753418e-01,-7.376536130905151367e-01,0.000000000000000000e+00
-4.216481000185012817e-02,2.458007633686065674e-01,1.126745995134115219e-02,3.932487368583679199e-01,8.749634027481079102e-01,-2.824790775775909424e-01,0.000000000000000000e+00
7.364850491285324097e-02,2.074016630649566650e-01,1.710581332445144653e-01,5.363321304321289062e-01,3.197457641363143921e-02,8.434011340141296387e-01,0.000000000000000000e+00
1.579056680202484131e-01,-2.161975204944610596e-01,1.449871659278869629e-01,5.178569555282592773e-01,7.593698799610137939e-02,8.520902395248413086e-01,0.000000000000000000e+00
3.280368819832801819e-02,-6.622915714979171753e-02,-2.499465793371200562e-01,-5.561911463737487793e-01,-3.808550909161567688e-02,-8.301812410354614258e-01,0.000000000000000000e+00
4.970792308449745178e-02,-1.139636859297752380e-01,-2.180382013320922852e-01,7.576229572296142578e-01,-4.798670113086700439e-01,-4.424195587635040283e-01,0.000000000000000000e+00
5.038057267665863037e-02,-1.650176644325256348e-01,-1.633947044610977173e-01,7.857130765914916992e-01,-4.393577575683593750e-01,-4.354534745216369629e-01,0.000000000000000000e+00
-8.565445989370346069e-02,2.600187063217163086e-01,-5.566877662204205990e-04,8.263723552227020264e-02,9.931122660636901855e-01,-8.306073397397994995e-02,0.000000000000000000e+00
-1.440267562866210938e-01,2.111475914716720581e-01,-2.245729416608810425e-02,-7.547749876976013184e-01,4.692988693714141846e-01,4.583375155925750732e-01,0.000000000000000000e+00
2.091285586357116699e-01,4.467742517590522766e-03,9.371566772460937500e-02,5.583124160766601562e-01,1.239247173070907593e-01,8.203230500221252441e-01,0.000000000000000000e+00
2.212857306003570557e-01,8.169034868478775024e-02,-1.258473098278045654e-01,8.296962380409240723e-01,2.130193114280700684e-01,-5.159718394279479980e-01,0.000000000000000000e+00
2.474482059478759766e-01,1.217642202973365784e-01,9.847981855273246765e-03,3.800157904624938965e-01,8.767094016075134277e-01,-2.949044704437255859e-01,0.000000000000000000e+00
6.663294136524200439e-02,-2.513001859188079834e-01,-3.901426494121551514e-02,2.939572334289550781e-01,-9.463191032409667969e-01,-1.344221383333206177e-01,0.000000000000000000e+00
2.683256268501281738e-01,7.681639492511749268e-02,4.555200785398483276e-02,5.356384515762329102e-01,4.854830726981163025e-02,8.430507183074951172e-01,0.000000000000000000e+00
-1.623158529400825500e-02,2.102148979902267456e-01,1.838704198598861694e-01,-7.618397474288940430e-01,4.815764725208282471e-01,4.332254827022552490e-01,0.000000000000000000e+00
3.581847622990608215e-02,-1.878514140844345093e-01,1.310372799634933472e-01,-1.353722661733627319e-01,-9.839168787002563477e-01,1.165414825081825256e-01,0.000000000000000000e+00
4.845448583364486694e-02,7.668069750070571899e-02,1.900433003902435303e-01,5.181348919868469238e-01,5.075107887387275696e-02,8.537918925285339355e-01,0.000000000000000000e+00
3.013339936733245850e-01,6.329815089702606201e-02,1.899585127830505371e-02,9.050325751304626465e-01,-4.197025895118713379e-01,6.903446465730667114e-02,0.000000000000000000e+00
-6.428441498428583145e-03,2.119013369083404541e-01,1.982330083847045898e-01,-7.469701766967773438e-01,4.831622838973999023e-01,4.567162990570068359e-01,0.000000000000000000e+00
1.792773306369781494e-01,-2.037844154983758926e-03,-1.162030920386314392e-01,7.549833655357360840e-01,-4.652712047100067139e-01,-4.620852768421173096e-01,0.000000000000000000e+00
-1.696196347475051880e-01,-6.783627718687057495e-02,2.199420779943466187e-01,-7.096160054206848145e-01,-5.253301858901977539e-01,4.695458412170410156e-01,0.000000000000000000e+00
-1.504523009061813354e-01,2.574768848717212677e-02,-1.403047293424606323e-01,-5.891127586364746094e-01,-1.103974040597677231e-02,-8.079754114151000977e-01,0.000000000000000000e+00
6.794466078281402588e-02,-1.014828160405158997e-01,-2.000290304422378540e-01,7.626067996025085449e-01,-4.752584695816040039e-01,-4.388168752193450928e-01,0.000000000000000000e+00
9.371958673000335693e-02,-2.251373678445816040e-01,9.552986919879913330e-02,-3.723324835300445557e-01,-8.708086013793945312e-01,3.210310637950897217e-01,0.000000000000000000e+00
2.252627611160278320e-01,1.045907065272331238e-01,-6.910906732082366943e-02,3.473624885082244873e-01,8.857668638229370117e-01,-3.078251779079437256e-01,0.000000000000000000e+00
-2.516222894191741943e-01,-1.076870486140251160e-01,-3.794218180701136589e-03,-4.290488362312316895e-01,-8.541490435600280762e-01,2.938477993011474609e-01,0.000000000000000000e+00
-9.223338216543197632e-02,1.180119886994361877e-01,1.613865047693252563e-01,-7.544012665748596191e-01,4.790221154689788818e-01,4.487945437431335449e-01,0.000000000000000000e+00
-2.278366833925247192e-01,4.302436485886573792e-02,1.088363118469715118e-02,-7.707641720771789551e-01,4.552160799503326416e-01,4.457587897777557373e-01,0.000000000000000000e+00
7.488603144884109497e-02,1.710285842418670654e-01,-6.541113555431365967e-02,3.824633359909057617e-01,8.758700489997863770e-01,-2.942336797714233398e-01,0.000000000000000000e+00
-1.408193409442901611e-01,-1.182319074869155884e-01,2.088953368365764618e-02,-9.573810100555419922e-01,-2.096644341945648193e-01,-1.986515223979949951e-01,0.000000000000000000e+00
-1.601368635892868042e-01,-1.742400228977203369e-02,1.946955323219299316e-01,-7.553556561470031738e-01,4.866994023323059082e-01,4.388182759284973145e-01,0.000000000000000000e+00
-3.737213462591171265e-02,1.763898581266403198e-01,-1.898714900016784668e-01,3.832765817642211914e-01,8.759819269180297852e-01,-2.928390502929687500e-01,0.000000000000000000e+00
-2.446342557668685913e-01,-5.010786280035972595e-02,7.993630319833755493e-02,-8.024069666862487793e-01,4.747301936149597168e-01,3.616272509098052979e-01,0.000000000000000000e+00
2.001883834600448608e-01,-3.184314072132110596e-02,-3.654468804597854614e-02,2.526875734329223633e-01,3.355658948421478271e-01,-9.074935317039489746e-01,0.000000000000000000e+00
4.074602201581001282e-02,1.589378267526626587e-01,-1.409063190221786499e-01,3.813981711864471436e-01,8.752465248107910156e-01,-2.974540889263153076e-01,0.000000000000000000e+00
5.938267707824707031e-02,-1.274809539318084717e-01,-1.866695582866668701e-01,7.600874304771423340e-01,-4.743421673774719238e-01,-4.441470205783843994e-01,0.000000000000000000e+00
8.255399018526077271e-02,-2.495333105325698853e-01,4.008758347481489182e-03,-1.155485138297080994e-01,-9.917388558387756348e-01,5.570062994956970215e-02,0.000000000000000000e+00
1.368965357542037964e-01,1.196668297052383423e-01,-1.351523101329803467e-01,3.709450066089630127e-01,8.776839971542358398e-01,-3.034313321113586426e-01,0.000000000000000000e+00
2.136895898729562759e-03,2.385018765926361084e-01,5.077512934803962708e-02,4.158743321895599365e-01,8.757700324058532715e-01,-2.451028525829315186e-01,0.000000000000000000e+00
-2.279678732156753540e-01,1.023261919617652893e-01,-9.573213011026382446e-02,-5.368883013725280762e-01,-3.832843527197837830e-02,-8.427821993827819824e-01,0.000000000000000000e+00
-1.109931319952011108e-01,2.326522320508956909e-01,-1.253992915153503418e-01,3.869187533855438232e-01,8.813747167587280273e-01,-2.710582017898559570e-01,0.000000000000000000e+00
-4.004503786563873291e-02,7.718490064144134521e-02,-2.145340144634246826e-01,-5.539659857749938965e-01,-5.124032124876976013e-02,-8.309609889984130859e-01,0.000000000000000000e+00
-1.618949770927429199e-01,1.292678117752075195e-01,1.526067592203617096e-02,-2.198390513658523560e-01,7.173207402229309082e-01,-6.611518263816833496e-01,0.000000000000000000e+00
-1.026346720755100250e-02,-2.604205608367919922e-01,-1.359156966209411621e-01,-3.564883470535278320e-01,-8.811283707618713379e-01,3.106909394264221191e-01,0.000000000000000000e+00
1.296623051166534424e-02,1.468508094549179077e-01,-2.119237035512924194e-01,3.810805082321166992e-01,8.764270544052124023e-01,-2.943693101406097412e-01,0.000000000000000000e+00
2.417588531970977783e-01,1.169840842485427856e-01,-1.120241917669773102e-02,3.827777504920959473e-01,8.740087151527404785e-01,-2.993157804012298584e-01,0.000000000000000000e+00
-9.304928034543991089e-02,-1.839755624532699585e-01,-1.995289884507656097e-02,-3.662867546081542969e-01,-8.781514763832092285e-01,3.077076673507690430e-01,0.000000000000000000e+00
6.119289249181747437e-02,1.668675392866134644e-01,-9.499478340148925781e-02,3.773178756237030029e-01,8.755394220352172852e-01,-3.017646670341491699e-01,0.000000000000000000e+00
-6.254994869232177734e-02,1.934969425201416016e-01,-1.715358346700668335e-01,3.850805461406707764e-01,8.740677833557128906e-01,-2.961730957031250000e-01,0.000000000000000000e+00
1.378130912780761719e-01,1.716509163379669189e-01,1.946756057441234589e-02,3.769931793212890625e-01,8.790450692176818848e-01,-2.918147444725036621e-01,0.000000000000000000e+00
-2.071586400270462036e-01,-1.516183465719223022e-01,-9.143995493650436401e-02,-6.356761455535888672e-01,-6.827142238616943359e-01,-3.603014945983886719e-01,0.000000000000000000e+00
-4.903591424226760864e-02,4.435994196683168411e-03,2.513689696788787842e-01,5.134792327880859375e-01,5.813531577587127686e-02,8.561304807662963867e-01,0.000000000000000000e+00
-5.847449973225593567e-02,-1.632568538188934326e-01,9.003938734531402588e-02,-3.789468109607696533e-01,-8.832350373268127441e-01,2.762157618999481201e-01,0.000000000000000000e+00
7.396854460239410400e-02,-1.212336868047714233e-01,-1.683864444494247437e-01,7.600810527801513672e-01,-4.730323851108551025e-01,-4.455525875091552734e-01,0.000000000000000000e+00
-9.105238318443298340e-02,-1.556352227926254272e-01,7.107242196798324585e-02,-3.586102724075317383e-01,-8.763660192489624023e-01,3.215294778347015381e-01,0.000000000000000000e+00
1.871011555194854736e-01,1.215039864182472229e-01,-6.925647705793380737e-02,4.576185047626495361e-01,8.695467114448547363e-01,-1.856712400913238525e-01,0.000000000000000000e+00
9.769868105649948120e-02,-9.761518985033035278e-02,-1.530617028474807739e-01,7.825664281845092773e-01,-4.874718487262725830e-01,-3.872479796409606934e-01,0.000000000000000000e+00
2.045050263404846191e-01,-9.348169714212417603e-02,2.442597970366477966e-02,7.575057148933410645e-01,-4.798177778720855713e-01,-4.426737427711486816e-01,0.000000000000000000e+00
1.243873313069343567e-01,5.493654310703277588e-02,1.443603187799453735e-01,5.360587239265441895e-01,7.224553078413009644e-02,8.410835862159729004e-01,0.000000000000000000e+00
1.047578975558280945e-01,1.683081835508346558e-01,-3.459074348211288452e-02,3.818590342998504639e-01,8.763132095336914062e-01,-2.936985790729522705e-01,0.000000000000000000e+00
1.548227816820144653e-01,5.094191804528236389e-02,-2.099833786487579346e-01,7.471418380737304688e-01,-4.769467413425445557e-01,-4.629263877868652344e-01,0.000000000000000000e+00
-7.527448982000350952e-02,1.043645218014717102e-01,-1.926989257335662842e-01,-5.500313043594360352e-01,-5.159512534737586975e-02,-8.335487246513366699e-01,0.000000000000000000e+00
-1.112831681966781616e-01,2.446629256010055542e-01,-3.478398313745856285e-03,-7.439367175102233887e-01,4.811719655990600586e-01,4.637150764465332031e-01,0.000000000000000000e+00
1.517969369888305664e-01,-2.091822922229766846e-01,6.315916031599044800e-02,7.596372365951538086e-01,-4.799818098545074463e-01,-4.388265609741210938e-01,0.000000000000000000e+00
-1.224572211503982544e-01,2.217593602836132050e-02,2.169480174779891968e-01,-7.652728557586669922e-01,4.785785377025604248e-01,4.304881989955902100e-01,0.000000000000000000e+00
-2.431839518249034882e-02,1.978795826435089111e-01,-1.072836667299270630e-01,3.378046751022338867e-01,9.145507216453552246e-01,-2.224521785974502563e-01,0.000000000000000000e+00
1.680578142404556274e-01,5.259843543171882629e-02,9.744448214769363403e-02,3.237796425819396973e-01,-9.435151815414428711e-01,7.032670825719833374e-02,0.000000000000000000e+00
1.572040915489196777e-01,1.226292774081230164e-01,-1.020406931638717651e-01,3.724165856838226318e-01,8.747094869613647461e-01,-3.101437687873840332e-01,0.000000000000000000e+00
-2.070909887552261353e-01,6.076202541589736938e-02,-1.066279560327529907e-01,-5.324999690055847168e-01,-3.311401233077049255e-02,-8.457820415496826172e-01,0.000000000000000000e+00
2.005116641521453857e-01,4.379906877875328064e-02,-1.289397031068801880e-01,7.407771944999694824e-01,-4.874185919761657715e-01,-4.622470140457153320e-01,0.000000000000000000e+00
2.230330854654312134e-01,-8.513377606868743896e-02,4.682222008705139160e-02,7.494294047355651855e-01,-4.849948585033416748e-01,-4.507056176662445068e-01,0.000000000000000000e+00
5.844206735491752625e-02,-1.783342957496643066e-01,-1.350497901439666748e-01,7.707231640815734863e-01,-4.646836221218109131e-01,-4.359529614448547363e-01,0.000000000000000000e+00
5.220690742135047913e-02,-9.869027882814407349e-02,-2.302038222551345825e-01,7.582514882087707520e-01,-4.761393666267395020e-01,-4.453605413436889648e-01,0.000000000000000000e+00
8.698660135269165039e-02,1.097926287911832333e-04,1.712272316217422485e-01,5.177032351493835449e-01,6.468140333890914917e-02,8.531117439270019531e-01,0.000000000000000000e+00
-4.609668999910354614e-02,-7.642430067062377930e-02,-1.990596354007720947e-01,-5.322816967964172363e-01,-6.469070166349411011e-02,-8.440920114517211914e-01,0.000000000000000000e+00
-4.688913747668266296e-02,-1.965352445840835571e-01,5.514763761311769485e-04,-3.103891909122467041e-01,-9.249550104141235352e-01,2.193554490804672241e-01,0.000000000000000000e+00
5.683989822864532471e-02,-2.247747331857681274e-01,4.882593080401420593e-02,-3.638331890106201172e-01,-8.740311264991760254e-01,3.220170140266418457e-01,0.000000000000000000e+00
-3.199055418372154236e-02,1.563837528228759766e-01,-2.208435833454132080e-01,-2.970322370529174805e-01,3.765173554420471191e-01,-8.775001764297485352e-01,0.000000000000000000e+00
-2.646494209766387939e-01,-3.684383630752563477e-02,-6.826865673065185547e-02,-5.272418856620788574e-01,-4.099408909678459167e-02,-8.487257957458496094e-01,0.000000000000000000e+00
-2.333424985408782959e-01,-4.371765628457069397e-02,-8.697423338890075684e-02,-5.220045447349548340e-01,-4.524681344628334045e-02,-8.517417311668395996e-01,0.000000000000000000e+00
8.818545937538146973e-02,1.132405996322631836e-01,-2.120247632265090942e-01,3.729757368564605713e-01,8.749009966850280762e-01,-3.089292943477630615e-01,0.000000000000000000e+00
-9.341789036989212036e-02,-1.027534604072570801e-01,1.347151398658752441e-01,7.297583222389221191e-01,-6.501137614250183105e-01,-2.116716802120208740e-01,0.000000000000000000e+00
2.648619413375854492e-01,5.416019633412361145e-02,-3.679636120796203613e-02,7.463766336441040039e-01,-4.822228848934173584e-01,-4.586752951145172119e-01,0.000000000000000000e+00
-3.461282327771186829e-02,-1.042790040373802185e-01,-2.041124850511550903e-01,-5.371137857437133789e-01,-5.529109016060829163e-02,-8.416957259178161621e-01,0.000000000000000000e+00
-4.710305482149124146e-02,1.921362280845642090e-01,-1.554831117391586304e-01,3.739652931690216064e-01,8.793969750404357910e-01,-2.946368753910064697e-01,0.000000000000000000e+00
1.522860378026962280e-01,-3.166980668902397156e-02,1.321353465318679810e-01,5.011700391769409180e-01,8.854813128709793091e-02,8.608064651489257812e-01,0.000000000000000000e+00
-1.272749155759811401e-01,1.234230697154998779e-01,9.626896679401397705e-02,-7.560167312622070312e-01,4.808870553970336914e-01,4.440567195415496826e-01,0.000000000000000000e+00
4.412343725562095642e-02,6.537386775016784668e-02,-2.706033885478973389e-01,-5.831230282783508301e-01,-6.839572638273239136e-02,-8.094995617866516113e-01,0.000000000000000000e+00
-6.188222020864486694e-02,2.169698923826217651e-01,-1.069924160838127136e-01,3.823342919349670410e-01,8.821350336074829102e-01,-2.750603854656219482e-01,0.000000000000000000e+00
-6.548634171485900879e-02,-1.326100379228591919e-01,1.718401461839675903e-01,-3.841787874698638916e-01,-8.509865999221801758e-01,3.580900430679321289e-01,0.000000000000000000e+00
2.830503880977630615e-01,3.316259384155273438e-02,1.431402377784252167e-02,7.192306518554687500e-01,-4.993806779384613037e-01,-4.830384850502014160e-01,0.000000000000000000e+00
-1.771002560853958130e-01,7.860706001520156860e-02,5.962437763810157776e-02,-7.593023180961608887e-01,4.724758267402648926e-01,4.474668502807617188e-01,0.000000000000000000e+00
-6.381571758538484573e-03,-2.063655704259872437e-01,2.368481829762458801e-02,-3.709626197814941406e-01,-8.660234808921813965e-01,3.352463245391845703e-01,0.000000000000000000e+00
-1.938984543085098267e-01,3.580406680703163147e-02,3.083351626992225647e-02,-4.018421471118927002e-01,1.427125334739685059e-01,9.045197963714599609e-01,0.000000000000000000e+00
-2.007350027561187744e-01,-1.159666776657104492e-01,3.968338668346405029e-02,-3.011121451854705811e-01,-8.493123054504394531e-01,4.335897862911224365e-01,0.000000000000000000e+00
2.172995656728744507e-01,9.355302900075912476e-02,-1.128951907157897949e-01,3.904637098312377930e-01,8.672404289245605469e-01,-3.089209794998168945e-01,0.000000000000000000e+00
-2.249001264572143555e-01,2.677376009523868561e-02,-9.394042193889617920e-02,-5.251738429069519043e-01,-4.547040909528732300e-02,-8.497793078422546387e-01,0.000000000000000000e+00
1.198140308260917664e-01,-2.379465401172637939e-01,3.926546499133110046e-02,7.179824709892272949e-01,-5.731989145278930664e-01,-3.948976099491119385e-01,0.000000000000000000e+00
-2.261591553688049316e-01,2.996573969721794128e-02,2.221245691180229187e-02,-5.313223004341125488e-01,6.872390508651733398e-01,4.953777194023132324e-01,0.000000000000000000e+00
-2.132955640554428101e-01,1.493523567914962769e-01,-7.448018342256546021e-02,-8.272504806518554688e-01,2.393271028995513916e-01,5.083101391792297363e-01,0.000000000000000000e+00
-1.544436961412429810e-01,4.711043462157249451e-02,1.300665289163589478e-01,-7.913402318954467773e-01,2.972556054592132568e-01,5.342469215393066406e-01,0.000000000000000000e+00
-1.958899050951004028e-01,1.048645824193954468e-01,-1.753530814312398434e-04,-7.600275874137878418e-01,4.749220013618469238e-01,4.436295926570892334e-01,0.000000000000000000e+00
-1.077147126197814941e-01,-1.972519606351852417e-01,-1.484951823949813843e-01,-5.266078710556030273e-01,-7.232273370027542114e-02,-8.470262885093688965e-01,0.000000000000000000e+00
1.320854723453521729e-01,2.009803205728530884e-01,9.992284327745437622e-02,3.761189579963684082e-01,8.780761957168579102e-01,-2.958322167396545410e-01,0.000000000000000000e+00
-5.235801264643669128e-02,6.387555599212646484e-02,2.532096207141876221e-01,5.473570823669433594e-01,2.105593308806419373e-02,8.366342782974243164e-01,0.000000000000000000e+00
-2.105182111263275146e-01,5.925256013870239258e-02,2.324267663061618805e-02,-7.561833858489990234e-01,4.727845788002014160e-01,4.523952007293701172e-01,0.000000000000000000e+00
-4.537076503038406372e-02,-1.323663443326950073e-01,1.991744786500930786e-01,-3.785304427146911621e-01,-8.830204010009765625e-01,2.774701714515686035e-01,0.000000000000000000e+00
-7.458596676588058472e-02,1.269608139991760254e-01,1.818603426218032837e-01,-7.621410489082336426e-01,4.725833535194396973e-01,4.424997270107269287e-01,0.000000000000000000e+00
-2.848519012331962585e-02,3.723793849349021912e-02,-2.090517729520797729e-01,-1.807249635457992554e-01,-9.682215452194213867e-01,-1.728742867708206177e-01,0.000000000000000000e+00
-1.080578863620758057e-01,2.112380117177963257e-01,3.558522090315818787e-02,-7.441170811653137207e-01,4.789932966232299805e-01,4.656771123409271240e-01,0.000000000000000000e+00
-2.080543190240859985e-01,1.614978462457656860e-01,-7.574832439422607422e-02,-7.449090480804443359e-01,4.778583049774169922e-01,4.655770361423492432e-01,0.000000000000000000e+00
8.692214637994766235e-02,2.263702005147933960e-01,1.296622455120086670e-01,3.936418890953063965e-01,8.782446980476379395e-01,-2.715368568897247314e-01,0.000000000000000000e+00
4.715704545378684998e-02,-1.940692067146301270e-01,1.265438050031661987e-01,-3.768046498298645020e-01,-8.664340376853942871e-01,3.275825977325439453e-01,0.000000000000000000e+00
9.502588212490081787e-02,-1.078972741961479187e-01,1.724639683961868286e-01,5.550588369369506836e-01,3.109438344836235046e-02,8.312296867370605469e-01,0.000000000000000000e+00
2.811429202556610107e-01,7.618048042058944702e-02,-3.323155641555786133e-02,7.470467686653137207e-01,-4.640818238258361816e-01,-4.759717881679534912e-01,0.000000000000000000e+00
4.745284840464591980e-02,-1.414686143398284912e-01,-1.922509372234344482e-01,7.635007500648498535e-01,-4.719902575016021729e-01,-4.407854378223419189e-01,0.000000000000000000e+00
6.772597879171371460e-02,1.540901064872741699e-01,-1.235053017735481262e-01,3.887554407119750977e-01,8.396977782249450684e-01,-3.791792094707489014e-01,0.000000000000000000e+00
1.787815429270267487e-02,-1.479795724153518677e-01,2.182731628417968750e-01,9.678328782320022583e-02,-5.649164319038391113e-01,8.194525241851806641e-01,0.000000000000000000e+00
-1.332758218050003052e-01,-9.709453210234642029e-03,2.332856953144073486e-01,-7.614100575447082520e-01,4.828729033470153809e-01,4.325373172760009766e-01,0.000000000000000000e+00
2.672589123249053955e-01,6.354605779051780701e-03,5.126351490616798401e-02,5.325310230255126953e-01,7.928852736949920654e-02,8.426885604858398438e-01,0.000000000000000000e+00
-1.224962845444679260e-01,1.119190752506256104e-01,1.166583448648452759e-01,-7.529129981994628906e-01,4.816320538520812988e-01,4.485003650188446045e-01,0.000000000000000000e+00
1.739959418773651123e-01,-2.270291894674301147e-01,1.229223832488059998e-01,8.693006038665771484e-01,-4.422746598720550537e-01,-2.207023948431015015e-01,0.000000000000000000e+00
-8.933498710393905640e-02,-1.840625554323196411e-01,-1.726584509015083313e-02,-2.908003032207489014e-01,-8.521323800086975098e-01,4.350926578044891357e-01,0.000000000000000000e+00
2.752924263477325439e-01,7.765020430088043213e-02,-4.392328113317489624e-02,7.560800909996032715e-01,-4.687551856040954590e-01,-4.567400813102722168e-01,0.000000000000000000e+00
-1.270969063043594360e-01,-1.887248009443283081e-01,-7.692092657089233398e-02,-3.280490040779113770e-01,-8.990901708602905273e-01,2.898633480072021484e-01,0.000000000000000000e+00
-1.364775598049163818e-01,9.401094913482666016e-02,-1.378832608461380005e-01,2.025211304426193237e-01,-2.586140334606170654e-01,-9.445125460624694824e-01,0.000000000000000000e+00
2.728494442999362946e-02,-7.805181294679641724e-02,-2.456628680229187012e-01,-5.572860240936279297e-01,-4.537356272339820862e-02,-8.290799260139465332e-01,0.000000000000000000e+00
-1.513192057609558105e-01,-5.054043605923652649e-02,2.471652030944824219e-01,-7.647924423217773438e-01,4.849746823310852051e-01,4.241368472576141357e-01,0.000000000000000000e+00
6.470929086208343506e-02,3.177342936396598816e-02,1.827484071254730225e-01,5.228472948074340820e-01,5.312390252947807312e-02,8.507694005966186523e-01,0.000000000000000000e+00
-1.681536734104156494e-01,-3.034043498337268829e-02,1.950593292713165283e-01,-7.606938481330871582e-01,4.860211014747619629e-01,4.302654266357421875e-01,0.000000000000000000e+00
-1.945703774690628052e-01,-7.865405082702636719e-02,1.671926081180572510e-01,-4.141507446765899658e-01,-8.342790007591247559e-01,3.639474213123321533e-01,0.000000000000000000e+00
-1.012008711695671082e-01,1.016716882586479187e-01,-1.754652857780456543e-01,-5.509098768234252930e-01,-4.198458045721054077e-02,-8.335080146789550781e-01,0.000000000000000000e+00
-2.487892061471939087e-01,8.427737653255462646e-02,-7.748144865036010742e-02,-9.132896065711975098e-01,2.523767352104187012e-01,-3.197000026702880859e-01,0.000000000000000000e+00
1.824421882629394531e-01,1.298855543136596680e-01,1.006970480084419250e-01,5.486543774604797363e-01,3.843005374073982239e-02,8.351655602455139160e-01,0.000000000000000000e+00
2.056573629379272461e-01,1.419261544942855835e-01,8.479350060224533081e-02,5.483199954032897949e-01,5.343317240476608276e-02,8.345597982406616211e-01,0.000000000000000000e+00
-4.458654299378395081e-02,1.932323127985000610e-01,-1.490846276283264160e-01,3.716361522674560547e-01,8.791903853416442871e-01,-2.981792688369750977e-01,0.000000000000000000e+00
2.135296352207660675e-03,-8.107385598123073578e-03,2.111756652593612671e-01,9.958333969116210938e-01,-9.073729068040847778e-02,-9.085403755307197571e-03,0.000000000000000000e+00
2.083195447921752930e-01,1.555368006229400635e-01,6.198881939053535461e-02,4.123614728450775146e-01,8.563575744628906250e-01,-3.108211159706115723e-01,0.000000000000000000e+00
-1.539072096347808838e-01,-5.355338752269744873e-02,2.459398955106735229e-01,-8.085510730743408203e-01,3.694664537906646729e-01,4.579734802246093750e-01,0.000000000000000000e+00
-1.497283130884170532e-01,-8.193046599626541138e-02,-1.341948211193084717e-01,-5.228243470191955566e-01,-5.678519234061241150e-02,-8.505469560623168945e-01,0.000000000000000000e+00
1.981161385774612427e-01,1.371851265430450439e-01,-7.341681048274040222e-03,3.782924115657806396e-01,8.726832270622253418e-01,-3.087374567985534668e-01,0.000000000000000000e+00
1.384716928005218506e-01,-7.744148373603820801e-02,1.398080736398696899e-01,-3.654253184795379639e-01,-3.612752258777618408e-01,8.578721284866333008e-01,0.000000000000000000e+00
1.311838328838348389e-01,-5.665570497512817383e-02,1.423242241144180298e-01,-1.454552114009857178e-01,-2.576453685760498047e-01,9.552285671234130859e-01,0.000000000000000000e+00
-3.812845423817634583e-02,1.007694378495216370e-01,2.422235161066055298e-01,2.997658550739288330e-01,1.228052303194999695e-01,9.460757374763488770e-01,0.000000000000000000e+00
-2.909249998629093170e-02,-2.339978963136672974e-01,-8.282254636287689209e-02,-3.990276157855987549e-01,-8.599987030029296875e-01,3.180868029594421387e-01,0.000000000000000000e+00
-1.032720729708671570e-01,-6.142354011535644531e-02,2.882810235023498535e-01,4.976854026317596436e-01,4.853698238730430603e-02,8.659985065460205078e-01,0.000000000000000000e+00
-1.226541027426719666e-01,-2.231466956436634064e-02,2.670339941978454590e-01,-7.606234550476074219e-01,4.961750507354736328e-01,4.186434149742126465e-01,0.000000000000000000e+00
1.597290337085723877e-01,-1.861488968133926392e-01,5.196272581815719604e-02,7.584340572357177734e-01,-4.776553809642791748e-01,-4.434220492839813232e-01,0.000000000000000000e+00
-9.425442665815353394e-02,-1.731393337249755859e-01,1.491174194961786270e-02,-4.123532176017761230e-01,-8.788824081420898438e-01,2.398551255464553833e-01,0.000000000000000000e+00
4.297908768057823181e-02,-2.358858287334442139e-01,-8.784967940300703049e-04,-3.768573701381683350e-01,-8.839544057846069336e-01,2.767727077007293701e-01,0.000000000000000000e+00
8.066721493378281593e-04,-1.679055243730545044e-01,7.767545431852340698e-02,7.030899524688720703e-01,-6.901860237121582031e-01,-1.711951047182083130e-01,0.000000000000000000e+00
6.834620237350463867e-02,1.199227124452590942e-01,1.769700795412063599e-01,5.791244506835937500e-01,-1.069100946187973022e-01,8.081986904144287109e-01,0.000000000000000000e+00
-1.497428864240646362e-01,1.120903119444847107e-01,-1.417832225561141968e-01,-5.303825139999389648e-01,-3.221875429153442383e-02,-8.471460342407226562e-01,0.000000000000000000e+00
-1.138333790004253387e-02,2.287110537290573120e-01,5.296509480103850365e-04,3.875929713249206543e-01,8.788451552391052246e-01,-2.782137691974639893e-01,0.000000000000000000e+00
7.543005794286727905e-02,8.921428024768829346e-02,-2.868615090847015381e-01,-1.111634969711303711e-01,6.354427337646484375e-01,-7.641041874885559082e-01,0.000000000000000000e+00
-1.904994547367095947e-01,-3.724001348018646240e-02,1.612617224454879761e-01,-7.587864398956298828e-01,4.800037443637847900e-01,4.402721822261810303e-01,0.000000000000000000e+00
1.520770490169525146e-01,1.257702559232711792e-01,-4.159684106707572937e-02,-1.847450733184814453e-01,6.542813777923583984e-01,7.333383560180664062e-01,0.000000000000000000e+00
-1.851434446871280670e-02,1.806446164846420288e-01,-7.115421444177627563e-02,2.234064489603042603e-01,9.597340822219848633e-01,-1.702941507101058960e-01,0.000000000000000000e+00
-5.163861438632011414e-02,2.506817281246185303e-01,8.624537289142608643e-02,-6.517804861068725586e-01,4.905497431755065918e-01,5.783970355987548828e-01,0.000000000000000000e+00
-3.166306391358375549e-02,-1.601233929395675659e-01,1.335692554712295532e-01,-3.934430778026580811e-01,-8.719375133514404297e-01,2.914232611656188965e-01,0.000000000000000000e+00
5.141334980726242065e-02,-6.289370357990264893e-02,-2.588116526603698730e-01,-1.004175469279289246e-01,-3.405117988586425781e-01,-9.348625540733337402e-01,0.000000000000000000e+00
-7.303831726312637329e-02,1.223254054784774780e-01,-1.950964480638504028e-01,-5.529066920280456543e-01,-4.196480661630630493e-02,-8.321857452392578125e-01,0.000000000000000000e+00
-1.282900720834732056e-01,5.021627247333526611e-02,1.467442512512207031e-01,-4.027636051177978516e-01,-6.626346707344055176e-01,6.314243674278259277e-01,0.000000000000000000e+00
-1.549009382724761963e-01,-1.745735406875610352e-01,-6.978613138198852539e-02,-4.024775326251983643e-01,-8.716204762458801270e-01,2.798027992248535156e-01,0.000000000000000000e+00
-8.254993706941604614e-02,2.673274138942360878e-03,2.716692686080932617e-01,5.746096968650817871e-01,4.814900085330009460e-02,8.170100450515747070e-01,0.000000000000000000e+00
-1.026744320988655090e-01,1.809526830911636353e-01,-1.748379617929458618e-01,-5.525897145271301270e-01,-3.173515573143959045e-02,-8.328490257263183594e-01,0.000000000000000000e+00
1.991983056068420410e-01,-1.010978687554597855e-02,-6.284032762050628662e-02,2.054667770862579346e-01,-8.301070928573608398e-01,5.183682441711425781e-01,0.000000000000000000e+00
3.956883680075407028e-03,-1.707628071308135986e-01,1.471878141164779663e-01,-3.633264899253845215e-01,-8.859965205192565918e-01,2.881041169166564941e-01,0.000000000000000000e+00
-2.965786457061767578e-01,-3.584455698728561401e-02,-4.889396205544471741e-02,-5.614677667617797852e-01,-8.152693510055541992e-03,-8.274584412574768066e-01,0.000000000000000000e+00
-1.140236929059028625e-01,7.223989069461822510e-02,1.740340292453765869e-01,-7.511028051376342773e-01,4.864003658294677734e-01,4.463846683502197266e-01,0.000000000000000000e+00
-9.250389784574508667e-02,-1.537839919328689575e-01,7.451117783784866333e-02,-3.591984212398529053e-01,-8.767185211181640625e-01,3.199079930782318115e-01,0.000000000000000000e+00
1.690128445625305176e-02,2.552298307418823242e-01,1.205831840634346008e-01,3.897711336612701416e-01,8.716545104980468750e-01,-2.971479594707489014e-01,0.000000000000000000e+00
4.355379194021224976e-02,4.489967599511146545e-02,-2.688433825969696045e-01,-5.433409810066223145e-01,-5.140464380383491516e-02,-8.379368185997009277e-01,0.000000000000000000e+00
-1.005416437983512878e-01,-8.799996972084045410e-02,2.665262818336486816e-01,-4.041152894496917725e-01,-8.804866075515747070e-01,2.478592693805694580e-01,0.000000000000000000e+00
-8.637274801731109619e-02,-2.306145429611206055e-01,-1.474155783653259277e-01,-4.546873569488525391e-01,-8.870103955268859863e-01,-8.044831454753875732e-02,0.000000000000000000e+00
-2.836049161851406097e-02,1.752194166183471680e-01,2.014718353748321533e-01,-7.481829524040222168e-01,4.870393574237823486e-01,4.505717456340789795e-01,0.000000000000000000e+00
-4.348284006118774414e-02,-1.720696389675140381e-01,-3.249543905258178711e-02,-3.372207581996917725e-01,-7.453979253768920898e-01,-5.750340223312377930e-01,0.000000000000000000e+00
-1.718074083328247070e-02,-2.504065334796905518e-01,-1.880950927734375000e-01,5.510905981063842773e-01,-4.274338185787200928e-01,-7.166585922241210938e-01,0.000000000000000000e+00
-1.924306303262710571e-01,3.641342371702194214e-02,7.453577965497970581e-02,-6.863542795181274414e-01,6.571877598762512207e-01,3.114836513996124268e-01,0.000000000000000000e+00
-1.506470143795013428e-01,-8.062010258436203003e-02,-1.337175816297531128e-01,-5.228243470191955566e-01,-5.678519234061241150e-02,-8.505469560623168945e-01,0.000000000000000000e+00
1.952894590795040131e-02,-1.645060330629348755e-01,-2.166477441787719727e-01,5.455576777458190918e-01,-4.456754624843597412e-01,-7.097465395927429199e-01,0.000000000000000000e+00
-2.347321212291717529e-01,-4.253498837351799011e-02,8.968559652566909790e-02,-7.659257650375366211e-01,4.767392873764038086e-01,4.313668310642242432e-01,0.000000000000000000e+00
7.204803824424743652e-02,7.832391187548637390e-03,1.797950267791748047e-01,5.175399780273437500e-01,5.273821949958801270e-02,8.540322184562683105e-01,0.000000000000000000e+00
9.401714056730270386e-02,1.061248332262039185e-01,-2.249855548143386841e-01,3.739069998264312744e-01,8.733610510826110840e-01,-3.121443092823028564e-01,0.000000000000000000e+00
-9.093065559864044189e-02,-2.077119052410125732e-01,-1.580861955881118774e-01,-5.271412134170532227e-01,-7.034857571125030518e-02,-8.468608260154724121e-01,0.000000000000000000e+00
2.254766821861267090e-01,7.891592383384704590e-02,-1.208078637719154358e-01,8.503072261810302734e-01,-7.717115432024002075e-02,-5.205979347229003906e-01,0.000000000000000000e+00
-2.267862260341644287e-01,-2.086761593818664551e-02,8.022812008857727051e-02,-7.626799941062927246e-01,4.740985929965972900e-01,4.399428665637969971e-01,0.000000000000000000e+00
-7.639243453741073608e-02,1.404348313808441162e-01,1.211415156722068787e-01,-7.102075815200805664e-01,6.952673196792602539e-01,-1.104923412203788757e-01,0.000000000000000000e+00
-4.814517218619585037e-03,1.899872124195098877e-01,-9.417724609375000000e-02,7.836285233497619629e-02,7.638328075408935547e-01,6.406392455101013184e-01,0.000000000000000000e+00
-6.626936793327331543e-02,1.627207994461059570e-01,-2.018883824348449707e-01,-5.540227890014648438e-01,-4.195855557918548584e-02,-8.314434885978698730e-01,0.000000000000000000e+00
1.649718731641769409e-01,-2.381802946329116821e-01,1.216904297471046448e-01,5.434466600418090820e-01,-7.814316749572753906e-01,-3.066434562206268311e-01,0.000000000000000000e+00
-2.559913881123065948e-02,2.417273968458175659e-01,2.170589007437229156e-02,3.931773900985717773e-01,8.749767541885375977e-01,-2.825370728969573975e-01,0.000000000000000000e+00
-1.803334616124629974e-02,1.128865852952003479e-01,2.292961925268173218e-01,5.272138714790344238e-01,3.785231709480285645e-02,8.488891124725341797e-01,0.000000000000000000e+00
1.266206502914428711e-01,-2.181469500064849854e-01,2.936569973826408386e-02,7.590618729591369629e-01,-4.754329919815063477e-01,-4.447342157363891602e-01,0.000000000000000000e+00
-1.288929581642150879e-01,4.356626793742179871e-02,1.409387737512588501e-01,8.346035331487655640e-02,-5.298075079917907715e-01,8.440014123916625977e-01,0.000000000000000000e+00
-1.022419482469558716e-01,-1.472545508295297623e-02,-1.690686792135238647e-01,-5.299414992332458496e-01,-6.694374978542327881e-02,-8.453878164291381836e-01,0.000000000000000000e+00
2.720943987369537354e-01,9.367177262902259827e-03,2.171421796083450317e-02,7.270264625549316406e-01,-4.935650527477264404e-01,-4.773113131523132324e-01,0.000000000000000000e+00
-7.866714894771575928e-02,-9.275010973215103149e-02,2.680231332778930664e-01,-1.804648153483867645e-02,-7.676087021827697754e-01,6.406646966934204102e-01,0.000000000000000000e+00
-1.023578792810440063e-01,1.571603864431381226e-01,-1.749119609594345093e-01,-6.904460191726684570e-01,7.644420862197875977e-02,-7.193334102630615234e-01,0.000000000000000000e+00
-8.004583418369293213e-02,1.913042180240154266e-02,2.683655917644500732e-01,3.014473617076873779e-01,1.887205988168716431e-01,9.346197247505187988e-01,0.000000000000000000e+00
1.582450866699218750e-01,8.799183368682861328e-02,-1.967206895351409912e-01,4.299936592578887939e-01,8.755016922950744629e-01,-2.204591035842895508e-01,0.000000000000000000e+00
-2.640538513660430908e-01,-4.830395430326461792e-02,4.282192513346672058e-02,-7.675220966339111328e-01,4.712985754013061523e-01,4.344967603683471680e-01,0.000000000000000000e+00
3.278558701276779175e-02,3.444080054759979248e-02,2.016661465167999268e-01,5.745904445648193359e-01,3.540886333212256432e-03,8.184334039688110352e-01,0.000000000000000000e+00
-1.253751516342163086e-01,4.960676655173301697e-03,2.308953851461410522e-01,-7.664302587509155273e-01,4.801116585731506348e-01,4.267053008079528809e-01,0.000000000000000000e+00
-1.674716770648956299e-01,-2.468543127179145813e-03,1.627780497074127197e-01,-7.438700795173645020e-01,4.789638817310333252e-01,4.661018252372741699e-01,0.000000000000000000e+00
-1.831293702125549316e-01,7.148652523756027222e-02,-1.221347302198410034e-01,-5.273311734199523926e-01,-4.305017739534378052e-02,-8.485684990882873535e-01,0.000000000000000000e+00
6.394078582525253296e-02,-1.457232683897018433e-01,1.943221092224121094e-01,5.227149128913879395e-01,5.725643783807754517e-02,8.505825996398925781e-01,0.000000000000000000e+00
-1.011883765459060669e-01,2.545185573399066925e-02,2.512642145156860352e-01,-7.616991400718688965e-01,4.762260913848876953e-01,4.393440186977386475e-01,0.000000000000000000e+00
1.766592860221862793e-01,-1.552895456552505493e-01,1.280049681663513184e-01,5.234525203704833984e-01,6.117479503154754639e-02,8.498558998107910156e-01,0.000000000000000000e+00
2.723745256662368774e-02,5.794431641697883606e-02,-2.588882744312286377e-01,-5.541946887969970703e-01,-4.584158584475517273e-02,-8.311238288879394531e-01,0.000000000000000000e+00
1.408559978008270264e-01,1.392255723476409912e-01,-4.965278878808021545e-02,2.560470104217529297e-01,6.277459859848022461e-01,7.351019382476806641e-01,0.000000000000000000e+00
-8.835032582283020020e-02,-9.648192673921585083e-02,1.290780454874038696e-01,7.440794110298156738e-01,-6.376293301582336426e-01,1.994357109069824219e-01,0.000000000000000000e+00
-2.240616381168365479e-01,-7.804041355848312378e-02,-9.120687097311019897e-02,-5.200837254524230957e-01,-2.911671996116638184e-02,-8.536188602447509766e-01,0.000000000000000000e+00
2.559807002544403076e-01,9.709008783102035522e-02,5.229901894927024841e-02,5.425943136215209961e-01,4.672579467296600342e-02,8.386942744255065918e-01,0.000000000000000000e+00
5.474888905882835388e-02,2.445575445890426636e-01,1.405570954084396362e-01,3.989148736000061035e-01,8.680908679962158203e-01,-2.954405844211578369e-01,0.000000000000000000e+00
-1.352033764123916626e-01,-5.913759768009185791e-02,2.823282480239868164e-01,-8.417767882347106934e-01,-1.335262656211853027e-01,5.230512022972106934e-01,0.000000000000000000e+00
-1.185775622725486755e-01,-2.514079399406909943e-02,2.774729132652282715e-01,-7.638267278671264648e-01,4.780713915824890137e-01,4.336086511611938477e-01,0.000000000000000000e+00
-1.505742897279560566e-03,-2.111903578042984009e-01,1.625097170472145081e-02,-3.660282790660858154e-01,-8.794934153556823730e-01,3.041622042655944824e-01,0.000000000000000000e+00
1.410819590091705322e-01,-1.639538854360580444e-01,-3.665728960186243057e-03,9.445055127143859863e-01,-2.401218563318252563e-01,-2.241669893264770508e-01,0.000000000000000000e+00
1.154693365097045898e-01,-2.369608879089355469e-01,8.817017078399658203e-02,-3.752893209457397461e-01,-8.762351870536804199e-01,3.022744059562683105e-01,0.000000000000000000e+00
1.522130332887172699e-03,1.671604216098785400e-01,-1.669229418039321899e-01,3.801989555358886719e-01,8.757352828979492188e-01,-2.975507080554962158e-01,0.000000000000000000e+00
-9.862885624170303345e-02,-1.144657805562019348e-01,1.453688740730285645e-01,1.501579135656356812e-01,-5.840767621994018555e-01,-7.976884841918945312e-01,0.000000000000000000e+00
4.882750287652015686e-02,-1.901647746562957764e-01,-1.390621513128280640e-01,7.648840546607971191e-01,-4.736029803752899170e-01,-4.366378188133239746e-01,0.000000000000000000e+00
-9.170057624578475952e-02,-1.732352077960968018e-01,1.819994114339351654e-02,-3.903054594993591309e-01,-8.745467662811279297e-01,2.878012657165527344e-01,0.000000000000000000e+00
1.710495203733444214e-01,-3.048195503652095795e-02,1.201796978712081909e-01,5.385348796844482422e-01,5.838090553879737854e-02,8.405783176422119141e-01,0.000000000000000000e+00
-7.555349171161651611e-02,2.378262579441070557e-01,-5.994756519794464111e-02,3.832187354564666748e-01,8.793847560882568359e-01,-2.825347483158111572e-01,0.000000000000000000e+00
-6.225754693150520325e-02,-1.578373834490776062e-02,2.605166435241699219e-01,5.116733908653259277e-01,4.935415834188461304e-02,8.577613234519958496e-01,0.000000000000000000e+00
2.216457426548004150e-01,7.562833838164806366e-03,8.323256671428680420e-02,6.510877013206481934e-01,5.198673009872436523e-01,5.530124902725219727e-01,0.000000000000000000e+00
-5.008247494697570801e-02,1.230424940586090088e-01,-2.104211300611495972e-01,-5.507771372795104980e-01,-3.744477033615112305e-02,-8.338119983673095703e-01,0.000000000000000000e+00
1.307980418205261230e-01,-1.300857663154602051e-01,-6.205546483397483826e-02,7.535949349403381348e-01,-4.906037747859954834e-01,-4.374958872795104980e-01,0.000000000000000000e+00
-2.087832242250442505e-01,9.567461162805557251e-02,-1.249884814023971558e-02,-7.634468674659729004e-01,4.716914594173431396e-01,4.411984086036682129e-01,0.000000000000000000e+00
-2.709098756313323975e-01,-1.067638248205184937e-01,-2.646668627858161926e-02,-3.862537145614624023e-01,-8.912748098373413086e-01,2.375654131174087524e-01,0.000000000000000000e+00
-8.646550029516220093e-02,-1.860805898904800415e-01,-1.930030994117259979e-02,-2.908003032207489014e-01,-8.521323800086975098e-01,4.350926578044891357e-01,0.000000000000000000e+00
-1.057328656315803528e-01,-1.175518035888671875e-01,1.303501278162002563e-01,9.520090818405151367e-01,-2.550244033336639404e-01,1.692372262477874756e-01,0.000000000000000000e+00
1.964415013790130615e-01,-2.707301266491413116e-02,1.038086414337158203e-01,5.309740900993347168e-01,5.641628056764602661e-02,8.455079793930053711e-01,0.000000000000000000e+00
-2.022871226072311401e-01,1.054325774312019348e-01,-1.119138076901435852e-01,-5.297497510910034180e-01,-3.992868214845657349e-02,-8.472136259078979492e-01,0.000000000000000000e+00
2.130108177661895752e-01,2.701682224869728088e-02,-9.173510223627090454e-02,7.453870177268981934e-01,-4.731687605381011963e-01,-4.695844650268554688e-01,0.000000000000000000e+00
1.055234447121620178e-01,-1.477105021476745605e-01,-8.565004169940948486e-02,8.136637806892395020e-01,-3.395496904850006104e-01,-4.718656837940216064e-01,0.000000000000000000e+00
-1.301073879003524780e-01,3.094260953366756439e-02,1.933110356330871582e-01,-7.628750205039978027e-01,4.887433052062988281e-01,4.232631623744964600e-01,0.000000000000000000e+00
-1.199061870574951172e-01,-1.316808462142944336e-01,1.048181578516960144e-01,-2.463299781084060669e-01,-9.452234506607055664e-01,2.141825854778289795e-01,0.000000000000000000e+00
-8.795919269323348999e-02,1.256652921438217163e-01,1.604024171829223633e-01,-7.544012665748596191e-01,4.790221154689788818e-01,4.487945437431335449e-01,0.000000000000000000e+00
8.884596079587936401e-02,-2.249913960695266724e-01,-3.363865986466407776e-02,7.671193480491638184e-01,-4.673989713191986084e-01,-4.393929243087768555e-01,0.000000000000000000e+00
-1.698534190654754639e-01,1.670704632997512817e-01,-1.974019594490528107e-02,-7.497595548629760742e-01,4.688670635223388672e-01,4.669306874275207520e-01,0.000000000000000000e+00
-2.038344144821166992e-01,-1.057736948132514954e-01,6.925994902849197388e-02,-4.008961021900177002e-01,-8.776787519454956055e-01,2.626068294048309326e-01,0.000000000000000000e+00
-1.503319442272186279e-01,2.367071658372879028e-01,-1.432014852762222290e-01,-2.074209749698638916e-01,5.913680195808410645e-01,-7.792691588401794434e-01,0.000000000000000000e+00
1.394997537136077881e-02,2.417209744453430176e-01,7.305411994457244873e-02,3.995810747146606445e-01,8.728135824203491211e-01,-2.802344858646392822e-01,0.000000000000000000e+00
-5.501881986856460571e-02,1.527442932128906250e-01,-2.088050991296768188e-01,-5.588384866714477539e-01,-5.059552192687988281e-02,-8.277316093444824219e-01,0.000000000000000000e+00
7.220595329999923706e-02,1.110386475920677185e-02,1.794973164796829224e-01,5.175399780273437500e-01,5.273821949958801270e-02,8.540322184562683105e-01,0.000000000000000000e+00
-1.567045897245407104e-01,1.455547660589218140e-01,-6.856238003820180893e-03,7.906068861484527588e-02,-2.046621143817901611e-01,9.756345748901367188e-01,0.000000000000000000e+00
-2.628425955772399902e-01,-1.067846342921257019e-01,-1.615227945148944855e-02,-3.405905961990356445e-01,-8.957689404487609863e-01,2.856501340866088867e-01,0.000000000000000000e+00
1.420799791812896729e-01,-1.269649863243103027e-01,-6.265825941227376461e-04,8.816812634468078613e-01,-1.556391865015029907e-01,-4.454374909400939941e-01,0.000000000000000000e+00
-1.553666442632675171e-01,8.772856742143630981e-02,8.702718466520309448e-02,-7.602986693382263184e-01,4.733248353004455566e-01,4.448702633380889893e-01,0.000000000000000000e+00
-2.144519686698913574e-01,7.978726923465728760e-02,-5.227506160736083984e-03,-7.618971467018127441e-01,4.756110608577728271e-01,4.396668076515197754e-01,0.000000000000000000e+00
-2.522798776626586914e-01,-1.099470108747482300e-01,-1.157037820667028427e-02,-3.948487043380737305e-01,-8.841477036476135254e-01,2.497545629739761353e-01,0.000000000000000000e+00
-1.428814837709069252e-03,-1.940532773733139038e-01,6.116260960698127747e-02,-6.271811723709106445e-01,-5.855669975280761719e-01,5.135708451271057129e-01,0.000000000000000000e+00
-9.458923339843750000e-02,-2.213669717311859131e-01,-1.534593850374221802e-01,-6.266410946846008301e-01,-3.579124212265014648e-01,-6.922569274902343750e-01,0.000000000000000000e+00
-2.080523073673248291e-01,1.219210997223854065e-01,-3.891186788678169250e-02,-7.589389681816101074e-01,4.689334630966186523e-01,4.517886936664581299e-01,0.000000000000000000e+00
2.182027101516723633e-01,-1.218405663967132568e-01,7.753075659275054932e-02,7.389078736305236816e-01,-5.265393257141113281e-01,-4.204420447349548340e-01,0.000000000000000000e+00
2.273000329732894897e-01,4.918886348605155945e-02,-9.103275090456008911e-02,7.712123990058898926e-01,-4.886656403541564941e-01,-4.079672694206237793e-01,0.000000000000000000e+00
-1.225932314991950989e-01,7.092221081256866455e-02,-1.371541470289230347e-01,-6.989561319351196289e-01,-3.442753553390502930e-01,-6.268450617790222168e-01,0.000000000000000000e+00
-2.130488455295562744e-01,1.350616067647933960e-01,-6.132325530052185059e-02,-7.506477236747741699e-01,4.880269169807434082e-01,4.453736245632171631e-01,0.000000000000000000e+00
-2.346124947071075439e-01,-8.694580197334289551e-02,8.524607867002487183e-02,-3.891350328922271729e-01,-8.812255263328552246e-01,2.683570086956024170e-01,0.000000000000000000e+00
-8.201627433300018311e-02,2.178703993558883667e-01,-1.323060542345046997e-01,3.777171075344085693e-01,8.839555978775024414e-01,-2.755944728851318359e-01,0.000000000000000000e+00
1.302939355373382568e-01,-1.842867769300937653e-02,1.455750763416290283e-01,5.397361516952514648e-01,4.680532589554786682e-02,8.405320644378662109e-01,0.000000000000000000e+00
6.969401985406875610e-02,-2.223263680934906006e-01,7.421395927667617798e-02,-3.669695556163787842e-01,-8.462120294570922852e-01,3.863399922847747803e-01,0.000000000000000000e+00
-4.607388004660606384e-02,-1.403430849313735962e-01,1.740388274192810059e-01,-3.784725964069366455e-01,-8.805809617042541504e-01,2.851941585540771484e-01,0.000000000000000000e+00
-2.988004125654697418e-02,1.993318498134613037e-01,-1.098516285419464111e-01,3.405861556529998779e-01,9.143532514572143555e-01,-2.189960032701492310e-01,0.000000000000000000e+00
2.378205806016921997e-01,-6.048168987035751343e-02,4.507762566208839417e-02,7.564308643341064453e-01,-4.806299209594726562e-01,-4.436296522617340088e-01,0.000000000000000000e+00
1.345196068286895752e-01,1.789357364177703857e-01,3.725998103618621826e-02,3.753017187118530273e-01,8.794432878494262695e-01,-2.927936017513275146e-01,0.000000000000000000e+00
-7.395073026418685913e-02,-2.298404574394226074e-01,-1.257560551166534424e-01,-3.206760883331298828e-01,-8.995462656021118164e-01,2.966198623180389404e-01,0.000000000000000000e+00
-5.362599343061447144e-02,2.251021564006805420e-01,-6.947891414165496826e-02,3.866231739521026611e-01,8.789774179458618164e-01,-2.791437804698944092e-01,0.000000000000000000e+00
-1.512088179588317871e-01,1.342165768146514893e-01,4.367754235863685608e-02,-7.504591345787048340e-01,4.917494058609008789e-01,4.415807723999023438e-01,0.000000000000000000e+00
-3.476376086473464966e-02,-1.762723326683044434e-01,-1.961470395326614380e-01,-5.327990651130676270e-01,-7.710836082696914673e-02,-8.427214622497558594e-01,0.000000000000000000e+00
1.920177936553955078e-01,9.858855605125427246e-02,-1.291899383068084717e-01,3.669497668743133545e-01,8.798466324806213379e-01,-3.020227849483489990e-01,0.000000000000000000e+00
-1.142665967345237732e-01,1.793726980686187744e-01,-1.671420782804489136e-01,-5.429486632347106934e-01,-2.029308117926120758e-02,-8.395206928253173828e-01,0.000000000000000000e+00
-1.981602907180786133e-01,5.318947508931159973e-02,4.361709207296371460e-02,-9.247674345970153809e-01,1.434355676174163818e-01,3.524647355079650879e-01,0.000000000000000000e+00
1.108375638723373413e-01,-3.953585401177406311e-02,-1.457063555717468262e-01,6.955792307853698730e-01,2.951843440532684326e-01,-6.550081968307495117e-01,0.000000000000000000e+00
4.741760715842247009e-02,1.527678966522216797e-01,1.898942440748214722e-01,5.464128255844116211e-01,3.248405456542968750e-02,8.368858098983764648e-01,0.000000000000000000e+00
-1.391081139445304871e-02,5.794092640280723572e-02,2.292095869779586792e-01,5.319839715957641602e-01,4.438637197017669678e-02,8.455902934074401855e-01,0.000000000000000000e+00
2.095129489898681641e-01,-8.510355651378631592e-02,2.392739988863468170e-02,7.582626938819885254e-01,-4.785304963588714600e-01,-4.427710771560668945e-01,0.000000000000000000e+00
1.623394191265106201e-01,1.829849332571029663e-01,8.461231738328933716e-02,3.724443912506103516e-01,8.787483572959899902e-01,-2.984736561775207520e-01,0.000000000000000000e+00
-1.087073832750320435e-01,-1.754248887300491333e-01,-1.400076784193515778e-02,-4.280937612056732178e-01,-8.655229806900024414e-01,2.600110471248626709e-01,0.000000000000000000e+00
1.986318379640579224e-01,-1.392401456832885742e-01,1.131979078054428101e-01,5.279991626739501953e-01,7.237882912158966064e-02,8.461549282073974609e-01,0.000000000000000000e+00
-1.502898037433624268e-01,1.184104606509208679e-01,6.257527321577072144e-02,-7.545293569564819336e-01,4.823182523250579834e-01,4.450331926345825195e-01,0.000000000000000000e+00
1.787120997905731201e-01,1.264878809452056885e-01,-6.483103334903717041e-02,3.661603629589080811e-01,8.830208778381347656e-01,-2.935995459556579590e-01,0.000000000000000000e+00
1.237374730408191681e-02,-1.624998301267623901e-01,7.045595347881317139e-02,3.979323804378509521e-01,-6.994324326515197754e-01,5.936700105667114258e-01,0.000000000000000000e+00
1.343689411878585815e-01,-1.884783655405044556e-01,1.569740027189254761e-01,5.258061885833740234e-01,8.194659650325775146e-02,8.466478586196899414e-01,0.000000000000000000e+00
-1.284759789705276489e-01,-1.029003858566284180e-01,1.821249574422836304e-01,-3.917314112186431885e-01,-8.919935226440429688e-01,2.255970537662506104e-01,0.000000000000000000e+00
1.966331899166107178e-01,3.487227857112884521e-02,-1.258366852998733521e-01,7.455239892005920410e-01,-4.793674647808074951e-01,-4.630343914031982422e-01,0.000000000000000000e+00
2.258125841617584229e-01,-4.171144217252731323e-02,4.526679404079914093e-03,7.594329714775085449e-01,-4.755790233612060547e-01,-4.439438581466674805e-01,0.000000000000000000e+00
-4.741499200463294983e-02,-1.756624579429626465e-01,-2.727561816573143005e-02,-1.684926748275756836e-01,-5.438444018363952637e-01,-8.220970034599304199e-01,0.000000000000000000e+00
-7.805517315864562988e-02,-1.098857372999191284e-01,2.287018299102783203e-01,-4.311047196388244629e-01,-8.515027761459350586e-01,2.984823286533355713e-01,0.000000000000000000e+00
6.120658665895462036e-02,-2.070315927267074585e-01,-9.939540177583694458e-02,7.313552498817443848e-01,-4.665119946002960205e-01,-4.974796473979949951e-01,0.000000000000000000e+00
1.672326028347015381e-01,1.825359016656875610e-01,8.950442820787429810e-02,3.829056322574615479e-01,8.752743601799011230e-01,-2.954286038875579834e-01,0.000000000000000000e+00
7.421725243330001831e-02,2.051184326410293579e-01,4.030332341790199280e-02,3.509895503520965576e-02,9.566426277160644531e-01,-2.891417443752288818e-01,0.000000000000000000e+00
2.613038755953311920e-02,1.474794447422027588e-01,2.040160149335861206e-01,5.482647418975830078e-01,2.970360592007637024e-02,8.357771635055541992e-01,0.000000000000000000e+00
-5.566870793700218201e-02,-1.320601552724838257e-01,-1.866722255945205688e-01,-5.356910228729248047e-01,-7.366621494293212891e-02,-8.411946296691894531e-01,0.000000000000000000e+00
1.507466435432434082e-01,1.214876547455787659e-01,-3.333396837115287781e-02,-1.395388692617416382e-01,9.761821627616882324e-01,1.661244183778762817e-01,0.000000000000000000e+00
1.782292276620864868e-01,3.905528411269187927e-02,-1.601382046937942505e-01,7.511631250381469727e-01,-4.768782854080200195e-01,-4.564439654350280762e-01,0.000000000000000000e+00
1.080057770013809204e-01,1.874862015247344971e-01,1.493119597434997559e-01,6.514314413070678711e-01,-4.789012670516967773e-02,7.571945786476135254e-01,0.000000000000000000e+00
2.231291532516479492e-01,-6.707391142845153809e-02,8.990539610385894775e-02,5.288417935371398926e-01,5.817845091223716736e-02,8.467240929603576660e-01,0.000000000000000000e+00
-1.578803807497024536e-01,-1.002220809459686279e-01,1.514237374067306519e-01,-3.624308705329895020e-01,-8.555278182029724121e-01,3.697512447834014893e-01,0.000000000000000000e+00
2.582590579986572266e-01,1.376914326101541519e-02,-4.925189539790153503e-03,7.435499429702758789e-01,-4.836236536502838135e-01,-4.617809951305389404e-01,0.000000000000000000e+00
-1.938519924879074097e-01,1.000336259603500366e-01,-1.169217601418495178e-01,-5.296872854232788086e-01,-4.260648787021636963e-02,-8.471222519874572754e-01,0.000000000000000000e+00
3.890071809291839600e-02,-2.011130936443805695e-02,1.954905688762664795e-01,-1.945347785949707031e-01,-3.603122830390930176e-01,9.123219251632690430e-01,0.000000000000000000e+00
-2.343514859676361084e-01,6.791788339614868164e-02,-2.623507753014564514e-02,-7.609509825706481934e-01,4.742209017276763916e-01,4.427957832813262939e-01,0.000000000000000000e+00
7.482300698757171631e-02,-1.384358201175928116e-02,1.795398145914077759e-01,5.120982527732849121e-01,5.559264868497848511e-02,8.571259379386901855e-01,0.000000000000000000e+00
1.302528083324432373e-01,-1.208692789077758789e-01,-7.330227643251419067e-02,7.602589726448059082e-01,-4.788461625576019287e-01,-4.389904737472534180e-01,0.000000000000000000e+00
9.202968329191207886e-02,1.677460968494415283e-01,-5.285568535327911377e-02,3.829332292079925537e-01,8.761735558509826660e-01,-2.927148938179016113e-01,0.000000000000000000e+00
7.037442177534103394e-02,-9.342633932828903198e-02,1.868126392364501953e-01,5.193111896514892578e-01,5.814385041594505310e-02,8.526049256324768066e-01,0.000000000000000000e+00
2.449180632829666138e-01,9.269138425588607788e-02,-7.814697921276092529e-02,4.679594635963439941e-01,8.038480281829833984e-01,-3.672088086605072021e-01,0.000000000000000000e+00
5.918867141008377075e-02,1.832655668258666992e-01,-4.905511066317558289e-02,3.826996684074401855e-01,8.775215744972229004e-01,-2.889581918716430664e-01,0.000000000000000000e+00
1.084066554903984070e-01,-2.245354354381561279e-01,1.985902199521660805e-04,7.680535316467285156e-01,-4.677193164825439453e-01,-4.374155700206756592e-01,0.000000000000000000e+00
1.021611914038658142e-01,2.177537605166435242e-02,-2.651068866252899170e-01,7.451981902122497559e-01,-4.846241772174835205e-01,-4.580601453781127930e-01,0.000000000000000000e+00
1.920506954193115234e-01,3.010467067360877991e-02,-1.282791048288345337e-01,7.455239892005920410e-01,-4.793674647808074951e-01,-4.630343914031982422e-01,0.000000000000000000e+00
-1.695546805858612061e-01,5.228273570537567139e-03,-1.271232962608337402e-01,-4.476207196712493896e-01,-6.721453368663787842e-02,-8.916938304901123047e-01,0.000000000000000000e+00
1.547771841287612915e-01,1.804836839437484741e-02,-1.759470999240875244e-01,7.086569070816040039e-01,-4.857837259769439697e-01,-5.116831064224243164e-01,0.000000000000000000e+00
3.525904938578605652e-02,-4.793123528361320496e-02,2.052429765462875366e-01,5.195078253746032715e-01,4.690978676080703735e-02,8.531770706176757812e-01,0.000000000000000000e+00
1.699230670928955078e-01,1.793259680271148682e-01,1.022229641675949097e-01,6.735120415687561035e-01,4.853554666042327881e-01,5.575047731399536133e-01,0.000000000000000000e+00
1.592403948307037354e-01,9.498108178377151489e-02,-1.791978478431701660e-01,3.632764220237731934e-01,8.804523944854736328e-01,-3.046863973140716553e-01,0.000000000000000000e+00
-5.083341896533966064e-02,9.696419537067413330e-02,-2.085567265748977661e-01,-5.540025234222412109e-01,-5.304628983139991760e-02,-8.308232426643371582e-01,0.000000000000000000e+00
-1.597818732261657715e-01,1.693795323371887207e-01,-5.996922031044960022e-03,-7.519531846046447754e-01,4.509229362010955811e-01,4.808689057826995850e-01,0.000000000000000000e+00
1.045319661498069763e-01,1.202330067753791809e-01,-1.722341775894165039e-01,3.702962398529052734e-01,8.821218609809875488e-01,-2.911043465137481689e-01,0.000000000000000000e+00
9.541905671358108521e-02,-3.184309229254722595e-02,-2.204278558492660522e-01,7.449527978897094727e-01,-4.914999306201934814e-01,-4.510800242424011230e-01,0.000000000000000000e+00
-1.319902688264846802e-01,2.524318359792232513e-02,-1.526601314544677734e-01,-5.403510332107543945e-01,-5.921645835041999817e-02,-8.393533825874328613e-01,0.000000000000000000e+00
-4.025048390030860901e-02,-1.858828812837600708e-01,-1.918011754751205444e-01,-5.349161624908447266e-01,-7.506904751062393188e-02,-8.415636420249938965e-01,0.000000000000000000e+00
