-1.400208920240402222e-01,-8.933473229408264160e-01,3.160688579082489014e-01,-3.220887184143066406e-01,-8.458517193794250488e-01,4.251984059810638428e-01,0.000000000000000000e+00
-1.444915235042572021e-01,-4.657181799411773682e-01,8.124663829803466797e-01,-2.097823470830917358e-01,-7.500470876693725586e-01,6.272326111793518066e-01,0.000000000000000000e+00
1.465340554714202881e-01,-5.688911676406860352e-01,7.298774123191833496e-01,1.392010301351547241e-01,-6.084929704666137695e-01,7.812550067901611328e-01,0.000000000000000000e+00
-2.063655555248260498e-01,-5.230222940444946289e-01,7.613146901130676270e-01,-3.155412375926971436e-01,-4.182203412055969238e-01,8.517778515815734863e-01,0.000000000000000000e+00
2.455300688743591309e-01,2.582216858863830566e-01,8.790612816810607910e-01,-4.050507545471191406e-01,4.591483771800994873e-01,7.906431555747985840e-01,0.000000000000000000e+00
6.389712691307067871e-01,3.536249697208404541e-01,6.096941232681274414e-01,8.214569091796875000e-01,3.002451956272125244e-01,4.848313033580780029e-01,0.000000000000000000e+00
-1.080052107572555542e-01,4.403530955314636230e-01,-8.608869910240173340e-01,-1.115073114633560181e-01,4.759797751903533936e-01,-8.723585009574890137e-01,0.000000000000000000e+00
-8.985248804092407227e-01,2.886861562728881836e-01,-1.626643091440200806e-01,-9.302174448966979980e-01,3.477242290973663330e-01,-1.174026504158973694e-01,0.000000000000000000e+00
7.534460425376892090e-01,1.032988131046295166e-01,-6.064683198928833008e-01,6.753974556922912598e-01,2.457993030548095703e-01,-6.952847838401794434e-01,0.000000000000000000e+00
-6.267175078392028809e-01,6.963714361190795898e-01,1.357857286930084229e-01,-6.493079662322998047e-01,7.443816661834716797e-01,1.558688580989837646e-01,0.000000000000000000e+00
-8.583322763442993164e-01,-2.045351415872573853e-01,3.271955549716949463e-01,-9.055823683738708496e-01,-2.278627455234527588e-01,3.577697277069091797e-01,0.000000000000000000e+00
-5.491523742675781250e-01,-5.983172655105590820e-01,4.525860249996185303e-01,-5.940314531326293945e-01,-6.423608064651489258e-01,4.842512309551239014e-01,0.000000000000000000e+00
5.881996750831604004e-01,7.083834409713745117e-01,-2.869912683963775635e-01,6.152356863021850586e-01,7.385786771774291992e-01,-2.756566703319549561e-01,0.000000000000000000e+00
-7.673003673553466797e-01,4.745962619781494141e-01,-3.338711261749267578e-01,-8.057274222373962402e-01,4.920673966407775879e-01,-3.296559751033782959e-01,0.000000000000000000e+00
4.692164659500122070e-01,-2.844546735286712646e-01,-8.275546431541442871e-01,3.237984478473663330e-01,-1.491855233907699585e-01,-9.342902302742004395e-01,0.000000000000000000e+00
4.862107336521148682e-01,7.918137311935424805e-01,1.942054778337478638e-01,5.205480456352233887e-01,8.207213878631591797e-01,2.354699522256851196e-01,0.000000000000000000e+00
6.033006310462951660e-01,-6.909546852111816406e-01,2.320922613143920898e-01,6.522067189216613770e-01,-7.176786661148071289e-01,2.440568655729293823e-01,0.000000000000000000e+00
-8.621268868446350098e-01,3.249032497406005859e-01,2.359253913164138794e-01,-8.957476615905761719e-01,3.693081140518188477e-01,2.474826276302337646e-01,0.000000000000000000e+00
-6.247609853744506836e-01,-7.069507986307144165e-02,-7.521174550056457520e-01,-6.915653944015502930e-01,-1.323334127664566040e-01,-7.100881338119506836e-01,0.000000000000000000e+00
-8.385924100875854492e-01,-1.089964807033538818e-01,4.140036702156066895e-01,-8.794942498207092285e-01,-1.196707263588905334e-01,4.606178700923919678e-01,0.000000000000000000e+00
-5.077642202377319336e-01,-5.946840718388557434e-02,-8.354415297508239746e-01,-4.973551034927368164e-01,-4.157683625817298889e-02,-8.665502071380615234e-01,0.000000000000000000e+00
3.339321017265319824e-01,-6.946423649787902832e-01,5.392400026321411133e-01,3.507674932479858398e-01,-7.308931350708007812e-01,5.854548811912536621e-01,0.000000000000000000e+00
8.563320636749267578e-01,6.102176755666732788e-02,4.173890352249145508e-01,9.789600968360900879e-01,-5.035743862390518188e-02,1.977403461933135986e-01,0.000000000000000000e+00
6.699603199958801270e-01,-4.285311996936798096e-01,5.070731043815612793e-01,6.870744228363037109e-01,-4.667772650718688965e-01,5.568192601203918457e-01,0.000000000000000000e+00
1.082351803779602051e-01,-9.460015892982482910e-01,1.190286800265312195e-01,2.962944805622100830e-01,-9.486750364303588867e-01,-1.105677485466003418e-01,0.000000000000000000e+00
8.262265920639038086e-01,-3.050135374069213867e-01,3.527199029922485352e-01,8.556622266769409180e-01,-3.221084773540496826e-01,4.050781130790710449e-01,0.000000000000000000e+00
-9.377762079238891602e-01,-8.763723820447921753e-02,-2.320534735918045044e-01,-9.679917097091674805e-01,-2.037379145622253418e-01,1.465706378221511841e-01,0.000000000000000000e+00
-6.852908432483673096e-02,-6.856862306594848633e-01,6.474809050559997559e-01,-1.016288436949253082e-02,-7.068537473678588867e-01,7.072867155075073242e-01,0.000000000000000000e+00
-6.622471660375595093e-02,-8.632936477661132812e-01,3.769122958183288574e-01,3.336274027824401855e-01,-7.731904983520507812e-01,5.393229126930236816e-01,0.000000000000000000e+00
-8.165500760078430176e-01,2.908750176429748535e-01,-4.280514419078826904e-01,-8.376992344856262207e-01,3.243820965290069580e-01,-4.393589496612548828e-01,0.000000000000000000e+00
3.192430734634399414e-01,6.227269768714904785e-01,-6.782587170600891113e-01,2.168272733688354492e-01,6.473234891891479492e-01,-7.307244539260864258e-01,0.000000000000000000e+00
7.402219772338867188e-01,-2.609205543994903564e-01,-6.072841286659240723e-01,6.324365139007568359e-01,-2.241837084293365479e-01,-7.414618730545043945e-01,0.000000000000000000e+00
2.933075428009033203e-01,-8.102036714553833008e-01,3.890673816204071045e-01,3.241394758224487305e-01,-8.390713334083557129e-01,4.369129240512847900e-01,0.000000000000000000e+00
7.166516780853271484e-01,-5.087602138519287109e-01,3.460554778575897217e-01,7.499572038650512695e-01,-5.496671795845031738e-01,3.680083453655242920e-01,0.000000000000000000e+00
-8.381403684616088867e-01,-3.617320954799652100e-01,-2.789177298545837402e-01,-8.583716750144958496e-01,-4.412375688552856445e-01,-2.617392838001251221e-01,0.000000000000000000e+00
-4.300042390823364258e-01,-2.778378725051879883e-01,-8.384320139884948730e-01,-4.979928135871887207e-01,-2.518714070320129395e-01,-8.297975063323974609e-01,0.000000000000000000e+00
3.114336431026458740e-01,3.349953591823577881e-01,-8.440965414047241211e-01,3.423929214477539062e-01,3.447425365447998047e-01,-8.740249872207641602e-01,0.000000000000000000e+00
1.989333890378475189e-02,4.704137444496154785e-01,8.145607709884643555e-01,1.166773773729801178e-02,4.808979928493499756e-01,8.766989111900329590e-01,0.000000000000000000e+00
5.051911994814872742e-02,4.163665175437927246e-01,-8.954249620437622070e-01,2.364081889390945435e-01,6.354234814643859863e-01,-7.350838184356689453e-01,0.000000000000000000e+00
-7.657880187034606934e-01,3.034877777099609375e-01,-5.098621249198913574e-01,-8.183303475379943848e-01,3.344764113426208496e-01,-4.673980474472045898e-01,0.000000000000000000e+00
2.908604443073272705e-01,2.291869074106216431e-01,8.903140425682067871e-01,2.292000800371170044e-01,3.216639757156372070e-01,9.186944961547851562e-01,0.000000000000000000e+00
8.142716288566589355e-01,-2.870934903621673584e-01,-4.890686571598052979e-01,5.461368560791015625e-01,-3.926995396614074707e-01,-7.399470210075378418e-01,0.000000000000000000e+00
3.829880058765411377e-02,8.007189631462097168e-01,-5.977339744567871094e-01,-8.142011612653732300e-02,6.111286878585815430e-01,-7.873325347900390625e-01,0.000000000000000000e+00
2.813282012939453125e-01,8.644981384277343750e-01,-3.413062691688537598e-01,3.124718368053436279e-01,8.800544142723083496e-01,-3.575829863548278809e-01,0.000000000000000000e+00
1.989917308092117310e-01,-6.062207818031311035e-01,-7.320286035537719727e-01,3.389096260070800781e-01,-6.005279421806335449e-01,-7.242281436920166016e-01,0.000000000000000000e+00
1.427218466997146606e-01,-6.601313352584838867e-01,6.518256664276123047e-01,1.881587356328964233e-01,-6.831009984016418457e-01,7.056694030761718750e-01,0.000000000000000000e+00
6.587371230125427246e-01,6.650435328483581543e-01,1.602167338132858276e-01,6.861771345138549805e-01,6.991080641746520996e-01,2.010195404291152954e-01,0.000000000000000000e+00
3.037704229354858398e-01,4.168853461742401123e-01,7.897999286651611328e-01,3.229481875896453857e-01,4.454210102558135986e-01,8.350476622581481934e-01,0.000000000000000000e+00
-8.537421822547912598e-01,4.117253720760345459e-01,-1.077453121542930603e-01,-8.955752253532409668e-01,4.385097026824951172e-01,-7.519502192735671997e-02,0.000000000000000000e+00
-7.819449305534362793e-01,-1.814472228288650513e-01,4.834544360637664795e-01,-8.325036168098449707e-01,-1.960047781467437744e-01,5.181890130043029785e-01,0.000000000000000000e+00
8.014117479324340820e-01,5.147316455841064453e-01,-1.164834722876548767e-01,8.569959998130798340e-01,5.022669434547424316e-01,-1.152638047933578491e-01,0.000000000000000000e+00
-5.850443243980407715e-01,1.327640712261199951e-01,-7.701899409294128418e-01,-5.763699412345886230e-01,1.680717915296554565e-01,-7.997184395790100098e-01,0.000000000000000000e+00
-4.230419099330902100e-01,-6.906960159540176392e-02,8.265209197998046875e-01,-4.538753628730773926e-01,-7.305756956338882446e-02,8.880651593208312988e-01,0.000000000000000000e+00
8.483251333236694336e-01,4.277276098728179932e-01,6.489682942628860474e-02,8.989639878273010254e-01,4.275809824466705322e-01,9.506996721029281616e-02,0.000000000000000000e+00
8.829653859138488770e-01,1.174189969897270203e-01,3.793769478797912598e-01,8.174628019332885742e-01,6.839851383119821548e-03,5.759407281875610352e-01,0.000000000000000000e+00
5.797880887985229492e-01,-2.518483996391296387e-01,6.960009336471557617e-01,6.195564270019531250e-01,-2.316925972700119019e-01,7.499788999557495117e-01,0.000000000000000000e+00
3.756206035614013672e-01,-1.773401796817779541e-01,8.415459990501403809e-01,4.297767579555511475e-01,-2.147435992956161499e-01,8.770274519920349121e-01,0.000000000000000000e+00
-3.639409542083740234e-01,1.318517327308654785e-01,-8.971095681190490723e-01,-3.485357761383056641e-01,1.430282592773437500e-01,-9.263183474540710449e-01,0.000000000000000000e+00
-7.820174843072891235e-02,8.063897490501403809e-01,5.134811401367187500e-01,-2.279531955718994141e-02,8.218029737472534180e-01,5.693156123161315918e-01,0.000000000000000000e+00
6.908643841743469238e-01,4.169040918350219727e-01,-5.353409051895141602e-01,7.078881263732910156e-01,4.156057536602020264e-01,-5.711096525192260742e-01,0.000000000000000000e+00
-7.873945236206054688e-01,-4.333882033824920654e-01,2.675708234310150146e-01,-8.314288854598999023e-01,-4.607834815979003906e-01,3.104908466339111328e-01,0.000000000000000000e+00
1.712091118097305298e-01,8.701177835464477539e-01,-4.147451221942901611e-01,2.472042888402938843e-01,8.336262106895446777e-01,-4.939204752445220947e-01,0.000000000000000000e+00
-7.995858192443847656e-01,2.167796045541763306e-01,-5.050262212753295898e-01,-8.263977169990539551e-01,2.550041377544403076e-01,-5.020355582237243652e-01,0.000000000000000000e+00
-8.843658119440078735e-02,-8.785030841827392578e-01,-4.359557628631591797e-01,-1.809446811676025391e-01,-8.837419748306274414e-01,-4.315775036811828613e-01,0.000000000000000000e+00
-7.435203194618225098e-01,4.931717216968536377e-01,-3.631159663200378418e-01,-7.605736255645751953e-01,5.374892354011535645e-01,-3.641882836818695068e-01,0.000000000000000000e+00
4.686552584171295166e-01,7.103546261787414551e-01,4.139208495616912842e-01,5.034514665603637695e-01,7.336366772651672363e-01,4.564141035079956055e-01,0.000000000000000000e+00
-5.461505055427551270e-01,-2.987087965011596680e-01,6.888896226882934570e-01,-5.800287127494812012e-01,-3.343297243118286133e-01,7.428258657455444336e-01,0.000000000000000000e+00
-4.258086532354354858e-02,8.389008641242980957e-01,-5.092034339904785156e-01,-4.178269505500793457e-01,7.499697804450988770e-01,-5.128020644187927246e-01,0.000000000000000000e+00
6.620315313339233398e-01,-6.515998244285583496e-01,1.851645410060882568e-01,6.724861264228820801e-01,-7.032911181449890137e-01,2.305297851562500000e-01,0.000000000000000000e+00
-1.957388073205947876e-01,-8.752492666244506836e-01,-3.370128870010375977e-01,-2.605058848857879639e-01,-9.237111806869506836e-01,-2.808813154697418213e-01,0.000000000000000000e+00
-4.416374564170837402e-01,-8.355888128280639648e-01,-3.607025742530822754e-02,-4.660739898681640625e-01,-8.846619129180908203e-01,-1.217928901314735413e-02,0.000000000000000000e+00
-1.769603341817855835e-01,-8.043246865272521973e-01,4.849517345428466797e-01,-1.768916249275207520e-01,-9.024166464805603027e-01,3.928785622119903564e-01,0.000000000000000000e+00
4.293244779109954834e-01,-4.478482902050018311e-01,7.011640667915344238e-01,4.689813256263732910e-01,-4.720630645751953125e-01,7.464669942855834961e-01,0.000000000000000000e+00
-3.009303510189056396e-01,-3.226272016763687134e-02,8.821192383766174316e-01,-3.345333039760589600e-01,-3.101174719631671906e-02,9.418735504150390625e-01,0.000000000000000000e+00
-7.968713045120239258e-01,-4.653911292552947998e-01,-2.248773574829101562e-01,-8.282589912414550781e-01,-5.194793343544006348e-01,-2.100671976804733276e-01,0.000000000000000000e+00
-9.193391203880310059e-01,4.763424769043922424e-02,2.604820430278778076e-01,-9.782932400703430176e-01,-1.639241427183151245e-01,1.267724335193634033e-01,0.000000000000000000e+00
-9.015285968780517578e-01,-1.324067860841751099e-01,2.565862536430358887e-01,-9.395640492439270020e-01,-1.937577724456787109e-01,2.822718024253845215e-01,0.000000000000000000e+00
-4.671067744493484497e-02,-9.174689054489135742e-01,-3.257782161235809326e-01,1.270948201417922974e-01,-9.918808341026306152e-01,-4.398889373987913132e-03,0.000000000000000000e+00
4.618167281150817871e-01,-2.661931216716766357e-01,-8.330351710319519043e-01,3.237984478473663330e-01,-1.491855233907699585e-01,-9.342902302742004395e-01,0.000000000000000000e+00
-5.404428243637084961e-01,7.205263376235961914e-01,-3.380764722824096680e-01,-5.983924865722656250e-01,7.369332909584045410e-01,-3.144133388996124268e-01,0.000000000000000000e+00
-4.095345139503479004e-01,-8.032798767089843750e-01,2.784154415130615234e-01,-4.699324667453765869e-01,-8.203344345092773438e-01,3.259063065052032471e-01,0.000000000000000000e+00
9.252886772155761719e-01,-2.066634297370910645e-01,-2.363094985485076904e-01,9.777858853340148926e-01,-1.204768940806388855e-01,1.715229153633117676e-01,0.000000000000000000e+00
2.358730733394622803e-01,8.944870233535766602e-01,-2.986652255058288574e-01,2.971431016921997070e-01,9.175593852996826172e-01,-2.641793191432952881e-01,0.000000000000000000e+00
-8.532671332359313965e-01,-3.270516395568847656e-01,-2.850792706012725830e-01,-8.808276653289794922e-01,-3.930211365222930908e-01,-2.639639377593994141e-01,0.000000000000000000e+00
3.147088587284088135e-01,-2.455996274948120117e-01,8.474559187889099121e-01,3.363634645938873291e-01,-2.561890780925750732e-01,9.062156081199645996e-01,0.000000000000000000e+00
-2.576301991939544678e-01,9.060242772102355957e-01,-1.695345044136047363e-01,-2.870114445686340332e-01,9.466393589973449707e-01,-1.466231644153594971e-01,0.000000000000000000e+00
-9.314596652984619141e-01,9.432579576969146729e-02,2.079507410526275635e-01,-8.361308574676513672e-01,2.147263586521148682e-01,5.047551393508911133e-01,0.000000000000000000e+00
-2.531526088714599609e-01,-8.084432482719421387e-01,-4.558149278163909912e-01,-3.125928044319152832e-01,-8.634865283966064453e-01,-3.958241343498229980e-01,0.000000000000000000e+00
-5.115649700164794922e-01,-1.186850890517234802e-01,7.690862417221069336e-01,-5.295472741127014160e-01,-1.609305590391159058e-01,8.328751325607299805e-01,0.000000000000000000e+00
-7.841386795043945312e-01,4.691278934478759766e-01,-2.939466834068298340e-01,-8.442613482475280762e-01,4.741680026054382324e-01,-2.497748881578445435e-01,0.000000000000000000e+00
8.261551856994628906e-01,-2.103689908981323242e-01,-5.045590400695800781e-01,7.963324785232543945e-01,-1.010687574744224548e-01,-5.963553190231323242e-01,0.000000000000000000e+00
3.399798572063446045e-01,-1.517896354198455811e-01,8.627891540527343750e-01,3.587422668933868408e-01,-2.293788939714431763e-01,9.048145413398742676e-01,0.000000000000000000e+00
-2.956137061119079590e-01,1.238607466220855713e-01,-9.212200641632080078e-01,-2.710889875888824463e-01,1.579363793134689331e-01,-9.495087265968322754e-01,0.000000000000000000e+00
-7.327367663383483887e-01,5.780819058418273926e-01,-2.175886332988739014e-01,-7.750900983810424805e-01,6.062207818031311035e-01,-1.781337857246398926e-01,0.000000000000000000e+00
-5.010598301887512207e-01,7.780075073242187500e-01,1.933467388153076172e-01,-5.533890128135681152e-01,8.020959496498107910e-01,2.245055288076400757e-01,0.000000000000000000e+00
2.482369691133499146e-01,-6.246070861816406250e-01,6.541119813919067383e-01,2.524748444557189941e-01,-6.739505529403686523e-01,6.942961215972900391e-01,0.000000000000000000e+00
9.235382676124572754e-01,2.561741471290588379e-01,-3.807854279875755310e-02,9.604074954986572266e-01,2.767461538314819336e-01,-3.207772225141525269e-02,0.000000000000000000e+00
-3.648034632205963135e-01,-1.056739166378974915e-01,8.507800102233886719e-01,-4.045998156070709229e-01,-1.449979096651077271e-01,9.029255509376525879e-01,0.000000000000000000e+00
-4.254040420055389404e-01,4.028940796852111816e-01,7.338926196098327637e-01,-4.591206312179565430e-01,3.436528742313385010e-01,8.192136287689208984e-01,0.000000000000000000e+00
-7.929155230522155762e-01,-4.433416128158569336e-01,2.366558015346527100e-01,-8.452265858650207520e-01,-4.637102484703063965e-01,2.656404078006744385e-01,0.000000000000000000e+00
-9.030281305313110352e-01,-1.414677826687693596e-03,-3.805161714553833008e-01,-9.426502585411071777e-01,8.626572787761688232e-02,-3.224418759346008301e-01,0.000000000000000000e+00
-1.460999697446823120e-01,9.073152542114257812e-01,2.286874949932098389e-01,-1.952336579561233521e-01,9.750548601150512695e-01,-1.056023016571998596e-01,0.000000000000000000e+00
6.467815637588500977e-01,-1.723233163356781006e-01,-7.246266603469848633e-01,8.549541831016540527e-01,1.177431419491767883e-01,-5.051632523536682129e-01,0.000000000000000000e+00
-6.429443359375000000e-01,2.554376125335693359e-01,6.315374970436096191e-01,-7.670243978500366211e-01,2.115552425384521484e-01,6.057375669479370117e-01,0.000000000000000000e+00
-1.789642870426177979e-01,2.362151890993118286e-01,8.869952559471130371e-01,-1.962814033031463623e-01,2.437210977077484131e-01,9.497755765914916992e-01,0.000000000000000000e+00
7.699849605560302734e-01,-4.713635742664337158e-01,-3.571521043777465820e-01,7.842360734939575195e-01,-5.494229793548583984e-01,-2.882849276065826416e-01,0.000000000000000000e+00
3.911246657371520996e-01,7.643534541130065918e-01,3.983725011348724365e-01,4.139557182788848877e-01,7.849801778793334961e-01,4.609194695949554443e-01,0.000000000000000000e+00
-3.295837342739105225e-01,8.815944790840148926e-01,-1.721021085977554321e-01,-3.203877210617065430e-01,9.365679621696472168e-01,-1.420989483594894409e-01,0.000000000000000000e+00
4.897136688232421875e-01,1.708560436964035034e-01,8.003413081169128418e-01,4.443874359130859375e-01,-3.325511515140533447e-01,8.318229913711547852e-01,0.000000000000000000e+00
-7.793756723403930664e-01,-2.333163283765316010e-02,5.222965478897094727e-01,-8.024635314941406250e-01,-3.245908021926879883e-02,5.958176255226135254e-01,0.000000000000000000e+00
2.986351400613784790e-02,-5.724346041679382324e-01,-7.889710664749145508e-01,7.176104001700878143e-03,-6.056423187255859375e-01,-7.957046627998352051e-01,0.000000000000000000e+00
5.997284650802612305e-01,-5.502467751502990723e-01,4.755839109420776367e-01,6.379003524780273438e-01,-5.600149035453796387e-01,5.286458730697631836e-01,0.000000000000000000e+00
-4.442755877971649170e-02,9.392047524452209473e-01,-2.389481663703918457e-01,-7.007146626710891724e-02,9.964703917503356934e-01,4.622534662485122681e-02,0.000000000000000000e+00
-4.556364715099334717e-01,-4.613136649131774902e-01,-7.403718829154968262e-01,-1.702552288770675659e-01,-5.064290761947631836e-01,-8.453062772750854492e-01,0.000000000000000000e+00
-4.141952693462371826e-01,-4.562823176383972168e-01,7.003719210624694824e-01,-4.658025503158569336e-01,-4.350015521049499512e-01,7.705852389335632324e-01,0.000000000000000000e+00
-2.290626615285873413e-01,-8.326051831245422363e-01,-4.197124540805816650e-01,-2.999166548252105713e-01,-8.799686431884765625e-01,-3.683817684650421143e-01,0.000000000000000000e+00
5.386840701103210449e-01,7.714153528213500977e-01,-1.943943798542022705e-01,5.800700783729553223e-01,7.940787672996520996e-01,-1.815423667430877686e-01,0.000000000000000000e+00
1.334411650896072388e-01,6.625397205352783203e-01,6.555167436599731445e-01,1.556715965270996094e-01,7.108365297317504883e-01,6.859138607978820801e-01,0.000000000000000000e+00
-8.877074718475341797e-01,3.132281601428985596e-01,1.315976828336715698e-01,-9.257142543792724609e-01,3.530180156230926514e-01,1.357623338699340820e-01,0.000000000000000000e+00
-2.987396717071533203e-01,8.330175876617431641e-01,3.342834711074829102e-01,-3.368253111839294434e-01,8.746042251586914062e-01,3.487350642681121826e-01,0.000000000000000000e+00
7.342891693115234375e-01,2.587283849716186523e-01,-5.819525122642517090e-01,7.644344568252563477e-01,3.352980911731719971e-01,-5.506497621536254883e-01,0.000000000000000000e+00
-2.686634659767150879e-01,8.617896437644958496e-01,2.822731435298919678e-01,-2.766645848751068115e-01,9.159682989120483398e-01,2.906179428100585938e-01,0.000000000000000000e+00
-2.256988137960433960e-01,2.373444437980651855e-01,-9.140734076499938965e-01,-2.251796424388885498e-01,2.690343856811523438e-01,-9.364371895790100098e-01,0.000000000000000000e+00
5.651618838310241699e-01,2.421571463346481323e-01,-7.495298981666564941e-01,5.772023200988769531e-01,2.805608808994293213e-01,-7.668918371200561523e-01,0.000000000000000000e+00
-9.544728994369506836e-01,-8.977521955966949463e-02,-1.403773277997970581e-01,-9.775953888893127441e-01,-1.933832466602325439e-01,8.312775939702987671e-02,0.000000000000000000e+00
-2.812111377716064453e-01,9.095856547355651855e-01,-2.323908265680074692e-03,-2.835861742496490479e-01,9.589434266090393066e-01,2.519646892324090004e-03,0.000000000000000000e+00
-7.515738010406494141e-01,5.555284619331359863e-01,-2.109610736370086670e-01,-7.822974920272827148e-01,5.952118039131164551e-01,-1.836668848991394043e-01,0.000000000000000000e+00
-6.946149468421936035e-01,-4.595063626766204834e-01,4.188507497310638428e-01,-7.067698836326599121e-01,-5.026451349258422852e-01,4.978194832801818848e-01,0.000000000000000000e+00
6.220622658729553223e-01,7.127335071563720703e-01,-1.626719087362289429e-01,6.593837141990661621e-01,7.402862310409545898e-01,-1.311086416244506836e-01,0.000000000000000000e+00
-9.139723330736160278e-02,9.516527056694030762e-01,-2.743697725236415863e-02,-1.265589147806167603e-01,9.857824444770812988e-01,1.105251982808113098e-01,0.000000000000000000e+00
-2.038135528564453125e-01,9.311354756355285645e-01,-3.430650755763053894e-02,-2.231239527463912964e-01,9.746850132942199707e-01,1.431109011173248291e-02,0.000000000000000000e+00
6.868015229701995850e-02,-9.083701968193054199e-01,3.045456707477569580e-01,8.277133852243423462e-02,-7.455105185508728027e-01,6.613342165946960449e-01,0.000000000000000000e+00
5.189983248710632324e-01,-7.711372375488281250e-01,1.801283955574035645e-01,5.604890584945678711e-01,-8.033277988433837891e-01,2.012869864702224731e-01,0.000000000000000000e+00
5.753621459007263184e-01,-2.367622852325439453e-01,7.042523622512817383e-01,5.977436304092407227e-01,-2.249699532985687256e-01,7.694745659828186035e-01,0.000000000000000000e+00
2.148359119892120361e-01,6.404924988746643066e-01,-7.035415768623352051e-01,2.250878363847732544e-01,6.355124115943908691e-01,-7.385522723197937012e-01,0.000000000000000000e+00
-8.534924387931823730e-01,6.147479265928268433e-02,-4.532212018966674805e-01,-7.988960742950439453e-01,3.488367050886154175e-02,-6.004566550254821777e-01,0.000000000000000000e+00
-5.740725994110107422e-01,-7.487134337425231934e-01,-3.157240804284811020e-03,-6.155326962471008301e-01,-7.872312664985656738e-01,3.723468258976936340e-02,0.000000000000000000e+00
6.944618821144104004e-01,3.779965043067932129e-01,-5.589736104011535645e-01,7.127332091331481934e-01,3.891566991806030273e-01,-5.835824012756347656e-01,0.000000000000000000e+00
-9.494222402572631836e-01,2.653894573450088501e-02,1.274641305208206177e-01,-9.553965330123901367e-01,-1.173766776919364929e-01,-2.709985077381134033e-01,0.000000000000000000e+00
-9.515398144721984863e-01,-7.768630236387252808e-02,-8.306704461574554443e-02,-9.113964438438415527e-01,-2.313080430030822754e-01,-3.403720557689666748e-01,0.000000000000000000e+00
-8.081337213516235352e-01,3.708749711513519287e-01,3.304921388626098633e-01,-8.445579409599304199e-01,4.295369386672973633e-01,3.197184205055236816e-01,0.000000000000000000e+00
8.069386482238769531e-01,4.352115392684936523e-01,-2.957995533943176270e-01,8.494522571563720703e-01,4.513888955116271973e-01,-2.732744216918945312e-01,0.000000000000000000e+00
8.797428011894226074e-01,-1.123117059469223022e-01,3.457272052764892578e-01,9.102607965469360352e-01,-1.397829949855804443e-01,3.897255063056945801e-01,0.000000000000000000e+00
8.719584345817565918e-01,-3.954823911190032959e-01,-3.460028395056724548e-02,8.865700960159301758e-01,-4.622163176536560059e-01,-1.869631931185722351e-02,0.000000000000000000e+00
3.019851148128509521e-01,8.948480486869812012e-01,-2.067433595657348633e-01,3.446011543273925781e-01,9.171495437622070312e-01,-2.002168595790863037e-01,0.000000000000000000e+00
8.734229803085327148e-01,4.760889336466789246e-02,3.870213031768798828e-01,6.943297982215881348e-01,2.307016253471374512e-01,6.816765069961547852e-01,0.000000000000000000e+00
6.300952434539794922e-01,-3.548393547534942627e-01,6.035230159759521484e-01,6.516768932342529297e-01,-3.732970654964447021e-01,6.602776050567626953e-01,0.000000000000000000e+00
-8.337727785110473633e-01,-4.374092519283294678e-01,6.263188272714614868e-02,-8.857282996177673340e-01,-4.499715268611907959e-01,1.140656322240829468e-01,0.000000000000000000e+00
7.441362738609313965e-01,5.156546831130981445e-01,2.903008759021759033e-01,7.722449302673339844e-01,5.537702441215515137e-01,3.114102184772491455e-01,0.000000000000000000e+00
-5.196842551231384277e-01,6.919305920600891113e-01,3.761674761772155762e-01,-5.512542128562927246e-01,7.388169169425964355e-01,3.876445889472961426e-01,0.000000000000000000e+00
-6.833341717720031738e-01,1.261919923126697540e-02,-7.000859379768371582e-01,-7.237062454223632812e-01,4.182139784097671509e-02,-6.888397932052612305e-01,0.000000000000000000e+00
-2.873240411281585693e-01,-4.747469723224639893e-01,7.527329921722412109e-01,-2.246282845735549927e-01,-2.996587455272674561e-01,9.272252917289733887e-01,0.000000000000000000e+00
2.845590710639953613e-01,-8.998485207557678223e-01,-1.508500874042510986e-01,3.134410083293914795e-01,-9.411251544952392578e-01,-1.266420781612396240e-01,0.000000000000000000e+00
-7.519025206565856934e-01,6.735085695981979370e-02,-6.190384030342102051e-01,-7.644856572151184082e-01,1.511508673429489136e-01,-6.266698837280273438e-01,0.000000000000000000e+00
9.426674246788024902e-01,-1.496606320142745972e-01,1.239366456866264343e-01,9.451009035110473633e-01,-2.633965909481048584e-01,1.934077441692352295e-01,0.000000000000000000e+00
1.533088386058807373e-01,-2.077923566102981567e-01,-9.432148337364196777e-01,1.141732931137084961e-01,-2.231429219245910645e-01,-9.680762887001037598e-01,0.000000000000000000e+00
-4.615286588668823242e-01,5.985496044158935547e-01,-6.096116304397583008e-01,-5.201039910316467285e-01,5.966671705245971680e-01,-6.111302375793457031e-01,0.000000000000000000e+00
5.564966797828674316e-01,-3.060247898101806641e-01,-7.628294229507446289e-01,3.996183872222900391e-01,-3.504220843315124512e-01,-8.470593094825744629e-01,0.000000000000000000e+00
9.676054865121841431e-02,5.537992715835571289e-01,-8.078017234802246094e-01,1.694132983684539795e-01,6.743776798248291016e-01,-7.186890244483947754e-01,0.000000000000000000e+00
-6.621768474578857422e-01,1.125323399901390076e-01,-7.099998593330383301e-01,-6.734699606895446777e-01,9.994342178106307983e-02,-7.324271798133850098e-01,0.000000000000000000e+00
-3.685203194618225098e-01,-5.817667245864868164e-01,-6.946666836738586426e-01,-2.474929243326187134e-01,-6.452526450157165527e-01,-7.227698564529418945e-01,0.000000000000000000e+00
-4.122519791126251221e-01,6.588548421859741211e-01,5.582622289657592773e-01,-4.137645959854125977e-01,8.587118387222290039e-01,3.023455440998077393e-01,0.000000000000000000e+00
5.878772139549255371e-01,6.558391451835632324e-01,3.506620228290557861e-01,6.111364960670471191e-01,6.911665797233581543e-01,3.857472836971282959e-01,0.000000000000000000e+00
-5.027013421058654785e-01,6.507967114448547363e-01,4.638339579105377197e-01,-5.193266868591308594e-01,7.134146690368652344e-01,4.704670906066894531e-01,0.000000000000000000e+00
-1.499836295843124390e-01,2.039701677858829498e-02,-9.633148908615112305e-01,-1.346726119518280029e-01,4.552656784653663635e-02,-9.898437261581420898e-01,0.000000000000000000e+00
5.145455598831176758e-01,-9.118313342332839966e-02,-8.255270123481750488e-01,3.693389892578125000e-01,1.054073199629783630e-01,-9.232973456382751465e-01,0.000000000000000000e+00
-2.717142701148986816e-01,-1.539944559335708618e-01,-9.277254343032836914e-01,-2.875911295413970947e-01,-1.662888824939727783e-01,-9.432069659233093262e-01,0.000000000000000000e+00
7.552315592765808105e-01,5.478324890136718750e-01,-2.331338077783584595e-01,8.045029044151306152e-01,5.547944903373718262e-01,-2.120804339647293091e-01,0.000000000000000000e+00
-8.841653913259506226e-02,4.147289395332336426e-01,-8.766003847122192383e-01,-1.994921416044235229e-01,3.824214935302734375e-01,-9.021954536437988281e-01,0.000000000000000000e+00
-1.712781041860580444e-01,-9.118042588233947754e-01,-2.257188558578491211e-01,-2.556718289852142334e-01,-9.426902532577514648e-01,-2.143992483615875244e-01,0.000000000000000000e+00
-8.425305485725402832e-01,3.789137601852416992e-01,2.192686200141906738e-01,-8.878557085990905762e-01,4.031738638877868652e-01,2.217273712158203125e-01,0.000000000000000000e+00
-3.532633483409881592e-01,5.751937627792358398e-01,6.766742467880249023e-01,-4.512666165828704834e-01,3.772852122783660889e-01,8.087115287780761719e-01,0.000000000000000000e+00
9.555523395538330078e-01,-1.099019199609756470e-01,-2.222104966640472412e-01,9.832555055618286133e-01,4.758913815021514893e-02,-1.759087741374969482e-01,0.000000000000000000e+00
6.149970293045043945e-01,-4.536927640438079834e-01,5.507951974868774414e-01,6.191971898078918457e-01,-4.619487226009368896e-01,6.349788904190063477e-01,0.000000000000000000e+00
-3.385829925537109375e-01,-3.140286505222320557e-01,8.087096214294433594e-01,-4.045103192329406738e-01,-3.031916022300720215e-01,8.628129959106445312e-01,0.000000000000000000e+00
9.027469754219055176e-01,-1.206519752740859985e-01,2.841327786445617676e-01,9.367712140083312988e-01,-1.547769010066986084e-01,3.138531148433685303e-01,0.000000000000000000e+00
-3.764876127243041992e-01,2.930741012096405029e-01,8.046668767929077148e-01,-3.863407075405120850e-01,2.977735102176666260e-01,8.729672431945800781e-01,0.000000000000000000e+00
4.213200882077217102e-02,-9.137775897979736328e-01,-3.391337990760803223e-01,-5.534707102924585342e-03,-9.836813807487487793e-01,-1.798340529203414917e-01,0.000000000000000000e+00
-1.055677086114883423e-01,-9.069846272468566895e-01,2.952840924263000488e-01,-1.695826798677444458e-01,-9.653548598289489746e-01,1.983223259449005127e-01,0.000000000000000000e+00
6.340386867523193359e-01,-6.529411077499389648e-01,-3.146123588085174561e-01,6.665198206901550293e-01,-6.851450800895690918e-01,-2.938155233860015869e-01,0.000000000000000000e+00
1.024291366338729858e-01,-3.086891174316406250e-01,-9.233614802360534668e-01,1.487878113985061646e-01,-2.742781043052673340e-01,-9.500703811645507812e-01,0.000000000000000000e+00
-3.976355195045471191e-01,2.599155157804489136e-02,-8.943769931793212891e-01,-3.877049386501312256e-01,5.934921279549598694e-02,-9.198709130287170410e-01,0.000000000000000000e+00
8.036478161811828613e-01,-4.744816124439239502e-01,1.802015006542205811e-01,8.244994878768920898e-01,-5.232090353965759277e-01,2.155292630195617676e-01,0.000000000000000000e+00
-7.955433726310729980e-01,4.437951445579528809e-01,2.642261385917663574e-01,-8.257452845573425293e-01,4.574364423751831055e-01,3.299948573112487793e-01,0.000000000000000000e+00
-4.797837138175964355e-01,-4.059691727161407471e-01,6.863004565238952637e-01,-5.202274322509765625e-01,-4.159344136714935303e-01,7.458967566490173340e-01,0.000000000000000000e+00
2.353745885193347931e-02,-1.737018972635269165e-01,9.443977475166320801e-01,1.430764328688383102e-02,-3.220656216144561768e-01,9.466091990470886230e-01,0.000000000000000000e+00
6.230603456497192383e-01,-2.749448418617248535e-01,-7.204475402832031250e-01,7.641011476516723633e-01,-2.765336930751800537e-01,-5.828195214271545410e-01,0.000000000000000000e+00
1.566137671470642090e-01,3.939282000064849854e-01,-8.686427474021911621e-01,2.922685742378234863e-01,1.306616365909576416e-01,-9.473682641983032227e-01,0.000000000000000000e+00
5.107070803642272949e-01,-8.003023266792297363e-01,-1.097816750407218933e-01,5.020954012870788574e-01,-8.599040508270263672e-01,-9.200695902109146118e-02,0.000000000000000000e+00
3.530637025833129883e-01,8.462316989898681641e-01,-3.119314908981323242e-01,3.977572917938232422e-01,8.663918375968933105e-01,-3.019177913665771484e-01,0.000000000000000000e+00
1.307176202535629272e-01,-3.052186667919158936e-01,8.763889670372009277e-01,1.713156849145889282e-01,-3.707970380783081055e-01,9.127762317657470703e-01,0.000000000000000000e+00
6.567404270172119141e-01,5.054332613945007324e-01,-4.982676208019256592e-01,6.991758346557617188e-01,5.115903615951538086e-01,-4.994280636310577393e-01,0.000000000000000000e+00
9.479998350143432617e-01,1.241631880402565002e-01,1.891494691371917725e-01,9.325606226921081543e-01,1.561500877141952515e-01,3.254962861537933350e-01,0.000000000000000000e+00
-4.000626206398010254e-01,-3.108643889427185059e-01,-8.439434766769409180e-01,-3.539571762084960938e-01,-2.732834219932556152e-01,-8.944442272186279297e-01,0.000000000000000000e+00
8.445110172033309937e-02,1.932356506586074829e-01,9.161833524703979492e-01,6.266941875219345093e-02,3.298238515853881836e-01,9.419600367546081543e-01,0.000000000000000000e+00
-5.884895920753479004e-01,-4.297832548618316650e-01,-6.647039055824279785e-01,-7.529132366180419922e-01,-4.142086505889892578e-01,-5.114223957061767578e-01,0.000000000000000000e+00
8.211258649826049805e-01,3.092328011989593506e-01,-4.054651260375976562e-01,8.599590659141540527e-01,3.048804700374603271e-01,-4.092899858951568604e-01,0.000000000000000000e+00
5.941820740699768066e-01,7.386065721511840820e-01,-1.467958688735961914e-01,6.018868088722229004e-01,7.868085503578186035e-01,-1.366181969642639160e-01,0.000000000000000000e+00
-3.329125046730041504e-01,8.407421112060546875e-01,2.774715423583984375e-01,-3.420643508434295654e-01,8.937201499938964844e-01,2.902692556381225586e-01,0.000000000000000000e+00
4.522507190704345703e-01,-6.990088820457458496e-01,-4.913053512573242188e-01,4.818513393402099609e-01,-7.256714105606079102e-01,-4.911418557167053223e-01,0.000000000000000000e+00
-3.420351147651672363e-01,8.872352838516235352e-01,-6.124328076839447021e-02,-3.502715826034545898e-01,9.342683553695678711e-01,-6.672710925340652466e-02,0.000000000000000000e+00
9.353296756744384766e-01,2.162816226482391357e-01,8.460854738950729370e-02,9.457110762596130371e-01,3.240244984626770020e-01,2.527165412902832031e-02,0.000000000000000000e+00
-8.130227923393249512e-01,2.315518260002136230e-01,4.593685865402221680e-01,-9.100971221923828125e-01,1.272803992033004761e-01,3.943639099597930908e-01,0.000000000000000000e+00
8.106222748756408691e-01,-4.622769951820373535e-01,-2.493191808462142944e-01,8.164425492286682129e-01,-5.320918560028076172e-01,-2.242763191461563110e-01,0.000000000000000000e+00
1.119329631328582764e-01,-9.024166464805603027e-01,-3.257533907890319824e-01,2.190880328416824341e-01,-9.599795341491699219e-01,-1.744697242975234985e-01,0.000000000000000000e+00
7.824982404708862305e-01,4.752497971057891846e-01,2.565257847309112549e-01,8.151087164878845215e-01,5.092286467552185059e-01,2.761955857276916504e-01,0.000000000000000000e+00
-8.447764515876770020e-01,3.433359861373901367e-01,-3.095433712005615234e-01,-8.728541731834411621e-01,4.060542285442352295e-01,-2.706392705440521240e-01,0.000000000000000000e+00
-3.560563921928405762e-01,5.851830914616584778e-02,-9.092372655868530273e-01,-3.575781583786010742e-01,5.565430968999862671e-02,-9.322233796119689941e-01,0.000000000000000000e+00
8.966930508613586426e-01,1.256962269544601440e-01,-3.415860235691070557e-01,9.257963299751281738e-01,1.289842277765274048e-01,-3.553367555141448975e-01,0.000000000000000000e+00
-2.880698740482330322e-01,-7.330338358879089355e-01,5.185726284980773926e-01,-3.811596632003784180e-01,-7.805454730987548828e-01,4.954453706741333008e-01,0.000000000000000000e+00
3.297455608844757080e-01,4.784083962440490723e-01,-7.733389139175415039e-01,3.300481438636779785e-01,4.417040944099426270e-01,-8.342455625534057617e-01,0.000000000000000000e+00
-7.992754578590393066e-01,3.338699340820312500e-01,-4.280528128147125244e-01,-8.288672566413879395e-01,3.608863353729248047e-01,-4.274810850620269775e-01,0.000000000000000000e+00
1.124728587456047535e-03,-7.555408477783203125e-01,5.707231163978576660e-01,9.692706912755966187e-02,-6.205741763114929199e-01,7.781342267990112305e-01,0.000000000000000000e+00
-4.884158670902252197e-01,7.290411591529846191e-01,-3.993968963623046875e-01,-4.952994287014007568e-01,7.766942381858825684e-01,-3.891330361366271973e-01,0.000000000000000000e+00
3.125672936439514160e-01,1.512402445077896118e-01,8.944926857948303223e-01,2.842497527599334717e-01,5.624581575393676758e-01,7.764295935630798340e-01,0.000000000000000000e+00
2.596045844256877899e-03,-1.467600166797637939e-01,9.459178447723388672e-01,-2.119964361190795898e-01,-2.049210220575332642e-01,9.555442929267883301e-01,0.000000000000000000e+00
-6.029304862022399902e-01,-4.344855248928070068e-01,-6.261075139045715332e-01,-8.889126181602478027e-01,-2.156418263912200928e-01,-4.041447341442108154e-01,0.000000000000000000e+00
-2.648405730724334717e-01,9.700886160135269165e-02,8.910446166992187500e-01,-2.779569923877716064e-01,1.008651405572891235e-01,9.552832841873168945e-01,0.000000000000000000e+00
-9.011512994766235352e-01,2.537211775779724121e-01,1.770752519369125366e-01,-9.530434608459472656e-01,2.917375564575195312e-01,8.122432976961135864e-02,0.000000000000000000e+00
7.025061845779418945e-01,2.308615595102310181e-01,6.171468496322631836e-01,5.957869887351989746e-01,2.271562665700912476e-01,7.703492045402526855e-01,0.000000000000000000e+00
-8.079675436019897461e-01,-3.354200422763824463e-01,3.378993570804595947e-01,-8.705569505691528320e-01,-3.396539390087127686e-01,3.560417890548706055e-01,0.000000000000000000e+00
4.868725240230560303e-01,-6.815383094362914562e-04,8.055782914161682129e-01,5.238704681396484375e-01,-5.420966818928718567e-02,8.500711917877197266e-01,0.000000000000000000e+00
-2.241164594888687134e-01,-5.091665387153625488e-01,7.615419626235961914e-01,-3.155412375926971436e-01,-4.182203412055969238e-01,8.517778515815734863e-01,0.000000000000000000e+00
5.502783656120300293e-01,-7.775837779045104980e-01,-6.030967924743890762e-03,5.564634799957275391e-01,-8.303490281105041504e-01,2.947710640728473663e-02,0.000000000000000000e+00
5.029720067977905273e-01,1.545780748128890991e-01,7.899518609046936035e-01,4.999305605888366699e-01,-1.117478683590888977e-01,8.588258624076843262e-01,0.000000000000000000e+00
5.263781547546386719e-01,-1.940949410200119019e-01,7.530024647712707520e-01,5.734256505966186523e-01,-1.818946152925491333e-01,7.988099455833435059e-01,0.000000000000000000e+00
3.686661422252655029e-01,-7.675868868827819824e-01,-4.524968266487121582e-01,3.940648138523101807e-01,-7.966157197952270508e-01,-4.583844840526580811e-01,0.000000000000000000e+00
8.299202322959899902e-01,1.339753568172454834e-01,4.629054963588714600e-01,4.340939521789550781e-01,4.164148122072219849e-02,8.999046683311462402e-01,0.000000000000000000e+00
-6.974712014198303223e-01,2.823451068252325058e-03,-6.853805780410766602e-01,-7.507578730583190918e-01,8.077795617282390594e-03,-6.605281233787536621e-01,0.000000000000000000e+00
-3.724531829357147217e-01,7.947174310684204102e-01,-4.029150605201721191e-01,-4.216361045837402344e-01,8.240226507186889648e-01,-3.784305751323699951e-01,0.000000000000000000e+00
-5.866166353225708008e-01,3.370618820190429688e-01,-6.991904377937316895e-01,-6.065236926078796387e-01,3.614323437213897705e-01,-7.081635594367980957e-01,0.000000000000000000e+00
-5.193469524383544922e-01,-4.123121500015258789e-01,-7.219434976577758789e-01,-2.303270846605300903e-01,-3.086041808128356934e-01,-9.228829145431518555e-01,0.000000000000000000e+00
-7.117647528648376465e-01,-4.812992811203002930e-01,-4.292188584804534912e-01,-7.714728116989135742e-01,-5.240259170532226562e-01,-3.608690798282623291e-01,0.000000000000000000e+00
-5.974938347935676575e-02,-5.974180698394775391e-01,-7.682532072067260742e-01,-3.059337846934795380e-02,-6.395481228828430176e-01,-7.681420445442199707e-01,0.000000000000000000e+00
-9.275814890861511230e-01,1.891402900218963623e-01,-1.534118950366973877e-01,-9.850379824638366699e-01,1.007699519395828247e-01,-1.398057341575622559e-01,0.000000000000000000e+00
7.959012985229492188e-01,4.444805979728698730e-01,2.737005949020385742e-01,8.151087164878845215e-01,5.092286467552185059e-01,2.761955857276916504e-01,0.000000000000000000e+00
-7.837955355644226074e-01,2.046846151351928711e-01,-5.364899039268493652e-01,-8.204825520515441895e-01,2.509677112102508545e-01,-5.136375427246093750e-01,0.000000000000000000e+00
-4.978161752223968506e-01,-7.824205756187438965e-01,1.608818769454956055e-01,-5.522934794425964355e-01,-8.131234645843505859e-01,1.838534474372863770e-01,0.000000000000000000e+00
-4.138894677162170410e-01,-6.521031260490417480e-01,5.266203880310058594e-01,-4.534519314765930176e-01,-6.801776885986328125e-01,5.759684443473815918e-01,0.000000000000000000e+00
8.767444491386413574e-01,-3.837032318115234375e-01,-5.191994365304708481e-03,9.008172154426574707e-01,-4.327896535396575928e-01,3.494998812675476074e-02,0.000000000000000000e+00
-4.959932565689086914e-01,-4.866201579570770264e-01,6.207962036132812500e-01,-5.384112000465393066e-01,-5.398244261741638184e-01,6.470726132392883301e-01,0.000000000000000000e+00
-4.789116978645324707e-01,5.582915544509887695e-01,6.149584650993347168e-01,-4.143780767917633057e-01,6.579226851463317871e-01,6.288310885429382324e-01,0.000000000000000000e+00
-9.122785329818725586e-01,-2.409532070159912109e-01,7.631215453147888184e-02,-9.459658265113830566e-01,-3.111293315887451172e-01,9.136305004358291626e-02,0.000000000000000000e+00
8.671332597732543945e-01,3.990830183029174805e-01,-4.675453528761863708e-03,9.052627682685852051e-01,4.225876927375793457e-01,4.380602389574050903e-02,0.000000000000000000e+00
-1.663991212844848633e-01,4.409594237804412842e-01,-8.491727709770202637e-01,-1.847554147243499756e-01,4.124581813812255859e-01,-8.920446634292602539e-01,0.000000000000000000e+00
-1.190365031361579895e-01,-6.924116015434265137e-01,6.340488791465759277e-01,-2.508799135684967041e-01,-4.578936100006103516e-01,8.528732061386108398e-01,0.000000000000000000e+00
-9.274428486824035645e-01,-2.006074190139770508e-01,4.612335190176963806e-02,-9.593449831008911133e-01,-2.729320526123046875e-01,7.187015563249588013e-02,0.000000000000000000e+00
1.053137928247451782e-01,9.617717862129211426e-01,4.936526715755462646e-02,1.334764510393142700e-01,9.639354944229125977e-01,-2.302442491054534912e-01,0.000000000000000000e+00
3.862495422363281250e-01,3.538275361061096191e-01,7.909429669380187988e-01,3.991668224334716797e-01,4.862245321273803711e-01,7.773361802101135254e-01,0.000000000000000000e+00
-6.936386823654174805e-01,-4.210382997989654541e-01,-5.271840691566467285e-01,-7.313398122787475586e-01,-4.633793830871582031e-01,-5.004214048385620117e-01,0.000000000000000000e+00
-5.104233045130968094e-03,-9.435556530952453613e-01,2.427875101566314697e-01,2.928117848932743073e-02,-9.909334778785705566e-01,1.311238855123519897e-01,0.000000000000000000e+00
-1.340653002262115479e-01,8.496014475822448730e-01,4.214642941951751709e-01,-4.252016171813011169e-02,9.420241713523864746e-01,3.328400552272796631e-01,0.000000000000000000e+00
-7.915245890617370605e-01,-4.533883035182952881e-01,2.230126261711120605e-01,-8.296414613723754883e-01,-4.949506819248199463e-01,2.582998871803283691e-01,0.000000000000000000e+00
8.963143825531005859e-01,3.293461501598358154e-01,-8.583858609199523926e-02,9.326676726341247559e-01,3.583263158798217773e-01,-4.163278639316558838e-02,0.000000000000000000e+00
6.184150576591491699e-01,-6.020797491073608398e-01,-4.354580640792846680e-01,6.611030697822570801e-01,-6.214708685874938965e-01,-4.203768670558929443e-01,0.000000000000000000e+00
7.564027309417724609e-01,-5.743966102600097656e-01,6.477659940719604492e-02,7.934418916702270508e-01,-6.059238314628601074e-01,5.750044807791709900e-02,0.000000000000000000e+00
-3.973260149359703064e-02,-9.399990439414978027e-01,1.623282134532928467e-01,1.293223071843385696e-02,-9.676445722579956055e-01,2.519855499267578125e-01,0.000000000000000000e+00
-3.667941987514495850e-01,-8.385775685310363770e-01,-2.287841886281967163e-01,-5.733957290649414062e-01,-8.065606951713562012e-01,-1.437957584857940674e-01,0.000000000000000000e+00
-2.407756596803665161e-01,-8.593839406967163086e-01,3.181665837764739990e-01,-2.931077778339385986e-01,-9.045522212982177734e-01,3.096337616443634033e-01,0.000000000000000000e+00
-8.581995964050292969e-01,-1.896637380123138428e-01,3.364360630512237549e-01,-8.963191509246826172e-01,-2.144827395677566528e-01,3.880839049816131592e-01,0.000000000000000000e+00
8.966007828712463379e-01,-3.305425047874450684e-01,-1.208655908703804016e-01,8.826377987861633301e-01,-3.852306008338928223e-01,-2.693472504615783691e-01,0.000000000000000000e+00
-7.641801834106445312e-01,4.629549980163574219e-01,-3.588738143444061279e-01,-8.057274222373962402e-01,4.920673966407775879e-01,-3.296559751033782959e-01,0.000000000000000000e+00
1.829100400209426880e-01,3.954690396785736084e-01,8.358406424522399902e-01,1.961241364479064941e-01,4.124814867973327637e-01,8.896034955978393555e-01,0.000000000000000000e+00
-3.716492056846618652e-01,4.337960183620452881e-01,-7.894942760467529297e-01,-3.723700642585754395e-01,4.396809041500091553e-01,-8.173256516456604004e-01,0.000000000000000000e+00
-8.086315393447875977e-01,-4.095991607755422592e-03,-5.449380278587341309e-01,-7.140892744064331055e-01,1.142450720071792603e-01,-6.906696557998657227e-01,0.000000000000000000e+00
4.876053705811500549e-02,9.778714179992675781e-02,-9.609089493751525879e-01,1.122213304042816162e-01,3.699725121259689331e-02,-9.929942488670349121e-01,0.000000000000000000e+00
1.645922362804412842e-01,6.437095999717712402e-01,-7.138865590095520020e-01,2.402913868427276611e-01,7.411270737648010254e-01,-6.268897056579589844e-01,0.000000000000000000e+00
-1.165778562426567078e-01,8.138141036033630371e-01,-5.335482954978942871e-01,-2.745669484138488770e-01,8.468083739280700684e-01,-4.555530846118927002e-01,0.000000000000000000e+00
-4.258077144622802734e-01,7.835823893547058105e-01,3.127807974815368652e-01,-4.585808813571929932e-01,8.155509233474731445e-01,3.529593050479888916e-01,0.000000000000000000e+00
-2.400213778018951416e-01,-5.066742897033691406e-01,-8.075948953628540039e-01,-2.056387960910797119e-01,-4.526606500148773193e-01,-8.676468133926391602e-01,0.000000000000000000e+00
-6.484276652336120605e-01,-1.054338887333869934e-01,-7.213760018348693848e-01,-5.812749266624450684e-01,-2.728892266750335693e-01,-7.665839195251464844e-01,0.000000000000000000e+00
7.235592007637023926e-01,-2.518115639686584473e-01,5.511800050735473633e-01,7.505309581756591797e-01,-2.572698593139648438e-01,6.086998581886291504e-01,0.000000000000000000e+00
5.421556234359741211e-01,-3.192985951900482178e-01,6.961619853973388672e-01,5.493658781051635742e-01,-3.514868915081024170e-01,7.580594420433044434e-01,0.000000000000000000e+00
-4.465040862560272217e-01,8.352770805358886719e-01,6.578764319419860840e-02,-4.833665192127227783e-01,8.689411878585815430e-01,1.062921658158302307e-01,0.000000000000000000e+00
9.447634220123291016e-01,1.531988978385925293e-01,-8.736351877450942993e-02,9.763802886009216309e-01,2.020872086286544800e-01,-7.643504440784454346e-02,0.000000000000000000e+00
-6.157800555229187012e-01,-1.187367439270019531e-01,6.908010244369506836e-01,-6.589689850807189941e-01,-1.684574037790298462e-01,7.330634593963623047e-01,0.000000000000000000e+00
4.445050954818725586e-01,-6.677800416946411133e-01,-5.441499352455139160e-01,4.353446960449218750e-01,-7.034435868263244629e-01,-5.618203282356262207e-01,0.000000000000000000e+00
2.217254973948001862e-02,-9.448136687278747559e-01,1.404977291822433472e-01,7.729461044073104858e-02,-9.369621872901916504e-01,3.407746553421020508e-01,0.000000000000000000e+00
-6.455697417259216309e-01,-6.190789341926574707e-01,2.711300551891326904e-01,-6.925351619720458984e-01,-6.363081932067871094e-01,3.398631513118743896e-01,0.000000000000000000e+00
2.583716213703155518e-01,7.843989133834838867e-01,-5.168036818504333496e-01,2.889002263545989990e-01,7.882184982299804688e-01,-5.433675050735473633e-01,0.000000000000000000e+00
8.878446221351623535e-01,3.540091216564178467e-01,-8.708189707249403000e-04,9.065167307853698730e-01,4.199233651161193848e-01,4.349511861801147461e-02,0.000000000000000000e+00
-3.495743274688720703e-01,8.809641599655151367e-01,-1.095169112086296082e-01,-3.501258790493011475e-01,9.343282580375671387e-01,-6.665245443582534790e-02,0.000000000000000000e+00
-6.251575946807861328e-01,7.033402919769287109e-01,1.071828007698059082e-01,-6.414749026298522949e-01,7.566704750061035156e-01,1.263318657875061035e-01,0.000000000000000000e+00
4.718017578125000000e-01,5.479083061218261719e-01,-6.495043039321899414e-01,4.629674553871154785e-01,5.650328993797302246e-01,-6.829341053962707520e-01,0.000000000000000000e+00
2.419999837875366211e-01,8.427377343177795410e-01,3.584206402301788330e-01,2.375018298625946045e-01,8.876181244850158691e-01,3.946225345134735107e-01,0.000000000000000000e+00
1.854711771011352539e-01,2.258793264627456665e-01,9.107127785682678223e-01,7.680223137140274048e-02,3.801584243774414062e-01,9.217271804809570312e-01,0.000000000000000000e+00
6.534627676010131836e-01,-6.814585328102111816e-01,1.081502214074134827e-01,6.559318304061889648e-01,-7.356283068656921387e-01,1.691282689571380615e-01,0.000000000000000000e+00
-2.293284833431243896e-01,3.530844748020172119e-01,-8.746371865272521973e-01,-2.316696196794509888e-01,3.542515933513641357e-01,-9.059994220733642578e-01,0.000000000000000000e+00
-6.371291279792785645e-01,-5.981650352478027344e-01,-3.951645791530609131e-01,-7.397475838661193848e-01,-5.349634289741516113e-01,-4.081514477729797363e-01,0.000000000000000000e+00
-2.778891474008560181e-02,-9.476930499076843262e-01,-1.589679121971130371e-01,-1.039298027753829956e-01,-9.873638749122619629e-01,-1.196293011307716370e-01,0.000000000000000000e+00
6.144008040428161621e-01,5.311220288276672363e-01,4.861171245574951172e-01,6.193323731422424316e-01,5.644142627716064453e-01,5.457690954208374023e-01,0.000000000000000000e+00
-3.416026830673217773e-01,-7.268345355987548828e-01,-5.363971590995788574e-01,-4.012639820575714111e-01,-7.660039067268371582e-01,-5.022203326225280762e-01,0.000000000000000000e+00
4.517300128936767578e-01,-8.237690329551696777e-01,-1.755229383707046509e-01,4.877288341522216797e-01,-8.588364124298095703e-01,-1.565907150506973267e-01,0.000000000000000000e+00
3.724391162395477295e-01,1.552011072635650635e-01,8.676747083663940430e-01,4.997719526290893555e-01,1.797329336404800415e-01,8.473039865493774414e-01,0.000000000000000000e+00
7.030824422836303711e-01,5.750069618225097656e-01,2.780490815639495850e-01,7.288823127746582031e-01,6.232557296752929688e-01,2.833422720432281494e-01,0.000000000000000000e+00
-8.139133453369140625e-01,2.179673612117767334e-01,4.622221589088439941e-01,-9.086812734603881836e-01,1.826910078525543213e-01,3.753962218761444092e-01,0.000000000000000000e+00
9.537205696105957031e-01,1.025304868817329407e-01,9.661000967025756836e-02,9.922145605087280273e-01,-4.002335295081138611e-02,-1.179338097572326660e-01,0.000000000000000000e+00
3.491960167884826660e-01,1.194227188825607300e-01,-8.981230854988098145e-01,2.030012160539627075e-01,3.135270178318023682e-01,-9.276267290115356445e-01,0.000000000000000000e+00
2.154010534286499023e-01,6.958867907524108887e-01,-6.516188383102416992e-01,2.479216158390045166e-01,7.310290336608886719e-01,-6.357133388519287109e-01,0.000000000000000000e+00
-1.216885745525360107e-01,-9.712716192007064819e-02,9.332584142684936523e-01,-4.093326628208160400e-01,-2.476636320352554321e-01,8.781284093856811523e-01,0.000000000000000000e+00
9.072517752647399902e-01,2.562078237533569336e-01,-1.908969730138778687e-01,9.372392296791076660e-01,2.968430817127227783e-01,-1.829393506050109863e-01,0.000000000000000000e+00
-5.508482456207275391e-01,-2.201438248157501221e-01,-7.833362817764282227e-01,-6.883118152618408203e-01,1.260196715593338013e-01,-7.143849730491638184e-01,0.000000000000000000e+00
4.774479866027832031e-01,-4.043776392936706543e-01,-7.555608749389648438e-01,4.523028433322906494e-01,-4.282866418361663818e-01,-7.822996377944946289e-01,0.000000000000000000e+00
6.745611429214477539e-01,5.146093368530273438e-01,-4.636911749839782715e-01,6.939691305160522461e-01,5.359064340591430664e-01,-4.808441698551177979e-01,0.000000000000000000e+00
4.018030166625976562e-01,-7.688034772872924805e-01,-4.192585647106170654e-01,4.113005995750427246e-01,-8.280823826789855957e-01,-3.809348642826080322e-01,0.000000000000000000e+00
-6.014106273651123047e-01,6.125862002372741699e-01,-4.424850642681121826e-01,-6.223675608634948730e-01,6.552318930625915527e-01,-4.281702935695648193e-01,0.000000000000000000e+00
-7.914025783538818359e-01,5.011765360832214355e-01,-1.940566003322601318e-01,-8.405418395996093750e-01,5.172957777976989746e-01,-1.609178930521011353e-01,0.000000000000000000e+00
7.646610140800476074e-01,-2.000854313373565674e-01,5.183768868446350098e-01,7.938336133956909180e-01,-2.099862247705459595e-01,5.707311034202575684e-01,0.000000000000000000e+00
8.413499593734741211e-01,4.405084252357482910e-01,7.022006809711456299e-02,8.871330618858337402e-01,4.512037932872772217e-01,9.700568020343780518e-02,0.000000000000000000e+00
-4.546509385108947754e-01,3.518048822879791260e-01,7.411202788352966309e-01,-4.759660959243774414e-01,3.193347752094268799e-01,8.194397687911987305e-01,0.000000000000000000e+00
4.046186208724975586e-01,-8.183974623680114746e-01,-2.938135862350463867e-01,4.316768944263458252e-01,-8.489592075347900391e-01,-3.048332035541534424e-01,0.000000000000000000e+00
4.063701629638671875e-01,-6.649488806724548340e-01,5.281106233596801758e-01,4.346453249454498291e-01,-7.014145851135253906e-01,5.648903250694274902e-01,0.000000000000000000e+00
5.047240108251571655e-02,-9.052622914314270020e-01,3.109939992427825928e-01,1.365222632884979248e-01,-9.181541204452514648e-01,3.719605803489685059e-01,0.000000000000000000e+00
-4.511300921440124512e-01,8.382791876792907715e-01,1.491176988929510117e-02,-4.833501875400543213e-01,8.750944733619689941e-01,2.412978187203407288e-02,0.000000000000000000e+00
-3.988895416259765625e-01,8.543514013290405273e-01,-1.586790084838867188e-01,-4.002883732318878174e-01,9.034506082534790039e-01,-1.534476429224014282e-01,0.000000000000000000e+00
2.156333811581134796e-02,7.821084856986999512e-01,5.333571434020996094e-01,1.017825379967689514e-01,8.046905994415283203e-01,5.849045515060424805e-01,0.000000000000000000e+00
6.663577556610107422e-01,-2.090484946966171265e-01,6.313953995704650879e-01,6.773262619972229004e-01,-2.369364351034164429e-01,6.964842081069946289e-01,0.000000000000000000e+00
2.392685264348983765e-01,4.313803911209106445e-01,-8.302339911460876465e-01,2.974481284618377686e-01,4.092767536640167236e-01,-8.625642657279968262e-01,0.000000000000000000e+00
9.659780859947204590e-01,-9.799487143754959106e-02,1.352255325764417648e-02,9.674021005630493164e-01,-2.531197071075439453e-01,-7.973168976604938507e-03,0.000000000000000000e+00
4.974765479564666748e-01,7.886167764663696289e-01,-2.442343384027481079e-01,5.618346929550170898e-01,7.953711152076721191e-01,-2.274347245693206787e-01,0.000000000000000000e+00
-9.066565334796905518e-02,-2.202907353639602661e-01,-9.482439160346984863e-01,-9.687353670597076416e-02,-1.961323171854019165e-01,-9.757805466651916504e-01,0.000000000000000000e+00
6.300559043884277344e-01,-2.631598412990570068e-01,-7.170494198799133301e-01,7.953492999076843262e-01,-3.675937056541442871e-01,-4.819692671298980713e-01,0.000000000000000000e+00
-7.452813982963562012e-01,4.091986417770385742e-01,4.162440598011016846e-01,-8.300479054450988770e-01,3.898163437843322754e-01,3.988279402256011963e-01,0.000000000000000000e+00
-7.635731697082519531e-01,2.118073999881744385e-01,5.192402005195617676e-01,-4.270172119140625000e-01,3.302579224109649658e-01,8.417754769325256348e-01,0.000000000000000000e+00
-2.491754144430160522e-01,-5.227354168891906738e-01,7.453293800354003906e-01,-3.229188919067382812e-01,-4.414159059524536133e-01,8.371829986572265625e-01,0.000000000000000000e+00
3.763840794563293457e-01,-7.553778886795043945e-01,4.226848185062408447e-01,3.911895751953125000e-01,-7.909063100814819336e-01,4.705719649791717529e-01,0.000000000000000000e+00
-2.379992604255676270e-02,-8.807989954948425293e-01,-3.998257219791412354e-01,2.393622249364852905e-01,-9.708048105239868164e-01,-1.561157032847404480e-02,0.000000000000000000e+00
8.812679052352905273e-01,-3.706211745738983154e-01,-1.295247673988342285e-01,9.002249836921691895e-01,-4.328602254390716553e-01,-4.719118028879165649e-02,0.000000000000000000e+00
5.096889734268188477e-01,1.218200623989105225e-01,7.832976579666137695e-01,8.207203149795532227e-01,1.140149757266044617e-01,5.598381757736206055e-01,0.000000000000000000e+00
-5.743690952658653259e-02,-9.451301693916320801e-01,-1.757874935865402222e-01,-2.504278421401977539e-01,-9.629879593849182129e-01,9.970026463270187378e-02,0.000000000000000000e+00
-1.276415437459945679e-01,-8.133566379547119141e-01,-5.238155722618103027e-01,3.111290931701660156e-02,-9.002394676208496094e-01,-4.342820644378662109e-01,0.000000000000000000e+00
2.989755868911743164e-01,-8.459492921829223633e-01,3.007308840751647949e-01,3.256101012229919434e-01,-8.879828453063964844e-01,3.247529864311218262e-01,0.000000000000000000e+00
3.163602352142333984e-01,-4.041841626167297363e-01,-8.309373855590820312e-01,2.844073176383972168e-01,-4.698853194713592529e-01,-8.356555700302124023e-01,0.000000000000000000e+00
-8.595328927040100098e-01,-3.856436014175415039e-01,5.734102055430412292e-02,-9.101665019989013672e-01,-4.028112292289733887e-01,9.664398431777954102e-02,0.000000000000000000e+00
-1.938934028148651123e-01,8.451412916183471680e-01,3.796303570270538330e-01,-3.730033934116363525e-01,7.636404037475585938e-01,5.269931554794311523e-01,0.000000000000000000e+00
-2.720583081245422363e-01,-6.336131691932678223e-01,-6.876933574676513672e-01,-9.172824025154113770e-02,-6.428754925727844238e-01,-7.604584097862243652e-01,0.000000000000000000e+00
7.258277535438537598e-01,-2.896267175674438477e-01,5.303255915641784668e-01,7.603313326835632324e-01,-3.327412605285644531e-01,5.578346252441406250e-01,0.000000000000000000e+00
-3.294894993305206299e-01,6.123237609863281250e-01,6.529000997543334961e-01,-9.048196673393249512e-02,7.843027114868164062e-01,6.137444376945495605e-01,0.000000000000000000e+00
-7.437983900308609009e-02,4.128883779048919678e-01,8.392781019210815430e-01,-5.700812488794326782e-02,4.232645630836486816e-01,9.042108058929443359e-01,0.000000000000000000e+00
7.261066436767578125e-01,5.337600708007812500e-01,-3.436407446861267090e-01,7.656936049461364746e-01,5.491663813591003418e-01,-3.348576426506042480e-01,0.000000000000000000e+00
-7.378406077623367310e-02,-9.320381283760070801e-01,-2.447624355554580688e-01,-3.052186369895935059e-01,-8.356965780258178711e-01,-4.565663337707519531e-01,0.000000000000000000e+00
8.204429745674133301e-01,3.814973235130310059e-01,3.036220669746398926e-01,8.394011855125427246e-01,4.459788799285888672e-01,3.106581866741180420e-01,0.000000000000000000e+00
-2.784753739833831787e-01,1.721087247133255005e-01,-9.171448349952697754e-01,-2.498321831226348877e-01,2.037745863199234009e-01,-9.466043710708618164e-01,0.000000000000000000e+00
-3.595476970076560974e-02,7.879835367202758789e-01,-6.021176576614379883e-01,-1.084189116954803467e-01,5.428241491317749023e-01,-8.328188657760620117e-01,0.000000000000000000e+00
-1.982982158660888672e-01,-1.136777028441429138e-01,9.079679250717163086e-01,-1.855841130018234253e-01,-1.531816571950912476e-01,9.706152081489562988e-01,0.000000000000000000e+00
-3.474292755126953125e-01,2.644594013690948486e-01,-8.720223307609558105e-01,-3.239384293556213379e-01,3.086418211460113525e-01,-8.943176865577697754e-01,0.000000000000000000e+00
4.390883743762969971e-01,-8.137412071228027344e-01,-2.484963834285736084e-01,4.441916942596435547e-01,-8.657550811767578125e-01,-2.305686324834823608e-01,0.000000000000000000e+00
-7.685426473617553711e-01,-2.283814996480941772e-01,-5.577819347381591797e-01,-6.345094442367553711e-01,-3.955357968807220459e-01,-6.640400290489196777e-01,0.000000000000000000e+00
-1.777019798755645752e-01,-6.129253506660461426e-01,6.996116638183593750e-01,-4.637517407536506653e-02,-3.311288654804229736e-01,9.424452185630798340e-01,0.000000000000000000e+00
-8.493155837059020996e-01,-2.117719203233718872e-01,-4.385028779506683350e-01,-8.136712312698364258e-01,-4.534619152545928955e-01,-3.637463748455047607e-01,0.000000000000000000e+00
-1.915970891714096069e-01,2.917309105396270752e-01,8.683993816375732422e-01,-2.041275948286056519e-01,3.069854080677032471e-01,9.295654296875000000e-01,0.000000000000000000e+00
9.406784921884536743e-02,1.510656028985977173e-01,9.290667176246643066e-01,1.244030594825744629e-01,3.125177323818206787e-01,9.417306184768676758e-01,0.000000000000000000e+00
2.722424268722534180e-01,-9.106301665306091309e-01,5.168309062719345093e-02,2.958791553974151611e-01,-9.500063657760620117e-01,9.971681237220764160e-02,0.000000000000000000e+00
-2.403259277343750000e-01,8.338524699211120605e-01,-4.298724532127380371e-01,-2.654454410076141357e-01,8.695421218872070312e-01,-4.164555072784423828e-01,0.000000000000000000e+00
5.961423516273498535e-01,2.383892536163330078e-01,-7.260453104972839355e-01,4.661775529384613037e-01,3.010301589965820312e-01,-8.319010138511657715e-01,0.000000000000000000e+00
2.632615864276885986e-01,-5.614278316497802734e-01,-7.513598203659057617e-01,2.143732309341430664e-01,-6.529501676559448242e-01,-7.264297604560852051e-01,0.000000000000000000e+00
-4.828572645783424377e-02,-2.102355509996414185e-01,9.239427447319030762e-01,1.874424517154693604e-01,1.366361528635025024e-01,9.727259874343872070e-01,0.000000000000000000e+00
1.999484747648239136e-01,-5.211954712867736816e-01,7.519365549087524414e-01,1.982819139957427979e-01,-5.675663948059082031e-01,7.990949153900146484e-01,0.000000000000000000e+00
8.316680788993835449e-01,-3.696369826793670654e-01,-3.529828190803527832e-01,7.403973937034606934e-01,-5.408567190170288086e-01,-3.991061747074127197e-01,0.000000000000000000e+00
6.763909012079238892e-02,-9.490508437156677246e-01,-1.647821217775344849e-01,1.078434754163026810e-03,-9.954807758331298828e-01,-9.495743364095687866e-02,0.000000000000000000e+00
5.446600317955017090e-01,7.488528639078140259e-02,-8.024731874465942383e-01,5.471899509429931641e-01,1.176094785332679749e-01,-8.287045359611511230e-01,0.000000000000000000e+00
-1.032529547810554504e-01,8.763348460197448730e-01,3.801924586296081543e-01,-1.100646108388900757e-01,8.470511436462402344e-01,5.199905633926391602e-01,0.000000000000000000e+00
2.266527265310287476e-01,-1.440190989524126053e-02,9.354732632637023926e-01,2.346337139606475830e-01,-2.250280678272247314e-01,9.456793069839477539e-01,0.000000000000000000e+00
-4.571278691291809082e-01,1.614958047866821289e-03,8.112037181854248047e-01,-5.061520338058471680e-01,-1.294232346117496490e-02,8.623471260070800781e-01,0.000000000000000000e+00
-6.742943525314331055e-01,4.900888204574584961e-01,4.464460909366607666e-01,-7.248880863189697266e-01,5.285025835037231445e-01,4.418396055698394775e-01,0.000000000000000000e+00
-2.357683479785919189e-01,-8.903807401657104492e-01,-2.403163611888885498e-01,-2.817661762237548828e-01,-9.385462999343872070e-01,-1.993456482887268066e-01,0.000000000000000000e+00
7.580807209014892578e-01,-5.730721354484558105e-01,5.557861179113388062e-02,7.934418916702270508e-01,-6.059238314628601074e-01,5.750044807791709900e-02,0.000000000000000000e+00
8.102371692657470703e-01,3.965223133563995361e-01,3.096283674240112305e-01,8.394011855125427246e-01,4.459788799285888672e-01,3.106581866741180420e-01,0.000000000000000000e+00
-6.034796237945556641e-01,-4.133869409561157227e-01,5.711346268653869629e-01,-6.504177451133728027e-01,-4.509355127811431885e-01,6.112396717071533203e-01,0.000000000000000000e+00
-3.378126919269561768e-01,7.365605235099792480e-02,8.681175112724304199e-01,-4.136533141136169434e-01,8.673611283302307129e-02,9.062934517860412598e-01,0.000000000000000000e+00
-1.615257114171981812e-01,-1.593541204929351807e-01,9.140260219573974609e-01,-2.053730338811874390e-01,-1.737858727574348450e-02,9.785294532775878906e-01,0.000000000000000000e+00
-9.178753495216369629e-01,-1.306853294372558594e-01,-2.807446420192718506e-01,-8.529872298240661621e-01,-3.232068121433258057e-01,-4.098172783851623535e-01,0.000000000000000000e+00
-8.996705412864685059e-01,2.080902606248855591e-01,2.853706479072570801e-01,-7.334415912628173828e-01,5.360262393951416016e-01,4.180182814598083496e-01,0.000000000000000000e+00
8.627781271934509277e-01,-3.632501363754272461e-01,-2.358624488115310669e-01,8.200511336326599121e-01,-5.117673873901367188e-01,-2.561450600624084473e-01,0.000000000000000000e+00
1.715590804815292358e-01,-2.077289074659347534e-01,9.039656519889831543e-01,2.035766541957855225e-01,-3.605874776840209961e-01,9.102379679679870605e-01,0.000000000000000000e+00
1.141555905342102051e-01,7.577443122863769531e-01,5.494952201843261719e-01,1.237084865570068359e-01,7.914853692054748535e-01,5.985375046730041504e-01,0.000000000000000000e+00
-2.947872877120971680e-01,8.520141243934631348e-01,2.876939475536346436e-01,-3.420643508434295654e-01,8.937201499938964844e-01,2.902692556381225586e-01,0.000000000000000000e+00
8.950226902961730957e-01,3.286304473876953125e-01,6.570245325565338135e-02,9.026526212692260742e-01,4.210355579853057861e-01,8.914793282747268677e-02,0.000000000000000000e+00
5.282576680183410645e-01,-6.401077508926391602e-01,-4.991552233695983887e-01,5.672509670257568359e-01,-6.770053505897521973e-01,-4.689244031906127930e-01,0.000000000000000000e+00
-9.077525138854980469e-02,4.695307016372680664e-01,8.080909252166748047e-01,-1.178010776638984680e-01,4.840337336063385010e-01,8.670837283134460449e-01,0.000000000000000000e+00
-3.669068515300750732e-01,1.080462336540222168e-01,8.514307737350463867e-01,-4.476478397846221924e-01,9.481306374073028564e-02,8.891692161560058594e-01,0.000000000000000000e+00
3.174165487289428711e-01,-2.731411457061767578e-01,-8.900371193885803223e-01,2.215469628572463989e-01,-2.608852684497833252e-01,-9.396041035652160645e-01,0.000000000000000000e+00
2.801453471183776855e-01,9.118986725807189941e-01,-1.425496786832809448e-01,2.959291636943817139e-01,9.483613967895507812e-01,-1.141779124736785889e-01,0.000000000000000000e+00
7.022682428359985352e-01,-4.580220580101013184e-01,4.347252845764160156e-01,7.350152134895324707e-01,-5.107727050781250000e-01,4.459415674209594727e-01,0.000000000000000000e+00
-6.473035812377929688e-01,-6.794227361679077148e-01,-1.044685840606689453e-01,-6.876743435859680176e-01,-7.199187874794006348e-01,-9.391982853412628174e-02,0.000000000000000000e+00
-8.879131078720092773e-01,-2.404800951480865479e-01,-2.807511687278747559e-01,-9.250857830047607422e-01,-2.961647808551788330e-01,-2.377030998468399048e-01,0.000000000000000000e+00
-4.902028478682041168e-03,-8.557689189910888672e-01,-4.747935831546783447e-01,-1.539739519357681274e-01,-7.289234995841979980e-01,-6.670551896095275879e-01,0.000000000000000000e+00
8.096626400947570801e-01,1.393132656812667847e-01,4.786675274372100830e-01,8.316662907600402832e-01,1.996624097228050232e-02,5.549166798591613770e-01,0.000000000000000000e+00
4.743905663490295410e-01,-7.587828636169433594e-01,3.082730770111083984e-01,5.342743396759033203e-01,-7.879084944725036621e-01,3.061881661415100098e-01,0.000000000000000000e+00
-5.712049007415771484e-01,-5.582153052091598511e-02,7.323006391525268555e-01,-5.987712740898132324e-01,-6.935632973909378052e-02,7.979114651679992676e-01,0.000000000000000000e+00
-5.091776251792907715e-01,5.993268489837646484e-01,5.281206369400024414e-01,-9.874256700277328491e-02,8.798598051071166992e-01,4.648619592189788818e-01,0.000000000000000000e+00
-8.903866633772850037e-03,9.146113991737365723e-01,-3.576363921165466309e-01,-7.772469520568847656e-02,9.968922138214111328e-01,-1.283792592585086823e-02,0.000000000000000000e+00
-4.833732247352600098e-01,8.214715719223022461e-01,-3.799927234649658203e-02,-4.899806678295135498e-01,8.716759085655212402e-01,1.000278163701295853e-02,0.000000000000000000e+00
-2.642355561256408691e-01,2.045365869998931885e-01,8.739052414894104004e-01,-2.590203881263732910e-01,2.275673747062683105e-01,9.386807680130004883e-01,0.000000000000000000e+00
-3.497159779071807861e-01,-8.785547614097595215e-01,-5.311930552124977112e-02,-3.899911344051361084e-01,-9.204766154289245605e-01,-2.509293146431446075e-02,0.000000000000000000e+00
-6.045121550559997559e-01,5.092493891716003418e-01,-5.622356534004211426e-01,-6.439461112022399902e-01,5.448994040489196777e-01,-5.370456576347351074e-01,0.000000000000000000e+00
1.361874192953109741e-01,8.944050669670104980e-01,2.926602959632873535e-01,2.729145288467407227e-01,9.481238126754760742e-01,-1.630305200815200806e-01,0.000000000000000000e+00
2.050106972455978394e-01,-9.163830429315567017e-02,9.210587143898010254e-01,4.032687842845916748e-01,4.434605315327644348e-02,9.140064120292663574e-01,0.000000000000000000e+00
8.730065226554870605e-01,-3.902055323123931885e-01,-9.400648623704910278e-02,8.923019766807556152e-01,-4.500744938850402832e-01,-3.507279977202415466e-02,0.000000000000000000e+00
-4.609307646751403809e-01,-6.788763403892517090e-01,-5.041337609291076660e-01,-4.773873686790466309e-01,-7.291882634162902832e-01,-4.902915060520172119e-01,0.000000000000000000e+00
7.679854631423950195e-01,-4.921824038028717041e-01,2.566658854484558105e-01,7.927592396736145020e-01,-5.336281657218933105e-01,2.945738136768341064e-01,0.000000000000000000e+00
-3.376936540007591248e-02,6.512187123298645020e-01,6.790295243263244629e-01,-7.237279415130615234e-02,6.431846022605895996e-01,7.622832059860229492e-01,0.000000000000000000e+00
7.111615538597106934e-01,6.331562399864196777e-01,-1.115065068006515503e-01,7.361249923706054688e-01,6.742945909500122070e-01,-5.870915949344635010e-02,0.000000000000000000e+00
-6.107125282287597656e-01,-7.015130519866943359e-01,1.367819011211395264e-01,-6.412470340728759766e-01,-7.512727975845336914e-01,1.561775356531143188e-01,0.000000000000000000e+00
2.762389481067657471e-01,-7.772962450981140137e-01,4.600889384746551514e-01,3.108591139316558838e-01,-8.012890219688415527e-01,5.111775398254394531e-01,0.000000000000000000e+00
3.956826925277709961e-01,-6.705126911401748657e-02,8.506730198860168457e-01,4.434011876583099365e-01,-1.237293854355812073e-01,8.877423405647277832e-01,0.000000000000000000e+00
-3.002098202705383301e-01,-8.806610107421875000e-01,1.799675077199935913e-01,-3.401691913604736328e-01,-9.118999242782592773e-01,2.296157628297805786e-01,0.000000000000000000e+00
-8.610306978225708008e-01,4.043866097927093506e-01,-4.048045352101325989e-02,-8.893150687217712402e-01,4.572918117046356201e-01,-1.711762975901365280e-03,0.000000000000000000e+00
-1.612367033958435059e-01,9.408171176910400391e-01,-5.793046951293945312e-02,-2.134596258401870728e-01,9.768876433372497559e-01,1.120510324835777283e-02,0.000000000000000000e+00
-8.794438838958740234e-01,2.586907744407653809e-01,-2.957479655742645264e-01,-9.209518432617187500e-01,2.834545671939849854e-01,-2.673971354961395264e-01,0.000000000000000000e+00
7.160829305648803711e-01,-6.204659342765808105e-01,-1.135826557874679565e-01,7.422825694084167480e-01,-6.652138233184814453e-01,-8.066678792238235474e-02,0.000000000000000000e+00
2.309606224298477173e-01,-7.980432510375976562e-01,4.503921866416931152e-01,2.561931610107421875e-01,-8.408580422401428223e-01,4.767837822437286377e-01,0.000000000000000000e+00
-4.220654368400573730e-01,7.691736817359924316e-01,-3.999159336090087891e-01,-4.675405323505401611e-01,7.940755486488342285e-01,-3.883939087390899658e-01,0.000000000000000000e+00
8.464640378952026367e-01,4.121883809566497803e-01,-1.919597983360290527e-01,8.726224303245544434e-01,4.546088874340057373e-01,-1.784960776567459106e-01,0.000000000000000000e+00
-7.096993923187255859e-01,6.073403954505920410e-01,1.514855027198791504e-01,-7.467742562294006348e-01,6.450071334838867188e-01,1.621541529893875122e-01,0.000000000000000000e+00
-5.532818436622619629e-01,-3.880678415298461914e-01,-7.235618829727172852e-01,-5.312206745147705078e-01,-3.609877228736877441e-01,-7.664805650711059570e-01,0.000000000000000000e+00
-6.294229030609130859e-01,-6.710484027862548828e-01,1.861600726842880249e-01,-6.883965134620666504e-01,-6.872165799140930176e-01,2.320422977209091187e-01,0.000000000000000000e+00
-8.736097216606140137e-01,2.462524026632308960e-01,3.040450513362884521e-01,-9.391898512840270996e-01,3.153808414936065674e-01,1.358577162027359009e-01,0.000000000000000000e+00
-1.853537261486053467e-01,1.586119085550308228e-01,9.028970003128051758e-01,-2.220426946878433228e-01,1.664571762084960938e-01,9.607231616973876953e-01,0.000000000000000000e+00
8.688123822212219238e-01,3.816103637218475342e-01,7.944227755069732666e-02,8.982803821563720703e-01,4.293370246887207031e-01,9.360578656196594238e-02,0.000000000000000000e+00
5.467007160186767578e-01,7.795177698135375977e-01,4.295697063207626343e-02,5.536007285118103027e-01,8.285751342773437500e-01,8.360302448272705078e-02,0.000000000000000000e+00
6.351336836814880371e-01,-4.912530481815338135e-01,4.939099252223968506e-01,6.623644828796386719e-01,-5.337784886360168457e-01,5.256936550140380859e-01,0.000000000000000000e+00
-6.961410641670227051e-01,-6.022466421127319336e-01,-2.329335957765579224e-01,-7.457706332206726074e-01,-6.406056880950927734e-01,-1.828948259353637695e-01,0.000000000000000000e+00
6.789348125457763672e-01,2.655517458915710449e-01,6.198082566261291504e-01,5.058056712150573730e-01,6.306519508361816406e-01,5.885904431343078613e-01,0.000000000000000000e+00
1.277580857276916504e-01,8.463851213455200195e-01,-4.967358410358428955e-01,2.362495958805084229e-01,7.913591265678405762e-01,-5.638588666915893555e-01,0.000000000000000000e+00
8.039895296096801758e-01,2.139101326465606689e-01,4.774708151817321777e-01,8.505894541740417480e-01,1.900208592414855957e-01,4.902955293655395508e-01,0.000000000000000000e+00
-6.195523142814636230e-01,2.308283746242523193e-01,6.639376878738403320e-01,-6.459529995918273926e-01,1.876429319381713867e-01,7.399559617042541504e-01,0.000000000000000000e+00
-4.784429371356964111e-01,5.626603960990905762e-01,6.106963753700256348e-01,-4.143780767917633057e-01,6.579226851463317871e-01,6.288310885429382324e-01,0.000000000000000000e+00
7.687749266624450684e-01,-4.880706071853637695e-01,-3.275785446166992188e-01,7.845267653465270996e-01,-5.551517605781555176e-01,-2.762685120105743408e-01,0.000000000000000000e+00
-2.501996159553527832e-01,3.852339684963226318e-01,-8.568735718727111816e-01,-2.326227873563766479e-01,3.499989807605743408e-01,-9.074069261550903320e-01,0.000000000000000000e+00
6.018164753913879395e-01,7.408763170242309570e-01,-4.361976683139801025e-02,6.467589735984802246e-01,7.624189853668212891e-01,-2.049756050109863281e-02,0.000000000000000000e+00
2.880986034870147705e-01,-3.679842054843902588e-01,-8.590617775917053223e-01,2.390670776367187500e-01,-4.384118914604187012e-01,-8.663959503173828125e-01,0.000000000000000000e+00
-7.367696613073348999e-02,-8.033691048622131348e-01,-5.570471286773681641e-01,-1.212806552648544312e-01,-7.660743594169616699e-01,-6.312060952186584473e-01,0.000000000000000000e+00
2.804193496704101562e-01,7.037253379821777344e-01,5.644047260284423828e-01,3.238071799278259277e-01,7.343651056289672852e-01,5.965373516082763672e-01,0.000000000000000000e+00
3.041437566280364990e-01,6.239559650421142578e-01,6.390703916549682617e-01,3.298062682151794434e-01,6.504499316215515137e-01,6.842095255851745605e-01,0.000000000000000000e+00
-1.153789013624191284e-01,-2.426954507827758789e-01,9.102566838264465332e-01,-2.104904949665069580e-01,-5.700111985206604004e-01,7.942171692848205566e-01,0.000000000000000000e+00
-8.473656773567199707e-01,4.249583482742309570e-01,6.561885774135589600e-02,-9.030447602272033691e-01,4.194072484970092773e-01,9.277792274951934814e-02,0.000000000000000000e+00
8.907896280288696289e-01,-3.105409741401672363e-01,-2.464010119438171387e-01,8.630866408348083496e-01,-4.425901174545288086e-01,-2.433010637760162354e-01,0.000000000000000000e+00
-7.324439883232116699e-01,4.801940917968750000e-01,-4.032163918018341064e-01,-7.636637091636657715e-01,5.089016556739807129e-01,-3.972868621349334717e-01,0.000000000000000000e+00
7.265574336051940918e-01,-2.391536235809326172e-01,-6.245286464691162109e-01,8.537136912345886230e-01,-7.283439487218856812e-02,-5.156239271163940430e-01,0.000000000000000000e+00
-4.094439744949340820e-01,6.243997812271118164e-01,-6.227428317070007324e-01,-4.127910733222961426e-01,6.550059318542480469e-01,-6.329066157341003418e-01,0.000000000000000000e+00
-2.779163122177124023e-01,8.370856642723083496e-01,-3.950935900211334229e-01,-3.174504637718200684e-01,8.725482225418090820e-01,-3.713284432888031006e-01,0.000000000000000000e+00
7.955720424652099609e-01,-5.255099534988403320e-01,-5.464988946914672852e-02,8.308637738227844238e-01,-5.553910732269287109e-01,-3.472925350069999695e-02,0.000000000000000000e+00
-6.017622947692871094e-01,8.350830525159835815e-02,7.078536152839660645e-01,-6.369190812110900879e-01,7.333484292030334473e-02,7.674347758293151855e-01,0.000000000000000000e+00
6.610205173492431641e-01,-6.415742039680480957e-01,-2.768647372722625732e-01,6.950161457061767578e-01,-6.805677413940429688e-01,-2.319052815437316895e-01,0.000000000000000000e+00
-9.361840486526489258e-01,1.593374758958816528e-01,8.748956769704818726e-02,-9.439360499382019043e-01,3.285464644432067871e-01,3.227953985333442688e-02,0.000000000000000000e+00
5.955827832221984863e-01,-5.842998623847961426e-01,-4.929063916206359863e-01,6.197332739830017090e-01,-6.200932264328002930e-01,-4.810561835765838623e-01,0.000000000000000000e+00
4.549619257450103760e-01,-1.005938872694969177e-01,8.150743842124938965e-01,4.711305797100067139e-01,-1.157301515340805054e-01,8.744384050369262695e-01,0.000000000000000000e+00
7.985954284667968750e-01,9.251249581575393677e-02,5.082529187202453613e-01,9.358763694763183594e-01,1.212182454764842987e-02,3.521199822425842285e-01,0.000000000000000000e+00
-6.755816936492919922e-01,-6.294314265251159668e-01,-2.162618935108184814e-01,-7.385668754577636719e-01,-6.440885066986083984e-01,-1.991706192493438721e-01,0.000000000000000000e+00
6.127583980560302734e-01,-6.886251568794250488e-01,-2.693282663822174072e-01,6.283545494079589844e-01,-7.364920377731323242e-01,-2.504995763301849365e-01,0.000000000000000000e+00
4.575454592704772949e-01,-3.454310297966003418e-01,7.408357858657836914e-01,4.904810786247253418e-01,-3.972234427928924561e-01,7.756557464599609375e-01,0.000000000000000000e+00
6.890901364386081696e-03,9.662096500396728516e-01,2.509530261158943176e-02,5.488547496497631073e-03,9.996504783630371094e-01,-2.586072869598865509e-02,0.000000000000000000e+00
4.667473137378692627e-01,-7.954896092414855957e-01,2.163327634334564209e-01,5.087952017784118652e-01,-8.240942955017089844e-01,2.489900439977645874e-01,0.000000000000000000e+00
9.294511079788208008e-01,2.373765259981155396e-01,4.714380949735641479e-02,9.516790509223937988e-01,3.057204484939575195e-01,2.901712059974670410e-02,0.000000000000000000e+00
1.996336430311203003e-01,7.937658429145812988e-01,4.738526344299316406e-01,2.071544229984283447e-01,8.273647427558898926e-01,5.220676660537719727e-01,0.000000000000000000e+00
-3.564791381359100342e-01,-2.955020368099212646e-01,8.068296313285827637e-01,-4.045103192329406738e-01,-3.031916022300720215e-01,8.628129959106445312e-01,0.000000000000000000e+00
4.588135182857513428e-01,8.384268879890441895e-01,-6.715634465217590332e-02,4.937855005264282227e-01,8.694652915000915527e-01,-1.435211580246686935e-02,0.000000000000000000e+00
2.104949951171875000e-01,8.426791429519653320e-01,3.774412572383880615e-01,2.417174875736236572e-01,8.815850019454956055e-01,4.054387211799621582e-01,0.000000000000000000e+00
6.928305029869079590e-01,-4.881682395935058594e-01,-4.765594899654388428e-01,7.091903686523437500e-01,-5.518385171890258789e-01,-4.387748241424560547e-01,0.000000000000000000e+00
4.769648313522338867e-01,8.282878398895263672e-01,-3.759078308939933777e-02,5.000474452972412109e-01,8.659836649894714355e-01,4.977750126272439957e-03,0.000000000000000000e+00
6.367771029472351074e-01,2.650018036365509033e-02,-7.378477454185485840e-01,6.431415677070617676e-01,4.559265077114105225e-02,-7.643887996673583984e-01,0.000000000000000000e+00
5.134732127189636230e-01,4.901191294193267822e-01,6.210190057754516602e-01,5.264766216278076172e-01,5.259853601455688477e-01,6.679534316062927246e-01,0.000000000000000000e+00
-6.604044437408447266e-01,-2.171009480953216553e-01,6.216716766357421875e-01,-6.878287196159362793e-01,-2.795801758766174316e-01,6.698705554008483887e-01,0.000000000000000000e+00
-4.977257177233695984e-02,9.499287605285644531e-01,1.508111059665679932e-01,-1.778523325920104980e-01,9.840176701545715332e-01,-8.820537477731704712e-03,0.000000000000000000e+00
1.821483373641967773e-01,-9.183585047721862793e-01,-2.222973108291625977e-01,2.386791259050369263e-01,-9.563618302345275879e-01,-1.685358285903930664e-01,0.000000000000000000e+00
3.470537066459655762e-01,-8.313835263252258301e-01,2.895835936069488525e-01,3.512900769710540771e-01,-8.814346790313720703e-01,3.157026469707489014e-01,0.000000000000000000e+00
-7.253259420394897461e-01,-5.615489482879638672e-01,1.935249716043472290e-01,-7.660874724388122559e-01,-5.942490696907043457e-01,2.449041455984115601e-01,0.000000000000000000e+00
7.537192702293395996e-01,-5.783412456512451172e-01,-9.426479041576385498e-02,7.819268703460693359e-01,-6.204235553741455078e-01,-6.053919717669487000e-02,0.000000000000000000e+00
-3.359378874301910400e-01,-3.511559367179870605e-01,-8.530250191688537598e-01,-3.335486948490142822e-01,-3.449198305606842041e-01,-8.773685693740844727e-01,0.000000000000000000e+00
5.187172293663024902e-01,-6.708426475524902344e-01,4.134300649166107178e-01,5.446042418479919434e-01,-7.097492814064025879e-01,4.468356966972351074e-01,0.000000000000000000e+00
-1.277792751789093018e-01,8.435062766075134277e-01,4.395182132720947266e-01,-4.252016171813011169e-02,9.420241713523864746e-01,3.328400552272796631e-01,0.000000000000000000e+00
3.647606819868087769e-02,3.020674921572208405e-02,-9.693196415901184082e-01,2.681422606110572815e-02,4.940661042928695679e-02,-9.984187483787536621e-01,0.000000000000000000e+00
3.506698608398437500e-01,2.729130536317825317e-02,8.861643671989440918e-01,5.361555814743041992e-01,-1.478395611047744751e-01,8.310719728469848633e-01,0.000000000000000000e+00
8.117601871490478516e-01,-2.094433158636093140e-01,4.437775611877441406e-01,8.529238104820251465e-01,-1.979041695594787598e-01,4.830682575702667236e-01,0.000000000000000000e+00
4.739986062049865723e-01,-7.097678780555725098e-01,4.033957719802856445e-01,4.986323714256286621e-01,-7.404788732528686523e-01,4.506182372570037842e-01,0.000000000000000000e+00
-3.092164397239685059e-01,9.342776238918304443e-02,-9.211321473121643066e-01,-2.938916385173797607e-01,1.082837730646133423e-01,-9.496853947639465332e-01,0.000000000000000000e+00
8.720878958702087402e-01,1.287880986928939819e-01,-4.014659523963928223e-01,8.968100547790527344e-01,1.483255326747894287e-01,-4.168108403682708740e-01,0.000000000000000000e+00
3.893440067768096924e-01,8.226106762886047363e-01,-3.304763138294219971e-01,4.064113199710845947e-01,8.551505208015441895e-01,-3.217878937721252441e-01,0.000000000000000000e+00
-3.876192867755889893e-01,-6.491246223449707031e-01,5.507078766822814941e-01,-4.487010836601257324e-01,-6.792003512382507324e-01,5.808220505714416504e-01,0.000000000000000000e+00
9.300251603126525879e-01,-1.908863186836242676e-01,-2.430190145969390869e-01,9.016335010528564453e-01,-4.227561950683593750e-01,-9.129203110933303833e-02,0.000000000000000000e+00
-3.994789421558380127e-01,8.387132287025451660e-01,-2.372907847166061401e-01,-4.154106974601745605e-01,8.853747248649597168e-01,-2.086757868528366089e-01,0.000000000000000000e+00
-5.971800684928894043e-01,-1.408681273460388184e-01,7.009539008140563965e-01,-6.204400658607482910e-01,-1.718045920133590698e-01,7.652041316032409668e-01,0.000000000000000000e+00
-7.026914954185485840e-01,-4.863401651382446289e-01,-4.395962655544281006e-01,-7.392246127128601074e-01,-5.457817912101745605e-01,-3.945493698120117188e-01,0.000000000000000000e+00
5.691547393798828125e-01,-5.952103137969970703e-01,-5.123620629310607910e-01,6.018064022064208984e-01,-6.266625523567199707e-01,-4.950990974903106689e-01,0.000000000000000000e+00
6.669203042984008789e-01,5.536333918571472168e-01,-4.291908442974090576e-01,6.915077567100524902e-01,5.776017308235168457e-01,-4.338125288486480713e-01,0.000000000000000000e+00
1.483546793460845947e-01,-2.673550844192504883e-01,8.879138827323913574e-01,2.007494568824768066e-01,-3.169737458229064941e-01,9.269451498985290527e-01,0.000000000000000000e+00
-1.865384578704833984e-01,1.835897266864776611e-01,-9.342823028564453125e-01,-1.246240139007568359e-01,2.111343890428543091e-01,-9.694797992706298828e-01,0.000000000000000000e+00
-8.096328973770141602e-01,2.426425069570541382e-01,-4.735114276409149170e-01,-8.280498981475830078e-01,2.837674915790557861e-01,-4.835383594036102295e-01,0.000000000000000000e+00
3.411961495876312256e-01,-4.568283855915069580e-01,-7.911276221275329590e-01,3.091353476047515869e-01,-4.982241690158843994e-01,-8.100666999816894531e-01,0.000000000000000000e+00
3.041576445102691650e-01,6.786821484565734863e-01,5.823486447334289551e-01,3.238071799278259277e-01,7.343651056289672852e-01,5.965373516082763672e-01,0.000000000000000000e+00
-1.929370015859603882e-01,7.860645651817321777e-01,-5.413193702697753906e-01,-2.503833770751953125e-01,8.140267729759216309e-01,-5.240883231163024902e-01,0.000000000000000000e+00
-1.306455284357070923e-01,-5.440832972526550293e-01,-8.009718656539916992e-01,-1.526684015989303589e-01,-5.616747140884399414e-01,-8.131505846977233887e-01,0.000000000000000000e+00
-2.350720465183258057e-01,4.004593491554260254e-01,-8.538929820060729980e-01,-1.843039840459823608e-01,4.013039767742156982e-01,-8.972107768058776855e-01,0.000000000000000000e+00
-8.837206959724426270e-01,1.350242048501968384e-01,3.306974470615386963e-01,-9.627185463905334473e-01,-5.447629094123840332e-02,2.649627923965454102e-01,0.000000000000000000e+00
-2.844858169555664062e-01,8.789199590682983398e-01,-2.631113529205322266e-01,-3.210926651954650879e-01,9.196314811706542969e-01,-2.262243926525115967e-01,0.000000000000000000e+00
-4.521450996398925781e-01,1.731467247009277344e-01,-8.497174382209777832e-01,-4.883469939231872559e-01,1.646542400121688843e-01,-8.569750189781188965e-01,0.000000000000000000e+00
2.175544500350952148e-01,-2.111449837684631348e-02,-9.639557003974914551e-01,6.881818920373916626e-02,1.139684468507766724e-01,-9.910979866981506348e-01,0.000000000000000000e+00
9.146394133567810059e-01,-4.042318090796470642e-02,-3.286125361919403076e-01,9.364134073257446289e-01,2.715563215315341949e-02,-3.498464822769165039e-01,0.000000000000000000e+00
-8.901920318603515625e-01,1.667505651712417603e-01,-3.374548554420471191e-01,-9.336819648742675781e-01,1.977989822626113892e-01,-2.985188663005828857e-01,0.000000000000000000e+00
-4.311976432800292969e-01,-1.334265340119600296e-02,8.253605365753173828e-01,-4.728256165981292725e-01,-2.416050806641578674e-02,8.808247447013854980e-01,0.000000000000000000e+00
-5.777059793472290039e-01,-4.609317183494567871e-01,5.618290901184082031e-01,-6.442211270332336426e-01,-4.931012094020843506e-01,5.846625566482543945e-01,0.000000000000000000e+00
-9.485620856285095215e-01,-1.879468443803489208e-03,1.791511625051498413e-01,-9.647834300994873047e-01,-1.787631213665008545e-01,1.929680854082107544e-01,0.000000000000000000e+00
1.062138676643371582e-01,-8.253943324089050293e-01,-4.961641728878021240e-01,2.410960197448730469e-01,-8.417454957962036133e-01,-4.830499589443206787e-01,0.000000000000000000e+00
-8.874475955963134766e-01,3.423696756362915039e-01,-5.452919378876686096e-02,-9.283798336982727051e-01,3.703581392765045166e-01,-3.075214847922325134e-02,0.000000000000000000e+00
9.423788785934448242e-01,-1.689100265502929688e-01,1.001212745904922485e-01,9.523814320564270020e-01,-2.769474089145660400e-01,1.275530010461807251e-01,0.000000000000000000e+00
5.344266891479492188e-01,7.869801521301269531e-01,-1.147334650158882141e-01,5.727999210357666016e-01,8.141298890113830566e-01,-9.535568952560424805e-02,0.000000000000000000e+00
-1.339428424835205078e-01,-6.028087735176086426e-01,-7.619182467460632324e-01,-1.146944016218185425e-01,-5.441175103187561035e-01,-8.311325311660766602e-01,0.000000000000000000e+00
-8.244093060493469238e-01,-4.228326082229614258e-01,1.648334562778472900e-01,-8.675452470779418945e-01,-4.561131000518798828e-01,1.983079910278320312e-01,0.000000000000000000e+00
8.659083843231201172e-01,3.251755535602569580e-01,2.378917187452316284e-01,8.906626701354980469e-01,3.965246975421905518e-01,2.224593460559844971e-01,0.000000000000000000e+00
-6.239702925086021423e-02,4.718390107154846191e-01,-8.515241742134094238e-01,-3.278483450412750244e-01,4.055560231208801270e-01,-8.532524704933166504e-01,0.000000000000000000e+00
-9.157844781875610352e-01,2.033492326736450195e-01,-2.091922909021377563e-01,-9.521712660789489746e-01,2.247943431138992310e-01,-2.069718688726425171e-01,0.000000000000000000e+00
-9.269862771034240723e-01,-1.902085244655609131e-01,8.279139548540115356e-02,-9.606426358222961426e-01,-2.605304121971130371e-01,9.638257324695587158e-02,0.000000000000000000e+00
5.975860357284545898e-01,6.404821872711181641e-01,3.627963662147521973e-01,6.111364960670471191e-01,6.911665797233581543e-01,3.857472836971282959e-01,0.000000000000000000e+00
-2.727267146110534668e-02,-9.199891090393066406e-01,-2.809023559093475342e-01,-5.511359777301549911e-04,-8.617741465568542480e-01,-5.072918534278869629e-01,0.000000000000000000e+00
-7.943397760391235352e-01,4.778236746788024902e-01,-2.425856888294219971e-01,-8.327056169509887695e-01,5.137824416160583496e-01,-2.064677476882934570e-01,0.000000000000000000e+00
-8.130294680595397949e-01,-2.911163270473480225e-01,3.646271824836730957e-01,-8.502477407455444336e-01,-3.302000761032104492e-01,4.099349677562713623e-01,0.000000000000000000e+00
6.973559260368347168e-01,-5.506064891815185547e-01,3.215081095695495605e-01,7.269709706306457520e-01,-5.796089768409729004e-01,3.681937158107757568e-01,0.000000000000000000e+00
4.680345952510833740e-01,-3.166908621788024902e-01,7.470605373382568359e-01,4.718814194202423096e-01,-3.450148999691009521e-01,8.113523721694946289e-01,0.000000000000000000e+00
9.545384049415588379e-01,-1.720157861709594727e-01,-9.436503052711486816e-02,9.870327115058898926e-01,6.005523353815078735e-02,-1.488617062568664551e-01,0.000000000000000000e+00
-6.839791312813758850e-03,7.627512812614440918e-01,-6.206172108650207520e-01,-3.604516759514808655e-02,6.124924421310424805e-01,-7.896541953086853027e-01,0.000000000000000000e+00
1.984866149723529816e-02,4.911917746067047119e-01,8.026186823844909668e-01,2.133653266355395317e-03,5.071046352386474609e-01,8.618818521499633789e-01,0.000000000000000000e+00
7.232228517532348633e-01,-5.407644510269165039e-01,2.820225358009338379e-01,7.346367835998535156e-01,-5.919800400733947754e-01,3.314641118049621582e-01,0.000000000000000000e+00
3.737058937549591064e-01,1.693242937326431274e-01,-8.749695420265197754e-01,3.935352563858032227e-01,2.583733499050140381e-01,-8.822546005249023438e-01,0.000000000000000000e+00
6.682900786399841309e-01,-5.939080566167831421e-02,-7.118492722511291504e-01,7.080857753753662109e-01,-3.664153814315795898e-02,-7.051751017570495605e-01,0.000000000000000000e+00
-5.591902136802673340e-01,7.710424065589904785e-01,-3.477464988827705383e-02,-5.809103846549987793e-01,8.135809302330017090e-01,2.508454769849777222e-02,0.000000000000000000e+00
6.902309060096740723e-01,-6.419264078140258789e-01,-1.617036759853363037e-01,7.239474058151245117e-01,-6.799530982971191406e-01,-1.164644956588745117e-01,0.000000000000000000e+00
9.269177913665771484e-01,-3.672613948583602905e-02,2.197194993495941162e-01,7.634347677230834961e-01,-1.981641203165054321e-01,6.147343516349792480e-01,0.000000000000000000e+00
-7.888433337211608887e-01,-5.178760290145874023e-01,-5.173750594258308411e-02,-8.333831429481506348e-01,-5.511495471000671387e-01,-4.131269454956054688e-02,0.000000000000000000e+00
-6.287257075309753418e-01,4.601981639862060547e-01,5.536875724792480469e-01,-6.985650658607482910e-01,5.630961656570434570e-01,4.415082931518554688e-01,0.000000000000000000e+00
3.302400112152099609e-01,-3.971046507358551025e-01,-8.301882147789001465e-01,2.847190201282501221e-01,-4.690809547901153564e-01,-8.360012769699096680e-01,0.000000000000000000e+00
-7.040151357650756836e-01,-2.744821906089782715e-01,5.464724302291870117e-01,-7.257636189460754395e-01,-3.215022981166839600e-01,6.081968545913696289e-01,0.000000000000000000e+00
-4.754976555705070496e-02,-9.451991319656372070e-01,2.309395670890808105e-01,-5.375402793288230896e-02,-9.936501979827880859e-01,9.884221106767654419e-02,0.000000000000000000e+00
-5.689780116081237793e-01,-4.615235328674316406e-01,5.709469914436340332e-01,-6.442211270332336426e-01,-4.931012094020843506e-01,5.846625566482543945e-01,0.000000000000000000e+00
4.049363136291503906e-01,-8.509778976440429688e-01,-1.544708162546157837e-01,3.947744667530059814e-01,-9.126512408256530762e-01,-1.059281527996063232e-01,0.000000000000000000e+00
-6.824949383735656738e-02,1.606563031673431396e-01,9.207118153572082520e-01,-8.519084006547927856e-02,1.959222108125686646e-01,9.769119620323181152e-01,0.000000000000000000e+00
2.917516827583312988e-01,-9.068260192871093750e-01,-4.823782294988632202e-02,3.268686234951019287e-01,-9.440938234329223633e-01,-4.293948411941528320e-02,0.000000000000000000e+00
-6.134711205959320068e-02,-1.660205610096454620e-02,-9.695324897766113281e-01,-4.267222434282302856e-02,-1.580384001135826111e-02,-9.989641308784484863e-01,0.000000000000000000e+00
-6.113200187683105469e-01,7.098624110221862793e-01,-1.998185366392135620e-01,-6.437746882438659668e-01,7.422187924385070801e-01,-1.861865073442459106e-01,0.000000000000000000e+00
-7.308793067932128906e-01,-1.770757138729095459e-01,-6.411499977111816406e-01,-7.513759136199951172e-01,-1.956566721200942993e-01,-6.302005052566528320e-01,0.000000000000000000e+00
-7.008014917373657227e-01,3.370816707611083984e-01,-5.832493901252746582e-01,-7.521828413009643555e-01,3.328336179256439209e-01,-5.687202811241149902e-01,0.000000000000000000e+00
-2.498821169137954712e-01,9.133722186088562012e-01,7.293903827667236328e-02,-2.664032876491546631e-01,9.612270593643188477e-01,7.121665030717849731e-02,0.000000000000000000e+00
8.583809137344360352e-01,-4.107414782047271729e-01,-1.436284482479095459e-01,8.665698766708374023e-01,-4.835458695888519287e-01,-1.234506815671920776e-01,0.000000000000000000e+00
8.090621829032897949e-01,3.334210216999053955e-01,3.939688503742218018e-01,9.335373640060424805e-01,3.173121809959411621e-01,1.667963564395904541e-01,0.000000000000000000e+00
6.958433985710144043e-01,4.927534759044647217e-01,4.211263954639434814e-01,7.006840705871582031e-01,5.462599992752075195e-01,4.589573144912719727e-01,0.000000000000000000e+00
-8.797987699508666992e-01,-3.506032228469848633e-01,-4.434724897146224976e-02,-9.261780381202697754e-01,-3.759471476078033447e-01,-2.929141186177730560e-02,0.000000000000000000e+00
5.468427538871765137e-01,-2.841915488243103027e-01,7.089971899986267090e-01,5.719403028488159180e-01,-3.181767761707305908e-01,7.560739517211914062e-01,0.000000000000000000e+00
-8.976792097091674805e-01,-1.671278774738311768e-01,2.439057976007461548e-01,-9.393696188926696777e-01,-2.295077890157699585e-01,2.547761499881744385e-01,0.000000000000000000e+00
-2.302554696798324585e-01,8.844944834709167480e-01,-3.028971254825592041e-01,-2.574114501476287842e-01,9.294280409812927246e-01,-2.643914222717285156e-01,0.000000000000000000e+00
1.878065019845962524e-01,-4.802574217319488525e-01,7.812410593032836914e-01,1.949128806591033936e-01,-4.977015852928161621e-01,8.451639413833618164e-01,0.000000000000000000e+00
3.492563366889953613e-01,-6.109659671783447266e-01,6.214681267738342285e-01,3.580611646175384521e-01,-6.518668532371520996e-01,6.684772372245788574e-01,0.000000000000000000e+00
-8.507476449012756348e-01,4.102091491222381592e-01,-1.431770920753479004e-01,-9.029119610786437988e-01,4.153603613376617432e-01,-1.105703189969062805e-01,0.000000000000000000e+00
6.266140341758728027e-01,6.483806967735290527e-01,2.939138114452362061e-01,6.595563888549804688e-01,6.802096366882324219e-01,3.198441267013549805e-01,0.000000000000000000e+00
3.739684522151947021e-01,6.964469552040100098e-01,5.145437121391296387e-01,4.124042391777038574e-01,7.187165617942810059e-01,5.597939491271972656e-01,0.000000000000000000e+00
6.798622012138366699e-01,-1.273003369569778442e-01,-6.934311985969543457e-01,6.612674593925476074e-01,-1.105538904666900635e-01,-7.419589757919311523e-01,0.000000000000000000e+00
-1.625482738018035889e-02,3.180746436119079590e-01,-9.145178198814392090e-01,-1.933031976222991943e-01,3.752569556236267090e-01,-9.065406918525695801e-01,0.000000000000000000e+00
5.973579883575439453e-01,5.380927324295043945e-01,4.976156055927276611e-01,5.870905518531799316e-01,5.985690951347351074e-01,5.450135469436645508e-01,0.000000000000000000e+00
3.364355489611625671e-02,-2.639092206954956055e-01,9.169946908950805664e-01,2.357650101184844971e-01,-2.782465517520904541e-01,9.311249852180480957e-01,0.000000000000000000e+00
6.020433306694030762e-01,4.372878074645996094e-01,-6.192603707313537598e-01,6.000347733497619629e-01,4.816418290138244629e-01,-6.387326717376708984e-01,0.000000000000000000e+00
2.555584907531738281e-01,-9.196870923042297363e-01,-1.359468884766101837e-02,3.014934360980987549e-01,-9.523076415061950684e-01,4.703099653124809265e-02,0.000000000000000000e+00
-2.703456282615661621e-01,9.114311337471008301e-01,2.258957736194133759e-02,-2.664032876491546631e-01,9.612270593643188477e-01,7.121665030717849731e-02,0.000000000000000000e+00
-5.863129496574401855e-01,4.890991747379302979e-01,-5.991205573081970215e-01,-5.915974378585815430e-01,5.171881914138793945e-01,-6.184891462326049805e-01,0.000000000000000000e+00
-8.990913033485412598e-01,-2.480479180812835693e-01,1.514804810285568237e-01,-9.427890777587890625e-01,-2.779014706611633301e-01,1.841724663972854614e-01,0.000000000000000000e+00
-7.147080898284912109e-01,6.269428730010986328e-01,1.169191114604473114e-02,-7.594094872474670410e-01,6.490333080291748047e-01,4.531056806445121765e-02,0.000000000000000000e+00
-1.025703623890876770e-01,-1.451851520687341690e-02,9.333688020706176758e-01,-1.333491355180740356e-01,6.329322606325149536e-02,9.890459775924682617e-01,0.000000000000000000e+00
-6.002488136291503906e-01,2.075142413377761841e-01,6.867010593414306641e-01,-6.459529995918273926e-01,1.876429319381713867e-01,7.399559617042541504e-01,0.000000000000000000e+00
-1.309317350387573242e-01,4.245547056198120117e-01,8.259128332138061523e-01,-1.403750628232955933e-01,4.267137348651885986e-01,8.934261202812194824e-01,0.000000000000000000e+00
4.759995341300964355e-01,-7.469130158424377441e-01,3.311712443828582764e-01,5.224173069000244141e-01,-7.707674503326416016e-01,3.646884858608245850e-01,0.000000000000000000e+00
-1.511650346219539642e-02,-9.002587199211120605e-01,3.259665668010711670e-01,-8.531457185745239258e-02,-9.903063774108886719e-01,1.096116900444030762e-01,0.000000000000000000e+00
9.552856683731079102e-01,-9.814731031656265259e-02,-1.879950314760208130e-01,9.768712520599365234e-01,1.780916452407836914e-01,1.183466985821723938e-01,0.000000000000000000e+00
6.890535950660705566e-01,-3.241439461708068848e-01,-6.331997513771057129e-01,8.220897912979125977e-01,-2.083094865083694458e-01,-5.298826098442077637e-01,0.000000000000000000e+00
4.024960100650787354e-01,5.825118422508239746e-01,-6.661447882652282715e-01,4.304581880569458008e-01,5.971709489822387695e-01,-6.768254041671752930e-01,0.000000000000000000e+00
6.617296338081359863e-01,-6.711374521255493164e-01,-1.543895602226257324e-01,6.943750381469726562e-01,-7.103017568588256836e-01,-1.153893023729324341e-01,0.000000000000000000e+00
5.019510537385940552e-02,6.964720487594604492e-01,6.322236061096191406e-01,7.348597049713134766e-02,7.468091249465942383e-01,6.609659194946289062e-01,0.000000000000000000e+00
6.404278874397277832e-01,6.983338594436645508e-01,-1.512624174356460571e-01,6.630707383155822754e-01,7.394605278968811035e-01,-1.163414269685745239e-01,0.000000000000000000e+00
9.627631902694702148e-01,-3.814141452312469482e-02,1.099566221237182617e-01,9.014018177986145020e-01,-7.103658467531204224e-02,4.271165430545806885e-01,0.000000000000000000e+00
2.386691570281982422e-01,-5.509258508682250977e-01,-7.669644355773925781e-01,2.191320955753326416e-01,-5.864999890327453613e-01,-7.797428369522094727e-01,0.000000000000000000e+00
-1.303521841764450073e-01,6.604247689247131348e-01,-7.070721387863159180e-01,-1.384400725364685059e-01,7.243071794509887695e-01,-6.754357814788818359e-01,0.000000000000000000e+00
5.180178284645080566e-01,4.853680431842803955e-01,-6.650200486183166504e-01,5.939364433288574219e-01,4.806514680385589600e-01,-6.451462507247924805e-01,0.000000000000000000e+00
1.959846317768096924e-01,-3.396498560905456543e-01,-8.956412076950073242e-01,1.893494129180908203e-01,-3.651101589202880859e-01,-9.115049839019775391e-01,0.000000000000000000e+00
-4.752118289470672607e-01,7.850295901298522949e-01,2.266029864549636841e-01,-5.284090042114257812e-01,8.103982210159301758e-01,2.530585527420043945e-01,0.000000000000000000e+00
4.861602559685707092e-02,8.335193991661071777e-01,4.532682299613952637e-01,9.206726402044296265e-02,8.201220631599426270e-01,5.647330880165100098e-01,0.000000000000000000e+00
-1.950100064277648926e-01,9.324715137481689453e-01,-6.913154385983943939e-03,-2.241236865520477295e-01,9.738035798072814941e-01,3.840820863842964172e-02,0.000000000000000000e+00
-7.121268510818481445e-01,6.156096458435058594e-01,-1.690005213022232056e-01,-7.680952548980712891e-01,6.287972927093505859e-01,-1.210108473896980286e-01,0.000000000000000000e+00
-4.514212012290954590e-01,-5.377416014671325684e-01,-6.750532984733581543e-01,-7.354524731636047363e-01,-5.593408346176147461e-01,-3.824232518672943115e-01,0.000000000000000000e+00
1.862540692090988159e-01,-7.474306225776672363e-01,-5.802499651908874512e-01,1.657826304435729980e-01,-7.829446196556091309e-01,-5.995947122573852539e-01,0.000000000000000000e+00
9.030977487564086914e-01,-3.207859992980957031e-01,1.825908012688159943e-02,9.353960752487182617e-01,-3.518264591693878174e-01,3.538791090250015259e-02,0.000000000000000000e+00
1.123442947864532471e-01,3.675141036510467529e-01,-8.858988881111145020e-01,3.616946935653686523e-01,9.206552058458328247e-02,-9.277396798133850098e-01,0.000000000000000000e+00
1.931703686714172363e-01,-8.582570552825927734e-01,3.536153435707092285e-01,2.417316734790802002e-01,-8.912377357482910156e-01,3.837461769580841064e-01,0.000000000000000000e+00
-1.776023954153060913e-01,6.191043257713317871e-01,6.914774775505065918e-01,-1.553856432437896729e-01,6.094016432762145996e-01,7.774863243103027344e-01,0.000000000000000000e+00
3.473497033119201660e-01,-4.477719068527221680e-01,-7.943494319915771484e-01,3.091353476047515869e-01,-4.982241690158843994e-01,-8.100666999816894531e-01,0.000000000000000000e+00
-7.712057828903198242e-01,-3.742076754570007324e-01,3.764973878860473633e-01,-8.275350928306579590e-01,-4.067377746105194092e-01,3.869755864143371582e-01,0.000000000000000000e+00
1.113508492708206177e-01,5.424302220344543457e-01,7.620515227317810059e-01,1.013344451785087585e-01,5.928931832313537598e-01,7.988798618316650391e-01,0.000000000000000000e+00
2.511509135365486145e-02,2.708261311054229736e-01,-9.354298710823059082e-01,-1.466829925775527954e-01,-4.619061574339866638e-02,-9.881045222282409668e-01,0.000000000000000000e+00
-3.487294614315032959e-01,7.760027647018432617e-01,4.121833145618438721e-01,-3.823199868202209473e-01,8.326982855796813965e-01,4.005558490753173828e-01,0.000000000000000000e+00
9.443755149841308594e-01,1.825659871101379395e-01,3.135372884571552277e-03,9.694430232048034668e-01,2.453003674745559692e-01,2.811388345435261726e-03,0.000000000000000000e+00
1.371811423450708389e-02,6.433784961700439453e-01,-7.487411499023437500e-01,1.016954034566879272e-01,8.914983272552490234e-01,-4.414620995521545410e-01,0.000000000000000000e+00
1.848707348108291626e-01,9.197846651077270508e-01,1.884576529264450073e-01,2.279850542545318604e-01,9.686354398727416992e-01,9.883441030979156494e-02,0.000000000000000000e+00
9.343252778053283691e-01,1.924644112586975098e-01,-1.159800291061401367e-01,9.765809178352355957e-01,1.970874220132827759e-01,-8.629202842712402344e-02,0.000000000000000000e+00
6.330589652061462402e-01,2.284819632768630981e-01,6.725252866744995117e-01,6.942386031150817871e-01,2.347444593906402588e-01,6.803879737854003906e-01,0.000000000000000000e+00
-6.734061241149902344e-01,-2.691630721092224121e-01,5.850954651832580566e-01,-7.129192948341369629e-01,-3.130086362361907959e-01,6.275122761726379395e-01,0.000000000000000000e+00
7.518607378005981445e-01,1.672339141368865967e-01,-5.919375419616699219e-01,7.345792651176452637e-01,3.127547800540924072e-01,-6.021443009376525879e-01,0.000000000000000000e+00
-6.336243748664855957e-01,5.586189031600952148e-01,4.232281744480133057e-01,-6.806601881980895996e-01,5.963450074195861816e-01,4.255282580852508545e-01,0.000000000000000000e+00
-6.797150373458862305e-01,-2.726366370916366577e-02,-7.047806978225708008e-01,-6.866470575332641602e-01,7.539268117398023605e-03,-7.269518375396728516e-01,0.000000000000000000e+00
6.723343133926391602e-01,5.465394258499145508e-01,3.883162140846252441e-01,6.832156181335449219e-01,5.911322832107543945e-01,4.286945760250091553e-01,0.000000000000000000e+00
9.341908991336822510e-02,1.757662743330001831e-01,-9.670073390007019043e-01,5.289338063448667526e-03,-3.583913436159491539e-03,-9.999796152114868164e-01,0.000000000000000000e+00
-6.243069767951965332e-01,1.595188975334167480e-01,-7.324660420417785645e-01,-6.344307661056518555e-01,1.863565295934677124e-01,-7.501792311668395996e-01,0.000000000000000000e+00
-4.924067556858062744e-01,-7.918565869331359863e-01,1.353937089443206787e-01,-5.208318829536437988e-01,-8.396564722061157227e-01,1.539843827486038208e-01,0.000000000000000000e+00
4.639328718185424805e-01,-5.301685333251953125e-01,6.184853911399841309e-01,4.773762226104736328e-01,-5.409244298934936523e-01,6.924685239791870117e-01,0.000000000000000000e+00
7.638618350028991699e-01,5.679258704185485840e-01,5.286805704236030579e-02,7.931995987892150879e-01,6.026671528816223145e-01,8.733094483613967896e-02,0.000000000000000000e+00
-5.669891238212585449e-01,4.353203773498535156e-01,-6.574867367744445801e-01,-5.958445668220520020e-01,4.442123174667358398e-01,-6.690624952316284180e-01,0.000000000000000000e+00
3.864650428295135498e-01,-6.013396382331848145e-01,-6.587759256362915039e-01,4.452754259109497070e-01,-6.318923234939575195e-01,-6.343830823898315430e-01,0.000000000000000000e+00
3.132392764091491699e-01,-3.246491849422454834e-01,-8.721885681152343750e-01,2.422083914279937744e-01,-3.898282349109649658e-01,-8.884644508361816406e-01,0.000000000000000000e+00
4.703952670097351074e-01,-8.256443142890930176e-01,-7.929363101720809937e-02,4.777951240539550781e-01,-8.782601952552795410e-01,-1.925755850970745087e-02,0.000000000000000000e+00
-7.826733589172363281e-02,3.669699132442474365e-01,8.588822484016418457e-01,-6.205426901578903198e-02,3.917825818061828613e-01,9.179627895355224609e-01,0.000000000000000000e+00
-8.878343701362609863e-01,-5.578735098242759705e-02,3.259128034114837646e-01,-9.094711542129516602e-01,-1.495654582977294922e-01,3.879334628582000732e-01,0.000000000000000000e+00
9.356593489646911621e-01,-9.732278436422348022e-02,1.923931837081909180e-01,9.615009427070617676e-01,-2.094852179288864136e-01,1.778536289930343628e-01,0.000000000000000000e+00
-5.927612781524658203e-01,-7.143319118767976761e-03,-7.788156270980834961e-01,-6.192203164100646973e-01,8.823331445455551147e-04,-7.852168083190917969e-01,0.000000000000000000e+00
-2.838441729545593262e-01,3.034651875495910645e-01,-8.792506456375122070e-01,-2.502036094665527344e-01,3.416440188884735107e-01,-9.059125185012817383e-01,0.000000000000000000e+00
9.222551584243774414e-01,-2.577852904796600342e-01,-1.897879242897033691e-01,9.503133893013000488e-01,-3.025043308734893799e-01,-7.345496863126754761e-02,0.000000000000000000e+00
-7.949124574661254883e-01,-6.337882578372955322e-02,-5.908150672912597656e-01,-8.366724848747253418e-01,4.577603191137313843e-02,-5.457872748374938965e-01,0.000000000000000000e+00
8.879080414772033691e-01,-1.504787504673004150e-01,3.121688365936279297e-01,9.106220602989196777e-01,-1.826562881469726562e-01,3.706806600093841553e-01,0.000000000000000000e+00
-5.980571508407592773e-01,-7.292782664299011230e-01,-1.817902922630310059e-02,-6.472657918930053711e-01,-7.622356414794921875e-01,6.622853223234415054e-03,0.000000000000000000e+00
9.140649437904357910e-02,4.048357903957366943e-02,-9.684165716171264648e-01,-7.407678663730621338e-02,1.526342332363128662e-01,-9.855026006698608398e-01,0.000000000000000000e+00
-6.102673336863517761e-02,7.800970077514648438e-01,5.424185395240783691e-01,-1.432522535324096680e-01,6.301925778388977051e-01,7.631095051765441895e-01,0.000000000000000000e+00
-2.661889791488647461e-01,-2.200813964009284973e-03,-9.422134160995483398e-01,-2.700485289096832275e-01,7.635641098022460938e-02,-9.598143100738525391e-01,0.000000000000000000e+00
-4.550566077232360840e-01,3.541787341237068176e-02,-8.647306561470031738e-01,-4.848321974277496338e-01,5.015968903899192810e-02,-8.731676340103149414e-01,0.000000000000000000e+00
5.450094491243362427e-02,2.989787161350250244e-01,8.880264163017272949e-01,1.272075250744819641e-02,3.045481443405151367e-01,9.524120092391967773e-01,0.000000000000000000e+00
-2.648043930530548096e-01,-2.388426661491394043e-01,-9.134674668312072754e-01,-3.230220973491668701e-01,-2.389071434736251831e-01,-9.157401919364929199e-01,0.000000000000000000e+00
5.966782569885253906e-01,-7.220091819763183594e-01,-1.976647824048995972e-01,6.068534255027770996e-01,-7.767713665962219238e-01,-1.683901101350784302e-01,0.000000000000000000e+00
5.586628317832946777e-01,2.339065633714199066e-02,-7.977172732353210449e-01,5.756171345710754395e-01,6.759209930896759033e-02,-8.149210214614868164e-01,0.000000000000000000e+00
6.935319304466247559e-01,1.105579733848571777e-01,6.323653459548950195e-01,5.823812484741210938e-01,3.478276431560516357e-01,7.347435355186462402e-01,0.000000000000000000e+00
7.782522439956665039e-01,5.252379179000854492e-01,1.481060534715652466e-01,8.187404870986938477e-01,5.441000461578369141e-01,1.833554357290267944e-01,0.000000000000000000e+00
5.962488651275634766e-01,7.255423665046691895e-01,-2.044358253479003906e-01,6.219218969345092773e-01,7.667231559753417969e-01,-1.592128425836563110e-01,0.000000000000000000e+00
6.550429463386535645e-01,1.121446639299392700e-01,6.742843389511108398e-01,6.894313693046569824e-01,4.472969099879264832e-02,7.229686379432678223e-01,0.000000000000000000e+00
-4.373877346515655518e-01,-6.353164315223693848e-01,5.265252590179443359e-01,-4.888614118099212646e-01,-6.551390886306762695e-01,5.760270953178405762e-01,0.000000000000000000e+00
3.247865736484527588e-01,8.559931516647338867e-01,-3.183618187904357910e-01,3.618309199810028076e-01,8.769632577896118164e-01,-3.162496387958526611e-01,0.000000000000000000e+00
-4.987812042236328125e-01,7.781744599342346191e-01,1.983669102191925049e-01,-5.533890128135681152e-01,8.020959496498107910e-01,2.245055288076400757e-01,0.000000000000000000e+00
-6.022455096244812012e-01,-6.421025395393371582e-01,3.107258379459381104e-01,-6.581392884254455566e-01,-6.660143733024597168e-01,3.511089980602264404e-01,0.000000000000000000e+00
9.659587144851684570e-01,-1.450839545577764511e-02,-1.004516556859016418e-01,8.719369173049926758e-01,4.481649398803710938e-01,1.971653848886489868e-01,0.000000000000000000e+00
-2.424598485231399536e-01,-1.973860263824462891e-01,8.827410340309143066e-01,-3.076024651527404785e-01,-3.770512342453002930e-01,8.736206889152526855e-01,0.000000000000000000e+00
-7.229830622673034668e-01,5.923978686332702637e-01,1.497473716735839844e-01,-7.467742562294006348e-01,6.450071334838867188e-01,1.621541529893875122e-01,0.000000000000000000e+00
-8.232694864273071289e-01,4.124191105365753174e-01,2.292478382587432861e-01,-8.556106090545654297e-01,4.426499009132385254e-01,2.683123946189880371e-01,0.000000000000000000e+00
-1.429138034582138062e-01,-8.798915147781372070e-01,3.355606198310852051e-01,-3.372350633144378662e-01,-7.703757882118225098e-01,5.411041378974914551e-01,0.000000000000000000e+00
-9.249096512794494629e-01,2.355077862739562988e-01,-2.207428030669689178e-02,-9.632089138031005859e-01,2.659859657287597656e-01,-3.847156837582588196e-02,0.000000000000000000e+00
9.432777762413024902e-02,-7.797179222106933594e-01,5.266457200050354004e-01,1.411557942628860474e-01,-8.307005167007446289e-01,5.385273098945617676e-01,0.000000000000000000e+00
2.782663106918334961e-01,1.404237598180770874e-01,9.117425680160522461e-01,2.314941287040710449e-01,5.879011154174804688e-01,7.751017808914184570e-01,0.000000000000000000e+00
-4.176806211471557617e-01,-7.026016712188720703e-01,-5.092646479606628418e-01,-4.507360756397247314e-01,-7.513719797134399414e-01,-4.819514155387878418e-01,0.000000000000000000e+00
-3.055411875247955322e-01,-3.776300325989723206e-02,8.803004622459411621e-01,-3.345333039760589600e-01,-3.101174719631671906e-02,9.418735504150390625e-01,0.000000000000000000e+00
1.791387796401977539e-01,8.035893440246582031e-01,4.655141830444335938e-01,1.852684766054153442e-01,8.450505733489990234e-01,5.015626549720764160e-01,0.000000000000000000e+00
-2.576667964458465576e-01,8.486897349357604980e-01,-3.850831985473632812e-01,-2.972117662429809570e-01,8.925695419311523438e-01,-3.390940129756927490e-01,0.000000000000000000e+00
-7.451101541519165039e-01,-5.650594234466552734e-01,-1.557224988937377930e-01,-7.984433770179748535e-01,-5.869228243827819824e-01,-1.342007219791412354e-01,0.000000000000000000e+00
1.839693635702133179e-02,-2.268052101135253906e-01,9.298431277275085449e-01,1.460220813751220703e-01,-1.371642798185348511e-01,9.797262549400329590e-01,0.000000000000000000e+00
-6.543573141098022461e-01,5.737864375114440918e-01,3.678338527679443359e-01,-6.925451755523681641e-01,6.101920008659362793e-01,3.847686350345611572e-01,0.000000000000000000e+00
-3.158043622970581055e-01,-2.754541039466857910e-01,8.322491645812988281e-01,-3.993450999259948730e-01,-2.787972688674926758e-01,8.733816742897033691e-01,0.000000000000000000e+00
-6.347323060035705566e-01,-5.710017085075378418e-01,-4.402560293674468994e-01,-6.796314120292663574e-01,-6.082090735435485840e-01,-4.101010560989379883e-01,0.000000000000000000e+00
9.301632642745971680e-01,-2.585634589195251465e-01,-1.331467181444168091e-01,8.775944113731384277e-01,-4.550024867057800293e-01,-1.509994417428970337e-01,0.000000000000000000e+00
-2.213682085275650024e-01,-6.265744566917419434e-01,6.766206026077270508e-01,-3.959432542324066162e-01,-5.536265373229980469e-01,7.326162457466125488e-01,0.000000000000000000e+00
8.701488375663757324e-01,-2.434020489454269409e-01,-3.987009823322296143e-01,6.131710410118103027e-01,-4.323487877845764160e-01,-6.611322164535522461e-01,0.000000000000000000e+00
-7.732674479484558105e-01,-5.149131417274475098e-01,-1.899794340133666992e-01,-8.254480361938476562e-01,-5.362960696220397949e-01,-1.761307716369628906e-01,0.000000000000000000e+00
-8.534582257270812988e-01,6.926785409450531006e-02,4.204203486442565918e-01,-8.443464636802673340e-01,-6.015894934535026550e-02,5.324095487594604492e-01,0.000000000000000000e+00
8.673763275146484375e-01,3.647364974021911621e-01,1.497830450534820557e-01,8.924595713615417480e-01,4.200528562068939209e-01,1.645340472459793091e-01,0.000000000000000000e+00
-6.766727566719055176e-01,-5.515367388725280762e-01,-3.940170109272003174e-01,-7.349358797073364258e-01,-5.721207857131958008e-01,-3.640701472759246826e-01,0.000000000000000000e+00
8.631439805030822754e-01,-8.284431695938110352e-02,-4.420544207096099854e-01,8.972468376159667969e-01,-3.836285322904586792e-02,-4.398595690727233887e-01,0.000000000000000000e+00
6.184623837471008301e-01,3.751152455806732178e-01,-6.442940831184387207e-01,6.708092689514160156e-01,4.562384486198425293e-01,-5.846891403198242188e-01,0.000000000000000000e+00
4.141930043697357178e-01,-8.283134102821350098e-01,-2.417407035827636719e-01,4.441916942596435547e-01,-8.657550811767578125e-01,-2.305686324834823608e-01,0.000000000000000000e+00
-3.886599242687225342e-01,-7.149079442024230957e-01,-5.161813497543334961e-01,-4.219174385070800781e-01,-7.625253796577453613e-01,-4.904495477676391602e-01,0.000000000000000000e+00
1.071733012795448303e-01,8.334552645683288574e-01,-5.189713239669799805e-01,1.234837174415588379e-01,6.405355930328369141e-01,-7.579352855682373047e-01,0.000000000000000000e+00
9.594928622245788574e-01,1.016338169574737549e-01,-1.759750739438459277e-04,9.847724437713623047e-01,7.206103950738906860e-02,-1.582100242376327515e-01,0.000000000000000000e+00
-2.426914125680923462e-01,7.869420051574707031e-01,4.804738759994506836e-01,-4.044977426528930664e-01,8.281036019325256348e-01,3.881056606769561768e-01,0.000000000000000000e+00
4.639081656932830811e-01,-2.673322856426239014e-01,7.685424685478210449e-01,4.863104224205017090e-01,-3.028727769851684570e-01,8.196159005165100098e-01,0.000000000000000000e+00
-4.025352597236633301e-01,7.570207118988037109e-01,3.960713744163513184e-01,-4.167101979255676270e-01,8.119547367095947266e-01,4.087567925453186035e-01,0.000000000000000000e+00
-4.566831290721893311e-01,8.358377814292907715e-01,-7.782334927469491959e-03,-4.833501875400543213e-01,8.750944733619689941e-01,2.412978187203407288e-02,0.000000000000000000e+00
-3.859897851943969727e-01,-6.685780882835388184e-01,-5.866495966911315918e-01,-4.318052530288696289e-01,-7.226219177246093750e-01,-5.397793650627136230e-01,0.000000000000000000e+00
7.385618686676025391e-01,5.016695261001586914e-01,3.287515044212341309e-01,7.670331001281738281e-01,5.551762580871582031e-01,3.216201961040496826e-01,0.000000000000000000e+00
5.274623036384582520e-01,1.591715067625045776e-01,7.757853865623474121e-01,2.622293531894683838e-01,-4.374374151229858398e-01,8.601652383804321289e-01,0.000000000000000000e+00
4.295217096805572510e-01,7.918651103973388672e-01,2.965516448020935059e-01,4.510073065757751465e-01,8.365996479988098145e-01,3.109556138515472412e-01,0.000000000000000000e+00
-3.355416357517242432e-01,-8.598601818084716797e-01,2.067574560642242432e-01,-3.833380639553070068e-01,-8.976602554321289062e-01,2.173890918493270874e-01,0.000000000000000000e+00
6.818619966506958008e-01,-4.069667756557464600e-01,5.092927813529968262e-01,6.981565952301025391e-01,-4.394291341304779053e-01,5.652250647544860840e-01,0.000000000000000000e+00
5.869490504264831543e-01,-1.766883581876754761e-01,-7.708038091659545898e-01,6.286419034004211426e-01,9.942761063575744629e-02,-7.713128328323364258e-01,0.000000000000000000e+00
-3.871231973171234131e-01,3.607406914234161377e-01,-8.191788196563720703e-01,-4.010403156280517578e-01,3.886421322822570801e-01,-8.295323848724365234e-01,0.000000000000000000e+00
-1.298352982848882675e-02,5.680806040763854980e-01,7.481459975242614746e-01,4.785145632922649384e-03,6.265951991081237793e-01,7.793301939964294434e-01,0.000000000000000000e+00
4.990122020244598389e-01,-4.434303045272827148e-01,6.561909317970275879e-01,5.206696391105651855e-01,-4.767707288265228271e-01,7.082321643829345703e-01,0.000000000000000000e+00
1.132997646927833557e-01,-5.861095786094665527e-01,7.223881483078002930e-01,1.392010301351547241e-01,-6.084929704666137695e-01,7.812550067901611328e-01,0.000000000000000000e+00
7.342863082885742188e-01,-4.046524167060852051e-01,-5.061487555503845215e-01,8.065464496612548828e-01,-5.483798384666442871e-01,-2.208219617605209351e-01,0.000000000000000000e+00
2.219886034727096558e-01,-8.483967930078506470e-02,9.132380485534667969e-01,4.032687842845916748e-01,4.434605315327644348e-02,9.140064120292663574e-01,0.000000000000000000e+00
2.108672261238098145e-01,-5.976766943931579590e-01,6.908401846885681152e-01,2.062175422906875610e-01,-6.285299658775329590e-01,7.499496340751647949e-01,0.000000000000000000e+00
-6.907857656478881836e-01,5.736805796623229980e-01,-3.457540273666381836e-01,-7.092346549034118652e-01,6.248740553855895996e-01,-3.263719081878662109e-01,0.000000000000000000e+00
-6.221532821655273438e-01,-7.055688500404357910e-01,5.344355851411819458e-02,-6.812605261802673340e-01,-7.303566932678222656e-01,4.963033646345138550e-02,0.000000000000000000e+00
3.753340244293212891e-01,-8.655858635902404785e-01,-1.389342546463012695e-01,3.947744667530059814e-01,-9.126512408256530762e-01,-1.059281527996063232e-01,0.000000000000000000e+00
7.246425151824951172e-01,-6.169840693473815918e-01,-5.893395282328128815e-03,7.362180948257446289e-01,-6.766789555549621582e-01,9.410516358911991119e-03,0.000000000000000000e+00
2.763432264328002930e-01,-3.586353361606597900e-01,8.196218013763427734e-01,2.763614952564239502e-01,-3.875965774059295654e-01,8.794277906417846680e-01,0.000000000000000000e+00
2.935412228107452393e-01,7.863938212394714355e-01,4.376234710216522217e-01,2.867091298103332520e-01,8.298011422157287598e-01,4.787775576114654541e-01,0.000000000000000000e+00
2.634358406066894531e-02,9.203327894210815430e-01,2.451296448707580566e-01,1.406651884317398071e-01,9.785769581794738770e-01,-1.503344327211380005e-01,0.000000000000000000e+00
4.583901762962341309e-01,-7.124283909797668457e-01,4.162954092025756836e-01,4.986323714256286621e-01,-7.404788732528686523e-01,4.506182372570037842e-01,0.000000000000000000e+00
-4.258924126625061035e-01,-8.434975743293762207e-01,1.746265962719917297e-02,-4.648519456386566162e-01,-8.850845694541931152e-01,2.319505065679550171e-02,0.000000000000000000e+00
2.292323112487792969e-01,-9.246603846549987793e-01,4.913553595542907715e-02,3.016411960124969482e-01,-9.496159553527832031e-01,8.510104566812515259e-02,0.000000000000000000e+00
-8.260948657989501953e-01,4.642183184623718262e-01,6.625849008560180664e-02,-8.596558570861816406e-01,5.059581995010375977e-01,7.069768011569976807e-02,0.000000000000000000e+00
-6.303458809852600098e-01,7.118329405784606934e-01,-8.900232613086700439e-02,-6.518961787223815918e-01,7.565135359764099121e-01,-5.214055255055427551e-02,0.000000000000000000e+00
-9.506409764289855957e-01,-2.595997415482997894e-02,1.096764802932739258e-01,-8.733595013618469238e-01,-9.047152101993560791e-02,4.786001145839691162e-01,0.000000000000000000e+00
-2.230262905359268188e-01,-9.211469888687133789e-01,-6.535324454307556152e-02,-2.627300024032592773e-01,-9.605500698089599609e-01,-9.119498729705810547e-02,0.000000000000000000e+00
3.002325892448425293e-01,-8.078981041908264160e-01,3.882449269294738770e-01,3.430950939655303955e-01,-8.315726518630981445e-01,4.367752969264984131e-01,0.000000000000000000e+00
5.183489918708801270e-01,-6.922799944877624512e-01,-4.280126094818115234e-01,5.117573738098144531e-01,-7.514157295227050781e-01,-4.165078997611999512e-01,0.000000000000000000e+00
8.390962481498718262e-01,-2.742051482200622559e-01,-4.274454414844512939e-01,9.610013961791992188e-01,-2.736417949199676514e-01,-3.995636850595474243e-02,0.000000000000000000e+00
-3.642114400863647461e-01,5.973540544509887695e-01,-6.760245561599731445e-01,-3.604640066623687744e-01,6.483402252197265625e-01,-6.706120967864990234e-01,0.000000000000000000e+00
1.811939477920532227e-01,-4.396402239799499512e-01,8.055371642112731934e-01,2.019084990024566650e-01,-4.560819268226623535e-01,8.667307496070861816e-01,0.000000000000000000e+00
-2.368736118078231812e-01,-6.839804053306579590e-01,-6.628500819206237793e-01,-1.440520137548446655e-01,-6.696372628211975098e-01,-7.285842299461364746e-01,0.000000000000000000e+00
-1.177608296275138855e-01,-5.836700797080993652e-01,-7.766620516777038574e-01,-1.563491374254226685e-01,-5.458810925483703613e-01,-8.231456875801086426e-01,0.000000000000000000e+00
7.650145888328552246e-01,-3.949286937713623047e-01,3.903077542781829834e-01,8.011681437492370605e-01,-4.232744276523590088e-01,4.230465292930603027e-01,0.000000000000000000e+00
8.694602847099304199e-01,1.425212621688842773e-01,-4.022324383258819580e-01,8.968100547790527344e-01,1.483255326747894287e-01,-4.168108403682708740e-01,0.000000000000000000e+00
5.792982578277587891e-01,-7.074821591377258301e-01,-2.940763533115386963e-01,5.909280776977539062e-01,-7.558205127716064453e-01,-2.820272743701934814e-01,0.000000000000000000e+00
8.403261899948120117e-01,2.489390820264816284e-01,-4.082773923873901367e-01,8.707749247550964355e-01,2.756581306457519531e-01,-4.071408510208129883e-01,0.000000000000000000e+00
8.957741260528564453e-01,-4.519162699580192566e-03,3.104893863201141357e-01,9.472259283065795898e-01,2.425794899463653564e-01,2.095668613910675049e-01,0.000000000000000000e+00
-1.752403676509857178e-01,-1.208563521504402161e-01,9.126657843589782715e-01,-2.237638831138610840e-01,-5.246378853917121887e-02,9.732303023338317871e-01,0.000000000000000000e+00
6.426451802253723145e-01,-4.273584485054016113e-01,5.415340662002563477e-01,6.952456235885620117e-01,-4.415564537048339844e-01,5.671520233154296875e-01,0.000000000000000000e+00
3.804096877574920654e-01,5.938681364059448242e-01,6.251569986343383789e-01,4.151660799980163574e-01,6.152054071426391602e-01,6.701936125755310059e-01,0.000000000000000000e+00
8.171033859252929688e-01,3.451454043388366699e-01,3.386216163635253906e-01,8.226741552352905273e-01,1.610033810138702393e-01,5.452386736869812012e-01,0.000000000000000000e+00
-4.243444502353668213e-01,7.666457891464233398e-01,3.525305092334747314e-01,-4.815967679023742676e-01,7.979436516761779785e-01,3.624230623245239258e-01,0.000000000000000000e+00
-2.951329946517944336e-01,5.108480453491210938e-01,-7.757143974304199219e-01,-3.271528184413909912e-01,5.167903900146484375e-01,-7.911376357078552246e-01,0.000000000000000000e+00
-5.233028531074523926e-01,-5.706022381782531738e-01,-5.810419321060180664e-01,-5.443271994590759277e-01,-6.335784196853637695e-01,-5.498056411743164062e-01,0.000000000000000000e+00
-1.379800122231245041e-02,8.111638426780700684e-01,-5.846561789512634277e-01,-2.260785177350044250e-02,7.667269706726074219e-01,-6.415751576423645020e-01,0.000000000000000000e+00
4.054729342460632324e-01,-6.708902120590209961e-01,5.214236974716186523e-01,4.346453249454498291e-01,-7.014145851135253906e-01,5.648903250694274902e-01,0.000000000000000000e+00
1.339645385742187500e-01,5.289098024368286133e-01,7.686935067176818848e-01,1.263766884803771973e-01,5.606105923652648926e-01,8.183792829513549805e-01,0.000000000000000000e+00
7.999274730682373047e-01,3.873909413814544678e-01,3.486855924129486084e-01,8.310692906379699707e-01,4.459067583084106445e-01,3.324018418788909912e-01,0.000000000000000000e+00
1.671862155199050903e-01,-5.275649428367614746e-01,-8.028973937034606934e-01,2.063141614198684692e-01,-5.239139795303344727e-01,-8.264070749282836914e-01,0.000000000000000000e+00
-9.005399346351623535e-01,-1.268288046121597290e-01,2.624916732311248779e-01,-9.216234683990478516e-01,-1.870114654302597046e-01,3.400543034076690674e-01,0.000000000000000000e+00
6.765251159667968750e-01,-3.286238312721252441e-01,-6.467611789703369141e-01,6.413316130638122559e-01,-2.484353929758071899e-01,-7.259294390678405762e-01,0.000000000000000000e+00
5.655848979949951172e-01,6.193785667419433594e-01,-4.851732552051544189e-01,6.243256926536560059e-01,6.043065190315246582e-01,-4.950060844421386719e-01,0.000000000000000000e+00
-8.409623503684997559e-01,8.546246588230133057e-02,-4.764560461044311523e-01,-9.146270155906677246e-01,-4.614027217030525208e-02,-4.016571342945098877e-01,0.000000000000000000e+00
-6.694205999374389648e-01,6.767372488975524902e-01,-6.135659664869308472e-02,-6.983278989791870117e-01,7.150577902793884277e-01,-3.210237994790077209e-02,0.000000000000000000e+00
-4.277677536010742188e-01,-3.349289894104003906e-01,-8.261747360229492188e-01,-4.228075742721557617e-01,-2.697078287601470947e-01,-8.651540279388427734e-01,0.000000000000000000e+00
6.500268727540969849e-02,8.846414089202880859e-01,-4.188739955425262451e-01,4.187411814928054810e-02,7.265132069587707520e-01,-6.858754754066467285e-01,0.000000000000000000e+00
5.840241909027099609e-01,-2.639834880828857422e-01,6.879313588142395020e-01,6.293188333511352539e-01,-2.710364758968353271e-01,7.283522486686706543e-01,0.000000000000000000e+00
-6.379491686820983887e-01,-4.058231115341186523e-01,-6.116089224815368652e-01,-5.525339841842651367e-01,-5.147780776023864746e-01,-6.555224657058715820e-01,0.000000000000000000e+00
-3.659734129905700684e-01,-4.911241233348846436e-01,-7.758653163909912109e-01,-3.614024221897125244e-01,-4.792319834232330322e-01,-7.998281121253967285e-01,0.000000000000000000e+00
-7.400143146514892578e-01,3.282425999641418457e-01,-5.336531996726989746e-01,-7.775424122810363770e-01,3.301159739494323730e-01,-5.352113842964172363e-01,0.000000000000000000e+00
1.044818460941314697e-01,9.677797555923461914e-01,-4.836881905794143677e-02,1.340954601764678955e-01,9.755355715751647949e-01,1.742088198661804199e-01,0.000000000000000000e+00
2.083359360694885254e-01,2.721611559391021729e-01,-9.059117436408996582e-01,3.049336671829223633e-01,5.948882102966308594e-01,-7.437227368354797363e-01,0.000000000000000000e+00
-8.176458626985549927e-02,5.754334330558776855e-01,-7.829773426055908203e-01,-2.767925262451171875e-01,5.780581235885620117e-01,-7.676162123680114746e-01,0.000000000000000000e+00
1.463170647621154785e-01,8.585132956504821777e-01,3.753227591514587402e-01,1.565582007169723511e-01,8.772770762443542480e-01,4.537338614463806152e-01,0.000000000000000000e+00
-1.548005491495132446e-01,-6.740518808364868164e-01,6.391722559928894043e-01,-1.223332993686199188e-02,-4.960082769393920898e-01,8.682315945625305176e-01,0.000000000000000000e+00
-3.318399190902709961e-02,-7.397446036338806152e-01,5.925104618072509766e-01,-2.885407581925392151e-02,-7.408051490783691406e-01,6.710999608039855957e-01,0.000000000000000000e+00
-6.799892783164978027e-01,6.072155833244323730e-01,-3.031430840492248535e-01,-7.024219036102294922e-01,6.607065200805664062e-01,-2.647080123424530029e-01,0.000000000000000000e+00
5.931529402732849121e-01,7.481606006622314453e-01,-3.090878576040267944e-02,6.187695264816284180e-01,7.850188612937927246e-01,2.948986925184726715e-02,0.000000000000000000e+00
-7.452598810195922852e-01,3.175852596759796143e-01,-5.326059460639953613e-01,-7.775424122810363770e-01,3.301159739494323730e-01,-5.352113842964172363e-01,0.000000000000000000e+00
-5.905512720346450806e-02,9.374872446060180664e-01,-2.488389313220977783e-01,-1.384215503931045532e-01,9.903116226196289062e-01,-1.105926465243101120e-02,0.000000000000000000e+00
8.318626880645751953e-01,-4.395439624786376953e-01,-2.145722955465316772e-01,8.557153344154357910e-01,-5.035087466239929199e-01,-1.192902401089668274e-01,0.000000000000000000e+00
-6.838253140449523926e-01,4.129835069179534912e-01,5.345376729965209961e-01,-7.303364276885986328e-01,4.797639846801757812e-01,4.862460792064666748e-01,0.000000000000000000e+00
5.153152346611022949e-01,-8.006910681724548340e-01,3.079428570345044136e-03,5.564634799957275391e-01,-8.303490281105041504e-01,2.947710640728473663e-02,0.000000000000000000e+00
-3.212634623050689697e-01,-1.554169058799743652e-01,8.614104986190795898e-01,-3.819043338298797607e-01,-1.535178571939468384e-01,9.113623499870300293e-01,0.000000000000000000e+00
2.069831639528274536e-01,-9.246101975440979004e-01,9.710788726806640625e-02,1.931601464748382568e-01,-9.697062373161315918e-01,1.495291590690612793e-01,0.000000000000000000e+00
-2.371665090322494507e-01,-9.142382144927978516e-01,1.017259508371353149e-01,-3.009838461875915527e-01,-9.458414912223815918e-01,1.216246858239173889e-01,0.000000000000000000e+00
5.944545865058898926e-01,-1.298018693923950195e-01,7.170348763465881348e-01,6.133146882057189941e-01,-1.473594456911087036e-01,7.759705781936645508e-01,0.000000000000000000e+00
2.237602621316909790e-01,-1.420689821243286133e-01,9.041413068771362305e-01,2.195914834737777710e-01,-2.469578534364700317e-01,9.438174366950988770e-01,0.000000000000000000e+00
-3.084836304187774658e-01,1.178102381527423859e-02,8.808866143226623535e-01,-3.345333039760589600e-01,-3.101174719631671906e-02,9.418735504150390625e-01,0.000000000000000000e+00
9.640905857086181641e-01,-1.015959754586219788e-01,7.091196626424789429e-02,9.720500707626342773e-01,-1.790429055690765381e-01,1.518627256155014038e-01,0.000000000000000000e+00
-8.374311327934265137e-01,-1.670544296503067017e-01,3.936479985713958740e-01,-8.691979646682739258e-01,-2.112236917018890381e-01,4.470787942409515381e-01,0.000000000000000000e+00
1.475295573472976685e-01,-9.110105037689208984e-01,2.590179741382598877e-01,3.116988539695739746e-01,-9.169559478759765625e-01,2.490693926811218262e-01,0.000000000000000000e+00
-8.363715410232543945e-01,4.477035701274871826e-01,5.530875548720359802e-02,-8.724178671836853027e-01,4.829258918762207031e-01,7.529687136411666870e-02,0.000000000000000000e+00
-4.249538481235504150e-01,-8.198686838150024414e-01,-2.042430788278579712e-01,-2.113543152809143066e-01,-9.424369931221008301e-01,-2.591174542903900146e-01,0.000000000000000000e+00
3.483369350433349609e-01,-8.792170882225036621e-01,-1.224888935685157776e-01,3.667770922183990479e-01,-9.224377274513244629e-01,-1.207607686519622803e-01,0.000000000000000000e+00
-8.849464356899261475e-02,-9.240801334381103516e-01,2.595488429069519043e-01,-2.650529742240905762e-01,-8.322364091873168945e-01,4.869594275951385498e-01,0.000000000000000000e+00
2.309555560350418091e-01,-5.592689514160156250e-01,-7.625903487205505371e-01,1.900833398103713989e-01,-6.567581295967102051e-01,-7.297514081001281738e-01,0.000000000000000000e+00
1.084217503666877747e-01,2.795316278934478760e-01,-9.305050373077392578e-01,2.963775098323822021e-01,1.793303787708282471e-01,-9.380836486816406250e-01,0.000000000000000000e+00
2.568596899509429932e-01,7.409844994544982910e-01,5.277032852172851562e-01,2.411244809627532959e-01,7.870529294013977051e-01,5.678086280822753906e-01,0.000000000000000000e+00
-6.288974881172180176e-01,-7.007971405982971191e-01,-6.343790143728256226e-02,-6.799318790435791016e-01,-7.313202619552612305e-01,-5.351024121046066284e-02,0.000000000000000000e+00
2.353109419345855713e-01,-3.890279531478881836e-01,-8.651371598243713379e-01,2.770526111125946045e-01,-3.831817805767059326e-01,-8.811433315277099609e-01,0.000000000000000000e+00
2.055559456348419189e-01,8.898108601570129395e-01,2.650603353977203369e-01,2.544867694377899170e-01,9.146845936775207520e-01,3.139881193637847900e-01,0.000000000000000000e+00
-7.578451633453369141e-01,-4.282462596893310547e-01,3.437268733978271484e-01,-7.792956233024597168e-01,-4.720273315906524658e-01,4.121753871440887451e-01,0.000000000000000000e+00
-7.525012493133544922e-01,3.744080364704132080e-01,4.408941864967346191e-01,-9.245854616165161133e-01,2.796945273876190186e-01,2.586749792098999023e-01,0.000000000000000000e+00
-2.464593946933746338e-01,-8.475013971328735352e-01,-3.683186471462249756e-01,-3.258982598781585693e-01,-8.864814639091491699e-01,-3.285436332225799561e-01,0.000000000000000000e+00
3.349998965859413147e-02,-6.148484349250793457e-01,7.099911570549011230e-01,-2.886259928345680237e-02,-5.478457808494567871e-01,8.360812664031982422e-01,0.000000000000000000e+00
6.524871587753295898e-01,6.010980606079101562e-01,-3.837699890136718750e-01,7.001038193702697754e-01,6.085078120231628418e-01,-3.735945820808410645e-01,0.000000000000000000e+00
3.958200812339782715e-01,-7.524688839912414551e-01,-4.554262757301330566e-01,3.940648138523101807e-01,-7.966157197952270508e-01,-4.583844840526580811e-01,0.000000000000000000e+00
5.095733404159545898e-01,-9.144403040409088135e-03,-8.340008854866027832e-01,5.845518112182617188e-01,1.252031698822975159e-02,-8.112598061561584473e-01,0.000000000000000000e+00
-2.968105673789978027e-01,5.108799338340759277e-01,-7.749998569488525391e-01,-3.271528184413909912e-01,5.167903900146484375e-01,-7.911376357078552246e-01,0.000000000000000000e+00
-4.354651272296905518e-01,8.381224870681762695e-01,-1.395036280155181885e-01,-4.622507989406585693e-01,8.796836733818054199e-01,-1.117177605628967285e-01,0.000000000000000000e+00
-3.173167109489440918e-01,7.622647881507873535e-01,4.681864380836486816e-01,-4.604809284210205078e-01,8.327562808990478516e-01,3.073666989803314209e-01,0.000000000000000000e+00
-1.391957793384790421e-02,-8.281659483909606934e-01,4.780576527118682861e-01,-1.146522685885429382e-01,-6.554061770439147949e-01,7.465236783027648926e-01,0.000000000000000000e+00
-4.753722250461578369e-02,-6.607176661491394043e-01,6.743035316467285156e-01,4.100372549146413803e-03,-7.759942412376403809e-01,6.307266950607299805e-01,0.000000000000000000e+00
-6.514686346054077148e-01,-6.794136762619018555e-01,3.593885526061058044e-02,-6.812605261802673340e-01,-7.303566932678222656e-01,4.963033646345138550e-02,0.000000000000000000e+00
-7.054592967033386230e-01,-4.240237176418304443e-01,4.385164380073547363e-01,-7.410587668418884277e-01,-4.713265001773834229e-01,4.782083332538604736e-01,0.000000000000000000e+00
-6.393957734107971191e-01,-3.592399358749389648e-01,-6.507373452186584473e-01,-5.125828385353088379e-01,-4.539536237716674805e-01,-7.288243770599365234e-01,0.000000000000000000e+00
-5.343441367149353027e-01,-7.780619859695434570e-01,5.329736042767763138e-03,-5.681291818618774414e-01,-8.228639364242553711e-01,1.114293001592159271e-02,0.000000000000000000e+00
8.247783184051513672e-01,-4.779496490955352783e-01,-8.748602122068405151e-02,8.604953885078430176e-01,-5.073985457420349121e-01,-4.576455056667327881e-02,0.000000000000000000e+00
7.033040523529052734e-01,4.287203550338745117e-01,4.783057570457458496e-01,7.292082309722900391e-01,4.906642436981201172e-01,4.769737422466278076e-01,0.000000000000000000e+00
-6.653534173965454102e-01,-1.636180132627487183e-01,6.342201828956604004e-01,-6.770465373992919922e-01,-2.018654197454452515e-01,7.077134251594543457e-01,0.000000000000000000e+00
-5.611227750778198242e-01,-7.278454899787902832e-01,-2.355322688817977905e-01,-5.997318625450134277e-01,-7.773039340972900391e-01,-1.900532990694046021e-01,0.000000000000000000e+00
4.698852598667144775e-01,7.652850747108459473e-01,3.040533065795898438e-01,4.936442673206329346e-01,8.023399710655212402e-01,3.355084955692291260e-01,0.000000000000000000e+00
-8.742800354957580566e-01,1.835508644580841064e-01,-3.734167218208312988e-01,-9.202084541320800781e-01,2.024388760328292847e-01,-3.350147902965545654e-01,0.000000000000000000e+00
7.331843376159667969e-01,-5.815187692642211914e-01,-2.153426408767700195e-01,7.486916780471801758e-01,-6.409364938735961914e-01,-1.692961007356643677e-01,0.000000000000000000e+00
1.620929092168807983e-01,-8.108865618705749512e-01,-4.964679479598999023e-01,1.984698772430419922e-01,-8.327055573463439941e-01,-5.169247388839721680e-01,0.000000000000000000e+00
-6.466563791036605835e-02,8.034974336624145508e-01,-5.803444385528564453e-01,-3.514184951782226562e-01,6.863121986389160156e-01,-6.367735862731933594e-01,0.000000000000000000e+00
2.809756994247436523e-02,-4.737954139709472656e-01,-8.521084785461425781e-01,4.325496032834053040e-02,-4.625965356826782227e-01,-8.855130672454833984e-01,0.000000000000000000e+00
4.155623614788055420e-01,-8.372608423233032227e-01,-2.032018303871154785e-01,4.451895058155059814e-01,-8.804473280906677246e-01,-1.631526798009872437e-01,0.000000000000000000e+00
-1.412377208471298218e-01,8.732663989067077637e-01,3.684854209423065186e-01,-2.650421261787414551e-01,8.362771272659301758e-01,4.799929261207580566e-01,0.000000000000000000e+00
-8.313900232315063477e-01,-3.781086802482604980e-01,2.215621024370193481e-01,-8.769242763519287109e-01,-4.015874266624450684e-01,2.640670239925384521e-01,0.000000000000000000e+00
-6.167708635330200195e-01,2.037148922681808472e-01,-7.272853255271911621e-01,-6.078243851661682129e-01,2.215817719697952271e-01,-7.625293731689453125e-01,0.000000000000000000e+00
2.865704894065856934e-01,-6.973344683647155762e-01,-6.049410700798034668e-01,2.425687462091445923e-01,-7.625726461410522461e-01,-5.997027158737182617e-01,0.000000000000000000e+00
8.685803413391113281e-02,5.075908899307250977e-01,-8.357657194137573242e-01,1.772077679634094238e-01,2.090440392494201660e-01,-9.617161750793457031e-01,0.000000000000000000e+00
-7.135464549064636230e-01,-6.168013811111450195e-01,1.338842883706092834e-02,-7.609913349151611328e-01,-6.484727263450622559e-01,1.937378011643886566e-02,0.000000000000000000e+00
3.420029953122138977e-02,9.470382332801818848e-01,1.893356144428253174e-01,-1.217205151915550232e-01,8.316448330879211426e-01,5.418034791946411133e-01,0.000000000000000000e+00
4.165456891059875488e-01,-6.493049860000610352e-01,5.388412475585937500e-01,4.122657477855682373e-01,-6.804386377334594727e-01,6.058384180068969727e-01,0.000000000000000000e+00
1.042259559035301208e-01,6.100511550903320312e-02,9.441035389900207520e-01,-5.095685273408889771e-02,-7.539381831884384155e-02,9.958509802818298340e-01,0.000000000000000000e+00
-5.482903122901916504e-01,7.736960649490356445e-01,-1.157382801175117493e-01,-5.746207833290100098e-01,8.131662607192993164e-01,-9.258285164833068848e-02,0.000000000000000000e+00
-5.185151100158691406e-01,-5.425198674201965332e-01,-6.169432997703552246e-01,-5.137548446655273438e-01,-6.365292668342590332e-01,-5.752273201942443848e-01,0.000000000000000000e+00
4.989956319332122803e-01,-1.556173563003540039e-01,-8.384339213371276855e-01,5.113160610198974609e-01,-1.430438458919525146e-01,-8.474044799804687500e-01,0.000000000000000000e+00
8.486790060997009277e-01,4.284510016441345215e-01,-1.169972643256187439e-01,8.857692480087280273e-01,4.542574584484100342e-01,-9.519989043474197388e-02,0.000000000000000000e+00
3.927360773086547852e-01,-5.668239593505859375e-01,-6.868008375167846680e-01,3.373781144618988037e-01,-5.710203647613525391e-01,-7.484061717987060547e-01,0.000000000000000000e+00
-5.619826912879943848e-01,-7.335808873176574707e-01,1.718801259994506836e-01,-5.892167091369628906e-01,-7.781535983085632324e-01,2.174872457981109619e-01,0.000000000000000000e+00
-3.801196515560150146e-01,7.413031458854675293e-01,-4.961314201354980469e-01,-3.928965032100677490e-01,7.897819876670837402e-01,-4.710379242897033691e-01,0.000000000000000000e+00
4.545382559299468994e-01,-7.821087837219238281e-01,2.809622585773468018e-01,4.787990748882293701e-01,-8.114823698997497559e-01,3.350340723991394043e-01,0.000000000000000000e+00
-6.996379494667053223e-01,-5.550611019134521484e-01,-3.345820307731628418e-01,-7.417252659797668457e-01,-6.115248799324035645e-01,-2.754650115966796875e-01,0.000000000000000000e+00
-8.116585612297058105e-01,-4.827638864517211914e-01,-4.676535353064537048e-02,-8.518691062927246094e-01,-5.228391885757446289e-01,-3.095511905848979950e-02,0.000000000000000000e+00
-9.180172085762023926e-01,-2.321746498346328735e-01,-1.317837834358215332e-01,-9.526131153106689453e-01,-2.928205132484436035e-01,-8.236735314130783081e-02,0.000000000000000000e+00
9.342179894447326660e-01,1.580833196640014648e-01,-1.685767322778701782e-01,9.720643162727355957e-01,1.831806451082229614e-01,-1.467507630586624146e-01,0.000000000000000000e+00
9.517396688461303711e-01,-1.230439767241477966e-01,-1.411544829607009888e-01,8.791142702102661133e-01,-4.600003957748413086e-01,-1.247306615114212036e-01,0.000000000000000000e+00
5.353066325187683105e-01,-9.716490283608436584e-03,-8.154676556587219238e-01,5.845518112182617188e-01,1.252031698822975159e-02,-8.112598061561584473e-01,0.000000000000000000e+00
-2.618538737297058105e-01,5.773441791534423828e-01,6.936409473419189453e-01,9.779170155525207520e-02,8.132125139236450195e-01,5.736917257308959961e-01,0.000000000000000000e+00
2.031787782907485962e-01,-4.075403213500976562e-01,8.169329762458801270e-01,2.184999883174896240e-01,-4.471099376678466797e-01,8.673813939094543457e-01,0.000000000000000000e+00
8.445398211479187012e-01,1.753444373607635498e-01,-4.411959648132324219e-01,8.842458724975585938e-01,2.157884985208511353e-01,-4.141793549060821533e-01,0.000000000000000000e+00
2.717586457729339600e-01,8.695347309112548828e-01,2.656895518302917480e-01,3.009462356567382812e-01,9.027888178825378418e-01,3.072518110275268555e-01,0.000000000000000000e+00
-2.902612090110778809e-01,-7.527941465377807617e-02,8.831802606582641602e-01,-3.095868825912475586e-01,-5.483908951282501221e-02,9.492884874343872070e-01,0.000000000000000000e+00
-6.129105091094970703e-01,-6.214228272438049316e-01,-4.092602133750915527e-01,-6.679130792617797852e-01,-5.979055166244506836e-01,-4.431716501712799072e-01,0.000000000000000000e+00
9.598081707954406738e-01,4.724201187491416931e-02,-1.067588850855827332e-01,9.828798770904541016e-01,8.061219751834869385e-02,-1.656768321990966797e-01,0.000000000000000000e+00
9.568700790405273438e-01,3.333210200071334839e-02,-1.276317089796066284e-01,9.686798453330993652e-01,7.614999264478683472e-02,2.363484054803848267e-01,0.000000000000000000e+00
-1.687342673540115356e-01,-2.447201609611511230e-01,-9.298243522644042969e-01,-2.014876604080200195e-01,-2.089702188968658447e-01,-9.569399952888488770e-01,0.000000000000000000e+00
-4.299285411834716797e-01,-8.298097252845764160e-01,-1.138846576213836670e-01,-7.182812690734863281e-01,-6.940031051635742188e-01,-4.931281134486198425e-02,0.000000000000000000e+00
-8.557338714599609375e-01,2.170927226543426514e-01,-4.000814557075500488e-01,-8.759037852287292480e-01,2.655576765537261963e-01,-4.028295874595642090e-01,0.000000000000000000e+00
-1.491871778853237629e-03,5.870870351791381836e-01,-7.878067493438720703e-01,-6.181252002716064453e-02,3.824422061443328857e-01,-9.219095110893249512e-01,0.000000000000000000e+00
7.997080087661743164e-01,-4.600608944892883301e-01,-2.912090122699737549e-01,7.986837029457092285e-01,-5.246787667274475098e-01,-2.946465015411376953e-01,0.000000000000000000e+00
-6.777194738388061523e-01,1.249877437949180603e-01,-6.910802125930786133e-01,-7.248415350914001465e-01,1.291940361261367798e-01,-6.766931414604187012e-01,0.000000000000000000e+00
-3.388119935989379883e-01,6.153522133827209473e-01,6.476137042045593262e-01,-5.357196554541587830e-02,8.594167828559875488e-01,5.084612965583801270e-01,0.000000000000000000e+00
-9.062132239341735840e-01,2.923065423965454102e-01,-6.111566722393035889e-02,-9.470430016517639160e-01,3.179851472377777100e-01,-4.466537386178970337e-02,0.000000000000000000e+00
-2.461551427841186523e-01,-6.908208131790161133e-01,5.953553915023803711e-01,-4.129133522510528564e-01,-4.737068116664886475e-01,7.778846025466918945e-01,0.000000000000000000e+00
-3.200535774230957031e-01,7.289995551109313965e-01,5.175268054008483887e-01,-2.973015606403350830e-01,9.424574971199035645e-01,1.529237180948257446e-01,0.000000000000000000e+00
-6.271829605102539062e-01,2.500580847263336182e-01,-7.027592062950134277e-01,-6.525300741195678711e-01,2.508812844753265381e-01,-7.150266170501708984e-01,0.000000000000000000e+00
3.795684874057769775e-01,8.641409277915954590e-01,1.235927045345306396e-01,3.964282870292663574e-01,9.049342274665832520e-01,1.547212749719619751e-01,0.000000000000000000e+00
-5.028024315834045410e-01,-7.400602698326110840e-01,2.842906713485717773e-01,-5.775964260101318359e-01,-7.507117986679077148e-01,3.206464946269989014e-01,0.000000000000000000e+00
6.265843510627746582e-01,7.079892158508300781e-01,1.006742045283317566e-01,6.631755828857421875e-01,7.339818477630615234e-01,1.465223431587219238e-01,0.000000000000000000e+00
-5.963104963302612305e-01,6.690772771835327148e-01,-3.489856719970703125e-01,-6.469599604606628418e-01,6.934328675270080566e-01,-3.171650469303131104e-01,0.000000000000000000e+00
5.467000007629394531e-01,-1.427930444478988647e-01,7.500962018966674805e-01,5.734256505966186523e-01,-1.818946152925491333e-01,7.988099455833435059e-01,0.000000000000000000e+00
-3.861098289489746094e-01,3.526328504085540771e-02,8.482910394668579102e-01,-4.488939046859741211e-01,1.549907028675079346e-02,8.934506177902221680e-01,0.000000000000000000e+00
-8.455967307090759277e-01,-1.282577812671661377e-01,3.950642049312591553e-01,-8.958468437194824219e-01,-1.405256390571594238e-01,4.215578436851501465e-01,0.000000000000000000e+00
7.359462976455688477e-02,-5.873798727989196777e-01,7.278775572776794434e-01,9.094543009996414185e-02,-6.216988563537597656e-01,7.779585123062133789e-01,0.000000000000000000e+00
4.905099570751190186e-01,-8.019531965255737305e-01,1.244179382920265198e-01,5.375867486000061035e-01,-8.263959884643554688e-01,1.675414294004440308e-01,0.000000000000000000e+00
8.717216253280639648e-01,2.831532955169677734e-01,2.477090656757354736e-01,7.195284366607666016e-01,3.498055338859558105e-01,5.999290943145751953e-01,0.000000000000000000e+00
4.712387621402740479e-01,6.548261642456054688e-01,-5.412040948867797852e-01,5.126468539237976074e-01,6.581400036811828613e-01,-5.514026880264282227e-01,0.000000000000000000e+00
-6.160497665405273438e-01,-5.762432813644409180e-01,3.930253982543945312e-01,-6.424252986907958984e-01,-6.389343738555908203e-01,4.231461286544799805e-01,0.000000000000000000e+00
5.594899058341979980e-01,-1.780198812484741211e-01,-7.982141971588134766e-01,7.284190654754638672e-01,-1.064520180225372314e-01,-6.768113970756530762e-01,0.000000000000000000e+00
2.579166293144226074e-01,-2.375598624348640442e-02,9.195526838302612305e-01,4.837575852870941162e-01,-1.961402222514152527e-02,8.749822378158569336e-01,0.000000000000000000e+00
5.403019189834594727e-01,7.867621183395385742e-01,-6.980980187654495239e-02,5.875939130783081055e-01,8.080956935882568359e-01,-4.140911251306533813e-02,0.000000000000000000e+00
-6.055096983909606934e-01,7.331265807151794434e-01,-8.862529695034027100e-02,-6.222565770149230957e-01,7.805360555648803711e-01,-5.966750532388687134e-02,0.000000000000000000e+00
4.165731668472290039e-01,6.816136837005615234e-01,5.005691051483154297e-01,4.693519175052642822e-01,7.037388682365417480e-01,5.333482623100280762e-01,0.000000000000000000e+00
-8.570199012756347656e-01,-1.585809290409088135e-01,3.559975922107696533e-01,-8.972402215003967285e-01,-2.010507136583328247e-01,3.931139409542083740e-01,0.000000000000000000e+00
-7.445241808891296387e-01,5.393961071968078613e-01,-2.788987755775451660e-01,-8.003223538398742676e-01,5.428575873374938965e-01,-2.545382380485534668e-01,0.000000000000000000e+00
3.198428452014923096e-01,3.319309353828430176e-01,-8.420109748840332031e-01,3.423929214477539062e-01,3.447425365447998047e-01,-8.740249872207641602e-01,0.000000000000000000e+00
-9.109693765640258789e-02,-5.631565302610397339e-02,9.391651749610900879e-01,-1.839634329080581665e-01,4.285763576626777649e-02,9.819983243942260742e-01,0.000000000000000000e+00
1.053617596626281738e-01,9.542840719223022461e-01,1.861743628978729248e-02,3.008121252059936523e-02,9.268120527267456055e-01,-3.743187189102172852e-01,0.000000000000000000e+00
4.304998815059661865e-01,-6.636385917663574219e-01,5.111714005470275879e-01,4.346453249454498291e-01,-7.014145851135253906e-01,5.648903250694274902e-01,0.000000000000000000e+00
-7.160223275423049927e-02,9.219355583190917969e-01,-2.847848534584045410e-01,-4.008125066757202148e-01,7.338833212852478027e-01,-5.484201312065124512e-01,0.000000000000000000e+00
-4.951466619968414307e-01,7.322735786437988281e-01,3.320170044898986816e-01,-5.408424139022827148e-01,7.541788220405578613e-01,3.724295496940612793e-01,0.000000000000000000e+00
-8.225458264350891113e-01,-4.547290802001953125e-01,7.839450985193252563e-02,-8.733013272285461426e-01,-4.720402359962463379e-01,1.205103695392608643e-01,0.000000000000000000e+00
9.639400243759155273e-01,-1.396419666707515717e-02,1.186742931604385376e-01,9.924882650375366211e-01,-1.216783821582794189e-01,-1.270545553416013718e-02,0.000000000000000000e+00
6.447802782058715820e-01,-4.651579856872558594e-01,5.071728825569152832e-01,6.927843093872070312e-01,-4.805479347705841064e-01,5.377021431922912598e-01,0.000000000000000000e+00
-7.044138759374618530e-02,6.207590699195861816e-01,-7.630107998847961426e-01,-2.480134814977645874e-01,4.954949319362640381e-01,-8.324506282806396484e-01,0.000000000000000000e+00
-2.082937508821487427e-01,-4.817238450050354004e-02,-9.551061391830444336e-01,-1.743073910474777222e-01,-1.172969769686460495e-02,-9.846214056015014648e-01,0.000000000000000000e+00
-2.945040464401245117e-01,8.951701521873474121e-01,-1.617189347743988037e-01,-3.203877210617065430e-01,9.365679621696472168e-01,-1.420989483594894409e-01,0.000000000000000000e+00
6.249830126762390137e-01,6.801295280456542969e-01,-2.763868570327758789e-01,6.403290033340454102e-01,7.271674871444702148e-01,-2.473989129066467285e-01,0.000000000000000000e+00
2.452834323048591614e-02,-6.093378067016601562e-01,-7.588743567466735840e-01,6.652020383626222610e-03,-6.325744986534118652e-01,-7.744709253311157227e-01,0.000000000000000000e+00
-7.459203600883483887e-01,5.887994170188903809e-01,1.184592675417661667e-02,-7.858407497406005859e-01,6.161991357803344727e-01,5.246860906481742859e-02,0.000000000000000000e+00
5.409191250801086426e-01,7.475272417068481445e-01,-2.794100046157836914e-01,5.886979103088378906e-01,7.743181586265563965e-01,-2.320908010005950928e-01,0.000000000000000000e+00
4.345230460166931152e-01,9.469896554946899414e-02,-8.645668029785156250e-01,4.416097104549407959e-01,1.673710048198699951e-01,-8.814577460289001465e-01,0.000000000000000000e+00
2.130701839923858643e-01,5.699261277914047241e-02,-9.527439475059509277e-01,3.456470370292663574e-01,8.445511758327484131e-02,-9.345563054084777832e-01,0.000000000000000000e+00
-8.002582192420959473e-01,5.064008831977844238e-01,7.309375703334808350e-02,-8.302896618843078613e-01,5.437519550323486328e-01,1.222818344831466675e-01,0.000000000000000000e+00
-3.739354759454727173e-02,-8.283427357673645020e-01,4.742972552776336670e-01,-1.146522685885429382e-01,-6.554061770439147949e-01,7.465236783027648926e-01,0.000000000000000000e+00
5.231459140777587891e-01,-4.921519458293914795e-01,-6.613832712173461914e-01,5.255597233772277832e-01,-5.348291993141174316e-01,-6.616227626800537109e-01,0.000000000000000000e+00
1.467186957597732544e-01,-1.731196045875549316e-01,-9.510461091995239258e-01,9.241003543138504028e-02,-1.790928840637207031e-01,-9.794825911521911621e-01,0.000000000000000000e+00
-4.909121990203857422e-01,-1.641141772270202637e-01,-8.357958793640136719e-01,-4.992305636405944824e-01,-1.085126250982284546e-01,-8.596475124359130859e-01,0.000000000000000000e+00
-9.116010665893554688e-01,-1.180956065654754639e-01,2.336812764406204224e-01,-9.338198304176330566e-01,-2.031631320714950562e-01,2.944576144218444824e-01,0.000000000000000000e+00
-7.780583500862121582e-01,1.260941624641418457e-01,-5.710256695747375488e-01,-7.826083302497863770e-01,1.565180122852325439e-01,-6.025166511535644531e-01,0.000000000000000000e+00
5.432739257812500000e-01,-3.683262765407562256e-01,-7.400178909301757812e-01,4.098610579967498779e-01,-4.337961077690124512e-01,-8.023931980133056641e-01,0.000000000000000000e+00
9.416558593511581421e-02,-4.460324048995971680e-01,8.183357119560241699e-01,1.192516461014747620e-01,-4.395557343959808350e-01,8.902639150619506836e-01,0.000000000000000000e+00
3.999202847480773926e-01,7.686513066291809082e-01,-4.385318756103515625e-01,4.168095290660858154e-01,8.067797422409057617e-01,-4.187794625759124756e-01,0.000000000000000000e+00
5.351639986038208008e-01,-6.932351589202880859e-01,-4.026325345039367676e-01,5.652696490287780762e-01,-7.298128008842468262e-01,-3.845041394233703613e-01,0.000000000000000000e+00
-9.269726276397705078e-01,2.093550711870193481e-01,8.125473558902740479e-02,-9.500584006309509277e-01,2.071896046400070190e-01,-2.333700060844421387e-01,0.000000000000000000e+00
-5.971527099609375000e-01,-4.873864948749542236e-01,5.169235467910766602e-01,-6.432799100875854492e-01,-5.317859053611755371e-01,5.508127808570861816e-01,0.000000000000000000e+00
-1.260978635400533676e-02,-5.108562707901000977e-01,-8.334749937057495117e-01,7.732819300144910812e-03,-5.465831756591796875e-01,-8.373690843582153320e-01,0.000000000000000000e+00
-5.692925453186035156e-01,5.125450491905212402e-01,5.709244012832641602e-01,-5.815724134445190430e-01,6.439582109451293945e-01,4.970827996730804443e-01,0.000000000000000000e+00
-9.084751605987548828e-01,2.491024732589721680e-01,1.422909647226333618e-01,-9.334505200386047363e-01,2.917096018791198730e-01,2.087477445602416992e-01,0.000000000000000000e+00
-5.551074743270874023e-01,7.668163180351257324e-01,-1.306579411029815674e-01,-5.955582857131958008e-01,7.926456332206726074e-01,-1.304731220006942749e-01,0.000000000000000000e+00
-4.250165522098541260e-01,6.827878952026367188e-01,-5.423506498336791992e-01,-4.288183748722076416e-01,7.235010862350463867e-01,-5.409814715385437012e-01,0.000000000000000000e+00
-8.505718708038330078e-01,-2.950726747512817383e-01,2.679224610328674316e-01,-8.883070945739746094e-01,-3.452051877975463867e-01,3.028925955295562744e-01,0.000000000000000000e+00
1.090963557362556458e-01,8.225125074386596680e-01,4.569721519947052002e-01,1.430564373731613159e-01,8.291350603103637695e-01,5.404348969459533691e-01,0.000000000000000000e+00
1.750609576702117920e-01,-8.530962467193603516e-01,3.741475641727447510e-01,1.856075078248977661e-01,-8.791054487228393555e-01,4.390028119087219238e-01,0.000000000000000000e+00
-7.737308144569396973e-01,-2.153948396444320679e-01,-5.596129298210144043e-01,-5.600839257240295410e-01,-3.483572006225585938e-01,-7.516337037086486816e-01,0.000000000000000000e+00
-1.315890531986951828e-02,-7.676487416028976440e-02,9.441224932670593262e-01,9.228675812482833862e-02,2.597283422946929932e-01,9.612618684768676758e-01,0.000000000000000000e+00
-6.404660940170288086e-01,1.489400584250688553e-02,-7.396099567413330078e-01,-6.485325694084167480e-01,1.362132653594017029e-02,-7.610650658607482910e-01,0.000000000000000000e+00
-1.947869658470153809e-01,4.509139657020568848e-01,-8.388373255729675293e-01,-1.855650097131729126e-01,4.405447244644165039e-01,-8.783427476882934570e-01,0.000000000000000000e+00
2.790553271770477295e-01,-5.036962628364562988e-01,7.390133142471313477e-01,2.899650633335113525e-01,-5.191314220428466797e-01,8.040042519569396973e-01,0.000000000000000000e+00
-9.220150113105773926e-01,1.480040848255157471e-01,-2.290364056825637817e-01,-9.579593539237976074e-01,1.331459432840347290e-01,-2.541378438472747803e-01,0.000000000000000000e+00
-5.275262594223022461e-01,5.885542631149291992e-01,5.319063663482666016e-01,-6.479761004447937012e-01,6.375624537467956543e-01,4.167026579380035400e-01,0.000000000000000000e+00
-5.678421258926391602e-01,-4.714597463607788086e-01,-6.440147757530212402e-01,-5.119904279708862305e-01,-6.360632777214050293e-01,-5.773121118545532227e-01,0.000000000000000000e+00
-4.739339649677276611e-01,1.371977627277374268e-01,7.904877662658691406e-01,-4.924868047237396240e-01,1.210636943578720093e-01,8.618586659431457520e-01,0.000000000000000000e+00
-6.190630197525024414e-01,1.088617835193872452e-02,-7.576988935470581055e-01,-6.222619414329528809e-01,1.025358308106660843e-02,-7.827419042587280273e-01,0.000000000000000000e+00
-7.514125108718872070e-01,7.790458202362060547e-02,-6.170905828475952148e-01,-7.644856572151184082e-01,1.511508673429489136e-01,-6.266698837280273438e-01,0.000000000000000000e+00
-7.647773623466491699e-02,7.928040623664855957e-01,-5.851162672042846680e-01,-4.043751955032348633e-01,4.067873954772949219e-01,-8.191487789154052734e-01,0.000000000000000000e+00
-2.134045511484146118e-01,4.580814838409423828e-01,-8.313090801239013672e-01,-1.855650097131729126e-01,4.405447244644165039e-01,-8.783427476882934570e-01,0.000000000000000000e+00
-9.172769188880920410e-01,2.600008845329284668e-01,1.790542504750192165e-03,-9.536951184272766113e-01,3.007270395755767822e-01,5.371592473238706589e-03,0.000000000000000000e+00
-8.325595259666442871e-01,-2.534500360488891602e-01,-4.268080592155456543e-01,-8.274908661842346191e-01,-3.895934522151947021e-01,-4.043214023113250732e-01,0.000000000000000000e+00
-9.182221889495849609e-01,-2.042742669582366943e-01,1.160934418439865112e-01,-9.527978301048278809e-01,-2.486064285039901733e-01,1.742732822895050049e-01,0.000000000000000000e+00
-9.082331061363220215e-01,1.468054950237274170e-01,-2.889942228794097900e-01,-9.751238226890563965e-01,1.719109863042831421e-01,-1.399289667606353760e-01,0.000000000000000000e+00
1.740245670080184937e-01,-4.981043338775634766e-01,-8.214735388755798340e-01,2.291231453418731689e-01,-5.485383272171020508e-01,-8.041195869445800781e-01,0.000000000000000000e+00
-5.582484602928161621e-01,7.712549567222595215e-01,-6.123305484652519226e-02,-5.894282460212707520e-01,8.060473203659057617e-01,-5.349856615066528320e-02,0.000000000000000000e+00
3.589708507061004639e-01,7.368593215942382812e-01,4.705616831779479980e-01,3.843906223773956299e-01,7.587559819221496582e-01,5.258642435073852539e-01,0.000000000000000000e+00
8.453302979469299316e-01,3.389059901237487793e-01,2.969372272491455078e-01,8.716565966606140137e-01,4.440976977348327637e-01,2.073451876640319824e-01,0.000000000000000000e+00
1.347292959690093994e-01,-7.853139042854309082e-01,5.062478184700012207e-01,1.908660680055618286e-01,-8.024575710296630859e-01,5.653600096702575684e-01,0.000000000000000000e+00
6.104793772101402283e-02,-8.632599115371704102e-01,-4.402847588062286377e-01,2.215820252895355225e-01,-9.165067672729492188e-01,-3.330416083335876465e-01,0.000000000000000000e+00
-7.294456362724304199e-01,-4.168104827404022217e-01,4.082463085651397705e-01,-7.575854659080505371e-01,-4.764938652515411377e-01,4.461142122745513916e-01,0.000000000000000000e+00
-5.698879957199096680e-01,-2.794905304908752441e-01,-7.573898434638977051e-01,-6.901308298110961914e-01,-2.475106269121170044e-01,-6.800425648689270020e-01,0.000000000000000000e+00
-4.413839280605316162e-01,-8.139632940292358398e-01,1.799956262111663818e-01,-5.072658061981201172e-01,-8.400268554687500000e-01,1.924481540918350220e-01,0.000000000000000000e+00
1.461612284183502197e-01,5.371499061584472656e-01,-8.068015575408935547e-01,2.610479295253753662e-01,5.179940462112426758e-01,-8.145772814750671387e-01,0.000000000000000000e+00
4.434626698493957520e-01,-8.056069612503051758e-01,2.286501824855804443e-01,4.668644666671752930e-01,-8.501610159873962402e-01,2.434416115283966064e-01,0.000000000000000000e+00
-1.771954298019409180e-01,8.293869495391845703e-01,4.576734900474548340e-01,-2.252500504255294800e-01,8.548681139945983887e-01,4.674001336097717285e-01,0.000000000000000000e+00
3.129700720310211182e-01,8.169184327125549316e-01,-4.251575171947479248e-01,3.501119911670684814e-01,8.500609397888183594e-01,-3.934691548347473145e-01,0.000000000000000000e+00
1.626698821783065796e-01,-9.082717895507812500e-01,2.362702786922454834e-01,3.102191090583801270e-01,-9.500259160995483398e-01,3.485505282878875732e-02,0.000000000000000000e+00
-8.492389321327209473e-01,-4.081256687641143799e-01,-1.142232418060302734e-01,-8.962513208389282227e-01,-4.349743723869323730e-01,-8.678087592124938965e-02,0.000000000000000000e+00
7.443858385086059570e-01,5.365550518035888672e-01,2.469272464513778687e-01,7.788703441619873047e-01,5.764545202255249023e-01,2.471056580543518066e-01,0.000000000000000000e+00
7.677764892578125000e-01,-5.439349412918090820e-01,-1.844361424446105957e-01,7.917123436927795410e-01,-5.898087620735168457e-01,-1.591136008501052856e-01,0.000000000000000000e+00
9.772241115570068359e-01,-9.642133116722106934e-02,-1.053673401474952698e-01,9.539735317230224609e-01,-2.457313835620880127e-01,-1.719029545783996582e-01,0.000000000000000000e+00
-4.579187184572219849e-02,-9.136608242988586426e-01,-3.402471840381622314e-01,-9.613256901502609253e-02,-9.498159885406494141e-01,-2.976712286472320557e-01,0.000000000000000000e+00
9.741969108581542969e-01,-6.026029214262962341e-02,3.721784055233001709e-02,9.968320727348327637e-01,3.505676984786987305e-02,7.139192521572113037e-02,0.000000000000000000e+00
-9.114737063646316528e-02,-9.355001449584960938e-01,-2.194733172655105591e-01,-3.360168635845184326e-01,-9.116384983062744141e-01,-2.366599738597869873e-01,0.000000000000000000e+00
6.529259085655212402e-01,6.823728084564208984e-01,-1.770230829715728760e-01,6.917154788970947266e-01,7.012975811958312988e-01,-1.723697632551193237e-01,0.000000000000000000e+00
6.872596144676208496e-01,-8.813740685582160950e-03,6.470683813095092773e-01,7.143062949180603027e-01,-1.958885788917541504e-02,6.995589733123779297e-01,0.000000000000000000e+00
3.316216766834259033e-01,7.583156824111938477e-01,4.583143889904022217e-01,3.518823385238647461e-01,8.057918548583984375e-01,4.763174653053283691e-01,0.000000000000000000e+00
1.529008802026510239e-02,-3.562458977103233337e-02,-9.703587293624877930e-01,2.602719329297542572e-02,-3.011346608400344849e-02,-9.992075562477111816e-01,0.000000000000000000e+00
9.489544034004211426e-01,8.159988373517990112e-02,1.718709021806716919e-01,9.099242687225341797e-01,-4.037095308303833008e-01,-9.516545385122299194e-02,0.000000000000000000e+00
5.139510035514831543e-01,8.011355996131896973e-01,4.556767642498016357e-02,5.536007285118103027e-01,8.285751342773437500e-01,8.360302448272705078e-02,0.000000000000000000e+00
-1.883789896965026855e-01,4.402673244476318359e-02,-9.554501175880432129e-01,-1.824201494455337524e-01,9.835349768400192261e-02,-9.782890677452087402e-01,0.000000000000000000e+00
-7.142410278320312500e-01,6.732858717441558838e-02,6.001784801483154297e-01,-7.421801090240478516e-01,3.673686459660530090e-02,6.691928505897521973e-01,0.000000000000000000e+00
3.204881548881530762e-01,7.404470443725585938e-01,4.928757250308990479e-01,3.386237919330596924e-01,7.859569191932678223e-01,5.173061490058898926e-01,0.000000000000000000e+00
8.514415025711059570e-01,4.309679269790649414e-01,-6.593902409076690674e-02,8.804785609245300293e-01,4.688173532485961914e-01,-7.048289477825164795e-02,0.000000000000000000e+00
1.634602546691894531e-01,-6.895749568939208984e-01,-6.573413014411926270e-01,1.884768605232238770e-01,-7.250480651855468750e-01,-6.624060273170471191e-01,0.000000000000000000e+00
3.684396743774414062e-01,7.685639858245849609e-01,4.115752577781677246e-01,4.139557182788848877e-01,7.849801778793334961e-01,4.609194695949554443e-01,0.000000000000000000e+00
-5.366209149360656738e-01,-2.384896129369735718e-01,7.209314703941345215e-01,-5.828410387039184570e-01,-2.811917960643768311e-01,7.623828053474426270e-01,0.000000000000000000e+00
8.183856606483459473e-01,-3.262920677661895752e-01,-4.564240574836730957e-01,8.483796119689941406e-01,-4.166963398456573486e-01,-3.265213072299957275e-01,0.000000000000000000e+00
-5.355769395828247070e-01,7.579026222229003906e-01,-2.382908761501312256e-01,-5.762782096862792969e-01,7.867445349693298340e-01,-2.212159633636474609e-01,0.000000000000000000e+00
-2.201716974377632141e-02,7.069390267133712769e-02,9.418030977249145508e-01,-1.378415990620851517e-02,2.750408053398132324e-01,9.613337516784667969e-01,0.000000000000000000e+00
4.070354700088500977e-01,-2.092380970716476440e-01,8.183370828628540039e-01,4.302809536457061768e-01,-2.149826437234878540e-01,8.767216205596923828e-01,0.000000000000000000e+00
-7.250510454177856445e-01,2.565729022026062012e-01,5.613415241241455078e-01,-7.970659136772155762e-01,1.624294668436050415e-01,5.816378593444824219e-01,0.000000000000000000e+00
-3.228438794612884521e-01,-1.136269718408584595e-01,8.674153089523315430e-01,-3.522615432739257812e-01,-1.398176997900009155e-01,9.253987073898315430e-01,0.000000000000000000e+00
-1.142752245068550110e-01,-9.425743818283081055e-01,-7.193602621555328369e-02,-1.007362976670265198e-01,-9.932319521903991699e-01,-5.781378597021102905e-02,0.000000000000000000e+00
-1.159697100520133972e-01,9.185578823089599609e-01,2.059981822967529297e-01,-5.095354318618774414e-01,8.046545982360839844e-01,3.048025369644165039e-01,0.000000000000000000e+00
4.930704087018966675e-02,-4.839425683021545410e-01,-8.461523056030273438e-01,-7.289444096386432648e-03,-4.725578129291534424e-01,-8.812695145606994629e-01,0.000000000000000000e+00
3.041369020938873291e-01,-7.805029749870300293e-01,-4.769999682903289795e-01,3.163689374923706055e-01,-8.162872791290283203e-01,-4.833070635795593262e-01,0.000000000000000000e+00
7.426008582115173340e-01,-1.732692271471023560e-01,-6.159642934799194336e-01,6.241718530654907227e-01,-2.027486413717269897e-01,-7.545213699340820312e-01,0.000000000000000000e+00
3.397504687309265137e-01,8.665764331817626953e-01,1.937730908393859863e-01,3.669616580009460449e-01,9.081630706787109375e-01,2.014422863721847534e-01,0.000000000000000000e+00
-7.045784592628479004e-01,-3.824352324008941650e-01,4.745666980743408203e-01,-7.245737910270690918e-01,-4.363977015018463135e-01,5.334321260452270508e-01,0.000000000000000000e+00
-5.014155432581901550e-02,7.187064290046691895e-01,6.129111647605895996e-01,9.770978242158889771e-03,7.271239757537841797e-01,6.864365935325622559e-01,0.000000000000000000e+00
-2.438523806631565094e-02,6.783878803253173828e-01,-7.131124138832092285e-01,9.234587103128433228e-02,7.207753658294677734e-01,-6.869899034500122070e-01,0.000000000000000000e+00
-9.640094041824340820e-01,-2.023164927959442139e-02,-1.540267914533615112e-01,-9.952871203422546387e-01,-1.560406386852264404e-02,9.570848941802978516e-02,0.000000000000000000e+00
-5.013268589973449707e-01,2.674551308155059814e-01,7.429798841476440430e-01,-5.150149464607238770e-01,2.686731517314910889e-01,8.139866590499877930e-01,0.000000000000000000e+00
5.829587578773498535e-01,7.531147003173828125e-01,3.290661051869392395e-02,6.132028102874755859e-01,7.864127159118652344e-01,7.441334426403045654e-02,0.000000000000000000e+00
8.922275304794311523e-01,-7.487402763217687607e-03,3.307407796382904053e-01,9.976204633712768555e-01,-7.379477843642234802e-03,6.854859739542007446e-02,0.000000000000000000e+00
-5.741145610809326172e-01,-8.462586253881454468e-02,7.276133894920349121e-01,-5.987712740898132324e-01,-6.935632973909378052e-02,7.979114651679992676e-01,0.000000000000000000e+00
8.455283641815185547e-01,-4.319320619106292725e-01,8.984733372926712036e-02,8.826971054077148438e-01,-4.610473811626434326e-01,9.100095927715301514e-02,0.000000000000000000e+00
-2.933983206748962402e-01,-8.965173363685607910e-01,9.461845457553863525e-02,-3.423064053058624268e-01,-9.343100190162658691e-01,9.945431351661682129e-02,0.000000000000000000e+00
-9.381967186927795410e-01,-3.511904552578926086e-02,1.971930116415023804e-01,-9.582856893539428711e-01,-1.999768018722534180e-01,2.042004019021987915e-01,0.000000000000000000e+00
-2.561907470226287842e-01,3.976306319236755371e-01,-8.501769304275512695e-01,-2.814906835556030273e-01,4.079414606094360352e-01,-8.685314059257507324e-01,0.000000000000000000e+00
-9.179863333702087402e-02,-2.578385174274444580e-01,9.057349562644958496e-01,-2.227636724710464478e-01,-5.781005024909973145e-01,7.849689126014709473e-01,0.000000000000000000e+00
4.959511458873748779e-01,3.325921893119812012e-01,7.469754219055175781e-01,3.838365674018859863e-01,4.068667292594909668e-01,8.289324045181274414e-01,0.000000000000000000e+00
-6.343396306037902832e-01,-6.971471905708312988e-01,-8.679210208356380463e-03,-6.729333996772766113e-01,-7.396354079246520996e-01,-1.000584103167057037e-02,0.000000000000000000e+00
-5.148110389709472656e-01,-7.563967704772949219e-01,2.149730175733566284e-01,-5.799914002418518066e-01,-7.806414365768432617e-01,2.328280061483383179e-01,0.000000000000000000e+00
-5.546087622642517090e-01,-4.482358098030090332e-01,-6.796760559082031250e-01,-4.706092178821563721e-01,-6.185249090194702148e-01,-6.292486786842346191e-01,0.000000000000000000e+00
7.895971536636352539e-01,5.383407473564147949e-01,-6.421658396720886230e-02,8.347877860069274902e-01,5.498051643371582031e-01,-2.904477901756763458e-02,0.000000000000000000e+00
-4.362546801567077637e-01,-5.302671790122985840e-01,6.308566331863403320e-01,-4.725716114044189453e-01,-5.839104652404785156e-01,6.600944399833679199e-01,0.000000000000000000e+00
-1.262753307819366455e-01,7.249008417129516602e-01,-6.468759179115295410e-01,-2.028277516365051270e-01,7.371555566787719727e-01,-6.445638537406921387e-01,0.000000000000000000e+00
4.844792187213897705e-01,-6.783618927001953125e-01,-4.896641969680786133e-01,4.920831918716430664e-01,-7.244341969490051270e-01,-4.827517271041870117e-01,0.000000000000000000e+00
-8.419843018054962158e-02,9.320027828216552734e-01,1.197097003459930420e-01,-2.154489904642105103e-01,8.937898874282836914e-01,3.933464288711547852e-01,0.000000000000000000e+00
8.352734893560409546e-02,9.032329320907592773e-01,3.195239305496215820e-01,2.306851297616958618e-01,8.620045185089111328e-01,4.513674378395080566e-01,0.000000000000000000e+00
2.045637667179107666e-01,-6.929718852043151855e-01,6.005958318710327148e-01,2.093279808759689331e-01,-7.278594374656677246e-01,6.529949903488159180e-01,0.000000000000000000e+00
4.443105161190032959e-01,-5.731225013732910156e-01,5.962750911712646484e-01,4.761948287487030029e-01,-6.018413305282592773e-01,6.411126852035522461e-01,0.000000000000000000e+00
-5.600898861885070801e-01,8.949490636587142944e-02,-7.956793308258056641e-01,-5.905159115791320801e-01,1.143371909856796265e-01,-7.988854646682739258e-01,0.000000000000000000e+00
-5.523451566696166992e-01,-3.270553350448608398e-01,6.712944507598876953e-01,-5.800287127494812012e-01,-3.343297243118286133e-01,7.428258657455444336e-01,0.000000000000000000e+00
-2.712169587612152100e-01,1.280506700277328491e-01,-9.273389577865600586e-01,-2.492582350969314575e-01,1.435022205114364624e-01,-9.577460289001464844e-01,0.000000000000000000e+00
3.728120028972625732e-01,-5.718933939933776855e-01,6.442307233810424805e-01,3.955259919166564941e-01,-6.145877838134765625e-01,6.825255155563354492e-01,0.000000000000000000e+00
-4.230920374393463135e-01,8.205739259719848633e-01,2.040232121944427490e-01,-4.505036473274230957e-01,8.622757792472839355e-01,2.313589155673980713e-01,0.000000000000000000e+00
3.625373840332031250e-01,-8.479291200637817383e-01,-2.633597254753112793e-01,3.994757533073425293e-01,-8.768926858901977539e-01,-2.673543393611907959e-01,0.000000000000000000e+00
-4.185789823532104492e-01,-8.413067460060119629e-01,-9.754904359579086304e-02,-5.193940401077270508e-01,-8.404389023780822754e-01,-1.545712947845458984e-01,0.000000000000000000e+00
7.252243161201477051e-01,5.594042539596557617e-01,2.534536421298980713e-01,7.646618485450744629e-01,5.828075408935546875e-01,2.750048637390136719e-01,0.000000000000000000e+00
-2.422468960285186768e-01,7.053428888320922852e-01,5.733488202095031738e-01,-1.920822262763977051e-01,9.134429097175598145e-01,3.587847650051116943e-01,0.000000000000000000e+00
5.457900166511535645e-01,-7.558682560920715332e-01,1.648252308368682861e-01,5.777318477630615234e-01,-7.912255525588989258e-01,2.004694491624832153e-01,0.000000000000000000e+00
5.643861889839172363e-01,-7.598087191581726074e-01,-1.304316222667694092e-01,6.013223528861999512e-01,-7.901498675346374512e-01,-1.186363548040390015e-01,0.000000000000000000e+00
-3.779892921447753906e-01,-4.014852941036224365e-01,7.509387731552124023e-01,-4.359536468982696533e-01,-4.064476191997528076e-01,8.029599785804748535e-01,0.000000000000000000e+00
-6.821266561746597290e-02,9.418104290962219238e-01,1.069776117801666260e-01,-3.644573390483856201e-01,8.998689055442810059e-01,2.395970970392227173e-01,0.000000000000000000e+00
-2.372865527868270874e-01,-2.328918874263763428e-01,8.733400702476501465e-01,-2.334072291851043701e-01,-2.485807687044143677e-01,9.400684237480163574e-01,0.000000000000000000e+00
1.662027090787887573e-01,8.592196702957153320e-01,3.661039471626281738e-01,2.158740907907485962e-01,8.918247818946838379e-01,3.975511789321899414e-01,0.000000000000000000e+00
7.610346078872680664e-01,5.746756792068481445e-01,3.196718543767929077e-02,7.931995987892150879e-01,6.026671528816223145e-01,8.733094483613967896e-02,0.000000000000000000e+00
3.158911764621734619e-01,7.409282922744750977e-01,4.951536953449249268e-01,3.386237919330596924e-01,7.859569191932678223e-01,5.173061490058898926e-01,0.000000000000000000e+00
