-3.813318610191345215e-01,-8.842164874076843262e-01,1.790466010570526123e-01,-3.635061085224151611e-01,-9.151979088783264160e-01,1.740003377199172974e-01,0.000000000000000000e+00
-7.008055448532104492e-01,4.453584551811218262e-01,4.592711627483367920e-01,-7.366122603416442871e-01,4.981282055377960205e-01,4.574610590934753418e-01,0.000000000000000000e+00
-8.216958045959472656e-01,-3.122987449169158936e-01,-4.086747467517852783e-01,-8.370476961135864258e-01,-2.875720560550689697e-01,-4.654604792594909668e-01,0.000000000000000000e+00
-1.576571166515350342e-01,-4.205289185047149658e-01,8.633727431297302246e-01,-5.068990215659141541e-02,-3.516017198562622070e-01,9.347763061523437500e-01,0.000000000000000000e+00
-1.867461353540420532e-01,4.040976464748382568e-01,8.398915529251098633e-01,-1.481574624776840210e-01,4.036018550395965576e-01,9.028593301773071289e-01,0.000000000000000000e+00
1.197312325239181519e-01,9.242454171180725098e-01,5.370252579450607300e-02,1.396488249301910400e-01,9.889068007469177246e-01,5.061218142509460449e-02,0.000000000000000000e+00
8.092655539512634277e-01,-2.838959693908691406e-01,-4.205174148082733154e-01,8.514552116394042969e-01,-2.775050997734069824e-01,-4.449886977672576904e-01,0.000000000000000000e+00
5.248889327049255371e-01,-3.857841715216636658e-03,-8.068970441818237305e-01,4.907548725605010986e-01,1.161937117576599121e-01,-8.635153174400329590e-01,0.000000000000000000e+00
-6.208643913269042969e-01,-4.028981085866689682e-03,7.468632459640502930e-01,-7.403057813644409180e-01,-1.273802220821380615e-01,6.600921154022216797e-01,0.000000000000000000e+00
-8.127100467681884766e-01,3.558483421802520752e-01,3.420487940311431885e-01,-8.507557511329650879e-01,3.989464938640594482e-01,3.421349823474884033e-01,0.000000000000000000e+00
-6.379089355468750000e-01,-1.980669647455215454e-01,7.206724882125854492e-01,-6.887170672416687012e-01,-2.281663008034229279e-02,7.246710658073425293e-01,0.000000000000000000e+00
6.010565757751464844e-01,3.647780418395996094e-01,6.338409185409545898e-01,6.684115529060363770e-01,3.460641801357269287e-01,6.583809852600097656e-01,0.000000000000000000e+00
-4.960893392562866211e-01,6.290127038955688477e-01,5.040848255157470703e-01,-4.878415465354919434e-01,7.174651026725769043e-01,4.972468316555023193e-01,0.000000000000000000e+00
9.370695352554321289e-01,1.059228181838989258e-01,1.139081642031669617e-02,9.864156246185302734e-01,1.642682850360870361e-01,-3.841338329948484898e-04,0.000000000000000000e+00
4.840129911899566650e-01,-4.968499839305877686e-01,-6.943800449371337891e-01,3.428329825401306152e-01,-8.561376929283142090e-01,-3.866442143917083740e-01,0.000000000000000000e+00
-3.229148387908935547e-01,-6.587206721305847168e-01,-6.190224289894104004e-01,-3.639260530471801758e-01,-6.393665671348571777e-01,-6.773242950439453125e-01,0.000000000000000000e+00
-1.474962830543518066e-01,8.135640621185302734e-01,-4.271338582038879395e-01,-1.685301810503005981e-01,8.599725365638732910e-01,-4.817102849483489990e-01,0.000000000000000000e+00
9.297581315040588379e-01,1.437080353498458862e-01,4.573600366711616516e-02,9.782866835594177246e-01,2.008235603570938110e-01,5.123580247163772583e-02,0.000000000000000000e+00
-8.887370824813842773e-01,2.254763096570968628e-01,2.560254037380218506e-01,-9.284308552742004395e-01,2.507833242416381836e-01,2.740874290466308594e-01,0.000000000000000000e+00
-2.864298522472381592e-01,1.541837453842163086e-01,-8.734245896339416504e-01,-3.217796981334686279e-01,2.037263512611389160e-01,-9.246369004249572754e-01,0.000000000000000000e+00
-5.511074662208557129e-01,1.777924299240112305e-01,-7.440185546875000000e-01,-5.371845364570617676e-01,2.232463210821151733e-01,-8.133842349052429199e-01,0.000000000000000000e+00
7.415515780448913574e-01,-6.106550693511962891e-01,7.341246306896209717e-02,7.753481864929199219e-01,-6.241021156311035156e-01,9.660062193870544434e-02,0.000000000000000000e+00
3.626401126384735107e-01,-6.703874468803405762e-01,-6.280401945114135742e-01,3.251960575580596924e-01,-7.534442543983459473e-01,-5.714623928070068359e-01,0.000000000000000000e+00
-5.075606703758239746e-01,6.758280098438262939e-02,8.299408555030822754e-01,-6.958302259445190430e-01,-3.239287436008453369e-01,6.410073637962341309e-01,0.000000000000000000e+00
-6.545329093933105469e-01,-6.677818894386291504e-01,2.752403020858764648e-01,-6.862089633941650391e-01,-6.637785434722900391e-01,2.975152134895324707e-01,0.000000000000000000e+00
-8.038555979728698730e-01,-1.895171701908111572e-01,-5.051113963127136230e-01,-8.113737702369689941e-01,-5.024427771568298340e-01,-2.987036406993865967e-01,0.000000000000000000e+00
2.100367546081542969e-01,-6.592423319816589355e-01,-6.759483814239501953e-01,2.074115425348281860e-01,-6.813629865646362305e-01,-7.019436955451965332e-01,0.000000000000000000e+00
3.105024434626102448e-02,8.581012487411499023e-01,-3.570542335510253906e-01,3.949045389890670776e-02,9.156057834625244141e-01,-4.001331329345703125e-01,0.000000000000000000e+00
2.893808064982295036e-03,9.314292073249816895e-01,-3.355379402637481689e-02,3.672052547335624695e-02,9.983910322189331055e-01,-4.320823028683662415e-02,0.000000000000000000e+00
2.075437307357788086e-01,-5.326380729675292969e-01,7.740445733070373535e-01,1.735326647758483887e-01,-5.343742370605468750e-01,8.272427320480346680e-01,0.000000000000000000e+00
-7.026615738868713379e-01,1.900831311941146851e-01,6.234347224235534668e-01,-7.327098250389099121e-01,2.211487144231796265e-01,6.436066627502441406e-01,0.000000000000000000e+00
7.652775645256042480e-01,-3.751534819602966309e-01,4.794259369373321533e-01,6.709675192832946777e-01,-6.206871867179870605e-01,4.056476950645446777e-01,0.000000000000000000e+00
3.617741465568542480e-01,-2.378551103174686432e-02,-8.786071538925170898e-01,3.503878414630889893e-01,2.369451709091663361e-02,-9.363049268722534180e-01,0.000000000000000000e+00
-7.673813700675964355e-01,-1.762733608484268188e-01,5.565876364707946777e-01,-8.207168579101562500e-01,-1.435858011245727539e-01,5.529981851577758789e-01,0.000000000000000000e+00
-5.630455166101455688e-02,-4.631705954670906067e-02,-9.377853274345397949e-01,-7.898862659931182861e-02,-1.739826425909996033e-02,-9.967236518859863281e-01,0.000000000000000000e+00
9.161595702171325684e-01,-2.606805562973022461e-01,1.026937216520309448e-01,9.643108844757080078e-01,-2.485703974962234497e-01,9.119914472103118896e-02,0.000000000000000000e+00
-9.285804033279418945e-01,2.046265602111816406e-01,-2.025531977415084839e-02,-9.708441495895385742e-01,2.373926490545272827e-01,-3.326186165213584900e-02,0.000000000000000000e+00
-8.368830084800720215e-01,-3.729210495948791504e-01,2.987166941165924072e-01,-8.939340114593505859e-01,-3.395436704158782959e-01,2.925611734390258789e-01,0.000000000000000000e+00
-5.058145523071289062e-01,-4.407322108745574951e-01,-6.775328516960144043e-01,-4.993446171283721924e-01,-4.527201056480407715e-01,-7.387147545814514160e-01,0.000000000000000000e+00
-4.778037667274475098e-01,-5.763935446739196777e-01,-5.967629551887512207e-01,-4.671486914157867432e-01,-5.606815218925476074e-01,-6.836726665496826172e-01,0.000000000000000000e+00
2.863328158855438232e-01,-4.150576293468475342e-01,8.234521746635437012e-01,1.914851963520050049e-01,-5.209869146347045898e-01,8.318088650703430176e-01,0.000000000000000000e+00
-8.907409310340881348e-01,-2.609967589378356934e-01,-2.522185444831848145e-01,-9.367069602012634277e-01,-2.503270506858825684e-01,-2.447783797979354858e-01,0.000000000000000000e+00
3.417625278234481812e-02,-5.031437277793884277e-01,8.277982473373413086e-01,1.844658330082893372e-02,-4.304104745388031006e-01,9.024447798728942871e-01,0.000000000000000000e+00
6.669862866401672363e-01,3.720125555992126465e-01,-5.435293912887573242e-01,6.969223618507385254e-01,4.228805005550384521e-01,-5.791988968849182129e-01,0.000000000000000000e+00
-6.482793092727661133e-01,-6.919869780540466309e-01,2.253817170858383179e-01,-6.809990406036376953e-01,-7.030462026596069336e-01,2.048567533493041992e-01,0.000000000000000000e+00
-3.283659815788269043e-01,-8.351884484291076660e-01,4.203191697597503662e-01,-2.811617255210876465e-01,-8.979099988937377930e-01,3.386823236942291260e-01,0.000000000000000000e+00
-5.331739187240600586e-01,-5.641331672668457031e-01,-5.637503862380981445e-01,-5.244081020355224609e-01,-5.675979852676391602e-01,-6.346878409385681152e-01,0.000000000000000000e+00
-8.821312785148620605e-01,7.393655180931091309e-02,3.580007553100585938e-01,-9.253228902816772461e-01,9.437760710716247559e-02,3.672471344470977783e-01,0.000000000000000000e+00
-1.339942216873168945e-01,-1.984294503927230835e-01,-9.131494164466857910e-01,-1.715094149112701416e-01,-1.880864650011062622e-01,-9.670615196228027344e-01,0.000000000000000000e+00
4.807746410369873047e-01,4.058608412742614746e-02,8.262335062026977539e-01,4.677700698375701904e-01,8.017944544553756714e-02,8.802059292793273926e-01,0.000000000000000000e+00
7.800124883651733398e-01,-2.723871767520904541e-01,-4.800629615783691406e-01,8.297559618949890137e-01,-2.761161923408508301e-01,-4.850411713123321533e-01,0.000000000000000000e+00
9.047151803970336914e-01,-2.337600290775299072e-02,3.003990650177001953e-01,9.567688107490539551e-01,4.722003359347581863e-04,2.908491492271423340e-01,0.000000000000000000e+00
9.827945381402969360e-02,8.340166807174682617e-01,-3.956676423549652100e-01,1.257353276014328003e-01,9.002479314804077148e-01,-4.168264865875244141e-01,0.000000000000000000e+00
8.155061006546020508e-01,-4.610412120819091797e-01,2.212987244129180908e-01,8.543124198913574219e-01,-4.680454432964324951e-01,2.260172218084335327e-01,0.000000000000000000e+00
7.435069680213928223e-01,5.277612805366516113e-01,2.083231955766677856e-01,7.937831878662109375e-01,5.616465806961059570e-01,2.333696633577346802e-01,0.000000000000000000e+00
5.252295732498168945e-01,-6.778433322906494141e-01,-4.615375995635986328e-01,5.407094359397888184e-01,-7.178527712821960449e-01,-4.385437965393066406e-01,0.000000000000000000e+00
-1.786488890647888184e-01,-8.728888034820556641e-01,4.341032505035400391e-01,2.835719473659992218e-02,-9.220278263092041016e-01,3.860835731029510498e-01,0.000000000000000000e+00
6.939888596534729004e-01,-6.719295382499694824e-01,-3.486246615648269653e-02,7.308301329612731934e-01,-6.824811697006225586e-01,-1.033083256334066391e-02,0.000000000000000000e+00
6.608123183250427246e-01,1.442576348781585693e-01,-6.551504135131835938e-01,7.293521761894226074e-01,1.678561866283416748e-01,-6.632267236709594727e-01,0.000000000000000000e+00
6.688920855522155762e-01,6.494162082672119141e-01,3.867881372570991516e-02,7.162222862243652344e-01,6.977035999298095703e-01,-1.534134894609451294e-02,0.000000000000000000e+00
-6.150504350662231445e-01,-6.968400478363037109e-01,3.001565635204315186e-01,-6.384846568107604980e-01,-7.013295888900756836e-01,3.169764876365661621e-01,0.000000000000000000e+00
-8.687339723110198975e-02,-1.496775597333908081e-01,9.466381669044494629e-01,-9.211496263742446899e-02,-1.250366270542144775e-01,9.878667593002319336e-01,0.000000000000000000e+00
2.054939977824687958e-02,7.078231573104858398e-01,-5.973063707351684570e-01,1.608144678175449371e-02,7.486751079559326172e-01,-6.627419590950012207e-01,0.000000000000000000e+00
9.854727983474731445e-02,2.911129966378211975e-02,9.509032368659973145e-01,1.204544976353645325e-01,8.527658134698867798e-02,9.890493750572204590e-01,0.000000000000000000e+00
5.274609327316284180e-01,-4.491795003414154053e-01,-6.932322978973388672e-01,4.696159362792968750e-01,-8.639964461326599121e-02,-8.786330223083496094e-01,0.000000000000000000e+00
-1.080927699804306030e-01,-4.221095740795135498e-01,8.665236234664916992e-01,-9.112046658992767334e-02,-3.798277676105499268e-01,9.205584526062011719e-01,0.000000000000000000e+00
-4.179974496364593506e-01,-6.695374101400375366e-02,8.722607493400573730e-01,-3.743506669998168945e-01,-8.419789373874664307e-02,9.234567284584045410e-01,0.000000000000000000e+00
-2.105420082807540894e-01,-9.214392304420471191e-01,-2.646148800849914551e-01,-4.173645079135894775e-01,-8.909178972244262695e-01,-1.790870577096939087e-01,0.000000000000000000e+00
-4.040119051933288574e-01,-8.320785164833068848e-01,3.299477398395538330e-01,-4.245420694351196289e-01,-8.538560271263122559e-01,3.011543154716491699e-01,0.000000000000000000e+00
-7.702564001083374023e-01,4.452319145202636719e-01,-3.145432174205780029e-01,-8.143493533134460449e-01,4.871869385242462158e-01,-3.154108226299285889e-01,0.000000000000000000e+00
-6.612613201141357422e-01,-1.433646231889724731e-01,6.944218277931213379e-01,-8.858526349067687988e-01,-1.870219856500625610e-01,4.246031641960144043e-01,0.000000000000000000e+00
8.624305129051208496e-01,1.610870361328125000e-01,-3.354357779026031494e-01,9.051876664161682129e-01,1.788810938596725464e-01,-3.855345249176025391e-01,0.000000000000000000e+00
-6.859330534934997559e-01,6.382877230644226074e-01,8.467704802751541138e-02,-7.403848767280578613e-01,6.680951714515686035e-01,7.402064651250839233e-02,0.000000000000000000e+00
-8.794911503791809082e-01,2.916228771209716797e-01,2.129581868648529053e-01,-9.272646903991699219e-01,3.265290856361389160e-01,1.831909865140914917e-01,0.000000000000000000e+00
-1.884981691837310791e-01,4.644702374935150146e-01,-7.818163037300109863e-01,-2.207605838775634766e-01,5.159713625907897949e-01,-8.276703953742980957e-01,0.000000000000000000e+00
-6.064664721488952637e-01,7.199133038520812988e-01,-7.992951199412345886e-03,-6.483671665191650391e-01,7.610731720924377441e-01,-1.968791522085666656e-02,0.000000000000000000e+00
3.809751570224761963e-01,7.111310362815856934e-01,4.754208326339721680e-01,4.222125709056854248e-01,7.499740123748779297e-01,5.091910362243652344e-01,0.000000000000000000e+00
-1.896836608648300171e-02,2.189969569444656372e-01,9.244163632392883301e-01,-4.703156184405088425e-03,2.784623801708221436e-01,9.604356288909912109e-01,0.000000000000000000e+00
-6.932114958763122559e-01,-3.446023166179656982e-01,5.875483751296997070e-01,-7.165810465812683105e-01,-3.651532828807830811e-01,5.942850112915039062e-01,0.000000000000000000e+00
-5.563904047012329102e-01,4.841215908527374268e-01,6.056447625160217285e-01,-5.496471524238586426e-01,5.618545413017272949e-01,6.182292699813842773e-01,0.000000000000000000e+00
-5.943476688116788864e-03,9.111692309379577637e-01,2.252059131860733032e-01,5.006571765989065170e-03,9.705121517181396484e-01,2.410001307725906372e-01,0.000000000000000000e+00
-2.496468871831893921e-01,-2.778938114643096924e-01,8.937178254127502441e-01,-2.496319264173507690e-01,-2.843976318836212158e-01,9.256359338760375977e-01,0.000000000000000000e+00
-7.671936154365539551e-01,-8.511624485254287720e-02,-5.795728564262390137e-01,-6.816669106483459473e-01,-3.296165764331817627e-01,-6.532099246978759766e-01,0.000000000000000000e+00
5.607821941375732422e-01,-6.636358499526977539e-01,4.331357181072235107e-01,4.815149009227752686e-01,-6.716769933700561523e-01,5.630216598510742188e-01,0.000000000000000000e+00
-1.677507311105728149e-01,-1.255201101303100586e-01,9.393094778060913086e-01,-1.514804512262344360e-01,-8.314400911331176758e-02,9.849572181701660156e-01,0.000000000000000000e+00
-6.377631425857543945e-02,3.005376458168029785e-01,8.960855007171630859e-01,-6.793561577796936035e-02,3.443980515003204346e-01,9.363625049591064453e-01,0.000000000000000000e+00
4.314932525157928467e-01,-4.797289371490478516e-01,-7.391789555549621582e-01,2.271751165390014648e-01,-5.744458436965942383e-01,-7.863863110542297363e-01,0.000000000000000000e+00
-7.724284529685974121e-01,-7.891350239515304565e-02,5.692133307456970215e-01,-8.212469220161437988e-01,-8.384945243597030640e-02,5.643781423568725586e-01,0.000000000000000000e+00
6.434169411659240723e-01,-7.148734927177429199e-01,-1.298580914735794067e-01,6.645544171333312988e-01,-7.252101302146911621e-01,-1.801047176122665405e-01,0.000000000000000000e+00
1.810596734285354614e-01,6.998150944709777832e-01,-5.803917646408081055e-01,1.844129711389541626e-01,7.687240839004516602e-01,-6.124174594879150391e-01,0.000000000000000000e+00
3.782893717288970947e-01,5.643917322158813477e-01,6.491960287094116211e-01,3.715419173240661621e-01,6.240997314453125000e-01,6.873544454574584961e-01,0.000000000000000000e+00
1.995911747217178345e-01,-9.504598975181579590e-01,-9.416434168815612793e-02,1.411804109811782837e-01,-9.891258478164672852e-01,4.120839759707450867e-02,0.000000000000000000e+00
8.038313984870910645e-01,3.671925067901611328e-01,3.201377689838409424e-01,8.717762827873229980e-01,4.009835124015808105e-01,2.814575135707855225e-01,0.000000000000000000e+00
-1.545865833759307861e-01,-5.230281949043273926e-01,-7.804446220397949219e-01,-1.580045968294143677e-01,-5.547735691070556641e-01,-8.168603777885437012e-01,0.000000000000000000e+00
4.517126083374023438e-01,7.570778131484985352e-01,2.980805635452270508e-01,5.069892406463623047e-01,8.315049409866333008e-01,2.270713299512863159e-01,0.000000000000000000e+00
-1.929091811180114746e-01,3.858702182769775391e-01,-8.218784928321838379e-01,-2.024363577365875244e-01,4.063556492328643799e-01,-8.910076022148132324e-01,0.000000000000000000e+00
6.191570758819580078e-01,6.183407902717590332e-01,3.851726055145263672e-01,7.448620200157165527e-01,5.059937834739685059e-01,4.349148273468017578e-01,0.000000000000000000e+00
7.580688595771789551e-01,-1.626960337162017822e-01,5.902857780456542969e-01,6.213212013244628906e-01,-5.622180104255676270e-01,5.457754731178283691e-01,0.000000000000000000e+00
8.763563036918640137e-01,-1.116298511624336243e-01,3.715037107467651367e-01,8.485364913940429688e-01,-1.064144298434257507e-01,5.183259248733520508e-01,0.000000000000000000e+00
9.279077649116516113e-01,-2.241938710212707520e-01,5.410467460751533508e-02,9.818367958068847656e-01,-1.813658177852630615e-01,5.570372566580772400e-02,0.000000000000000000e+00
1.786250174045562744e-01,6.755897998809814453e-01,-6.104044318199157715e-01,1.880113035440444946e-01,7.183405160903930664e-01,-6.698049306869506836e-01,0.000000000000000000e+00
-2.520701587200164795e-01,-8.593066930770874023e-01,-3.918959796428680420e-01,-4.076559543609619141e-01,-8.990038633346557617e-01,-1.600270420312881470e-01,0.000000000000000000e+00
7.783634662628173828e-01,4.158042669296264648e-01,3.230864703655242920e-01,8.189079165458679199e-01,5.134572386741638184e-01,2.564206123352050781e-01,0.000000000000000000e+00
6.466870009899139404e-02,-6.228179335594177246e-01,7.379193305969238281e-01,1.347628533840179443e-01,-6.793214082717895508e-01,7.213608026504516602e-01,0.000000000000000000e+00
-4.712536334991455078e-01,7.716199755668640137e-02,8.522855043411254883e-01,-4.149191975593566895e-01,1.143598780035972595e-01,9.026427268981933594e-01,0.000000000000000000e+00
8.379750847816467285e-01,8.894123882055282593e-02,4.756599664688110352e-01,8.790336847305297852e-01,1.652745902538299561e-01,4.471958577632904053e-01,0.000000000000000000e+00
1.721383482217788696e-01,-1.406034082174301147e-01,9.345288872718811035e-01,1.585887819528579712e-01,-1.033100336790084839e-01,9.819249510765075684e-01,0.000000000000000000e+00
7.240734696388244629e-01,-6.265805363655090332e-01,1.032726466655731201e-01,7.564842104911804199e-01,-6.438363790512084961e-01,1.149189993739128113e-01,0.000000000000000000e+00
-7.411814928054809570e-01,5.818896293640136719e-01,3.119482425972819328e-03,-7.768331766128540039e-01,6.279668807983398438e-01,4.677449911832809448e-02,0.000000000000000000e+00
-2.911215126514434814e-01,7.407603859901428223e-01,-4.876637458801269531e-01,-2.741736173629760742e-01,7.913778424263000488e-01,-5.463972091674804688e-01,0.000000000000000000e+00
4.710333943367004395e-01,-3.921577632427215576e-01,7.446668744087219238e-01,4.728195071220397949e-01,-4.084523618221282959e-01,7.807742357254028320e-01,0.000000000000000000e+00
8.058416247367858887e-01,-3.920081853866577148e-01,-3.454489409923553467e-01,8.361223340034484863e-01,-3.928656578063964844e-01,-3.828264176845550537e-01,0.000000000000000000e+00
-9.910084307193756104e-02,9.688126295804977417e-02,9.441290497779846191e-01,-9.975298494100570679e-02,1.392253935337066650e-01,9.852236509323120117e-01,0.000000000000000000e+00
8.105546832084655762e-01,-4.255784451961517334e-01,3.055427074432373047e-01,8.706102967262268066e-01,-4.120249748229980469e-01,2.688365280628204346e-01,0.000000000000000000e+00
-4.531375467777252197e-01,-3.048986792564392090e-01,-7.771169543266296387e-01,-4.476136565208435059e-01,-3.164317011833190918e-01,-8.363689184188842773e-01,0.000000000000000000e+00
-4.706063568592071533e-01,5.087180137634277344e-01,-6.322093605995178223e-01,-4.807209670543670654e-01,5.430502891540527344e-01,-6.884793043136596680e-01,0.000000000000000000e+00
-4.775975346565246582e-01,-5.763942003250122070e-01,6.489387750625610352e-01,-3.778480887413024902e-01,-8.805599212646484375e-01,2.860856950283050537e-01,0.000000000000000000e+00
4.450027942657470703e-01,6.713183522224426270e-01,4.797496199607849121e-01,4.660238623619079590e-01,7.079018354415893555e-01,5.307511091232299805e-01,0.000000000000000000e+00
-2.616843283176422119e-01,-5.059353709220886230e-01,7.915986776351928711e-01,-3.865722119808197021e-01,-4.432264268398284912e-01,8.087720870971679688e-01,0.000000000000000000e+00
3.689007088541984558e-02,-4.297953546047210693e-01,-8.467487096786499023e-01,4.306073486804962158e-02,-4.449055194854736328e-01,-8.945416808128356934e-01,0.000000000000000000e+00
3.925517797470092773e-01,3.079122006893157959e-01,8.036381006240844727e-01,3.973706066608428955e-01,3.595703542232513428e-01,8.442782759666442871e-01,0.000000000000000000e+00
1.969096809625625610e-01,4.750513136386871338e-01,-7.784948348999023438e-01,1.834591031074523926e-01,5.427400469779968262e-01,-8.196194171905517578e-01,0.000000000000000000e+00
-7.582966089248657227e-01,-8.200207725167274475e-03,5.942388176918029785e-01,-8.060530424118041992e-01,1.795094460248947144e-02,5.915710330009460449e-01,0.000000000000000000e+00
-4.236087203025817871e-02,-7.866156101226806641e-01,5.765362977981567383e-01,1.200470793992280960e-02,-8.443723917007446289e-01,5.356221795082092285e-01,0.000000000000000000e+00
-7.590692043304443359e-01,4.222864210605621338e-01,-3.737289607524871826e-01,-7.992144227027893066e-01,4.793755710124969482e-01,-3.625678122043609619e-01,0.000000000000000000e+00
-1.210263520479202271e-01,-8.665145635604858398e-01,4.607354104518890381e-01,-2.243364602327346802e-01,-7.084746360778808594e-01,6.691314578056335449e-01,0.000000000000000000e+00
-8.226590752601623535e-01,4.520535469055175781e-01,9.009638428688049316e-02,-8.662753105163574219e-01,4.910688698291778564e-01,9.175192564725875854e-02,0.000000000000000000e+00
-8.741315007209777832e-01,-3.851259052753448486e-01,-1.192763447761535645e-01,-9.139652252197265625e-01,-3.964462280273437500e-01,-8.659075945615768433e-02,0.000000000000000000e+00
4.520785510540008545e-01,4.028735458850860596e-01,-7.361218333244323730e-01,5.324199199676513672e-01,3.512983024120330811e-01,-7.701418995857238770e-01,0.000000000000000000e+00
1.550973206758499146e-01,-1.435269266366958618e-01,-9.202272891998291016e-01,1.707713305950164795e-01,-8.797033131122589111e-02,-9.813757538795471191e-01,0.000000000000000000e+00
-7.850382328033447266e-01,-3.640812262892723083e-02,-5.687177181243896484e-01,-7.651643157005310059e-01,2.811768352985382080e-01,-5.791918039321899414e-01,0.000000000000000000e+00
4.824796319007873535e-01,-2.467536032199859619e-01,7.970170974731445312e-01,4.980859458446502686e-01,-2.593855559825897217e-01,8.274233937263488770e-01,0.000000000000000000e+00
4.845464602112770081e-03,8.145228028297424316e-01,4.620097577571868896e-01,4.559979774057865143e-03,8.753349184989929199e-01,4.834956228733062744e-01,0.000000000000000000e+00
5.891064405441284180e-01,5.665527582168579102e-01,-4.514062404632568359e-01,6.139073967933654785e-01,6.070683598518371582e-01,-5.045648813247680664e-01,0.000000000000000000e+00
-7.577361166477203369e-02,-1.256407797336578369e-01,9.505189657211303711e-01,-7.261963188648223877e-02,-9.443116188049316406e-02,9.928792119026184082e-01,0.000000000000000000e+00
4.123886525630950928e-01,8.479708433151245117e-01,-3.573244810104370117e-02,2.908678352832794189e-01,9.465739130973815918e-01,-1.392615586519241333e-01,0.000000000000000000e+00
-7.539247274398803711e-01,-3.213407695293426514e-01,-5.103501677513122559e-01,-6.222314238548278809e-01,-1.448316574096679688e-01,-7.693191170692443848e-01,0.000000000000000000e+00
-4.325873851776123047e-01,3.372948616743087769e-02,8.657325506210327148e-01,-3.905079960823059082e-01,-1.245570331811904907e-01,9.121343493461608887e-01,0.000000000000000000e+00
5.339220166206359863e-01,7.650015354156494141e-01,-1.566558480262756348e-01,7.914420962333679199e-01,6.111776232719421387e-01,-9.020032361149787903e-03,0.000000000000000000e+00
-5.667270347476005554e-02,1.385888457298278809e-01,-9.231365919113159180e-01,-5.430363118648529053e-02,1.578884571790695190e-01,-9.859626293182373047e-01,0.000000000000000000e+00
5.907900333404541016e-01,7.245156764984130859e-01,6.143774837255477905e-02,7.339361310005187988e-01,6.788414716720581055e-01,-2.262834832072257996e-02,0.000000000000000000e+00
-2.902002930641174316e-01,-3.303259611129760742e-02,9.160271883010864258e-01,-3.018264174461364746e-01,9.247963316738605499e-03,9.533180594444274902e-01,0.000000000000000000e+00
6.461477875709533691e-01,-7.109350562095642090e-01,7.402483373880386353e-02,6.737743616104125977e-01,-7.315781712532043457e-01,1.040260642766952515e-01,0.000000000000000000e+00
-3.083571195602416992e-01,8.075649738311767578e-01,-3.608534932136535645e-01,-3.094074130058288574e-01,8.384070992469787598e-01,-4.487099349498748779e-01,0.000000000000000000e+00
6.881101727485656738e-01,3.716906011104583740e-01,5.289101004600524902e-01,8.454821705818176270e-01,9.670104831457138062e-03,5.339160561561584473e-01,0.000000000000000000e+00
3.637875914573669434e-01,8.113112449645996094e-01,2.842316329479217529e-01,3.512096107006072998e-01,8.843252658843994141e-01,3.076047003269195557e-01,0.000000000000000000e+00
-5.808552503585815430e-01,-3.393027484416961670e-01,-6.769585013389587402e-01,-5.715906620025634766e-01,-3.604162037372589111e-01,-7.371460199356079102e-01,0.000000000000000000e+00
8.552683591842651367e-01,-9.986336529254913330e-02,4.470259845256805420e-01,9.198457598686218262e-01,1.708660125732421875e-01,3.531127572059631348e-01,0.000000000000000000e+00
5.813093185424804688e-01,-5.627021789550781250e-01,5.316753983497619629e-01,3.500064611434936523e-01,-7.675870656967163086e-01,5.369409322738647461e-01,0.000000000000000000e+00
4.933548569679260254e-01,-1.951151713728904724e-02,8.210763335227966309e-01,5.149124264717102051e-01,6.799106486141681671e-04,8.572425246238708496e-01,0.000000000000000000e+00
9.322870373725891113e-01,-1.033505871891975403e-01,1.777647882699966431e-01,9.838786125183105469e-01,-4.417525976896286011e-02,1.732957512140274048e-01,0.000000000000000000e+00
3.812796771526336670e-01,7.594237923622131348e-01,-4.046380519866943359e-01,2.926697731018066406e-01,7.460099458694458008e-01,-5.981752276420593262e-01,0.000000000000000000e+00
6.437489390373229980e-01,3.660558462142944336e-01,-5.758036971092224121e-01,6.767315864562988281e-01,4.409493803977966309e-01,-5.895744562149047852e-01,0.000000000000000000e+00
-5.098281428217887878e-02,9.295963048934936523e-01,-6.286111474037170410e-02,-4.346036165952682495e-02,9.981716275215148926e-01,-4.200760647654533386e-02,0.000000000000000000e+00
-3.758862912654876709e-01,-4.580139517784118652e-01,7.768126130104064941e-01,-3.377019166946411133e-01,-4.489208459854125977e-01,8.273013234138488770e-01,0.000000000000000000e+00
-4.487958550453186035e-01,6.339724063873291016e-01,5.317237973213195801e-01,-7.136462926864624023e-01,6.050591468811035156e-01,3.530048429965972900e-01,0.000000000000000000e+00
3.421368896961212158e-01,-7.421033382415771484e-01,5.087317228317260742e-01,3.169472217559814453e-01,-6.627767086029052734e-01,6.784331202507019043e-01,0.000000000000000000e+00
-2.597703039646148682e-01,3.486670255661010742e-01,-8.211268782615661621e-01,-2.590544521808624268e-01,3.547537922859191895e-01,-8.983543515205383301e-01,0.000000000000000000e+00
7.045752406120300293e-01,4.013672173023223877e-01,5.036444067955017090e-01,7.664462327957153320e-01,1.463649719953536987e-01,6.254098415374755859e-01,0.000000000000000000e+00
6.907002925872802734e-01,5.893918275833129883e-01,2.427453249692916870e-01,7.996946573257446289e-01,5.948636531829833984e-01,8.139803260564804077e-02,0.000000000000000000e+00
-3.115999698638916016e-01,7.316058278083801270e-01,-4.905178546905517578e-01,-2.975455224514007568e-01,7.503564953804016113e-01,-5.902811288833618164e-01,0.000000000000000000e+00
1.076491363346576691e-02,1.747236698865890503e-01,-9.188001155853271484e-01,-1.392645481973886490e-02,1.734642535448074341e-01,-9.847416877746582031e-01,0.000000000000000000e+00
-1.347643882036209106e-01,-9.206861257553100586e-01,-3.068349361419677734e-01,-1.084650959819555283e-02,-9.894526600837707520e-01,-1.444501429796218872e-01,0.000000000000000000e+00
1.987710148096084595e-01,5.602243542671203613e-01,-7.147909402847290039e-01,1.894481033086776733e-01,6.339320540428161621e-01,-7.498263120651245117e-01,0.000000000000000000e+00
-7.875735759735107422e-01,5.106955170631408691e-01,8.510532230138778687e-02,-8.307428359985351562e-01,5.514428019523620605e-01,7.600739598274230957e-02,0.000000000000000000e+00
-3.577533066272735596e-01,6.592295169830322266e-01,-5.554114580154418945e-01,-3.284973502159118652e-01,7.123075723648071289e-01,-6.202479004859924316e-01,0.000000000000000000e+00
-4.213163852691650391e-01,8.002573251724243164e-01,-2.817613482475280762e-01,-5.149033069610595703e-01,6.037276983261108398e-01,-6.085946559906005859e-01,0.000000000000000000e+00
-7.517279125750064850e-03,7.606504559516906738e-01,-5.300305485725402832e-01,4.732875619083642960e-03,8.230355381965637207e-01,-5.679701566696166992e-01,0.000000000000000000e+00
-7.060624957084655762e-01,6.222420334815979004e-01,-3.041618503630161285e-02,-7.500501275062561035e-01,6.596385836601257324e-01,-4.797592386603355408e-02,0.000000000000000000e+00
-7.804904580116271973e-01,2.439841628074645996e-01,4.932096302509307861e-01,-8.254502415657043457e-01,2.446030378341674805e-01,5.087251663208007812e-01,0.000000000000000000e+00
5.117822885513305664e-01,2.963639199733734131e-01,7.404472231864929199e-01,5.095605254173278809e-01,3.318897783756256104e-01,7.938496470451354980e-01,0.000000000000000000e+00
-5.551068186759948730e-01,-6.938660740852355957e-01,4.091747701168060303e-01,-5.917963385581970215e-01,-7.028112411499023438e-01,3.947574496269226074e-01,0.000000000000000000e+00
8.066071867942810059e-01,3.226386010646820068e-01,3.690861165523529053e-01,8.920045495033264160e-01,3.154506981372833252e-01,3.237572312355041504e-01,0.000000000000000000e+00
1.730425804853439331e-01,5.814525485038757324e-01,-7.029208540916442871e-01,1.736141592264175415e-01,6.349502801895141602e-01,-7.527922987937927246e-01,0.000000000000000000e+00
-3.470999300479888916e-01,-3.488628268241882324e-01,-8.110568523406982422e-01,-3.434368669986724854e-01,-3.682501316070556641e-01,-8.639693260192871094e-01,0.000000000000000000e+00
4.219460785388946533e-01,1.368175297975540161e-01,-8.421533107757568359e-01,3.977192938327789307e-01,-2.489577829837799072e-01,-8.830851316452026367e-01,0.000000000000000000e+00
-9.039810299873352051e-01,-1.327975094318389893e-01,2.932980358600616455e-01,-9.483683705329895020e-01,-1.179314479231834412e-01,2.944309115409851074e-01,0.000000000000000000e+00
6.596383452415466309e-01,-5.671755075454711914e-01,4.439691007137298584e-01,6.344414949417114258e-01,-6.715295314788818359e-01,3.827951550483703613e-01,0.000000000000000000e+00
5.142166614532470703e-01,7.203658223152160645e-01,-3.208765983581542969e-01,7.501293420791625977e-01,5.382612347602844238e-01,-3.841625452041625977e-01,0.000000000000000000e+00
-6.316761970520019531e-01,4.706245660781860352e-01,-5.391774773597717285e-01,-8.159359693527221680e-01,3.590698242187500000e-01,-4.531195461750030518e-01,0.000000000000000000e+00
1.063388660550117493e-01,-7.815457582473754883e-01,-5.725479125976562500e-01,-2.623657882213592529e-01,-8.374056220054626465e-01,-4.794955551624298096e-01,0.000000000000000000e+00
-2.486176490783691406e-01,-9.269279837608337402e-01,1.982182711362838745e-01,-2.581770122051239014e-01,-9.443291425704956055e-01,2.039291858673095703e-01,0.000000000000000000e+00
8.411577939987182617e-01,-3.824821412563323975e-01,2.705022096633911133e-01,8.852745294570922852e-01,-3.896572291851043701e-01,2.538823187351226807e-01,0.000000000000000000e+00
4.642732739448547363e-01,5.366538763046264648e-01,-6.291878223419189453e-01,4.832116365432739258e-01,7.608729004859924316e-01,-4.331038594245910645e-01,0.000000000000000000e+00
9.552288055419921875e-02,-4.864249527454376221e-01,8.299972414970397949e-01,5.857572332024574280e-02,-5.114871859550476074e-01,8.572921156883239746e-01,0.000000000000000000e+00
-3.845414519309997559e-01,8.826096653938293457e-01,9.187366068363189697e-02,-2.746588885784149170e-01,9.615088105201721191e-01,-7.952919229865074158e-03,0.000000000000000000e+00
3.199385702610015869e-01,-4.789072275161743164e-01,7.725689411163330078e-01,2.741882503032684326e-01,-5.206363797187805176e-01,8.085533976554870605e-01,0.000000000000000000e+00
-6.515961885452270508e-01,6.598177552223205566e-01,-1.578871160745620728e-01,-6.870807409286499023e-01,7.047544717788696289e-01,-1.767516881227493286e-01,0.000000000000000000e+00
4.198119044303894043e-01,2.929178476333618164e-01,7.963961362838745117e-01,4.462178349494934082e-01,3.671241700649261475e-01,8.161553144454956055e-01,0.000000000000000000e+00
-4.252631366252899170e-01,1.511264145374298096e-01,8.583489656448364258e-01,-4.154462516307830811e-01,-6.405900418758392334e-02,9.073593020439147949e-01,0.000000000000000000e+00
-4.691934213042259216e-02,2.349022179841995239e-01,-9.030553102493286133e-01,-3.530347719788551331e-02,2.677330076694488525e-01,-9.628461599349975586e-01,0.000000000000000000e+00
-3.203251361846923828e-01,-8.814000487327575684e-01,2.899630069732666016e-01,-3.550917804241180420e-01,-9.007017016410827637e-01,2.502923905849456787e-01,0.000000000000000000e+00
4.443776011466979980e-01,8.321191072463989258e-01,2.629257272928953171e-03,5.301840901374816895e-01,8.204126954078674316e-01,2.140744626522064209e-01,0.000000000000000000e+00
-4.886704385280609131e-01,1.878103762865066528e-01,8.195783495903015137e-01,-5.880636572837829590e-01,7.890307158231735229e-02,8.049567937850952148e-01,0.000000000000000000e+00
-9.334095567464828491e-02,9.293687939643859863e-01,6.575900129973888397e-03,-8.203769475221633911e-02,9.962774515151977539e-01,-2.647749893367290497e-02,0.000000000000000000e+00
1.683128178119659424e-01,5.774619579315185547e-01,7.243052124977111816e-01,2.186944782733917236e-01,6.048439145088195801e-01,7.657262086868286133e-01,0.000000000000000000e+00
6.867779791355133057e-02,2.480136752128601074e-01,-8.982194066047668457e-01,6.413365155458450317e-02,2.800442874431610107e-01,-9.578424096107482910e-01,0.000000000000000000e+00
6.590320914983749390e-02,7.227876782417297363e-01,-5.755918622016906738e-01,8.532325923442840576e-02,7.841528058052062988e-01,-6.146741509437561035e-01,0.000000000000000000e+00
-5.832584500312805176e-01,6.627655029296875000e-01,3.345444202423095703e-01,-6.179800033569335938e-01,7.042202949523925781e-01,3.495346307754516602e-01,0.000000000000000000e+00
-5.604140162467956543e-01,7.480650544166564941e-01,-1.450855582952499390e-01,-7.109954953193664551e-01,6.919679641723632812e-01,-1.251628547906875610e-01,0.000000000000000000e+00
-6.665244698524475098e-01,-6.134472489356994629e-01,3.576304912567138672e-01,-6.894003152847290039e-01,-6.307009458541870117e-01,3.562912940979003906e-01,0.000000000000000000e+00
8.439590334892272949e-01,-3.036897182464599609e-01,3.607568144798278809e-01,9.282039403915405273e-01,-2.263950556516647339e-01,2.952672541141510010e-01,0.000000000000000000e+00
5.338102579116821289e-01,-9.629606455564498901e-02,7.927935123443603516e-01,5.376777648925781250e-01,-6.307028979063034058e-02,8.407881855964660645e-01,0.000000000000000000e+00
6.576055288314819336e-01,5.653893351554870605e-01,3.854114711284637451e-01,5.278704762458801270e-01,6.844214797019958496e-01,5.029115080833435059e-01,0.000000000000000000e+00
-8.927735686302185059e-02,-8.609228134155273438e-01,4.853084981441497803e-01,-3.759338855743408203e-01,-7.891564965248107910e-01,4.857013225555419922e-01,0.000000000000000000e+00
-4.982459843158721924e-01,3.734158277511596680e-01,-7.015513181686401367e-01,-4.855560958385467529e-01,4.111031293869018555e-01,-7.715111970901489258e-01,0.000000000000000000e+00
9.098747372627258301e-01,-1.278854999691247940e-02,2.818005681037902832e-01,9.603905677795410156e-01,2.756491303443908691e-02,2.772906422615051270e-01,0.000000000000000000e+00
-4.446731209754943848e-01,-6.295761466026306152e-01,-5.717392563819885254e-01,-4.379582107067108154e-01,-6.384044289588928223e-01,-6.329552531242370605e-01,0.000000000000000000e+00
7.951344847679138184e-01,-5.231563448905944824e-01,-1.414432823657989502e-01,8.401120901107788086e-01,-5.263055562973022461e-01,-1.312029063701629639e-01,0.000000000000000000e+00
8.222376704216003418e-01,-4.206660985946655273e-01,2.746794223785400391e-01,8.723785877227783203e-01,-4.125831425189971924e-01,2.621654570102691650e-01,0.000000000000000000e+00
2.134003192186355591e-01,-7.096837162971496582e-01,6.118402481079101562e-01,2.925766408443450928e-01,-7.144416570663452148e-01,6.355879306793212891e-01,0.000000000000000000e+00
5.142894759774208069e-02,1.628430485725402832e-01,-9.196999669075012207e-01,4.677490890026092529e-02,1.921807229518890381e-01,-9.802442193031311035e-01,0.000000000000000000e+00
-2.016880512237548828e-01,9.090543389320373535e-01,1.352228820323944092e-01,-2.061489596962928772e-02,8.577813506126403809e-01,5.136011838912963867e-01,0.000000000000000000e+00
4.922595322132110596e-01,8.055931925773620605e-01,-1.032196208834648132e-01,4.046245217323303223e-01,8.831970095634460449e-01,-2.371540367603302002e-01,0.000000000000000000e+00
7.584496140480041504e-01,1.315781474113464355e-01,-5.385666489601135254e-01,8.156738877296447754e-01,1.793450415134429932e-01,-5.500103831291198730e-01,0.000000000000000000e+00
1.662079617381095886e-02,-5.038999915122985840e-01,-8.083046078681945801e-01,-2.468763291835784912e-02,-4.955783486366271973e-01,-8.682122826576232910e-01,0.000000000000000000e+00
-5.071971416473388672e-01,-5.607394576072692871e-01,-5.879692435264587402e-01,-5.153836011886596680e-01,-5.466565489768981934e-01,-6.599593758583068848e-01,0.000000000000000000e+00
3.138719499111175537e-01,-2.772772014141082764e-01,8.659658432006835938e-01,3.334294557571411133e-01,-2.681117057800292969e-01,9.038478732109069824e-01,0.000000000000000000e+00
2.168725579977035522e-01,8.786060214042663574e-01,-2.097234874963760376e-01,2.172236293554306030e-01,9.450179934501647949e-01,-2.444480955600738525e-01,0.000000000000000000e+00
-3.073062896728515625e-01,-7.997947931289672852e-01,5.156463384628295898e-01,-3.536508083343505859e-01,-7.610163688659667969e-01,5.438613891601562500e-01,0.000000000000000000e+00
7.321450114250183105e-01,2.904264032840728760e-01,5.516597032546997070e-01,8.657518625259399414e-01,4.606712609529495239e-02,4.983487725257873535e-01,0.000000000000000000e+00
-6.988151073455810547e-01,3.047326505184173584e-01,-5.887054204940795898e-01,-5.297499299049377441e-01,7.059332132339477539e-01,-4.701311290264129639e-01,0.000000000000000000e+00
7.638508677482604980e-01,-5.038989186286926270e-01,3.028283715248107910e-01,7.969973087310791016e-01,-4.666474461555480957e-01,3.834519684314727783e-01,0.000000000000000000e+00
-9.423080086708068848e-01,-1.751857548952102661e-01,-1.291019562631845474e-02,-9.835944175720214844e-01,-1.788223236799240112e-01,-2.376246638596057892e-02,0.000000000000000000e+00
7.469487786293029785e-01,3.230137825012207031e-01,5.064448714256286621e-01,8.063362836837768555e-01,3.146730065345764160e-01,5.008020997047424316e-01,0.000000000000000000e+00
-4.594085812568664551e-01,5.830177068710327148e-01,5.944164395332336426e-01,-4.780211150646209717e-01,4.053153395652770996e-01,7.792401909828186035e-01,0.000000000000000000e+00
-8.295564055442810059e-01,5.552088841795921326e-02,-4.902319014072418213e-01,-7.654614448547363281e-01,-3.099136054515838623e-01,-5.639347434043884277e-01,0.000000000000000000e+00
4.432451426982879639e-01,-7.618103623390197754e-01,4.004714488983154297e-01,4.428981542587280273e-01,-6.894698739051818848e-01,5.731252431869506836e-01,0.000000000000000000e+00
4.654417932033538818e-01,-8.232755064964294434e-01,-2.333020567893981934e-01,5.139136314392089844e-01,-8.138912320137023926e-01,-2.710606455802917480e-01,0.000000000000000000e+00
6.095058917999267578e-01,-2.503412067890167236e-01,-7.018150091171264648e-01,7.048533558845520020e-01,-3.698777258396148682e-01,-6.052868962287902832e-01,0.000000000000000000e+00
-8.808329701423645020e-01,-4.400437697768211365e-02,3.744865655899047852e-01,-9.231118559837341309e-01,8.992176153697073460e-04,3.845304548740386963e-01,0.000000000000000000e+00
8.241312503814697266e-01,3.821256756782531738e-01,-2.115689665079116821e-01,8.847931027412414551e-01,4.108993113040924072e-01,-2.197791635990142822e-01,0.000000000000000000e+00
-1.464676856994628906e-01,-7.606219649314880371e-01,5.970144867897033691e-01,-3.682133555412292480e-02,-8.718745708465576172e-01,4.883430004119873047e-01,0.000000000000000000e+00
-7.899537682533264160e-01,4.895522892475128174e-01,1.658614724874496460e-01,-8.417594432830810547e-01,5.174937844276428223e-01,1.537571698427200317e-01,0.000000000000000000e+00
-7.736186385154724121e-01,5.526975542306900024e-02,-5.908983945846557617e-01,-8.253263831138610840e-01,-1.530133783817291260e-01,-5.435284972190856934e-01,0.000000000000000000e+00
9.255778789520263672e-01,-2.371799349784851074e-01,4.339685663580894470e-02,9.747299551963806152e-01,-2.219495624303817749e-01,2.529532276093959808e-02,0.000000000000000000e+00
-2.495003491640090942e-01,-7.763686180114746094e-01,-5.251266956329345703e-01,-2.529049813747406006e-01,-7.611635327339172363e-01,-5.972178578376770020e-01,0.000000000000000000e+00
6.634788513183593750e-01,6.123229861259460449e-01,2.252089679241180420e-01,6.750655770301818848e-01,7.374867796897888184e-01,-1.999225094914436340e-02,0.000000000000000000e+00
7.353119254112243652e-01,-1.158173903822898865e-01,-5.910894274711608887e-01,7.710227966308593750e-01,-6.957834959030151367e-02,-6.329950094223022461e-01,0.000000000000000000e+00
2.562518417835235596e-01,7.732495665550231934e-01,4.620321691036224365e-01,2.947174608707427979e-01,8.386949300765991211e-01,4.579654932022094727e-01,0.000000000000000000e+00
2.374545186758041382e-01,5.923642516136169434e-01,-6.756244301795959473e-01,2.330760359764099121e-01,6.714958548545837402e-01,-7.033981084823608398e-01,0.000000000000000000e+00
-7.770853638648986816e-01,3.349709510803222656e-01,4.373868405818939209e-01,-8.075792789459228516e-01,4.057695865631103516e-01,4.279798567295074463e-01,0.000000000000000000e+00
-4.285393953323364258e-01,5.611039996147155762e-01,6.515237689018249512e-01,-3.523930609226226807e-01,6.443564891815185547e-01,6.786927580833435059e-01,0.000000000000000000e+00
5.247470140457153320e-01,4.247696399688720703e-01,6.569755673408508301e-01,5.250005722045898438e-01,4.880382716655731201e-01,6.972754597663879395e-01,0.000000000000000000e+00
9.367587566375732422e-01,9.870252758264541626e-02,-4.307315498590469360e-02,9.895063638687133789e-01,1.395252496004104614e-01,-3.754818066954612732e-02,0.000000000000000000e+00
-3.895330429077148438e-01,8.577928543090820312e-01,-1.551337987184524536e-01,-5.579528212547302246e-01,8.089536428451538086e-01,-1.851557195186614990e-01,0.000000000000000000e+00
7.664917707443237305e-01,-4.518838226795196533e-01,-3.662798702716827393e-01,7.978525757789611816e-01,-4.626205265522003174e-01,-3.865404129028320312e-01,0.000000000000000000e+00
7.546422481536865234e-01,-6.011446118354797363e-01,-3.468308225274085999e-02,7.889154553413391113e-01,-6.144849061965942383e-01,-4.547336604446172714e-03,0.000000000000000000e+00
7.192243933677673340e-01,6.977093964815139771e-02,6.399136781692504883e-01,6.417567729949951172e-01,1.284337341785430908e-01,7.560774087905883789e-01,0.000000000000000000e+00
1.146294921636581421e-01,-9.606748819351196289e-01,1.202406063675880432e-01,3.563524410128593445e-02,-9.843136072158813477e-01,1.727913767099380493e-01,0.000000000000000000e+00
2.807423174381256104e-01,-3.850681483745574951e-01,8.407281637191772461e-01,3.313046395778656006e-01,-3.697147667407989502e-01,8.680715560913085938e-01,0.000000000000000000e+00
-1.374389082193374634e-01,3.111831843852996826e-01,-8.656525015830993652e-01,-1.468170732259750366e-01,3.482660353183746338e-01,-9.258269667625427246e-01,0.000000000000000000e+00
-4.417174756526947021e-01,8.457279801368713379e-01,5.325866863131523132e-02,-5.925884842872619629e-01,7.269094586372375488e-01,3.470467925071716309e-01,0.000000000000000000e+00
7.799711823463439941e-01,-4.441374242305755615e-01,3.726211190223693848e-01,9.029858708381652832e-01,-3.137749433517456055e-01,2.935333549976348877e-01,0.000000000000000000e+00
-7.685421407222747803e-02,6.911872625350952148e-01,6.332151889801025391e-01,-6.346987187862396240e-02,7.466435432434082031e-01,6.621895432472229004e-01,0.000000000000000000e+00
1.491523534059524536e-01,5.225449204444885254e-01,-7.555087804794311523e-01,1.513283252716064453e-01,5.889416933059692383e-01,-7.938812375068664551e-01,0.000000000000000000e+00
1.915846616029739380e-01,-3.309853076934814453e-01,-8.684524297714233398e-01,1.609129011631011963e-01,-3.446848988533020020e-01,-9.248239398002624512e-01,0.000000000000000000e+00
-1.714435666799545288e-01,6.393282413482666016e-01,-6.512432098388671875e-01,-1.715355068445205688e-01,6.899026036262512207e-01,-7.032851576805114746e-01,0.000000000000000000e+00
-9.541893601417541504e-01,-7.710114866495132446e-02,-3.306367248296737671e-02,-9.956712722778320312e-01,-9.293770790100097656e-02,1.138359308242797852e-03,0.000000000000000000e+00
-4.149805903434753418e-01,7.727109193801879883e-01,-3.682623207569122314e-01,-2.496491968631744385e-01,8.709357976913452148e-01,-4.232565760612487793e-01,0.000000000000000000e+00
-1.916660368442535400e-01,-7.683280706405639648e-01,-5.577880144119262695e-01,-2.228421568870544434e-01,-7.454634308815002441e-01,-6.281923651695251465e-01,0.000000000000000000e+00
4.470294117927551270e-01,-8.233069181442260742e-01,-2.685973048210144043e-01,5.119940042495727539e-01,-8.180415630340576172e-01,-2.620499432086944580e-01,0.000000000000000000e+00
-2.738125026226043701e-01,2.906902730464935303e-01,-8.391126990318298340e-01,-2.789719998836517334e-01,3.086487948894500732e-01,-9.093462228775024414e-01,0.000000000000000000e+00
-8.704656958580017090e-01,3.694339990615844727e-01,-1.857878826558589935e-02,-9.117586016654968262e-01,4.107177555561065674e-01,2.684182720258831978e-03,0.000000000000000000e+00
3.005746304988861084e-01,8.432738780975341797e-01,2.614665329456329346e-01,3.354313075542449951e-01,8.964117169380187988e-01,2.897098958492279053e-01,0.000000000000000000e+00
-3.397812843322753906e-01,3.466813564300537109e-01,-7.954524755477905273e-01,-3.468805253505706787e-01,3.551631867885589600e-01,-8.680627942085266113e-01,0.000000000000000000e+00
-1.071035414934158325e-01,7.989380359649658203e-01,-4.637838006019592285e-01,-9.095928072929382324e-02,8.560424447059631348e-01,-5.088396072387695312e-01,0.000000000000000000e+00
-9.127436280250549316e-01,4.007100686430931091e-02,-2.813356518745422363e-01,-9.571460485458374023e-01,7.640501856803894043e-02,-2.793451845645904541e-01,0.000000000000000000e+00
1.921749413013458252e-01,-3.455559611320495605e-01,-8.629191517829895020e-01,1.609129011631011963e-01,-3.446848988533020020e-01,-9.248239398002624512e-01,0.000000000000000000e+00
4.377404153347015381e-01,7.776034474372863770e-01,2.828954756259918213e-01,3.953736126422882080e-01,7.878928184509277344e-01,4.721277654170989990e-01,0.000000000000000000e+00
7.005689740180969238e-01,-3.993101119995117188e-01,5.371213555335998535e-01,5.342967510223388672e-01,-6.187034249305725098e-01,5.759627223014831543e-01,0.000000000000000000e+00
-2.738112509250640869e-01,-2.878987193107604980e-01,-8.585520982742309570e-01,-2.785838842391967773e-01,-2.822748124599456787e-01,-9.179934263229370117e-01,0.000000000000000000e+00
8.351382017135620117e-01,2.854648418724536896e-02,4.822798669338226318e-01,9.661752581596374512e-01,3.863542526960372925e-02,2.549758255481719971e-01,0.000000000000000000e+00
8.851768374443054199e-01,-9.873597323894500732e-02,-3.287118077278137207e-01,9.302905201911926270e-01,-4.849499091506004333e-02,-3.636038899421691895e-01,0.000000000000000000e+00
1.298302710056304932e-01,-4.643000960350036621e-01,-8.197927474975585938e-01,1.538772732019424438e-01,-4.419540464878082275e-01,-8.837411403656005859e-01,0.000000000000000000e+00
-3.145737051963806152e-01,2.320328801870346069e-01,-8.438849449157714844e-01,-3.301529884338378906e-01,2.582971751689910889e-01,-9.078995585441589355e-01,0.000000000000000000e+00
-5.453881025314331055e-01,7.504838109016418457e-01,-1.656430512666702271e-01,-6.904039978981018066e-01,5.437191128730773926e-01,-4.771915674209594727e-01,0.000000000000000000e+00
3.040613532066345215e-01,-1.114834621548652649e-01,-8.907017111778259277e-01,2.834626436233520508e-01,-9.610665589570999146e-02,-9.541553258895874023e-01,0.000000000000000000e+00
-4.483108222484588623e-01,-4.363140761852264404e-01,7.565157413482666016e-01,-2.729909121990203857e-01,-9.375887922942638397e-03,9.619709253311157227e-01,0.000000000000000000e+00
2.826988399028778076e-01,-7.937344908714294434e-01,-5.033156275749206543e-01,2.244038283824920654e-01,-5.988292098045349121e-01,-7.687954902648925781e-01,0.000000000000000000e+00
7.056496739387512207e-01,-5.931433439254760742e-01,2.883051633834838867e-01,6.992008090019226074e-01,-6.723308563232421875e-01,2.430832684040069580e-01,0.000000000000000000e+00
1.707935929298400879e-01,9.014500975608825684e-01,-1.512535214424133301e-01,1.679719984531402588e-01,9.703894257545471191e-01,-1.735792756080627441e-01,0.000000000000000000e+00
-2.654084265232086182e-01,5.269380807876586914e-01,-7.182267308235168457e-01,-2.285107970237731934e-01,5.709960460662841797e-01,-7.885089516639709473e-01,0.000000000000000000e+00
4.900468587875366211e-01,1.863828152418136597e-01,7.944154143333435059e-01,5.073847174644470215e-01,2.137065380811691284e-01,8.347995281219482422e-01,0.000000000000000000e+00
1.594177633523941040e-01,-9.465870261192321777e-01,1.552966088056564331e-01,2.364252656698226929e-01,-9.610320329666137695e-01,1.432497948408126831e-01,0.000000000000000000e+00
6.788622140884399414e-01,4.408360719680786133e-01,5.127576589584350586e-01,6.642740964889526367e-01,4.544129967689514160e-01,5.935054421424865723e-01,0.000000000000000000e+00
-5.497953891754150391e-01,7.621448636054992676e-01,-1.257400214672088623e-01,-6.548503637313842773e-01,7.553322911262512207e-01,-2.537949010729789734e-02,0.000000000000000000e+00
1.072364524006843567e-01,8.985296487808227539e-01,-2.143069058656692505e-01,1.070887371897697449e-01,9.697008132934570312e-01,-2.195730507373809814e-01,0.000000000000000000e+00
-7.492196559906005859e-01,5.709975957870483398e-01,1.565909199416637421e-02,-7.908668518066406250e-01,6.112455129623413086e-01,3.014194034039974213e-02,0.000000000000000000e+00
5.013196468353271484e-01,-7.054780125617980957e-01,4.244546592235565186e-01,6.923971772193908691e-01,-5.269033312797546387e-01,4.929087460041046143e-01,0.000000000000000000e+00
-6.197410821914672852e-01,-6.945373415946960449e-01,-3.027530610561370850e-01,-4.858118891716003418e-01,-8.512696027755737305e-01,-1.983099281787872314e-01,0.000000000000000000e+00
-4.300142526626586914e-01,-6.396316885948181152e-01,-5.716593265533447266e-01,-4.339834749698638916e-01,-6.445567011833190918e-01,-6.294481754302978516e-01,0.000000000000000000e+00
-7.761545777320861816e-01,3.965716958045959473e-01,-3.674477934837341309e-01,-8.245822191238403320e-01,4.278291761875152588e-01,-3.701706826686859131e-01,0.000000000000000000e+00
-8.289662599563598633e-01,4.132272601127624512e-01,-1.884125471115112305e-01,-8.637413382530212402e-01,4.515973925590515137e-01,-2.236306518316268921e-01,0.000000000000000000e+00
-8.482536673545837402e-01,3.415839076042175293e-01,2.578560709953308105e-01,-8.837244510650634766e-01,3.892078399658203125e-01,2.599006891250610352e-01,0.000000000000000000e+00
-9.529817104339599609e-01,-3.768036514520645142e-02,5.909864231944084167e-02,-9.966349601745605469e-01,-3.819360211491584778e-02,7.252566516399383545e-02,0.000000000000000000e+00
-8.586807250976562500e-01,-9.916179627180099487e-02,-4.610597491264343262e-01,-7.279040813446044922e-01,3.528827428817749023e-01,-5.879025459289550781e-01,0.000000000000000000e+00
1.427346561104059219e-02,-9.739242196083068848e-01,-8.187303692102432251e-02,1.041483730077743530e-01,-9.942189455032348633e-01,-2.611206658184528351e-02,0.000000000000000000e+00
-8.208240270614624023e-01,-2.719171643257141113e-01,4.253688752651214600e-01,-8.495773077011108398e-01,-2.738589942455291748e-01,4.507989585399627686e-01,0.000000000000000000e+00
-5.071749687194824219e-01,-7.798917889595031738e-01,3.081843256950378418e-01,-5.321266055107116699e-01,-7.883765697479248047e-01,3.087129592895507812e-01,0.000000000000000000e+00
8.035468459129333496e-01,-4.420405030250549316e-01,3.030070960521697998e-01,8.706102967262268066e-01,-4.120249748229980469e-01,2.688365280628204346e-01,0.000000000000000000e+00
8.329890668392181396e-03,8.890532851219177246e-01,3.008266687393188477e-01,1.152490964159369469e-03,9.463768005371093750e-01,3.230628669261932373e-01,0.000000000000000000e+00
5.581381320953369141e-01,4.987034499645233154e-01,-5.591401457786560059e-01,5.729520916938781738e-01,5.340426564216613770e-01,-6.217107772827148438e-01,0.000000000000000000e+00
-9.214114546775817871e-01,-8.615998923778533936e-02,-2.472674250602722168e-01,-9.719281792640686035e-01,-7.192242145538330078e-02,-2.240150868892669678e-01,0.000000000000000000e+00
4.333104006946086884e-03,-6.202607154846191406e-01,7.474176287651062012e-01,9.562679380178451538e-02,-6.303209066390991211e-01,7.704226970672607422e-01,0.000000000000000000e+00
-6.626916527748107910e-01,-5.871260166168212891e-01,-4.255421757698059082e-01,-4.363663494586944580e-01,-7.695237398147583008e-01,-4.662806093692779541e-01,0.000000000000000000e+00
7.248737215995788574e-01,-1.772659085690975189e-02,6.372796893119812012e-01,6.472432017326354980e-01,2.198972404003143311e-01,7.298776507377624512e-01,0.000000000000000000e+00
6.662417650222778320e-01,5.512098073959350586e-01,-3.478907048702239990e-01,7.245356440544128418e-01,6.059182286262512207e-01,-3.284983932971954346e-01,0.000000000000000000e+00
3.908124566078186035e-01,-8.627586364746093750e-01,-2.382553666830062866e-01,4.060243666172027588e-01,-8.858554363250732422e-01,-2.245092391967773438e-01,0.000000000000000000e+00
-2.189559489488601685e-01,7.579056024551391602e-01,-4.949541687965393066e-01,-2.404364943504333496e-01,8.031296133995056152e-01,-5.451358556747436523e-01,0.000000000000000000e+00
4.586200788617134094e-02,-9.253376722335815430e-01,-3.201330900192260742e-01,-1.015791222453117371e-01,-9.708374738693237305e-01,-2.171549052000045776e-01,0.000000000000000000e+00
-7.513229846954345703e-01,5.668765902519226074e-01,-5.156983807682991028e-02,-7.760965824127197266e-01,6.277710199356079102e-01,-5.981358885765075684e-02,0.000000000000000000e+00
-1.177719905972480774e-01,-7.521951794624328613e-01,6.158532500267028809e-01,-1.075999215245246887e-01,-7.460382580757141113e-01,6.571523547172546387e-01,0.000000000000000000e+00
-6.289615631103515625e-01,-5.831516385078430176e-01,4.687112569808959961e-01,-6.532768607139587402e-01,-6.082168221473693848e-01,4.508898854255676270e-01,0.000000000000000000e+00
-2.178432345390319824e-01,8.207321166992187500e-01,4.029681682586669922e-01,-1.900171339511871338e-01,8.081223964691162109e-01,5.575228333473205566e-01,0.000000000000000000e+00
-5.155103206634521484e-01,6.178721785545349121e-01,-4.925049841403961182e-01,-5.476732254028320312e-01,6.553706526756286621e-01,-5.201377868652343750e-01,0.000000000000000000e+00
1.902677416801452637e-01,6.228855252265930176e-01,-6.611588597297668457e-01,1.898328363895416260e-01,6.713586449623107910e-01,-7.164084315299987793e-01,0.000000000000000000e+00
4.843278229236602783e-01,7.971258759498596191e-01,-4.960517399013042450e-03,7.263614535331726074e-01,6.335927248001098633e-01,2.663818895816802979e-01,0.000000000000000000e+00
5.598416924476623535e-01,6.623668074607849121e-01,3.678088188171386719e-01,3.652829229831695557e-01,9.000017046928405762e-01,2.378345876932144165e-01,0.000000000000000000e+00
7.397866994142532349e-02,2.626481652259826660e-01,9.084181785583496094e-01,7.426087558269500732e-02,3.112000524997711182e-01,9.474385976791381836e-01,0.000000000000000000e+00
7.250310778617858887e-01,-1.689276695251464844e-01,-5.945329666137695312e-01,7.822506427764892578e-01,-1.324982047080993652e-01,-6.087102293968200684e-01,0.000000000000000000e+00
-4.537003040313720703e-01,-8.375581502914428711e-01,2.258153855800628662e-01,-4.690093994140625000e-01,-8.659476041793823242e-01,1.736806184053421021e-01,0.000000000000000000e+00
5.496702194213867188e-01,-5.782559514045715332e-01,-5.708267092704772949e-01,6.209652423858642578e-01,-6.725785136222839355e-01,-4.025422632694244385e-01,0.000000000000000000e+00
-4.727381467819213867e-01,6.485335230827331543e-01,-4.956818222999572754e-01,-4.796310365200042725e-01,5.081135034561157227e-01,-7.153843641281127930e-01,0.000000000000000000e+00
4.727134108543395996e-01,4.987089633941650391e-01,6.415090560913085938e-01,5.025597810745239258e-01,5.519472360610961914e-01,6.654230952262878418e-01,0.000000000000000000e+00
-3.362268805503845215e-01,-4.193727374076843262e-01,-7.753932476043701172e-01,-2.245153337717056274e-01,-3.568069338798522949e-01,-9.067974686622619629e-01,0.000000000000000000e+00
2.916606068611145020e-01,4.818778932094573975e-01,7.533494830131530762e-01,3.087416291236877441e-01,5.290617346763610840e-01,7.904253602027893066e-01,0.000000000000000000e+00
2.210769057273864746e-01,-5.900651216506958008e-01,-7.273399233818054199e-01,2.055526524782180786e-01,-5.588855147361755371e-01,-8.033648729324340820e-01,0.000000000000000000e+00
-7.961127161979675293e-01,-2.714435756206512451e-01,-4.913149476051330566e-01,-8.004724383354187012e-01,-4.068178236484527588e-01,-4.401626288890838623e-01,0.000000000000000000e+00
-4.687209129333496094e-01,-8.063815236091613770e-01,3.049085438251495361e-01,-4.799767732620239258e-01,-8.165248036384582520e-01,3.207952082157135010e-01,0.000000000000000000e+00
-6.253539323806762695e-01,-6.259838342666625977e-01,4.116805195808410645e-01,-6.778877377510070801e-01,-6.138968467712402344e-01,4.044735729694366455e-01,0.000000000000000000e+00
4.741405546665191650e-01,7.228916883468627930e-01,-3.875373005867004395e-01,5.346741676330566406e-01,7.060093879699707031e-01,-4.644074738025665283e-01,0.000000000000000000e+00
8.611352443695068359e-01,3.072836622595787048e-02,-3.833601474761962891e-01,9.025790095329284668e-01,1.015406921505928040e-01,-4.183785319328308105e-01,0.000000000000000000e+00
-9.369053244590759277e-01,-1.128699854016304016e-01,-1.623169481754302979e-01,-9.804826974868774414e-01,-1.027974560856819153e-01,-1.675899177789688110e-01,0.000000000000000000e+00
5.037956237792968750e-01,4.559922814369201660e-01,-6.508361101150512695e-01,7.474062442779541016e-01,3.576691150665283203e-01,-5.598720908164978027e-01,0.000000000000000000e+00
-7.176889181137084961e-01,-2.997379302978515625e-01,5.803929567337036133e-01,-7.832491397857666016e-01,-3.048599660396575928e-01,5.418313145637512207e-01,0.000000000000000000e+00
-5.681117177009582520e-01,-7.580243945121765137e-01,-2.512591183185577393e-01,-7.170059084892272949e-01,-6.770464777946472168e-01,-1.658632159233093262e-01,0.000000000000000000e+00
-8.460745811462402344e-01,-1.498037874698638916e-01,-4.793032407760620117e-01,-7.784045338630676270e-01,-4.958219230175018311e-01,-3.850285112857818604e-01,0.000000000000000000e+00
4.422612190246582031e-01,-5.307821035385131836e-01,-6.819606423377990723e-01,5.719451904296875000e-01,-1.857129484415054321e-01,-7.989927530288696289e-01,0.000000000000000000e+00
3.899596333503723145e-01,8.323737978935241699e-01,1.758110523223876953e-01,4.271054863929748535e-01,8.639579415321350098e-01,2.667538225650787354e-01,0.000000000000000000e+00
6.539660096168518066e-01,-7.078073620796203613e-01,-1.068476960062980652e-01,6.983571648597717285e-01,-7.114177942276000977e-01,-7.862602919340133667e-02,0.000000000000000000e+00
-1.364269852638244629e-01,-9.020652174949645996e-01,3.884045779705047607e-01,-4.282667338848114014e-01,-8.557996749877929688e-01,2.901629209518432617e-01,0.000000000000000000e+00
-1.315694153308868408e-01,-9.418771862983703613e-01,2.391785979270935059e-01,-1.425779461860656738e-01,-9.735246896743774414e-01,1.786649227142333984e-01,0.000000000000000000e+00
-3.144836127758026123e-01,-2.926649451255798340e-01,8.697944879531860352e-01,-2.980859279632568359e-01,-2.743530869483947754e-01,9.142620563507080078e-01,0.000000000000000000e+00
-8.809670805931091309e-01,-3.092759549617767334e-01,-2.364759147167205811e-01,-9.416222572326660156e-01,-2.681043744087219238e-01,-2.036358714103698730e-01,0.000000000000000000e+00
-6.033599972724914551e-01,-5.785562396049499512e-01,-4.811376333236694336e-01,-3.346944451332092285e-01,-7.761697173118591309e-01,-5.343596339225769043e-01,0.000000000000000000e+00
6.148428320884704590e-01,-7.037761211395263672e-01,2.128915041685104370e-01,6.347871422767639160e-01,-7.411701679229736328e-01,2.184309810400009155e-01,0.000000000000000000e+00
-6.010085344314575195e-01,-6.424815058708190918e-01,-4.294064939022064209e-01,-6.991556286811828613e-01,-4.719445705413818359e-01,-5.370751619338989258e-01,0.000000000000000000e+00
6.113959550857543945e-01,-1.630247384309768677e-01,-7.125415802001953125e-01,7.135093212127685547e-01,-3.417843580245971680e-01,-6.116272807121276855e-01,0.000000000000000000e+00
-8.365420699119567871e-01,1.337065398693084717e-01,4.398516714572906494e-01,-8.910632133483886719e-01,1.505800485610961914e-01,4.281727969646453857e-01,0.000000000000000000e+00
1.858069449663162231e-01,5.264600515365600586e-01,-7.442283630371093750e-01,1.944041997194290161e-01,5.802553296089172363e-01,-7.908923625946044922e-01,0.000000000000000000e+00
-2.307927459478378296e-01,4.382608532905578613e-01,8.134688735008239746e-01,-2.297104597091674805e-01,4.969169497489929199e-01,8.368432521820068359e-01,0.000000000000000000e+00
3.017061650753021240e-01,-4.597863554954528809e-01,7.946294546127319336e-01,2.228356748819351196e-01,-6.535284519195556641e-01,7.233566641807556152e-01,0.000000000000000000e+00
4.960435330867767334e-01,-8.162551522254943848e-01,1.218375265598297119e-01,5.265806317329406738e-01,-8.343707323074340820e-01,1.629058569669723511e-01,0.000000000000000000e+00
8.800374865531921387e-01,-3.402206003665924072e-01,1.737811416387557983e-01,9.222099781036376953e-01,-3.451372981071472168e-01,1.743818968534469604e-01,0.000000000000000000e+00
-2.429776340723037720e-01,-5.514709949493408203e-01,7.681382298469543457e-01,-2.611420452594757080e-01,-5.998359322547912598e-01,7.563078999519348145e-01,0.000000000000000000e+00
6.151344180107116699e-01,5.928327441215515137e-01,4.098048806190490723e-01,7.557407021522521973e-01,2.356868982315063477e-01,6.109890937805175781e-01,0.000000000000000000e+00
5.322505235671997070e-01,5.223784446716308594e-01,-5.612962841987609863e-01,4.919049739837646484e-01,5.739135146141052246e-01,-6.547157764434814453e-01,0.000000000000000000e+00
-7.844214141368865967e-02,-5.589854717254638672e-02,9.550935029983520508e-01,-5.139891803264617920e-02,-3.736333921551704407e-02,9.979790449142456055e-01,0.000000000000000000e+00
2.718943953514099121e-01,8.477991819381713867e-01,2.792518138885498047e-01,2.798348069190979004e-01,9.162059426307678223e-01,2.868086397647857666e-01,0.000000000000000000e+00
4.924632608890533447e-01,1.489129476249217987e-02,-8.146483302116394043e-01,3.311078846454620361e-01,2.753419876098632812e-01,-9.025266766548156738e-01,0.000000000000000000e+00
-9.505169987678527832e-01,2.592704631388187408e-02,7.789371907711029053e-02,-9.946085810661315918e-01,4.998007789254188538e-02,9.086094796657562256e-02,0.000000000000000000e+00
7.888937592506408691e-01,9.040668606758117676e-02,-5.048555731773376465e-01,8.301312923431396484e-01,1.391852349042892456e-01,-5.399162173271179199e-01,0.000000000000000000e+00
-1.350599974393844604e-01,-3.818120658397674561e-01,8.807597160339355469e-01,-1.356804072856903076e-01,-3.897250294685363770e-01,9.108815789222717285e-01,0.000000000000000000e+00
-6.971921324729919434e-01,5.009608864784240723e-01,3.990145027637481689e-01,-7.420786023139953613e-01,5.409991741180419922e-01,3.957767486572265625e-01,0.000000000000000000e+00
-3.163833916187286377e-01,5.702896714210510254e-01,6.960632205009460449e-01,-2.462332993745803833e-01,8.031454086303710938e-01,5.425187349319458008e-01,0.000000000000000000e+00
-2.811885774135589600e-01,-8.341539502143859863e-01,4.588096737861633301e-01,-2.697648704051971436e-01,-8.903253674507141113e-01,3.668074309825897217e-01,0.000000000000000000e+00
2.398855090141296387e-01,8.831223249435424805e-01,1.821125298738479614e-01,2.687751054763793945e-01,9.453587532043457031e-01,1.845447868108749390e-01,0.000000000000000000e+00
7.870373725891113281e-01,-1.846458017826080322e-01,5.310903787612915039e-01,8.286904692649841309e-01,-3.778567016124725342e-01,4.129121601581573486e-01,0.000000000000000000e+00
9.002736210823059082e-01,2.683277726173400879e-01,-3.281202539801597595e-02,9.379041790962219238e-01,3.466510474681854248e-01,-1.299285050481557846e-02,0.000000000000000000e+00
-7.301458716392517090e-01,-4.359917342662811279e-01,-4.559237062931060791e-01,-7.977784872055053711e-01,-2.168392986059188843e-01,-5.626102089881896973e-01,0.000000000000000000e+00
6.051771640777587891e-01,5.670951306819915771e-02,7.408233284950256348e-01,6.041859984397888184e-01,1.017372682690620422e-01,7.903219461441040039e-01,0.000000000000000000e+00
3.927634656429290771e-01,3.458204865455627441e-01,-7.843411564826965332e-01,3.428283333778381348e-01,5.544363260269165039e-01,-7.583330869674682617e-01,0.000000000000000000e+00
-1.870549023151397705e-01,7.359112501144409180e-01,5.657567381858825684e-01,5.539826117455959320e-03,8.660755157470703125e-01,4.998824894428253174e-01,0.000000000000000000e+00
9.195077419281005859e-01,-1.337447762489318848e-01,-1.974702626466751099e-01,9.754828810691833496e-01,-8.518043160438537598e-02,-2.029221504926681519e-01,0.000000000000000000e+00
8.739678859710693359e-01,2.590123116970062256e-01,-2.193151414394378662e-01,9.221157431602478027e-01,3.245978355407714844e-01,-2.105678021907806396e-01,0.000000000000000000e+00
2.690946757793426514e-01,1.389445364475250244e-01,9.024670124053955078e-01,2.890328764915466309e-01,1.721177995204925537e-01,9.417194128036499023e-01,0.000000000000000000e+00
1.177889928221702576e-01,-7.266114950180053711e-01,6.288810968399047852e-01,1.733342409133911133e-01,-7.301747798919677734e-01,6.609085202217102051e-01,0.000000000000000000e+00
-7.826286554336547852e-01,1.944007277488708496e-01,5.136353373527526855e-01,-8.256539106369018555e-01,2.452196180820465088e-01,5.080974102020263672e-01,0.000000000000000000e+00
-1.682833880186080933e-01,7.816131711006164551e-01,4.985702037811279297e-01,-9.207929670810699463e-02,8.407130837440490723e-01,5.335943698883056641e-01,0.000000000000000000e+00
-3.376146554946899414e-01,-9.177626371383666992e-01,4.098523408174514771e-03,-3.707418739795684814e-01,-9.247685670852661133e-01,8.575291186571121216e-02,0.000000000000000000e+00
5.864915847778320312e-01,-7.422102093696594238e-01,-2.159291952848434448e-01,6.425588130950927734e-01,-7.332413196563720703e-01,-2.224305272102355957e-01,0.000000000000000000e+00
8.316740989685058594e-01,-4.036902785301208496e-01,-2.615696191787719727e-01,8.780599832534790039e-01,-4.057545065879821777e-01,-2.537202537059783936e-01,0.000000000000000000e+00
-5.288461446762084961e-01,-3.663634657859802246e-01,-7.032135725021362305e-01,-5.414878129959106445e-01,-3.661114573478698730e-01,-7.568047046661376953e-01,0.000000000000000000e+00
-2.019040882587432861e-01,-1.321589648723602295e-01,9.323574304580688477e-01,-1.952421814203262329e-01,-1.194349154829978943e-01,9.734556078910827637e-01,0.000000000000000000e+00
-4.430717527866363525e-01,-8.257222771644592285e-01,-3.101183772087097168e-01,-3.920231759548187256e-01,-8.817797303199768066e-01,-2.622638642787933350e-01,0.000000000000000000e+00
1.681824624538421631e-01,6.498761177062988281e-01,6.566640138626098633e-01,1.746354848146438599e-01,6.997980475425720215e-01,6.926652789115905762e-01,0.000000000000000000e+00
1.253682523965835571e-01,-2.258360832929611206e-01,9.266472458839416504e-01,1.174973323941230774e-01,-2.196627408266067505e-01,9.684743881225585938e-01,0.000000000000000000e+00
-6.681373119354248047e-01,-2.543052434921264648e-01,6.559277176856994629e-01,-7.396380901336669922e-01,-3.771034181118011475e-01,5.574302673339843750e-01,0.000000000000000000e+00
5.010100007057189941e-01,5.132790803909301758e-01,-6.193879842758178711e-01,7.275288105010986328e-01,4.029832184314727783e-01,-5.552534461021423340e-01,0.000000000000000000e+00
7.145820856094360352e-01,-4.946758449077606201e-01,-4.152310788631439209e-01,7.559524774551391602e-01,-4.831828474998474121e-01,-4.416674673557281494e-01,0.000000000000000000e+00
-5.484804511070251465e-01,-7.760450243949890137e-01,2.350047081708908081e-01,-5.881171822547912598e-01,-7.790529131889343262e-01,2.172434926033020020e-01,0.000000000000000000e+00
-7.430040836334228516e-01,-3.679037392139434814e-01,5.020502209663391113e-01,-8.050001263618469238e-01,-3.542715013027191162e-01,4.758849143981933594e-01,0.000000000000000000e+00
-4.755243957042694092e-01,5.866798758506774902e-01,-5.643264055252075195e-01,-3.698212504386901855e-01,6.888716220855712891e-01,-6.234485507011413574e-01,0.000000000000000000e+00
8.415245413780212402e-01,3.983254134654998779e-01,-6.544717401266098022e-02,8.802238702774047852e-01,4.663641154766082764e-01,-8.780933916568756104e-02,0.000000000000000000e+00
-4.466261863708496094e-01,5.388529300689697266e-01,6.596785187721252441e-01,-4.744531810283660889e-01,5.920464992523193359e-01,6.514407992362976074e-01,0.000000000000000000e+00
3.882246837019920349e-02,5.196223855018615723e-01,7.867176532745361328e-01,5.034853145480155945e-02,5.725290775299072266e-01,8.183370232582092285e-01,0.000000000000000000e+00
-9.141489863395690918e-01,1.571905910968780518e-01,2.201676964759826660e-01,-9.606944322586059570e-01,1.690499335527420044e-01,2.202005684375762939e-01,0.000000000000000000e+00
8.792259693145751953e-01,-3.388603627681732178e-01,1.807647943496704102e-01,9.222099781036376953e-01,-3.451372981071472168e-01,1.743818968534469604e-01,0.000000000000000000e+00
-9.220551848411560059e-01,-2.343701664358377457e-03,-2.549519836902618408e-01,-9.653344750404357910e-01,1.744293607771396637e-02,-2.604324519634246826e-01,0.000000000000000000e+00
-5.905065536499023438e-01,-7.230564951896667480e-01,-2.813495993614196777e-01,-8.199768662452697754e-01,-5.214845538139343262e-01,-2.359910607337951660e-01,0.000000000000000000e+00
5.210306644439697266e-01,-5.855662226676940918e-01,-5.982825160026550293e-01,5.614891052246093750e-01,-6.750407218933105469e-01,-4.785916805267333984e-01,0.000000000000000000e+00
3.783708214759826660e-01,-7.929004430770874023e-01,-4.187290966510772705e-01,3.125350475311279297e-01,-8.161011338233947754e-01,-4.861077368259429932e-01,0.000000000000000000e+00
-2.879888564348220825e-02,8.630451560020446777e-01,-3.475217819213867188e-01,-2.456102147698402405e-02,9.269172549247741699e-01,-3.744611144065856934e-01,0.000000000000000000e+00
-6.485208272933959961e-01,5.296085476875305176e-01,-4.452746212482452393e-01,-7.830134630203247070e-01,4.880795180797576904e-01,-3.855752348899841309e-01,0.000000000000000000e+00
3.405779600143432617e-01,8.643013834953308105e-01,-1.253387778997421265e-01,2.027796059846878052e-01,9.689175486564636230e-01,-1.417009681463241577e-01,0.000000000000000000e+00
6.447022408246994019e-02,-9.343729019165039062e-01,-2.896583080291748047e-01,-3.292873874306678772e-02,-9.692181348800659180e-01,-2.439915835857391357e-01,0.000000000000000000e+00
2.863521575927734375e-01,-3.056268393993377686e-01,8.663120865821838379e-01,3.118370473384857178e-01,-3.073157668113708496e-01,8.990632295608520508e-01,0.000000000000000000e+00
1.459738612174987793e-01,-9.050848484039306641e-01,3.775499761104583740e-01,7.095293700695037842e-02,-9.445828199386596680e-01,3.205136656761169434e-01,0.000000000000000000e+00
4.664519727230072021e-01,7.453629970550537109e-01,3.127205073833465576e-01,3.525443673133850098e-01,9.126589298248291016e-01,2.067997604608535767e-01,0.000000000000000000e+00
9.447013735771179199e-01,4.097412899136543274e-02,1.917519047856330872e-02,9.967151284217834473e-01,7.787186652421951294e-02,2.224627137184143066e-02,0.000000000000000000e+00
7.689420580863952637e-01,5.057029724121093750e-01,1.568313688039779663e-01,8.186651468276977539e-01,5.627711415290832520e-01,1.143506094813346863e-01,0.000000000000000000e+00
-4.111037403345108032e-02,-3.509281277656555176e-01,-8.793034553527832031e-01,-4.160457849502563477e-02,-3.281423747539520264e-01,-9.437116384506225586e-01,0.000000000000000000e+00
-6.813362240791320801e-01,-6.841424107551574707e-01,-1.138384044170379639e-01,-6.931431293487548828e-01,-7.073196172714233398e-01,-1.387500166893005371e-01,0.000000000000000000e+00
-2.279881983995437622e-01,7.921685576438903809e-01,-4.336150884628295898e-01,-2.026014328002929688e-01,8.575252890586853027e-01,-4.728667736053466797e-01,0.000000000000000000e+00
3.791962265968322754e-01,-3.107219636440277100e-01,-8.225114941596984863e-01,3.463903665542602539e-01,-3.172949552536010742e-01,-8.828009963035583496e-01,0.000000000000000000e+00
6.484654545783996582e-01,4.585855305194854736e-01,5.242094397544860840e-01,5.173355937004089355e-01,7.268319725990295410e-01,4.517512023448944092e-01,0.000000000000000000e+00
1.554098166525363922e-02,8.564027547836303711e-01,-3.624715209007263184e-01,3.949045389890670776e-02,9.156057834625244141e-01,-4.001331329345703125e-01,0.000000000000000000e+00
-6.158919930458068848e-01,4.489028453826904297e-01,-5.623710155487060547e-01,-7.923844456672668457e-01,2.117148190736770630e-01,-5.721046328544616699e-01,0.000000000000000000e+00
8.285133838653564453e-01,-2.460222989320755005e-01,4.704753160476684570e-01,8.023413419723510742e-01,-4.553055763244628906e-01,3.859342038631439209e-01,0.000000000000000000e+00
-3.974053859710693359e-01,-5.788694620132446289e-01,-6.462683677673339844e-01,-3.766732811927795410e-01,-5.323044657707214355e-01,-7.581353187561035156e-01,0.000000000000000000e+00
5.963743329048156738e-01,5.448540449142456055e-01,-4.680611491203308105e-01,6.452091336250305176e-01,5.812860131263732910e-01,-4.957939982414245605e-01,0.000000000000000000e+00
1.407176554203033447e-01,-5.679797381162643433e-02,9.466501474380493164e-01,1.228431984782218933e-01,-1.852485351264476776e-02,9.922531843185424805e-01,0.000000000000000000e+00
3.781459927558898926e-01,-8.977672457695007324e-01,-2.331327274441719055e-02,4.074288308620452881e-01,-9.126947522163391113e-01,3.146496042609214783e-02,0.000000000000000000e+00
-3.751789331436157227e-01,-8.936480879783630371e-01,-9.088097512722015381e-02,-4.353303313255310059e-01,-8.923487067222595215e-01,-1.191690340638160706e-01,0.000000000000000000e+00
-5.765619874000549316e-01,-7.834687232971191406e-01,4.743464663624763489e-02,-6.122745871543884277e-01,-7.906314134597778320e-01,-4.668820649385452271e-03,0.000000000000000000e+00
-6.402719616889953613e-01,5.409717094153165817e-03,7.269186973571777344e-01,-7.403057813644409180e-01,-1.273802220821380615e-01,6.600921154022216797e-01,0.000000000000000000e+00
3.374529480934143066e-01,-9.000765085220336914e-01,1.145423203706741333e-01,3.289905190467834473e-01,-9.325874447822570801e-01,1.484785676002502441e-01,0.000000000000000000e+00
-8.360180854797363281e-01,-1.540387272834777832e-01,-4.920307099819183350e-01,-7.420663237571716309e-01,-2.305785268545150757e-01,-6.294212937355041504e-01,0.000000000000000000e+00
2.456528693437576294e-01,2.258299887180328369e-01,-8.780863881111145020e-01,2.221367806196212769e-01,2.785703241825103760e-01,-9.343734979629516602e-01,0.000000000000000000e+00
7.318735718727111816e-01,-5.134834647178649902e-01,-3.620636463165283203e-01,7.540055513381958008e-01,-5.296538472175598145e-01,-3.885131776332855225e-01,0.000000000000000000e+00
-7.413685917854309082e-01,-1.192361712455749512e-01,6.057453155517578125e-01,-8.026291728019714355e-01,-1.044169515371322632e-01,5.872678756713867188e-01,0.000000000000000000e+00
8.765587806701660156e-01,-3.774180412292480469e-01,-8.845009654760360718e-02,9.306158423423767090e-01,-3.471401929855346680e-01,-1.159648373723030090e-01,0.000000000000000000e+00
5.306665301322937012e-01,-7.510441541671752930e-01,2.800824940204620361e-01,6.719527840614318848e-01,-7.149907350540161133e-01,1.930484175682067871e-01,0.000000000000000000e+00
3.094028830528259277e-01,3.114761114120483398e-01,-8.346881270408630371e-01,2.799484729766845703e-01,4.028480052947998047e-01,-8.714025020599365234e-01,0.000000000000000000e+00
-4.050513803958892822e-01,8.186478614807128906e-01,-2.749302983283996582e-01,-4.480789005756378174e-01,7.763587832450866699e-01,-4.432746171951293945e-01,0.000000000000000000e+00
-8.541081547737121582e-01,-3.523913919925689697e-01,2.697395980358123779e-01,-8.986026644706726074e-01,-3.305313587188720703e-01,2.885520756244659424e-01,0.000000000000000000e+00
-7.843107581138610840e-01,-4.094588160514831543e-01,3.914297819137573242e-01,-8.344572186470031738e-01,-3.863067924976348877e-01,3.929989635944366455e-01,0.000000000000000000e+00
6.064860820770263672e-01,5.285621285438537598e-01,-4.739632904529571533e-01,6.465713381767272949e-01,5.735810399055480957e-01,-5.029416680335998535e-01,0.000000000000000000e+00
-1.901447772979736328e-02,-6.826366186141967773e-01,-6.802668571472167969e-01,-3.929032757878303528e-02,-6.978574395179748535e-01,-7.151581645011901855e-01,0.000000000000000000e+00
-6.043499112129211426e-01,-7.614360451698303223e-01,4.689425602555274963e-02,-6.263678669929504395e-01,-7.792044281959533691e-01,2.244530245661735535e-02,0.000000000000000000e+00
-6.093633174896240234e-01,3.467048704624176025e-01,-6.422708630561828613e-01,-5.366576313972473145e-01,2.500087618827819824e-01,-8.059120178222656250e-01,0.000000000000000000e+00
4.288298487663269043e-01,-2.654281556606292725e-01,-8.177812099456787109e-01,3.145785927772521973e-01,-9.278324991464614868e-02,-9.446859359741210938e-01,0.000000000000000000e+00
-4.264578819274902344e-01,-8.603132367134094238e-01,1.830382943153381348e-01,-3.724164962768554688e-01,-9.150436520576477051e-01,1.549228429794311523e-01,0.000000000000000000e+00
7.546414732933044434e-01,-6.008198857307434082e-01,7.809408009052276611e-03,7.921621799468994141e-01,-6.101282835006713867e-01,1.491727028042078018e-02,0.000000000000000000e+00
-5.082182288169860840e-01,-5.465673804283142090e-01,6.644558310508728027e-01,-5.283213257789611816e-01,-4.238289296627044678e-01,7.356939315795898438e-01,0.000000000000000000e+00
8.918811380863189697e-02,-5.413983464241027832e-01,7.954627871513366699e-01,-1.034922548569738865e-03,-6.012914180755615234e-01,7.990291118621826172e-01,0.000000000000000000e+00
5.968871116638183594e-01,5.993354320526123047e-01,-3.939988017082214355e-01,6.295506954193115234e-01,6.592540144920349121e-01,-4.111569225788116455e-01,0.000000000000000000e+00
-8.760331273078918457e-01,-3.932496011257171631e-01,-5.745929479598999023e-02,-9.138101935386657715e-01,-3.996272683143615723e-01,-7.244950532913208008e-02,0.000000000000000000e+00
6.480449438095092773e-01,-6.677942872047424316e-01,-2.645006775856018066e-01,6.929190158843994141e-01,-6.704790592193603516e-01,-2.651811242103576660e-01,0.000000000000000000e+00
8.226577774621546268e-04,2.637005448341369629e-01,9.114220738410949707e-01,-1.668544486165046692e-02,3.289934992790222168e-01,9.441847801208496094e-01,0.000000000000000000e+00
-4.466709792613983154e-01,6.171995997428894043e-01,-5.464122295379638672e-01,-4.037521481513977051e-01,8.005144596099853516e-01,-4.429004490375518799e-01,0.000000000000000000e+00
8.709897845983505249e-02,7.741404771804809570e-01,-5.012317895889282227e-01,1.005066707730293274e-01,8.274906277656555176e-01,-5.524107813835144043e-01,0.000000000000000000e+00
-2.000172585248947144e-01,9.214590787887573242e-01,1.006420776247978210e-01,-5.844217166304588318e-02,9.853369593620300293e-01,1.602983474731445312e-01,0.000000000000000000e+00
9.145599603652954102e-01,1.994747668504714966e-01,-9.027130901813507080e-02,9.686442017555236816e-01,2.299950271844863892e-01,-9.397163987159729004e-02,0.000000000000000000e+00
3.745031058788299561e-01,-6.795639544725418091e-02,8.813467025756835938e-01,3.711093366146087646e-01,-3.031058423221111298e-02,9.280943870544433594e-01,0.000000000000000000e+00
-7.113382220268249512e-01,3.319900929927825928e-01,5.416632294654846191e-01,-7.411745190620422363e-01,3.623916804790496826e-01,5.650952458381652832e-01,0.000000000000000000e+00
-8.951178193092346191e-01,2.994762063026428223e-01,-8.229103684425354004e-02,-9.366365075111389160e-01,3.412508964538574219e-01,-7.911964505910873413e-02,0.000000000000000000e+00
-1.586524993181228638e-01,7.997183203697204590e-01,4.717062413692474365e-01,-9.207929670810699463e-02,8.407130837440490723e-01,5.335943698883056641e-01,0.000000000000000000e+00
-2.031401991844177246e-01,-9.569720029830932617e-01,-4.911608248949050903e-02,-2.002943605184555054e-01,-9.793787598609924316e-01,-2.644655853509902954e-02,0.000000000000000000e+00
-1.693729311227798462e-01,7.874845266342163086e-01,4.891315102577209473e-01,-9.207929670810699463e-02,8.407130837440490723e-01,5.335943698883056641e-01,0.000000000000000000e+00
-5.945657491683959961e-01,-4.447198286652565002e-02,7.717654705047607422e-01,-6.274535655975341797e-01,1.142056211829185486e-01,7.702330946922302246e-01,0.000000000000000000e+00
-3.063668906688690186e-01,8.153229020535945892e-03,9.105091691017150879e-01,-3.018264174461364746e-01,9.247963316738605499e-03,9.533180594444274902e-01,0.000000000000000000e+00
-5.791749358177185059e-01,9.879275411367416382e-02,7.739699482917785645e-01,-7.316901683807373047e-01,-2.523788996040821075e-02,6.811699867248535156e-01,0.000000000000000000e+00
6.340026259422302246e-01,-2.075279802083969116e-01,6.945560574531555176e-01,6.473543643951416016e-01,-2.084064483642578125e-01,7.331432700157165527e-01,0.000000000000000000e+00
-8.050346374511718750e-01,3.704525530338287354e-01,3.440397381782531738e-01,-8.356998562812805176e-01,4.044338166713714600e-01,3.715360760688781738e-01,0.000000000000000000e+00
6.847700476646423340e-01,-5.623577237129211426e-01,-3.862433731555938721e-01,7.359517812728881836e-01,-5.594614148139953613e-01,-3.812845051288604736e-01,0.000000000000000000e+00
-4.791441261768341064e-01,-6.693984866142272949e-01,5.654716491699218750e-01,-4.827474355697631836e-01,-7.435440421104431152e-01,4.627063572406768799e-01,0.000000000000000000e+00
-7.478552460670471191e-01,-1.410699188709259033e-01,-5.967794060707092285e-01,-6.118288636207580566e-01,1.661072373390197754e-01,-7.733523249626159668e-01,0.000000000000000000e+00
5.182321071624755859e-01,-5.622225403785705566e-01,5.828570127487182617e-01,4.745558202266693115e-01,-6.150472164154052734e-01,6.296932697296142578e-01,0.000000000000000000e+00
3.812353909015655518e-01,8.354592323303222656e-01,1.797866076231002808e-01,4.271054863929748535e-01,8.639579415321350098e-01,2.667538225650787354e-01,0.000000000000000000e+00
5.457270741462707520e-01,-1.208659410476684570e-01,7.826107144355773926e-01,5.790343880653381348e-01,-1.043669953942298889e-01,8.085955381393432617e-01,0.000000000000000000e+00
9.124188423156738281e-01,2.261757105588912964e-01,-1.578924246132373810e-02,9.700694084167480469e-01,2.406854480504989624e-01,-3.218568116426467896e-02,0.000000000000000000e+00
4.793090820312500000e-01,-5.600575208663940430e-01,6.142495274543762207e-01,4.728930890560150146e-01,-6.082918643951416016e-01,6.374583244323730469e-01,0.000000000000000000e+00
8.675177693367004395e-01,1.235429197549819946e-01,3.670611083507537842e-01,9.389380812644958496e-01,1.583520919084548950e-01,3.054830431938171387e-01,0.000000000000000000e+00
4.093935191631317139e-01,2.542751431465148926e-01,-8.166037201881408691e-01,3.806386590003967285e-01,3.731128992512822151e-03,-9.247163534164428711e-01,0.000000000000000000e+00
8.984662294387817383e-01,-3.143391609191894531e-01,1.194860637187957764e-01,9.445866942405700684e-01,-2.999331653118133545e-01,1.334021240472793579e-01,0.000000000000000000e+00
-4.796789586544036865e-01,-7.632884979248046875e-01,3.884247541427612305e-01,-5.007774829864501953e-01,-7.834243774414062500e-01,3.680600225925445557e-01,0.000000000000000000e+00
8.581366539001464844e-01,3.648201823234558105e-01,9.088552743196487427e-02,9.021106958389282227e-01,4.177286326885223389e-01,1.081621423363685608e-01,0.000000000000000000e+00
-1.107989531010389328e-02,6.901270896196365356e-02,9.522446393966674805e-01,-3.024094551801681519e-02,1.123698875308036804e-01,9.932061433792114258e-01,0.000000000000000000e+00
5.132157206535339355e-01,-7.537223100662231445e-01,3.341604173183441162e-01,4.084881246089935303e-01,-8.903263807296752930e-01,2.011377662420272827e-01,0.000000000000000000e+00
7.769399881362915039e-02,4.644002020359039307e-01,-8.052549362182617188e-01,6.846538931131362915e-02,4.871199131011962891e-01,-8.706472516059875488e-01,0.000000000000000000e+00
2.215034365653991699e-01,-5.450208187103271484e-01,-7.568131685256958008e-01,2.240668237209320068e-01,-5.269493460655212402e-01,-8.198283314704895020e-01,0.000000000000000000e+00
-4.339230060577392578e-01,-6.724608540534973145e-01,5.934191346168518066e-01,-1.973533481359481812e-01,-9.470847845077514648e-01,2.531442940235137939e-01,0.000000000000000000e+00
4.160590469837188721e-01,-3.252019286155700684e-01,-7.975049018859863281e-01,3.648170530796051025e-01,-4.910879731178283691e-01,-7.910380363464355469e-01,0.000000000000000000e+00
-1.293650418519973755e-01,-4.166204333305358887e-01,8.666108846664428711e-01,-9.720482677221298218e-02,-3.709861636161804199e-01,9.235369563102722168e-01,0.000000000000000000e+00
6.966518163681030273e-01,-2.010548412799835205e-01,-6.204717159271240234e-01,7.560896277427673340e-01,-1.606062948703765869e-01,-6.344557404518127441e-01,0.000000000000000000e+00
-3.661497235298156738e-01,2.960751056671142578e-01,8.478040695190429688e-01,-2.361685037612915039e-01,2.809703648090362549e-01,9.302043318748474121e-01,0.000000000000000000e+00
-8.014268279075622559e-01,2.379744499921798706e-01,4.596736729145050049e-01,-8.524379730224609375e-01,2.521099150180816650e-01,4.580285251140594482e-01,0.000000000000000000e+00
3.978185355663299561e-01,-8.087998032569885254e-01,4.006862044334411621e-01,4.392577409744262695e-01,-6.533367633819580078e-01,6.166065931320190430e-01,0.000000000000000000e+00
6.910251379013061523e-01,-5.765349864959716797e-01,-3.533673584461212158e-01,7.359517812728881836e-01,-5.594614148139953613e-01,-3.812845051288604736e-01,0.000000000000000000e+00
8.669925332069396973e-01,-4.076275229454040527e-01,-5.553628131747245789e-02,9.173407554626464844e-01,-3.904552161693572998e-01,-7.765730470418930054e-02,0.000000000000000000e+00
3.105782568454742432e-01,6.724497079849243164e-01,-5.579376816749572754e-01,3.907878398895263672e-01,5.712525844573974609e-01,-7.217723727226257324e-01,0.000000000000000000e+00
-5.269764661788940430e-01,-5.755263566970825195e-01,-5.586821436882019043e-01,-5.244081020355224609e-01,-5.675979852676391602e-01,-6.346878409385681152e-01,0.000000000000000000e+00
-1.557967662811279297e-01,8.756192922592163086e-01,-2.823969125747680664e-01,-1.194579750299453735e-01,9.485422372817993164e-01,-2.932530939579010010e-01,0.000000000000000000e+00
-4.582327008247375488e-01,-3.066395819187164307e-01,-7.737314105033874512e-01,-4.476136565208435059e-01,-3.164317011833190918e-01,-8.363689184188842773e-01,0.000000000000000000e+00
-4.587439298629760742e-01,2.268160730600357056e-01,8.278766870498657227e-01,-2.630144059658050537e-01,6.116554141044616699e-01,7.461240291595458984e-01,0.000000000000000000e+00
-8.286687135696411133e-01,-2.296187579631805420e-01,4.322814941406250000e-01,-8.710558414459228516e-01,-2.116850763559341431e-01,4.432281553745269775e-01,0.000000000000000000e+00
-5.460702776908874512e-01,-4.193953424692153931e-02,-7.755205035209655762e-01,-5.437869429588317871e-01,-2.406043559312820435e-02,-8.388783335685729980e-01,0.000000000000000000e+00
9.287713766098022461e-01,1.352401915937662125e-02,-1.730057150125503540e-01,9.836729168891906738e-01,1.714682392776012421e-02,-1.791468858718872070e-01,0.000000000000000000e+00
-5.516142249107360840e-01,4.428487718105316162e-01,6.454703211784362793e-01,-6.268131732940673828e-01,5.300140976905822754e-01,5.711307525634765625e-01,0.000000000000000000e+00
4.768803119659423828e-01,-4.154101610183715820e-01,-7.328990697860717773e-01,5.502793192863464355e-01,-5.479832887649536133e-01,-6.300055980682373047e-01,0.000000000000000000e+00
-8.098404407501220703e-01,-3.274965658783912659e-02,-5.250100493431091309e-01,-9.087973237037658691e-01,1.967560797929763794e-01,-3.679326474666595459e-01,0.000000000000000000e+00
-5.876903533935546875e-01,-2.859779298305511475e-01,7.313425540924072266e-01,-5.310976505279541016e-01,-3.698495328426361084e-01,7.623296976089477539e-01,0.000000000000000000e+00
6.520003080368041992e-01,6.645779013633728027e-01,-3.803636133670806885e-02,7.203422188758850098e-01,6.915277838706970215e-01,-5.381861329078674316e-02,0.000000000000000000e+00
-5.851566195487976074e-01,-5.690703988075256348e-01,5.539097189903259277e-01,-6.437048912048339844e-01,-6.232370138168334961e-01,4.440941512584686279e-01,0.000000000000000000e+00
-3.859214484691619873e-01,5.034701824188232422e-01,7.209459543228149414e-01,-7.686616778373718262e-01,1.396271139383316040e-01,6.242303252220153809e-01,0.000000000000000000e+00
4.479864835739135742e-01,-6.113912463188171387e-01,-6.099024415016174316e-01,4.280690252780914307e-01,-4.328029155731201172e-01,-7.933716177940368652e-01,0.000000000000000000e+00
4.667840525507926941e-02,-2.800337970256805420e-01,9.218632578849792480e-01,5.071980878710746765e-02,-2.458898127079010010e-01,9.679698944091796875e-01,0.000000000000000000e+00
3.161933124065399170e-01,5.591655969619750977e-01,-6.695455312728881836e-01,2.480447739362716675e-01,9.485862851142883301e-01,-1.966160684823989868e-01,0.000000000000000000e+00
-7.763528823852539062e-01,2.656100690364837646e-01,-4.892623126506805420e-01,-8.436691761016845703e-01,1.805598288774490356e-01,-5.055891871452331543e-01,0.000000000000000000e+00
-8.213979005813598633e-01,-1.800064593553543091e-01,-4.775140285491943359e-01,-6.934215426445007324e-01,-6.325552463531494141e-01,-3.450223803520202637e-01,0.000000000000000000e+00
2.667652368545532227e-01,-6.431093215942382812e-01,6.590561270713806152e-01,3.388843834400177002e-01,-6.863437891006469727e-01,6.434978842735290527e-01,0.000000000000000000e+00
-1.911312490701675415e-01,8.648540377616882324e-01,3.295827507972717285e-01,-3.244040906429290771e-02,9.767613410949707031e-01,2.118605971336364746e-01,0.000000000000000000e+00
2.940242737531661987e-02,-3.035067915916442871e-01,-8.957441449165344238e-01,2.379126846790313721e-02,-2.808404266834259033e-01,-9.594595432281494141e-01,0.000000000000000000e+00
-5.683324337005615234e-01,4.546903967857360840e-01,6.182764172554016113e-01,-6.287416219711303711e-01,5.024902820587158203e-01,5.934538841247558594e-01,0.000000000000000000e+00
-8.466861844062805176e-01,1.841742545366287231e-02,-4.552277922630310059e-01,-8.473668694496154785e-01,2.539699673652648926e-01,-4.663352966308593750e-01,0.000000000000000000e+00
4.268558621406555176e-01,5.232096314430236816e-01,6.547106504440307617e-01,4.418008923530578613e-01,5.641108155250549316e-01,6.975607275962829590e-01,0.000000000000000000e+00
1.718133538961410522e-01,-9.256206154823303223e-01,2.528214156627655029e-01,2.420453578233718872e-01,-9.584890604019165039e-01,1.507074236869812012e-01,0.000000000000000000e+00
-6.969490647315979004e-01,1.791867315769195557e-01,-6.298358440399169922e-01,-5.344707965850830078e-01,3.456790149211883545e-01,-7.712632417678833008e-01,0.000000000000000000e+00
1.449120491743087769e-01,1.359179317951202393e-01,-9.160220623016357422e-01,1.391286551952362061e-01,1.818818151950836182e-01,-9.734280705451965332e-01,0.000000000000000000e+00
9.218774437904357910e-01,1.368829905986785889e-01,-1.378447115421295166e-01,9.801592230796813965e-01,1.514443159103393555e-01,-1.278767734766006470e-01,0.000000000000000000e+00
-7.641846537590026855e-01,3.606240153312683105e-01,-4.180471897125244141e-01,-7.633453607559204102e-01,3.014487028121948242e-01,-5.713427066802978516e-01,0.000000000000000000e+00
8.590975999832153320e-01,6.936300545930862427e-02,3.988350033760070801e-01,7.858078479766845703e-01,7.182397693395614624e-02,6.142860651016235352e-01,0.000000000000000000e+00
7.945005893707275391e-01,3.778910338878631592e-01,-3.113971650600433350e-01,8.378909230232238770e-01,4.272183477878570557e-01,-3.397400081157684326e-01,0.000000000000000000e+00
2.267328798770904541e-01,-8.450060337781906128e-02,-9.112759828567504883e-01,1.975975781679153442e-01,-5.632295832037925720e-02,-9.786638617515563965e-01,0.000000000000000000e+00
3.420076668262481689e-01,5.208664536476135254e-01,7.035970091819763184e-01,3.626180887222290039e-01,5.486561059951782227e-01,7.533156871795654297e-01,0.000000000000000000e+00
-1.682889610528945923e-01,9.239988923072814941e-01,3.249027580022811890e-02,-2.870549634099006653e-02,9.988032579421997070e-01,-3.959815576672554016e-02,0.000000000000000000e+00
7.560075074434280396e-02,2.296102344989776611e-01,-9.031364917755126953e-01,6.413365155458450317e-02,2.800442874431610107e-01,-9.578424096107482910e-01,0.000000000000000000e+00
-1.561224311590194702e-01,2.903842628002166748e-01,-8.694529533386230469e-01,-1.882910430431365967e-01,3.281285166740417480e-01,-9.256771206855773926e-01,0.000000000000000000e+00
5.617393925786018372e-02,8.705545067787170410e-01,-3.227594196796417236e-01,9.572210907936096191e-02,9.340433478355407715e-01,-3.440934419631958008e-01,0.000000000000000000e+00
-3.608117625117301941e-02,4.566293358802795410e-01,-8.106483817100524902e-01,-8.570048958063125610e-02,4.823586940765380859e-01,-8.717714548110961914e-01,0.000000000000000000e+00
5.152796860784292221e-03,-6.103028655052185059e-01,-7.412555217742919922e-01,4.716832935810089111e-02,-6.217906475067138672e-01,-7.817618250846862793e-01,0.000000000000000000e+00
6.727909445762634277e-01,-6.459620594978332520e-01,-2.539611756801605225e-01,7.057798504829406738e-01,-6.660509109497070312e-01,-2.413523942232131958e-01,0.000000000000000000e+00
-6.698135137557983398e-01,4.479585587978363037e-02,6.946249604225158691e-01,-7.053952813148498535e-01,1.021875292062759399e-01,7.014094591140747070e-01,0.000000000000000000e+00
-9.201722145080566406e-01,7.611440960317850113e-03,-2.611126303672790527e-01,-9.670392870903015137e-01,3.594838827848434448e-02,-2.520767748355865479e-01,0.000000000000000000e+00
-7.851938009262084961e-01,5.194153189659118652e-01,-5.736136808991432190e-02,-8.321328759193420410e-01,5.524836182594299316e-01,-4.813237860798835754e-02,0.000000000000000000e+00
2.706097960472106934e-01,-3.920283317565917969e-01,8.412122130393981934e-01,1.858193278312683105e-01,-5.149832963943481445e-01,8.368174433708190918e-01,0.000000000000000000e+00
-9.358647465705871582e-01,1.396846324205398560e-01,-1.087079122662544250e-01,-9.761921167373657227e-01,1.729831397533416748e-01,-1.308654993772506714e-01,0.000000000000000000e+00
-3.623697534203529358e-02,-9.535863995552062988e-01,2.238396108150482178e-01,-4.432007297873497009e-02,-9.791789054870605469e-01,1.981019526720046997e-01,0.000000000000000000e+00
3.598791956901550293e-01,-2.217742055654525757e-01,-8.555160164833068848e-01,3.599380850791931152e-01,-2.060922086238861084e-01,-9.099288582801818848e-01,0.000000000000000000e+00
8.428225517272949219e-01,1.462920159101486206e-01,4.179413914680480957e-01,8.538461923599243164e-01,3.636015057563781738e-01,3.724790513515472412e-01,0.000000000000000000e+00
-6.884707212448120117e-01,-2.752965092658996582e-01,6.276681423187255859e-01,-6.738234758377075195e-01,8.117147535085678101e-02,7.344202399253845215e-01,0.000000000000000000e+00
6.715832948684692383e-01,6.229203939437866211e-01,-1.672106385231018066e-01,7.376728057861328125e-01,6.448080539703369141e-01,-2.001534104347229004e-01,0.000000000000000000e+00
-5.535786151885986328e-01,7.581142783164978027e-01,-1.303324252367019653e-01,-6.931828856468200684e-01,7.009990811347961426e-01,-1.676238626241683960e-01,0.000000000000000000e+00
2.106016576290130615e-01,1.118775904178619385e-01,-9.088584184646606445e-01,1.933929622173309326e-01,1.351061165332794189e-01,-9.717743992805480957e-01,0.000000000000000000e+00
6.680218875408172607e-02,-3.681397736072540283e-01,8.904162049293518066e-01,1.107825487852096558e-01,-3.791106641292572021e-01,9.186959862709045410e-01,0.000000000000000000e+00
8.477479219436645508e-01,1.026735156774520874e-01,4.401893317699432373e-01,9.594265222549438477e-01,1.546196490526199341e-01,2.357827574014663696e-01,0.000000000000000000e+00
-2.362075261771678925e-02,-5.297169089317321777e-01,-7.936021089553833008e-01,2.080377750098705292e-02,-5.432957410812377930e-01,-8.392835855484008789e-01,0.000000000000000000e+00
5.770287513732910156e-01,-2.475739568471908569e-01,-7.386682629585266113e-01,6.171569824218750000e-01,-4.082188606262207031e-01,-6.726623177528381348e-01,0.000000000000000000e+00
-8.956928253173828125e-01,-2.305904626846313477e-01,-2.623711824417114258e-01,-9.510076642036437988e-01,-1.966430842876434326e-01,-2.385706156492233276e-01,0.000000000000000000e+00
-6.176782250404357910e-01,-5.516032576560974121e-01,5.289445519447326660e-01,-7.060164213180541992e-01,-5.491627454757690430e-01,4.471700489521026611e-01,0.000000000000000000e+00
-2.287138849496841431e-01,6.718974113464355469e-01,6.236502528190612793e-01,-2.260819524526596069e-01,5.544180274009704590e-01,8.009417057037353516e-01,0.000000000000000000e+00
-6.443877816200256348e-01,-5.844087004661560059e-01,4.419212043285369873e-01,-6.922160387039184570e-01,-5.880758166313171387e-01,4.183345437049865723e-01,0.000000000000000000e+00
-6.418038159608840942e-02,5.141900479793548584e-02,-9.337738156318664551e-01,-1.101657599210739136e-01,7.486960291862487793e-02,-9.910893440246582031e-01,0.000000000000000000e+00
-2.244488894939422607e-01,-7.086097002029418945e-01,-6.138948798179626465e-01,-2.463095486164093018e-01,-7.200606465339660645e-01,-6.487251520156860352e-01,0.000000000000000000e+00
-1.266684979200363159e-01,-9.403560161590576172e-01,2.512472569942474365e-01,-1.382070779800415039e-01,-9.707637429237365723e-01,1.962562352418899536e-01,0.000000000000000000e+00
-5.685061216354370117e-01,2.776594460010528564e-01,-7.002820968627929688e-01,-5.301745533943176270e-01,3.009905517101287842e-01,-7.926661372184753418e-01,0.000000000000000000e+00
5.578699707984924316e-01,-7.695928812026977539e-01,1.410023719072341919e-01,5.729067921638488770e-01,-7.882148623466491699e-01,2.247111797332763672e-01,0.000000000000000000e+00
7.038697600364685059e-01,5.623422861099243164e-01,2.545399665832519531e-01,8.070749044418334961e-01,2.864138484001159668e-01,5.163305401802062988e-01,0.000000000000000000e+00
-7.285462226718664169e-03,-9.773952960968017578e-01,-3.312372788786888123e-02,7.775638718158006668e-03,-9.986042976379394531e-01,-5.223929136991500854e-02,0.000000000000000000e+00
5.201987624168395996e-01,-3.876164257526397705e-01,-7.236322164535522461e-01,5.624225735664367676e-01,-6.086774468421936035e-01,-5.596361756324768066e-01,0.000000000000000000e+00
2.294739708304405212e-03,9.184125661849975586e-01,1.877025812864303589e-01,6.706510670483112335e-03,9.886404871940612793e-01,1.501500308513641357e-01,0.000000000000000000e+00
-5.223667025566101074e-01,-4.416496753692626953e-01,-6.650907993316650391e-01,-5.261459350585937500e-01,-4.833485484123229980e-01,-6.996746659278869629e-01,0.000000000000000000e+00
6.254802346229553223e-01,-2.795574367046356201e-01,-6.634934544563293457e-01,6.183465123176574707e-01,-4.521783590316772461e-01,-6.427926421165466309e-01,0.000000000000000000e+00
3.552874028682708740e-01,-2.710734009742736816e-01,-8.446491956710815430e-01,3.351714611053466797e-01,-2.468505054712295532e-01,-9.092441201210021973e-01,0.000000000000000000e+00
-8.955288529396057129e-01,1.204714849591255188e-01,3.030950725078582764e-01,-9.434320330619812012e-01,1.293249279260635376e-01,3.053049445152282715e-01,0.000000000000000000e+00
-3.477244377136230469e-01,3.646279871463775635e-02,-8.693993091583251953e-01,-3.364568054676055908e-01,8.433315902948379517e-02,-9.379150867462158203e-01,0.000000000000000000e+00
-5.211228132247924805e-01,-8.135173320770263672e-01,-9.479864686727523804e-02,-5.369135141372680664e-01,-8.352565765380859375e-01,-1.186183094978332520e-01,0.000000000000000000e+00
3.161152005195617676e-01,-7.491817474365234375e-01,-5.466758608818054199e-01,1.589505970478057861e-01,-8.953280448913574219e-01,-4.160797595977783203e-01,0.000000000000000000e+00
8.615664839744567871e-01,-3.290281593799591064e-01,-2.594391405582427979e-01,9.000212550163269043e-01,-3.172493278980255127e-01,-2.988555133342742920e-01,0.000000000000000000e+00
2.263287007808685303e-01,-4.679693281650543213e-01,8.117684721946716309e-01,9.032810479402542114e-02,-4.565060734748840332e-01,8.851231932640075684e-01,0.000000000000000000e+00
2.971378564834594727e-01,6.152898073196411133e-01,6.441134810447692871e-01,3.479380309581756592e-01,6.635968089103698730e-01,6.622525453567504883e-01,0.000000000000000000e+00
-4.103190600872039795e-01,6.765043139457702637e-01,-5.066398978233337402e-01,-3.181349635124206543e-01,7.429044246673583984e-01,-5.889679193496704102e-01,0.000000000000000000e+00
6.477860808372497559e-01,4.287149012088775635e-01,5.559908151626586914e-01,6.064512729644775391e-01,5.048921704292297363e-01,6.142480969429016113e-01,0.000000000000000000e+00
4.544104039669036865e-01,2.289252728223800659e-01,-8.041300773620605469e-01,4.272174835205078125e-01,5.536762475967407227e-01,-7.147921323776245117e-01,0.000000000000000000e+00
-6.513561606407165527e-01,5.920373201370239258e-01,3.435953557491302490e-01,-6.723091602325439453e-01,6.435106396675109863e-01,3.659158945083618164e-01,0.000000000000000000e+00
8.618013262748718262e-01,3.550124466419219971e-01,9.819890558719635010e-02,9.021106958389282227e-01,4.177286326885223389e-01,1.081621423363685608e-01,0.000000000000000000e+00
-1.372476369142532349e-01,7.071747779846191406e-01,-5.865496397018432617e-01,-1.297711879014968872e-01,7.729449272155761719e-01,-6.210600137710571289e-01,0.000000000000000000e+00
5.336856245994567871e-01,-4.717487394809722900e-01,6.474619507789611816e-01,5.280277729034423828e-01,-4.876666963100433350e-01,6.952466368675231934e-01,0.000000000000000000e+00
1.070058569312095642e-01,-2.616392634809017181e-02,-9.338102340698242188e-01,1.152898445725440979e-01,-1.470182090997695923e-02,-9.932230710983276367e-01,0.000000000000000000e+00
2.133596241474151611e-01,3.471745252609252930e-01,8.518111109733581543e-01,2.420815825462341309e-01,3.777164518833160400e-01,8.937151432037353516e-01,0.000000000000000000e+00
5.950903296470642090e-01,6.486425399780273438e-01,3.297655284404754639e-01,4.541515707969665527e-01,6.884081959724426270e-01,5.655444264411926270e-01,0.000000000000000000e+00
-7.286979556083679199e-01,4.109410047531127930e-01,-4.534800350666046143e-01,-7.642844915390014648e-01,5.329050421714782715e-01,-3.631548583507537842e-01,0.000000000000000000e+00
-5.617343783378601074e-01,2.287050038576126099e-01,-7.219899892807006836e-01,-5.411934852600097656e-01,2.542634308338165283e-01,-8.015358448028564453e-01,0.000000000000000000e+00
1.664654165506362915e-01,3.560433685779571533e-01,8.586528301239013672e-01,1.970200240612030029e-01,4.127639234066009521e-01,8.892744779586791992e-01,0.000000000000000000e+00
-8.750542998313903809e-01,-4.022384285926818848e-01,5.186152178794145584e-03,-9.184291362762451172e-01,-3.939578831195831299e-01,-3.584868460893630981e-02,0.000000000000000000e+00
-5.061766505241394043e-01,-7.721499204635620117e-01,-3.254869282245635986e-01,-2.782940566539764404e-01,-8.946756720542907715e-01,-3.494393825531005859e-01,0.000000000000000000e+00
5.738381743431091309e-01,5.722145438194274902e-01,4.718024134635925293e-01,4.878197610378265381e-01,7.897472381591796875e-01,3.719290494918823242e-01,0.000000000000000000e+00
4.737966060638427734e-01,-3.181518912315368652e-01,-7.735687494277954102e-01,5.679746270179748535e-01,-4.662348330020904541e-01,-6.782550215721130371e-01,0.000000000000000000e+00
4.700772464275360107e-01,1.920294016599655151e-01,-8.189002871513366699e-01,5.044326186180114746e-01,3.888268172740936279e-01,-7.709484100341796875e-01,0.000000000000000000e+00
-8.260768651962280273e-01,-3.701294958591461182e-01,3.316417634487152100e-01,-8.752779960632324219e-01,-3.393378555774688721e-01,3.445842266082763672e-01,0.000000000000000000e+00
8.367834240198135376e-02,-1.486616581678390503e-01,-9.276893734931945801e-01,8.816753327846527100e-02,-1.057894676923751831e-01,-9.904721379280090332e-01,0.000000000000000000e+00
-2.490838915109634399e-01,-5.578844994306564331e-02,9.266433715820312500e-01,-2.551820278167724609e-01,-1.868293248116970062e-02,9.667125344276428223e-01,0.000000000000000000e+00
-3.706685900688171387e-01,7.171645760536193848e-02,8.872913718223571777e-01,-3.190249502658843994e-01,8.815740048885345459e-02,9.436373114585876465e-01,0.000000000000000000e+00
-6.515917181968688965e-01,1.051281988620758057e-01,-6.863273978233337402e-01,-6.105141043663024902e-01,1.121994853019714355e-01,-7.840177416801452637e-01,0.000000000000000000e+00
-7.623944878578186035e-01,-5.639392733573913574e-01,-2.044357359409332275e-01,-8.255770206451416016e-01,-5.381236076354980469e-01,-1.698397397994995117e-01,0.000000000000000000e+00
-6.399764418601989746e-01,-1.484172604978084564e-02,-7.058002948760986328e-01,-6.160678863525390625e-01,-5.407776217907667160e-03,-7.876744866371154785e-01,0.000000000000000000e+00
6.427638530731201172e-01,6.081617996096611023e-02,7.085343003273010254e-01,6.571490168571472168e-01,8.417779207229614258e-02,7.490455508232116699e-01,0.000000000000000000e+00
8.310494422912597656e-01,-2.518891096115112305e-01,4.582815766334533691e-01,8.023413419723510742e-01,-4.553055763244628906e-01,3.859342038631439209e-01,0.000000000000000000e+00
1.015109196305274963e-01,3.352384865283966064e-01,-8.659605383872985840e-01,9.777325391769409180e-02,3.940328359603881836e-01,-9.138810038566589355e-01,0.000000000000000000e+00
1.196512505412101746e-01,8.083983659744262695e-01,4.574880003929138184e-01,1.285913586616516113e-01,8.369237184524536133e-01,5.319990515708923340e-01,0.000000000000000000e+00
-8.728211522102355957e-01,-1.769948452711105347e-01,3.610239028930664062e-01,-9.117686152458190918e-01,-2.030777037143707275e-01,3.569838404655456543e-01,0.000000000000000000e+00
2.149189114570617676e-01,8.086808919906616211e-01,-4.027325212955474854e-01,1.938512474298477173e-01,8.793553709983825684e-01,-4.349205195903778076e-01,0.000000000000000000e+00
-2.809143960475921631e-01,2.289022654294967651e-01,-8.563964366912841797e-01,-2.911943495273590088e-01,2.691546082496643066e-01,-9.180204868316650391e-01,0.000000000000000000e+00
5.061441659927368164e-02,7.151429057121276855e-01,-5.865344405174255371e-01,4.512597620487213135e-02,7.719974517822265625e-01,-6.340217590332031250e-01,0.000000000000000000e+00
-4.307130575180053711e-01,6.560997962951660156e-01,-5.179710388183593750e-01,-3.396292328834533691e-01,6.991661787033081055e-01,-6.291412115097045898e-01,0.000000000000000000e+00
5.910810232162475586e-01,4.238848686218261719e-01,-5.904898047447204590e-01,6.421981453895568848e-01,4.295425117015838623e-01,-6.348817348480224609e-01,0.000000000000000000e+00
-3.235968053340911865e-01,8.329137563705444336e-01,3.146959543228149414e-01,-1.985205560922622681e-01,9.263211488723754883e-01,3.201854825019836426e-01,0.000000000000000000e+00
5.810126662254333496e-01,-9.553555399179458618e-02,-7.615438103675842285e-01,6.641316413879394531e-01,1.178890317678451538e-01,-7.382623553276062012e-01,0.000000000000000000e+00
-4.452050924301147461e-01,5.199102163314819336e-01,6.731601357460021973e-01,-5.167783498764038086e-01,3.636018037796020508e-01,7.750702500343322754e-01,0.000000000000000000e+00
-8.491642475128173828e-01,2.225517779588699341e-01,-3.669001162052154541e-01,-8.908752202987670898e-01,2.946081757545471191e-01,-3.457561731338500977e-01,0.000000000000000000e+00
7.157326936721801758e-01,-5.437113046646118164e-01,3.756927251815795898e-01,8.607968688011169434e-01,-4.090326428413391113e-01,3.028548359870910645e-01,0.000000000000000000e+00
-7.881025075912475586e-01,4.252929687500000000e-01,-2.992648184299468994e-01,-8.143493533134460449e-01,4.871869385242462158e-01,-3.154108226299285889e-01,0.000000000000000000e+00
3.097601830959320068e-01,7.540117502212524414e-01,-4.483150839805603027e-01,2.452872991561889648e-01,7.733662128448486328e-01,-5.845842957496643066e-01,0.000000000000000000e+00
7.792747616767883301e-01,-3.598464131355285645e-01,4.765145182609558105e-01,7.150800228118896484e-01,-5.655975937843322754e-01,4.108040034770965576e-01,0.000000000000000000e+00
4.681950211524963379e-01,-8.497713804244995117e-01,-7.770488038659095764e-03,4.971515238285064697e-01,-8.666425347328186035e-01,4.208390042185783386e-02,0.000000000000000000e+00
-3.655448555946350098e-01,-2.316254675388336182e-01,8.683156967163085938e-01,-3.284053504467010498e-01,-2.102564871311187744e-01,9.208377599716186523e-01,0.000000000000000000e+00
2.488747239112854004e-01,-5.801050662994384766e-01,-7.261884212493896484e-01,2.348379343748092651e-01,-5.380584597587585449e-01,-8.095333576202392578e-01,0.000000000000000000e+00
-6.126552224159240723e-01,6.144492626190185547e-01,-3.893328607082366943e-01,-7.016248703002929688e-01,6.425752043724060059e-01,-3.079279363155364990e-01,0.000000000000000000e+00
4.813708961009979248e-01,-7.723842263221740723e-01,2.889395356178283691e-01,4.786591827869415283e-01,-7.898514270782470703e-01,3.834320306777954102e-01,0.000000000000000000e+00
8.254036307334899902e-01,-2.092913389205932617e-01,-4.281065762042999268e-01,8.783258199691772461e-01,-1.693257093429565430e-01,-4.470710754394531250e-01,0.000000000000000000e+00
7.298784255981445312e-01,-1.920393854379653931e-01,5.978095531463623047e-01,6.857729554176330566e-01,7.619664818048477173e-02,7.238159775733947754e-01,0.000000000000000000e+00
9.855666756629943848e-02,2.618863582611083984e-01,-8.920570611953735352e-01,8.289249241352081299e-02,2.713851630687713623e-01,-9.588946104049682617e-01,0.000000000000000000e+00
5.071451663970947266e-01,-7.594814896583557129e-01,3.060649931430816650e-01,3.568987250328063965e-01,-9.336316585540771484e-01,3.090732730925083160e-02,0.000000000000000000e+00
-5.225825309753417969e-01,7.807003259658813477e-01,-1.890301108360290527e-01,-6.835536360740661621e-01,7.187675237655639648e-01,-1.269948035478591919e-01,0.000000000000000000e+00
6.379948258399963379e-01,6.342087388038635254e-01,2.880044877529144287e-01,7.475553750991821289e-01,6.269773840904235840e-01,2.192267626523971558e-01,0.000000000000000000e+00
4.061825573444366455e-01,1.304264068603515625e-01,-8.467654585838317871e-01,4.088494181632995605e-01,-9.564122557640075684e-02,-9.075763821601867676e-01,0.000000000000000000e+00
5.320793017745018005e-02,1.970521062612533569e-01,9.288409352302551270e-01,6.952084600925445557e-02,2.302444130182266235e-01,9.706463813781738281e-01,0.000000000000000000e+00
-7.794486284255981445e-01,3.360462486743927002e-01,4.319080114364624023e-01,-8.075792789459228516e-01,4.057695865631103516e-01,4.279798567295074463e-01,0.000000000000000000e+00
1.765315979719161987e-01,1.616357564926147461e-01,-9.066975116729736328e-01,1.391286551952362061e-01,1.818818151950836182e-01,-9.734280705451965332e-01,0.000000000000000000e+00
-6.760963201522827148e-01,4.102880358695983887e-01,-5.271472334861755371e-01,-4.294087588787078857e-01,7.622739076614379883e-01,-4.843000769615173340e-01,0.000000000000000000e+00
-6.356591582298278809e-01,1.668741852045059204e-01,-6.838011741638183594e-01,-6.609471440315246582e-01,2.252388447523117065e-01,-7.158325910568237305e-01,0.000000000000000000e+00
8.941834568977355957e-01,2.455293089151382446e-01,-1.464379876852035522e-01,9.380176663398742676e-01,3.083710372447967529e-01,-1.582093089818954468e-01,0.000000000000000000e+00
5.950813293457031250e-01,-1.111158058047294617e-01,7.482776641845703125e-01,6.153374314308166504e-01,-9.322755038738250732e-02,7.827314138412475586e-01,0.000000000000000000e+00
-3.630995452404022217e-01,-8.801944255828857422e-01,2.281437516212463379e-01,-3.892076313495635986e-01,-8.706638813018798828e-01,3.007687330245971680e-01,0.000000000000000000e+00
-4.202652871608734131e-01,8.258552551269531250e-01,-2.235461622476577759e-01,-2.862872183322906494e-01,9.364441037178039551e-01,2.027610540390014648e-01,0.000000000000000000e+00
6.418288350105285645e-01,2.869642898440361023e-02,-6.933786273002624512e-01,6.173839569091796875e-01,-2.226254157721996307e-02,-7.863468527793884277e-01,0.000000000000000000e+00
8.878608942031860352e-01,-3.642872869968414307e-01,2.664038538932800293e-02,9.313558340072631836e-01,-3.614702522754669189e-01,4.376725479960441589e-02,0.000000000000000000e+00
1.071112826466560364e-01,7.723433971405029297e-01,5.171957612037658691e-01,1.388438344001770020e-01,8.281004428863525391e-01,5.431132316589355469e-01,0.000000000000000000e+00
-9.167162775993347168e-01,2.414368093013763428e-01,7.352394610643386841e-02,-9.597256183624267578e-01,2.636601030826568604e-01,9.700561314821243286e-02,0.000000000000000000e+00
-6.831825971603393555e-01,-1.013362705707550049e-01,6.808323264122009277e-01,-7.830629348754882812e-01,-1.183040291070938110e-01,6.105870604515075684e-01,0.000000000000000000e+00
-4.239419102668762207e-01,-5.931429862976074219e-01,-6.181961297988891602e-01,-4.250782728195190430e-01,-5.686633586883544922e-01,-7.042233347892761230e-01,0.000000000000000000e+00
-8.209904432296752930e-01,6.129261851310729980e-02,-5.120780467987060547e-01,-8.411980271339416504e-01,-3.715200424194335938e-01,-3.928851187229156494e-01,0.000000000000000000e+00
-7.315790057182312012e-01,6.743197143077850342e-02,6.211943030357360840e-01,-7.719046473503112793e-01,1.062517762184143066e-01,6.267964243888854980e-01,0.000000000000000000e+00
9.362439811229705811e-02,8.958563804626464844e-01,-2.322633564472198486e-01,8.158844709396362305e-02,9.678379297256469727e-01,-2.379771173000335693e-01,0.000000000000000000e+00
8.323065042495727539e-01,-1.914523243904113770e-01,-4.209900796413421631e-01,8.906694054603576660e-01,-1.549820601940155029e-01,-4.274208247661590576e-01,0.000000000000000000e+00
-4.369541630148887634e-02,-6.369817256927490234e-01,-7.213467955589294434e-01,1.439478434622287750e-02,-6.988785862922668457e-01,-7.150954604148864746e-01,0.000000000000000000e+00
4.488437473773956299e-01,-5.909849405288696289e-01,-6.369445919990539551e-01,3.376480340957641602e-01,-8.661736845970153809e-01,-3.684249222278594971e-01,0.000000000000000000e+00
-8.491239696741104126e-02,-3.306346237659454346e-01,9.050473570823669434e-01,-9.243041276931762695e-02,-3.311137557029724121e-01,9.390528798103332520e-01,0.000000000000000000e+00
7.950590848922729492e-01,6.517633795738220215e-02,5.443102717399597168e-01,8.242731094360351562e-01,-1.044358536601066589e-01,5.564772486686706543e-01,0.000000000000000000e+00
5.451526641845703125e-01,-6.686646938323974609e-01,-4.491085112094879150e-01,5.897145867347717285e-01,-6.643256545066833496e-01,-4.592473804950714111e-01,0.000000000000000000e+00
6.212926506996154785e-01,4.098503887653350830e-01,5.937495827674865723e-01,5.234476923942565918e-01,4.909354448318481445e-01,6.964085698127746582e-01,0.000000000000000000e+00
-4.641391932964324951e-01,5.237978696823120117e-01,-6.248453259468078613e-01,-4.770911931991577148e-01,5.325270295143127441e-01,-6.991415619850158691e-01,0.000000000000000000e+00
4.341912865638732910e-01,7.946837544441223145e-01,-2.248368263244628906e-01,5.499646067619323730e-01,8.071677684783935547e-01,2.145206630229949951e-01,0.000000000000000000e+00
7.356607317924499512e-01,5.403130054473876953e-01,2.030427008867263794e-01,7.996481060981750488e-01,5.815482139587402344e-01,1.495481282472610474e-01,0.000000000000000000e+00
4.247846007347106934e-01,-8.189603686332702637e-01,3.144816756248474121e-01,5.298462510108947754e-01,-8.456677794456481934e-01,6.410104781389236450e-02,0.000000000000000000e+00
1.136513501405715942e-01,-3.654607832431793213e-01,8.857866525650024414e-01,1.125756129622459412e-01,-3.537140786647796631e-01,9.285542964935302734e-01,0.000000000000000000e+00
-5.594145655632019043e-01,7.156953811645507812e-01,2.511668205261230469e-01,-5.925986170768737793e-01,7.609818577766418457e-01,2.640709578990936279e-01,0.000000000000000000e+00
6.025442481040954590e-01,4.162010252475738525e-01,-5.840930938720703125e-01,6.421981453895568848e-01,4.295425117015838623e-01,-6.348817348480224609e-01,0.000000000000000000e+00
3.444738090038299561e-01,-3.359394967555999756e-01,8.346517682075500488e-01,3.666725158691406250e-01,-3.159268796443939209e-01,8.750665783882141113e-01,0.000000000000000000e+00
1.649723201990127563e-01,3.567167222499847412e-01,-8.486803174018859863e-01,1.291638314723968506e-01,3.992379903793334961e-01,-9.077035188674926758e-01,0.000000000000000000e+00
1.998156160116195679e-01,4.048189818859100342e-01,-8.196343779563903809e-01,1.818240135908126831e-01,4.435809254646301270e-01,-8.775967359542846680e-01,0.000000000000000000e+00
-3.453746140003204346e-01,-4.225267171859741211e-01,8.075174689292907715e-01,-3.279336988925933838e-01,-4.221226572990417480e-01,8.451461195945739746e-01,0.000000000000000000e+00
-2.346699982881546021e-01,5.959270000457763672e-01,7.041820883750915527e-01,-2.016237825155258179e-01,5.482777357101440430e-01,8.116276264190673828e-01,0.000000000000000000e+00
-3.801959007978439331e-02,8.081210255622863770e-01,4.729275107383728027e-01,-3.155358880758285522e-02,8.557374477386474609e-01,5.164473056793212891e-01,0.000000000000000000e+00
-3.573627769947052002e-01,1.493453830480575562e-01,8.844371438026428223e-01,-3.482720851898193359e-01,3.086099401116371155e-02,9.368853569030761719e-01,0.000000000000000000e+00
-7.095703482627868652e-02,-4.979307353496551514e-01,8.309357166290283203e-01,9.616627357900142670e-03,-5.494745373725891113e-01,8.354551196098327637e-01,0.000000000000000000e+00
6.438495516777038574e-01,3.803714215755462646e-01,5.829374194145202637e-01,6.821910142898559570e-01,2.474640123546123505e-02,7.307550907135009766e-01,0.000000000000000000e+00
5.768309831619262695e-01,-5.356770157814025879e-01,5.626684427261352539e-01,5.501794815063476562e-01,-5.551531910896301270e-01,6.237848401069641113e-01,0.000000000000000000e+00
-5.950556397438049316e-01,1.970308721065521240e-01,-7.093972563743591309e-01,-5.912776589393615723e-01,1.604698300361633301e-01,-7.903417944908142090e-01,0.000000000000000000e+00
-1.440028250217437744e-01,8.239841461181640625e-01,4.298081696033477783e-01,-1.957815438508987427e-01,8.922507166862487793e-01,4.068885147571563721e-01,0.000000000000000000e+00
-4.294072836637496948e-02,3.304427862167358398e-01,-8.707464337348937988e-01,-4.325057566165924072e-02,3.874433338642120361e-01,-9.208784103393554688e-01,0.000000000000000000e+00
-7.571869492530822754e-01,3.960766196250915527e-01,-4.104579091072082520e-01,-8.568310737609863281e-01,4.007724821567535400e-01,-3.243793249130249023e-01,0.000000000000000000e+00
1.329034864902496338e-01,8.608766645193099976e-02,9.409986734390258789e-01,1.396972984075546265e-01,1.372182369232177734e-01,9.806405305862426758e-01,0.000000000000000000e+00
6.430954337120056152e-01,4.779250025749206543e-01,4.979010522365570068e-01,7.777058482170104980e-01,2.239220440387725830e-01,5.873947143554687500e-01,0.000000000000000000e+00
6.409808993339538574e-01,-5.490927100181579590e-01,-4.714198112487792969e-01,7.174076437950134277e-01,-5.159991979598999023e-01,-4.680503010749816895e-01,0.000000000000000000e+00
4.407613575458526611e-01,-7.151896953582763672e-01,4.745787978172302246e-01,1.232586130499839783e-01,-7.650810480117797852e-01,6.320271492004394531e-01,0.000000000000000000e+00
1.159671843051910400e-01,7.120788097381591797e-01,5.955252647399902344e-01,1.090584769845008850e-01,7.715179324150085449e-01,6.267905235290527344e-01,0.000000000000000000e+00
-3.587327897548675537e-01,-5.928292870521545410e-02,8.936457037925720215e-01,-3.061803877353668213e-01,-1.409619813784956932e-03,9.519724845886230469e-01,0.000000000000000000e+00
-7.779215574264526367e-01,4.317052960395812988e-01,3.282724916934967041e-01,-8.104677200317382812e-01,4.781141877174377441e-01,3.384507000446319580e-01,0.000000000000000000e+00
2.991161346435546875e-01,-8.575793504714965820e-01,-3.659233748912811279e-01,8.222761005163192749e-02,-9.889231920242309570e-01,-1.235697716474533081e-01,0.000000000000000000e+00
-4.589577019214630127e-01,4.648019671440124512e-01,7.162945866584777832e-01,-3.013671636581420898e-01,6.430865526199340820e-01,7.040010690689086914e-01,0.000000000000000000e+00
-5.962351337075233459e-03,-9.578608870506286621e-01,2.030212730169296265e-01,-3.591656219214200974e-03,-9.885795712471008301e-01,1.506568789482116699e-01,0.000000000000000000e+00
-4.162788987159729004e-01,3.900288641452789307e-01,7.807947397232055664e-01,-4.734737873077392578e-01,-1.966798007488250732e-01,8.585683703422546387e-01,0.000000000000000000e+00
-7.863330245018005371e-01,-3.129251599311828613e-01,4.642132520675659180e-01,-8.402745127677917480e-01,-2.932097613811492920e-01,4.560337662696838379e-01,0.000000000000000000e+00
1.036756560206413269e-01,9.012585282325744629e-01,-2.039920538663864136e-01,1.070887371897697449e-01,9.697008132934570312e-01,-2.195730507373809814e-01,0.000000000000000000e+00
7.594452798366546631e-02,-1.045905426144599915e-01,-9.330320954322814941e-01,7.606969773769378662e-02,-1.064188852906227112e-01,-9.914072751998901367e-01,0.000000000000000000e+00
7.672792673110961914e-01,5.278960466384887695e-01,-3.370855934917926788e-03,8.279429674148559570e-01,5.607239007949829102e-01,-9.955620393157005310e-03,0.000000000000000000e+00
-2.659243158996105194e-02,-9.600179195404052734e-01,1.884371340274810791e-01,-2.249546349048614502e-03,-9.877914786338806152e-01,1.557655781507492065e-01,0.000000000000000000e+00
-7.741014659404754639e-02,6.991971731185913086e-01,-6.051980257034301758e-01,-8.331859856843948364e-02,7.507711052894592285e-01,-6.552867889404296875e-01,0.000000000000000000e+00
2.956526577472686768e-01,8.700987100601196289e-01,-1.556337326765060425e-01,2.622045874595642090e-01,9.428925514221191406e-01,-2.054323107004165649e-01,0.000000000000000000e+00
-7.062841057777404785e-01,-3.842276930809020996e-01,5.488641262054443359e-01,-7.949727177619934082e-01,-3.086085915565490723e-01,5.222826004028320312e-01,0.000000000000000000e+00
-4.115435481071472168e-01,7.978160381317138672e-01,3.243406414985656738e-01,-4.343408644199371338e-01,7.817573547363281250e-01,4.474410116672515869e-01,0.000000000000000000e+00
8.555938601493835449e-01,3.692599833011627197e-01,-7.630735635757446289e-02,8.939948081970214844e-01,4.434880912303924561e-01,-6.396567076444625854e-02,0.000000000000000000e+00
3.147436976432800293e-01,-2.690518200397491455e-01,-8.591574430465698242e-01,2.861979007720947266e-01,-2.837138473987579346e-01,-9.152033925056457520e-01,0.000000000000000000e+00
8.108359575271606445e-02,4.577050358057022095e-02,-9.344217181205749512e-01,7.144758105278015137e-02,5.818786472082138062e-02,-9.957456588745117188e-01,0.000000000000000000e+00
7.198145985603332520e-01,-5.656635761260986328e-01,3.314857184886932373e-01,8.445338010787963867e-01,-4.890741407871246338e-01,2.181036025285720825e-01,0.000000000000000000e+00
-8.041132688522338867e-01,-1.560113299638032913e-02,5.289729237556457520e-01,-8.339559435844421387e-01,-3.028055280447006226e-02,5.509995818138122559e-01,0.000000000000000000e+00
-2.336044907569885254e-01,1.796982735395431519e-01,9.087413549423217773e-01,-1.848320960998535156e-01,2.547131180763244629e-01,9.491882324218750000e-01,0.000000000000000000e+00
-1.693735420703887939e-01,9.032279253005981445e-01,2.195673137903213501e-01,-3.765259310603141785e-02,9.605967402458190918e-01,2.753836512565612793e-01,0.000000000000000000e+00
3.335923254489898682e-01,-8.529486656188964844e-01,2.945841252803802490e-01,5.698276162147521973e-01,-7.979501485824584961e-01,1.963976472616195679e-01,0.000000000000000000e+00
5.972086191177368164e-01,-7.504555583000183105e-01,8.950892090797424316e-02,6.401877999305725098e-01,-7.601799964904785156e-01,1.108418181538581848e-01,0.000000000000000000e+00
2.089700847864151001e-01,-6.930871009826660156e-01,6.325352787971496582e-01,2.925766408443450928e-01,-7.144416570663452148e-01,6.355879306793212891e-01,0.000000000000000000e+00
8.815395236015319824e-01,-5.714633315801620483e-02,-3.426738381385803223e-01,9.226619601249694824e-01,-2.186157554388046265e-02,-3.849895298480987549e-01,0.000000000000000000e+00
6.985709667205810547e-01,-2.551629543304443359e-01,-6.031160950660705566e-01,7.400714159011840820e-01,-2.260241806507110596e-01,-6.334093213081359863e-01,0.000000000000000000e+00
2.112932354211807251e-01,-7.347707748413085938e-01,5.847308635711669922e-01,2.934308350086212158e-01,-7.123221755027770996e-01,6.375699639320373535e-01,0.000000000000000000e+00
3.551835715770721436e-01,-3.446968197822570801e-01,8.270024657249450684e-01,3.666725158691406250e-01,-3.159268796443939209e-01,8.750665783882141113e-01,0.000000000000000000e+00
-9.004709869623184204e-02,8.328163027763366699e-01,-4.068809747695922852e-01,-1.243570894002914429e-01,8.887590169906616211e-01,-4.411833584308624268e-01,0.000000000000000000e+00
9.178862571716308594e-01,2.042390257120132446e-01,-1.325379684567451477e-02,9.734345078468322754e-01,2.287361472845077515e-01,1.024883426725864410e-02,0.000000000000000000e+00
-1.134518533945083618e-02,-5.709980130195617676e-01,7.853478789329528809e-01,9.689088910818099976e-02,-5.208115577697753906e-01,8.481553196907043457e-01,0.000000000000000000e+00
-3.653423488140106201e-01,8.862268924713134766e-01,3.714953735470771790e-02,1.161061376333236694e-01,9.809412956237792969e-01,1.557995229959487915e-01,0.000000000000000000e+00
1.873688697814941406e-01,-9.278489947319030762e-01,-2.466247975826263428e-01,2.030636221170425415e-01,-9.553939104080200195e-01,-2.144472301006317139e-01,0.000000000000000000e+00
-1.163778603076934814e-01,9.045298695564270020e-01,2.267595380544662476e-01,-8.707582950592041016e-02,9.629342555999755859e-01,2.552947700023651123e-01,0.000000000000000000e+00
-8.960435390472412109e-01,3.069185316562652588e-01,-3.866827487945556641e-02,-9.405560493469238281e-01,3.390768766403198242e-01,-1.952280849218368530e-02,0.000000000000000000e+00
-2.425245493650436401e-01,3.908901214599609375e-01,8.356705904006958008e-01,-1.784514784812927246e-01,3.755377531051635742e-01,9.094649553298950195e-01,0.000000000000000000e+00
2.712987661361694336e-01,4.912924766540527344e-01,-7.481138706207275391e-01,2.132958620786666870e-01,5.580323934555053711e-01,-8.019381165504455566e-01,0.000000000000000000e+00
1.501818597316741943e-01,1.945988535881042480e-01,-9.038596153259277344e-01,1.290256679058074951e-01,2.154304236173629761e-01,-9.679576754570007324e-01,0.000000000000000000e+00
-2.762894332408905029e-01,1.207863986492156982e-01,9.101510643959045410e-01,-2.516007125377655029e-01,1.103908866643905640e-01,9.615148901939392090e-01,0.000000000000000000e+00
-5.206129550933837891e-01,-8.090962767601013184e-01,-1.304948478937149048e-01,-5.226321220397949219e-01,-8.446175456047058105e-01,-1.160898581147193909e-01,0.000000000000000000e+00
-4.727295041084289551e-02,5.222337245941162109e-01,7.881075739860534668e-01,-2.730722725391387939e-02,5.693383216857910156e-01,8.216496706008911133e-01,0.000000000000000000e+00
-9.436451196670532227e-01,-1.234972476959228516e-01,-1.049689352512359619e-01,-9.854667186737060547e-01,-1.215179711580276489e-01,-1.186959594488143921e-01,0.000000000000000000e+00
6.840698122978210449e-01,-3.790583312511444092e-01,5.732648372650146484e-01,4.804012775421142578e-01,-7.133702039718627930e-01,5.102132558822631836e-01,0.000000000000000000e+00
5.292094945907592773e-01,7.493522763252258301e-01,-2.031609565019607544e-01,5.769810676574707031e-01,6.834187507629394531e-01,-4.472490251064300537e-01,0.000000000000000000e+00
3.767896592617034912e-01,3.389743864536285400e-01,7.969391942024230957e-01,4.041661918163299561e-01,3.992627263069152832e-01,8.229452967643737793e-01,0.000000000000000000e+00
-5.827878713607788086e-01,-7.651562094688415527e-01,1.685287058353424072e-01,-5.926257967948913574e-01,-7.913681268692016602e-01,1.501035690307617188e-01,0.000000000000000000e+00
3.735371232032775879e-01,-5.221453905105590820e-01,7.167667746543884277e-01,4.841015636920928955e-01,-5.993487834930419922e-01,6.375160217285156250e-01,0.000000000000000000e+00
-2.339187860488891602e-01,3.514760434627532959e-01,8.536341190338134766e-01,-1.784514784812927246e-01,3.755377531051635742e-01,9.094649553298950195e-01,0.000000000000000000e+00
-6.192789673805236816e-01,5.615249872207641602e-01,-4.477384686470031738e-01,-7.523757219314575195e-01,4.990162551403045654e-01,-4.300158023834228516e-01,0.000000000000000000e+00
9.784548729658126831e-02,9.209944009780883789e-01,1.264978498220443726e-01,1.493384689092636108e-01,9.767974019050598145e-01,1.535086184740066528e-01,0.000000000000000000e+00
-6.100476980209350586e-01,-3.600998520851135254e-01,6.852679252624511719e-01,-7.165673971176147461e-01,-2.866204380989074707e-01,6.359086632728576660e-01,0.000000000000000000e+00
3.008732199668884277e-01,6.216154694557189941e-01,-6.266891956329345703e-01,1.812187433242797852e-01,6.422290205955505371e-01,-7.447829842567443848e-01,0.000000000000000000e+00
-8.761358261108398438e-01,3.431044816970825195e-01,1.068274974822998047e-01,-9.197041392326354980e-01,3.813628554344177246e-01,9.330942481756210327e-02,0.000000000000000000e+00
8.064335584640502930e-01,-5.247921347618103027e-01,4.986698180437088013e-02,8.317872285842895508e-01,-5.514677762985229492e-01,6.335047632455825806e-02,0.000000000000000000e+00
6.435007452964782715e-01,3.801969289779663086e-01,5.832689404487609863e-01,6.821910142898559570e-01,2.474640123546123505e-02,7.307550907135009766e-01,0.000000000000000000e+00
-4.994506537914276123e-01,-7.536615729331970215e-01,-3.918167948722839355e-01,-2.085554599761962891e-01,-9.430572986602783203e-01,-2.591285109519958496e-01,0.000000000000000000e+00
-2.937156856060028076e-01,-9.287844896316528320e-01,-8.694098889827728271e-02,-3.140466213226318359e-01,-9.412754178047180176e-01,-1.239972636103630066e-01,0.000000000000000000e+00
-2.991524040699005127e-01,-9.290477633476257324e-01,-4.606609418988227844e-02,-3.168704211711883545e-01,-9.474893212318420410e-01,4.309433698654174805e-02,0.000000000000000000e+00
-1.200713366270065308e-01,9.274047613143920898e-01,1.838384009897708893e-02,-8.659199625253677368e-02,9.959086775779724121e-01,-2.584121190011501312e-02,0.000000000000000000e+00
1.271545588970184326e-01,-9.119434356689453125e-01,3.604083955287933350e-01,-4.566156119108200073e-02,-9.130038022994995117e-01,4.053875803947448730e-01,0.000000000000000000e+00
-7.904455065727233887e-02,4.253482520580291748e-01,-8.231657147407531738e-01,-9.540520608425140381e-02,4.638343751430511475e-01,-8.807698488235473633e-01,0.000000000000000000e+00
-1.903776973485946655e-01,-4.098369479179382324e-01,-8.330820798873901367e-01,-2.078874856233596802e-01,-3.918418586254119873e-01,-8.962380886077880859e-01,0.000000000000000000e+00
-8.410678505897521973e-01,-1.687837243080139160e-01,-4.585570394992828369e-01,-6.934215426445007324e-01,-6.325552463531494141e-01,-3.450223803520202637e-01,0.000000000000000000e+00
7.702764272689819336e-01,5.204829573631286621e-01,-5.541440099477767944e-02,8.372597098350524902e-01,5.427137017250061035e-01,-6.676824390888214111e-02,0.000000000000000000e+00
1.808491908013820648e-02,-1.285301744937896729e-01,-9.336866140365600586e-01,8.553122170269489288e-03,-1.235092207789421082e-01,-9.923065900802612305e-01,0.000000000000000000e+00
7.287911772727966309e-01,-4.199249669909477234e-02,-6.029723286628723145e-01,7.866887450218200684e-01,6.029605865478515625e-03,-6.173203587532043457e-01,0.000000000000000000e+00
-3.747467100620269775e-01,-8.801252841949462891e-01,-1.824743300676345825e-01,-4.236319065093994141e-01,-8.902845978736877441e-01,-1.671206653118133545e-01,0.000000000000000000e+00
9.138776659965515137e-01,-1.585691720247268677e-01,2.400467395782470703e-01,9.646338224411010742e-01,-1.262034177780151367e-01,2.314179837703704834e-01,0.000000000000000000e+00
7.473880052566528320e-01,3.649425804615020752e-01,4.660607278347015381e-01,7.897975444793701172e-01,4.889269471168518066e-01,3.703650236129760742e-01,0.000000000000000000e+00
7.089296579360961914e-01,5.870053768157958984e-01,1.493258923292160034e-01,7.711455821990966797e-01,6.214625835418701172e-01,1.382705718278884888e-01,0.000000000000000000e+00
-2.742283344268798828e-01,-7.735701203346252441e-01,-5.170268416404724121e-01,-2.975670099258422852e-01,-7.908492088317871094e-01,-5.348003506660461426e-01,0.000000000000000000e+00
-2.131524980068206787e-01,-9.424932599067687988e-01,-1.478179544210433960e-01,-2.451044619083404541e-01,-9.569749236106872559e-01,-1.553150564432144165e-01,0.000000000000000000e+00
-1.963953524827957153e-01,-8.958175778388977051e-01,-3.603330254554748535e-01,-1.203611940145492554e-01,-8.710252046585083008e-01,-4.762648642063140869e-01,0.000000000000000000e+00
-8.948230743408203125e-01,2.806704640388488770e-01,1.493202447891235352e-01,-9.348824024200439453e-01,3.235183358192443848e-01,1.460505872964859009e-01,0.000000000000000000e+00
-8.861452937126159668e-01,1.313572097569704056e-02,-3.629109263420104980e-01,-9.093900322914123535e-01,9.087493270635604858e-02,-4.058959484100341797e-01,0.000000000000000000e+00
2.154241204261779785e-01,3.432447314262390137e-01,8.529127836227416992e-01,2.420815825462341309e-01,3.777164518833160400e-01,8.937151432037353516e-01,0.000000000000000000e+00
-1.458842158317565918e-01,-8.950097560882568359e-01,-3.691776692867279053e-01,-5.231612920761108398e-02,-8.759896755218505859e-01,-4.794842600822448730e-01,0.000000000000000000e+00
-5.303372144699096680e-01,1.906962096691131592e-01,7.875264286994934082e-01,-6.507306694984436035e-01,2.829698026180267334e-01,7.046117186546325684e-01,0.000000000000000000e+00
5.274277329444885254e-01,-6.779314875602722168e-01,4.337188303470611572e-01,2.521469593048095703e-01,-8.230229020118713379e-01,5.089746713638305664e-01,0.000000000000000000e+00
1.167749390006065369e-01,1.984507590532302856e-01,-9.070136547088623047e-01,9.630884230136871338e-02,2.253277450799942017e-01,-9.695112109184265137e-01,0.000000000000000000e+00
3.209785521030426025e-01,-3.455503880977630615e-01,8.406555056571960449e-01,3.118370473384857178e-01,-3.073157668113708496e-01,8.990632295608520508e-01,0.000000000000000000e+00
4.061655104160308838e-01,-6.795035004615783691e-01,-5.743912458419799805e-01,3.557955920696258545e-01,-9.126706719398498535e-01,-2.011013180017471313e-01,0.000000000000000000e+00
-4.548410475254058838e-01,-5.826731920242309570e-01,-6.071827411651611328e-01,-4.377577602863311768e-01,-5.733746886253356934e-01,-6.925384998321533203e-01,0.000000000000000000e+00
-8.695055842399597168e-01,2.570795714855194092e-01,-2.798228859901428223e-01,-9.020339250564575195e-01,3.225179612636566162e-01,-2.869092822074890137e-01,0.000000000000000000e+00
6.128918528556823730e-01,-7.036440968513488770e-01,-2.628324925899505615e-01,6.719432473182678223e-01,-6.871967315673828125e-01,-2.761392295360565186e-01,0.000000000000000000e+00
2.423628419637680054e-01,4.282777905464172363e-01,-7.976613640785217285e-01,1.727427393198013306e-01,5.141500830650329590e-01,-8.401247859001159668e-01,0.000000000000000000e+00
-8.860815167427062988e-01,-3.490472137928009033e-01,1.467798352241516113e-01,-9.324020147323608398e-01,-3.311511278152465820e-01,1.447944790124893188e-01,0.000000000000000000e+00
8.417457938194274902e-01,3.078766763210296631e-01,2.853245437145233154e-01,8.805272579193115234e-01,3.864092230796813965e-01,2.745171487331390381e-01,0.000000000000000000e+00
-2.713101208209991455e-01,9.087818264961242676e-01,-4.640006273984909058e-02,-1.428737044334411621e-01,9.873435497283935547e-01,6.884653121232986450e-02,0.000000000000000000e+00
-3.862322270870208740e-01,2.328617572784423828e-01,-8.159742951393127441e-01,-3.779293596744537354e-01,2.474242597818374634e-01,-8.921606540679931641e-01,0.000000000000000000e+00
7.482356429100036621e-01,-1.936755925416946411e-01,-5.593260526657104492e-01,7.822506427764892578e-01,-1.324982047080993652e-01,-6.087102293968200684e-01,0.000000000000000000e+00
-8.120487332344055176e-01,1.337173283100128174e-01,4.873123168945312500e-01,-8.595083355903625488e-01,1.840112507343292236e-01,4.768493175506591797e-01,0.000000000000000000e+00
-4.843109846115112305e-01,3.182312250137329102e-01,-7.376409173011779785e-01,-4.957858920097351074e-01,3.595659136772155762e-01,-7.905116677284240723e-01,0.000000000000000000e+00
5.234826803207397461e-01,6.841627955436706543e-01,-3.796881437301635742e-01,6.671184897422790527e-01,6.360487937927246094e-01,-3.878077864646911621e-01,0.000000000000000000e+00
2.897463142871856689e-01,7.193065285682678223e-01,-5.183050632476806641e-01,2.245702147483825684e-01,7.760856151580810547e-01,-5.892871022224426270e-01,0.000000000000000000e+00
-6.217720508575439453e-01,3.082138001918792725e-01,-6.376271843910217285e-01,-5.025544166564941406e-01,3.054454326629638672e-01,-8.087905049324035645e-01,0.000000000000000000e+00
-1.462667286396026611e-01,4.020698666572570801e-01,8.469690084457397461e-01,-1.171537712216377258e-01,4.040305912494659424e-01,9.072123765945434570e-01,0.000000000000000000e+00
1.485314965248107910e-01,6.863247752189636230e-01,6.192113757133483887e-01,1.426185518503189087e-01,7.596539855003356934e-01,6.344964504241943359e-01,0.000000000000000000e+00
-5.469937324523925781e-01,-8.514125645160675049e-02,8.023691177368164062e-01,-4.211814999580383301e-01,4.117019176483154297e-01,8.081507682800292969e-01,0.000000000000000000e+00
-2.850440144538879395e-02,-2.194709479808807373e-01,9.378089308738708496e-01,-3.843410313129425049e-02,-1.882591247558593750e-01,9.813670516014099121e-01,0.000000000000000000e+00
-8.076106905937194824e-01,-1.832303218543529510e-02,5.235298871994018555e-01,-8.339559435844421387e-01,-3.028055280447006226e-02,5.509995818138122559e-01,0.000000000000000000e+00
-9.932199120521545410e-02,-5.801989436149597168e-01,7.752583622932434082e-01,-1.089196093380451202e-02,-5.099485516548156738e-01,8.601359724998474121e-01,0.000000000000000000e+00
3.781557381153106689e-01,-8.082859516143798828e-01,4.126944541931152344e-01,1.863797456026077271e-01,-7.648847699165344238e-01,6.166148781776428223e-01,0.000000000000000000e+00
3.576403558254241943e-01,1.568930149078369141e-01,-8.657556176185607910e-01,2.590930461883544922e-01,7.547766715288162231e-02,-9.628987312316894531e-01,0.000000000000000000e+00
2.987369149923324585e-02,9.323093295097351074e-01,1.725024729967117310e-02,3.795102611184120178e-02,9.985988140106201172e-01,-3.687975928187370300e-02,0.000000000000000000e+00
-5.860531926155090332e-01,-7.426548600196838379e-01,-2.368045300245285034e-01,-6.841235756874084473e-01,-7.119372487068176270e-01,-1.584937274456024170e-01,0.000000000000000000e+00
8.845291137695312500e-01,1.251667886972427368e-01,-2.960505783557891846e-01,9.269680380821228027e-01,1.425741612911224365e-01,-3.469911515712738037e-01,0.000000000000000000e+00
-7.886072248220443726e-02,8.007878661155700684e-01,4.812425076961517334e-01,-5.577762424945831299e-02,8.658033013343811035e-01,4.972660243511199951e-01,0.000000000000000000e+00
1.659060418605804443e-01,-8.234507441520690918e-01,-4.983135759830474854e-01,1.795630156993865967e-01,-9.692167639732360840e-01,-1.684518754482269287e-01,0.000000000000000000e+00
4.800767004489898682e-01,5.193861126899719238e-01,6.187969446182250977e-01,5.025597810745239258e-01,5.519472360610961914e-01,6.654230952262878418e-01,0.000000000000000000e+00
3.261565566062927246e-01,5.805265903472900391e-01,6.622233986854553223e-01,3.494157195091247559e-01,6.386649608612060547e-01,6.855769157409667969e-01,0.000000000000000000e+00
4.626081585884094238e-01,6.728701591491699219e-01,4.600794911384582520e-01,4.753834605216979980e-01,7.370608448982238770e-01,4.803663790225982666e-01,0.000000000000000000e+00
-9.051359295845031738e-01,-4.049288108944892883e-02,3.091042637825012207e-01,-9.592081904411315918e-01,-7.439811248332262039e-03,2.826026678085327148e-01,0.000000000000000000e+00
4.248035252094268799e-01,-3.828276991844177246e-01,7.768325209617614746e-01,4.618701040744781494e-01,-4.038554728031158447e-01,7.896687388420104980e-01,0.000000000000000000e+00
4.820973575115203857e-01,2.831871509552001953e-01,-7.742064595222473145e-01,4.799205362796783447e-01,-8.573843166232109070e-03,-8.772700428962707520e-01,0.000000000000000000e+00
5.873473882675170898e-01,6.006767749786376953e-01,-4.064550995826721191e-01,6.295506954193115234e-01,6.592540144920349121e-01,-4.111569225788116455e-01,0.000000000000000000e+00
2.168300896883010864e-01,-8.195354342460632324e-01,-5.044132471084594727e-01,1.540485620498657227e-01,-9.344398379325866699e-01,-3.210783004760742188e-01,0.000000000000000000e+00
-7.632149457931518555e-01,5.181755423545837402e-01,-1.938836574554443359e-01,-7.989994287490844727e-01,5.711597204208374023e-01,-1.880862861871719360e-01,0.000000000000000000e+00
1.916381716728210449e-01,8.322603702545166016e-01,-3.653493523597717285e-01,1.753837168216705322e-01,8.860127925872802734e-01,-4.292106926441192627e-01,0.000000000000000000e+00
-6.536004543304443359e-01,-7.182933092117309570e-01,4.981441423296928406e-02,-6.801123023033142090e-01,-7.313334345817565918e-01,5.097742006182670593e-02,0.000000000000000000e+00
-8.473247289657592773e-01,6.621620059013366699e-02,4.394015073776245117e-01,-8.976178765296936035e-01,8.288097381591796875e-02,4.329121112823486328e-01,0.000000000000000000e+00
3.753679692745208740e-01,-8.225408792495727539e-01,3.883020281791687012e-01,1.781034320592880249e-01,-9.553614854812622070e-01,2.357192784547805786e-01,0.000000000000000000e+00
6.002466678619384766e-01,1.770407259464263916e-01,-7.092818021774291992e-01,6.979023218154907227e-01,1.302113682031631470e-01,-7.042565941810607910e-01,0.000000000000000000e+00
7.998226881027221680e-01,4.715109169483184814e-01,9.213643521070480347e-02,8.383756875991821289e-01,5.396602153778076172e-01,7.676620781421661377e-02,0.000000000000000000e+00
-4.085234701633453369e-01,-6.791802048683166504e-01,5.965556502342224121e-01,-4.080111682415008545e-01,-8.496209383010864258e-01,3.341722786426544189e-01,0.000000000000000000e+00
3.858410418033599854e-01,2.861617505550384521e-01,8.158576488494873047e-01,4.090382158756256104e-01,3.350961506366729736e-01,8.487628102302551270e-01,0.000000000000000000e+00
-3.744930326938629150e-01,-3.727470040321350098e-01,-7.874434590339660645e-01,-3.930969536304473877e-01,-4.643053114414215088e-01,-7.936594486236572266e-01,0.000000000000000000e+00
-9.032277464866638184e-01,-8.800306916236877441e-02,-3.260344564914703369e-01,-9.684389829635620117e-01,1.810645498335361481e-02,-2.485921680927276611e-01,0.000000000000000000e+00
9.493341669440269470e-03,7.110191583633422852e-01,-5.939642190933227539e-01,1.608144678175449371e-02,7.486751079559326172e-01,-6.627419590950012207e-01,0.000000000000000000e+00
-2.816171851009130478e-03,5.728405117988586426e-01,7.492504119873046875e-01,3.562911599874496460e-02,6.323762536048889160e-01,7.738416194915771484e-01,0.000000000000000000e+00
6.777436137199401855e-01,5.065854787826538086e-01,4.350370168685913086e-01,7.702597379684448242e-01,4.246314764022827148e-01,4.758025407791137695e-01,0.000000000000000000e+00
-3.153294622898101807e-01,5.666601061820983887e-01,-6.669374108314514160e-01,-3.194223344326019287e-01,6.197383403778076172e-01,-7.168638110160827637e-01,0.000000000000000000e+00
-2.086855173110961914e-01,9.012985229492187500e-01,-1.518216282129287720e-01,-1.361991018056869507e-01,9.749727845191955566e-01,-1.757210940122604370e-01,0.000000000000000000e+00
-5.188935995101928711e-01,-9.164205938577651978e-02,-7.895310521125793457e-01,-5.057280063629150391e-01,-1.054619848728179932e-01,-8.562225103378295898e-01,0.000000000000000000e+00
-4.507631361484527588e-01,6.167091727256774902e-01,-5.435681939125061035e-01,-4.037521481513977051e-01,8.005144596099853516e-01,-4.429004490375518799e-01,0.000000000000000000e+00
7.845956087112426758e-02,-8.225669860839843750e-01,-5.327860116958618164e-01,-2.372646145522594452e-02,-8.011384010314941406e-01,-5.980085730552673340e-01,0.000000000000000000e+00
-3.557517230510711670e-01,8.114879131317138672e-01,-3.247593045234680176e-01,-4.632406532764434814e-01,5.622979402542114258e-01,-6.850029826164245605e-01,0.000000000000000000e+00
-4.286994338035583496e-01,-5.689500570297241211e-01,6.908527016639709473e-01,-1.900387555360794067e-01,-7.681852579116821289e-01,6.113728284835815430e-01,0.000000000000000000e+00
8.158871531486511230e-01,2.272797822952270508e-01,-4.015504419803619385e-01,8.536324501037597656e-01,2.635282576084136963e-01,-4.492933750152587891e-01,0.000000000000000000e+00
-5.960466265678405762e-01,8.256607502698898315e-02,-7.321985363960266113e-01,-5.864579677581787109e-01,1.167810484766960144e-01,-8.015168309211730957e-01,0.000000000000000000e+00
-5.854564905166625977e-02,-6.150884628295898438e-01,7.522658705711364746e-01,-2.911079674959182739e-02,-6.321292519569396973e-01,7.743159532546997070e-01,0.000000000000000000e+00
-3.037616237998008728e-02,7.669762969017028809e-01,5.382236838340759277e-01,-4.084734246134757996e-02,8.326529860496520996e-01,5.522865653038024902e-01,0.000000000000000000e+00
7.178116440773010254e-01,7.192750461399555206e-03,-6.141904592514038086e-01,7.771173119544982910e-01,3.831199184060096741e-02,-6.281885504722595215e-01,0.000000000000000000e+00
-5.116997361183166504e-01,-2.225610911846160889e-01,8.100420832633972168e-01,-3.944623470306396484e-01,1.715593785047531128e-01,9.027551412582397461e-01,0.000000000000000000e+00
-8.224359750747680664e-01,-4.210565686225891113e-01,-2.766225039958953857e-01,-8.928946256637573242e-01,-2.918543815612792969e-01,-3.428705632686614990e-01,0.000000000000000000e+00
6.665847897529602051e-01,6.667556613683700562e-02,-6.648875474929809570e-01,7.135556936264038086e-01,7.246965914964675903e-02,-6.968403458595275879e-01,0.000000000000000000e+00
2.570357918739318848e-01,-9.109113812446594238e-01,-2.441710233688354492e-01,2.525692582130432129e-01,-9.386904239654541016e-01,-2.346679419279098511e-01,0.000000000000000000e+00
-3.975015282630920410e-01,-8.437120318412780762e-01,-3.005198836326599121e-01,-2.453606128692626953e-01,-9.560132026672363281e-01,-1.607386171817779541e-01,0.000000000000000000e+00
-3.074110150337219238e-01,-7.403407990932464600e-02,-8.871000409126281738e-01,-2.735745608806610107e-01,-3.668769821524620056e-02,-9.611508846282958984e-01,0.000000000000000000e+00
5.422072410583496094e-01,-1.914371848106384277e-01,7.718117833137512207e-01,5.709170699119567871e-01,-1.788917183876037598e-01,8.012810945510864258e-01,0.000000000000000000e+00
7.626944184303283691e-01,-5.023123025894165039e-01,-3.068804144859313965e-01,7.865307927131652832e-01,-5.194814205169677734e-01,-3.339287638664245605e-01,0.000000000000000000e+00
3.607949987053871155e-02,2.089479714632034302e-01,9.267097711563110352e-01,2.463694475591182709e-02,2.505758404731750488e-01,9.677834510803222656e-01,0.000000000000000000e+00
8.052545785903930664e-01,-1.104588359594345093e-01,5.321393013000488281e-01,9.025213718414306641e-01,1.534104794263839722e-01,4.023933708667755127e-01,0.000000000000000000e+00
-9.069165587425231934e-01,1.011163666844367981e-01,-2.800259292125701904e-01,-9.453824758529663086e-01,1.283897012472152710e-01,-2.996132373809814453e-01,0.000000000000000000e+00
-3.488808572292327881e-01,1.672954857349395752e-01,-8.481050729751586914e-01,-3.439733386039733887e-01,2.035756856203079224e-01,-9.166456460952758789e-01,0.000000000000000000e+00
-4.101749062538146973e-01,-8.808543086051940918e-01,5.330437328666448593e-03,-4.633855223655700684e-01,-8.861531615257263184e-01,-2.529534045606851578e-03,0.000000000000000000e+00
5.954972468316555023e-03,-8.439259976148605347e-02,-9.376468658447265625e-01,2.878521569073200226e-02,-6.438227742910385132e-02,-9.975100755691528320e-01,0.000000000000000000e+00
-7.381677627563476562e-02,1.364694684743881226e-01,9.402441978454589844e-01,-9.356907010078430176e-02,1.652159690856933594e-01,9.818087816238403320e-01,0.000000000000000000e+00
8.929436653852462769e-02,-4.648219645023345947e-01,8.432470560073852539e-01,4.944746941328048706e-02,-4.839797019958496094e-01,8.736810684204101562e-01,0.000000000000000000e+00
2.785862982273101807e-01,-2.271095812320709229e-01,-8.800646662712097168e-01,2.142931371927261353e-01,-2.203801274299621582e-01,-9.515834450721740723e-01,0.000000000000000000e+00
7.865689396858215332e-01,-2.672236263751983643e-01,-4.717862904071807861e-01,8.297559618949890137e-01,-2.761161923408508301e-01,-4.850411713123321533e-01,0.000000000000000000e+00
-9.044709205627441406e-01,4.087265208363533020e-02,3.029886782169342041e-01,-9.539285898208618164e-01,7.446380704641342163e-02,2.906465232372283936e-01,0.000000000000000000e+00
-4.531374275684356689e-01,-5.268124938011169434e-01,-6.524789333343505859e-01,-4.619585573673248291e-01,-5.282126665115356445e-01,-7.124505043029785156e-01,0.000000000000000000e+00
-2.784570455551147461e-01,8.536291718482971191e-01,-2.701023221015930176e-01,-2.116033732891082764e-01,9.384655952453613281e-01,-2.729585766792297363e-01,0.000000000000000000e+00
6.388288140296936035e-01,-3.790836036205291748e-01,6.191329360008239746e-01,6.393077969551086426e-01,-4.203026890754699707e-01,6.439185738563537598e-01,0.000000000000000000e+00
4.324910044670104980e-01,-3.783265054225921631e-01,7.746182680130004883e-01,4.726266264915466309e-01,-3.731893002986907959e-01,7.983444333076477051e-01,0.000000000000000000e+00
1.548061519861221313e-01,-9.495929479598999023e-01,1.409896165132522583e-01,2.328884452581405640e-01,-9.674054980278015137e-01,9.944640845060348511e-02,0.000000000000000000e+00
6.823150515556335449e-01,5.658118724822998047e-01,-2.844941318035125732e-01,7.437002062797546387e-01,6.031277179718017578e-01,-2.883521616458892822e-01,0.000000000000000000e+00
7.182562351226806641e-01,5.936552882194519043e-01,-1.688832044601440430e-02,7.844095826148986816e-01,6.202431917190551758e-01,4.349707523942925036e-05,0.000000000000000000e+00
2.365680187940597534e-01,-4.230585396289825439e-01,-8.202865123748779297e-01,2.026683092117309570e-01,-4.321157634258270264e-01,-8.787499666213989258e-01,0.000000000000000000e+00
-2.273339480161666870e-01,-7.680671215057373047e-01,-5.445078015327453613e-01,-2.476507276296615601e-01,-7.533715963363647461e-01,-6.091800332069396973e-01,0.000000000000000000e+00
-9.126413464546203613e-01,1.678448915481567383e-01,2.172006368637084961e-01,-9.549739956855773926e-01,2.105785608291625977e-01,2.090007811784744263e-01,0.000000000000000000e+00
-9.263385087251663208e-02,4.147498309612274170e-01,-8.271474242210388184e-01,-1.283718198537826538e-01,4.217210710048675537e-01,-8.975923657417297363e-01,0.000000000000000000e+00
-8.301779031753540039e-01,1.265205144882202148e-01,-4.721412360668182373e-01,-8.092979192733764648e-01,2.899647355079650879e-01,-5.108398199081420898e-01,0.000000000000000000e+00
-6.092594265937805176e-01,-7.363381385803222656e-01,1.960452795028686523e-01,-6.574686169624328613e-01,-7.349129319190979004e-01,1.662469506263732910e-01,0.000000000000000000e+00
-6.634136438369750977e-01,-5.817618370056152344e-01,4.139241576194763184e-01,-7.224363088607788086e-01,-5.690439343452453613e-01,3.927782773971557617e-01,0.000000000000000000e+00
-7.746859788894653320e-01,-1.134591475129127502e-01,5.607958436012268066e-01,-8.212469220161437988e-01,-8.384945243597030640e-02,5.643781423568725586e-01,0.000000000000000000e+00
9.146567434072494507e-02,-9.497309923171997070e-01,2.067548632621765137e-01,1.372607350349426270e-01,-9.738019704818725586e-01,1.812986582517623901e-01,0.000000000000000000e+00
4.758236408233642578e-01,-8.419786691665649414e-01,-1.060192286968231201e-01,5.140847563743591309e-01,-8.548008203506469727e-01,-7.093907892704010010e-02,0.000000000000000000e+00
4.063983857631683350e-01,7.298520207405090332e-01,4.221782386302947998e-01,4.133903980255126953e-01,7.868298292160034180e-01,4.582653939723968506e-01,0.000000000000000000e+00
-6.591319441795349121e-01,6.694512963294982910e-01,5.417831987142562866e-02,-7.019426822662353516e-01,7.115159034729003906e-01,3.196148201823234558e-02,0.000000000000000000e+00
-6.067143678665161133e-01,7.120190858840942383e-01,-1.092577204108238220e-01,-6.755484342575073242e-01,7.263273000717163086e-01,-1.268187612295150757e-01,0.000000000000000000e+00
8.436533808708190918e-01,3.131429553031921387e-01,2.715747654438018799e-01,8.826543688774108887e-01,3.884924054145812988e-01,2.645655870437622070e-01,0.000000000000000000e+00
4.931634664535522461e-01,6.281878948211669922e-01,-5.106494426727294922e-01,7.367137670516967773e-01,4.607212543487548828e-01,-4.949633777141571045e-01,0.000000000000000000e+00
-9.308447837829589844e-01,-2.690610103309154510e-02,-2.179993391036987305e-01,-9.772877097129821777e-01,-1.900026015937328339e-02,-2.110632061958312988e-01,0.000000000000000000e+00
-2.790724039077758789e-01,-8.838005661964416504e-01,3.367150723934173584e-01,-3.491151630878448486e-01,-8.816508650779724121e-01,3.175065517425537109e-01,0.000000000000000000e+00
-3.398695215582847595e-02,6.553152799606323242e-01,6.738397479057312012e-01,-4.660981241613626480e-03,7.292868494987487793e-01,6.841921806335449219e-01,0.000000000000000000e+00
-1.720425486564636230e-01,8.484200835227966309e-01,3.728170096874237061e-01,-7.623484730720520020e-02,9.022091627120971680e-01,4.245077669620513916e-01,0.000000000000000000e+00
-4.591987431049346924e-01,-5.154179334640502930e-01,-6.569966673851013184e-01,-4.619585573673248291e-01,-5.282126665115356445e-01,-7.124505043029785156e-01,0.000000000000000000e+00
-9.109506383538246155e-03,-9.750206470489501953e-01,9.256871044635772705e-02,4.174885153770446777e-02,-9.984908103942871094e-01,3.568137064576148987e-02,0.000000000000000000e+00
-2.884593009948730469e-01,-6.116156578063964844e-01,-6.800751090049743652e-01,-3.124049305915832520e-01,-6.661624908447265625e-01,-6.772227883338928223e-01,0.000000000000000000e+00
3.618950545787811279e-01,8.645507693290710449e-01,2.297801710665225983e-02,3.311151564121246338e-01,9.273102283477783203e-01,1.745237261056900024e-01,0.000000000000000000e+00
-2.761721238493919373e-02,-2.367372512817382812e-01,-9.138147830963134766e-01,-2.443657815456390381e-02,-2.381734102964401245e-01,-9.709151983261108398e-01,0.000000000000000000e+00
-1.369101554155349731e-01,-6.764586567878723145e-01,-6.708650588989257812e-01,-1.430408954620361328e-01,-6.584230661392211914e-01,-7.389305233955383301e-01,0.000000000000000000e+00
-3.498731851577758789e-01,7.812077552080154419e-02,-8.639006614685058594e-01,-3.384206593036651611e-01,1.098184809088706970e-01,-9.345648288726806641e-01,0.000000000000000000e+00
3.004786074161529541e-01,-9.270281195640563965e-01,-3.196321427822113037e-02,3.043744266033172607e-01,-9.517773985862731934e-01,-3.841928020119667053e-02,0.000000000000000000e+00
-1.873062551021575928e-01,-7.559615373611450195e-01,6.056473255157470703e-01,2.827631309628486633e-03,-7.478873729705810547e-01,6.638196706771850586e-01,0.000000000000000000e+00
-4.127369225025177002e-01,-8.648986220359802246e-01,-1.672712713479995728e-01,-4.365874230861663818e-01,-8.889170289039611816e-01,-1.386288702487945557e-01,0.000000000000000000e+00
-4.683583080768585205e-01,-5.054888725280761719e-01,7.074405550956726074e-01,-3.866392374038696289e-01,-9.592585265636444092e-02,9.172286391258239746e-01,0.000000000000000000e+00
7.987675070762634277e-01,-4.329445958137512207e-01,-3.162209391593933105e-01,8.365973234176635742e-01,-4.521053135395050049e-01,-3.093633651733398438e-01,0.000000000000000000e+00
4.065103828907012939e-01,-8.827614188194274902e-01,2.676403149962425232e-03,4.538257718086242676e-01,-8.898662924766540527e-01,4.669186100363731384e-02,0.000000000000000000e+00
5.083664655685424805e-01,-3.357448875904083252e-01,7.473484277725219727e-01,5.253279805183410645e-01,-3.460135459899902344e-01,7.773706316947937012e-01,0.000000000000000000e+00
3.005451261997222900e-01,-1.862561404705047607e-01,-8.816584348678588867e-01,2.790326774120330811e-01,-1.824941933155059814e-01,-9.427813291549682617e-01,0.000000000000000000e+00
-3.421116471290588379e-01,-8.037514090538024902e-01,4.828025102615356445e-01,-6.531261801719665527e-01,-6.472004055976867676e-01,3.931383788585662842e-01,0.000000000000000000e+00
-1.441341787576675415e-01,7.269278168678283691e-01,5.844107270240783691e-01,-4.883925989270210266e-02,7.820355296134948730e-01,6.213172674179077148e-01,0.000000000000000000e+00
3.211828470230102539e-01,-3.498906493186950684e-01,-8.296849727630615234e-01,2.884640395641326904e-01,-3.254945278167724609e-01,-9.004675745964050293e-01,0.000000000000000000e+00
-3.736129999160766602e-01,5.151699781417846680e-01,-6.823523044586181641e-01,-3.335421085357666016e-01,5.873237252235412598e-01,-7.374283075332641602e-01,0.000000000000000000e+00
4.157714247703552246e-01,6.763649582862854004e-01,-5.077336430549621582e-01,4.993017315864562988e-01,3.188343048095703125e-01,-8.056316971778869629e-01,0.000000000000000000e+00
-9.296588301658630371e-01,-1.868651956319808960e-01,1.435408890247344971e-01,-9.828534126281738281e-01,-1.515551507472991943e-01,1.050250232219696045e-01,0.000000000000000000e+00
-6.382840275764465332e-01,-6.148951649665832520e-01,-3.933116495609283447e-01,-5.150121450424194336e-01,-7.990502119064331055e-01,-3.102921247482299805e-01,0.000000000000000000e+00
-9.000496268272399902e-01,2.303488254547119141e-01,2.042274922132492065e-01,-9.381986260414123535e-01,2.794314920902252197e-01,2.042091935873031616e-01,0.000000000000000000e+00
-3.167117834091186523e-01,-9.247325658798217773e-01,3.639513626694679260e-02,-3.995540142059326172e-01,-9.163687229156494141e-01,-2.499929256737232208e-02,0.000000000000000000e+00
8.777825832366943359e-01,-3.146315813064575195e-01,2.266429960727691650e-01,9.279466271400451660e-01,-3.086004555225372314e-01,2.089996635913848877e-01,0.000000000000000000e+00
1.911981701850891113e-01,4.561744928359985352e-01,-7.922732234001159668e-01,1.834591031074523926e-01,5.427400469779968262e-01,-8.196194171905517578e-01,0.000000000000000000e+00
-4.833399057388305664e-01,6.973473429679870605e-01,-4.063107669353485107e-01,-4.920014142990112305e-01,8.704424500465393066e-01,-1.626340113580226898e-02,0.000000000000000000e+00
2.673699259757995605e-01,-3.110420107841491699e-01,-8.594231009483337402e-01,2.348065674304962158e-01,-3.142229020595550537e-01,-9.198531508445739746e-01,0.000000000000000000e+00
6.822856068611145020e-01,6.336150169372558594e-01,5.459564179182052612e-02,7.495011091232299805e-01,6.596372723579406738e-01,5.591702461242675781e-02,0.000000000000000000e+00
-8.263847231864929199e-01,-1.918810307979583740e-01,-4.510058462619781494e-01,-6.971351504325866699e-01,-4.397300183773040771e-01,-5.662508606910705566e-01,0.000000000000000000e+00
-8.084284514188766479e-02,-9.154825806617736816e-01,3.767005205154418945e-01,8.468375355005264282e-02,-9.697045087814331055e-01,2.291327267885208130e-01,0.000000000000000000e+00
-5.919703245162963867e-01,6.259914040565490723e-01,-3.999693393707275391e-01,-4.413771331310272217e-01,8.155993819236755371e-01,-3.741441369056701660e-01,0.000000000000000000e+00
6.104480028152465820e-01,-3.644113242626190186e-01,6.539871096611022949e-01,6.241860389709472656e-01,-3.828617334365844727e-01,6.810349822044372559e-01,0.000000000000000000e+00
-2.766276597976684570e-01,-2.739522159099578857e-01,-8.619204759597778320e-01,-2.794660329818725586e-01,-2.775643765926361084e-01,-9.191609025001525879e-01,0.000000000000000000e+00
-3.373514413833618164e-01,-1.344794929027557373e-01,-8.706493973731994629e-01,-3.370806276798248291e-01,-1.335381865501403809e-01,-9.319571852684020996e-01,0.000000000000000000e+00
-2.578352391719818115e-01,-5.303563475608825684e-01,-7.522341012954711914e-01,-1.750002652406692505e-01,-5.374546647071838379e-01,-8.249347805976867676e-01,0.000000000000000000e+00
1.541268825531005859e-01,8.964484333992004395e-01,2.136235535144805908e-01,1.814298927783966064e-01,9.653840661048889160e-01,1.873947083950042725e-01,0.000000000000000000e+00
-8.308559656143188477e-01,-3.845707178115844727e-01,-2.932177782058715820e-01,-7.317286133766174316e-01,-6.024483442306518555e-01,-3.187933564186096191e-01,0.000000000000000000e+00
-3.228408694267272949e-01,6.631780266761779785e-01,-5.680943131446838379e-01,-3.095406293869018555e-01,7.020711898803710938e-01,-6.413116455078125000e-01,0.000000000000000000e+00
-3.402386605739593506e-01,-8.029625415802001953e-01,4.857474565505981445e-01,-5.021158456802368164e-01,-6.941845417022705078e-01,5.157397389411926270e-01,0.000000000000000000e+00
4.096519351005554199e-01,7.137247920036315918e-01,4.466671645641326904e-01,4.300222992897033691e-01,7.781196236610412598e-01,4.578325152397155762e-01,0.000000000000000000e+00
5.237092971801757812e-01,3.888966739177703857e-01,6.814724802970886230e-01,5.220630764961242676e-01,4.492983520030975342e-01,7.249697446823120117e-01,0.000000000000000000e+00
1.476485729217529297e-01,9.176745414733886719e-01,8.346679061651229858e-02,2.046239078044891357e-01,9.758608937263488770e-01,7.631895691156387329e-02,0.000000000000000000e+00
1.113423779606819153e-01,5.521246194839477539e-01,7.553921341896057129e-01,1.428083330392837524e-01,6.040956377983093262e-01,7.840116620063781738e-01,0.000000000000000000e+00
-4.142552018165588379e-01,-8.535484671592712402e-01,2.417231649160385132e-01,-3.931132555007934570e-01,-8.869946002960205078e-01,2.422861605882644653e-01,0.000000000000000000e+00
-1.264154464006423950e-01,1.119514256715774536e-01,9.392296075820922852e-01,-1.250622868537902832e-01,1.311638653278350830e-01,9.834406375885009766e-01,0.000000000000000000e+00
7.426250576972961426e-01,-9.218438714742660522e-02,-5.847746729850769043e-01,8.024107217788696289e-01,-5.008251219987869263e-02,-5.946669578552246094e-01,0.000000000000000000e+00
-6.053358316421508789e-01,-8.354477584362030029e-02,7.676743268966674805e-01,-6.750087141990661621e-01,7.607519626617431641e-02,7.338772416114807129e-01,0.000000000000000000e+00
1.347123235464096069e-01,7.776411175727844238e-01,-4.862415492534637451e-01,1.255727708339691162e-01,8.304485678672790527e-01,-5.427583456039428711e-01,0.000000000000000000e+00
-7.455015778541564941e-01,-5.907967686653137207e-01,1.908981651067733765e-01,-7.951779365539550781e-01,-5.782170295715332031e-01,1.826394647359848022e-01,0.000000000000000000e+00
6.171344518661499023e-01,-7.376807183027267456e-02,7.337831258773803711e-01,6.342312693595886230e-01,-3.480933606624603271e-02,7.723593711853027344e-01,0.000000000000000000e+00
-3.855104744434356689e-01,-8.926632404327392578e-01,2.818109840154647827e-02,-3.938274383544921875e-01,-9.189444184303283691e-01,-2.100300975143909454e-02,0.000000000000000000e+00
-1.162043809890747070e-01,1.908942908048629761e-01,9.245352149009704590e-01,-1.489835828542709351e-01,2.462518364191055298e-01,9.576867818832397461e-01,0.000000000000000000e+00
-6.161124110221862793e-01,3.482746183872222900e-01,6.432939171791076660e-01,-6.704628467559814453e-01,3.729217946529388428e-01,6.414116621017456055e-01,0.000000000000000000e+00
-5.959297418594360352e-01,-6.489153504371643066e-01,-4.303643703460693359e-01,-6.991556286811828613e-01,-4.719445705413818359e-01,-5.370751619338989258e-01,0.000000000000000000e+00
9.040775299072265625e-01,-2.939201518893241882e-02,3.025062978267669678e-01,9.567688107490539551e-01,4.722003359347581863e-04,2.908491492271423340e-01,0.000000000000000000e+00
1.289166659116744995e-01,5.069230794906616211e-01,-7.709552049636840820e-01,1.513283252716064453e-01,5.889416933059692383e-01,-7.938812375068664551e-01,0.000000000000000000e+00
5.231490135192871094e-01,7.666078805923461914e-01,1.305872052907943726e-01,2.653608620166778564e-01,9.594441652297973633e-01,-9.513416886329650879e-02,0.000000000000000000e+00
6.909763813018798828e-01,6.246460080146789551e-01,4.391115531325340271e-02,7.495011091232299805e-01,6.596372723579406738e-01,5.591702461242675781e-02,0.000000000000000000e+00
3.055803179740905762e-01,-7.953562736511230469e-01,-4.898198843002319336e-01,3.746400177478790283e-01,-6.432980298995971680e-01,-6.676919460296630859e-01,0.000000000000000000e+00
-4.366414546966552734e-01,8.242279291152954102e-01,-2.179408371448516846e-01,3.603374212980270386e-02,9.993484020233154297e-01,-2.092588692903518677e-03,0.000000000000000000e+00
-3.323257863521575928e-01,-7.568538784980773926e-01,5.422486066818237305e-01,-3.793830275535583496e-01,-5.885847806930541992e-01,7.138882875442504883e-01,0.000000000000000000e+00
-3.209126293659210205e-01,-9.130244255065917969e-01,1.585398614406585693e-01,-4.112909436225891113e-01,-8.696210980415344238e-01,2.731279134750366211e-01,0.000000000000000000e+00
-7.142050862312316895e-01,2.781469225883483887e-01,5.702452063560485840e-01,-7.336997985839843750e-01,3.361791074275970459e-01,5.904813408851623535e-01,0.000000000000000000e+00
3.738171458244323730e-01,-5.436522364616394043e-01,6.960011124610900879e-01,4.834883809089660645e-01,-6.091094613075256348e-01,6.286689639091491699e-01,0.000000000000000000e+00
4.523092210292816162e-01,-1.969174295663833618e-01,8.272308707237243652e-01,4.850122034549713135e-01,-1.842122673988342285e-01,8.548853993415832520e-01,0.000000000000000000e+00
3.931620121002197266e-01,-3.765739202499389648e-01,7.963759899139404297e-01,4.136497676372528076e-01,-3.477957248687744141e-01,8.413869738578796387e-01,0.000000000000000000e+00
7.431961894035339355e-01,-3.050489723682403564e-01,5.429979562759399414e-01,8.050833940505981445e-01,-2.287460863590240479e-01,5.472805500030517578e-01,0.000000000000000000e+00
-5.439810752868652344e-01,-7.529957294464111328e-01,-3.445037901401519775e-01,-5.979649424552917480e-01,-7.328841090202331543e-01,-3.245286643505096436e-01,0.000000000000000000e+00
2.158675044775009155e-01,9.035376310348510742e-01,-6.257119029760360718e-02,2.214660197496414185e-01,9.734042286872863770e-01,-5.862634256482124329e-02,0.000000000000000000e+00
7.362449765205383301e-01,4.748102724552154541e-01,-3.166753947734832764e-01,7.890862822532653809e-01,5.071077942848205566e-01,-3.466764092445373535e-01,0.000000000000000000e+00
-1.038166582584381104e-01,8.924300670623779297e-01,-2.477477043867111206e-01,-1.057560220360755920e-01,9.503277540206909180e-01,-2.927333712577819824e-01,0.000000000000000000e+00
-3.710147440433502197e-01,-3.225809633731842041e-01,-8.112301826477050781e-01,-3.929281532764434814e-01,-3.206038773059844971e-01,-8.618704080581665039e-01,0.000000000000000000e+00
2.017396315932273865e-02,-5.583180189132690430e-01,-7.761645317077636719e-01,-6.132083479315042496e-03,-5.328516960144042969e-01,-8.461864590644836426e-01,0.000000000000000000e+00
-7.215599417686462402e-01,-5.986612439155578613e-01,-2.675886154174804688e-01,-5.952935218811035156e-01,-8.015413284301757812e-01,-5.618882179260253906e-02,0.000000000000000000e+00
-3.304904997348785400e-01,6.329206228256225586e-01,6.445206403732299805e-01,-2.944713532924652100e-01,7.423248887062072754e-01,6.018640995025634766e-01,0.000000000000000000e+00
1.587497442960739136e-01,9.024613499641418457e-01,-1.572550684213638306e-01,1.679719984531402588e-01,9.703894257545471191e-01,-1.735792756080627441e-01,0.000000000000000000e+00
-1.513396054506301880e-01,-7.293333411216735840e-01,-6.144672632217407227e-01,-1.730577945709228516e-01,-7.295379042625427246e-01,-6.616837978363037109e-01,0.000000000000000000e+00
-2.516239285469055176e-01,-1.446372121572494507e-01,-8.964180350303649902e-01,-2.486699521541595459e-01,-1.419419646263122559e-01,-9.581313729286193848e-01,0.000000000000000000e+00
9.182277917861938477e-01,-2.723572850227355957e-01,1.421845145523548126e-02,9.663091301918029785e-01,-2.505021095275878906e-01,-5.912133306264877319e-02,0.000000000000000000e+00
-1.786921471357345581e-01,-7.276594638824462891e-02,9.410105347633361816e-01,-1.835357546806335449e-01,-3.870595246553421021e-02,9.822507500648498535e-01,0.000000000000000000e+00
1.902786344289779663e-01,-7.130867242813110352e-01,6.186585426330566406e-01,2.925766408443450928e-01,-7.144416570663452148e-01,6.355879306793212891e-01,0.000000000000000000e+00
9.408417940139770508e-01,-1.622817292809486389e-02,-9.764873236417770386e-02,9.933577179908752441e-01,2.990917861461639404e-02,-1.111120358109474182e-01,0.000000000000000000e+00
-5.585070252418518066e-01,-7.577079534530639648e-01,-2.899939715862274170e-01,-6.177824139595031738e-01,-7.611377239227294922e-01,-1.975202560424804688e-01,0.000000000000000000e+00
-4.810743331909179688e-01,-6.380044221878051758e-01,5.976414680480957031e-01,-5.434455275535583496e-01,-4.400268197059631348e-01,7.148729562759399414e-01,0.000000000000000000e+00
8.384910225868225098e-01,3.873539566993713379e-01,-1.366219967603683472e-01,8.767341375350952148e-01,4.666734635829925537e-01,-1.164179369807243347e-01,0.000000000000000000e+00
-2.602945864200592041e-01,6.570461988449096680e-01,6.423910856246948242e-01,-1.775011122226715088e-01,8.626666665077209473e-01,4.736027717590332031e-01,0.000000000000000000e+00
-3.884207457304000854e-02,-9.081093668937683105e-01,-3.770887851715087891e-01,6.042463332414627075e-02,-8.668541312217712402e-01,-4.948866665363311768e-01,0.000000000000000000e+00
-5.361703038215637207e-01,-7.753500938415527344e-01,2.665765583515167236e-01,-5.778374075889587402e-01,-7.776046395301818848e-01,2.478607147932052612e-01,0.000000000000000000e+00
-6.145976111292839050e-02,-2.722094953060150146e-01,-9.029513597488403320e-01,-7.475254684686660767e-02,-2.858230471611022949e-01,-9.553623795509338379e-01,0.000000000000000000e+00
7.184383869171142578e-01,5.934017896652221680e-01,-2.838199026882648468e-02,7.857806682586669922e-01,6.184734702110290527e-01,-6.265745963901281357e-03,0.000000000000000000e+00
-4.654592275619506836e-01,-4.644426703453063965e-01,-6.882544159889221191e-01,-4.615355134010314941e-01,-4.816358387470245361e-01,-7.449911832809448242e-01,0.000000000000000000e+00
-6.728690862655639648e-01,5.997221469879150391e-01,2.797931432723999023e-01,-7.060732841491699219e-01,6.575112342834472656e-01,2.629439532756805420e-01,0.000000000000000000e+00
-8.955122828483581543e-01,1.976927667856216431e-01,2.569033503532409668e-01,-9.317318201065063477e-01,2.182474285364151001e-01,2.902479767799377441e-01,0.000000000000000000e+00
5.871204137802124023e-01,3.249721229076385498e-01,6.700058579444885254e-01,5.771852731704711914e-01,4.192614555358886719e-01,7.007688879966735840e-01,0.000000000000000000e+00
-7.718828916549682617e-01,3.137442171573638916e-01,-4.660403430461883545e-01,-7.686745524406433105e-01,5.281760692596435547e-01,-3.607900142669677734e-01,0.000000000000000000e+00
5.063303709030151367e-01,7.855743169784545898e-01,-6.949193775653839111e-03,6.658731400966644287e-02,9.721362590789794922e-01,2.247603535652160645e-01,0.000000000000000000e+00
3.897931873798370361e-01,3.205061256885528564e-01,-8.054561614990234375e-01,2.572378516197204590e-01,6.393095254898071289e-01,-7.246461510658264160e-01,0.000000000000000000e+00
9.027252197265625000e-01,1.457497179508209229e-01,-2.253493964672088623e-01,9.473061561584472656e-01,1.712511181831359863e-01,-2.707102894783020020e-01,0.000000000000000000e+00
8.538269996643066406e-01,3.394912481307983398e-01,-1.717294901609420776e-01,8.956416845321655273e-01,3.916749656200408936e-01,-2.107526808977127075e-01,0.000000000000000000e+00
-8.635678291320800781e-01,-4.033938944339752197e-01,1.508512645959854126e-01,-9.038630127906799316e-01,-3.978650271892547607e-01,1.572739034891128540e-01,0.000000000000000000e+00
7.157577872276306152e-01,4.603434801101684570e-01,-3.827262520790100098e-01,7.862462997436523438e-01,4.793789684772491455e-01,-3.898878991603851318e-01,0.000000000000000000e+00
5.033952593803405762e-01,6.695160269737243652e-01,-4.337730705738067627e-01,7.552955746650695801e-01,6.157802939414978027e-01,-2.243729382753372192e-01,0.000000000000000000e+00
-3.075869381427764893e-01,1.651378124952316284e-01,8.953055143356323242e-01,-2.168534100055694580e-01,1.935489177703857422e-01,9.568246603012084961e-01,0.000000000000000000e+00
-2.274138480424880981e-01,-9.097583293914794922e-01,-2.836717069149017334e-01,-4.398177564144134521e-01,-8.920251727104187012e-01,-1.041700690984725952e-01,0.000000000000000000e+00
3.340252116322517395e-02,4.778847694396972656e-01,8.144286870956420898e-01,3.240602463483810425e-02,5.299309492111206055e-01,8.474214076995849609e-01,0.000000000000000000e+00
-5.909694731235504150e-02,5.455408710986375809e-03,-9.371098279953002930e-01,-5.752010643482208252e-02,5.380414426326751709e-02,-9.968934655189514160e-01,0.000000000000000000e+00
-5.461526513099670410e-01,5.592067241668701172e-01,-5.379902124404907227e-01,-6.737039685249328613e-01,4.393382668495178223e-01,-5.942263007164001465e-01,0.000000000000000000e+00
5.127435922622680664e-01,4.052582979202270508e-01,-6.916567087173461914e-01,6.860008835792541504e-01,4.574433267116546631e-01,-5.658165812492370605e-01,0.000000000000000000e+00
-5.526484251022338867e-01,-5.628217458724975586e-01,-5.484296679496765137e-01,-5.543098449707031250e-01,-5.579581260681152344e-01,-6.175948381423950195e-01,0.000000000000000000e+00
1.037648543715476990e-01,-9.401639699935913086e-01,-2.542439997196197510e-01,1.137313470244407654e-01,-9.765245914459228516e-01,-1.829342097043991089e-01,0.000000000000000000e+00
-9.903141856193542480e-02,2.176414132118225098e-01,9.197443723678588867e-01,-1.248565018177032471e-01,2.571745216846466064e-01,9.582651853561401367e-01,0.000000000000000000e+00
-5.833277702331542969e-01,4.790282547473907471e-01,5.815640687942504883e-01,-6.250253319740295410e-01,5.307070016860961914e-01,5.724451541900634766e-01,0.000000000000000000e+00
-4.702727496623992920e-01,7.230066657066345215e-01,-3.831261992454528809e-01,-5.483563542366027832e-01,6.838377714157104492e-01,-4.813224077224731445e-01,0.000000000000000000e+00
7.907026410102844238e-01,3.944486379623413086e-01,-2.990505099296569824e-01,8.252319097518920898e-01,4.614914059638977051e-01,-3.256040215492248535e-01,0.000000000000000000e+00
2.199570536613464355e-01,3.771803379058837891e-01,8.358561396598815918e-01,2.246553301811218262e-01,4.359553456306457520e-01,8.714774250984191895e-01,0.000000000000000000e+00
-5.243507623672485352e-01,1.301146149635314941e-01,-7.711996436119079590e-01,-5.149760246276855469e-01,1.601489037275314331e-01,-8.421116471290588379e-01,0.000000000000000000e+00
-3.676924481987953186e-02,7.314692735671997070e-01,-5.687779784202575684e-01,-1.147545501589775085e-02,7.975610494613647461e-01,-6.031290292739868164e-01,0.000000000000000000e+00
-8.081034421920776367e-01,-8.730541914701461792e-02,-5.147079825401306152e-01,-8.830336928367614746e-01,2.118257135152816772e-01,-4.187855422496795654e-01,0.000000000000000000e+00
-7.606746554374694824e-01,-2.562785744667053223e-01,5.374806523323059082e-01,-8.160849213600158691e-01,-2.206694036722183228e-01,5.341445803642272949e-01,0.000000000000000000e+00
-5.365203619003295898e-01,7.495436072349548340e-01,2.005762457847595215e-01,-5.894694328308105469e-01,7.762122750282287598e-01,2.236521840095520020e-01,0.000000000000000000e+00
8.130904436111450195e-01,-1.304457038640975952e-01,5.237192511558532715e-01,8.873353600502014160e-01,1.928556710481643677e-01,4.188587367534637451e-01,0.000000000000000000e+00
3.543377667665481567e-02,9.154200553894042969e-01,-1.656344234943389893e-01,3.771503269672393799e-02,9.774566888809204102e-01,-2.077402174472808838e-01,0.000000000000000000e+00
3.141715824604034424e-01,-5.231375098228454590e-01,-7.437172532081604004e-01,2.526917755603790283e-01,-5.175496935844421387e-01,-8.174895644187927246e-01,0.000000000000000000e+00
9.120485186576843262e-01,2.162735462188720703e-01,-7.504389435052871704e-02,9.686442017555236816e-01,2.299950271844863892e-01,-9.397163987159729004e-02,0.000000000000000000e+00
-2.680978178977966309e-01,-5.694558024406433105e-01,-7.266324758529663086e-01,-6.774330139160156250e-02,-4.921668469905853271e-01,-8.678609728813171387e-01,0.000000000000000000e+00
-5.636073946952819824e-01,1.804001033306121826e-01,-7.350474596023559570e-01,-5.371845364570617676e-01,2.232463210821151733e-01,-8.133842349052429199e-01,0.000000000000000000e+00
-2.652336061000823975e-01,8.665255308151245117e-01,-2.374418079853057861e-01,-4.201155900955200195e-01,7.687525153160095215e-01,-4.822058081626892090e-01,0.000000000000000000e+00
2.114418894052505493e-01,-7.816677913069725037e-03,-9.174992442131042480e-01,2.032129019498825073e-01,-2.912285923957824707e-02,-9.787013530731201172e-01,0.000000000000000000e+00
4.134801328182220459e-01,3.218908607959747314e-01,7.868252396583557129e-01,4.462178349494934082e-01,3.671241700649261475e-01,8.161553144454956055e-01,0.000000000000000000e+00
9.364858865737915039e-01,1.094428673386573792e-01,1.795492693781852722e-02,9.864156246185302734e-01,1.642682850360870361e-01,-3.841338329948484898e-04,0.000000000000000000e+00
-1.996311545372009277e-01,8.951241970062255859e-01,-1.891278028488159180e-01,-1.349482536315917969e-01,9.648401141166687012e-01,-2.255492657423019409e-01,0.000000000000000000e+00
