6.249810382723808289e-02,1.268691271543502808e-01,1.687853634357452393e-01,6.536608189344406128e-02,7.129713892936706543e-01,6.981397271156311035e-01,0.000000000000000000e+00
7.352427244186401367e-01,-2.138362377882003784e-01,6.966813653707504272e-02,5.209160447120666504e-01,-5.769047737121582031e-01,6.291481256484985352e-01,0.000000000000000000e+00
-7.737994194030761719e-02,-3.730367422103881836e-01,5.911526083946228027e-01,4.815737605094909668e-01,-6.227277517318725586e-01,6.166821122169494629e-01,0.000000000000000000e+00
1.986505389213562012e-01,-4.172632098197937012e-01,6.945802271366119385e-02,5.458175763487815857e-02,-7.089880704879760742e-01,-7.031050920486450195e-01,0.000000000000000000e+00
-4.050104022026062012e-01,-5.917298197746276855e-01,5.093114376068115234e-01,-8.497269749641418457e-01,-3.933803439140319824e-01,3.510212898254394531e-01,0.000000000000000000e+00
-4.907239973545074463e-01,-5.230233073234558105e-01,3.672014474868774414e-01,-8.509472608566284180e-01,-4.151567518711090088e-01,3.217664361000061035e-01,0.000000000000000000e+00
8.318209648132324219e-01,-9.722900390625000000e-02,1.027822270989418030e-01,-3.519628569483757019e-02,-6.787098646163940430e-01,7.335626482963562012e-01,0.000000000000000000e+00
-8.729488849639892578e-01,-1.041475236415863037e-01,-2.452804148197174072e-01,-2.893790602684020996e-01,-8.005962371826171875e-01,-5.246955752372741699e-01,0.000000000000000000e+00
9.384852051734924316e-01,-8.846146613359451294e-02,1.151297800242900848e-02,9.619286656379699707e-01,-1.097147986292839050e-01,2.503116428852081299e-01,0.000000000000000000e+00
-3.645561039447784424e-01,3.799781203269958496e-01,-3.008309602737426758e-01,-5.105927586555480957e-01,6.083651185035705566e-01,-6.076074838638305664e-01,0.000000000000000000e+00
3.368358910083770752e-01,-1.486847270280122757e-02,3.011653125286102295e-01,5.243270471692085266e-02,6.986786723136901855e-01,7.135117053985595703e-01,0.000000000000000000e+00
-2.752262651920318604e-01,-3.460056781768798828e-01,6.200878620147705078e-01,2.518921159207820892e-02,5.188069939613342285e-01,8.545202016830444336e-01,0.000000000000000000e+00
-8.004224300384521484e-02,-1.781237721443176270e-01,4.757814705371856689e-01,-2.355086762690916657e-04,6.634057164192199707e-01,7.482598423957824707e-01,0.000000000000000000e+00
-5.831115245819091797e-01,-4.712329804897308350e-02,3.699873387813568115e-01,-3.303851187229156494e-01,5.058053731918334961e-01,7.968730330467224121e-01,0.000000000000000000e+00
-1.066617742180824280e-01,-4.659629762172698975e-01,5.251147747039794922e-01,4.996143281459808350e-01,-6.011438965797424316e-01,6.237078905105590820e-01,0.000000000000000000e+00
-5.367099642753601074e-01,3.851235806941986084e-01,-1.511475592851638794e-01,-4.785836935043334961e-01,6.443213820457458496e-01,-5.964961051940917969e-01,0.000000000000000000e+00
1.824636906385421753e-01,6.196649745106697083e-02,2.281084060668945312e-01,2.367939800024032593e-02,7.123725414276123047e-01,7.014018893241882324e-01,0.000000000000000000e+00
4.018038511276245117e-02,3.550683856010437012e-01,-6.435854434967041016e-01,-3.897925615310668945e-01,-1.125985905528068542e-01,-9.139930605888366699e-01,0.000000000000000000e+00
-4.343116655945777893e-02,-4.549424052238464355e-01,4.854220151901245117e-01,4.981739521026611328e-01,-6.066446900367736816e-01,6.195198893547058105e-01,0.000000000000000000e+00
-3.943686783313751221e-01,-5.151978731155395508e-01,6.055206656455993652e-01,-8.789615035057067871e-01,-2.944417595863342285e-01,3.751409053802490234e-01,0.000000000000000000e+00
-5.200256127864122391e-03,-4.666254222393035889e-01,4.431048929691314697e-01,4.977258443832397461e-01,-6.087900996208190918e-01,6.177731156349182129e-01,0.000000000000000000e+00
-4.109308421611785889e-01,-6.603311896324157715e-01,3.900293111801147461e-01,-8.477649688720703125e-01,-4.506378173828125000e-01,2.796785235404968262e-01,0.000000000000000000e+00
3.000001311302185059e-01,-3.939191401004791260e-01,2.668901979923248291e-01,5.001944303512573242e-01,-6.177160143852233887e-01,6.068215966224670410e-01,0.000000000000000000e+00
2.776869758963584900e-02,-1.603288054466247559e-01,-1.917825639247894287e-01,5.224852263927459717e-02,-6.774259209632873535e-01,-7.337330579757690430e-01,0.000000000000000000e+00
5.629793405532836914e-01,1.310893893241882324e-01,2.077801227569580078e-01,-1.902407109737396240e-01,6.498690247535705566e-01,7.358523607254028320e-01,0.000000000000000000e+00
4.132067263126373291e-01,7.477447986602783203e-01,-4.128868877887725830e-01,8.524038791656494141e-01,4.867442846298217773e-01,-1.910172998905181885e-01,0.000000000000000000e+00
-5.754154920578002930e-01,-7.324365526437759399e-02,-2.861166596412658691e-01,-6.429469212889671326e-03,-6.471374630928039551e-01,-7.623462080955505371e-01,0.000000000000000000e+00
2.408473938703536987e-01,8.054608851671218872e-02,-3.955037295818328857e-01,5.256759375333786011e-02,-6.764633059501647949e-01,-7.345978617668151855e-01,0.000000000000000000e+00
2.054615765810012817e-01,6.116284132003784180e-01,-2.624431252479553223e-01,-2.608810923993587494e-02,6.446083188056945801e-01,7.640677690505981445e-01,0.000000000000000000e+00
7.051928639411926270e-01,3.570498824119567871e-01,-1.068927496671676636e-01,8.653864264488220215e-01,4.056220054626464844e-01,-2.942399084568023682e-01,0.000000000000000000e+00
-2.409706413745880127e-01,-6.483055353164672852e-01,2.594518065452575684e-01,-6.756999995559453964e-03,-7.658699750900268555e-01,-6.429599523544311523e-01,0.000000000000000000e+00
4.712313115596771240e-01,-2.968620061874389648e-01,-3.047330304980278015e-02,4.946266859769821167e-02,-6.973941922187805176e-01,-7.149788737297058105e-01,0.000000000000000000e+00
3.757242858409881592e-01,-3.001913428306579590e-02,3.173226714134216309e-01,-1.850716210901737213e-02,6.886755228042602539e-01,7.248334288597106934e-01,0.000000000000000000e+00
-3.939937651157379150e-01,-5.870861411094665527e-01,5.504606962203979492e-01,-7.804628014564514160e-01,-6.195256114006042480e-01,8.405818045139312744e-02,0.000000000000000000e+00
-1.604350060224533081e-01,-5.475425720214843750e-02,-2.989849448204040527e-01,3.531233593821525574e-02,-6.649432778358459473e-01,-7.460586428642272949e-01,0.000000000000000000e+00
7.861716151237487793e-01,8.188620209693908691e-02,2.487955540418624878e-01,1.283578723669052124e-01,5.470955371856689453e-01,8.271703124046325684e-01,0.000000000000000000e+00
-2.355644106864929199e-01,-1.325461566448211670e-01,4.474841356277465820e-01,8.370411396026611328e-02,5.785191655158996582e-01,8.113625645637512207e-01,0.000000000000000000e+00
2.271368354558944702e-01,4.793545901775360107e-01,-6.953070163726806641e-01,-4.939623475074768066e-01,6.913830637931823730e-01,-5.272482037544250488e-01,0.000000000000000000e+00
-1.120374500751495361e-01,-6.479827761650085449e-01,2.794497311115264893e-01,7.083782553672790527e-02,-7.245000004768371582e-01,-6.856250762939453125e-01,0.000000000000000000e+00
-5.688208341598510742e-02,2.422135919332504272e-01,-5.515885353088378906e-01,6.104445084929466248e-02,-6.900948882102966309e-01,-7.211397886276245117e-01,0.000000000000000000e+00
-6.921073198318481445e-01,1.157386004924774170e-01,2.113192975521087646e-01,-3.178258240222930908e-02,7.101032733917236328e-01,7.033798694610595703e-01,0.000000000000000000e+00
4.483149051666259766e-01,2.277179248631000519e-02,2.731460630893707275e-01,-8.536525815725326538e-02,6.662656664848327637e-01,7.408123016357421875e-01,0.000000000000000000e+00
7.091021537780761719e-02,6.019753217697143555e-01,-2.772686481475830078e-01,-1.018713638186454773e-01,6.428210735321044922e-01,7.592123150825500488e-01,0.000000000000000000e+00
-8.129575103521347046e-02,-7.073551416397094727e-02,3.829619288444519043e-01,3.433751687407493591e-02,6.862921714782714844e-01,7.265149354934692383e-01,0.000000000000000000e+00
1.325408834964036942e-02,-1.581177264451980591e-01,4.554807543754577637e-01,1.210689311847090721e-03,6.431188583374023438e-01,7.657654285430908203e-01,0.000000000000000000e+00
5.813376903533935547e-01,4.265600740909576416e-01,-3.730362355709075928e-01,8.651170730590820312e-01,4.070724546909332275e-01,-2.930263876914978027e-01,0.000000000000000000e+00
-4.814377427101135254e-01,-4.097195565700531006e-01,5.032151341438293457e-01,-8.692484498023986816e-01,-3.023188710212707520e-01,3.911654651165008545e-01,0.000000000000000000e+00
-7.934767007827758789e-01,7.485914044082164764e-03,-3.178712725639343262e-01,-5.005770325660705566e-01,6.324603557586669922e-01,-5.911146402359008789e-01,0.000000000000000000e+00
3.150937557220458984e-01,3.796314597129821777e-01,-4.431494325399398804e-02,-1.564594358205795288e-01,6.248039603233337402e-01,7.649447321891784668e-01,0.000000000000000000e+00
-6.028983592987060547e-01,-3.939966261386871338e-01,2.276933789253234863e-01,-8.621936440467834473e-01,-3.983831703662872314e-01,3.129104673862457275e-01,0.000000000000000000e+00
-4.724801778793334961e-01,2.315348759293556213e-02,3.080904781818389893e-01,7.911527901887893677e-02,7.020089030265808105e-01,7.077600359916687012e-01,0.000000000000000000e+00
-6.929139494895935059e-01,-2.184023708105087280e-01,-1.587148606777191162e-01,-5.880568921566009521e-02,-6.934280395507812500e-01,-7.181221842765808105e-01,0.000000000000000000e+00
-4.321356415748596191e-01,-4.052964150905609131e-01,6.007408499717712402e-01,-8.247439265251159668e-01,-2.129498422145843506e-01,5.238795280456542969e-01,0.000000000000000000e+00
-1.253104768693447113e-02,4.267039299011230469e-01,-1.341411918401718140e-01,-2.517009386792778969e-03,6.527263522148132324e-01,7.575895786285400391e-01,0.000000000000000000e+00
6.586220264434814453e-01,1.891648620367050171e-01,1.821371614933013916e-01,-1.364308148622512817e-01,5.869911909103393555e-01,7.980150580406188965e-01,0.000000000000000000e+00
-4.253972768783569336e-01,-5.254655331373214722e-02,-3.049284219741821289e-01,-2.304457128047943115e-02,-6.417334079742431641e-01,-7.665815353393554688e-01,0.000000000000000000e+00
3.983594477176666260e-01,4.789886176586151123e-01,-7.433480024337768555e-01,8.490163087844848633e-02,-6.698148250579833984e-01,-7.376583218574523926e-01,0.000000000000000000e+00
4.135152697563171387e-02,-4.541093111038208008e-01,9.153817594051361084e-02,3.662776574492454529e-02,-7.016221284866333008e-01,-7.116072177886962891e-01,0.000000000000000000e+00
-1.855965554714202881e-01,-3.087359964847564697e-01,5.851722359657287598e-01,7.812146097421646118e-02,5.928879380226135254e-01,8.014867305755615234e-01,0.000000000000000000e+00
7.176709771156311035e-01,-2.594007551670074463e-01,-4.990265890955924988e-02,3.707657009363174438e-02,-6.934398412704467773e-01,-7.195599675178527832e-01,0.000000000000000000e+00
-5.695575475692749023e-01,-4.528066217899322510e-01,2.452010214328765869e-01,-8.532347679138183594e-01,-4.210054874420166016e-01,3.078065216541290283e-01,0.000000000000000000e+00
7.879742980003356934e-01,2.581034004688262939e-01,9.753991663455963135e-02,3.831512331962585449e-01,8.002373576164245605e-01,4.613190591335296631e-01,0.000000000000000000e+00
-4.516647458076477051e-01,7.751652505248785019e-03,-3.546589910984039307e-01,-1.543833222240209579e-02,-6.342421770095825195e-01,-7.729802727699279785e-01,0.000000000000000000e+00
3.656502068042755127e-01,1.312634050846099854e-01,1.674981415271759033e-01,-1.272241324186325073e-01,6.454186439514160156e-01,7.531592249870300293e-01,0.000000000000000000e+00
2.630327939987182617e-01,2.576713562011718750e-01,4.544848576188087463e-02,-1.253203153610229492e-01,6.285664439201354980e-01,7.675930261611938477e-01,0.000000000000000000e+00
1.122526451945304871e-01,-2.877997457981109619e-01,5.241468548774719238e-01,4.976741075515747070e-01,-6.229412555694580078e-01,6.035434603691101074e-01,0.000000000000000000e+00
5.974439978599548340e-01,5.185375213623046875e-01,-1.962688118219375610e-01,7.953595519065856934e-01,6.035680174827575684e-01,-5.575706437230110168e-02,0.000000000000000000e+00
4.585951268672943115e-01,-3.082204163074493408e-01,-2.035756595432758331e-02,7.207567244768142700e-02,-7.033774256706237793e-01,-7.071529030799865723e-01,0.000000000000000000e+00
5.457111597061157227e-01,2.694896161556243896e-01,9.395232051610946655e-02,-1.528699994087219238e-01,3.850858509540557861e-01,9.101316928863525391e-01,0.000000000000000000e+00
-3.508192002773284912e-01,3.376899361610412598e-01,-2.261106111109256744e-02,2.237856853753328323e-03,7.360094785690307617e-01,6.769675612449645996e-01,0.000000000000000000e+00
-8.491261005401611328e-01,1.990212500095367432e-01,-8.225685358047485352e-02,-5.094752907752990723e-01,6.419478654861450195e-01,-5.730077624320983887e-01,0.000000000000000000e+00
-2.747300267219543457e-01,-4.920565783977508545e-01,6.352137327194213867e-01,5.139529109001159668e-01,-5.737706422805786133e-01,6.376830339431762695e-01,0.000000000000000000e+00
-3.939424753189086914e-01,-5.779467225074768066e-01,5.700394511222839355e-01,-8.729037642478942871e-01,-3.800481557846069336e-01,3.059451878070831299e-01,0.000000000000000000e+00
5.252032727003097534e-02,-7.027919590473175049e-02,-2.730330228805541992e-01,5.282362177968025208e-02,-6.762953996658325195e-01,-7.347341179847717285e-01,0.000000000000000000e+00
-4.151686429977416992e-01,-2.345130741596221924e-01,5.474729537963867188e-01,-1.070111151784658432e-02,6.582348346710205078e-01,7.527366280555725098e-01,0.000000000000000000e+00
1.946773678064346313e-01,-4.949407279491424561e-01,2.521688044071197510e-01,3.957452774047851562e-01,-6.708918809890747070e-01,6.271281838417053223e-01,0.000000000000000000e+00
-2.468942999839782715e-01,8.247722685337066650e-02,-4.180048406124114990e-01,3.406089963391423225e-03,-6.434031128883361816e-01,-7.655199766159057617e-01,0.000000000000000000e+00
7.230708003044128418e-01,-5.916849896311759949e-02,-2.369132488965988159e-01,3.045212104916572571e-02,-6.624206900596618652e-01,-7.485128641128540039e-01,0.000000000000000000e+00
2.917870283126831055e-01,1.040298640727996826e-01,-4.122914373874664307e-01,7.217425107955932617e-02,-6.688368916511535645e-01,-7.398973703384399414e-01,0.000000000000000000e+00
-7.587805390357971191e-02,1.717876344919204712e-01,1.351135075092315674e-01,6.799491494894027710e-02,7.266119122505187988e-01,6.836752295494079590e-01,0.000000000000000000e+00
6.629500389099121094e-01,-1.964660882949829102e-01,1.519790291786193848e-01,5.826900005340576172e-01,-5.532328486442565918e-01,5.953199267387390137e-01,0.000000000000000000e+00
8.708585053682327271e-02,-1.708620414137840271e-02,3.194000422954559326e-01,6.294350326061248779e-02,7.176810503005981445e-01,6.935214996337890625e-01,0.000000000000000000e+00
3.561768829822540283e-01,4.223233163356781006e-01,-7.000621408224105835e-02,-2.715845704078674316e-01,5.827087163925170898e-01,7.659584879875183105e-01,0.000000000000000000e+00
9.433318972587585449e-01,-1.521365940570831299e-01,-8.198358118534088135e-02,8.746499419212341309e-01,4.007731080055236816e-01,-2.727056443691253662e-01,0.000000000000000000e+00
2.316840887069702148e-01,-2.221481502056121826e-01,-1.200369894504547119e-01,5.356149747967720032e-02,-6.832725405693054199e-01,-7.281962633132934570e-01,0.000000000000000000e+00
6.469761729240417480e-01,-8.444037288427352905e-02,2.813600599765777588e-01,5.594871640205383301e-01,-6.156471371650695801e-01,5.549348592758178711e-01,0.000000000000000000e+00
-6.476844847202301025e-02,3.448078930377960205e-01,-5.856103897094726562e-01,-4.998054206371307373e-01,5.909953117370605469e-01,-6.331816911697387695e-01,0.000000000000000000e+00
-6.362084150314331055e-01,3.309452235698699951e-01,-3.537790477275848389e-02,-5.822545662522315979e-02,7.657374739646911621e-01,6.405122280120849609e-01,0.000000000000000000e+00
2.730395197868347168e-01,-4.229559898376464844e-01,8.098032325506210327e-02,7.100846618413925171e-02,-7.139106988906860352e-01,-6.966270804405212402e-01,0.000000000000000000e+00
3.510712683200836182e-01,6.325380206108093262e-01,-2.543264925479888916e-01,-1.514790356159210205e-01,6.954199075698852539e-01,7.024565339088439941e-01,0.000000000000000000e+00
-1.921080052852630615e-01,9.828148037195205688e-02,2.218357771635055542e-01,4.265236482024192810e-02,7.035793066024780273e-01,7.093355655670166016e-01,0.000000000000000000e+00
-1.316916048526763916e-01,-5.131303332746028900e-03,3.229042589664459229e-01,4.081219434738159180e-02,6.989160776138305664e-01,7.140383124351501465e-01,0.000000000000000000e+00
-2.980060875415802002e-01,3.403784632682800293e-01,-2.591309323906898499e-02,9.542825631797313690e-03,7.362621426582336426e-01,6.766291856765747070e-01,0.000000000000000000e+00
6.413383483886718750e-01,5.558785051107406616e-02,-3.406354188919067383e-01,6.877343356609344482e-02,-6.262353062629699707e-01,-7.765948772430419922e-01,0.000000000000000000e+00
8.925203233957290649e-02,6.694521307945251465e-01,-3.362694978713989258e-01,-7.993718236684799194e-02,6.786765456199645996e-01,7.300741076469421387e-01,0.000000000000000000e+00
-1.323103457689285278e-01,1.093182787299156189e-01,2.062267363071441650e-01,5.600984022021293640e-02,7.212845683097839355e-01,6.903705000877380371e-01,0.000000000000000000e+00
5.094425678253173828e-01,-2.964746654033660889e-01,1.932009458541870117e-01,4.946272969245910645e-01,-6.194432973861694336e-01,6.096178293228149414e-01,0.000000000000000000e+00
6.048830151557922363e-01,1.382220536470413208e-01,-4.142724275588989258e-01,6.948472559452056885e-02,-6.882482171058654785e-01,-7.221400737762451172e-01,0.000000000000000000e+00
2.631539106369018555e-01,-4.516308605670928955e-01,2.383276373147964478e-01,5.002661347389221191e-01,-6.184883713722229004e-01,6.059751510620117188e-01,0.000000000000000000e+00
-3.516490757465362549e-02,3.533636331558227539e-01,-6.160029023885726929e-02,4.719619825482368469e-02,6.996210217475891113e-01,7.129536867141723633e-01,0.000000000000000000e+00
-7.780499458312988281e-01,-1.928454339504241943e-01,-1.712717711925506592e-01,-1.811184734106063843e-01,-7.943102717399597168e-01,-5.798856019973754883e-01,0.000000000000000000e+00
5.522556900978088379e-01,4.589985311031341553e-01,-4.127094149589538574e-01,8.635317683219909668e-01,3.936927020549774170e-01,-3.151490092277526855e-01,0.000000000000000000e+00
6.261047124862670898e-01,3.875390589237213135e-01,-2.968019545078277588e-01,8.547818064689636230e-01,4.116392135620117188e-01,-3.160715699195861816e-01,0.000000000000000000e+00
-1.870272904634475708e-01,-3.706756532192230225e-01,6.289253234863281250e-01,8.617095649242401123e-02,5.544617772102355957e-01,8.277359008789062500e-01,0.000000000000000000e+00
-3.257761299610137939e-01,-5.689170360565185547e-01,1.688915938138961792e-01,1.721592694520950317e-01,-6.537813544273376465e-01,-7.368386387825012207e-01,0.000000000000000000e+00
-1.967700123786926270e-01,-2.036359608173370361e-01,-1.664757430553436279e-01,1.336651109158992767e-02,-6.889436244964599609e-01,-7.246916890144348145e-01,0.000000000000000000e+00
-9.338474869728088379e-01,1.545819789171218872e-01,-4.908409342169761658e-02,-9.974437952041625977e-01,-6.378416717052459717e-02,-3.220872581005096436e-02,0.000000000000000000e+00
-4.129567146301269531e-01,-7.419655472040176392e-02,-2.866409122943878174e-01,-8.203423582017421722e-03,-6.673473119735717773e-01,-7.447014451026916504e-01,0.000000000000000000e+00
7.286148611456155777e-03,1.660582721233367920e-01,1.326652616262435913e-01,7.068891823291778564e-02,7.280858755111694336e-01,6.818314194679260254e-01,0.000000000000000000e+00
-2.099385708570480347e-01,-5.544000267982482910e-01,1.665988862514495850e-01,8.517828583717346191e-02,-7.082531452178955078e-01,-7.008010149002075195e-01,0.000000000000000000e+00
4.498401284217834473e-01,-4.913397878408432007e-02,-2.623133659362792969e-01,5.660921707749366760e-02,-6.590118408203125000e-01,-7.499992251396179199e-01,0.000000000000000000e+00
4.346022605895996094e-01,2.493429630994796753e-01,8.565998077392578125e-02,-1.679937988519668579e-01,6.133321523666381836e-01,7.717524170875549316e-01,0.000000000000000000e+00
2.425828427076339722e-01,4.798599183559417725e-01,-7.091152667999267578e-01,-4.939623475074768066e-01,6.913830637931823730e-01,-5.272482037544250488e-01,0.000000000000000000e+00
-5.113738775253295898e-01,-5.623273253440856934e-01,1.928250491619110107e-01,-4.574337303638458252e-01,-7.338193058967590332e-01,-5.022585391998291016e-01,0.000000000000000000e+00
-1.794158965349197388e-01,-2.277873158454895020e-01,5.236746072769165039e-01,6.018556654453277588e-02,6.110494136810302734e-01,7.893011569976806641e-01,0.000000000000000000e+00
9.783402085304260254e-03,2.578748762607574463e-01,3.500851988792419434e-02,1.098130270838737488e-01,7.992399930953979492e-01,5.908946990966796875e-01,0.000000000000000000e+00
-5.798721313476562500e-01,3.916800320148468018e-01,-1.022079214453697205e-01,-3.465568423271179199e-01,9.180244803428649902e-01,1.926899552345275879e-01,0.000000000000000000e+00
2.643778026103973389e-01,-2.275294959545135498e-01,4.616633653640747070e-01,4.898864030838012695e-01,-6.162155866622924805e-01,6.166762709617614746e-01,0.000000000000000000e+00
-5.418832898139953613e-01,-4.085136577486991882e-03,-3.431800901889801025e-01,-1.435939595103263855e-02,-6.299492716789245605e-01,-7.765035629272460938e-01,0.000000000000000000e+00
1.343769133090972900e-01,-2.740817070007324219e-01,-7.758489996194839478e-02,5.228299275040626526e-02,-6.914380192756652832e-01,-7.205414175987243652e-01,0.000000000000000000e+00
1.523932535201311111e-02,3.687335252761840820e-01,-7.838075608015060425e-02,-2.116014808416366577e-02,6.855332255363464355e-01,7.277337908744812012e-01,0.000000000000000000e+00
-8.513203859329223633e-01,1.306612640619277954e-01,-1.507403105497360229e-01,-4.772560298442840576e-01,6.351504325866699219e-01,-6.072977781295776367e-01,0.000000000000000000e+00
2.719294726848602295e-01,-3.511067330837249756e-01,3.333697617053985596e-01,4.967415034770965576e-01,-6.150867938995361328e-01,6.123039126396179199e-01,0.000000000000000000e+00
-1.753682345151901245e-01,-1.061973124742507935e-01,-2.536752223968505859e-01,2.954813651740550995e-02,-6.684594750404357910e-01,-7.431613802909851074e-01,0.000000000000000000e+00
-1.829898804426193237e-01,-5.149753689765930176e-01,1.300039440393447876e-01,8.325525373220443726e-02,-7.084023952484130859e-01,-7.008813023567199707e-01,0.000000000000000000e+00
-8.941693305969238281e-01,-9.486315399408340454e-02,-2.423534542322158813e-01,-4.696407020092010498e-01,-7.882564663887023926e-01,-3.976044654846191406e-01,0.000000000000000000e+00
-4.415467381477355957e-01,-1.954712271690368652e-01,5.133193731307983398e-01,-2.016213722527027130e-02,6.539927721023559570e-01,7.562320828437805176e-01,0.000000000000000000e+00
-5.382987260818481445e-01,-5.256956815719604492e-01,1.626251041889190674e-01,-4.566234946250915527e-01,-7.624710202217102051e-01,-4.584025740623474121e-01,0.000000000000000000e+00
4.313562214374542236e-01,4.719552695751190186e-01,-9.814907610416412354e-02,-3.631706237792968750e-01,5.533996224403381348e-01,7.495704889297485352e-01,0.000000000000000000e+00
-3.649416863918304443e-01,-7.089971303939819336e-01,3.146955370903015137e-01,-1.555205881595611572e-01,-7.285177111625671387e-01,-6.671396493911743164e-01,0.000000000000000000e+00
-6.301969885826110840e-01,1.589459180831909180e-02,3.077848553657531738e-01,-1.054400205612182617e-01,6.349505186080932617e-01,7.653236389160156250e-01,0.000000000000000000e+00
-2.824263572692871094e-01,-6.730200350284576416e-02,3.895733952522277832e-01,9.354603476822376251e-03,6.311858892440795898e-01,7.755751609802246094e-01,0.000000000000000000e+00
-3.287500739097595215e-01,2.357760667800903320e-01,-4.757958054542541504e-01,-4.780504107475280762e-01,5.540217757225036621e-01,-6.815626621246337891e-01,0.000000000000000000e+00
5.308797582983970642e-02,-4.740875959396362305e-01,3.884676992893218994e-01,4.944108128547668457e-01,-6.141668558120727539e-01,6.151072978973388672e-01,0.000000000000000000e+00
4.680223166942596436e-01,3.352366983890533447e-01,-6.064467430114746094e-01,1.104243099689483643e-01,-6.642941832542419434e-01,-7.392697334289550781e-01,0.000000000000000000e+00
-7.825755327939987183e-02,8.443193882703781128e-02,-4.172064960002899170e-01,2.129484899342060089e-02,-6.546496748924255371e-01,-7.556324005126953125e-01,0.000000000000000000e+00
-5.055615305900573730e-01,1.675260961055755615e-01,-3.951022922992706299e-01,-5.082458257675170898e-01,6.080508828163146973e-01,-6.098854541778564453e-01,0.000000000000000000e+00
-3.507899940013885498e-01,6.267255544662475586e-02,-4.013225138187408447e-01,-6.388837937265634537e-04,-6.337128877639770508e-01,-7.735680341720581055e-01,0.000000000000000000e+00
3.754265010356903076e-01,7.410122752189636230e-01,-5.194785594940185547e-01,-6.262402534484863281e-01,5.335223078727722168e-01,-5.684866905212402344e-01,0.000000000000000000e+00
-7.488790899515151978e-02,-4.776185452938079834e-01,4.884287714958190918e-01,4.996143281459808350e-01,-6.011438965797424316e-01,6.237078905105590820e-01,0.000000000000000000e+00
-3.870061039924621582e-01,-5.882304161787033081e-02,3.860685527324676514e-01,6.505100755020976067e-04,6.903805136680603027e-01,7.234461307525634766e-01,0.000000000000000000e+00
-6.952000409364700317e-02,2.283451706171035767e-01,-5.401500463485717773e-01,1.302259415388107300e-02,-6.527541875839233398e-01,-7.574578523635864258e-01,0.000000000000000000e+00
-7.071799039840698242e-01,-1.878422945737838745e-01,1.973398625850677490e-01,-8.392472267150878906e-01,-4.139764308929443359e-01,3.525444567203521729e-01,0.000000000000000000e+00
4.678093194961547852e-01,4.394205808639526367e-01,-6.257695704698562622e-02,-1.629343926906585693e-01,6.623529195785522461e-01,7.312598228454589844e-01,0.000000000000000000e+00
-4.406430944800376892e-02,5.763254761695861816e-01,-3.797059953212738037e-01,-4.474691450595855713e-01,6.213092803955078125e-01,-6.432310342788696289e-01,0.000000000000000000e+00
-5.087262988090515137e-01,-3.259566426277160645e-01,-6.551020592451095581e-02,3.816479817032814026e-02,-6.914603114128112793e-01,-7.214056253433227539e-01,0.000000000000000000e+00
5.078821182250976562e-01,7.436644285917282104e-02,-3.655802309513092041e-01,2.277657017111778259e-02,-6.123980879783630371e-01,-7.902213335037231445e-01,0.000000000000000000e+00
2.518194615840911865e-01,-3.326462209224700928e-02,3.229098320007324219e-01,1.881965901702642441e-03,7.288641333580017090e-01,6.846557855606079102e-01,0.000000000000000000e+00
-8.248457312583923340e-01,9.078942984342575073e-02,1.572770327329635620e-01,-8.619306683540344238e-01,-2.548223137855529785e-01,4.383390545845031738e-01,0.000000000000000000e+00
6.530591100454330444e-02,3.946239054203033447e-01,-6.435433626174926758e-01,-5.161829590797424316e-01,5.853899717330932617e-01,-6.251989603042602539e-01,0.000000000000000000e+00
-2.602777481079101562e-01,-4.457696974277496338e-01,6.649960279464721680e-01,4.665898978710174561e-01,-5.625072717666625977e-01,6.825535893440246582e-01,0.000000000000000000e+00
-8.595236539840698242e-01,1.212767325341701508e-02,2.701502107083797455e-02,-8.433406352996826172e-01,-4.393953680992126465e-01,3.093675673007965088e-01,0.000000000000000000e+00
5.157074332237243652e-01,-1.496959179639816284e-01,3.344646394252777100e-01,4.925916492938995361e-01,-6.126825213432312012e-01,6.180401444435119629e-01,0.000000000000000000e+00
-5.570006966590881348e-01,3.782459497451782227e-01,-8.110968023538589478e-02,-9.172474592924118042e-02,7.482919096946716309e-01,6.569975018501281738e-01,0.000000000000000000e+00
9.088017940521240234e-01,1.336582154035568237e-01,1.987428069114685059e-01,8.489713668823242188e-01,4.961962401866912842e-01,-1.817606389522552490e-01,0.000000000000000000e+00
-2.137522026896476746e-02,3.401868939399719238e-01,-4.928381368517875671e-02,5.465082451701164246e-02,7.181752920150756836e-01,6.937128901481628418e-01,0.000000000000000000e+00
4.193503260612487793e-01,-4.194847643375396729e-01,1.448750644922256470e-01,5.624870657920837402e-01,-7.341162562370300293e-01,3.803703188896179199e-01,0.000000000000000000e+00
-4.416083991527557373e-01,-1.901592314243316650e-01,-1.868263036012649536e-01,8.510486222803592682e-03,-6.634107232093811035e-01,-7.482070326805114746e-01,0.000000000000000000e+00
9.322254061698913574e-01,3.735114587470889091e-03,1.564061343669891357e-01,8.289121389389038086e-01,-3.686088025569915771e-01,4.207519590854644775e-01,0.000000000000000000e+00
-2.980919778347015381e-01,-2.812622189521789551e-01,-1.003464907407760620e-01,1.190096512436866760e-01,-6.669301390647888184e-01,-7.355548143386840820e-01,0.000000000000000000e+00
-3.552004992961883545e-01,-5.972489118576049805e-01,5.958933830261230469e-01,-4.894055128097534180e-01,-5.297394990921020508e-01,6.927180886268615723e-01,0.000000000000000000e+00
4.027886986732482910e-01,9.344200044870376587e-02,2.051016092300415039e-01,-1.134715378284454346e-01,6.389398574829101562e-01,7.608416676521301270e-01,0.000000000000000000e+00
8.289512991905212402e-01,1.762542575597763062e-01,8.738732896745204926e-03,8.698613047599792480e-01,4.016086757183074951e-01,-2.864468395709991455e-01,0.000000000000000000e+00
-7.218521833419799805e-01,-2.716830559074878693e-02,-3.205378055572509766e-01,-2.637615799903869629e-02,-6.151062846183776855e-01,-7.880029082298278809e-01,0.000000000000000000e+00
-7.326247543096542358e-02,-3.802958428859710693e-01,5.794963240623474121e-01,4.867490530014038086e-01,-6.969347000122070312e-01,5.266473293304443359e-01,0.000000000000000000e+00
2.388317584991455078e-01,1.276460886001586914e-01,1.587311476469039917e-01,-3.386179357767105103e-02,6.702955961227416992e-01,7.413212060928344727e-01,0.000000000000000000e+00
-4.205237925052642822e-01,8.550266921520233154e-02,2.458816021680831909e-01,2.469161525368690491e-02,7.065677046775817871e-01,7.072145342826843262e-01,0.000000000000000000e+00
-2.181821130216121674e-02,1.463949978351593018e-01,-4.687454998493194580e-01,2.687558718025684357e-02,-6.489220857620239258e-01,-7.603800296783447266e-01,0.000000000000000000e+00
-2.239659987390041351e-02,4.116317033767700195e-01,-1.209241673350334167e-01,1.722562126815319061e-02,6.853010058403015137e-01,7.280561327934265137e-01,0.000000000000000000e+00
-7.519598603248596191e-01,-2.710047662258148193e-01,-7.585887610912322998e-02,-6.819278597831726074e-01,-7.150529026985168457e-01,-1.538626402616500854e-01,0.000000000000000000e+00
4.888363555073738098e-02,6.162447929382324219e-01,-2.926863133907318115e-01,-9.171310067176818848e-02,6.577730774879455566e-01,7.476117014884948730e-01,0.000000000000000000e+00
2.058502286672592163e-01,3.534683585166931152e-01,-6.424901485443115234e-01,4.705321043729782104e-02,-6.785583496093750000e-01,-7.330378890037536621e-01,0.000000000000000000e+00
-2.012091726064682007e-01,5.573779344558715820e-01,-2.681461274623870850e-01,-5.098676681518554688e-01,8.376661539077758789e-01,-1.958324760198593140e-01,0.000000000000000000e+00
3.494989573955535889e-01,-8.705440908670425415e-02,3.738764226436614990e-01,1.346745877526700497e-03,7.109242081642150879e-01,7.032673954963684082e-01,0.000000000000000000e+00
-1.991425156593322754e-01,-5.756809115409851074e-01,1.894596815109252930e-01,1.051253750920295715e-01,-7.125356197357177734e-01,-6.937158107757568359e-01,0.000000000000000000e+00
-3.644138872623443604e-01,3.077116012573242188e-01,-3.733856379985809326e-01,-5.134202241897583008e-01,6.073387265205383301e-01,-6.062502861022949219e-01,0.000000000000000000e+00
3.678992986679077148e-01,-1.679436862468719482e-01,4.378891289234161377e-01,4.365962147712707520e-01,-4.021888673305511475e-01,8.047533035278320312e-01,0.000000000000000000e+00
3.614382147789001465e-01,6.530508995056152344e-01,-6.220441460609436035e-01,-3.462958037853240967e-01,6.726027131080627441e-01,-6.539761424064636230e-01,0.000000000000000000e+00
5.936259031295776367e-01,4.660254716873168945e-01,-2.838883399963378906e-01,8.608476519584655762e-01,4.137715399265289307e-01,-2.962000072002410889e-01,0.000000000000000000e+00
-6.150681376457214355e-01,-3.371805846691131592e-01,2.657359540462493896e-01,-8.664184808731079102e-01,-3.806189596652984619e-01,3.231845796108245850e-01,0.000000000000000000e+00
1.977776437997817993e-01,-9.744432568550109863e-02,3.915453553199768066e-01,3.509153053164482117e-02,6.993619203567504883e-01,7.139058113098144531e-01,0.000000000000000000e+00
-4.551037251949310303e-01,3.247655332088470459e-01,-1.219792757183313370e-02,-4.764326661825180054e-02,7.441093921661376953e-01,6.663567423820495605e-01,0.000000000000000000e+00
2.208160012960433960e-01,5.195583105087280273e-01,-1.791091263294219971e-01,-1.531510949134826660e-01,6.380679011344909668e-01,7.545953392982482910e-01,0.000000000000000000e+00
-5.222900956869125366e-02,5.889829397201538086e-01,-3.608731329441070557e-01,-4.799167811870574951e-01,6.416414380073547363e-01,-5.983110666275024414e-01,0.000000000000000000e+00
-3.341527283191680908e-01,-5.851733684539794922e-01,5.962135195732116699e-01,4.512142241001129150e-01,-6.601918935775756836e-01,6.004601716995239258e-01,0.000000000000000000e+00
8.167460560798645020e-01,-4.628139361739158630e-02,-2.327417731285095215e-01,2.202128022909164429e-01,-5.763528943061828613e-01,-7.869712114334106445e-01,0.000000000000000000e+00
-5.902484059333801270e-01,2.670186758041381836e-01,4.439214989542961121e-02,-1.031297147274017334e-01,8.283659815788269043e-01,5.506124496459960938e-01,0.000000000000000000e+00
8.033079504966735840e-01,6.077891960740089417e-02,-2.047518640756607056e-01,8.630484342575073242e-01,4.092087149620056152e-01,-2.961344718933105469e-01,0.000000000000000000e+00
3.727710843086242676e-01,-2.097063511610031128e-02,3.080963492393493652e-01,-4.659487307071685791e-02,7.223821878433227539e-01,6.899223923683166504e-01,0.000000000000000000e+00
-5.064155459403991699e-01,-3.669292926788330078e-01,4.834132194519042969e-01,-8.592100143432617188e-01,-3.147428929805755615e-01,4.033547043800354004e-01,0.000000000000000000e+00
2.530958354473114014e-01,1.721017211675643921e-01,-4.769017100334167480e-01,5.977546423673629761e-02,-6.698555946350097656e-01,-7.400813698768615723e-01,0.000000000000000000e+00
2.488936483860015869e-01,2.362837456166744232e-02,2.635634541511535645e-01,2.017483487725257874e-02,7.152429223060607910e-01,6.985846161842346191e-01,0.000000000000000000e+00
1.114965453743934631e-01,-3.526331782341003418e-01,-3.132719546556472778e-03,4.751501977443695068e-02,-7.023352384567260742e-01,-7.102587819099426270e-01,0.000000000000000000e+00
8.467057943344116211e-01,1.729849278926849365e-01,5.902432650327682495e-02,8.645821213722229004e-01,4.022370874881744385e-01,-3.011694550514221191e-01,0.000000000000000000e+00
-2.554053664207458496e-01,-3.507142364978790283e-01,-3.375780954957008362e-02,4.267824068665504456e-02,-6.805396676063537598e-01,-7.314672470092773438e-01,0.000000000000000000e+00
-5.466958284378051758e-01,-3.272379040718078613e-01,4.274745583534240723e-01,-8.627895116806030273e-01,-3.183296918869018555e-01,3.927600979804992676e-01,0.000000000000000000e+00
-4.653029739856719971e-01,-5.685573816299438477e-01,3.735203742980957031e-01,-8.525854945182800293e-01,-4.349046349525451660e-01,2.897514700889587402e-01,0.000000000000000000e+00
8.563755750656127930e-01,9.978695213794708252e-02,-1.470710523426532745e-02,8.690586686134338379e-01,4.034046232700347900e-01,-2.863594293594360352e-01,0.000000000000000000e+00
5.311325192451477051e-01,5.006750822067260742e-01,-4.173794090747833252e-01,8.649294972419738770e-01,4.029230177402496338e-01,-2.992490828037261963e-01,0.000000000000000000e+00
5.579394698143005371e-01,2.931537926197052002e-01,7.768955826759338379e-02,-1.556289047002792358e-01,6.243643760681152344e-01,7.654728889465332031e-01,0.000000000000000000e+00
-5.188270807266235352e-01,-5.594447851181030273e-01,2.025622427463531494e-01,-8.345904350280761719e-01,-5.508122444152832031e-01,-8.044010028243064880e-03,0.000000000000000000e+00
5.754970908164978027e-01,-1.304920613765716553e-01,3.029119670391082764e-01,4.523783326148986816e-01,-5.934489369392395020e-01,6.657118201255798340e-01,0.000000000000000000e+00
-6.138766407966613770e-01,2.196294814348220825e-02,3.049194216728210449e-01,-8.792989701032638550e-02,6.727471351623535156e-01,7.346289157867431641e-01,0.000000000000000000e+00
6.594377756118774414e-01,-2.718824706971645355e-02,3.297902643680572510e-01,5.156413316726684570e-01,-4.829545915126800537e-01,7.077208757400512695e-01,0.000000000000000000e+00
5.545668005943298340e-01,-2.208853960037231445e-01,2.313064187765121460e-01,5.994426608085632324e-01,-5.492810010910034180e-01,5.822017192840576172e-01,0.000000000000000000e+00
-6.269047260284423828e-01,-3.350907862186431885e-01,-4.671941325068473816e-02,-1.342335492372512817e-01,-7.051416039466857910e-01,-6.962447166442871094e-01,0.000000000000000000e+00
2.525735646486282349e-02,6.505518555641174316e-01,-3.240057528018951416e-01,-4.450120031833648682e-03,6.432720422744750977e-01,7.656247615814208984e-01,0.000000000000000000e+00
-7.116705775260925293e-01,-1.178290396928787231e-01,2.367080003023147583e-01,-8.593919873237609863e-01,-3.269745111465454102e-01,3.931069672107696533e-01,0.000000000000000000e+00
-8.747328519821166992e-01,2.001597881317138672e-01,9.266527742147445679e-02,-3.854940831661224365e-01,5.022330880165100098e-01,7.740518450736999512e-01,0.000000000000000000e+00
5.470471978187561035e-01,-3.437832891941070557e-01,1.122227534651756287e-01,5.351631641387939453e-01,-6.398358345031738281e-01,5.515527129173278809e-01,0.000000000000000000e+00
-5.486679077148437500e-01,5.815371498465538025e-02,2.739875912666320801e-01,-3.820975497364997864e-02,6.951277852058410645e-01,7.178700566291809082e-01,0.000000000000000000e+00
1.373310983180999756e-01,1.673174947500228882e-01,-4.800805747509002686e-01,3.986125811934471130e-02,-6.888256072998046875e-01,-7.238303422927856445e-01,0.000000000000000000e+00
4.651347398757934570e-01,6.500958800315856934e-01,-2.870598733425140381e-01,2.590162754058837891e-01,7.877023220062255859e-01,5.589593648910522461e-01,0.000000000000000000e+00
6.030879020690917969e-01,-2.693947553634643555e-01,-4.778166115283966064e-02,5.460422486066818237e-02,-6.887536644935607910e-01,-7.229362130165100098e-01,0.000000000000000000e+00
-1.105939224362373352e-01,-3.461970388889312744e-01,6.057458519935607910e-01,3.334547206759452820e-02,6.375997662544250488e-01,7.696457505226135254e-01,0.000000000000000000e+00
8.445155024528503418e-01,1.786233633756637573e-01,5.994654819369316101e-02,8.746809363365173340e-01,3.833289742469787598e-01,-2.966346442699432373e-01,0.000000000000000000e+00
-4.950334876775741577e-02,-2.081307172775268555e-01,-1.530790925025939941e-01,5.171390622854232788e-02,-6.777973771095275879e-01,-7.334278225898742676e-01,0.000000000000000000e+00
1.677355766296386719e-01,5.327736139297485352e-01,-5.921640992164611816e-01,-5.134913325309753418e-01,6.041936278343200684e-01,-6.093248128890991211e-01,0.000000000000000000e+00
-4.206758439540863037e-01,-3.295153677463531494e-01,6.214554905891418457e-01,-7.058284282684326172e-01,1.355047374963760376e-01,6.953018903732299805e-01,0.000000000000000000e+00
-5.044034719467163086e-01,1.726227104663848877e-01,-3.908948004245758057e-01,-5.074689388275146484e-01,6.173634529113769531e-01,-6.011136770248413086e-01,0.000000000000000000e+00
-2.938681244850158691e-01,1.978795081377029419e-01,1.251862496137619019e-01,2.626664377748966217e-02,7.168573141098022461e-01,6.967249512672424316e-01,0.000000000000000000e+00
-1.707869023084640503e-02,2.348753064870834351e-01,-5.448209643363952637e-01,4.611798375844955444e-02,-6.897786259651184082e-01,-7.225500345230102539e-01,0.000000000000000000e+00
-6.283720135688781738e-01,-4.243879914283752441e-01,8.964642882347106934e-02,-8.198902010917663574e-01,-5.571656227111816406e-01,1.317064315080642700e-01,0.000000000000000000e+00
4.317829906940460205e-01,6.257857084274291992e-01,-5.347192287445068359e-01,8.621895909309387207e-01,4.348794817924499512e-01,-2.598248422145843506e-01,0.000000000000000000e+00
-3.898538649082183838e-01,-6.972481608390808105e-01,3.963449597358703613e-01,-8.555482029914855957e-01,-4.291720390319824219e-01,2.895662784576416016e-01,0.000000000000000000e+00
1.341989636421203613e-01,4.822308123111724854e-01,-1.644470393657684326e-01,-1.282687932252883911e-01,6.455158591270446777e-01,7.528986334800720215e-01,0.000000000000000000e+00
7.503994703292846680e-01,-9.177181869745254517e-02,1.666019856929779053e-01,4.296576678752899170e-01,-4.734655916690826416e-01,7.689113020896911621e-01,0.000000000000000000e+00
9.514272958040237427e-02,5.247672200202941895e-01,-5.394333600997924805e-01,-5.083045363426208496e-01,6.135948300361633301e-01,-6.042581200599670410e-01,0.000000000000000000e+00
-1.241087913513183594e-01,1.721462756395339966e-01,-4.930581152439117432e-01,1.541075110435485840e-02,-6.470984816551208496e-01,-7.622506618499755859e-01,0.000000000000000000e+00
1.459649056196212769e-01,-2.375480383634567261e-01,-1.116648316383361816e-01,5.134844407439231873e-02,-6.889342665672302246e-01,-7.230026721954345703e-01,0.000000000000000000e+00
7.192583680152893066e-01,2.088029831647872925e-01,1.743259727954864502e-01,-7.466521114110946655e-02,6.525677442550659180e-01,7.540427446365356445e-01,0.000000000000000000e+00
2.012054175138473511e-01,4.035667777061462402e-01,-6.874232888221740723e-01,3.867004439234733582e-02,-6.623183488845825195e-01,-7.482239603996276855e-01,0.000000000000000000e+00
-7.688708901405334473e-01,-1.687422543764114380e-01,5.236267298460006714e-02,-8.888151049613952637e-01,-3.615782558917999268e-01,2.815473675727844238e-01,0.000000000000000000e+00
-4.511316120624542236e-02,1.780297160148620605e-01,1.252909451723098755e-01,7.077060639858245850e-02,7.302269935607910156e-01,6.795292496681213379e-01,0.000000000000000000e+00
4.426619708538055420e-01,5.503036975860595703e-01,-1.642718315124511719e-01,-5.092662200331687927e-02,6.846463680267333984e-01,7.270941138267517090e-01,0.000000000000000000e+00
-7.952655665576457977e-03,-4.708217382431030273e-01,4.411871433258056641e-01,4.977258443832397461e-01,-6.087900996208190918e-01,6.177731156349182129e-01,0.000000000000000000e+00
-4.574238657951354980e-01,-5.319321155548095703e-01,4.459438621997833252e-01,-8.581247329711914062e-01,-4.134630858898162842e-01,3.044178783893585205e-01,0.000000000000000000e+00
2.943640947341918945e-01,4.207877442240715027e-02,2.441650629043579102e-01,-8.600384928286075592e-03,7.035227417945861816e-01,7.106207013130187988e-01,0.000000000000000000e+00
7.493237406015396118e-02,3.962979018688201904e-01,-6.500530838966369629e-01,-5.159901976585388184e-01,6.202338337898254395e-01,-5.908164381980895996e-01,0.000000000000000000e+00
6.963000297546386719e-01,1.125446036458015442e-01,-3.813820481300354004e-01,1.255497783422470093e-01,-6.367591023445129395e-01,-7.607727050781250000e-01,0.000000000000000000e+00
-2.816860675811767578e-01,-6.365586519241333008e-01,2.390732914209365845e-01,-1.376141887158155441e-02,-8.101648092269897461e-01,-5.860406160354614258e-01,0.000000000000000000e+00
-8.047041893005371094e-01,2.038565427064895630e-01,1.101540103554725647e-01,4.131983220577239990e-02,8.316255211830139160e-01,5.537974834442138672e-01,0.000000000000000000e+00
-4.918715953826904297e-01,-7.654915004968643188e-02,4.043042063713073730e-01,-2.230711095035076141e-02,6.776894927024841309e-01,7.350097894668579102e-01,0.000000000000000000e+00
-7.594902515411376953e-01,-1.217769011855125427e-01,-2.434561550617218018e-01,-2.391763404011726379e-02,-6.461532115936279297e-01,-7.628328800201416016e-01,0.000000000000000000e+00
8.616057038307189941e-01,-2.116026133298873901e-01,-8.540406078100204468e-02,4.723672941327095032e-02,-6.742240190505981445e-01,-7.370147109031677246e-01,0.000000000000000000e+00
4.845029413700103760e-01,-3.110060989856719971e-01,1.993585973978042603e-01,4.168035387992858887e-01,-6.522247791290283203e-01,6.331489682197570801e-01,0.000000000000000000e+00
4.500554800033569336e-01,-4.013599753379821777e-01,1.395442783832550049e-01,4.692675471305847168e-01,-1.462998539209365845e-01,8.708526492118835449e-01,0.000000000000000000e+00
-4.004884064197540283e-01,-6.513950824737548828e-01,4.367674291133880615e-01,-8.522939085960388184e-01,-4.451664686203002930e-01,2.746305763721466064e-01,0.000000000000000000e+00
-3.200650513172149658e-01,-2.301193326711654663e-01,-1.488368660211563110e-01,3.606407344341278076e-02,-6.830863356590270996e-01,-7.294466495513916016e-01,0.000000000000000000e+00
-4.543719813227653503e-02,1.505948901176452637e-01,1.545908749103546143e-01,6.823932379484176636e-02,7.264582514762878418e-01,6.838141679763793945e-01,0.000000000000000000e+00
8.579645156860351562e-01,1.307685077190399170e-01,3.320683911442756653e-02,8.669410943984985352e-01,4.003131389617919922e-01,-2.969217002391815186e-01,0.000000000000000000e+00
7.453631162643432617e-01,-2.956947386264801025e-01,-8.673077449202537537e-03,5.066923499107360840e-01,-8.533262610435485840e-01,1.228704154491424561e-01,0.000000000000000000e+00
-9.776018559932708740e-02,-6.216737031936645508e-01,3.646200895309448242e-01,5.104859471321105957e-01,-6.071680784225463867e-01,6.088932752609252930e-01,0.000000000000000000e+00
6.571454405784606934e-01,-1.942311674356460571e-01,-1.163470223546028137e-01,4.817599430680274963e-02,-6.925657391548156738e-01,-7.197442054748535156e-01,0.000000000000000000e+00
-3.840808570384979248e-01,-4.702386856079101562e-01,7.255872339010238647e-02,-1.622957736253738403e-01,-6.898953318595886230e-01,-7.054817676544189453e-01,0.000000000000000000e+00
-6.293461918830871582e-01,-3.836592435836791992e-01,1.653236001729965210e-01,-8.642793297767639160e-01,-4.082981348037719727e-01,2.937921881675720215e-01,0.000000000000000000e+00
-6.829493213444948196e-03,4.494175612926483154e-01,-5.325527787208557129e-01,-4.952059686183929443e-01,6.002186536788940430e-01,-6.280992031097412109e-01,0.000000000000000000e+00
4.624667111784219742e-03,-5.857871770858764648e-01,2.227749675512313843e-01,9.049884974956512451e-02,-7.341145277023315430e-01,-6.729679107666015625e-01,0.000000000000000000e+00
-5.051116943359375000e-01,-2.054138928651809692e-01,5.026109218597412109e-01,-4.978372454643249512e-01,3.899999856948852539e-01,7.746341824531555176e-01,0.000000000000000000e+00
4.794988036155700684e-01,-7.340531796216964722e-02,3.670664429664611816e-01,-4.514448717236518860e-02,6.826992034912109375e-01,7.293035984039306641e-01,0.000000000000000000e+00
-3.259920477867126465e-01,4.497054815292358398e-01,-2.633596360683441162e-01,-5.301461219787597656e-01,6.092308759689331055e-01,-5.897311568260192871e-01,0.000000000000000000e+00
-5.475269258022308350e-02,-4.934683144092559814e-01,4.566417336463928223e-01,4.986636936664581299e-01,-6.090670824050903320e-01,6.167429089546203613e-01,0.000000000000000000e+00
-7.346110343933105469e-01,1.731936931610107422e-01,1.501373201608657837e-01,1.106724794954061508e-02,7.783073186874389648e-01,6.277859210968017578e-01,0.000000000000000000e+00
-1.459366679191589355e-01,-1.271347105503082275e-01,4.376154541969299316e-01,4.904374480247497559e-02,6.544049382209777832e-01,7.545521259307861328e-01,0.000000000000000000e+00
2.397024929523468018e-01,3.869228065013885498e-01,-6.715127825736999512e-01,2.678414061665534973e-02,-6.486290693283081055e-01,-7.606332302093505859e-01,0.000000000000000000e+00
3.760090097784996033e-03,6.254621148109436035e-01,-3.055154681205749512e-01,-4.977459833025932312e-02,6.653728485107421875e-01,7.448499798774719238e-01,0.000000000000000000e+00
2.129273712635040283e-01,3.586758375167846680e-01,-6.468563079833984375e-01,4.705321043729782104e-02,-6.785583496093750000e-01,-7.330378890037536621e-01,0.000000000000000000e+00
6.214920282363891602e-01,-1.540272235870361328e-01,2.386534214019775391e-01,3.709176480770111084e-01,-6.190469861030578613e-01,6.922433972358703613e-01,0.000000000000000000e+00
1.162067353725433350e-01,2.564615309238433838e-01,2.944678999483585358e-02,-4.181605949997901917e-02,6.910408735275268555e-01,7.216050624847412109e-01,0.000000000000000000e+00
-2.412776201963424683e-01,-6.790609955787658691e-01,4.261295199394226074e-01,4.976936876773834229e-01,-6.419036984443664551e-01,5.833186507225036621e-01,0.000000000000000000e+00
8.652501553297042847e-02,2.626099288463592529e-01,2.343295700848102570e-02,3.297326341271400452e-02,7.177485823631286621e-01,6.955211758613586426e-01,0.000000000000000000e+00
-2.967480942606925964e-02,-1.723035573959350586e-01,4.691855311393737793e-01,7.303331792354583740e-02,5.713679790496826172e-01,8.174379467964172363e-01,0.000000000000000000e+00
-4.476772248744964600e-01,-6.284608244895935059e-01,3.312201201915740967e-01,-8.486812114715576172e-01,-4.475470185279846191e-01,2.818542420864105225e-01,0.000000000000000000e+00
-5.637545511126518250e-02,5.917226672172546387e-01,-3.546090722084045410e-01,-4.799167811870574951e-01,6.416414380073547363e-01,-5.983110666275024414e-01,0.000000000000000000e+00
-7.472890019416809082e-01,3.665893524885177612e-02,2.430166304111480713e-01,-4.264793097972869873e-01,4.708689451217651367e-01,7.722679972648620605e-01,0.000000000000000000e+00
-8.158364295959472656e-01,2.555585205554962158e-01,-4.852252826094627380e-02,-5.161240100860595703e-01,6.315549612045288086e-01,-5.785795450210571289e-01,0.000000000000000000e+00
3.374275565147399902e-01,-4.661709964275360107e-01,1.630617827177047729e-01,5.259597897529602051e-01,-6.052106022834777832e-01,5.975671410560607910e-01,0.000000000000000000e+00
-3.433304727077484131e-01,3.953987061977386475e-01,-3.033787906169891357e-01,-5.231462717056274414e-01,6.021707653999328613e-01,-6.030823588371276855e-01,0.000000000000000000e+00
6.759658455848693848e-01,9.644779562950134277e-02,-3.708167970180511475e-01,1.024338081479072571e-01,-6.200739741325378418e-01,-7.778275012969970703e-01,0.000000000000000000e+00
3.780602514743804932e-01,-3.467703163623809814e-01,1.228210516273975372e-02,5.393949523568153381e-02,-7.126703858375549316e-01,-6.994222402572631836e-01,0.000000000000000000e+00
-8.721348643302917480e-01,7.782541215419769287e-02,4.575907066464424133e-02,-8.622845411300659180e-01,-3.607985079288482666e-01,3.553728163242340088e-01,0.000000000000000000e+00
7.148218899965286255e-02,-1.270371973514556885e-01,4.263888895511627197e-01,3.442321345210075378e-02,6.567090153694152832e-01,7.533580660820007324e-01,0.000000000000000000e+00
-3.132569193840026855e-01,3.590410351753234863e-01,-3.655738830566406250e-01,-5.129439234733581543e-01,6.143692731857299805e-01,-5.995323061943054199e-01,0.000000000000000000e+00
6.247553825378417969e-01,-1.986463814973831177e-01,1.901926398277282715e-01,5.283494591712951660e-01,-6.445216536521911621e-01,5.526651144027709961e-01,0.000000000000000000e+00
5.147294998168945312e-01,4.165787398815155029e-01,-5.532326698303222656e-01,8.751823902130126953e-01,4.264197051525115967e-01,-2.285214662551879883e-01,0.000000000000000000e+00
4.233138263225555420e-01,7.208576202392578125e-01,-4.261854290962219238e-01,8.627443909645080566e-01,4.255478084087371826e-01,-2.730954885482788086e-01,0.000000000000000000e+00
-5.655879378318786621e-01,-3.138653039932250977e-01,-7.545565068721771240e-02,-3.739461302757263184e-02,-6.881482005119323730e-01,-7.246058583259582520e-01,0.000000000000000000e+00
-7.692904472351074219e-01,1.099057644605636597e-01,1.921401917934417725e-01,-3.797983527183532715e-01,4.577815830707550049e-01,8.038589358329772949e-01,0.000000000000000000e+00
3.329446613788604736e-01,2.629321813583374023e-01,5.340413004159927368e-02,-1.054559201002120972e-01,6.384674906730651855e-01,7.623898983001708984e-01,0.000000000000000000e+00
1.042307689785957336e-01,5.259746909141540527e-01,-5.458521246910095215e-01,-5.083045363426208496e-01,6.135948300361633301e-01,-6.042581200599670410e-01,0.000000000000000000e+00
-6.677649021148681641e-01,-5.263787508010864258e-02,-3.015951514244079590e-01,-1.683214679360389709e-02,-6.206551194190979004e-01,-7.839030027389526367e-01,0.000000000000000000e+00
2.343581318855285645e-01,-5.057046413421630859e-01,1.620167940855026245e-01,1.040286272764205933e-01,-7.125823497772216797e-01,-6.938331723213195801e-01,0.000000000000000000e+00
5.938193202018737793e-01,4.081961214542388916e-01,-3.616713881492614746e-01,8.614835143089294434e-01,4.089115262031555176e-01,-3.010606467723846436e-01,0.000000000000000000e+00
-7.090260386466979980e-01,-1.415126472711563110e-01,2.227899879217147827e-01,-8.593919873237609863e-01,-3.269745111465454102e-01,3.931069672107696533e-01,0.000000000000000000e+00
8.228997588157653809e-01,1.601717472076416016e-01,-3.094846382737159729e-02,8.721925020217895508e-01,3.937767148017883301e-01,-2.902071177959442139e-01,0.000000000000000000e+00
4.565495252609252930e-01,6.444556713104248047e-01,-2.709296941757202148e-01,2.334018647670745850e-01,7.895320057868957520e-01,5.675938725471496582e-01,0.000000000000000000e+00
4.147738218307495117e-01,2.048986107110977173e-01,-4.924797415733337402e-01,5.706747248768806458e-02,-6.921511888504028320e-01,-7.194929122924804688e-01,0.000000000000000000e+00
4.690171182155609131e-01,5.929238200187683105e-01,-4.696106314659118652e-01,8.616167306900024414e-01,4.427553415298461914e-01,-2.481618374586105347e-01,0.000000000000000000e+00
2.820405662059783936e-01,7.494181990623474121e-01,-4.559088349342346191e-01,-5.603969693183898926e-01,5.833347439765930176e-01,-5.879420042037963867e-01,0.000000000000000000e+00
8.233296871185302734e-01,-8.633230812847614288e-03,-2.446983903646469116e-01,8.517268300056457520e-01,3.755899071693420410e-01,-3.653677403926849365e-01,0.000000000000000000e+00
-4.605070948600769043e-01,-5.160625576972961426e-01,4.576635062694549561e-01,-8.524439334869384766e-01,-4.061303734779357910e-01,3.292376399040222168e-01,0.000000000000000000e+00
-1.426660716533660889e-01,-4.118663668632507324e-01,3.195802867412567139e-02,4.983697459101676941e-02,-7.078036665916442871e-01,-7.046490311622619629e-01,0.000000000000000000e+00
4.063532352447509766e-01,-8.444705605506896973e-02,-2.341686189174652100e-01,5.479718744754791260e-02,-6.643202900886535645e-01,-7.454366683959960938e-01,0.000000000000000000e+00
4.136081635951995850e-01,-4.521929100155830383e-02,-2.685337960720062256e-01,5.426257848739624023e-02,-6.630318164825439453e-01,-7.466219663619995117e-01,0.000000000000000000e+00
-9.219051599502563477e-01,5.360024049878120422e-02,-1.716709882020950317e-01,-4.937393665313720703e-01,6.202914714813232422e-01,-6.094751358032226562e-01,0.000000000000000000e+00
2.647417485713958740e-01,5.780192017555236816e-01,-6.279522180557250977e-01,-5.039819478988647461e-01,6.184214949607849121e-01,-6.029569506645202637e-01,0.000000000000000000e+00
3.103961348533630371e-01,2.490274608135223389e-01,6.129500642418861389e-02,-1.761452555656433105e-01,6.071221232414245605e-01,7.748390436172485352e-01,0.000000000000000000e+00
-2.580995438620448112e-03,-4.538414478302001953e-01,8.809986710548400879e-02,5.801127478480339050e-02,-7.067396044731140137e-01,-7.050913572311401367e-01,0.000000000000000000e+00
-4.683684408664703369e-01,-6.238452792167663574e-01,2.771697342395782471e-01,-8.797647953033447266e-01,-4.043094217777252197e-01,2.500955760478973389e-01,0.000000000000000000e+00
-4.300444424152374268e-01,-2.211696356534957886e-01,-1.601535081863403320e-01,-1.737818866968154907e-02,-6.487052440643310547e-01,-7.608413100242614746e-01,0.000000000000000000e+00
6.068188548088073730e-01,3.830098509788513184e-01,2.882955130189657211e-03,1.682700030505657196e-02,7.205631732940673828e-01,6.931850910186767578e-01,0.000000000000000000e+00
2.048245221376419067e-01,2.722795307636260986e-01,-5.703848600387573242e-01,-2.199539542198181152e-02,-5.903436541557312012e-01,-8.068522810935974121e-01,0.000000000000000000e+00
-5.848231315612792969e-01,-1.657030172646045685e-02,-3.322686254978179932e-01,-1.238083094358444214e-02,-6.284934282302856445e-01,-7.777163386344909668e-01,0.000000000000000000e+00
-3.566966652870178223e-01,-8.384598046541213989e-02,4.085890054702758789e-01,2.723170816898345947e-02,6.732439994812011719e-01,7.389187812805175781e-01,0.000000000000000000e+00
-8.778362274169921875e-01,-5.022641271352767944e-02,-2.905949950218200684e-01,-2.712476551532745361e-01,-2.519208788871765137e-01,-9.289566874504089355e-01,0.000000000000000000e+00
-7.657668590545654297e-01,2.283590435981750488e-01,-1.207215487957000732e-01,-5.004827380180358887e-01,6.182057261466979980e-01,-6.060847640037536621e-01,0.000000000000000000e+00
1.497388910502195358e-02,-5.155736804008483887e-01,1.520657837390899658e-01,6.302288919687271118e-02,-6.641923189163208008e-01,-7.449004650115966797e-01,0.000000000000000000e+00
1.093508582562208176e-02,-6.076371073722839355e-01,2.896917462348937988e-01,5.131129622459411621e-01,-6.231094598770141602e-01,5.902962684631347656e-01,0.000000000000000000e+00
-4.588284194469451904e-01,1.260570134036242962e-03,3.280557394027709961e-01,-4.819308966398239136e-02,7.331174612045288086e-01,6.783923506736755371e-01,0.000000000000000000e+00
-6.774331927299499512e-01,-4.832739755511283875e-02,-3.048032820224761963e-01,-1.745536364614963531e-02,-6.227284669876098633e-01,-7.822432518005371094e-01,0.000000000000000000e+00
2.938787043094635010e-01,7.414953708648681641e-01,-3.833760917186737061e-01,-1.539631187915802002e-01,7.614157795906066895e-01,6.297152638435363770e-01,0.000000000000000000e+00
6.435670852661132812e-01,-9.655555337667465210e-02,2.699779570102691650e-01,5.087299346923828125e-01,-7.431264519691467285e-01,4.346917271614074707e-01,0.000000000000000000e+00
-2.650210559368133545e-01,3.300469517707824707e-01,-4.363188743591308594e-01,-4.969593584537506104e-01,6.138979792594909668e-01,-6.133193969726562500e-01,0.000000000000000000e+00
2.876295745372772217e-01,2.392789274454116821e-01,-5.346825122833251953e-01,4.942278563976287842e-02,-6.743196249008178711e-01,-7.367838025093078613e-01,0.000000000000000000e+00
2.620458900928497314e-01,1.315577179193496704e-01,-4.397043883800506592e-01,7.522831857204437256e-02,-6.597770452499389648e-01,-7.476863861083984375e-01,0.000000000000000000e+00
6.385475397109985352e-01,-2.905534207820892334e-01,8.675611019134521484e-02,5.362855792045593262e-01,-5.847342610359191895e-01,6.086736917495727539e-01,0.000000000000000000e+00
4.015147387981414795e-01,-2.350585311651229858e-01,-9.552722424268722534e-02,5.324123799800872803e-02,-6.917717456817626953e-01,-7.201508283615112305e-01,0.000000000000000000e+00
1.837954968214035034e-01,-4.844194948673248291e-01,1.361083686351776123e-01,5.513523891568183899e-02,-7.121581435203552246e-01,-6.998506188392639160e-01,0.000000000000000000e+00
3.603896498680114746e-01,5.830610394477844238e-01,-6.935864090919494629e-01,-3.480620384216308594e-01,7.042087316513061523e-01,-6.188237667083740234e-01,0.000000000000000000e+00
3.625831902027130127e-01,-9.866324812173843384e-02,3.856704533100128174e-01,-2.119098231196403503e-02,7.179336547851562500e-01,6.957889199256896973e-01,0.000000000000000000e+00
4.680926203727722168e-01,5.838084220886230469e-01,-2.000797092914581299e-01,8.833295106887817383e-02,7.353127598762512207e-01,6.719467043876647949e-01,0.000000000000000000e+00
6.883839368820190430e-01,2.817604541778564453e-01,-2.599255442619323730e-01,8.685408234596252441e-01,3.979895412921905518e-01,-2.953661978244781494e-01,0.000000000000000000e+00
3.603136837482452393e-01,5.957298874855041504e-01,-2.186257094144821167e-01,-1.360504776239395142e-01,6.655976772308349609e-01,7.338051795959472656e-01,0.000000000000000000e+00
9.201581478118896484e-01,-6.599550601094961166e-03,1.571792215108871460e-01,3.143707811832427979e-01,-6.630094051361083984e-01,6.794038414955139160e-01,0.000000000000000000e+00
-1.983053684234619141e-01,3.260946273803710938e-01,-1.689047366380691528e-02,4.972175508737564087e-02,7.304980754852294922e-01,6.811022758483886719e-01,0.000000000000000000e+00
3.495490849018096924e-01,1.033080294728279114e-01,1.896600276231765747e-01,-8.756520599126815796e-02,6.591371297836303711e-01,7.469073534011840820e-01,0.000000000000000000e+00
-8.578144311904907227e-01,-8.334685862064361572e-02,-8.790937811136245728e-02,-8.579542040824890137e-01,-4.076911211013793945e-01,3.125739693641662598e-01,0.000000000000000000e+00
7.434765100479125977e-01,-5.982667952775955200e-02,2.072317749261856079e-01,5.776960253715515137e-01,-5.901573300361633301e-01,5.638986229896545410e-01,0.000000000000000000e+00
4.653808474540710449e-01,1.059664860367774963e-01,-3.979093730449676514e-01,7.651609182357788086e-02,-6.666018962860107422e-01,-7.414763569831848145e-01,0.000000000000000000e+00
-3.106445074081420898e-01,-6.790354251861572266e-01,2.811414003372192383e-01,1.128977388143539429e-01,-7.269671559333801270e-01,-6.773276925086975098e-01,0.000000000000000000e+00
4.681427478790283203e-01,6.530606746673583984e-02,-3.609505891799926758e-01,7.617507874965667725e-02,-6.643300056457519531e-01,-7.435475587844848633e-01,0.000000000000000000e+00
-5.949852466583251953e-01,-3.392462730407714844e-01,-4.802684485912322998e-02,-6.412457674741744995e-02,-7.194895744323730469e-01,-6.915365457534790039e-01,0.000000000000000000e+00
1.896153986454010010e-01,-3.688248991966247559e-01,3.835355341434478760e-01,4.371068775653839111e-01,-6.492416262626647949e-01,6.224330663681030273e-01,0.000000000000000000e+00
3.369482159614562988e-01,7.780140638351440430e-01,-4.217981696128845215e-01,-9.669954329729080200e-02,8.382601737976074219e-01,5.366275310516357422e-01,0.000000000000000000e+00
4.429505467414855957e-01,-3.779571056365966797e-01,1.644092351198196411e-01,5.129562616348266602e-01,-6.267699003219604492e-01,5.865452289581298828e-01,0.000000000000000000e+00
3.398311138153076172e-01,7.745397090911865234e-01,-4.158320724964141846e-01,-1.045224890112876892e-01,8.385612964630126953e-01,5.346868634223937988e-01,0.000000000000000000e+00
9.278704524040222168e-01,-6.981915235519409180e-02,-1.878469064831733704e-02,8.567281961441040039e-01,4.154233336448669434e-01,-3.056800663471221924e-01,0.000000000000000000e+00
-3.967181965708732605e-02,4.906117916107177734e-01,-4.673693776130676270e-01,-5.126222968101501465e-01,6.088933348655700684e-01,-6.053653955459594727e-01,0.000000000000000000e+00
-3.958052694797515869e-01,-7.008416056632995605e-01,3.745201528072357178e-01,-8.622363805770874023e-01,-3.696422278881072998e-01,3.462846279144287109e-01,0.000000000000000000e+00
6.824975013732910156e-01,8.209706097841262817e-02,-3.584084808826446533e-01,1.012336835265159607e-01,-6.225675940513610840e-01,-7.759905457496643066e-01,0.000000000000000000e+00
1.468265205621719360e-01,4.476596415042877197e-01,-6.597949266433715820e-01,-5.074151754379272461e-01,6.050011515617370605e-01,-6.135987639427185059e-01,0.000000000000000000e+00
-4.896262586116790771e-01,-5.535716414451599121e-01,1.701941043138504028e-01,-3.050966262817382812e-01,-7.643030881881713867e-01,-5.681169629096984863e-01,0.000000000000000000e+00
-4.451975524425506592e-01,-6.535595655441284180e-01,2.817906141281127930e-01,-5.710913538932800293e-01,-7.680746316909790039e-01,-2.896825373172760010e-01,0.000000000000000000e+00
3.187580108642578125e-01,6.398332715034484863e-01,-2.672444880008697510e-01,-1.272969990968704224e-01,6.808525323867797852e-01,7.212734222412109375e-01,0.000000000000000000e+00
3.560661077499389648e-01,-4.211611151695251465e-01,1.922063976526260376e-01,5.046052336692810059e-01,-6.200404167175292969e-01,6.007690429687500000e-01,0.000000000000000000e+00
-2.454060465097427368e-01,1.008373126387596130e-01,-4.334294497966766357e-01,3.406089963391423225e-03,-6.434031128883361816e-01,-7.655199766159057617e-01,0.000000000000000000e+00
-7.896655201911926270e-01,3.333630505949258804e-03,1.654663830995559692e-01,-8.593897223472595215e-01,-3.175939023494720459e-01,4.007285833358764648e-01,0.000000000000000000e+00
-6.631037592887878418e-01,3.374243676662445068e-01,-9.198220819234848022e-02,-5.210239291191101074e-01,6.676552295684814453e-01,-5.317617654800415039e-01,0.000000000000000000e+00
-4.430009424686431885e-01,-4.414968490600585938e-01,4.339097067713737488e-02,3.076379187405109406e-03,-6.914970874786376953e-01,-7.223726511001586914e-01,0.000000000000000000e+00
9.204862117767333984e-01,1.181475892663002014e-01,2.184783220291137695e-01,5.280808210372924805e-01,6.810079216957092285e-01,5.073054432868957520e-01,0.000000000000000000e+00
-3.951411843299865723e-01,-5.584133863449096680e-01,5.751788020133972168e-01,2.373361028730869293e-02,1.248605996370315552e-01,9.918903708457946777e-01,0.000000000000000000e+00
3.030923306941986084e-01,6.960224509239196777e-01,-5.363495945930480957e-01,-5.197021961212158203e-01,6.319371461868286133e-01,-5.749478936195373535e-01,0.000000000000000000e+00
-4.368108510971069336e-01,-9.307806193828582764e-02,-2.707369625568389893e-01,4.386516660451889038e-02,-6.278094649314880371e-01,-7.771300077438354492e-01,0.000000000000000000e+00
5.193132162094116211e-01,-3.661654293537139893e-01,4.181037098169326782e-02,4.825809225440025330e-02,-7.113833427429199219e-01,-7.011454105377197266e-01,0.000000000000000000e+00
-3.190644681453704834e-01,1.450737267732620239e-01,-4.688473641872406006e-01,-1.757715828716754913e-02,-6.305011510848999023e-01,-7.759892940521240234e-01,0.000000000000000000e+00
-7.653976678848266602e-01,-1.210016235709190369e-01,-2.439194023609161377e-01,-4.919954761862754822e-02,-6.752215027809143066e-01,-7.359724044799804688e-01,0.000000000000000000e+00
5.429454445838928223e-01,4.601652324199676514e-01,-4.376281499862670898e-01,8.663921356201171875e-01,3.966225981712341309e-01,-3.034059405326843262e-01,0.000000000000000000e+00
2.235168665647506714e-01,5.749234557151794434e-01,-2.263697683811187744e-01,-1.489445269107818604e-01,6.182206869125366211e-01,7.717633843421936035e-01,0.000000000000000000e+00
-1.702520251274108887e-01,-1.504270732402801514e-01,-2.137614786624908447e-01,4.964639991521835327e-02,-6.685078144073486328e-01,-7.420461773872375488e-01,0.000000000000000000e+00
2.065398246049880981e-01,2.010452002286911011e-01,-5.069645643234252930e-01,9.006296098232269287e-02,-6.550394296646118164e-01,-7.502079606056213379e-01,0.000000000000000000e+00
6.419614553451538086e-01,-1.381227076053619385e-01,-1.699755191802978516e-01,4.330693557858467102e-02,-6.783906221389770508e-01,-7.334239482879638672e-01,0.000000000000000000e+00
5.300454497337341309e-01,5.166991949081420898e-01,-3.993920981884002686e-01,8.632848262786865234e-01,3.981690406799316406e-01,-3.101623952388763428e-01,0.000000000000000000e+00
-5.542400479316711426e-01,-9.400306642055511475e-02,-2.687877118587493896e-01,-1.824321970343589783e-02,-6.466569900512695312e-01,-7.625627517700195312e-01,0.000000000000000000e+00
-4.057654142379760742e-01,-4.130310416221618652e-01,1.797302253544330597e-02,1.577056944370269775e-01,-5.331561565399169922e-01,-8.311879634857177734e-01,0.000000000000000000e+00
-2.607642412185668945e-01,4.299291968345642090e-01,-3.413206636905670166e-01,-5.399954915046691895e-01,5.923687219619750977e-01,-5.979165434837341309e-01,0.000000000000000000e+00
-8.159112930297851562e-02,1.968967542052268982e-02,2.951004803180694580e-01,5.020986124873161316e-02,7.126405239105224609e-01,6.997302770614624023e-01,0.000000000000000000e+00
2.864300012588500977e-01,-2.582451887428760529e-02,3.125844001770019531e-01,2.827628143131732941e-02,6.961519122123718262e-01,7.173373699188232422e-01,0.000000000000000000e+00
-3.036315366625785828e-02,4.431779086589813232e-01,-1.499178409576416016e-01,-3.327284008264541626e-02,6.510817408561706543e-01,7.582780122756958008e-01,0.000000000000000000e+00
9.225670695304870605e-01,8.616824448108673096e-02,1.631372869014739990e-01,8.635774850845336914e-01,4.182755053043365479e-01,-2.815662324428558350e-01,0.000000000000000000e+00
5.885346531867980957e-01,4.066233634948730469e-01,-3.787962794303894043e-01,8.597297668457031250e-01,4.107458889484405518e-01,-3.035663962364196777e-01,0.000000000000000000e+00
1.781837940216064453e-01,-5.254871249198913574e-01,1.740602850914001465e-01,1.245729699730873108e-01,-7.611851096153259277e-01,-6.364580392837524414e-01,0.000000000000000000e+00
4.713442027568817139e-01,-6.905075907707214355e-02,-2.433371245861053467e-01,5.465415120124816895e-02,-6.569302678108215332e-01,-7.519677877426147461e-01,0.000000000000000000e+00
8.027545809745788574e-01,1.547229737043380737e-01,-9.780075401067733765e-02,8.678202629089355469e-01,4.175002276897430420e-01,-2.694096565246582031e-01,0.000000000000000000e+00
5.434168502688407898e-02,1.597562730312347412e-01,-4.777667522430419922e-01,2.731572091579437256e-02,-6.614143848419189453e-01,-7.495231032371520996e-01,0.000000000000000000e+00
-7.524712681770324707e-01,9.458430856466293335e-02,2.086481153964996338e-01,-3.626786768436431885e-01,4.638613760471343994e-01,8.082677721977233887e-01,0.000000000000000000e+00
-4.846749454736709595e-02,1.491696834564208984e-01,1.564205139875411987e-01,6.623260676860809326e-02,7.314477562904357910e-01,6.786732673645019531e-01,0.000000000000000000e+00
7.629504799842834473e-01,-5.946274101734161377e-02,-2.329273372888565063e-01,9.868686646223068237e-02,-6.455248594284057617e-01,-7.573364973068237305e-01,0.000000000000000000e+00
5.275049209594726562e-01,5.584844574332237244e-02,-3.485121726989746094e-01,5.394892767071723938e-02,-6.583238244056701660e-01,-7.507990598678588867e-01,0.000000000000000000e+00
-6.151325106620788574e-01,-4.384913146495819092e-01,1.117465943098068237e-01,-8.432305455207824707e-01,-4.897844195365905762e-01,2.215253561735153198e-01,0.000000000000000000e+00
-4.720476865768432617e-01,2.824191451072692871e-01,3.466543182730674744e-02,-2.470254339277744293e-02,7.401444315910339355e-01,6.719940900802612305e-01,0.000000000000000000e+00
-6.444713473320007324e-01,-3.208719491958618164e-01,-5.713935568928718567e-02,-1.887315064668655396e-01,-7.422889471054077148e-01,-6.429522037506103516e-01,0.000000000000000000e+00
-2.256773561239242554e-01,5.429307222366333008e-01,-2.376593351364135742e-01,-3.128655850887298584e-01,9.060416817665100098e-01,2.849623560905456543e-01,0.000000000000000000e+00
-5.799847841262817383e-01,-4.786244034767150879e-01,1.350169479846954346e-01,-7.172214984893798828e-01,-6.812000274658203125e-01,-1.468328088521957397e-01,0.000000000000000000e+00
8.600812554359436035e-01,-4.645968973636627197e-02,1.392973065376281738e-01,1.862518489360809326e-01,-6.777344346046447754e-01,7.113271355628967285e-01,0.000000000000000000e+00
4.540224671363830566e-01,-2.341131269931793213e-01,-9.271861612796783447e-02,5.225598439574241638e-02,-6.845927834510803223e-01,-7.270502448081970215e-01,0.000000000000000000e+00
-2.648514807224273682e-01,-2.234912663698196411e-01,-1.521509140729904175e-01,4.029500111937522888e-02,-6.832598447799682617e-01,-7.290626168251037598e-01,0.000000000000000000e+00
1.034059002995491028e-01,5.368605852127075195e-01,-2.152938991785049438e-01,-6.372677534818649292e-02,5.306235551834106445e-01,8.452085852622985840e-01,0.000000000000000000e+00
2.069087624549865723e-01,-4.401893541216850281e-02,3.368053734302520752e-01,5.774483457207679749e-02,7.212492227554321289e-01,6.902645230293273926e-01,0.000000000000000000e+00
2.229206711053848267e-01,6.923089027404785156e-01,-3.393249809741973877e-01,-1.131638586521148682e-01,6.710427403450012207e-01,7.327315807342529297e-01,0.000000000000000000e+00
-4.318878352642059326e-01,-3.517371118068695068e-01,6.146661043167114258e-01,-6.691287159919738770e-01,1.134209558367729187e-01,7.344402670860290527e-01,0.000000000000000000e+00
7.726131677627563477e-01,5.270499736070632935e-02,-3.075978159904479980e-01,8.579272031784057617e-01,2.237694263458251953e-01,-4.624804556369781494e-01,0.000000000000000000e+00
6.183843612670898438e-01,-3.444030880928039551e-01,5.274524912238121033e-02,5.053977370262145996e-01,-5.601691007614135742e-01,6.563411355018615723e-01,0.000000000000000000e+00
4.169713258743286133e-01,4.120991230010986328e-01,-6.807314157485961914e-01,9.710855782032012939e-02,-6.785654425621032715e-01,-7.280926108360290527e-01,0.000000000000000000e+00
1.770139187574386597e-01,2.754957079887390137e-01,-5.743157863616943359e-01,7.603174448013305664e-02,-6.438883543014526367e-01,-7.613323330879211426e-01,0.000000000000000000e+00
-1.223297491669654846e-01,-4.077405631542205811e-01,5.902423858642578125e-01,4.837192595005035400e-01,-5.289803147315979004e-01,6.972771883010864258e-01,0.000000000000000000e+00
-1.805654168128967285e-01,4.534578025341033936e-01,-3.907695412635803223e-01,-5.528708696365356445e-01,5.836588740348815918e-01,-5.947067141532897949e-01,0.000000000000000000e+00
2.600930929183959961e-01,-4.888703227043151855e-01,2.089029699563980103e-01,4.695582091808319092e-01,-7.796090245246887207e-01,4.143969714641571045e-01,0.000000000000000000e+00
-9.063897728919982910e-01,1.758467853069305420e-01,5.468015745282173157e-02,-8.479411602020263672e-01,-3.321342468261718750e-01,4.131375551223754883e-01,0.000000000000000000e+00
1.192883476614952087e-01,-4.962831437587738037e-01,3.116237819194793701e-01,5.021034479141235352e-01,-6.153197884559631348e-01,6.076789498329162598e-01,0.000000000000000000e+00
1.967515796422958374e-01,3.484684228897094727e-01,-6.387230753898620605e-01,-4.966147616505622864e-02,-7.212417125701904297e-01,-6.909009814262390137e-01,0.000000000000000000e+00
4.450189694762229919e-02,-9.601499140262603760e-02,-2.498998790979385376e-01,4.866772517561912537e-02,-6.768459677696228027e-01,-7.345141172409057617e-01,0.000000000000000000e+00
1.131010353565216064e-01,-1.374093592166900635e-01,4.338757395744323730e-01,5.342396348714828491e-02,6.084661483764648438e-01,7.917795181274414062e-01,0.000000000000000000e+00
-3.933065533638000488e-01,-4.089699685573577881e-01,6.608518958091735840e-01,-7.429752945899963379e-01,3.646159172058105469e-02,6.683249473571777344e-01,0.000000000000000000e+00
-9.180653840303421021e-02,3.230046033859252930e-01,-5.845280289649963379e-01,-4.999711513519287109e-01,5.895684361457824707e-01,-6.343799233436584473e-01,0.000000000000000000e+00
4.160437881946563721e-01,6.097781658172607422e-01,-2.254865020513534546e-01,-1.726240292191505432e-02,8.114778399467468262e-01,5.841281414031982422e-01,0.000000000000000000e+00
-2.958353757858276367e-01,-1.061453521251678467e-01,-2.577796876430511475e-01,1.046901196241378784e-02,-6.680613756179809570e-01,-7.440325617790222168e-01,0.000000000000000000e+00
4.672799706459045410e-01,4.453587234020233154e-01,-6.557397246360778809e-01,8.547989130020141602e-01,4.613415896892547607e-01,-2.376609891653060913e-01,0.000000000000000000e+00
-5.201057195663452148e-01,3.094585239887237549e-01,-2.411641329526901245e-01,-5.089262127876281738e-01,6.178948879241943359e-01,-5.993329882621765137e-01,0.000000000000000000e+00
1.444709002971649170e-01,1.913290917873382568e-01,9.493657201528549194e-02,4.407631233334541321e-02,7.098379731178283691e-01,7.029845714569091797e-01,0.000000000000000000e+00
-4.949537217617034912e-01,-3.388151824474334717e-01,-5.368756502866744995e-02,1.243442948907613754e-02,-5.650680065155029297e-01,-8.249506354331970215e-01,0.000000000000000000e+00
-8.327904343605041504e-01,2.483198940753936768e-01,-4.186542704701423645e-02,-5.001362562179565430e-01,6.336326003074645996e-01,-5.902316570281982422e-01,0.000000000000000000e+00
-3.569056391716003418e-01,-2.965536415576934814e-01,-8.865762501955032349e-02,2.440577186644077301e-02,-6.772083044052124023e-01,-7.353864908218383789e-01,0.000000000000000000e+00
6.807117257267236710e-03,5.148434042930603027e-01,-4.782918095588684082e-01,-4.811459183692932129e-01,6.119267344474792480e-01,-6.277294754981994629e-01,0.000000000000000000e+00
-5.636938214302062988e-01,1.567778587341308594e-01,-3.581141531467437744e-01,-5.095314383506774902e-01,6.336448788642883301e-01,-5.821270942687988281e-01,0.000000000000000000e+00
5.524830818176269531e-01,5.624922513961791992e-01,-2.713621556758880615e-01,8.626246452331542969e-01,4.158066213130950928e-01,-2.880686223506927490e-01,0.000000000000000000e+00
3.536373972892761230e-01,8.231269568204879761e-02,2.088673710823059082e-01,-5.263107642531394958e-02,6.783314347267150879e-01,7.328686714172363281e-01,0.000000000000000000e+00
9.647829085588455200e-02,-1.347247809171676636e-01,-2.104939222335815430e-01,5.276185274124145508e-02,-6.774750351905822754e-01,-7.336509823799133301e-01,0.000000000000000000e+00
8.758295178413391113e-01,1.432791799306869507e-01,2.196047306060791016e-01,1.755751818418502808e-01,6.664148569107055664e-01,7.246133685111999512e-01,0.000000000000000000e+00
2.706539928913116455e-01,5.352684259414672852e-01,-1.832048594951629639e-01,-1.390519887208938599e-01,6.054462194442749023e-01,7.836449742317199707e-01,0.000000000000000000e+00
-3.286544084548950195e-01,-1.552036106586456299e-01,4.727263152599334717e-01,6.434134673327207565e-03,6.783697605133056641e-01,7.346924543380737305e-01,0.000000000000000000e+00
-6.377532482147216797e-01,-6.236853078007698059e-02,-2.943429946899414062e-01,-6.290902383625507355e-03,-6.320868134498596191e-01,-7.748720645904541016e-01,0.000000000000000000e+00
-4.331761598587036133e-01,-3.305972218513488770e-01,6.085847020149230957e-01,-5.907955169677734375e-01,2.185234576463699341e-01,7.766647338867187500e-01,0.000000000000000000e+00
-9.157128334045410156e-01,1.761019602417945862e-02,-1.187540590763092041e-01,-8.426179885864257812e-01,-4.249961674213409424e-01,3.307161927223205566e-01,0.000000000000000000e+00
-4.168726205825805664e-01,3.782680034637451172e-01,-2.584562599658966064e-01,-5.056252479553222656e-01,6.142383217811584473e-01,-6.058501601219177246e-01,0.000000000000000000e+00
3.122907578945159912e-01,1.741817444562911987e-01,1.233589351177215576e-01,-9.573718905448913574e-02,6.562194228172302246e-01,7.484720945358276367e-01,0.000000000000000000e+00
1.919249445199966431e-02,-3.411741852760314941e-01,-2.203922159969806671e-02,5.517899245023727417e-02,-7.007028460502624512e-01,-7.113162279129028320e-01,0.000000000000000000e+00
-5.359159708023071289e-01,-4.007107764482498169e-02,-3.142701089382171631e-01,-1.037134695798158646e-02,-6.355984807014465332e-01,-7.719501256942749023e-01,0.000000000000000000e+00
-3.332448601722717285e-01,-4.577948153018951416e-01,6.119291484355926514e-02,4.813598841428756714e-02,-6.831255555152893066e-01,-7.287128567695617676e-01,0.000000000000000000e+00
3.887892141938209534e-02,2.228648513555526733e-01,6.956837326288223267e-02,-6.656172126531600952e-02,7.059456110000610352e-01,7.051314711570739746e-01,0.000000000000000000e+00
2.991960346698760986e-01,7.312840223312377930e-01,-4.931673407554626465e-01,-5.504986047744750977e-01,6.305184960365295410e-01,-5.471724867820739746e-01,0.000000000000000000e+00
2.088128775358200073e-01,2.544278800487518311e-01,4.015813395380973816e-02,-8.413816988468170166e-02,6.253897547721862793e-01,7.757630944252014160e-01,0.000000000000000000e+00
3.403741121292114258e-02,-3.025495111942291260e-01,-5.813809111714363098e-02,5.613898113369941711e-02,-6.887589693069458008e-01,-7.228136062622070312e-01,0.000000000000000000e+00
-4.204134941101074219e-01,1.825293898582458496e-01,1.444599628448486328e-01,1.270066108554601669e-02,7.243854403495788574e-01,6.892781853675842285e-01,0.000000000000000000e+00
-3.998122215270996094e-01,8.730061352252960205e-02,2.433621734380722046e-01,2.469161525368690491e-02,7.065677046775817871e-01,7.072145342826843262e-01,0.000000000000000000e+00
8.711054921150207520e-01,8.320356905460357666e-02,6.634496618062257767e-03,8.690586686134338379e-01,4.034046232700347900e-01,-2.863594293594360352e-01,0.000000000000000000e+00
3.875850141048431396e-01,-8.345143496990203857e-02,3.706624209880828857e-01,-1.724996045231819153e-02,7.159376740455627441e-01,6.979510784149169922e-01,0.000000000000000000e+00
-4.955427944660186768e-01,2.934859991073608398e-01,2.138405106961727142e-02,-3.240784257650375366e-02,7.517754435539245605e-01,6.586223840713500977e-01,0.000000000000000000e+00
-2.255333662033081055e-01,-1.896319836378097534e-01,4.962680041790008545e-01,4.580567777156829834e-02,6.525663137435913086e-01,7.563458681106567383e-01,0.000000000000000000e+00
-3.260052502155303955e-01,-8.966401964426040649e-02,4.125527739524841309e-01,3.623812273144721985e-02,6.868877410888671875e-01,7.258595228195190430e-01,0.000000000000000000e+00
5.446265935897827148e-01,-2.081818729639053345e-01,-1.108129397034645081e-01,5.225032567977905273e-02,-6.851541399955749512e-01,-7.265216708183288574e-01,0.000000000000000000e+00
-4.263411760330200195e-01,3.250311315059661865e-01,-3.041913211345672607e-01,-5.079061388969421387e-01,6.112827658653259277e-01,-6.069306135177612305e-01,0.000000000000000000e+00
2.154472321271896362e-01,7.229292988777160645e-01,-4.266782999038696289e-01,-4.940772354602813721e-01,6.054056882858276367e-01,-6.239964962005615234e-01,0.000000000000000000e+00
-6.547651886940002441e-01,2.487419843673706055e-01,-1.899082511663436890e-01,-4.823890328407287598e-01,6.198313832283020020e-01,-6.189586520195007324e-01,0.000000000000000000e+00
5.984370708465576172e-01,1.421119719743728638e-01,-4.186000227928161621e-01,6.948472559452056885e-02,-6.882482171058654785e-01,-7.221400737762451172e-01,0.000000000000000000e+00
-7.924240231513977051e-01,-9.330231696367263794e-02,7.979070395231246948e-02,-8.944524526596069336e-01,-3.477377891540527344e-01,2.811284363269805908e-01,0.000000000000000000e+00
-4.056230187416076660e-01,-4.202686250209808350e-01,6.378477811813354492e-01,-8.318472504615783691e-01,-2.162615805864334106e-01,5.111370682716369629e-01,0.000000000000000000e+00
7.043890357017517090e-01,-2.705247402191162109e-01,4.761979356408119202e-02,4.390217363834381104e-01,-6.067880392074584961e-01,6.626221537590026855e-01,0.000000000000000000e+00
-5.652813911437988281e-01,-3.384073376655578613e-01,3.869181871414184570e-01,-6.678216457366943359e-01,1.479534804821014404e-01,7.294683456420898438e-01,0.000000000000000000e+00
-3.340947628021240234e-01,-5.731138586997985840e-01,1.710717678070068359e-01,1.042394526302814484e-02,-6.850280761718750000e-01,-7.284420728683471680e-01,0.000000000000000000e+00
-4.503599181771278381e-02,-4.572058022022247314e-01,4.844961464405059814e-01,4.981739521026611328e-01,-6.066446900367736816e-01,6.195198893547058105e-01,0.000000000000000000e+00
-6.297210454940795898e-01,-2.790184617042541504e-01,2.954679727554321289e-01,-8.657736778259277344e-01,-3.791328370571136475e-01,3.266409039497375488e-01,0.000000000000000000e+00
4.048098623752593994e-01,-2.652846574783325195e-01,3.111532330513000488e-01,5.032482743263244629e-01,-6.154277324676513672e-01,6.066216230392456055e-01,0.000000000000000000e+00
-9.201668500900268555e-01,1.937572658061981201e-01,4.145405814051628113e-02,-8.276039958000183105e-01,-3.707327544689178467e-01,4.214604198932647705e-01,0.000000000000000000e+00
3.192175924777984619e-02,-2.680204808712005615e-01,-9.098876267671585083e-02,5.527291819453239441e-02,-6.853048205375671387e-01,-7.261557579040527344e-01,0.000000000000000000e+00
-5.809923633933067322e-03,1.608599424362182617e-01,-4.810971021652221680e-01,1.610958762466907501e-02,-6.569126844406127930e-01,-7.537945508956909180e-01,0.000000000000000000e+00
5.257509946823120117e-01,2.138192653656005859e-01,-4.911065101623535156e-01,4.799981415271759033e-02,-6.897605061531066895e-01,-7.224448323249816895e-01,0.000000000000000000e+00
-4.867526590824127197e-01,5.578759312629699707e-02,-3.930148184299468994e-01,-1.786934770643711090e-02,-6.308795213699340820e-01,-7.756749987602233887e-01,0.000000000000000000e+00
-7.632657885551452637e-01,2.000254541635513306e-01,-1.515698581933975220e-01,-4.953846037387847900e-01,6.045184135437011719e-01,-6.238201260566711426e-01,0.000000000000000000e+00
-9.245194196701049805e-01,6.707376241683959961e-02,-1.558844894170761108e-01,-5.074497461318969727e-01,6.218323707580566406e-01,-5.965058803558349609e-01,0.000000000000000000e+00
-8.747451305389404297e-01,-9.790646843612194061e-03,-4.211116209626197815e-02,-8.645560145378112793e-01,-3.864195644855499268e-01,3.212830722332000732e-01,0.000000000000000000e+00
1.812613159418106079e-01,-4.274662137031555176e-01,3.310127556324005127e-01,4.919093251228332520e-01,-6.246462464332580566e-01,6.064999699592590332e-01,0.000000000000000000e+00
-3.349131718277931213e-02,-4.554628729820251465e-01,4.769194424152374268e-01,4.981739521026611328e-01,-6.066446900367736816e-01,6.195198893547058105e-01,0.000000000000000000e+00
-2.235644459724426270e-01,2.667842507362365723e-01,-5.310812592506408691e-01,-5.205381512641906738e-01,5.750970840454101562e-01,-6.311128139495849609e-01,0.000000000000000000e+00
3.413568735122680664e-01,-2.871308624744415283e-01,3.409297764301300049e-01,4.952567815780639648e-01,-6.115430593490600586e-01,6.170378923416137695e-01,0.000000000000000000e+00
-3.658431768417358398e-01,-4.409862160682678223e-01,4.386054724454879761e-02,6.740517914295196533e-02,-6.289145946502685547e-01,-7.745469212532043457e-01,0.000000000000000000e+00
2.663715183734893799e-01,6.684430241584777832e-01,-3.059859573841094971e-01,-1.265638470649719238e-01,7.189933061599731445e-01,6.833960413932800293e-01,0.000000000000000000e+00
-8.420883864164352417e-02,-5.826885104179382324e-01,2.114640623331069946e-01,6.944254785776138306e-02,-7.234171032905578613e-01,-6.869100332260131836e-01,0.000000000000000000e+00
8.692705631256103516e-01,3.629738837480545044e-02,-6.410492956638336182e-02,8.826156258583068848e-01,3.950732946395874023e-01,-2.547679841518402100e-01,0.000000000000000000e+00
5.324000120162963867e-01,3.959679901599884033e-01,-5.312814712524414062e-01,8.659769892692565918e-01,4.182408452033996582e-01,-2.741504013538360596e-01,0.000000000000000000e+00
4.041632115840911865e-01,4.930969774723052979e-01,-7.530802488327026367e-01,1.931921094655990601e-01,-5.558858513832092285e-01,-8.084971904754638672e-01,0.000000000000000000e+00
7.105352878570556641e-01,-2.883438020944595337e-02,2.788527905941009521e-01,5.356179475784301758e-01,-6.566538214683532715e-01,5.309606194496154785e-01,0.000000000000000000e+00
-2.669817768037319183e-02,2.727978229522705078e-01,-5.777893066406250000e-01,2.436257898807525635e-03,-6.467266082763671875e-01,-7.627179622650146484e-01,0.000000000000000000e+00
-5.645902752876281738e-01,-3.450155258178710938e-02,3.605087101459503174e-01,-5.968415364623069763e-02,6.751461625099182129e-01,7.352655529975891113e-01,0.000000000000000000e+00
-1.101399865001440048e-02,5.415981411933898926e-01,-4.382626414299011230e-01,-4.952320158481597900e-01,5.818546414375305176e-01,-6.451281905174255371e-01,0.000000000000000000e+00
-4.724422693252563477e-01,-5.993646383285522461e-01,3.030508756637573242e-01,-8.468292951583862305e-01,-4.515288770198822021e-01,2.810726165771484375e-01,0.000000000000000000e+00
-7.087076306343078613e-01,-9.502863883972167969e-02,2.603683769702911377e-01,-8.531971573829650879e-01,-3.065034747123718262e-01,4.220311343669891357e-01,0.000000000000000000e+00
-7.733821868896484375e-01,1.599550060927867889e-02,2.083512693643569946e-01,-8.540257215499877930e-01,-3.042145073413848877e-01,4.220114052295684814e-01,0.000000000000000000e+00
-2.758621275424957275e-01,8.856943249702453613e-02,2.366401553153991699e-01,3.855362161993980408e-02,7.133088707923889160e-01,6.997885704040527344e-01,0.000000000000000000e+00
3.647767007350921631e-01,-1.402341425418853760e-01,4.279678761959075928e-01,-2.540784142911434174e-02,6.663432121276855469e-01,7.452121376991271973e-01,0.000000000000000000e+00
2.936276495456695557e-01,-4.687027633190155029e-01,1.290756314992904663e-01,4.290493577718734741e-02,-6.795359253883361816e-01,-7.323865890502929688e-01,0.000000000000000000e+00
-6.962886452674865723e-01,1.239508837461471558e-01,-2.830300331115722656e-01,-4.882434606552124023e-01,6.191226840019226074e-01,-6.150653958320617676e-01,0.000000000000000000e+00
6.738216429948806763e-02,-3.947063684463500977e-01,4.559356570243835449e-01,4.951060712337493896e-01,-6.090906262397766113e-01,6.195793747901916504e-01,0.000000000000000000e+00
5.124682188034057617e-01,-2.365306466817855835e-01,-8.615645766258239746e-02,5.567365139722824097e-02,-6.922392249107360840e-01,-7.195174098014831543e-01,0.000000000000000000e+00
6.290991902351379395e-01,3.016377612948417664e-02,2.970083355903625488e-01,-1.231705099344253540e-01,6.373890638351440430e-01,7.606340646743774414e-01,0.000000000000000000e+00
2.118879109621047974e-01,-1.490531861782073975e-01,-1.892991960048675537e-01,5.283928662538528442e-02,-6.753146648406982422e-01,-7.356345057487487793e-01,0.000000000000000000e+00
-3.654465675354003906e-01,-2.887171804904937744e-01,5.887842774391174316e-01,1.509312167763710022e-02,6.554987430572509766e-01,7.550454139709472656e-01,0.000000000000000000e+00
5.918499827384948730e-01,-1.163190677762031555e-01,3.023251295089721680e-01,5.418420433998107910e-01,-5.955266952514648438e-01,5.930895209312438965e-01,0.000000000000000000e+00
-5.396184325218200684e-01,-5.175732970237731934e-01,2.276341766119003296e-01,-8.293313980102539062e-01,-4.992725253105163574e-01,2.508713304996490479e-01,0.000000000000000000e+00
8.695536851882934570e-01,-1.637271344661712646e-01,-1.310335248708724976e-01,7.561105489730834961e-02,-7.004981637001037598e-01,-7.096374630928039551e-01,0.000000000000000000e+00
-5.021314024925231934e-01,-4.405921101570129395e-01,4.430337995290756226e-02,-5.373035371303558350e-02,-7.074367403984069824e-01,-7.047313451766967773e-01,0.000000000000000000e+00
-1.537575758993625641e-02,3.185484707355499268e-01,-6.165714859962463379e-01,-7.329572737216949463e-02,-6.254507899284362793e-01,-7.768133878707885742e-01,0.000000000000000000e+00
2.902627885341644287e-01,1.430759876966476440e-01,1.480355113744735718e-01,-7.225643098354339600e-02,6.704336404800415039e-01,7.384427785873413086e-01,0.000000000000000000e+00
2.146540582180023193e-01,-2.705136537551879883e-01,-7.527388632297515869e-02,5.897543579339981079e-02,-6.975087523460388184e-01,-7.141452431678771973e-01,0.000000000000000000e+00
5.735091567039489746e-01,-1.754816770553588867e-01,-1.396532952785491943e-01,4.715017601847648621e-02,-6.846853494644165039e-01,-7.273120880126953125e-01,0.000000000000000000e+00
-3.458192944526672363e-01,-5.548748373985290527e-01,1.537520289421081543e-01,1.042394526302814484e-02,-6.850280761718750000e-01,-7.284420728683471680e-01,0.000000000000000000e+00
4.847379922866821289e-01,6.454759240150451660e-01,-3.544454872608184814e-01,8.661178350448608398e-01,4.087960422039031982e-01,-2.876206934452056885e-01,0.000000000000000000e+00
-7.634555101394653320e-01,6.726869195699691772e-02,-2.842883467674255371e-01,-5.002058148384094238e-01,6.054204702377319336e-01,-6.190801262855529785e-01,0.000000000000000000e+00
-7.634731382131576538e-02,4.205086827278137207e-01,-1.280332058668136597e-01,5.073609575629234314e-02,7.233849763870239258e-01,6.885782480239868164e-01,0.000000000000000000e+00
-1.198609024286270142e-01,3.452162444591522217e-01,-5.414057970046997070e-01,-4.944272041320800781e-01,5.818225741386413574e-01,-6.457741260528564453e-01,0.000000000000000000e+00
3.981216847896575928e-01,6.592462062835693359e-01,-5.943301320075988770e-01,8.645802140235900879e-01,4.168748557567596436e-01,-2.805643677711486816e-01,0.000000000000000000e+00
-2.770232260227203369e-01,-2.678784728050231934e-01,5.632639527320861816e-01,6.932608783245086670e-02,6.169386506080627441e-01,7.839519381523132324e-01,0.000000000000000000e+00
5.613645315170288086e-01,-1.813935637474060059e-01,-1.348814070224761963e-01,5.181290581822395325e-02,-6.858218312263488770e-01,-7.259227633476257324e-01,0.000000000000000000e+00
4.979372024536132812e-01,3.911895453929901123e-01,-1.711103692650794983e-02,-2.009358704090118408e-01,6.216338276863098145e-01,7.570971846580505371e-01,0.000000000000000000e+00
4.177302122116088867e-01,6.976178884506225586e-01,-4.759059548377990723e-01,8.699047565460205078e-01,4.046660959720611572e-01,-2.819770276546478271e-01,0.000000000000000000e+00
9.300882816314697266e-01,-1.573513448238372803e-01,2.668383531272411346e-03,3.481436371803283691e-01,-7.284736037254333496e-01,5.900188088417053223e-01,0.000000000000000000e+00
7.762509584426879883e-01,-5.117678642272949219e-02,1.807363331317901611e-01,5.299791097640991211e-01,-4.635719060897827148e-01,7.100867629051208496e-01,0.000000000000000000e+00
-6.000488400459289551e-01,3.388211131095886230e-01,-1.452856957912445068e-01,-5.315777659416198730e-01,5.580039620399475098e-01,-6.372257471084594727e-01,0.000000000000000000e+00
-6.926083564758300781e-02,4.235676229000091553e-01,-1.317089647054672241e-01,1.803953759372234344e-02,7.019175291061401367e-01,7.120297551155090332e-01,0.000000000000000000e+00
-1.135220974683761597e-01,-3.076860010623931885e-01,5.781525373458862305e-01,6.732761859893798828e-02,5.848543643951416016e-01,8.083392381668090820e-01,0.000000000000000000e+00
-6.425390839576721191e-01,-2.637885510921478271e-01,2.791707515716552734e-01,-8.657736778259277344e-01,-3.791328370571136475e-01,3.266409039497375488e-01,0.000000000000000000e+00
4.437837600708007812e-01,-3.321354687213897705e-01,2.113000005483627319e-01,5.149579048156738281e-01,-6.180359721183776855e-01,5.940117239952087402e-01,0.000000000000000000e+00
3.210441768169403076e-01,-2.177978903055191040e-01,-1.178702041506767273e-01,5.552050098776817322e-02,-6.851212978363037109e-01,-7.263100147247314453e-01,0.000000000000000000e+00
4.724665582180023193e-01,4.669873416423797607e-01,-6.042336225509643555e-01,8.617109656333923340e-01,4.347161650657653809e-01,-2.616793215274810791e-01,0.000000000000000000e+00
-1.777366399765014648e-01,7.946731150150299072e-02,-4.150166809558868408e-01,5.534388590604066849e-03,-6.489879488945007324e-01,-7.607785463333129883e-01,0.000000000000000000e+00
-5.315511226654052734e-01,-5.296601653099060059e-01,2.321963310241699219e-01,-8.513935208320617676e-01,-4.723990857601165771e-01,2.279652953147888184e-01,0.000000000000000000e+00
8.343923687934875488e-01,-1.599293798208236694e-01,-1.374586373567581177e-01,7.124084234237670898e-02,-6.888958811759948730e-01,-7.213509082794189453e-01,0.000000000000000000e+00
8.692709207534790039e-01,1.058715209364891052e-01,3.242560848593711853e-02,8.662454485893249512e-01,4.028026461601257324e-01,-2.955821752548217773e-01,0.000000000000000000e+00
-4.198316931724548340e-01,-5.284276604652404785e-01,5.461837053298950195e-01,-8.227273821830749512e-01,-4.770598411560058594e-01,3.090849518775939941e-01,0.000000000000000000e+00
7.815241217613220215e-01,-7.097987830638885498e-02,1.566390395164489746e-01,5.153400897979736328e-01,-3.320105671882629395e-01,7.900592088699340820e-01,0.000000000000000000e+00
5.655095577239990234e-01,2.716037631034851074e-01,9.690406918525695801e-02,-2.131029069423675537e-01,6.655213236808776855e-01,7.153100967407226562e-01,0.000000000000000000e+00
-8.485250473022460938e-01,2.053055725991725922e-02,5.405346676707267761e-02,-7.989338636398315430e-01,3.977562114596366882e-02,6.001021265983581543e-01,0.000000000000000000e+00
-3.600899577140808105e-01,3.673559427261352539e-01,-3.172219395637512207e-01,-5.105927586555480957e-01,6.083651185035705566e-01,-6.076074838638305664e-01,0.000000000000000000e+00
1.155121531337499619e-02,1.576326414942741394e-02,2.918524742126464844e-01,5.922835320234298706e-02,7.174921035766601562e-01,6.940439939498901367e-01,0.000000000000000000e+00
-5.198488235473632812e-01,3.826572000980377197e-02,2.934576869010925293e-01,-6.517292000353336334e-03,7.012735009193420410e-01,7.128625512123107910e-01,0.000000000000000000e+00
-3.195062875747680664e-01,-4.286944866180419922e-01,6.817485690116882324e-01,2.016482800245285034e-01,5.379341840744018555e-01,8.185137510299682617e-01,0.000000000000000000e+00
6.274515986442565918e-01,1.985529512166976929e-01,-4.653900861740112305e-01,8.272921293973922729e-02,-6.395045518875122070e-01,-7.643231153488159180e-01,0.000000000000000000e+00
1.170855090022087097e-01,2.716389000415802002e-01,-5.736928582191467285e-01,5.593381077051162720e-02,-6.555324196815490723e-01,-7.530927062034606934e-01,0.000000000000000000e+00
-7.592314481735229492e-01,1.692882031202316284e-01,-1.855821162462234497e-01,-4.896493852138519287e-01,6.390359997749328613e-01,-5.931918025016784668e-01,0.000000000000000000e+00
-2.870825231075286865e-01,-4.805943965911865234e-01,8.607026189565658569e-02,5.563490837812423706e-02,-6.916885375976562500e-01,-7.200498580932617188e-01,0.000000000000000000e+00
-6.215402856469154358e-03,-3.658793866634368896e-01,5.409743189811706543e-01,4.755251705646514893e-01,-5.049157142639160156e-01,7.203720808029174805e-01,0.000000000000000000e+00
-2.385862618684768677e-01,-3.316863477230072021e-01,-5.037762597203254700e-02,5.393009632825851440e-02,-6.895748376846313477e-01,-7.222036123275756836e-01,0.000000000000000000e+00
3.067334592342376709e-01,7.561326026916503906e-01,-4.709347486495971680e-01,-5.078273415565490723e-01,6.665549874305725098e-01,-5.457250475883483887e-01,0.000000000000000000e+00
-6.593654688913375139e-05,-3.010706044733524323e-02,-3.126489520072937012e-01,4.409226402640342712e-02,-6.695509552955627441e-01,-7.414562702178955078e-01,0.000000000000000000e+00
-1.321907527744770050e-02,-1.244603842496871948e-01,4.275292754173278809e-01,-3.056494705379009247e-02,6.570505499839782715e-01,7.532266378402709961e-01,0.000000000000000000e+00
-3.890665471553802490e-01,4.435508325695991516e-02,-3.855895400047302246e-01,-1.797147095203399658e-02,-6.352002024650573730e-01,-7.721384167671203613e-01,0.000000000000000000e+00
-4.385205507278442383e-01,-3.823780417442321777e-01,-1.179235056042671204e-02,1.081241443753242493e-01,-5.872443318367004395e-01,-8.021553754806518555e-01,0.000000000000000000e+00
5.952003598213195801e-01,1.161329150199890137e-01,-3.957980871200561523e-01,6.978315860033035278e-02,-6.484090089797973633e-01,-7.580870985984802246e-01,0.000000000000000000e+00
-5.819793939590454102e-01,-3.676036596298217773e-01,3.192507624626159668e-01,-8.748053312301635742e-01,-3.712872266769409180e-01,3.112256526947021484e-01,0.000000000000000000e+00
-4.867568314075469971e-01,-4.478581715375185013e-03,3.351390957832336426e-01,4.011853039264678955e-02,7.083413004875183105e-01,7.047290802001953125e-01,0.000000000000000000e+00
-7.386692762374877930e-01,4.467443749308586121e-02,-3.259234130382537842e-01,-4.961606860160827637e-01,6.016248464584350586e-01,-6.259968876838684082e-01,0.000000000000000000e+00
-8.508546352386474609e-01,-1.344082355499267578e-01,-2.136295437812805176e-01,-4.108212292194366455e-01,-7.809644937515258789e-01,-4.704469442367553711e-01,0.000000000000000000e+00
-2.046205699443817139e-01,-4.820316731929779053e-01,5.881424546241760254e-01,5.063459277153015137e-01,-5.922717452049255371e-01,6.267598867416381836e-01,0.000000000000000000e+00
-1.913705468177795410e-01,9.543594717979431152e-02,-4.287931323051452637e-01,7.414750754833221436e-03,-6.527977585792541504e-01,-7.574959397315979004e-01,0.000000000000000000e+00
6.056374683976173401e-02,8.249354548752307892e-03,-3.437183201313018799e-01,-1.610540971159934998e-02,-6.714138984680175781e-01,-7.409075498580932617e-01,0.000000000000000000e+00
6.984838247299194336e-01,-1.721017360687255859e-01,1.405717134475708008e-01,5.858307480812072754e-01,-5.615069270133972168e-01,5.843905210494995117e-01,0.000000000000000000e+00
-8.249722719192504883e-01,-1.832974106073379517e-01,-1.515854448080062866e-01,-8.179823756217956543e-01,-5.716886520385742188e-01,6.385061144828796387e-02,0.000000000000000000e+00
-4.235451221466064453e-01,3.305505514144897461e-01,-3.009721934795379639e-01,-5.079061388969421387e-01,6.112827658653259277e-01,-6.069306135177612305e-01,0.000000000000000000e+00
4.884305223822593689e-02,-5.792868137359619141e-01,2.230330705642700195e-01,8.912844210863113403e-02,-7.240921854972839355e-01,-6.839200258255004883e-01,0.000000000000000000e+00
-2.248264253139495850e-01,5.435116291046142578e-01,-2.386464923620223999e-01,-2.973019182682037354e-01,9.186062216758728027e-01,2.603347003459930420e-01,0.000000000000000000e+00
-1.116067841649055481e-01,9.658642858266830444e-02,2.178991585969924927e-01,5.543792247772216797e-02,7.227376699447631836e-01,6.888954043388366699e-01,0.000000000000000000e+00
-5.646979808807373047e-01,9.925986081361770630e-02,2.316673696041107178e-01,-4.916700720787048340e-02,7.410539388656616211e-01,6.696429252624511719e-01,0.000000000000000000e+00
2.314917743206024170e-01,-8.056526631116867065e-02,-2.504031360149383545e-01,5.499355494976043701e-02,-6.706860661506652832e-01,-7.396999001502990723e-01,0.000000000000000000e+00
9.410918951034545898e-01,-7.096297293901443481e-02,7.545560598373413086e-02,9.621410965919494629e-01,-1.820682585239410400e-01,2.028192132711410522e-01,0.000000000000000000e+00
3.066936731338500977e-01,-4.135245382785797119e-01,7.438559085130691528e-02,5.456611141562461853e-02,-7.102165818214416504e-01,-7.018653154373168945e-01,0.000000000000000000e+00
7.588789463043212891e-01,1.765090227127075195e-01,1.969038844108581543e-01,-2.794053964316844940e-02,4.275922179222106934e-01,9.035398364067077637e-01,0.000000000000000000e+00
5.825982615351676941e-02,-4.267195165157318115e-01,4.316063523292541504e-01,4.944108128547668457e-01,-6.141668558120727539e-01,6.151072978973388672e-01,0.000000000000000000e+00
4.436357617378234863e-01,2.734928131103515625e-01,6.851851195096969604e-02,-1.822918355464935303e-01,6.086060404777526855e-01,7.722489237785339355e-01,0.000000000000000000e+00
8.360803127288818359e-01,1.698916107416152954e-01,2.162988297641277313e-02,8.640117645263671875e-01,4.165867269039154053e-01,-2.827350795269012451e-01,0.000000000000000000e+00
-8.463612198829650879e-02,-6.640372872352600098e-01,3.113458752632141113e-01,5.282306075096130371e-01,-6.054062843322753906e-01,5.953617691993713379e-01,0.000000000000000000e+00
4.571083188056945801e-01,2.669032812118530273e-01,-5.463104844093322754e-01,8.222828060388565063e-02,-6.365557909011840820e-01,-7.668345570564270020e-01,0.000000000000000000e+00
2.637273371219635010e-01,2.871927917003631592e-01,2.163729071617126465e-02,-1.345123350620269775e-01,6.722274422645568848e-01,7.280224561691284180e-01,0.000000000000000000e+00
-3.856361284852027893e-02,2.977629601955413818e-01,-2.030425239354372025e-03,1.512534171342849731e-01,7.711240053176879883e-01,6.184578537940979004e-01,0.000000000000000000e+00
-7.385738492012023926e-01,-1.980724036693572998e-01,1.017479449510574341e-01,-8.753535747528076172e-01,-3.755557239055633545e-01,3.044897913932800293e-01,0.000000000000000000e+00
-4.703142940998077393e-01,-3.789119422435760498e-01,-1.584788598120212555e-02,4.309526830911636353e-02,-6.852641701698303223e-01,-7.270184755325317383e-01,0.000000000000000000e+00
2.256155759096145630e-01,1.443625241518020630e-01,-4.544757604598999023e-01,1.118033891543745995e-03,-7.592862844467163086e-01,-6.507557630538940430e-01,0.000000000000000000e+00
-6.293308138847351074e-01,3.688617646694183350e-01,-8.302380144596099854e-02,-3.360177576541900635e-01,9.351924657821655273e-01,1.118352711200714111e-01,0.000000000000000000e+00
3.654032712802290916e-03,3.405649065971374512e-01,-5.195818468928337097e-02,7.237289845943450928e-02,7.411357760429382324e-01,6.674427986145019531e-01,0.000000000000000000e+00
-1.747853755950927734e-01,2.878308892250061035e-01,2.145532704889774323e-02,5.697714909911155701e-02,7.368569970130920410e-01,6.736433506011962891e-01,0.000000000000000000e+00
-1.991259306669235229e-01,4.663437902927398682e-01,-3.611177504062652588e-01,-5.419002175331115723e-01,5.866654515266418457e-01,-6.018037796020507812e-01,0.000000000000000000e+00
2.554772794246673584e-01,1.288255490362644196e-02,2.743753790855407715e-01,2.017483487725257874e-02,7.152429223060607910e-01,6.985846161842346191e-01,0.000000000000000000e+00
3.478219509124755859e-01,1.048031821846961975e-01,-4.073520898818969727e-01,4.963422566652297974e-02,-7.346431612968444824e-01,-6.766356825828552246e-01,0.000000000000000000e+00
-9.238073825836181641e-01,-4.508971795439720154e-02,-2.430496066808700562e-01,-8.874094486236572266e-01,-3.570703566074371338e-01,2.915565669536590576e-01,0.000000000000000000e+00
-2.325439304113388062e-01,-4.819575846195220947e-01,9.231104701757431030e-02,7.054157555103302002e-02,-6.970412135124206543e-01,-7.135527133941650391e-01,0.000000000000000000e+00
4.280058741569519043e-01,5.744929313659667969e-01,-6.171668767929077148e-01,8.846015930175781250e-01,3.688472509384155273e-01,-2.853625416755676270e-01,0.000000000000000000e+00
-3.669578731060028076e-01,4.064530432224273682e-01,-2.719214260578155518e-01,-5.155693888664245605e-01,6.143388748168945312e-01,-5.973072648048400879e-01,0.000000000000000000e+00
-6.720325350761413574e-01,-2.497290447354316711e-02,3.147996068000793457e-01,-3.944168388843536377e-01,4.582719206809997559e-01,7.965062260627746582e-01,0.000000000000000000e+00
4.711385369300842285e-01,-3.867263793945312500e-01,5.935580655932426453e-02,4.825809225440025330e-02,-7.113833427429199219e-01,-7.011454105377197266e-01,0.000000000000000000e+00
-5.099478363990783691e-01,-9.702186286449432373e-02,4.226807057857513428e-01,-6.986218690872192383e-02,6.652727127075195312e-01,7.433246374130249023e-01,0.000000000000000000e+00
2.082286328077316284e-01,8.955463767051696777e-02,1.973765939474105835e-01,3.376152366399765015e-02,6.849073171615600586e-01,7.278475761413574219e-01,0.000000000000000000e+00
9.019250273704528809e-01,1.149721443653106689e-01,1.424689888954162598e-01,8.646121621131896973e-01,4.171998798847198486e-01,-2.799821794033050537e-01,0.000000000000000000e+00
-1.603446453809738159e-01,-4.169197976589202881e-01,6.132773160934448242e-01,5.091742873191833496e-01,-6.031383275985717773e-01,6.139753460884094238e-01,0.000000000000000000e+00
-6.652328372001647949e-01,-1.750392839312553406e-02,3.146023154258728027e-01,-4.422894716262817383e-01,4.066819250583648682e-01,7.993683815002441406e-01,0.000000000000000000e+00
-3.568755686283111572e-01,-6.616175174713134766e-01,5.226935148239135742e-01,-6.363063454627990723e-01,-5.717760920524597168e-01,5.178670883178710938e-01,0.000000000000000000e+00
-1.442906260490417480e-01,-4.605111479759216309e-01,5.601510405540466309e-01,4.967089593410491943e-01,-5.933718681335449219e-01,6.333956718444824219e-01,0.000000000000000000e+00
3.608785867691040039e-01,6.912055015563964844e-01,-5.781089663505554199e-01,2.662623226642608643e-01,7.336272001266479492e-01,-6.252163648605346680e-01,0.000000000000000000e+00
5.236274003982543945e-01,4.986115396022796631e-01,-4.416305124759674072e-01,8.659811019897460938e-01,3.941299617290496826e-01,-3.077958822250366211e-01,0.000000000000000000e+00
-3.663668036460876465e-01,-2.056973129510879517e-01,-1.721857339143753052e-01,1.392685025930404663e-01,-6.320824623107910156e-01,-7.622834444046020508e-01,0.000000000000000000e+00
-1.248953416943550110e-01,3.669096231460571289e-01,-5.177631974220275879e-01,-4.605119526386260986e-01,5.735064744949340820e-01,-6.775094866752624512e-01,0.000000000000000000e+00
-3.035178184509277344e-01,-2.467641532421112061e-01,-1.324318200349807739e-01,3.606407344341278076e-02,-6.830863356590270996e-01,-7.294466495513916016e-01,0.000000000000000000e+00
-4.946888685226440430e-01,-3.574706614017486572e-01,5.119040608406066895e-01,-8.538317084312438965e-01,-2.948361635208129883e-01,4.290023446083068848e-01,0.000000000000000000e+00
-1.644573062658309937e-01,3.728706240653991699e-01,-4.793034493923187256e-01,-5.101145505905151367e-01,5.891893506050109863e-01,-6.266091465950012207e-01,0.000000000000000000e+00
-5.482443571090698242e-01,3.516843542456626892e-02,-3.748158812522888184e-01,-2.121558971703052521e-02,-6.257935166358947754e-01,-7.797002196311950684e-01,0.000000000000000000e+00
-6.979092359542846680e-01,-1.591859757900238037e-01,2.326362729072570801e-01,-8.629481792449951172e-01,-3.203875124454498291e-01,3.907329738140106201e-01,0.000000000000000000e+00
-1.911221742630004883e-01,5.407072305679321289e-01,-2.385642677545547485e-01,7.932909578084945679e-02,6.903238296508789062e-01,7.191383242607116699e-01,0.000000000000000000e+00
2.518765926361083984e-01,-2.669497132301330566e-01,-7.579452544450759888e-02,5.245440080761909485e-02,-6.949670910835266113e-01,-7.171257138252258301e-01,0.000000000000000000e+00
7.772445678710937500e-01,2.694650590419769287e-01,-1.491222530603408813e-02,8.651146888732910156e-01,4.100133776664733887e-01,-2.889041900634765625e-01,0.000000000000000000e+00
-5.348246544599533081e-02,5.209319591522216797e-01,-2.213780283927917480e-01,2.131816186010837555e-02,6.599127054214477539e-01,7.510398030281066895e-01,0.000000000000000000e+00
8.249083757400512695e-01,1.164012625813484192e-01,-8.609630167484283447e-02,8.813416361808776855e-01,3.889540135860443115e-01,-2.682381868362426758e-01,0.000000000000000000e+00
-6.997954845428466797e-01,-2.888275086879730225e-01,8.877622336149215698e-02,-8.326700925827026367e-01,-4.540059864521026611e-01,3.170790374279022217e-01,0.000000000000000000e+00
-2.882806658744812012e-01,-5.928159952163696289e-01,5.517755746841430664e-01,5.152794718742370605e-01,-5.996050238609313965e-01,6.123404502868652344e-01,0.000000000000000000e+00
-4.066158533096313477e-01,-6.775610446929931641e-01,2.918431460857391357e-01,-2.009036839008331299e-01,-7.386363744735717773e-01,-6.434702873229980469e-01,0.000000000000000000e+00
-5.180858075618743896e-02,9.243469685316085815e-02,2.169849723577499390e-01,6.088229268789291382e-02,7.244113087654113770e-01,6.866743564605712891e-01,0.000000000000000000e+00
5.728834867477416992e-01,-2.438586503267288208e-01,1.930668503046035767e-01,4.849772751331329346e-01,-6.173614859580993652e-01,6.194044351577758789e-01,0.000000000000000000e+00
2.363779246807098389e-01,6.530012488365173340e-01,-2.961415946483612061e-01,-1.409260034561157227e-01,7.004355192184448242e-01,6.996641755104064941e-01,0.000000000000000000e+00
3.721632361412048340e-01,5.225651264190673828e-01,-7.670854926109313965e-01,-3.981009125709533691e-01,6.585562229156494141e-01,-6.386073827743530273e-01,0.000000000000000000e+00
3.677560985088348389e-01,2.736327238380908966e-02,2.613479495048522949e-01,-8.752212673425674438e-02,7.372801303863525391e-01,6.698939204216003418e-01,0.000000000000000000e+00
-7.215175628662109375e-01,3.269821703433990479e-01,-4.945115000009536743e-02,-5.072335004806518555e-01,6.930950880050659180e-01,-5.121848583221435547e-01,0.000000000000000000e+00
5.894995331764221191e-01,-1.847111247479915619e-02,-2.798062860965728760e-01,4.539012163877487183e-02,-6.585169434547424316e-01,-7.511958479881286621e-01,0.000000000000000000e+00
2.311669886112213135e-01,-3.462017774581909180e-01,3.713343739509582520e-01,4.928618371486663818e-01,-6.095340251922607422e-01,6.209311485290527344e-01,0.000000000000000000e+00
-6.484424471855163574e-01,-1.539960056543350220e-01,-2.175938785076141357e-01,5.542453005909919739e-02,-6.151796579360961914e-01,-7.864363193511962891e-01,0.000000000000000000e+00
-3.478741049766540527e-01,-7.191525101661682129e-01,4.686895608901977539e-01,-6.590877175331115723e-01,-5.768467783927917480e-01,4.825465679168701172e-01,0.000000000000000000e+00
-6.441065669059753418e-01,-1.064229458570480347e-01,3.730904757976531982e-01,-4.401431977748870850e-01,4.085241258144378662e-01,7.996136546134948730e-01,0.000000000000000000e+00
-9.147299081087112427e-02,-1.777876541018486023e-02,3.329743742942810059e-01,4.234231635928153992e-02,6.989738941192626953e-01,7.138925790786743164e-01,0.000000000000000000e+00
-1.819531470537185669e-01,-6.141214370727539062e-01,4.421737492084503174e-01,5.479292273521423340e-01,-5.928200483322143555e-01,5.902016162872314453e-01,0.000000000000000000e+00
-8.352992534637451172e-01,-3.614755719900131226e-02,3.261154517531394958e-02,-8.572742342948913574e-01,-3.937549591064453125e-01,3.317196667194366455e-01,0.000000000000000000e+00
-3.146101832389831543e-01,-3.521206974983215332e-02,-3.196083605289459229e-01,3.311768872663378716e-03,-6.397189497947692871e-01,-7.686017751693725586e-01,0.000000000000000000e+00
2.986692488193511963e-01,1.247053220868110657e-02,-3.288601934909820557e-01,1.116420552134513855e-01,-6.635321974754333496e-01,-7.397709488868713379e-01,0.000000000000000000e+00
-3.574619591236114502e-01,-5.064691901206970215e-01,6.740530729293823242e-01,-8.508901596069335938e-01,-2.597369551658630371e-01,4.566427469253540039e-01,0.000000000000000000e+00
-5.914960801601409912e-02,5.986218154430389404e-02,-3.952691853046417236e-01,2.347045205533504486e-02,-6.585544943809509277e-01,-7.521669268608093262e-01,0.000000000000000000e+00
-8.723883628845214844e-01,-1.211420819163322449e-01,-1.976059526205062866e-01,-8.157896995544433594e-01,-5.684692263603210449e-01,1.064416766166687012e-01,0.000000000000000000e+00
6.986609101295471191e-01,9.961685538291931152e-02,2.484205514192581177e-01,1.310289055109024048e-01,5.523199439048767090e-01,8.232703804969787598e-01,0.000000000000000000e+00
-2.756352722644805908e-01,2.040074467658996582e-01,1.178047806024551392e-01,4.296464845538139343e-02,7.196336388587951660e-01,6.930234432220458984e-01,0.000000000000000000e+00
3.974484801292419434e-01,-1.534292548894882202e-01,-1.722671985626220703e-01,4.581455513834953308e-02,-6.714298725128173828e-01,-7.396505475044250488e-01,0.000000000000000000e+00
-5.009164810180664062e-01,4.078280031681060791e-01,-1.084354445338249207e-01,-6.643761694431304932e-02,7.542619109153747559e-01,6.532036662101745605e-01,0.000000000000000000e+00
-1.267147511243820190e-01,-5.040597915649414062e-01,5.043589472770690918e-01,4.987375438213348389e-01,-6.041920185089111328e-01,6.214603185653686523e-01,0.000000000000000000e+00
-3.802672326564788818e-01,-5.371640250086784363e-02,-3.043369054794311523e-01,1.653038663789629936e-03,-6.371745467185974121e-01,-7.707177400588989258e-01,0.000000000000000000e+00
4.449257850646972656e-01,-1.345001757144927979e-01,4.083732366561889648e-01,5.233927965164184570e-01,-6.141510009765625000e-01,5.906593799591064453e-01,0.000000000000000000e+00
-5.711156129837036133e-01,-4.909242987632751465e-01,1.551348268985748291e-01,-7.209303379058837891e-01,-6.873681545257568359e-01,-8.822928369045257568e-02,0.000000000000000000e+00
-6.117387413978576660e-01,3.930160030722618103e-02,2.889057993888854980e-01,-6.634960323572158813e-02,6.814498305320739746e-01,7.288510203361511230e-01,0.000000000000000000e+00
-2.644262015819549561e-01,3.273085951805114746e-01,-1.353555638343095779e-02,3.625477477908134460e-02,7.277620434761047363e-01,6.848708391189575195e-01,0.000000000000000000e+00
2.316952794790267944e-01,-1.455495413392782211e-02,3.041843175888061523e-01,4.279848188161849976e-02,7.304628491401672363e-01,6.816100478172302246e-01,0.000000000000000000e+00
4.351806044578552246e-01,-2.133509069681167603e-01,-1.137286350131034851e-01,5.340418964624404907e-02,-6.879713535308837891e-01,-7.237702608108520508e-01,0.000000000000000000e+00
-4.038725495338439941e-01,3.460967242717742920e-01,-3.017773926258087158e-01,-5.079061388969421387e-01,6.112827658653259277e-01,-6.069306135177612305e-01,0.000000000000000000e+00
-7.406790256500244141e-01,-1.570599079132080078e-01,1.452440917491912842e-01,-9.100021719932556152e-01,-2.631226181983947754e-01,3.204099535942077637e-01,0.000000000000000000e+00
1.369499415159225464e-01,-1.631203480064868927e-02,3.140865564346313477e-01,6.260248273611068726e-02,7.181021571159362793e-01,6.931163072586059570e-01,0.000000000000000000e+00
4.842064976692199707e-01,2.793215811252593994e-01,-5.557281970977783203e-01,4.120843857526779175e-02,-7.377924323081970215e-01,-6.737686395645141602e-01,0.000000000000000000e+00
4.363068640232086182e-01,6.579409241676330566e-01,-2.798689305782318115e-01,2.846595942974090576e-01,7.821606397628784180e-01,5.542505383491516113e-01,0.000000000000000000e+00
-7.882505655288696289e-01,-4.616667330265045166e-02,1.279765963554382324e-01,-8.363875150680541992e-01,-3.262756168842315674e-01,4.404544830322265625e-01,0.000000000000000000e+00
-2.090791463851928711e-01,-5.020700395107269287e-02,3.703382313251495361e-01,3.491890802979469299e-02,6.869549751281738281e-01,7.258605360984802246e-01,0.000000000000000000e+00
-5.413018465042114258e-01,1.103656217455863953e-01,-4.202870130538940430e-01,-4.116111993789672852e-01,1.767994910478591919e-01,-8.940459489822387695e-01,0.000000000000000000e+00
-5.361410975456237793e-01,-4.610454142093658447e-01,7.241848111152648926e-02,-1.997922211885452271e-01,-7.753765583038330078e-01,-5.990611314773559570e-01,0.000000000000000000e+00
-6.539965867996215820e-01,-7.022353261709213257e-02,3.491047918796539307e-01,-4.685644507408142090e-01,3.643879294395446777e-01,8.047786951065063477e-01,0.000000000000000000e+00
3.368085622787475586e-01,8.908434957265853882e-02,2.013910710811614990e-01,-5.263107642531394958e-02,6.783314347267150879e-01,7.328686714172363281e-01,0.000000000000000000e+00
-4.795466065406799316e-01,-2.999375164508819580e-01,5.605320930480957031e-01,-6.576667428016662598e-01,2.553798258304595947e-01,7.086999416351318359e-01,0.000000000000000000e+00
1.351111233234405518e-01,4.032406210899353027e-01,-9.769454598426818848e-02,-1.271478086709976196e-01,6.420217752456665039e-01,7.560697793960571289e-01,0.000000000000000000e+00
-5.582031607627868652e-01,-4.318211078643798828e-01,3.051550090312957764e-01,-8.253705501556396484e-01,-4.413883090019226074e-01,3.520509004592895508e-01,0.000000000000000000e+00
5.034770369529724121e-01,5.237985253334045410e-01,-1.391180306673049927e-01,9.812874346971511841e-02,7.358580827713012695e-01,6.699877977371215820e-01,0.000000000000000000e+00
2.227579802274703979e-01,4.614882171154022217e-01,-1.302787959575653076e-01,-1.489462703466415405e-01,6.265638470649719238e-01,7.650050520896911621e-01,0.000000000000000000e+00
2.165545821189880371e-01,-2.880326509475708008e-01,-5.801971256732940674e-02,5.395217984914779663e-02,-6.948707103729248047e-01,-7.171080112457275391e-01,0.000000000000000000e+00
-4.187231361865997314e-01,9.623378515243530273e-02,-4.273520708084106445e-01,-1.751686818897724152e-02,-6.254481673240661621e-01,-7.800690531730651855e-01,0.000000000000000000e+00
1.286025494337081909e-01,-3.770360648632049561e-01,4.241915941238403320e-01,4.983161687850952148e-01,-6.142520904541015625e-01,6.118621826171875000e-01,0.000000000000000000e+00
8.099931478500366211e-01,7.276746630668640137e-02,2.511301934719085693e-01,1.283578723669052124e-01,5.470955371856689453e-01,8.271703124046325684e-01,0.000000000000000000e+00
1.196131333708763123e-01,6.808909028768539429e-02,2.267688959836959839e-01,6.224350631237030029e-02,7.362070679664611816e-01,6.738879084587097168e-01,0.000000000000000000e+00
4.854350350797176361e-03,-3.536155819892883301e-01,5.426508188247680664e-01,4.664962589740753174e-01,-5.410534739494323730e-01,6.997445225715637207e-01,0.000000000000000000e+00
-5.297707319259643555e-01,-1.283371895551681519e-01,4.454630911350250244e-01,-3.964455723762512207e-01,4.805256724357604980e-01,7.822569608688354492e-01,0.000000000000000000e+00
-7.532952427864074707e-01,-2.321709841489791870e-01,1.111293770372867584e-02,-8.529192805290222168e-01,-4.486164748668670654e-01,2.669681012630462646e-01,0.000000000000000000e+00
1.744123697280883789e-01,-2.685115933418273926e-01,4.935897290706634521e-01,5.476444363594055176e-01,-6.123846769332885742e-01,5.701496005058288574e-01,0.000000000000000000e+00
6.307480335235595703e-01,-1.275741606950759888e-01,2.532159090042114258e-01,5.809724330902099609e-01,-5.960634946823120117e-01,5.542376041412353516e-01,0.000000000000000000e+00
-2.178211361169815063e-01,4.880154430866241455e-01,-1.836264282464981079e-01,5.220057442784309387e-02,6.938940882682800293e-01,7.181825041770935059e-01,0.000000000000000000e+00
2.478943914175033569e-01,9.927584789693355560e-03,-3.310532867908477783e-01,5.932950600981712341e-02,-6.685417890548706055e-01,-7.413041591644287109e-01,0.000000000000000000e+00
1.580543816089630127e-01,-5.388323068618774414e-01,2.384649366140365601e-01,5.109646320343017578e-01,-7.620857954025268555e-01,3.976686894893646240e-01,0.000000000000000000e+00
-7.207360267639160156e-01,-3.109102845191955566e-01,-2.738212235271930695e-02,-7.154338359832763672e-01,-6.846385002136230469e-01,-1.393719166517257690e-01,0.000000000000000000e+00
-7.792846560478210449e-01,1.459025293588638306e-01,1.665276288986206055e-01,-3.015655279159545898e-01,4.967453181743621826e-01,8.138195872306823730e-01,0.000000000000000000e+00
3.386066854000091553e-01,3.635631203651428223e-01,-2.636035718023777008e-02,-1.945584267377853394e-01,6.543286442756652832e-01,7.307537794113159180e-01,0.000000000000000000e+00
5.537971258163452148e-01,3.647138774394989014e-01,-5.140106678009033203e-01,8.614310622215270996e-01,4.232303202152252197e-01,-2.807358503341674805e-01,0.000000000000000000e+00
-1.914741396903991699e-01,-1.658027321100234985e-01,4.737552106380462646e-01,4.338095337152481079e-02,6.495991945266723633e-01,7.590382099151611328e-01,0.000000000000000000e+00
8.508625030517578125e-01,-3.956009820103645325e-02,-2.047622799873352051e-01,8.647881150245666504e-01,4.099633097648620605e-01,-2.899510264396667480e-01,0.000000000000000000e+00
1.299664527177810669e-01,4.712791442871093750e-01,-6.225477457046508789e-01,-5.083776712417602539e-01,6.049672961235046387e-01,-6.128349304199218750e-01,0.000000000000000000e+00
3.590158522129058838e-01,2.073415219783782959e-01,-4.998259842395782471e-01,5.345923081040382385e-02,-6.732608079910278320e-01,-7.374699711799621582e-01,0.000000000000000000e+00
-1.189899444580078125e-01,1.624822169542312622e-01,1.492910236120223999e-01,6.799491494894027710e-02,7.266119122505187988e-01,6.836752295494079590e-01,0.000000000000000000e+00
3.245992660522460938e-01,2.287726253271102905e-01,7.926953583955764771e-02,-1.686360985040664673e-01,6.160571575164794922e-01,7.694383859634399414e-01,0.000000000000000000e+00
4.550901949405670166e-01,5.482605695724487305e-01,-1.614333689212799072e-01,4.084336757659912109e-02,7.119992971420288086e-01,7.009913325309753418e-01,0.000000000000000000e+00
-5.502769723534584045e-02,2.204776555299758911e-01,-5.334061980247497559e-01,-3.544360864907503128e-03,-6.504279971122741699e-01,-7.595596313476562500e-01,0.000000000000000000e+00
5.764876008033752441e-01,-4.497487470507621765e-02,-2.573690116405487061e-01,4.583527520298957825e-02,-6.583799123764038086e-01,-7.512888908386230469e-01,0.000000000000000000e+00
5.441246032714843750e-01,-5.864896252751350403e-02,3.591186106204986572e-01,-6.238260865211486816e-02,6.859960556030273438e-01,7.249261140823364258e-01,0.000000000000000000e+00
7.211065292358398438e-01,-1.300836950540542603e-01,-1.732268631458282471e-01,3.221766278147697449e-02,-6.796434521675109863e-01,-7.328347563743591309e-01,0.000000000000000000e+00
-3.545937687158584595e-02,4.754387736320495605e-01,-4.847760200500488281e-01,-4.780247509479522705e-01,6.170745491981506348e-01,-6.250690817832946777e-01,0.000000000000000000e+00
-5.613771453499794006e-02,5.144138336181640625e-01,-4.310455620288848877e-01,-4.777688086032867432e-01,6.040723919868469238e-01,-6.378350257873535156e-01,0.000000000000000000e+00
-3.594117462635040283e-01,-3.491869866847991943e-01,6.349914073944091797e-01,1.538798362016677856e-01,6.099897027015686035e-01,7.773246169090270996e-01,0.000000000000000000e+00
9.213503003120422363e-01,8.505901694297790527e-02,1.577574908733367920e-01,8.635774850845336914e-01,4.182755053043365479e-01,-2.815662324428558350e-01,0.000000000000000000e+00
1.683270037174224854e-01,1.941166818141937256e-01,9.221021085977554321e-02,-2.576636895537376404e-02,6.895163655281066895e-01,7.238116264343261719e-01,0.000000000000000000e+00
1.513686776161193848e-01,-4.357182383537292480e-01,3.467688858509063721e-01,4.993906617164611816e-01,-6.196687221527099609e-01,6.054912805557250977e-01,0.000000000000000000e+00
-5.161072015762329102e-01,3.237382471561431885e-01,-2.299161255359649658e-01,-5.100957751274108887e-01,6.154994368553161621e-01,-6.008017659187316895e-01,0.000000000000000000e+00
-3.165840208530426025e-01,-3.581738173961639404e-01,-3.028338029980659485e-02,4.041986912488937378e-02,-6.793260574340820312e-01,-7.327225208282470703e-01,0.000000000000000000e+00
-2.677655220031738281e-01,4.279139637947082520e-01,-1.196818426251411438e-01,4.620237648487091064e-02,7.134453058242797852e-01,6.991860270500183105e-01,0.000000000000000000e+00
8.933664299547672272e-03,-4.024312794208526611e-01,4.948379695415496826e-01,4.918986558914184570e-01,-6.096379756927490234e-01,6.215924620628356934e-01,0.000000000000000000e+00
-2.870617806911468506e-01,-5.129206180572509766e-01,6.265769004821777344e-01,5.344043970108032227e-01,-5.646085143089294434e-01,6.289905905723571777e-01,0.000000000000000000e+00
1.394130736589431763e-01,3.885458037257194519e-02,2.560327053070068359e-01,6.644570827484130859e-02,7.228436470031738281e-01,6.878095865249633789e-01,0.000000000000000000e+00
2.355162948369979858e-01,1.123063340783119202e-01,1.738296896219253540e-01,2.491914480924606323e-02,7.098447680473327637e-01,7.039172053337097168e-01,0.000000000000000000e+00
-3.271631002426147461e-01,-1.757219880819320679e-01,4.900321066379547119e-01,3.225935995578765869e-02,6.577337980270385742e-01,7.525593638420104980e-01,0.000000000000000000e+00
4.768750071525573730e-02,-2.376025915145874023e-01,5.168736577033996582e-01,4.836356267333030701e-02,5.817183852195739746e-01,8.119511604309082031e-01,0.000000000000000000e+00
-5.087643861770629883e-02,5.473006367683410645e-01,-2.438814491033554077e-01,-6.632389128208160400e-02,6.725051999092102051e-01,7.371145486831665039e-01,0.000000000000000000e+00
-2.673447430133819580e-01,4.666205942630767822e-01,-1.594217121601104736e-01,3.551380336284637451e-02,7.069115042686462402e-01,7.064098715782165527e-01,0.000000000000000000e+00
5.404306054115295410e-01,-3.864513933658599854e-01,7.139793783426284790e-02,4.136440455913543701e-01,-9.101084470748901367e-01,-2.451980300247669220e-02,0.000000000000000000e+00
-8.947400003671646118e-02,-2.396121472120285034e-01,5.250003337860107422e-01,-1.458453945815563202e-02,6.559377908706665039e-01,7.546740174293518066e-01,0.000000000000000000e+00
3.250464200973510742e-01,2.661415040493011475e-01,4.929268360137939453e-02,-1.392818242311477661e-01,6.267803907394409180e-01,7.666465044021606445e-01,0.000000000000000000e+00
-8.222588300704956055e-01,-1.785915642976760864e-01,-1.224476173520088196e-01,-8.571141958236694336e-01,-4.242428541183471680e-01,2.921870052814483643e-01,0.000000000000000000e+00
4.951798915863037109e-01,5.498363375663757324e-01,-4.544629156589508057e-01,8.529835939407348633e-01,4.231185615062713623e-01,-3.055972158908843994e-01,0.000000000000000000e+00
7.421048283576965332e-01,3.340285718441009521e-01,7.702950388193130493e-03,3.876127302646636963e-01,8.036512136459350586e-01,4.515541195869445801e-01,0.000000000000000000e+00
-5.784207582473754883e-01,-1.790233403444290161e-01,4.437749981880187988e-01,-4.930170774459838867e-01,3.414219319820404053e-01,8.002282381057739258e-01,0.000000000000000000e+00
-8.709787577390670776e-02,4.728044569492340088e-01,-1.796544790267944336e-01,-1.576818153262138367e-02,6.814837455749511719e-01,7.316633462905883789e-01,0.000000000000000000e+00
-5.304856300354003906e-01,-2.217328548431396484e-01,-1.598444581031799316e-01,1.179561950266361237e-03,-6.639128923416137695e-01,-7.478089928627014160e-01,0.000000000000000000e+00
8.094732761383056641e-01,-1.369393616914749146e-01,-1.612235009670257568e-01,2.909818105399608612e-02,-6.581916809082031250e-01,-7.522878050804138184e-01,0.000000000000000000e+00
6.884459853172302246e-01,-1.680932790040969849e-01,-1.396941989660263062e-01,3.331976756453514099e-02,-6.871967911720275879e-01,-7.257068157196044922e-01,0.000000000000000000e+00
7.534247636795043945e-01,2.927489876747131348e-01,6.726744025945663452e-02,2.911277413368225098e-01,7.866488099098205566e-01,5.444522500038146973e-01,0.000000000000000000e+00
-1.122652664780616760e-01,5.171784665435552597e-03,-3.493225276470184326e-01,2.831657975912094116e-02,-6.591105461120605469e-01,-7.515127658843994141e-01,0.000000000000000000e+00
8.438097685575485229e-02,6.516900658607482910e-01,-3.201515972614288330e-01,-8.606532961130142212e-02,6.851842999458312988e-01,7.232670783996582031e-01,0.000000000000000000e+00
3.144917786121368408e-01,-2.344720810651779175e-01,-1.025933921337127686e-01,5.920999869704246521e-02,-6.952531337738037109e-01,-7.163220047950744629e-01,0.000000000000000000e+00
-8.477309346199035645e-01,2.466994374990463257e-01,4.300825297832489014e-02,-1.022404879331588745e-01,8.235313296318054199e-01,5.579812526702880859e-01,0.000000000000000000e+00
-2.653514733538031578e-03,5.337720513343811035e-01,-2.279654890298843384e-01,-6.272711604833602905e-02,6.493530273437500000e-01,7.578957676887512207e-01,0.000000000000000000e+00
-1.778335869312286377e-01,-5.205977559089660645e-01,5.307122468948364258e-01,4.990836381912231445e-01,-6.310214996337890625e-01,5.939086079597473145e-01,0.000000000000000000e+00
-2.902183830738067627e-01,-4.197057485580444336e-01,6.705406308174133301e-01,6.877602636814117432e-02,5.949240326881408691e-01,8.008341193199157715e-01,0.000000000000000000e+00
-4.447209835052490234e-01,-4.996866583824157715e-01,5.213286280632019043e-01,-8.401346802711486816e-01,-4.698821306228637695e-01,2.708957791328430176e-01,0.000000000000000000e+00
-2.809812426567077637e-01,6.064609438180923462e-02,2.650893926620483398e-01,3.434078767895698547e-02,7.078771591186523438e-01,7.055003046989440918e-01,0.000000000000000000e+00
2.577825188636779785e-01,-3.442399799823760986e-01,3.517452478408813477e-01,4.978684782981872559e-01,-6.147159934043884277e-01,6.117607951164245605e-01,0.000000000000000000e+00
1.044587120413780212e-01,-4.872313439846038818e-01,3.330425918102264404e-01,5.021034479141235352e-01,-6.153197884559631348e-01,6.076789498329162598e-01,0.000000000000000000e+00
-3.159326612949371338e-01,4.552384018898010254e-01,-2.666867971420288086e-01,-5.301461219787597656e-01,6.092308759689331055e-01,-5.897311568260192871e-01,0.000000000000000000e+00
-1.796371936798095703e-01,3.275038003921508789e-01,-2.002760395407676697e-02,6.402095407247543335e-02,7.343304753303527832e-01,6.757662892341613770e-01,0.000000000000000000e+00
-6.537016034126281738e-01,3.042037189006805420e-01,-1.356685310602188110e-01,-5.024483203887939453e-01,6.275036931037902832e-01,-5.947980880737304688e-01,0.000000000000000000e+00
4.278688132762908936e-01,4.802933335304260254e-01,-7.194492220878601074e-01,8.669302463531494141e-01,9.022605419158935547e-02,-4.901950955390930176e-01,0.000000000000000000e+00
2.718047238886356354e-02,-9.689204394817352295e-02,4.012414515018463135e-01,4.229348525404930115e-02,6.656142473220825195e-01,7.450965642929077148e-01,0.000000000000000000e+00
-6.723819971084594727e-01,2.139166146516799927e-01,1.034706830978393555e-01,-4.785379767417907715e-02,7.808802723884582520e-01,6.228451132774353027e-01,0.000000000000000000e+00
9.190575033426284790e-02,-4.533299505710601807e-01,3.775305449962615967e-01,5.005932450294494629e-01,-6.127611994743347168e-01,6.114982366561889648e-01,0.000000000000000000e+00
-2.840664088726043701e-01,1.023944914340972900e-01,-4.344329535961151123e-01,-6.338834762573242188e-03,-6.390179991722106934e-01,-7.691656947135925293e-01,0.000000000000000000e+00
7.161466479301452637e-01,-1.171618029475212097e-01,-1.852883547544479370e-01,2.351932041347026825e-02,-6.807538866996765137e-01,-7.321345210075378418e-01,0.000000000000000000e+00
-2.925745844841003418e-01,4.107235372066497803e-02,2.852934002876281738e-01,3.434078767895698547e-02,7.078771591186523438e-01,7.055003046989440918e-01,0.000000000000000000e+00
-3.141221404075622559e-01,-5.676138997077941895e-01,5.982570052146911621e-01,5.150049924850463867e-01,-6.000810861587524414e-01,6.121050119400024414e-01,0.000000000000000000e+00
8.053870797157287598e-01,-2.276468873023986816e-01,-7.474257051944732666e-02,6.046455353498458862e-02,-6.994213461875915527e-01,-7.121473550796508789e-01,0.000000000000000000e+00
9.295921772718429565e-02,2.881253324449062347e-02,-3.597576022148132324e-01,6.938186287879943848e-02,-6.591237783432006836e-01,-7.488270998001098633e-01,0.000000000000000000e+00
6.612696051597595215e-01,1.084393858909606934e-01,2.436006069183349609e-01,-2.976077795028686523e-01,7.301291823387145996e-01,6.150942444801330566e-01,0.000000000000000000e+00
-9.796293452382087708e-04,2.823201119899749756e-01,8.923682384192943573e-03,5.805232003331184387e-02,7.141804695129394531e-01,6.975501179695129395e-01,0.000000000000000000e+00
-2.125245928764343262e-01,1.819082349538803101e-02,-3.630127310752868652e-01,9.616353549063205719e-03,-6.627578139305114746e-01,-7.487720251083374023e-01,0.000000000000000000e+00
-3.017170429229736328e-01,-6.665775179862976074e-01,2.694209516048431396e-01,1.281562745571136475e-01,-7.215675711631774902e-01,-6.803795099258422852e-01,0.000000000000000000e+00
-4.396376609802246094e-01,-6.036322116851806641e-01,2.119792550802230835e-01,-1.811534911394119263e-01,-7.535755038261413574e-01,-6.319077610969543457e-01,0.000000000000000000e+00
-6.346275210380554199e-01,-4.042948409914970398e-02,3.426584303379058838e-01,-4.162393212318420410e-01,4.519205391407012939e-01,7.889947295188903809e-01,0.000000000000000000e+00
1.714434623718261719e-01,-4.646125733852386475e-01,1.149960979819297791e-01,5.500813573598861694e-02,-7.081552743911743164e-01,-7.039106488227844238e-01,0.000000000000000000e+00
-4.714740514755249023e-01,3.188476562500000000e-01,-6.681246683001518250e-03,-6.060476228594779968e-02,7.325382828712463379e-01,6.780226826667785645e-01,0.000000000000000000e+00
2.140228897333145142e-01,5.112385153770446777e-01,-1.702616512775421143e-01,-3.033875823020935059e-01,8.154191374778747559e-01,4.929986000061035156e-01,0.000000000000000000e+00
6.992112398147583008e-01,3.461840450763702393e-01,2.510799653828144073e-02,3.480992913246154785e-01,7.858532071113586426e-01,5.111375451087951660e-01,0.000000000000000000e+00
-1.864260435104370117e-01,-3.425810933113098145e-01,6.103992462158203125e-01,1.349311172962188721e-01,5.203316807746887207e-01,8.432369232177734375e-01,0.000000000000000000e+00
1.755625605583190918e-01,1.054710522294044495e-01,-4.225415587425231934e-01,5.962051078677177429e-02,-6.630107164382934570e-01,-7.462319731712341309e-01,0.000000000000000000e+00
2.905132770538330078e-01,-2.656996808946132660e-02,3.132419884204864502e-01,-9.312545880675315857e-04,7.196234464645385742e-01,6.943638920783996582e-01,0.000000000000000000e+00
3.428942263126373291e-01,5.845554471015930176e-01,-2.117195427417755127e-01,-1.360504776239395142e-01,6.655976772308349609e-01,7.338051795959472656e-01,0.000000000000000000e+00
-4.244559407234191895e-01,-5.273002386093139648e-01,5.352764129638671875e-01,-8.333574533462524414e-01,-4.816548824310302734e-01,2.711530327796936035e-01,0.000000000000000000e+00
-3.344478607177734375e-01,4.153338968753814697e-01,-1.059591844677925110e-01,8.971434086561203003e-03,7.443967461585998535e-01,6.676773428916931152e-01,0.000000000000000000e+00
-3.915046155452728271e-01,-1.748398989439010620e-01,4.937775433063507080e-01,3.776114061474800110e-02,6.869366765022277832e-01,7.257356047630310059e-01,0.000000000000000000e+00
-4.809874892234802246e-01,3.931537568569183350e-01,-1.903891861438751221e-01,-5.081194043159484863e-01,6.180945038795471191e-01,-5.998114943504333496e-01,0.000000000000000000e+00
7.111907005310058594e-01,2.781465053558349609e-01,-1.971810013055801392e-01,8.536574244499206543e-01,4.306938052177429199e-01,-2.928682267665863037e-01,0.000000000000000000e+00
-3.867280483245849609e-01,-5.240358114242553711e-01,1.232281699776649475e-01,1.348428428173065186e-01,-6.815823316574096680e-01,-7.192099094390869141e-01,0.000000000000000000e+00
8.482454419136047363e-01,-1.079229190945625305e-01,8.618091046810150146e-02,3.395721912384033203e-01,-7.235175967216491699e-01,6.010099649429321289e-01,0.000000000000000000e+00
2.020971775054931641e-01,1.843828111886978149e-01,-4.917222559452056885e-01,8.058147877454757690e-02,-7.157858014106750488e-01,-6.936550140380859375e-01,0.000000000000000000e+00
-8.913231641054153442e-02,4.147491157054901123e-01,-1.210404857993125916e-01,5.073609575629234314e-02,7.233849763870239258e-01,6.885782480239868164e-01,0.000000000000000000e+00
-3.149219155311584473e-01,9.795693308115005493e-02,-4.304166436195373535e-01,1.159511506557464600e-02,-6.472698450088500977e-01,-7.621727585792541504e-01,0.000000000000000000e+00
8.248921632766723633e-01,3.711473196744918823e-02,-1.724537760019302368e-01,8.670372962951660156e-01,4.188826084136962891e-01,-2.697845101356506348e-01,0.000000000000000000e+00
-2.174100428819656372e-01,1.086844876408576965e-01,2.129131406545639038e-01,4.232027381658554077e-02,7.090881466865539551e-01,7.038487195968627930e-01,0.000000000000000000e+00
-6.799690127372741699e-01,3.335810005664825439e-01,-4.351880028843879700e-02,-8.856922388076782227e-02,7.690639495849609375e-01,6.330056190490722656e-01,0.000000000000000000e+00
3.629370927810668945e-01,-1.181810796260833740e-01,-2.069034278392791748e-01,6.283058971166610718e-02,-6.696760058403015137e-01,-7.399907708168029785e-01,0.000000000000000000e+00
-2.391910403966903687e-01,5.182400345802307129e-01,-2.718079388141632080e-01,-5.683037042617797852e-01,6.043986082077026367e-01,-5.583307743072509766e-01,0.000000000000000000e+00
-2.248969227075576782e-01,-2.794780023396015167e-02,3.499104678630828857e-01,3.682361915707588196e-02,6.912890672683715820e-01,7.216394543647766113e-01,0.000000000000000000e+00
5.322269797325134277e-01,5.415937900543212891e-01,-3.600165247917175293e-01,8.669292926788330078e-01,4.046539962291717529e-01,-2.910134196281433105e-01,0.000000000000000000e+00
-3.642662763595581055e-01,-7.515524625778198242e-01,3.910116553306579590e-01,-8.408645391464233398e-01,-5.100058913230895996e-01,1.812202483415603638e-01,0.000000000000000000e+00
-9.000067710876464844e-01,1.210544854402542114e-01,2.156809531152248383e-02,-8.615626692771911621e-01,-3.507007658481597900e-01,3.670405745506286621e-01,0.000000000000000000e+00
-2.572195827960968018e-01,-2.492806464433670044e-01,-1.277029663324356079e-01,3.472401201725006104e-02,-6.789340376853942871e-01,-7.333776950836181641e-01,0.000000000000000000e+00
3.579061329364776611e-01,-1.841627247631549835e-02,-2.966338694095611572e-01,5.810993909835815430e-02,-6.645888686180114746e-01,-7.449462413787841797e-01,0.000000000000000000e+00
5.136008262634277344e-01,-3.796654194593429565e-02,3.366834819316864014e-01,-6.727426499128341675e-02,6.852899789810180664e-01,7.251563668251037598e-01,0.000000000000000000e+00
3.198729828000068665e-02,7.208346575498580933e-02,-4.018427729606628418e-01,3.838976472616195679e-02,-6.616042256355285645e-01,-7.488698959350585938e-01,0.000000000000000000e+00
-5.457739233970642090e-01,-7.969057559967041016e-02,4.037114381790161133e-01,-1.503008306026458740e-01,6.101350188255310059e-01,7.779106497764587402e-01,0.000000000000000000e+00
-8.379054069519042969e-01,-1.308619976043701172e-01,-9.693458676338195801e-02,-8.544718623161315918e-01,-4.505515098571777344e-01,2.586140036582946777e-01,0.000000000000000000e+00
-5.765320658683776855e-01,-2.232028394937515259e-01,4.361941516399383545e-01,-8.521951436996459961e-01,-2.436807453632354736e-01,4.630152285099029541e-01,0.000000000000000000e+00
-1.447721719741821289e-01,3.125460818409919739e-02,-3.734256327152252197e-01,1.328736729919910431e-02,-6.515723466873168945e-01,-7.584701180458068848e-01,0.000000000000000000e+00
-4.501389861106872559e-01,2.436783313751220703e-01,-3.658736348152160645e-01,-5.188762545585632324e-01,6.113330125808715820e-01,-5.975277423858642578e-01,0.000000000000000000e+00
-8.049917966127395630e-02,-4.748735129833221436e-01,4.955693483352661133e-01,4.996143281459808350e-01,-6.011438965797424316e-01,6.237078905105590820e-01,0.000000000000000000e+00
6.444474458694458008e-01,-1.865122467279434204e-02,-2.769012451171875000e-01,6.574546545743942261e-02,-6.684538722038269043e-01,-7.408420443534851074e-01,0.000000000000000000e+00
7.055640965700149536e-02,-5.931080579757690430e-01,2.372547537088394165e-01,-3.625912650022655725e-04,-6.512379050254821777e-01,-7.588735818862915039e-01,0.000000000000000000e+00
-2.089109569787979126e-01,1.983061283826828003e-01,1.191635727882385254e-01,5.486723780632019043e-02,7.203306555747985840e-01,6.914573907852172852e-01,0.000000000000000000e+00
-8.167197704315185547e-01,2.647019028663635254e-01,-3.775399178266525269e-02,-5.161240100860595703e-01,6.315549612045288086e-01,-5.785795450210571289e-01,0.000000000000000000e+00
6.060268282890319824e-01,2.760130763053894043e-01,-4.902290105819702148e-01,8.605843782424926758e-01,4.239720106124877930e-01,-2.822096347808837891e-01,0.000000000000000000e+00
-4.736576601862907410e-02,3.264239430427551270e-01,-6.097890138626098633e-01,-4.687796235084533691e-01,1.246584728360176086e-01,-8.744746446609497070e-01,0.000000000000000000e+00
4.428989887237548828e-01,-3.073588311672210693e-01,2.377877235412597656e-01,5.247141122817993164e-01,-6.077505946159362793e-01,5.960824489593505859e-01,0.000000000000000000e+00
-7.267948985099792480e-01,-2.463806048035621643e-02,2.722799777984619141e-01,-8.598715066909790039e-01,-2.248147577047348022e-01,4.583441317081451416e-01,0.000000000000000000e+00
5.621722936630249023e-01,3.133887350559234619e-01,-5.601052045822143555e-01,8.080163002014160156e-01,1.036920621991157532e-01,-5.799635052680969238e-01,0.000000000000000000e+00
-2.439210414886474609e-01,-4.641830921173095703e-01,6.361222863197326660e-01,5.005028247833251953e-01,-5.738031864166259766e-01,6.482644677162170410e-01,0.000000000000000000e+00
5.152010917663574219e-01,7.654660195112228394e-02,2.392048537731170654e-01,-1.574510037899017334e-01,6.567491292953491211e-01,7.374888062477111816e-01,0.000000000000000000e+00
4.986990392208099365e-01,5.488103032112121582e-01,-1.660443097352981567e-01,-1.744982600212097168e-02,7.309404611587524414e-01,6.822180747985839844e-01,0.000000000000000000e+00
7.443872839212417603e-02,-4.311289489269256592e-01,4.140315353870391846e-01,5.000343322753906250e-01,-6.124557852745056152e-01,6.122609972953796387e-01,0.000000000000000000e+00
4.321397840976715088e-01,4.479960203170776367e-01,-7.587400823831558228e-02,-1.062764152884483337e-01,6.519765853881835938e-01,7.507541775703430176e-01,0.000000000000000000e+00
-7.414656132459640503e-02,-1.786800175905227661e-01,4.762764871120452881e-01,-2.355086762690916657e-04,6.634057164192199707e-01,7.482598423957824707e-01,0.000000000000000000e+00
-1.209897994995117188e-01,-2.016538530588150024e-01,4.996346831321716309e-01,-1.184965297579765320e-02,7.235794067382812500e-01,6.901394724845886230e-01,0.000000000000000000e+00
-2.659712731838226318e-01,-4.269700348377227783e-01,3.667046874761581421e-02,5.680929496884346008e-02,-6.871136426925659180e-01,-7.243255376815795898e-01,0.000000000000000000e+00
2.361327260732650757e-01,3.883261978626251221e-01,-6.515964865684509277e-02,3.529550880193710327e-02,5.770570635795593262e-01,8.159407973289489746e-01,0.000000000000000000e+00
-2.038850039243698120e-01,7.531356066465377808e-02,2.459821105003356934e-01,5.840412899851799011e-02,7.229721546173095703e-01,6.884041428565979004e-01,0.000000000000000000e+00
-1.548546999692916870e-01,-6.168710589408874512e-01,2.405549287796020508e-01,8.764220029115676880e-02,-7.286316156387329102e-01,-6.792752146720886230e-01,0.000000000000000000e+00
2.675528526306152344e-01,-2.906087338924407959e-01,3.971780836582183838e-01,4.982592463493347168e-01,-6.097211837768554688e-01,6.164234280586242676e-01,0.000000000000000000e+00
-3.471872806549072266e-01,-5.023910403251647949e-01,1.010879352688789368e-01,5.210030823945999146e-02,-6.448013782501220703e-01,-7.625724673271179199e-01,0.000000000000000000e+00
-5.634787306189537048e-02,-1.260132342576980591e-01,-2.291443049907684326e-01,4.709003865718841553e-02,-6.708600521087646484e-01,-7.400873899459838867e-01,0.000000000000000000e+00
6.495472788810729980e-01,3.936776518821716309e-01,-1.479975879192352295e-02,3.163498640060424805e-01,7.919009327888488770e-01,5.223175883293151855e-01,0.000000000000000000e+00
5.006469488143920898e-01,-1.743540167808532715e-01,-1.458457410335540771e-01,4.365558177232742310e-02,-6.639879941940307617e-01,-7.464677691459655762e-01,0.000000000000000000e+00
-3.327827155590057373e-02,5.643712878227233887e-01,-3.994268178939819336e-01,-4.565421640872955322e-01,6.389772295951843262e-01,-6.190940141677856445e-01,0.000000000000000000e+00
-3.665084242820739746e-01,-3.959077000617980957e-01,2.292588818818330765e-03,3.022570535540580750e-02,-6.839915513992309570e-01,-7.288634777069091797e-01,0.000000000000000000e+00
-9.065897762775421143e-02,-1.805834025144577026e-01,4.783643484115600586e-01,3.248747587203979492e-01,5.798040032386779785e-01,7.471838593482971191e-01,0.000000000000000000e+00
1.450964510440826416e-01,3.022794723510742188e-01,-5.992532968521118164e-01,-1.375818625092506409e-03,-6.687808036804199219e-01,-7.434583902359008789e-01,0.000000000000000000e+00
-5.137209892272949219e-01,-5.666993856430053711e-01,2.186423391103744507e-01,-8.173525929450988770e-01,-5.726651549339294434e-01,6.316182762384414673e-02,0.000000000000000000e+00
-6.932876110076904297e-01,8.945607393980026245e-02,2.345698922872543335e-01,-1.710283011198043823e-01,6.492579579353332520e-01,7.410893440246582031e-01,0.000000000000000000e+00
5.155655741691589355e-01,2.524027526378631592e-01,9.944184869527816772e-02,-3.135307431221008301e-01,7.513005733489990234e-01,5.807288289070129395e-01,0.000000000000000000e+00
2.663201987743377686e-01,5.205847620964050293e-01,-6.867353916168212891e-01,-4.814695119857788086e-01,5.271276235580444336e-01,-7.002310752868652344e-01,0.000000000000000000e+00
2.823083698749542236e-01,-2.537838220596313477e-01,4.214393794536590576e-01,4.920065999031066895e-01,-6.079144477844238281e-01,6.231930255889892578e-01,0.000000000000000000e+00
5.659322142601013184e-01,2.280137687921524048e-01,-5.002165436744689941e-01,1.434087008237838745e-01,-6.543914079666137695e-01,-7.424323558807373047e-01,0.000000000000000000e+00
-2.965221703052520752e-01,6.699105352163314819e-02,-4.055176377296447754e-01,6.959930062294006348e-03,-6.079706549644470215e-01,-7.939289808273315430e-01,0.000000000000000000e+00
8.497396856546401978e-02,1.432264596223831177e-01,-4.619998037815093994e-01,3.397490829229354858e-02,-6.623919606208801270e-01,-7.483866810798645020e-01,0.000000000000000000e+00
3.942377567291259766e-01,2.199469693005084991e-02,-3.294769227504730225e-01,6.142938882112503052e-02,-6.571176648139953613e-01,-7.512807846069335938e-01,0.000000000000000000e+00
-6.172946840524673462e-02,-2.895860075950622559e-01,-7.764946669340133667e-02,5.393429845571517944e-02,-6.845080852508544922e-01,-7.270073890686035156e-01,0.000000000000000000e+00
-6.073436737060546875e-01,-3.926363885402679443e-01,2.171764820814132690e-01,-8.621936440467834473e-01,-3.983831703662872314e-01,3.129104673862457275e-01,0.000000000000000000e+00
3.570370078086853027e-01,6.131950616836547852e-01,-6.592310667037963867e-01,-4.192428290843963623e-01,6.518114805221557617e-01,-6.319629549980163574e-01,0.000000000000000000e+00
5.132818222045898438e-01,2.501427531242370605e-01,1.011326983571052551e-01,-3.135307431221008301e-01,7.513005733489990234e-01,5.807288289070129395e-01,0.000000000000000000e+00
9.135877490043640137e-01,6.115039065480232239e-02,2.131192982196807861e-01,3.783566951751708984e-01,-3.172665536403656006e-01,8.695908188819885254e-01,0.000000000000000000e+00
-6.100993752479553223e-01,2.831989824771881104e-01,2.336591854691505432e-02,-6.738669425249099731e-02,7.441733479499816895e-01,6.645789146423339844e-01,0.000000000000000000e+00
7.437592744827270508e-01,-2.593677639961242676e-01,-4.839231073856353760e-02,4.053262621164321899e-02,-7.064262628555297852e-01,-7.066251039505004883e-01,0.000000000000000000e+00
1.159258633852005005e-01,4.941773712635040283e-01,-5.881330966949462891e-01,-5.016307234764099121e-01,6.172847151756286621e-01,-6.060744524002075195e-01,0.000000000000000000e+00
5.154938697814941406e-01,6.041820049285888672e-01,-2.510162889957427979e-01,4.183913469314575195e-01,7.653748393058776855e-01,4.890297353267669678e-01,0.000000000000000000e+00
-5.937277674674987793e-01,-4.400815367698669434e-01,1.882765144109725952e-01,-8.564984202384948730e-01,-4.415021538734436035e-01,2.673692703247070312e-01,0.000000000000000000e+00
4.081331789493560791e-01,4.023303091526031494e-01,-6.729346513748168945e-01,5.561723932623863220e-02,-6.278383731842041016e-01,-7.763540744781494141e-01,0.000000000000000000e+00
-7.776423543691635132e-02,9.166299365460872650e-03,-3.515259027481079102e-01,2.831657975912094116e-02,-6.591105461120605469e-01,-7.515127658843994141e-01,0.000000000000000000e+00
5.603170394897460938e-01,7.987537235021591187e-02,2.456779628992080688e-01,-1.633751988410949707e-01,6.021150350570678711e-01,7.815151810646057129e-01,0.000000000000000000e+00
-2.942164242267608643e-02,-5.938783288002014160e-01,3.357001245021820068e-01,5.061324834823608398e-01,-6.170635819435119629e-01,6.025466322898864746e-01,0.000000000000000000e+00
2.033016979694366455e-01,1.290628463029861450e-01,-4.417548179626464844e-01,9.198861569166183472e-02,-6.703818440437316895e-01,-7.362923026084899902e-01,0.000000000000000000e+00
-6.757082939147949219e-01,2.233813852071762085e-01,9.133647382259368896e-02,-4.178323969244956970e-02,7.824164032936096191e-01,6.213523149490356445e-01,0.000000000000000000e+00
6.998932361602783203e-01,2.062005400657653809e-01,-3.096720874309539795e-01,8.700411319732666016e-01,3.977401256561279297e-01,-2.912580072879791260e-01,0.000000000000000000e+00
-1.621116697788238525e-01,-1.528096348047256470e-01,4.608795046806335449e-01,4.809442907571792603e-02,6.482465267181396484e-01,7.599101066589355469e-01,0.000000000000000000e+00
-3.383425176143646240e-01,-7.199556380510330200e-02,3.965908885002136230e-01,4.011632129549980164e-02,6.837559342384338379e-01,7.286072373390197754e-01,0.000000000000000000e+00
-4.693268239498138428e-01,2.642965875566005707e-02,-3.695895075798034668e-01,-1.697165332734584808e-02,-6.295943260192871094e-01,-7.767386436462402344e-01,0.000000000000000000e+00
-3.490413725376129150e-01,3.530128160491585732e-03,-3.521767258644104004e-01,-5.630204081535339355e-02,-6.522808074951171875e-01,-7.558834552764892578e-01,0.000000000000000000e+00
-2.670130133628845215e-01,-4.192133620381355286e-02,-3.133828043937683105e-01,1.397270243614912033e-02,-6.365741491317749023e-01,-7.710888981819152832e-01,0.000000000000000000e+00
7.452175021171569824e-01,1.613157689571380615e-01,2.044111341238021851e-01,5.832950398325920105e-02,4.724729359149932861e-01,8.794128894805908203e-01,0.000000000000000000e+00
3.097972869873046875e-01,-3.946295678615570068e-01,5.551359429955482483e-02,5.449550598859786987e-02,-7.100235819816589355e-01,-7.020660638809204102e-01,0.000000000000000000e+00
-4.673684835433959961e-01,3.788667619228363037e-01,-7.274844497442245483e-02,-4.642899706959724426e-02,7.429139018058776855e-01,6.677749156951904297e-01,0.000000000000000000e+00
1.871524751186370850e-01,-5.259984135627746582e-01,2.261298298835754395e-01,4.673241376876831055e-01,-8.304221630096435547e-01,3.033269345760345459e-01,0.000000000000000000e+00
-6.219837069511413574e-01,-1.458122432231903076e-01,3.977238833904266357e-01,-8.573561310768127441e-01,-3.742044270038604736e-01,3.534283041954040527e-01,0.000000000000000000e+00
-9.291208349168300629e-03,-3.499798774719238281e-01,5.591800808906555176e-01,5.171176195144653320e-01,-6.003652215003967285e-01,6.100417971611022949e-01,0.000000000000000000e+00
-4.971750974655151367e-01,1.076162904500961304e-01,2.241747826337814331e-01,-2.276515774428844452e-02,6.900793313980102539e-01,7.233756184577941895e-01,0.000000000000000000e+00
-3.841209709644317627e-01,2.698239684104919434e-01,-3.946520686149597168e-01,-5.051009058952331543e-01,6.095185279846191406e-01,-6.110321283340454102e-01,0.000000000000000000e+00
7.859221696853637695e-01,6.275078654289245605e-02,-2.558683753013610840e-01,8.683509230613708496e-01,4.099067151546478271e-01,-2.791831195354461670e-01,0.000000000000000000e+00
-5.091504752635955811e-02,-3.958279788494110107e-01,5.483871698379516602e-01,4.937164187431335449e-01,-6.011914610862731934e-01,6.283414363861083984e-01,0.000000000000000000e+00
-6.353834271430969238e-01,-1.622707396745681763e-01,3.617513477802276611e-01,-8.583701848983764648e-01,-2.868320345878601074e-01,4.253562688827514648e-01,0.000000000000000000e+00
1.488919854164123535e-01,-1.714513748884201050e-01,4.596181511878967285e-01,3.687023743987083435e-02,6.179016828536987305e-01,7.853904366493225098e-01,0.000000000000000000e+00
8.232490420341491699e-01,3.716837987303733826e-02,2.494493573904037476e-01,6.382980346679687500e-01,-6.095933914184570312e-01,4.700760543346405029e-01,0.000000000000000000e+00
-1.740372329950332642e-01,-3.204843103885650635e-01,-5.651085451245307922e-02,4.108402505517005920e-02,-6.802269220352172852e-01,-7.318493127822875977e-01,0.000000000000000000e+00
4.876754581928253174e-01,6.163262724876403809e-01,-2.476588189601898193e-01,3.973869383335113525e-01,8.130630850791931152e-01,4.254551231861114502e-01,0.000000000000000000e+00
2.930628955364227295e-01,1.842399090528488159e-01,-4.840693473815917969e-01,8.056517690420150757e-02,-6.634715795516967773e-01,-7.438513040542602539e-01,0.000000000000000000e+00
3.147787749767303467e-01,5.362842082977294922e-01,-1.746771782636642456e-01,-1.491350680589675903e-01,6.522095799446105957e-01,7.432236671447753906e-01,0.000000000000000000e+00
1.042457446455955505e-01,-4.542520344257354736e-01,3.665046393871307373e-01,5.005932450294494629e-01,-6.127611994743347168e-01,6.114982366561889648e-01,0.000000000000000000e+00
-4.618636965751647949e-01,1.297750771045684814e-01,-4.529860317707061768e-01,-2.991347014904022217e-01,-1.746492236852645874e-01,-9.380916953086853027e-01,0.000000000000000000e+00
8.598977327346801758e-01,-1.638740114867687225e-02,-1.416189074516296387e-01,8.667142987251281738e-01,4.033650755882263184e-01,-2.934330403804779053e-01,0.000000000000000000e+00
3.199181854724884033e-01,-2.114540189504623413e-01,-1.239403858780860901e-01,5.552050098776817322e-02,-6.851212978363037109e-01,-7.263100147247314453e-01,0.000000000000000000e+00
-1.141469180583953857e-01,-2.485508322715759277e-01,-1.200098842382431030e-01,4.846218228340148926e-02,-6.793153285980224609e-01,-7.322445511817932129e-01,0.000000000000000000e+00
1.274448186159133911e-01,-4.931204020977020264e-01,3.081029355525970459e-01,5.032980442047119141e-01,-6.172847151756286621e-01,6.046905517578125000e-01,0.000000000000000000e+00
-1.349360048770904541e-01,-5.321282148361206055e-01,4.836682677268981934e-01,4.987375438213348389e-01,-6.041920185089111328e-01,6.214603185653686523e-01,0.000000000000000000e+00
4.122822880744934082e-01,-1.500661373138427734e-01,4.200531840324401855e-01,4.968555569648742676e-01,-6.295728683471679688e-01,5.973044037818908691e-01,0.000000000000000000e+00
6.031860709190368652e-01,4.749845564365386963e-01,-1.140315383672714233e-01,3.097738623619079590e-01,7.818164825439453125e-01,5.411128997802734375e-01,0.000000000000000000e+00
8.050455451011657715e-01,2.559251487255096436e-01,4.988684132695198059e-02,8.646392822265625000e-01,4.182251691818237305e-01,-2.783642411231994629e-01,0.000000000000000000e+00
-6.076856255531311035e-01,2.129074931144714355e-02,3.060029149055480957e-01,-5.183573439717292786e-02,6.891098618507385254e-01,7.228005528450012207e-01,0.000000000000000000e+00
2.173129469156265259e-01,2.923998236656188965e-01,-5.864313244819641113e-01,2.608636021614074707e-02,-6.763045787811279297e-01,-7.361600995063781738e-01,0.000000000000000000e+00
2.362381517887115479e-01,3.543519377708435059e-01,-3.936142474412918091e-02,-1.991962790489196777e-01,6.668990850448608398e-01,7.180295586585998535e-01,0.000000000000000000e+00
-1.654964126646518707e-02,-2.850178778171539307e-01,5.563689470291137695e-01,6.372003257274627686e-02,5.822151303291320801e-01,8.105339407920837402e-01,0.000000000000000000e+00
-4.688420295715332031e-01,-2.932033538818359375e-01,5.667484998703002930e-01,-5.689444541931152344e-01,3.360772132873535156e-01,7.505692839622497559e-01,0.000000000000000000e+00
-7.387444972991943359e-01,1.356306523084640503e-01,1.882881969213485718e-01,-2.874493598937988281e-01,5.499682426452636719e-01,7.841605544090270996e-01,0.000000000000000000e+00
2.710702717304229736e-01,3.472280800342559814e-01,-2.695028297603130341e-02,-8.794426918029785156e-02,5.804561972618103027e-01,8.095284700393676758e-01,0.000000000000000000e+00
7.298530936241149902e-01,1.566840857267379761e-01,-2.910129427909851074e-01,8.634267449378967285e-01,4.160493314266204834e-01,-2.853020131587982178e-01,0.000000000000000000e+00
8.330416679382324219e-01,2.280630022287368774e-01,1.100048050284385681e-01,4.339848756790161133e-01,7.842197418212890625e-01,4.434597194194793701e-01,0.000000000000000000e+00
4.763460457324981689e-01,-2.589887678623199463e-01,2.592042386531829834e-01,4.930712580680847168e-01,-6.130634546279907227e-01,6.172794699668884277e-01,0.000000000000000000e+00
-4.832498133182525635e-01,-3.943975865840911865e-01,5.115501284599304199e-01,-8.608114123344421387e-01,-3.180418014526367188e-01,3.973072767257690430e-01,0.000000000000000000e+00
2.452497929334640503e-01,-4.297574162483215332e-01,8.583658933639526367e-02,6.090543046593666077e-02,-7.091088891029357910e-01,-7.024636268615722656e-01,0.000000000000000000e+00
8.576468825340270996e-01,-9.590776264667510986e-02,-1.854731142520904541e-01,2.875527441501617432e-01,-5.477554798126220703e-01,-7.856699824333190918e-01,0.000000000000000000e+00
4.719078540802001953e-01,6.680523753166198730e-01,-3.595790863037109375e-01,8.544492125511169434e-01,4.276726841926574707e-01,-2.949789762496948242e-01,0.000000000000000000e+00
-7.537499070167541504e-01,-6.321518868207931519e-02,-2.914613187313079834e-01,-7.209093123674392700e-02,-6.229117512702941895e-01,-7.789632678031921387e-01,0.000000000000000000e+00
-5.137371644377708435e-02,-2.181840389966964722e-01,-1.439201831817626953e-01,5.171390622854232788e-02,-6.777973771095275879e-01,-7.334278225898742676e-01,0.000000000000000000e+00
-7.279089093208312988e-01,-8.173747360706329346e-02,-2.774018645286560059e-01,-1.502311509102582932e-02,-6.307560801506042480e-01,-7.758357524871826172e-01,0.000000000000000000e+00
-3.141126632690429688e-01,1.244131103157997131e-01,2.019129395484924316e-01,3.516562283039093018e-02,7.192446589469909668e-01,6.938663721084594727e-01,0.000000000000000000e+00
-8.282222598791122437e-02,7.143696397542953491e-02,2.417953908443450928e-01,6.071786209940910339e-02,7.216186523437500000e-01,6.896229982376098633e-01,0.000000000000000000e+00
-3.001450598239898682e-01,-7.867064327001571655e-02,4.005189239978790283e-01,4.790544509887695312e-02,6.943184137344360352e-01,7.180717587471008301e-01,0.000000000000000000e+00
-3.320204913616180420e-01,1.519350558519363403e-01,1.742606312036514282e-01,2.895307540893554688e-02,7.210749983787536621e-01,6.922518014907836914e-01,0.000000000000000000e+00
5.263103842735290527e-01,4.956209659576416016e-01,-4.379113316535949707e-01,8.659811019897460938e-01,3.941299617290496826e-01,-3.077958822250366211e-01,0.000000000000000000e+00
-5.939982533454895020e-01,-4.031674265861511230e-01,2.331913821399211884e-02,-2.618197202682495117e-01,-7.329399585723876953e-01,-6.278928518295288086e-01,0.000000000000000000e+00
4.702677428722381592e-01,-1.572624295949935913e-01,3.638446927070617676e-01,4.797939360141754150e-01,-5.135602951049804688e-01,7.113744616508483887e-01,0.000000000000000000e+00
8.835265040397644043e-02,-3.076910078525543213e-01,-4.889163374900817871e-02,5.809427797794342041e-02,-6.898528337478637695e-01,-7.216149568557739258e-01,0.000000000000000000e+00
3.767785429954528809e-01,1.403555721044540405e-01,-4.374203979969024658e-01,6.691456586122512817e-02,-6.731452345848083496e-01,-7.364766597747802734e-01,0.000000000000000000e+00
5.446075275540351868e-02,-5.120780467987060547e-01,3.490995466709136963e-01,5.007108449935913086e-01,-6.146802306175231934e-01,6.094725728034973145e-01,0.000000000000000000e+00
-7.976424694061279297e-01,1.938937306404113770e-01,1.234835907816886902e-01,7.754155993461608887e-02,8.171404600143432617e-01,5.711994171142578125e-01,0.000000000000000000e+00
-2.854294180870056152e-01,-5.640661120414733887e-01,5.774002671241760254e-01,5.245835185050964355e-01,-5.894923210144042969e-01,6.142563819885253906e-01,0.000000000000000000e+00
1.509222090244293213e-01,-3.955920934677124023e-01,3.875672519207000732e-01,4.975942373275756836e-01,-6.129775643348693848e-01,6.137251257896423340e-01,0.000000000000000000e+00
7.329803705215454102e-01,2.676831185817718506e-01,-1.475542485713958740e-01,8.702529668807983398e-01,3.927461504936218262e-01,-2.973386347293853760e-01,0.000000000000000000e+00
-3.532261848449707031e-01,4.765025675296783447e-01,-2.125886529684066772e-01,-5.152687430381774902e-01,5.987468361854553223e-01,-6.131886243820190430e-01,0.000000000000000000e+00
-2.661001868546009064e-03,5.161635279655456543e-01,-2.127678841352462769e-01,-6.715799123048782349e-02,6.560465693473815918e-01,7.517264485359191895e-01,0.000000000000000000e+00
-9.917626529932022095e-02,3.199510276317596436e-01,-5.814990401268005371e-01,-5.042884945869445801e-01,5.809146165847778320e-01,-6.389297842979431152e-01,0.000000000000000000e+00
1.580977886915206909e-01,6.462413817644119263e-02,2.268751412630081177e-01,5.274508893489837646e-02,7.187166213989257812e-01,6.932996511459350586e-01,0.000000000000000000e+00
7.274836897850036621e-01,3.561342358589172363e-01,-3.934311121702194214e-02,8.308455944061279297e-01,5.454095602035522461e-01,-1.105621084570884705e-01,0.000000000000000000e+00
6.803438812494277954e-02,-5.124031901359558105e-01,1.548139899969100952e-01,8.497004210948944092e-02,-7.164278626441955566e-01,-6.924674510955810547e-01,0.000000000000000000e+00
5.461480021476745605e-01,2.312064617872238159e-01,-5.055548548698425293e-01,7.208615541458129883e-02,-6.651288270950317383e-01,-7.432410120964050293e-01,0.000000000000000000e+00
1.088429167866706848e-01,4.987453222274780273e-01,-5.776183009147644043e-01,-5.016307234764099121e-01,6.172847151756286621e-01,-6.060744524002075195e-01,0.000000000000000000e+00
3.512234240770339966e-02,-1.076333820819854736e-01,4.103861749172210693e-01,4.229348525404930115e-02,6.656142473220825195e-01,7.450965642929077148e-01,0.000000000000000000e+00
-8.131316900253295898e-01,4.848456010222434998e-02,1.509013324975967407e-01,-8.576110005378723145e-01,-3.118079900741577148e-01,4.089977741241455078e-01,0.000000000000000000e+00
-4.996789097785949707e-01,3.179041147232055664e-01,-2.498410344123840332e-01,-5.100957751274108887e-01,6.154994368553161621e-01,-6.008017659187316895e-01,0.000000000000000000e+00
-3.711164295673370361e-01,-6.787971258163452148e-01,2.794360816478729248e-01,-1.349165290594100952e-01,-7.470762729644775391e-01,-6.509028673171997070e-01,0.000000000000000000e+00
-1.215128377079963684e-01,-1.432080268859863281e-01,-2.172167897224426270e-01,4.850460961461067200e-02,-6.491032838821411133e-01,-7.591522932052612305e-01,0.000000000000000000e+00
4.284739196300506592e-01,5.384022593498229980e-01,-6.422327756881713867e-01,8.898270726203918457e-01,3.639996945858001709e-01,-2.751582264900207520e-01,0.000000000000000000e+00
-2.026723176240921021e-01,-1.912640035152435303e-01,4.961244165897369385e-01,6.121363118290901184e-02,6.285405158996582031e-01,7.753642797470092773e-01,0.000000000000000000e+00
2.087035179138183594e-01,-2.364263683557510376e-01,-1.082686558365821838e-01,5.281652882695198059e-02,-6.850381493568420410e-01,-7.265900969505310059e-01,0.000000000000000000e+00
-5.119294524192810059e-01,-5.699288249015808105e-01,2.048033773899078369e-01,-8.345904350280761719e-01,-5.508122444152832031e-01,-8.044010028243064880e-03,0.000000000000000000e+00
5.743370056152343750e-01,3.683996796607971191e-01,1.916829496622085571e-02,-3.141255378723144531e-01,4.415639936923980713e-01,8.404441475868225098e-01,0.000000000000000000e+00
4.741555452346801758e-01,6.441883444786071777e-01,-2.829149663448333740e-01,2.590162754058837891e-01,7.877023220062255859e-01,5.589593648910522461e-01,0.000000000000000000e+00
-7.560713291168212891e-01,-2.158866226673126221e-01,-1.486767083406448364e-01,-3.041901588439941406e-01,-8.038712739944458008e-01,-5.111353397369384766e-01,0.000000000000000000e+00
-3.614740669727325439e-01,-7.493566274642944336e-01,4.055466055870056152e-01,-8.359837532043457031e-01,-4.866371750831604004e-01,2.536047995090484619e-01,0.000000000000000000e+00
3.018804192543029785e-01,-1.783326454460620880e-02,3.042201399803161621e-01,2.827628143131732941e-02,6.961519122123718262e-01,7.173373699188232422e-01,0.000000000000000000e+00
6.648452877998352051e-01,3.310390710830688477e-01,-2.611646354198455811e-01,8.636644482612609863e-01,4.073756039142608643e-01,-2.968650758266448975e-01,0.000000000000000000e+00
-2.199382334947586060e-01,5.267996191978454590e-01,-2.220533937215805054e-01,8.430513739585876465e-02,6.327579617500305176e-01,7.697467207908630371e-01,0.000000000000000000e+00
-6.200999021530151367e-01,7.396486401557922363e-02,2.562131583690643311e-01,-2.705952897667884827e-02,6.887744069099426270e-01,7.244705557823181152e-01,0.000000000000000000e+00
1.929322928190231323e-01,-6.060297787189483643e-02,3.550758659839630127e-01,5.780997499823570251e-02,7.139496207237243652e-01,6.978065371513366699e-01,0.000000000000000000e+00
-6.899182200431823730e-01,-9.330316632986068726e-02,-2.684635519981384277e-01,-1.140771154314279556e-02,-6.078354120254516602e-01,-7.939810752868652344e-01,0.000000000000000000e+00
-6.501588225364685059e-01,1.125331297516822815e-01,-3.317648172378540039e-01,-5.337060689926147461e-01,6.010821461677551270e-01,-5.948597192764282227e-01,0.000000000000000000e+00
4.319674968719482422e-01,4.787899553775787354e-01,-7.130482792854309082e-01,8.775338530540466309e-01,4.164102077484130859e-01,-2.377748042345046997e-01,0.000000000000000000e+00
-7.161605358123779297e-01,-2.317828536033630371e-01,1.207759901881217957e-01,-8.413565754890441895e-01,-4.065274596214294434e-01,3.561663925647735596e-01,0.000000000000000000e+00
8.111665248870849609e-01,-1.357247084379196167e-01,7.313489913940429688e-02,4.371327161788940430e-01,-3.308685719966888428e-01,8.363258838653564453e-01,0.000000000000000000e+00
-3.521543741226196289e-01,-6.686468720436096191e-01,5.207009911537170410e-01,-6.330369710922241211e-01,-5.750710964202880859e-01,5.182252526283264160e-01,0.000000000000000000e+00
4.940591156482696533e-01,1.383763998746871948e-01,1.859963536262512207e-01,-1.709812581539154053e-01,6.191208362579345703e-01,7.664560079574584961e-01,0.000000000000000000e+00
-3.681760132312774658e-01,2.087800949811935425e-01,1.159291863441467285e-01,6.923064589500427246e-03,7.210284471511840820e-01,6.928708553314208984e-01,0.000000000000000000e+00
8.005917668342590332e-01,-1.651871055364608765e-01,-1.349641531705856323e-01,5.423849821090698242e-02,-6.848822832107543945e-01,-7.266322374343872070e-01,0.000000000000000000e+00
6.269604563713073730e-01,3.555783629417419434e-01,3.083847649395465851e-02,8.588810451328754425e-03,7.208468914031982422e-01,6.930411458015441895e-01,0.000000000000000000e+00
-2.497766613960266113e-01,-5.153962410986423492e-03,3.289994597434997559e-01,3.311171755194664001e-02,6.958009600639343262e-01,7.174710035324096680e-01,0.000000000000000000e+00
3.476606607437133789e-01,-1.275137960910797119e-01,4.145590066909790039e-01,-3.309777751564979553e-02,7.036060690879821777e-01,7.098190188407897949e-01,0.000000000000000000e+00
-1.359102427959442139e-01,5.576555728912353516e-01,-3.276836574077606201e-01,-3.914286792278289795e-01,7.088426351547241211e-01,-5.867927074432373047e-01,0.000000000000000000e+00
3.389986455440521240e-01,4.547185897827148438e-01,-7.268993854522705078e-01,8.644966036081314087e-02,-6.692016720771789551e-01,-7.380349636077880859e-01,0.000000000000000000e+00
8.429146409034729004e-01,-2.246377468109130859e-01,-1.880414970219135284e-02,3.920032978057861328e-01,-7.550576329231262207e-01,5.255676507949829102e-01,0.000000000000000000e+00
2.971504330635070801e-01,-3.406347036361694336e-01,1.021652642521075904e-04,5.795986577868461609e-02,-7.057489156723022461e-01,-7.060872316360473633e-01,0.000000000000000000e+00
-1.358891427516937256e-01,-2.047717720270156860e-01,-1.620238870382308960e-01,4.539106041193008423e-02,-6.776215434074401855e-01,-7.340086698532104492e-01,0.000000000000000000e+00
9.399200081825256348e-01,-6.050487235188484192e-02,5.722378194332122803e-02,8.434087038040161133e-01,4.166416525840759277e-01,-3.392219841480255127e-01,0.000000000000000000e+00
9.108810871839523315e-02,5.326148867607116699e-01,-5.280133485794067383e-01,-5.098268389701843262e-01,6.139740347862243652e-01,-6.025881767272949219e-01,0.000000000000000000e+00
7.883957028388977051e-01,1.605658233165740967e-01,2.056185156106948853e-01,-1.376843005418777466e-01,4.065172076225280762e-01,9.032091498374938965e-01,0.000000000000000000e+00
6.140198707580566406e-01,4.498363658785820007e-02,2.831209003925323486e-01,-1.774672120809555054e-01,6.113339662551879883e-01,7.712172865867614746e-01,0.000000000000000000e+00
-1.719457805156707764e-01,-5.293251872062683105e-01,5.166298151016235352e-01,4.956867098808288574e-01,-5.819054841995239258e-01,6.447330117225646973e-01,0.000000000000000000e+00
-2.598209679126739502e-01,-1.298923492431640625e-01,4.467347860336303711e-01,-1.786146871745586395e-02,7.052645087242126465e-01,7.087191939353942871e-01,0.000000000000000000e+00
-4.987126588821411133e-01,2.842791378498077393e-01,-2.856649160385131836e-01,-5.105473399162292480e-01,6.228131055831909180e-01,-5.928281545639038086e-01,0.000000000000000000e+00
5.238951444625854492e-01,3.605300784111022949e-01,-6.100224852561950684e-01,8.812096714973449707e-01,2.200586795806884766e-01,-4.183821976184844971e-01,0.000000000000000000e+00
8.192484974861145020e-01,-2.295807301998138428e-01,-2.925495849922299385e-03,4.734693765640258789e-01,-7.293993830680847168e-01,4.937644302845001221e-01,0.000000000000000000e+00
-4.452081918716430664e-01,-5.974841713905334473e-01,3.877042829990386963e-01,-8.463801145553588867e-01,-4.506815075874328613e-01,2.837725579738616943e-01,0.000000000000000000e+00
1.598854809999465942e-01,-1.686450392007827759e-01,-1.749449223279953003e-01,5.111562833189964294e-02,-6.760938167572021484e-01,-7.350403666496276855e-01,0.000000000000000000e+00
-3.401192426681518555e-01,-2.772753536701202393e-01,-1.058973073959350586e-01,2.452786266803741455e-02,-6.781221032142639160e-01,-7.345398664474487305e-01,0.000000000000000000e+00
1.143039166927337646e-01,6.694372743368148804e-02,-3.926362097263336182e-01,6.129853427410125732e-02,-6.597324609756469727e-01,-7.489963769912719727e-01,0.000000000000000000e+00
6.033249497413635254e-01,1.473747310228645802e-03,3.145130276679992676e-01,-1.173236891627311707e-01,5.910732746124267578e-01,7.980397939682006836e-01,0.000000000000000000e+00
-6.530312895774841309e-01,-3.274815082550048828e-01,-4.743475466966629028e-02,-2.000604122877120972e-01,-7.181820273399353027e-01,-6.664760708808898926e-01,0.000000000000000000e+00
-6.856209039688110352e-01,-2.739409804344177246e-01,1.493669152259826660e-01,-8.659091591835021973e-01,-3.903808593750000000e-01,3.127365410327911377e-01,0.000000000000000000e+00
-1.472868472337722778e-01,-5.104951262474060059e-01,1.295056790113449097e-01,7.804555445909500122e-02,-7.060932517051696777e-01,-7.038047909736633301e-01,0.000000000000000000e+00
-1.469812840223312378e-01,-4.288687109947204590e-01,4.859451577067375183e-02,5.673002824187278748e-02,-6.995195150375366211e-01,-7.123581767082214355e-01,0.000000000000000000e+00
-6.095888018608093262e-01,2.752325311303138733e-02,3.000496923923492432e-01,-3.459331020712852478e-02,6.773555278778076172e-01,7.348420023918151855e-01,0.000000000000000000e+00
5.588088929653167725e-02,-1.818817406892776489e-01,-1.699057966470718384e-01,4.996511712670326233e-02,-6.780239939689636230e-01,-7.333396077156066895e-01,0.000000000000000000e+00
-3.682591617107391357e-01,3.747343420982360840e-01,-3.029694855213165283e-01,-5.105927586555480957e-01,6.083651185035705566e-01,-6.076074838638305664e-01,0.000000000000000000e+00
1.459842175245285034e-01,6.875743865966796875e-01,-3.483730852603912354e-01,-5.786782875657081604e-02,7.326405644416809082e-01,6.781512498855590820e-01,0.000000000000000000e+00
1.346148699522018433e-01,4.516787528991699219e-01,-6.457337141036987305e-01,-5.074151754379272461e-01,6.050011515617370605e-01,-6.135987639427185059e-01,0.000000000000000000e+00
-1.005661338567733765e-01,-6.269741058349609375e-02,3.763339817523956299e-01,3.710347414016723633e-02,6.860237717628479004e-01,7.266324162483215332e-01,0.000000000000000000e+00
-2.065880149602890015e-01,3.359470665454864502e-01,-4.793677330017089844e-01,-5.210692882537841797e-01,5.854827761650085449e-01,-6.210448741912841797e-01,0.000000000000000000e+00
6.833724975585937500e-01,2.707254588603973389e-01,-2.891766428947448730e-01,8.675685524940490723e-01,3.934608101844787598e-01,-3.041600883007049561e-01,0.000000000000000000e+00
-7.738738507032394409e-02,-6.490491032600402832e-01,3.209907114505767822e-01,4.864037334918975830e-01,-6.852871179580688477e-01,5.420266985893249512e-01,0.000000000000000000e+00
1.406211704015731812e-01,6.054065227508544922e-01,-4.919902086257934570e-01,-4.946958422660827637e-01,6.433421373367309570e-01,-5.842832326889038086e-01,0.000000000000000000e+00
-3.892228305339813232e-01,-2.583367526531219482e-01,-1.252439022064208984e-01,2.170076593756675720e-02,-6.837168335914611816e-01,-7.294247150421142578e-01,0.000000000000000000e+00
4.447667002677917480e-01,-3.170548081398010254e-01,2.262126952409744263e-01,5.162528157234191895e-01,-6.193368434906005859e-01,5.915276408195495605e-01,0.000000000000000000e+00
-2.136587053537368774e-01,2.211131304502487183e-01,-5.330765247344970703e-01,-1.432582922279834747e-02,-6.352669596672058105e-01,-7.721596956253051758e-01,0.000000000000000000e+00
-6.808847188949584961e-01,-2.799842059612274170e-01,1.549368351697921753e-01,-8.659091591835021973e-01,-3.903808593750000000e-01,3.127365410327911377e-01,0.000000000000000000e+00
-4.381614327430725098e-01,-5.290390849113464355e-01,1.294230967760086060e-01,-5.250735208392143250e-02,-7.296575307846069336e-01,-6.817938685417175293e-01,0.000000000000000000e+00
1.097778081893920898e-01,-2.616830468177795410e-01,5.324388146400451660e-01,-1.385303214192390442e-02,6.543006300926208496e-01,7.561076283454895020e-01,0.000000000000000000e+00
9.467174112796783447e-02,-6.150862574577331543e-02,-2.780424356460571289e-01,5.336760729551315308e-02,-6.756709814071655273e-01,-7.352690696716308594e-01,0.000000000000000000e+00
-8.398683667182922363e-01,9.963007271289825439e-02,1.333650499582290649e-01,-8.501788377761840820e-01,-3.131762444972991943e-01,4.232216775417327881e-01,0.000000000000000000e+00
-1.910389661788940430e-01,-2.876598946750164032e-02,3.489459455013275146e-01,3.963772952556610107e-02,6.915714144706726074e-01,7.212196588516235352e-01,0.000000000000000000e+00
5.386862754821777344e-01,1.674004793167114258e-01,1.732863634824752808e-01,-1.781280040740966797e-01,6.066680550575256348e-01,7.747414112091064453e-01,0.000000000000000000e+00
5.937141180038452148e-01,4.387858211994171143e-01,-3.198962211608886719e-01,8.644036650657653809e-01,4.013122022151947021e-01,-3.029105961322784424e-01,0.000000000000000000e+00
-3.043891191482543945e-01,-2.925144731998443604e-01,5.857005119323730469e-01,8.334100246429443359e-02,6.455180644989013672e-01,7.591842412948608398e-01,0.000000000000000000e+00
3.151028454303741455e-01,-3.265221416950225830e-01,3.229405581951141357e-01,4.998315870761871338e-01,-6.141076087951660156e-01,6.107701659202575684e-01,0.000000000000000000e+00
-2.467136979103088379e-01,-6.479066014289855957e-01,2.587524652481079102e-01,6.509158015251159668e-02,-7.366658449172973633e-01,-6.731169819831848145e-01,0.000000000000000000e+00
-3.800270855426788330e-01,-6.439501643180847168e-01,5.096941590309143066e-01,-8.633467555046081543e-01,-4.132731556892395020e-01,2.895473837852478027e-01,0.000000000000000000e+00
-2.367604821920394897e-01,5.200539827346801758e-01,-2.142759412527084351e-01,5.122462660074234009e-02,7.028049826622009277e-01,7.095358967781066895e-01,0.000000000000000000e+00
9.029215574264526367e-01,3.304436430335044861e-02,1.987228095531463623e-01,2.138615250587463379e-01,-6.308141350746154785e-01,7.458798885345458984e-01,0.000000000000000000e+00
4.096395671367645264e-01,4.527359008789062500e-01,-8.507697284221649170e-02,-1.474079638719558716e-01,6.401510834693908691e-01,7.539744973182678223e-01,0.000000000000000000e+00
3.335028588771820068e-01,6.396555304527282715e-01,-2.644743919372558594e-01,-1.272969990968704224e-01,6.808525323867797852e-01,7.212734222412109375e-01,0.000000000000000000e+00
2.618681639432907104e-02,-5.924864411354064941e-01,2.937419414520263672e-01,4.069623351097106934e-01,-7.378591895103454590e-01,5.384657979011535645e-01,0.000000000000000000e+00
-6.055532097816467285e-01,-1.295312680304050446e-02,3.364992439746856689e-01,-9.395928680896759033e-02,6.893031001091003418e-01,7.183543443679809570e-01,0.000000000000000000e+00
-1.298950016498565674e-01,-1.658387780189514160e-01,4.699540436267852783e-01,4.835763201117515564e-02,6.485974192619323730e-01,7.595939636230468750e-01,0.000000000000000000e+00
6.337840575724840164e-03,3.626868426799774170e-01,-7.294355332851409912e-02,-2.116014808416366577e-02,6.855332255363464355e-01,7.277337908744812012e-01,0.000000000000000000e+00
3.575988709926605225e-01,4.923362731933593750e-01,-7.612182497978210449e-01,7.180307805538177490e-02,-6.851816773414611816e-01,-7.248243689537048340e-01,0.000000000000000000e+00
-1.784592270851135254e-01,-6.488417088985443115e-02,-2.908095121383666992e-01,3.531233593821525574e-02,-6.649432778358459473e-01,-7.460586428642272949e-01,0.000000000000000000e+00
-2.869077324867248535e-01,-3.311709165573120117e-01,6.112601757049560547e-01,1.015742644667625427e-01,5.781775116920471191e-01,8.095637559890747070e-01,0.000000000000000000e+00
-5.240116119384765625e-01,-2.690539658069610596e-01,5.073772072792053223e-01,-8.461388945579528809e-01,-3.285866379737854004e-01,4.196186363697052002e-01,0.000000000000000000e+00
5.033180117607116699e-01,-3.849305212497711182e-01,5.974854901432991028e-02,4.825809225440025330e-02,-7.113833427429199219e-01,-7.011454105377197266e-01,0.000000000000000000e+00
-7.193291783332824707e-01,3.124177157878875732e-01,-6.992121040821075439e-02,-5.040302276611328125e-01,6.414394378662109375e-01,-5.783675312995910645e-01,0.000000000000000000e+00
