2.570540010929107666e-01,-1.807236112654209137e-02,-1.256086975336074829e-01,8.087092638015747070e-01,-2.465436011552810669e-01,-5.340464115142822266e-01,0.000000000000000000e+00
-2.237579524517059326e-01,1.719541549682617188e-01,4.747266694903373718e-02,-7.568166851997375488e-01,6.330024600028991699e-01,1.628999859094619751e-01,0.000000000000000000e+00
9.174025803804397583e-02,-1.066459119319915771e-01,-2.520815432071685791e-01,5.836215615272521973e-01,-3.655981123447418213e-01,-7.250682115554809570e-01,0.000000000000000000e+00
-1.325865834951400757e-01,2.369216680526733398e-01,8.774238824844360352e-02,-4.639230072498321533e-01,8.200444579124450684e-01,3.351156711578369141e-01,0.000000000000000000e+00
-2.293846905231475830e-01,-8.501152694225311279e-02,1.511122584342956543e-01,-7.669156789779663086e-01,-2.378783077001571655e-01,5.960320830345153809e-01,0.000000000000000000e+00
1.200976502150297165e-02,2.658858895301818848e-01,-9.865754842758178711e-02,7.441566139459609985e-02,9.593738317489624023e-01,-2.721474170684814453e-01,0.000000000000000000e+00
-1.946375891566276550e-02,-2.578499615192413330e-01,-1.443028151988983154e-01,-1.474068313837051392e-01,-8.585245013236999512e-01,-4.911281466484069824e-01,0.000000000000000000e+00
-4.022401943802833557e-02,-6.706404685974121094e-02,2.756623923778533936e-01,-7.987774908542633057e-02,-2.333689481019973755e-01,9.691019058227539062e-01,0.000000000000000000e+00
1.896526813507080078e-01,5.870522931218147278e-02,-2.196338474750518799e-01,6.771190762519836426e-01,1.660260409116744995e-01,-7.168996334075927734e-01,0.000000000000000000e+00
-1.505902558565139771e-01,2.269067615270614624e-01,8.564753830432891846e-02,-5.574430823326110840e-01,7.833703160285949707e-01,2.749328613281250000e-01,0.000000000000000000e+00
-8.934336155652999878e-02,-1.978401541709899902e-01,-1.941381394863128662e-01,-4.272693097591400146e-01,-6.066053509712219238e-01,-6.704258918762207031e-01,0.000000000000000000e+00
-1.315905898809432983e-01,8.396454900503158569e-02,2.455044388771057129e-01,-4.485177993774414062e-01,2.621006667613983154e-01,8.544793725013732910e-01,0.000000000000000000e+00
2.387017607688903809e-01,1.233394816517829895e-01,-1.077520698308944702e-01,8.197533488273620605e-01,4.752141535282135010e-01,-3.196496963500976562e-01,0.000000000000000000e+00
1.634409427642822266e-01,-2.473815381526947021e-01,2.942510135471820831e-02,5.157653093338012695e-01,-8.367021679878234863e-01,1.841618865728378296e-01,0.000000000000000000e+00
-1.150187402963638306e-01,2.402463108301162720e-01,-1.126768440008163452e-01,-4.086309671401977539e-01,8.242452144622802734e-01,-3.919701278209686279e-01,0.000000000000000000e+00
1.810932010412216187e-01,-1.045212969183921814e-01,1.956509947776794434e-01,6.437526941299438477e-01,-3.474926352500915527e-01,6.817854046821594238e-01,0.000000000000000000e+00
-1.013893932104110718e-01,-2.663592100143432617e-01,-6.025699153542518616e-02,-3.597762584686279297e-01,-9.214577078819274902e-01,-1.465495526790618896e-01,0.000000000000000000e+00
1.724527478218078613e-01,2.151261121034622192e-01,-4.758100956678390503e-02,6.175264716148376465e-01,7.809063792228698730e-01,-9.405461698770523071e-02,0.000000000000000000e+00
6.544333416968584061e-03,-9.780638664960861206e-02,2.674913406372070312e-01,1.385567337274551392e-01,-3.096672296524047852e-01,9.406956434249877930e-01,0.000000000000000000e+00
1.814595307223498821e-03,1.539147645235061646e-01,-2.452206760644912720e-01,-5.479818582534790039e-02,5.332906842231750488e-01,-8.441553115844726562e-01,0.000000000000000000e+00
-1.439250856637954712e-01,3.631746768951416016e-02,-2.459908574819564819e-01,-4.578064084053039551e-01,1.601545661687850952e-01,-8.745077252388000488e-01,0.000000000000000000e+00
-2.575147151947021484e-02,2.738352715969085693e-01,7.291407883167266846e-02,-1.821488142013549805e-02,9.462837576866149902e-01,3.228239119052886963e-01,0.000000000000000000e+00
1.504467576742172241e-01,4.366947710514068604e-02,2.286960035562515259e-01,4.546826481819152832e-01,2.026272267103195190e-01,8.672980666160583496e-01,0.000000000000000000e+00
-1.853511631488800049e-01,-2.059671282768249512e-01,8.882315456867218018e-02,-6.988906860351562500e-01,-6.582472324371337891e-01,2.797540426254272461e-01,0.000000000000000000e+00
2.270913273096084595e-01,-1.923689842224121094e-01,-2.608640119433403015e-02,7.820218801498413086e-01,-6.130946874618530273e-01,-1.120566725730895996e-01,0.000000000000000000e+00
3.966671973466873169e-02,2.730490565299987793e-01,-5.531727522611618042e-02,1.705705076456069946e-01,9.743063449859619141e-01,-1.470811516046524048e-01,0.000000000000000000e+00
1.339229643344879150e-01,1.895897686481475830e-01,1.474076062440872192e-01,4.869603514671325684e-01,6.349603533744812012e-01,5.997457504272460938e-01,0.000000000000000000e+00
-1.275755763053894043e-01,-2.393099814653396606e-01,1.074240058660507202e-01,-4.028996229171752930e-01,-8.455808162689208984e-01,3.502356708049774170e-01,0.000000000000000000e+00
1.898518651723861694e-01,-5.870861932635307312e-02,-1.622819304466247559e-01,4.980238378047943115e-01,-5.546116828918457031e-01,-6.666169762611389160e-01,0.000000000000000000e+00
-1.664429008960723877e-01,1.182097271084785461e-01,-2.003772705793380737e-01,-5.451114773750305176e-01,4.396547973155975342e-01,-7.138327360153198242e-01,0.000000000000000000e+00
-7.325889915227890015e-02,2.300632447004318237e-01,-1.603994518518447876e-01,-2.955784797668457031e-01,7.395805716514587402e-01,-6.046932935714721680e-01,0.000000000000000000e+00
1.344779580831527710e-01,-2.872832491993904114e-02,2.452447265386581421e-01,4.617627263069152832e-01,3.060603048652410507e-04,8.870034217834472656e-01,0.000000000000000000e+00
4.806111007928848267e-02,-2.770334184169769287e-01,8.838308602571487427e-02,1.389011591672897339e-01,-9.362891912460327148e-01,3.225972652435302734e-01,0.000000000000000000e+00
3.710934519767761230e-02,-2.020561844110488892e-01,2.087868154048919678e-01,1.292614638805389404e-01,-6.611036062240600586e-01,7.390760779380798340e-01,0.000000000000000000e+00
1.190473958849906921e-01,2.331993579864501953e-01,-1.101996004581451416e-01,4.751469194889068604e-01,8.362642526626586914e-01,-2.736740410327911377e-01,0.000000000000000000e+00
-1.342720389366149902e-01,-9.993592649698257446e-02,-2.322187721729278564e-01,-4.517617225646972656e-01,-3.404036164283752441e-01,-8.246433734893798828e-01,0.000000000000000000e+00
-5.981280282139778137e-02,2.148549854755401611e-01,1.701489537954330444e-01,-1.904461234807968140e-01,7.505568265914916992e-01,6.327674984931945801e-01,0.000000000000000000e+00
2.643805146217346191e-01,-8.863154798746109009e-02,-7.583209127187728882e-02,8.556286096572875977e-01,-3.295909166336059570e-01,-3.990857899188995361e-01,0.000000000000000000e+00
7.419984904117882252e-04,-7.072788476943969727e-02,2.755976021289825439e-01,1.412627995014190674e-01,-1.760765612125396729e-01,9.741877913475036621e-01,0.000000000000000000e+00
9.314243495464324951e-02,-2.609283626079559326e-01,-1.152498871088027954e-01,3.604608774185180664e-01,-8.360434174537658691e-01,-4.136416018009185791e-01,0.000000000000000000e+00
2.537250220775604248e-01,1.259502619504928589e-01,2.622462622821331024e-02,8.722166419029235840e-01,4.730005264282226562e-01,1.245335787534713745e-01,0.000000000000000000e+00
1.651620268821716309e-01,-1.811116933822631836e-01,-1.502270996570587158e-01,6.487998366355895996e-01,-3.749460875988006592e-01,-6.621738672256469727e-01,0.000000000000000000e+00
2.820880897343158722e-02,-1.974159628152847290e-01,2.144941687583923340e-01,1.292614638805389404e-01,-6.611036062240600586e-01,7.390760779380798340e-01,0.000000000000000000e+00
2.109534144401550293e-01,1.831132918596267700e-01,-4.291181638836860657e-02,6.806544065475463867e-01,7.281779646873474121e-01,-8.041429519653320312e-02,0.000000000000000000e+00
8.930154889822006226e-02,2.641092836856842041e-01,-1.835812255740165710e-02,3.552687764167785645e-01,9.274756312370300293e-01,-1.165032908320426941e-01,0.000000000000000000e+00
1.404327154159545898e-01,3.507439047098159790e-02,2.361986786127090454e-01,4.691359400749206543e-01,2.370804548263549805e-01,8.507081270217895508e-01,0.000000000000000000e+00
9.444887936115264893e-02,2.553967833518981934e-01,5.931276828050613403e-02,3.215458989143371582e-01,9.325723648071289062e-01,1.640640050172805786e-01,0.000000000000000000e+00
1.791375875473022461e-01,-2.205287069082260132e-01,-8.728785067796707153e-02,6.137266755104064941e-01,-7.015647888183593750e-01,-3.621414005756378174e-01,0.000000000000000000e+00
3.256434574723243713e-02,2.332870215177536011e-01,1.476367264986038208e-01,2.267556041479110718e-01,8.025165200233459473e-01,5.518596768379211426e-01,0.000000000000000000e+00
2.247526198625564575e-01,-8.084911853075027466e-02,1.608379483222961426e-01,7.441456913948059082e-01,-2.837274968624114990e-01,6.047692894935607910e-01,0.000000000000000000e+00
-1.486098170280456543e-01,-2.436711788177490234e-01,5.438354611396789551e-02,-5.347015857696533203e-01,-8.367060422897338867e-01,1.183941960334777832e-01,0.000000000000000000e+00
3.752014786005020142e-02,-2.937581241130828857e-01,-1.263335905969142914e-02,1.066788136959075928e-01,-9.935839772224426270e-01,-3.755709901452064514e-02,0.000000000000000000e+00
1.722768843173980713e-01,-1.820441931486129761e-01,1.444040238857269287e-01,6.113249063491821289e-01,-5.707225799560546875e-01,5.482313632965087891e-01,0.000000000000000000e+00
1.499586850404739380e-01,2.123855948448181152e-01,-1.150875613093376160e-01,5.391749739646911621e-01,7.642481327056884766e-01,-3.538575172424316406e-01,0.000000000000000000e+00
1.750858873128890991e-01,2.115075290203094482e-01,-5.929006636142730713e-02,6.389601826667785645e-01,7.610874176025390625e-01,-1.116950288414955139e-01,0.000000000000000000e+00
-1.322353333234786987e-01,-1.333251595497131348e-01,2.164679616689682007e-01,-5.225725173950195312e-01,-4.060062766075134277e-01,7.497178316116333008e-01,0.000000000000000000e+00
8.186344057321548462e-02,1.883374154567718506e-01,1.810805797576904297e-01,2.766245007514953613e-01,6.572183370590209961e-01,7.011012434959411621e-01,0.000000000000000000e+00
-2.006034404039382935e-01,-1.671760156750679016e-02,-2.059107422828674316e-01,-7.252863049507141113e-01,-7.204312086105346680e-02,-6.846674680709838867e-01,0.000000000000000000e+00
-5.955389514565467834e-02,1.494510620832443237e-01,2.320576608180999756e-01,-1.410645544528961182e-01,5.809525251388549805e-01,8.016202449798583984e-01,0.000000000000000000e+00
2.585100382566452026e-02,1.381804645061492920e-01,2.387036681175231934e-01,1.409927904605865479e-01,5.349728465080261230e-01,8.330216407775878906e-01,0.000000000000000000e+00
-1.368023920804262161e-02,1.471261084079742432e-01,-2.481665909290313721e-01,-7.273567467927932739e-02,5.040719509124755859e-01,-8.605933785438537598e-01,0.000000000000000000e+00
-1.551941186189651489e-01,9.996187873184680939e-03,-2.422697097063064575e-01,-4.825055301189422607e-01,-2.296499675139784813e-03,-8.758898973464965820e-01,0.000000000000000000e+00
4.644481465220451355e-02,1.977470219135284424e-01,1.846181750297546387e-01,2.990237474441528320e-01,6.721458435058593750e-01,6.773512363433837891e-01,0.000000000000000000e+00
8.011401630938053131e-03,-1.360777318477630615e-01,-2.611781358718872070e-01,-1.712923694867640734e-04,-5.430068969726562500e-01,-8.397281765937805176e-01,0.000000000000000000e+00
-5.682813376188278198e-02,-1.593092083930969238e-01,2.337156981229782104e-01,-2.266172766685485840e-01,-5.125982165336608887e-01,8.281833529472351074e-01,0.000000000000000000e+00
4.728585947304964066e-03,-2.859925031661987305e-01,6.324591487646102905e-02,-2.988952398300170898e-02,-9.712592959403991699e-01,2.361397147178649902e-01,0.000000000000000000e+00
1.692963093519210815e-01,-2.259825766086578369e-01,8.656849712133407593e-02,5.984700918197631836e-01,-7.154895663261413574e-01,3.604278564453125000e-01,0.000000000000000000e+00
-1.021160334348678589e-01,-1.714757829904556274e-01,-2.082744091749191284e-01,-4.882158637046813965e-01,-5.277578830718994141e-01,-6.950660943984985352e-01,0.000000000000000000e+00
-1.761758774518966675e-01,-2.194162309169769287e-01,-6.820379197597503662e-02,-6.022250652313232422e-01,-7.600062489509582520e-01,-2.443675100803375244e-01,0.000000000000000000e+00
-2.417570352554321289e-01,4.986917972564697266e-02,-1.504505872726440430e-01,-8.507426977157592773e-01,1.818992048501968384e-01,-4.931020140647888184e-01,0.000000000000000000e+00
2.056748569011688232e-01,-8.450901508331298828e-02,-1.326870769262313843e-01,4.867017567157745361e-01,-1.952282190322875977e-01,-8.514736294746398926e-01,0.000000000000000000e+00
2.867175340652465820e-01,-5.015629157423973083e-02,-3.032892569899559021e-02,9.845491647720336914e-01,-1.652650088071823120e-01,-5.788325145840644836e-02,0.000000000000000000e+00
1.183922216296195984e-01,-1.392803192138671875e-01,-2.018343657255172729e-01,6.924943923950195312e-01,-3.706971406936645508e-01,-6.188983321189880371e-01,0.000000000000000000e+00
1.924168020486831665e-01,-9.213718026876449585e-02,-1.399797350168228149e-01,6.667439341545104980e-01,-3.538148403167724609e-01,-6.559478640556335449e-01,0.000000000000000000e+00
-2.611394524574279785e-01,1.126348879188299179e-02,-1.239796057343482971e-01,-8.797484040260314941e-01,8.017849922180175781e-02,-4.686300456523895264e-01,0.000000000000000000e+00
-1.753088459372520447e-02,-2.486400604248046875e-01,1.577588617801666260e-01,-4.669821634888648987e-02,-8.580764532089233398e-01,5.113942623138427734e-01,0.000000000000000000e+00
5.635103583335876465e-02,-2.589776515960693359e-01,1.309212893247604370e-01,1.426881998777389526e-01,-8.881056904792785645e-01,4.369306564331054688e-01,0.000000000000000000e+00
-6.282284855842590332e-03,2.670103013515472412e-01,-9.967479854822158813e-02,6.747466325759887695e-02,9.624588489532470703e-01,-2.629070281982421875e-01,0.000000000000000000e+00
-2.680933177471160889e-01,9.262569248676300049e-03,-1.117147654294967651e-01,-8.704472780227661133e-01,7.159215211868286133e-02,-4.870277643203735352e-01,0.000000000000000000e+00
2.413227856159210205e-01,-4.944622144103050232e-02,1.493065059185028076e-01,8.506096601486206055e-01,-1.517701894044876099e-01,5.034173130989074707e-01,0.000000000000000000e+00
-7.988831400871276855e-02,2.530691325664520264e-01,-1.165864244103431702e-01,-2.517085969448089600e-01,8.856531977653503418e-01,-3.902065753936767578e-01,0.000000000000000000e+00
1.748171597719192505e-01,-2.266623675823211670e-01,7.392054051160812378e-02,6.425486803054809570e-01,-7.098952531814575195e-01,2.884093523025512695e-01,0.000000000000000000e+00
-1.946341842412948608e-01,7.802732288837432861e-02,-1.985127776861190796e-01,-6.471679210662841797e-01,3.028125464916229248e-01,-6.996272206306457520e-01,0.000000000000000000e+00
-2.489252239465713501e-01,-1.248253211379051208e-01,8.971167355775833130e-02,-8.337723016738891602e-01,-4.382441043853759766e-01,3.358062803745269775e-01,0.000000000000000000e+00
1.843491941690444946e-01,2.068964689970016479e-01,3.141489997506141663e-02,6.012198925018310547e-01,7.931110858917236328e-01,9.751635789871215820e-02,0.000000000000000000e+00
2.121097892522811890e-01,-2.107995748519897461e-01,-2.172037959098815918e-02,7.562430500984191895e-01,-6.499764919281005859e-01,-7.501292973756790161e-02,0.000000000000000000e+00
2.634953856468200684e-01,-2.418926730751991272e-02,1.115109026432037354e-01,9.067925810813903809e-01,-5.643077194690704346e-02,4.177832305431365967e-01,0.000000000000000000e+00
-1.671897023916244507e-01,1.848949044942855835e-01,1.474488824605941772e-01,-5.202339887619018555e-01,7.107929587364196777e-01,4.734236896038055420e-01,0.000000000000000000e+00
2.053883820772171021e-01,8.565461635589599609e-02,-1.943919658660888672e-01,6.614543199539184570e-01,3.735374212265014648e-01,-6.503445506095886230e-01,0.000000000000000000e+00
-6.442085653543472290e-02,-2.714261114597320557e-01,8.123818039894104004e-02,-2.218343168497085571e-01,-9.236186742782592773e-01,3.125988245010375977e-01,0.000000000000000000e+00
2.613372206687927246e-01,-1.381382346153259277e-01,1.673364266753196716e-02,8.652001023292541504e-01,-4.830179810523986816e-01,1.346196383237838745e-01,0.000000000000000000e+00
-1.629853434860706329e-02,4.742026329040527344e-02,-2.878002822399139404e-01,-1.103857904672622681e-01,1.713901460170745850e-01,-9.789996743202209473e-01,0.000000000000000000e+00
1.569310873746871948e-01,-1.575652807950973511e-01,-1.666404604911804199e-01,5.608176589012145996e-01,-1.495568901300430298e-01,-8.143195509910583496e-01,0.000000000000000000e+00
-6.177524849772453308e-02,8.894091099500656128e-02,2.644038200378417969e-01,-1.472884714603424072e-01,2.860910296440124512e-01,9.468146562576293945e-01,0.000000000000000000e+00
2.152098268270492554e-01,1.810268610715866089e-01,-2.189426682889461517e-02,7.134366035461425781e-01,6.997910737991333008e-01,-3.606446459889411926e-02,0.000000000000000000e+00
2.514208480715751648e-02,-8.524313569068908691e-02,-2.826693058013916016e-01,6.913040578365325928e-02,-3.175020217895507812e-01,-9.457343220710754395e-01,0.000000000000000000e+00
-1.187343150377273560e-01,-1.912155300378799438e-01,1.818692237138748169e-01,-4.538536071777343750e-01,-5.814889669418334961e-01,6.751944422721862793e-01,0.000000000000000000e+00
3.223601356148719788e-02,1.210055649280548096e-01,-2.646887600421905518e-01,1.845297776162624359e-02,4.591561257839202881e-01,-8.881639242172241211e-01,0.000000000000000000e+00
-2.636467814445495605e-01,3.512739017605781555e-02,1.166642159223556519e-01,-9.373724460601806641e-01,9.344504773616790771e-02,3.355605602264404297e-01,0.000000000000000000e+00
-2.689811885356903076e-01,-9.217859059572219849e-02,-7.048247754573822021e-02,-9.165234565734863281e-01,-3.151586055755615234e-01,-2.462921887636184692e-01,0.000000000000000000e+00
-2.787157595157623291e-01,5.734432861208915710e-02,-3.519919142127037048e-02,-9.656533002853393555e-01,2.477594465017318726e-01,-7.828772813081741333e-02,0.000000000000000000e+00
-1.492907553911209106e-01,-2.475235164165496826e-01,3.800826612859964371e-03,-5.265787243843078613e-01,-8.495590686798095703e-01,3.105162829160690308e-02,0.000000000000000000e+00
2.735529839992523193e-01,3.019816987216472626e-02,7.905812561511993408e-02,9.481076002120971680e-01,1.301848590373992920e-01,2.900755703449249268e-01,0.000000000000000000e+00
3.242038935422897339e-02,-1.112638786435127258e-01,2.593725323677062988e-01,1.531463265419006348e-01,-2.905443012714385986e-01,9.445264339447021484e-01,0.000000000000000000e+00
2.510220110416412354e-01,7.138673961162567139e-02,1.135487258434295654e-01,8.642501831054687500e-01,2.985255718231201172e-01,4.049124419689178467e-01,0.000000000000000000e+00
-2.439812272787094116e-01,9.108522534370422363e-02,1.306016743183135986e-01,-8.507407307624816895e-01,3.012314438819885254e-01,4.306969344615936279e-01,0.000000000000000000e+00
-6.862783432006835938e-02,4.912291094660758972e-02,-2.761460542678833008e-01,-2.384197264909744263e-01,1.723263561725616455e-01,-9.557508230209350586e-01,0.000000000000000000e+00
-2.504841983318328857e-01,1.376310437917709351e-01,1.739457622170448303e-02,-8.922967314720153809e-01,4.449356794357299805e-01,7.641226053237915039e-02,0.000000000000000000e+00
9.439436346292495728e-02,2.383081614971160889e-01,1.078648269176483154e-01,3.159642815589904785e-01,8.473306298255920410e-01,4.268458485603332520e-01,0.000000000000000000e+00
-5.775590613484382629e-02,-5.999338999390602112e-02,2.755815386772155762e-01,-1.695195734500885010e-01,-2.247799932956695557e-01,9.595504403114318848e-01,0.000000000000000000e+00
-2.183806300163269043e-01,4.782279953360557556e-02,-1.828656941652297974e-01,-7.572139501571655273e-01,1.739681661128997803e-01,-6.295729875564575195e-01,0.000000000000000000e+00
-6.721433997154235840e-02,2.759012579917907715e-01,3.283049538731575012e-02,-2.328586131334304810e-01,9.545141458511352539e-01,1.862246394157409668e-01,0.000000000000000000e+00
-1.131632998585700989e-01,1.958877295255661011e-01,-1.761605590581893921e-01,-3.846839070320129395e-01,5.962638854980468750e-01,-7.046188116073608398e-01,0.000000000000000000e+00
2.475053258240222931e-02,-2.694287896156311035e-01,1.134474501013755798e-01,2.997990883886814117e-02,-9.237156510353088379e-01,3.819039165973663330e-01,0.000000000000000000e+00
2.887051701545715332e-01,-3.250387497246265411e-03,2.304543741047382355e-03,9.984046220779418945e-01,3.607226535677909851e-02,4.343942552804946899e-02,0.000000000000000000e+00
1.481690257787704468e-01,2.261884361505508423e-01,6.403709948062896729e-02,5.247108340263366699e-01,8.172142505645751953e-01,2.384101301431655884e-01,0.000000000000000000e+00
-1.161611750721931458e-01,-1.401641033589839935e-02,2.614928781986236572e-01,-4.440695047378540039e-01,-5.062708258628845215e-02,8.945608735084533691e-01,0.000000000000000000e+00
1.582529544830322266e-01,3.793283924460411072e-02,-2.483463585376739502e-01,5.710567831993103027e-01,3.919614851474761963e-02,-8.199743032455444336e-01,0.000000000000000000e+00
-2.852295041084289551e-01,3.399857133626937866e-02,1.063593849539756775e-02,-9.749363660812377930e-01,2.211425453424453735e-01,2.439370937645435333e-02,0.000000000000000000e+00
2.285706847906112671e-01,-1.438833624124526978e-01,1.074910983443260193e-01,7.874345779418945312e-01,-4.776539206504821777e-01,3.896069526672363281e-01,0.000000000000000000e+00
-8.685442805290222168e-02,-2.493772059679031372e-01,-1.251433491706848145e-01,-3.026461601257324219e-01,-8.527585268020629883e-01,-4.256855249404907227e-01,0.000000000000000000e+00
2.731479406356811523e-01,-1.716996775940060616e-03,8.717001229524612427e-02,9.420187473297119141e-01,5.127073824405670166e-02,3.316202461719512939e-01,0.000000000000000000e+00
2.031282335519790649e-01,-1.969421505928039551e-01,-8.557122200727462769e-02,6.904426217079162598e-01,-6.167922019958496094e-01,-3.779634237289428711e-01,0.000000000000000000e+00
2.715621292591094971e-01,9.083791077136993408e-02,-3.821281949058175087e-03,9.593545794486999512e-01,2.807810604572296143e-01,2.829730324447154999e-02,0.000000000000000000e+00
-7.631342858076095581e-02,-2.116998583078384399e-01,1.861310452222824097e-01,-2.858591675758361816e-01,-6.658300757408142090e-01,6.891697049140930176e-01,0.000000000000000000e+00
2.393815070390701294e-01,1.452930867671966553e-01,-5.778219923377037048e-02,8.315878510475158691e-01,5.339213013648986816e-01,-1.529369056224822998e-01,0.000000000000000000e+00
1.365552563220262527e-02,1.783866435289382935e-01,2.123256921768188477e-01,7.467443495988845825e-02,6.411393880844116211e-01,7.637826800346374512e-01,0.000000000000000000e+00
-2.005402147769927979e-01,-6.373835355043411255e-02,-1.964918822050094604e-01,-6.861390471458435059e-01,-2.042764723300933838e-01,-6.982008218765258789e-01,0.000000000000000000e+00
-2.417159080505371094e-01,-5.818059667944908142e-02,1.446648240089416504e-01,-8.003607988357543945e-01,-2.034682631492614746e-01,5.639355182647705078e-01,0.000000000000000000e+00
-2.852696776390075684e-01,-5.855745822191238403e-02,-4.023092612624168396e-02,-9.738745689392089844e-01,-2.219174951314926147e-01,-4.817638173699378967e-02,0.000000000000000000e+00
2.580930292606353760e-01,-6.639453768730163574e-02,-9.990423172712326050e-02,7.586248517036437988e-01,-2.806582152843475342e-01,-5.879790186882019043e-01,0.000000000000000000e+00
-7.325483113527297974e-02,4.848682135343551636e-02,2.728388011455535889e-01,-2.249214202165603638e-01,1.702835708856582642e-01,9.593819975852966309e-01,0.000000000000000000e+00
-2.229519784450531006e-01,1.147240772843360901e-01,-1.394449174404144287e-01,-7.435585260391235352e-01,4.537044763565063477e-01,-4.911954104900360107e-01,0.000000000000000000e+00
1.316074728965759277e-01,6.619526445865631104e-02,-2.602506875991821289e-01,4.923979938030242920e-01,1.986069828271865845e-01,-8.474075198173522949e-01,0.000000000000000000e+00
-1.335630118846893311e-01,2.496400028467178345e-01,-3.860974311828613281e-02,-4.527174532413482666e-01,8.892543911933898926e-01,-6.537198275327682495e-02,0.000000000000000000e+00
1.372787207365036011e-01,2.238482683897018433e-01,-1.072339490056037903e-01,4.938159286975860596e-01,8.221441507339477539e-01,-2.832398414611816406e-01,0.000000000000000000e+00
1.938487142324447632e-01,-8.645279705524444580e-02,1.926428675651550293e-01,6.846381425857543945e-01,-2.564133405685424805e-01,6.822922825813293457e-01,0.000000000000000000e+00
-6.544638425111770630e-02,2.315154075622558594e-01,-1.622788310050964355e-01,-2.423786818981170654e-01,7.486745119094848633e-01,-6.170405149459838867e-01,0.000000000000000000e+00
6.813552230596542358e-02,2.614125907421112061e-01,-8.640114217996597290e-02,2.004055231809616089e-01,9.381173849105834961e-01,-2.824418544769287109e-01,0.000000000000000000e+00
3.214185591787099838e-03,-2.071586698293685913e-01,2.089757770299911499e-01,3.502271324396133423e-02,-6.788692474365234375e-01,7.334234714508056641e-01,0.000000000000000000e+00
-2.436204999685287476e-01,1.148752197623252869e-01,-1.018665060400962830e-01,-8.864371776580810547e-01,3.882687091827392578e-01,-2.519455850124359131e-01,0.000000000000000000e+00
2.676969468593597412e-01,8.198673278093338013e-02,5.080902576446533203e-02,9.352465867996215820e-01,3.018308579921722412e-01,1.849648505449295044e-01,0.000000000000000000e+00
1.089624315500259399e-02,1.492780633270740509e-02,2.796250581741333008e-01,6.512475013732910156e-02,6.973354518413543701e-02,9.954375624656677246e-01,0.000000000000000000e+00
-1.350561231374740601e-01,-2.558175623416900635e-01,-6.320646498352289200e-04,-4.924785494804382324e-01,-8.701253533363342285e-01,-1.862181536853313446e-02,0.000000000000000000e+00
-1.264761090278625488e-01,-2.461370080709457397e-02,2.554025352001190186e-01,-4.765001535415649414e-01,-8.005333691835403442e-02,8.755221366882324219e-01,0.000000000000000000e+00
2.615022063255310059e-01,-5.495403334498405457e-02,1.055407151579856873e-01,9.343959093093872070e-01,-1.660221219062805176e-01,3.151839375495910645e-01,0.000000000000000000e+00
-1.516213119029998779e-01,1.884797513484954834e-01,1.570742726325988770e-01,-4.506658315658569336e-01,7.332621216773986816e-01,5.091433525085449219e-01,0.000000000000000000e+00
-2.134048640727996826e-01,5.932496488094329834e-02,1.921091824769973755e-01,-6.921052932739257812e-01,8.786456286907196045e-02,7.164286971092224121e-01,0.000000000000000000e+00
1.179783642292022705e-01,-8.680843561887741089e-02,2.421733289957046509e-01,4.035206437110900879e-01,-2.553466260433197021e-01,8.786177635192871094e-01,0.000000000000000000e+00
2.089442312717437744e-01,-1.851226538419723511e-01,9.052288532257080078e-02,7.292922735214233398e-01,-5.705031752586364746e-01,3.777021169662475586e-01,0.000000000000000000e+00
-3.106307238340377808e-02,-2.736542522907257080e-01,9.634203463792800903e-02,-1.462279856204986572e-01,-9.433368444442749023e-01,2.978808581829071045e-01,0.000000000000000000e+00
-1.198837310075759888e-01,-7.259917911142110825e-03,2.599115967750549316e-01,-4.388825297355651855e-01,-2.880726568400859833e-02,8.980825543403625488e-01,0.000000000000000000e+00
1.584110409021377563e-01,1.698145270347595215e-01,1.486977338790893555e-01,5.649949312210083008e-01,6.238426566123962402e-01,5.400010347366333008e-01,0.000000000000000000e+00
-1.246683225035667419e-01,9.924627840518951416e-02,-2.365793436765670776e-01,-4.398083090782165527e-01,3.965198397636413574e-01,-8.058167695999145508e-01,0.000000000000000000e+00
-3.636551275849342346e-02,-1.980130672454833984e-01,-2.136464715003967285e-01,-1.447109431028366089e-01,-6.830840706825256348e-01,-7.158595323562622070e-01,0.000000000000000000e+00
4.355210810899734497e-02,2.776182591915130615e-01,2.408382482826709747e-03,1.946502774953842163e-01,9.803311228752136230e-01,-3.259055316448211670e-02,0.000000000000000000e+00
2.329821586608886719e-01,1.564996391534805298e-01,-4.953445494174957275e-02,7.657251954078674316e-01,6.164265275001525879e-01,-1.835300177335739136e-01,0.000000000000000000e+00
2.268801033496856689e-01,6.460162997245788574e-02,1.551930606365203857e-01,7.660173773765563965e-01,2.915455102920532227e-01,5.729036927223205566e-01,0.000000000000000000e+00
7.672165986150503159e-03,-1.518442928791046143e-01,2.457074373960494995e-01,1.327635496854782104e-01,-4.261126220226287842e-01,8.948753476142883301e-01,0.000000000000000000e+00
-1.751389056444168091e-01,1.059937402606010437e-01,-2.013016641139984131e-01,-5.810204744338989258e-01,4.123237133026123047e-01,-7.017153501510620117e-01,0.000000000000000000e+00
-3.575072437524795532e-02,-2.584283053874969482e-01,-1.370732337236404419e-01,-1.981681287288665771e-01,-8.581919074058532715e-01,-4.735356569290161133e-01,0.000000000000000000e+00
1.553017944097518921e-01,2.025810182094573975e-01,-1.280546635389328003e-01,5.385495424270629883e-01,7.631107568740844727e-01,-3.572483658790588379e-01,0.000000000000000000e+00
-8.770569111220538616e-04,-4.806985706090927124e-02,-2.918022274971008301e-01,8.701181039214134216e-03,-1.828570812940597534e-01,-9.831010103225708008e-01,0.000000000000000000e+00
2.304411679506301880e-01,1.242889687418937683e-01,-1.256187707185745239e-01,7.884604930877685547e-01,4.894873499870300293e-01,-3.724677264690399170e-01,0.000000000000000000e+00
6.004220619797706604e-02,2.554384768009185791e-01,-1.098765209317207336e-01,2.523305714130401611e-01,9.078576564788818359e-01,-3.348488807678222656e-01,0.000000000000000000e+00
-1.714587509632110596e-01,1.960267573595046997e-01,-1.200792714953422546e-01,-6.323118209838867188e-01,6.437225341796875000e-01,-4.310488402843475342e-01,0.000000000000000000e+00
2.779175341129302979e-01,7.085756212472915649e-02,-2.867838740348815918e-02,9.514442086219787598e-01,2.249220013618469238e-01,-2.101523280143737793e-01,0.000000000000000000e+00
-2.320525199174880981e-01,1.009246855974197388e-01,1.466909646987915039e-01,-8.085709214210510254e-01,3.434063792228698730e-01,4.777919650077819824e-01,0.000000000000000000e+00
2.154255360364913940e-01,-2.806821465492248535e-02,1.856638491153717041e-01,7.546761035919189453e-01,-6.640347652137279510e-03,6.560639739036560059e-01,0.000000000000000000e+00
1.732466816902160645e-01,-2.386658936738967896e-01,-4.872793704271316528e-02,4.195573627948760986e-01,-8.661050200462341309e-01,-2.717236578464508057e-01,0.000000000000000000e+00
2.452086508274078369e-01,1.311370879411697388e-01,-7.333895564079284668e-02,8.308592438697814941e-01,5.213669538497924805e-01,-1.945493072271347046e-01,0.000000000000000000e+00
6.233425065875053406e-02,8.471069484949111938e-02,-2.774514853954315186e-01,9.111851453781127930e-02,2.515530884265899658e-01,-9.635447263717651367e-01,0.000000000000000000e+00
5.576916411519050598e-02,1.327447146177291870e-01,-2.568856477737426758e-01,9.517984092235565186e-02,5.169367194175720215e-01,-8.507156968116760254e-01,0.000000000000000000e+00
-2.343990504741668701e-01,-1.687722057104110718e-01,-4.211637377738952637e-02,-7.939221858978271484e-01,-5.914574265480041504e-01,-1.409458816051483154e-01,0.000000000000000000e+00
2.385160923004150391e-01,1.273463666439056396e-01,8.549248427152633667e-02,8.235537409782409668e-01,4.458344578742980957e-01,3.507006168365478516e-01,0.000000000000000000e+00
-3.086863271892070770e-02,3.548850491642951965e-02,2.796837687492370605e-01,-1.236119307577610016e-02,1.277907490730285645e-01,9.917241334915161133e-01,0.000000000000000000e+00
1.988008469343185425e-01,-1.953654140233993530e-01,-9.394601732492446899e-02,6.094933748245239258e-01,-5.960744023323059082e-01,-5.226979851722717285e-01,0.000000000000000000e+00
6.537952274084091187e-02,9.491938166320323944e-03,2.710966169834136963e-01,2.550467848777770996e-01,3.717195242643356323e-02,9.662139415740966797e-01,0.000000000000000000e+00
1.369870733469724655e-02,2.526669502258300781e-01,1.210619956254959106e-01,8.619702607393264771e-02,8.925361633300781250e-01,4.426615536212921143e-01,0.000000000000000000e+00
1.251319050788879395e-01,-1.223478093743324280e-01,-2.047478556632995605e-01,7.839747667312622070e-01,-4.226422905921936035e-01,-4.547054767608642578e-01,0.000000000000000000e+00
-4.014350939542055130e-03,2.820969521999359131e-01,-1.312278863042593002e-02,4.586902633309364319e-02,9.970766901969909668e-01,-6.110690906643867493e-02,0.000000000000000000e+00
-1.036855578422546387e-01,2.358900755643844604e-01,1.194035112857818604e-01,-3.437790274620056152e-01,8.147938847541809082e-01,4.668264687061309814e-01,0.000000000000000000e+00
-6.857401132583618164e-02,5.074657872319221497e-02,-2.758667171001434326e-01,-2.384197264909744263e-01,1.723263561725616455e-01,-9.557508230209350586e-01,0.000000000000000000e+00
3.194536641240119934e-02,7.637247443199157715e-02,2.648372054100036621e-01,1.466377824544906616e-01,2.527564764022827148e-01,9.563532471656799316e-01,0.000000000000000000e+00
-1.414959132671356201e-01,-2.519344091415405273e-01,1.436767727136611938e-02,-5.186178684234619141e-01,-8.546676635742187500e-01,2.405668608844280243e-02,0.000000000000000000e+00
1.350400745868682861e-01,1.872252225875854492e-01,1.490039378404617310e-01,4.869603514671325684e-01,6.349603533744812012e-01,5.997457504272460938e-01,0.000000000000000000e+00
-5.089719220995903015e-02,2.622945606708526611e-01,-1.080921515822410583e-01,-1.425656378269195557e-01,9.347569942474365234e-01,-3.254295587539672852e-01,0.000000000000000000e+00
-8.608635514974594116e-02,2.323115468025207520e-01,-1.505655646324157715e-01,-3.686457872390747070e-01,7.478556632995605469e-01,-5.520979762077331543e-01,0.000000000000000000e+00
1.986548751592636108e-01,8.852843195199966431e-02,1.738179922103881836e-01,6.643121242523193359e-01,3.284547328948974609e-01,6.714215278625488281e-01,0.000000000000000000e+00
2.046313583850860596e-01,-1.368643492460250854e-01,-1.251582205295562744e-01,7.309418916702270508e-01,-1.009537801146507263e-01,-6.749313473701477051e-01,0.000000000000000000e+00
-1.177113130688667297e-01,-2.607756257057189941e-01,5.005981028079986572e-02,-3.811253309249877930e-01,-8.892447948455810547e-01,2.529568374156951904e-01,0.000000000000000000e+00
-2.818780541419982910e-01,-2.341604419052600861e-02,-7.586865872144699097e-02,-9.673157930374145508e-01,-3.863820433616638184e-02,-2.506137192249298096e-01,0.000000000000000000e+00
-4.359997436404228210e-02,2.622855901718139648e-01,9.951978921890258789e-02,-1.104087904095649719e-01,9.261674880981445312e-01,3.605878949165344238e-01,0.000000000000000000e+00
1.077878326177597046e-01,9.013321995735168457e-02,2.336807250976562500e-01,3.947544395923614502e-01,3.494874536991119385e-01,8.497219681739807129e-01,0.000000000000000000e+00
-2.657743394374847412e-01,3.676137700676918030e-02,1.099000275135040283e-01,-9.487162232398986816e-01,1.017106026411056519e-01,2.993199825286865234e-01,0.000000000000000000e+00
-6.172288954257965088e-02,2.301799505949020386e-01,1.493596285581588745e-01,-2.092498689889907837e-01,7.937834262847900391e-01,5.710712075233459473e-01,0.000000000000000000e+00
-1.589407622814178467e-01,-2.379938513040542603e-01,4.873033612966537476e-02,-5.254558324813842773e-01,-8.434069156646728516e-01,1.120755001902580261e-01,0.000000000000000000e+00
-2.082684487104415894e-01,5.648526921868324280e-02,-1.925328820943832397e-01,-7.531011700630187988e-01,1.811707168817520142e-01,-6.324680447578430176e-01,0.000000000000000000e+00
2.716755568981170654e-01,2.508664131164550781e-02,8.627176284790039062e-02,9.236156940460205078e-01,1.299159079790115356e-01,3.606326580047607422e-01,0.000000000000000000e+00
-2.215890735387802124e-01,9.518969804048538208e-02,1.661619842052459717e-01,-7.526534199714660645e-01,2.883343696594238281e-01,5.919257998466491699e-01,0.000000000000000000e+00
-4.420183598995208740e-02,9.634091705083847046e-02,-2.681906521320343018e-01,-2.155876904726028442e-01,3.729753494262695312e-01,-9.024474024772644043e-01,0.000000000000000000e+00
-1.091778725385665894e-01,-1.890021413564682007e-01,-1.878058463335037231e-01,-4.819727540016174316e-01,-6.122641563415527344e-01,-6.267654299736022949e-01,0.000000000000000000e+00
5.726506467908620834e-03,-2.943170070648193359e-01,-2.455737628042697906e-02,-2.975322678685188293e-02,-9.980086684226989746e-01,-5.561863631010055542e-02,0.000000000000000000e+00
-4.952440783381462097e-02,1.949489563703536987e-01,1.944165676832199097e-01,-1.221408620476722717e-01,7.229935526847839355e-01,6.799720525741577148e-01,0.000000000000000000e+00
-1.873596012592315674e-01,-1.498168110847473145e-01,1.602755635976791382e-01,-6.246640086174011230e-01,-5.053268671035766602e-01,5.953482985496520996e-01,0.000000000000000000e+00
-1.697686016559600830e-01,-1.768515855073928833e-01,1.529173851013183594e-01,-5.568747520446777344e-01,-6.014624238014221191e-01,5.728293657302856445e-01,0.000000000000000000e+00
2.136063873767852783e-01,-7.472364697605371475e-03,1.882214695215225220e-01,7.878740429878234863e-01,5.386462435126304626e-02,6.134762167930603027e-01,0.000000000000000000e+00
-2.675596252083778381e-02,1.423052102327346802e-01,-2.491164654493331909e-01,-1.244883015751838684e-01,4.923928678035736084e-01,-8.614243268966674805e-01,0.000000000000000000e+00
-6.921952962875366211e-02,2.542353868484497070e-01,1.063394248485565186e-01,-1.877877414226531982e-01,8.735493421554565430e-01,4.490515291690826416e-01,0.000000000000000000e+00
-2.089200913906097412e-01,-1.690676659345626831e-01,-1.041568070650100708e-01,-6.649059057235717773e-01,-6.065735816955566406e-01,-4.358538687229156494e-01,0.000000000000000000e+00
2.629153728485107422e-01,8.395390957593917847e-02,7.138535380363464355e-02,9.182788133621215820e-01,3.079178333282470703e-01,2.488987892866134644e-01,0.000000000000000000e+00
-8.652586489915847778e-02,-4.104353487491607666e-02,-2.717762589454650879e-01,-3.219088912010192871e-01,-1.395567357540130615e-01,-9.364286065101623535e-01,0.000000000000000000e+00
-2.346024513244628906e-01,9.100250899791717529e-02,1.491654962301254272e-01,-8.012217879295349121e-01,3.277320265769958496e-01,5.006349682807922363e-01,0.000000000000000000e+00
-2.368766516447067261e-01,-1.478012800216674805e-01,8.456572890281677246e-02,-7.568810582160949707e-01,-5.564709901809692383e-01,3.427406251430511475e-01,0.000000000000000000e+00
5.619670823216438293e-02,2.742018103599548340e-01,-8.110268972814083099e-03,2.537721395492553711e-01,9.672607779502868652e-01,2.511332044377923012e-03,0.000000000000000000e+00
-3.645585477352142334e-02,-1.421373039484024048e-01,-2.528759241104125977e-01,-1.731733232736587524e-01,-5.135771632194519043e-01,-8.403865098953247070e-01,0.000000000000000000e+00
7.173274457454681396e-02,-7.620853930711746216e-02,2.610717713832855225e-01,1.789789497852325439e-01,-2.541377544403076172e-01,9.504633545875549316e-01,0.000000000000000000e+00
1.413787603378295898e-01,-1.981570869684219360e-01,1.602170914411544800e-01,5.224945545196533203e-01,-6.488014459609985352e-01,5.532233715057373047e-01,0.000000000000000000e+00
-2.601039111614227295e-01,9.549441188573837280e-02,-7.768845558166503906e-02,-9.071180820465087891e-01,3.684808611869812012e-01,-2.033683359622955322e-01,0.000000000000000000e+00
-2.790342085063457489e-02,-1.661280244588851929e-01,-2.402397841215133667e-01,-1.935965120792388916e-01,-4.884157478809356689e-01,-8.508645296096801758e-01,0.000000000000000000e+00
-1.311331056058406830e-02,-1.976918876171112061e-01,-2.181927561759948730e-01,-1.177894547581672668e-01,-5.722930431365966797e-01,-8.115456104278564453e-01,0.000000000000000000e+00
-1.871870309114456177e-01,1.822546422481536865e-01,-1.160183697938919067e-01,-6.753840446472167969e-01,6.253431439399719238e-01,-3.908993601799011230e-01,0.000000000000000000e+00
-6.953650712966918945e-02,5.103208497166633606e-02,-2.755751311779022217e-01,-2.384197264909744263e-01,1.723263561725616455e-01,-9.557508230209350586e-01,0.000000000000000000e+00
-4.954775422811508179e-02,-1.942457258701324463e-01,-2.140097916126251221e-01,-2.053127139806747437e-01,-6.371939778327941895e-01,-7.428529858589172363e-01,0.000000000000000000e+00
-1.693709641695022583e-01,2.164240628480911255e-01,7.745622098445892334e-02,-5.756571292877197266e-01,7.835672497749328613e-01,2.337546795606613159e-01,0.000000000000000000e+00
-5.804780870676040649e-02,1.483701020479202271e-01,2.331060916185379028e-01,-1.410645544528961182e-01,5.809525251388549805e-01,8.016202449798583984e-01,0.000000000000000000e+00
2.546267807483673096e-01,1.256035268306732178e-01,2.105769887566566467e-02,8.812006115913391113e-01,4.599037468433380127e-01,1.094257012009620667e-01,0.000000000000000000e+00
7.043273001909255981e-02,-1.745279729366302490e-01,2.208267450332641602e-01,2.695253193378448486e-01,-4.650116860866546631e-01,8.432794809341430664e-01,0.000000000000000000e+00
-1.696781069040298462e-02,-2.690664231777191162e-01,1.140713915228843689e-01,-7.738626748323440552e-02,-9.378276467323303223e-01,3.383646607398986816e-01,0.000000000000000000e+00
2.857118658721446991e-02,-1.392726153135299683e-01,-2.592023313045501709e-01,1.091949716210365295e-01,-4.727147221565246582e-01,-8.744239807128906250e-01,0.000000000000000000e+00
-8.373336866497993469e-03,-2.932362854480743408e-01,-1.476376550272107124e-03,-1.033474728465080261e-01,-9.945924878120422363e-01,1.025264803320169449e-02,0.000000000000000000e+00
-1.895592659711837769e-01,1.938890665769577026e-01,-8.945388346910476685e-02,-7.109748721122741699e-01,6.598367691040039062e-01,-2.431669086217880249e-01,0.000000000000000000e+00
-3.640772029757499695e-02,2.069342732429504395e-01,1.840485781431198120e-01,-1.214399263262748718e-01,7.336959838867187500e-01,6.685376167297363281e-01,0.000000000000000000e+00
2.904472127556800842e-02,-2.489602565765380859e-01,-1.607911139726638794e-01,1.031312197446823120e-01,-8.245611786842346191e-01,-5.562937855720520020e-01,0.000000000000000000e+00
-2.014162987470626831e-01,7.166024297475814819e-02,2.001419067382812500e-01,-6.550455689430236816e-01,2.833244204521179199e-01,7.004588246345520020e-01,0.000000000000000000e+00
1.216711923480033875e-01,-2.624599337577819824e-01,-8.141466975212097168e-02,4.087262749671936035e-01,-8.656095266342163086e-01,-2.892454564571380615e-01,0.000000000000000000e+00
-2.490664124488830566e-01,2.415809594094753265e-02,-1.438609510660171509e-01,-8.523908853530883789e-01,7.103125751018524170e-02,-5.180583000183105469e-01,0.000000000000000000e+00
4.268159973435103893e-04,1.133000627160072327e-01,2.555447518825531006e-01,7.901369035243988037e-02,4.442394673824310303e-01,8.924170136451721191e-01,0.000000000000000000e+00
-7.133127003908157349e-02,-2.045428156852722168e-01,1.950316727161407471e-01,-2.551318705081939697e-01,-6.779469251632690430e-01,6.894169449806213379e-01,0.000000000000000000e+00
-1.071347743272781372e-01,2.647280693054199219e-01,2.268842188641428947e-03,-3.729806542396545410e-01,9.265252351760864258e-01,4.936046525835990906e-02,0.000000000000000000e+00
-1.304806917905807495e-01,1.908675730228424072e-01,-1.693968623876571655e-01,-4.523435831069946289e-01,6.678454875946044922e-01,-5.910733342170715332e-01,0.000000000000000000e+00
1.562851369380950928e-01,-1.698616743087768555e-01,1.722957491874694824e-01,6.044784188270568848e-01,-4.738662838935852051e-01,6.403566002845764160e-01,0.000000000000000000e+00
2.510508596897125244e-01,-1.099445149302482605e-01,9.468887001276016235e-02,8.745879530906677246e-01,-3.254596889019012451e-01,3.594049811363220215e-01,0.000000000000000000e+00
1.780498325824737549e-01,-1.009524613618850708e-01,-1.763640791177749634e-01,6.359848976135253906e-01,-4.514489769935607910e-01,-6.258730292320251465e-01,0.000000000000000000e+00
5.295167490839958191e-02,-2.539834678173065186e-01,1.394287198781967163e-01,7.890634983777999878e-02,-8.376877307891845703e-01,5.404193401336669922e-01,0.000000000000000000e+00
-2.012697458267211914e-01,-1.944227516651153564e-01,7.901334017515182495e-02,-7.035620808601379395e-01,-6.162163019180297852e-01,3.539461195468902588e-01,0.000000000000000000e+00
-2.377486824989318848e-01,1.602766215801239014e-01,-4.291600082069635391e-03,-8.406391739845275879e-01,5.406035780906677246e-01,3.276584669947624207e-02,0.000000000000000000e+00
-1.278878469020128250e-02,2.807498872280120850e-01,-3.121798485517501831e-02,-4.707677289843559265e-02,9.911137223243713379e-01,-1.244081035256385803e-01,0.000000000000000000e+00
-1.892607659101486206e-01,-2.040361911058425903e-01,-7.923319935798645020e-02,-6.121931672096252441e-01,-7.175420522689819336e-01,-3.321941494941711426e-01,0.000000000000000000e+00
7.528178393840789795e-02,2.679302692413330078e-01,-3.280778881162405014e-03,3.303785026073455811e-01,9.438354372978210449e-01,4.968812689185142517e-03,0.000000000000000000e+00
2.497527748346328735e-01,-1.470543295145034790e-01,-5.072852224111557007e-02,8.538640141487121582e-01,-4.279362857341766357e-01,-2.962883710861206055e-01,0.000000000000000000e+00
-4.216768592596054077e-02,1.364830285310745239e-01,2.428563982248306274e-01,-6.497428566217422485e-02,5.441765785217285156e-01,8.364509344100952148e-01,0.000000000000000000e+00
-2.612092494964599609e-01,-1.149659082293510437e-01,-6.529740244150161743e-02,-8.806239962577819824e-01,-4.154345393180847168e-01,-2.278497815132141113e-01,0.000000000000000000e+00
-2.756264805793762207e-01,4.852674528956413269e-02,6.872182339429855347e-02,-9.568731188774108887e-01,1.861674189567565918e-01,2.230145782232284546e-01,0.000000000000000000e+00
1.362362056970596313e-01,1.347428560256958008e-01,-2.264385968446731567e-01,4.801732897758483887e-01,5.314293503761291504e-01,-6.978656649589538574e-01,0.000000000000000000e+00
-1.658080965280532837e-01,2.287431210279464722e-01,3.220235556364059448e-02,-5.510747432708740234e-01,8.327088952064514160e-01,5.396767333149909973e-02,0.000000000000000000e+00
-2.087743580341339111e-01,-1.877628564834594727e-01,7.594396173954010010e-02,-6.299102902412414551e-01,-6.600579619407653809e-01,4.093122482299804688e-01,0.000000000000000000e+00
1.991131007671356201e-01,1.943698823451995850e-01,-4.112558811902999878e-02,6.770926713943481445e-01,7.311031818389892578e-01,-8.386700600385665894e-02,0.000000000000000000e+00
9.428110904991626740e-03,-2.827356457710266113e-01,-9.756202250719070435e-02,-9.575305879116058350e-02,-9.628289937973022461e-01,-2.525701820850372314e-01,0.000000000000000000e+00
1.786733269691467285e-01,1.596093624830245972e-01,1.389336287975311279e-01,5.990455150604248047e-01,5.810155868530273438e-01,5.509676337242126465e-01,0.000000000000000000e+00
1.140731200575828552e-01,-2.764536738395690918e-01,2.197815664112567902e-02,3.496048748493194580e-01,-9.260210990905761719e-01,1.423423290252685547e-01,0.000000000000000000e+00
6.880917400121688843e-02,1.500854790210723877e-01,-2.438670843839645386e-01,1.381137222051620483e-01,5.841740965843200684e-01,-7.997907400131225586e-01,0.000000000000000000e+00
7.743433862924575806e-02,1.779985874891281128e-01,-2.201826572418212891e-01,2.118602395057678223e-01,6.303238868713378906e-01,-7.468647956848144531e-01,0.000000000000000000e+00
-2.739572227001190186e-01,8.151935040950775146e-02,1.712461188435554504e-02,-9.554348587989807129e-01,2.922239303588867188e-01,4.182651638984680176e-02,0.000000000000000000e+00
-1.995720118284225464e-01,5.276180431246757507e-02,2.068409025669097900e-01,-7.085478901863098145e-01,5.202455446124076843e-02,7.037423849105834961e-01,0.000000000000000000e+00
-5.791199952363967896e-02,-2.809325158596038818e-01,3.974685817956924438e-02,-2.411509305238723755e-01,-9.623743295669555664e-01,1.252273768186569214e-01,0.000000000000000000e+00
4.738139361143112183e-02,2.465717494487762451e-01,1.215246543288230896e-01,1.998529881238937378e-01,8.420453071594238281e-01,5.010174512863159180e-01,0.000000000000000000e+00
1.180965378880500793e-01,-1.672162674367427826e-02,-2.674194276332855225e-01,5.213724374771118164e-01,-2.214340418577194214e-01,-8.240981698036193848e-01,0.000000000000000000e+00
-1.322485655546188354e-01,2.335122674703598022e-01,9.628929942846298218e-02,-4.496640861034393311e-01,8.279024958610534668e-01,3.352307081222534180e-01,0.000000000000000000e+00
2.044757604598999023e-01,-2.152895033359527588e-01,-3.638439252972602844e-02,7.015153169631958008e-01,-7.110580801963806152e-01,-4.767283052206039429e-02,0.000000000000000000e+00
-4.503446072340011597e-02,-2.765313982963562012e-01,-8.872552961111068726e-02,-2.075076848268508911e-01,-9.423532485961914062e-01,-2.625088393688201904e-01,0.000000000000000000e+00
5.608206614851951599e-02,4.035973921418190002e-02,2.687847018241882324e-01,2.251331508159637451e-01,2.297379225492477417e-01,9.468556046485900879e-01,0.000000000000000000e+00
2.460089772939682007e-01,4.572559148073196411e-02,-1.541991233825683594e-01,8.469684123992919922e-01,9.172265976667404175e-02,-5.236711502075195312e-01,0.000000000000000000e+00
1.410966366529464722e-01,-2.330367863178253174e-01,1.120576858520507812e-01,4.862281382083892822e-01,-7.364677190780639648e-01,4.703163504600524902e-01,0.000000000000000000e+00
-1.918435692787170410e-01,-1.543819308280944824e-01,-1.446411460638046265e-01,-6.307696700096130371e-01,-5.770146250724792480e-01,-5.188292264938354492e-01,0.000000000000000000e+00
-1.811467111110687256e-02,7.089785486459732056e-02,-2.819828689098358154e-01,-1.022969260811805725e-01,2.482189536094665527e-01,-9.632874131202697754e-01,0.000000000000000000e+00
-7.304680347442626953e-02,2.755060493946075439e-01,-1.496522128582000732e-02,-2.106191068887710571e-01,9.757963418960571289e-01,-5.883092060685157776e-02,0.000000000000000000e+00
5.829803645610809326e-02,-2.889860868453979492e-01,-4.706589505076408386e-02,1.531466692686080933e-01,-9.792100787162780762e-01,-1.330178827047348022e-01,0.000000000000000000e+00
-8.018210530281066895e-02,2.418083846569061279e-01,1.233001798391342163e-01,-2.263451516628265381e-01,8.398265242576599121e-01,4.934159219264984131e-01,0.000000000000000000e+00
1.214656904339790344e-01,-2.743777632713317871e-01,8.164841681718826294e-03,4.389793574810028076e-01,-8.978849649429321289e-01,3.316149115562438965e-02,0.000000000000000000e+00
2.244586870074272156e-02,2.668687701225280762e-01,8.605374395847320557e-02,7.480505853891372681e-02,9.261261820793151855e-01,3.697221875190734863e-01,0.000000000000000000e+00
-2.023787945508956909e-01,1.927248537540435791e-01,5.743473395705223083e-02,-7.073323130607604980e-01,6.839336752891540527e-01,1.786497086286544800e-01,0.000000000000000000e+00
-1.245096847414970398e-01,-1.951083838939666748e-01,1.744415313005447388e-01,-4.453169703483581543e-01,-6.178138256072998047e-01,6.480731964111328125e-01,0.000000000000000000e+00
1.886760443449020386e-01,-1.389635056257247925e-01,1.659275144338607788e-01,6.588429212570190430e-01,-4.528963267803192139e-01,6.006754040718078613e-01,0.000000000000000000e+00
-2.755204439163208008e-01,8.588795550167560577e-03,8.792265504598617554e-02,-9.488832354545593262e-01,2.637608721852302551e-02,3.145232498645782471e-01,0.000000000000000000e+00
2.196347713470458984e-01,-4.358244314789772034e-02,-1.532930880784988403e-01,5.804478526115417480e-01,-5.716800093650817871e-01,-5.798812508583068848e-01,0.000000000000000000e+00
-1.222444474697113037e-01,2.562623322010040283e-01,2.908876538276672363e-02,-4.636611044406890869e-01,8.812156915664672852e-01,9.207244962453842163e-02,0.000000000000000000e+00
-7.037930190563201904e-02,2.752505540847778320e-01,-2.292922697961330414e-02,-2.377616912126541138e-01,9.610574841499328613e-01,-1.408471912145614624e-01,0.000000000000000000e+00
-2.746792137622833252e-01,-2.455174922943115234e-02,9.003030508756637573e-02,-9.456773996353149414e-01,-3.161947801709175110e-02,3.235651552677154541e-01,0.000000000000000000e+00
-1.625472605228424072e-01,8.080039173364639282e-02,2.282517701387405396e-01,-5.320302248001098633e-01,2.458069920539855957e-01,8.102608919143676758e-01,0.000000000000000000e+00
1.628295034170150757e-01,2.258416712284088135e-01,-9.167192503809928894e-03,5.815714001655578613e-01,8.134783506393432617e-01,-5.263736005872488022e-03,0.000000000000000000e+00
1.312961876392364502e-01,-1.082973927259445190e-01,-2.045974433422088623e-01,8.250031471252441406e-01,-2.415139079093933105e-01,-5.109215378761291504e-01,0.000000000000000000e+00
-6.693573296070098877e-02,-1.773492246866226196e-02,-2.812963724136352539e-01,-3.562196493148803711e-01,-3.638157248497009277e-02,-9.336937069892883301e-01,0.000000000000000000e+00
-2.726067602634429932e-01,8.192774653434753418e-02,3.331465274095535278e-02,-9.577783346176147461e-01,2.714278399944305420e-01,9.480287879705429077e-02,0.000000000000000000e+00
1.937119066715240479e-01,1.200159713625907898e-01,-1.859925836324691772e-01,6.304743289947509766e-01,4.684435725212097168e-01,-6.189206242561340332e-01,0.000000000000000000e+00
-6.196868792176246643e-02,5.632510781288146973e-02,-2.767530083656311035e-01,-2.517498731613159180e-01,2.217100113630294800e-01,-9.420545101165771484e-01,0.000000000000000000e+00
-1.153735667467117310e-01,-2.292689085006713867e-01,1.396643668413162231e-01,-4.279062151908874512e-01,-7.737311720848083496e-01,4.671577513217926025e-01,0.000000000000000000e+00
-1.079657301306724548e-01,-2.623043358325958252e-01,5.906242877244949341e-02,-3.616508841514587402e-01,-8.903770446777343750e-01,2.764730453491210938e-01,0.000000000000000000e+00
-1.485950648784637451e-01,-2.050985768437385559e-02,-2.446596026420593262e-01,-5.165614485740661621e-01,-9.186033904552459717e-02,-8.513084053993225098e-01,0.000000000000000000e+00
2.601746320724487305e-01,-2.707238495349884033e-02,1.185945868492126465e-01,9.175931215286254883e-01,-4.850472882390022278e-02,3.945505023002624512e-01,0.000000000000000000e+00
-1.447786763310432434e-02,-2.356258034706115723e-01,-1.780923604965209961e-01,-9.494082629680633545e-02,-7.871493101119995117e-01,-6.094113588333129883e-01,0.000000000000000000e+00
2.884992659091949463e-01,-3.914410993456840515e-02,-7.933675311505794525e-03,9.959949851036071777e-01,-8.921443670988082886e-02,-5.893928464502096176e-03,0.000000000000000000e+00
2.468170523643493652e-01,-1.663204580545425415e-01,4.080339334905147552e-03,8.623006939888000488e-01,-5.024117827415466309e-01,6.340272724628448486e-02,0.000000000000000000e+00
6.214665994048118591e-02,1.624959111213684082e-01,-2.359529286623001099e-01,1.381137222051620483e-01,5.841740965843200684e-01,-7.997907400131225586e-01,0.000000000000000000e+00
1.397762447595596313e-01,2.193487882614135742e-01,9.679101407527923584e-02,4.870205819606781006e-01,7.746663689613342285e-01,4.033644795417785645e-01,0.000000000000000000e+00
1.591597944498062134e-01,-1.214220672845840454e-01,-1.671388745307922363e-01,7.419726252555847168e-01,8.893071115016937256e-02,-6.645057797431945801e-01,0.000000000000000000e+00
1.958636641502380371e-01,-1.386399567127227783e-01,-1.328018754720687866e-01,5.469262003898620605e-01,-2.850292325019836426e-01,-7.871658205986022949e-01,0.000000000000000000e+00
1.063735336065292358e-01,4.121166095137596130e-02,2.499104589223861694e-01,3.522858321666717529e-01,2.388353198766708374e-01,9.049046039581298828e-01,0.000000000000000000e+00
1.411197036504745483e-01,-2.612146139144897461e-01,-4.595992714166641235e-02,3.963640630245208740e-01,-8.944917321205139160e-01,-2.068334668874740601e-01,0.000000000000000000e+00
-1.430046111345291138e-01,-2.509943544864654541e-01,2.196800149977207184e-02,-4.933779537677764893e-01,-8.695293664932250977e-01,2.228931523859500885e-02,0.000000000000000000e+00
-1.544740349054336548e-01,2.094256877899169922e-01,-1.230556666851043701e-01,-5.643291473388671875e-01,6.885235309600830078e-01,-4.554865658283233643e-01,0.000000000000000000e+00
2.323593795299530029e-01,1.615209430456161499e-01,-2.509942278265953064e-02,7.955525517463684082e-01,6.051536798477172852e-01,-2.975107170641422272e-02,0.000000000000000000e+00
2.007737755775451660e-01,1.570121347904205322e-01,1.167914345860481262e-01,6.499298810958862305e-01,5.821983814239501953e-01,4.885040223598480225e-01,0.000000000000000000e+00
1.237983033061027527e-01,-7.605713605880737305e-02,2.424997240304946899e-01,4.370859563350677490e-01,-1.994999051094055176e-01,8.770152330398559570e-01,0.000000000000000000e+00
9.051647782325744629e-02,2.593857645988464355e-01,-6.021123006939888000e-02,3.634731471538543701e-01,9.181538224220275879e-01,-1.577364057302474976e-01,0.000000000000000000e+00
1.947116404771804810e-01,-3.822956234216690063e-02,2.054987996816635132e-01,6.708415746688842773e-01,-1.132564246654510498e-01,7.329014539718627930e-01,0.000000000000000000e+00
1.373605877161026001e-01,1.568175107240676880e-01,-2.074216008186340332e-01,4.742461144924163818e-01,5.863312482833862305e-01,-6.567391157150268555e-01,0.000000000000000000e+00
1.648001223802566528e-01,6.058133766055107117e-02,-2.407891601324081421e-01,5.899428725242614746e-01,1.208143159747123718e-01,-7.983554005622863770e-01,0.000000000000000000e+00
-1.070747822523117065e-01,2.026893198490142822e-01,-1.730020940303802490e-01,-3.828044831752777100e-01,6.604874134063720703e-01,-6.459234356880187988e-01,0.000000000000000000e+00
2.842824459075927734e-01,-6.811653822660446167e-02,-1.522723759990185499e-04,9.739649295806884766e-01,-2.124912440776824951e-01,7.899194955825805664e-02,0.000000000000000000e+00
-6.764827668666839600e-02,-8.813717961311340332e-02,2.652268409729003906e-01,-2.770634293556213379e-01,-3.159099221229553223e-01,9.074341654777526855e-01,0.000000000000000000e+00
4.341137781739234924e-02,-2.800750434398651123e-01,-9.718441963195800781e-02,6.725082546472549438e-02,-9.614511132240295410e-01,-2.666253447532653809e-01,0.000000000000000000e+00
1.491384804248809814e-01,2.199741303920745850e-01,8.132420480251312256e-02,5.442836880683898926e-01,7.754498720169067383e-01,3.200512230396270752e-01,0.000000000000000000e+00
1.836645901203155518e-01,1.468536108732223511e-01,1.471969187259674072e-01,6.455832719802856445e-01,5.426522493362426758e-01,5.373553633689880371e-01,0.000000000000000000e+00
1.280345916748046875e-01,1.070036664605140686e-01,2.141020148992538452e-01,4.411665499210357666e-01,4.547108411788940430e-01,7.736989855766296387e-01,0.000000000000000000e+00
-2.502972781658172607e-01,-1.193738803267478943e-01,9.315731376409530640e-02,-8.439823985099792480e-01,-4.097945690155029297e-01,3.460666835308074951e-01,0.000000000000000000e+00
-2.664512693881988525e-01,-3.019658150151371956e-03,1.131362915039062500e-01,-9.273556470870971680e-01,-6.524301599711179733e-03,3.741241693496704102e-01,0.000000000000000000e+00
-3.658716380596160889e-02,2.631670832633972168e-01,9.801612794399261475e-02,3.095749765634536743e-03,9.067781567573547363e-01,4.215967357158660889e-01,0.000000000000000000e+00
-2.261191373690962791e-03,2.494419217109680176e-01,-1.444327384233474731e-01,2.391305938363075256e-02,8.959355950355529785e-01,-4.435397684574127197e-01,0.000000000000000000e+00
-1.287476718425750732e-01,-8.597770333290100098e-02,2.428912967443466187e-01,-4.482748806476593018e-01,-3.120553195476531982e-01,8.376581072807312012e-01,0.000000000000000000e+00
2.084268070757389069e-02,1.661880761384963989e-01,2.209892868995666504e-01,8.256695419549942017e-02,5.752273797988891602e-01,8.138157725334167480e-01,0.000000000000000000e+00
-4.869806766510009766e-02,-2.868246734142303467e-01,1.260753162205219269e-02,-2.343179136514663696e-01,-9.699526429176330566e-01,6.547506898641586304e-02,0.000000000000000000e+00
-6.498236209154129028e-02,2.653104364871978760e-01,8.138598501682281494e-02,-1.649603098630905151e-01,9.447695612907409668e-01,2.831935882568359375e-01,0.000000000000000000e+00
1.128349304199218750e-01,-1.761646717786788940e-01,2.003730982542037964e-01,4.424341022968292236e-01,-5.601271390914916992e-01,7.003639340400695801e-01,0.000000000000000000e+00
-8.838820457458496094e-02,2.296135425567626953e-01,-1.527174711227416992e-01,-3.553114533424377441e-01,7.563680410385131836e-01,-5.492368340492248535e-01,0.000000000000000000e+00
2.467959374189376831e-01,-1.552306860685348511e-02,1.464740037918090820e-01,8.387324810028076172e-01,3.007729910314083099e-02,5.437123775482177734e-01,0.000000000000000000e+00
-1.042298302054405212e-01,-2.077695354819297791e-02,-2.668879330158233643e-01,-3.844999670982360840e-01,-4.349442198872566223e-02,-9.220997691154479980e-01,0.000000000000000000e+00
-2.904162108898162842e-01,-9.876531548798084259e-03,9.140985086560249329e-03,-9.988471269607543945e-01,2.665053308010101318e-02,3.992710635066032410e-02,0.000000000000000000e+00
8.991877734661102295e-02,-2.732387781143188477e-01,-8.703634887933731079e-02,2.782327532768249512e-01,-9.222438335418701172e-01,-2.684265375137329102e-01,0.000000000000000000e+00
-1.663164421916007996e-02,-2.385617941617965698e-01,1.728495657444000244e-01,-5.203831195831298828e-02,-7.797574400901794434e-01,6.239153742790222168e-01,0.000000000000000000e+00
2.044124454259872437e-01,1.159896254539489746e-01,1.493792384862899780e-01,7.123106122016906738e-01,3.943706154823303223e-01,5.805905461311340332e-01,0.000000000000000000e+00
-2.169727981090545654e-01,7.091517001390457153e-02,-1.767002195119857788e-01,-7.712246179580688477e-01,2.529584169387817383e-01,-5.841443538665771484e-01,0.000000000000000000e+00
-1.172852367162704468e-01,2.537393867969512939e-01,-7.127467542886734009e-02,-4.195102453231811523e-01,8.863571286201477051e-01,-1.959137916564941406e-01,0.000000000000000000e+00
-5.023109912872314453e-02,2.712579071521759033e-01,-7.145144045352935791e-02,-1.334346085786819458e-01,9.663414359092712402e-01,-2.199531644582748413e-01,0.000000000000000000e+00
-1.565387845039367676e-01,-2.232545912265777588e-01,1.021107286214828491e-01,-6.056982278823852539e-01,-7.442415356636047363e-01,2.814856767654418945e-01,0.000000000000000000e+00
1.708241701126098633e-01,-2.210638225078582764e-01,9.357106685638427734e-02,5.968778729438781738e-01,-6.934548020362854004e-01,4.035557210445404053e-01,0.000000000000000000e+00
2.509025037288665771e-01,-1.453063935041427612e-01,-4.993969574570655823e-02,8.538640141487121582e-01,-4.279362857341766357e-01,-2.962883710861206055e-01,0.000000000000000000e+00
-4.915905371308326721e-02,1.321732252836227417e-01,-2.498483061790466309e-01,-2.301948219537734985e-01,4.492739737033843994e-01,-8.632283806800842285e-01,0.000000000000000000e+00
-1.079701185226440430e-01,-5.292754247784614563e-02,-2.603634595870971680e-01,-4.087598025798797607e-01,-1.643612384796142578e-01,-8.977198004722595215e-01,0.000000000000000000e+00
2.763921320438385010e-01,-2.219352684915065765e-02,-8.638713508844375610e-02,9.244754314422607422e-01,-1.205803975462913513e-01,-3.616704940795898438e-01,0.000000000000000000e+00
-1.770952045917510986e-01,-2.255667001008987427e-01,5.501584336161613464e-02,-5.461810827255249023e-01,-8.198527693748474121e-01,1.718362718820571899e-01,0.000000000000000000e+00
-2.351531386375427246e-01,1.485179960727691650e-01,-6.783463060855865479e-02,-8.156949281692504883e-01,5.159573554992675781e-01,-2.615908682346343994e-01,0.000000000000000000e+00
-2.830487191677093506e-01,2.988608554005622864e-02,-4.675442725419998169e-02,-9.749218821525573730e-01,1.611372232437133789e-01,-1.534995436668395996e-01,0.000000000000000000e+00
5.317090079188346863e-02,1.988343000411987305e-01,-2.054973691701889038e-01,1.443655192852020264e-01,7.511585950851440430e-01,-6.441423892974853516e-01,0.000000000000000000e+00
-1.276652812957763672e-01,1.368761509656906128e-01,2.219585329294204712e-01,-3.539801239967346191e-01,4.952512085437774658e-01,7.933626770973205566e-01,0.000000000000000000e+00
-1.184124052524566650e-01,1.706500649452209473e-01,-1.961894780397415161e-01,-4.508254528045654297e-01,5.493304133415222168e-01,-7.035570740699768066e-01,0.000000000000000000e+00
8.171145617961883545e-02,1.371915787458419800e-01,2.195956110954284668e-01,3.137603700160980225e-01,4.861082732677459717e-01,8.156305551528930664e-01,0.000000000000000000e+00
2.379736155271530151e-01,5.280581489205360413e-02,-1.651872396469116211e-01,8.256368041038513184e-01,1.704646497964859009e-01,-5.378342270851135254e-01,0.000000000000000000e+00
-3.842288628220558167e-02,-6.086638569831848145e-02,2.772487699985504150e-01,-7.809345424175262451e-02,-2.099208831787109375e-01,9.745945930480957031e-01,0.000000000000000000e+00
1.354018300771713257e-01,-2.490318715572357178e-01,-9.785971790552139282e-02,4.948494136333465576e-01,-8.136246800422668457e-01,-3.051868081092834473e-01,0.000000000000000000e+00
-1.431935727596282959e-01,-4.862079024314880371e-02,2.419002056121826172e-01,-5.608268976211547852e-01,-1.414682865142822266e-01,8.157572746276855469e-01,0.000000000000000000e+00
-2.644126117229461670e-01,2.318344824016094208e-02,1.168266758322715759e-01,-9.330098628997802734e-01,5.133093148469924927e-02,3.561709523200988770e-01,0.000000000000000000e+00
2.783484160900115967e-01,4.274944588541984558e-02,-7.553061842918395996e-02,9.687355160713195801e-01,1.218422874808311462e-01,-2.161157131195068359e-01,0.000000000000000000e+00
7.462992519140243530e-02,-1.154033616185188293e-01,-2.582620978355407715e-01,3.654602468013763428e-01,-4.146117866039276123e-01,-8.333882093429565430e-01,0.000000000000000000e+00
6.730168126523494720e-03,-2.603726387023925781e-01,1.355990022420883179e-01,5.148202553391456604e-02,-9.086625576019287109e-01,4.143452346324920654e-01,0.000000000000000000e+00
5.791758000850677490e-02,-2.902500033378601074e-01,2.305030263960361481e-02,1.453328430652618408e-01,-9.795974493026733398e-01,1.388062387704849243e-01,0.000000000000000000e+00
2.881798706948757172e-02,-2.522310614585876465e-01,-1.559850424528121948e-01,1.031312197446823120e-01,-8.245611786842346191e-01,-5.562937855720520020e-01,0.000000000000000000e+00
-2.607767283916473389e-01,1.045233011245727539e-01,5.729817226529121399e-02,-9.110180139541625977e-01,3.732030987739562988e-01,1.754012107849121094e-01,0.000000000000000000e+00
-2.475901991128921509e-01,1.423735469579696655e-01,1.858530007302761078e-02,-8.547570109367370605e-01,5.167332291603088379e-01,4.875643923878669739e-02,0.000000000000000000e+00
-1.687225103378295898e-01,-1.342123299837112427e-01,-1.863191276788711548e-01,-5.732749104499816895e-01,-5.032975077629089355e-01,-6.465659141540527344e-01,0.000000000000000000e+00
-2.729304730892181396e-01,-8.387581259012222290e-02,-6.630213558673858643e-02,-9.188976883888244629e-01,-2.942959070205688477e-01,-2.627107203006744385e-01,0.000000000000000000e+00
6.071752309799194336e-02,-7.709474116563796997e-02,2.628526985645294189e-01,1.958803385496139526e-01,-2.162527590990066528e-01,9.564861059188842773e-01,0.000000000000000000e+00
-2.396133691072463989e-01,1.512107998132705688e-01,3.920157626271247864e-02,-8.224442005157470703e-01,5.545703768730163574e-01,1.266383528709411621e-01,0.000000000000000000e+00
-3.982511162757873535e-02,1.209890320897102356e-01,2.527590394020080566e-01,-4.102990031242370605e-02,5.176587700843811035e-01,8.546028137207031250e-01,0.000000000000000000e+00
2.243993431329727173e-01,-1.617735326290130615e-01,-8.764242380857467651e-02,7.897126674652099609e-01,-3.764694035053253174e-01,-4.843807220458984375e-01,0.000000000000000000e+00
7.287543267011642456e-02,-2.886958718299865723e-01,-1.504711806774139404e-02,1.757144927978515625e-01,-9.842952489852905273e-01,-1.694861240684986115e-02,0.000000000000000000e+00
7.474136352539062500e-02,-2.881758809089660645e-01,-2.476865984499454498e-02,1.709085404872894287e-01,-9.825807809829711914e-01,-7.297443598508834839e-02,0.000000000000000000e+00
1.898865401744842529e-01,-2.278761714696884155e-01,-3.731799870729446411e-02,4.436265230178833008e-01,-8.646717071533203125e-01,-2.356657534837722778e-01,0.000000000000000000e+00
6.059366092085838318e-02,-7.171686738729476929e-02,2.641351521015167236e-01,1.592153161764144897e-01,-2.260042428970336914e-01,9.610268473625183105e-01,0.000000000000000000e+00
-1.141382157802581787e-01,2.552798092365264893e-01,5.924052745103836060e-02,-4.065006971359252930e-01,9.002792239189147949e-01,1.557384133338928223e-01,0.000000000000000000e+00
-1.161531880497932434e-01,-2.157846242189407349e-01,-1.526678502559661865e-01,-5.116930603981018066e-01,-6.560483574867248535e-01,-5.547709465026855469e-01,0.000000000000000000e+00
-1.264670044183731079e-01,-2.183367162942886353e-01,-1.399209648370742798e-01,-5.132530331611633301e-01,-6.744095087051391602e-01,-5.307947993278503418e-01,0.000000000000000000e+00
2.474011182785034180e-01,1.411471515893936157e-01,-1.604594988748431206e-03,8.326374888420104980e-01,5.527179241180419922e-01,3.489597886800765991e-02,0.000000000000000000e+00
1.748333126306533813e-02,-2.948625981807708740e-01,-1.301483251154422760e-02,7.319368887692689896e-03,-9.997602701187133789e-01,-2.063670195639133453e-02,0.000000000000000000e+00
1.539833396673202515e-01,1.248042285442352295e-01,1.876029521226882935e-01,4.487843215465545654e-01,5.020101070404052734e-01,7.393094301223754883e-01,0.000000000000000000e+00
2.780220508575439453e-01,-7.400372624397277832e-02,-5.225549638271331787e-02,9.265897274017333984e-01,-2.459671050310134888e-01,-2.844849824905395508e-01,0.000000000000000000e+00
1.824815869331359863e-01,1.449511647224426270e-01,-1.757781058549880981e-01,5.810332894325256348e-01,5.077214837074279785e-01,-6.360968351364135742e-01,0.000000000000000000e+00
2.456140369176864624e-01,6.734038889408111572e-02,1.260088384151458740e-01,8.160285353660583496e-01,2.693925201892852783e-01,5.113952755928039551e-01,0.000000000000000000e+00
2.498537451028823853e-01,-1.231826655566692352e-02,-1.386066228151321411e-01,7.906821370124816895e-01,-2.309129238128662109e-01,-5.670105814933776855e-01,0.000000000000000000e+00
9.995338320732116699e-02,1.369870156049728394e-01,2.112226039171218872e-01,3.747023642063140869e-01,4.783742427825927734e-01,7.942016124725341797e-01,0.000000000000000000e+00
2.274025976657867432e-01,1.461808681488037109e-01,8.257713913917541504e-02,7.913091778755187988e-01,5.335704684257507324e-01,2.985503971576690674e-01,0.000000000000000000e+00
-1.942725777626037598e-01,-1.674440652132034302e-01,-1.270922869443893433e-01,-6.522116661071777344e-01,-5.747692584991455078e-01,-4.942269623279571533e-01,0.000000000000000000e+00
-1.068280860781669617e-01,7.892191410064697266e-02,-2.543455660343170166e-01,-3.944338560104370117e-01,2.962589561939239502e-01,-8.698577880859375000e-01,0.000000000000000000e+00
2.942268550395965576e-02,6.784985959529876709e-02,2.675251364707946777e-01,1.465518176555633545e-01,2.596310079097747803e-01,9.545230865478515625e-01,0.000000000000000000e+00
-1.956333592534065247e-02,5.804438143968582153e-02,-2.850263714790344238e-01,-1.202263534069061279e-01,2.544423937797546387e-01,-9.595856666564941406e-01,0.000000000000000000e+00
-1.808380335569381714e-01,1.114424094557762146e-01,-1.933399438858032227e-01,-6.220978498458862305e-01,4.362644255161285400e-01,-6.501289010047912598e-01,0.000000000000000000e+00
-1.198545470833778381e-01,-1.075327619910240173e-01,2.375318109989166260e-01,-4.051094651222229004e-01,-4.052543044090270996e-01,8.195457458496093750e-01,0.000000000000000000e+00
-2.273376286029815674e-01,1.072859689593315125e-01,-1.395337432622909546e-01,-7.659355401992797852e-01,3.983297944068908691e-01,-5.046544671058654785e-01,0.000000000000000000e+00
2.522260844707489014e-01,-3.491734340786933899e-02,-1.242310851812362671e-01,7.526600360870361328e-01,-2.924023568630218506e-01,-5.899184346199035645e-01,0.000000000000000000e+00
-2.871312201023101807e-01,-2.989458106458187103e-02,4.365416616201400757e-02,-9.839371442794799805e-01,-1.490984577685594559e-02,1.778914034366607666e-01,0.000000000000000000e+00
-1.286282241344451904e-01,-1.093155592679977417e-01,2.320317924022674561e-01,-4.638081192970275879e-01,-4.172666966915130615e-01,7.815181016921997070e-01,0.000000000000000000e+00
1.358094066381454468e-01,2.326265275478363037e-01,-8.172769844532012939e-02,4.891068935394287109e-01,8.414396047592163086e-01,-2.296819686889648438e-01,0.000000000000000000e+00
-2.821475863456726074e-01,-2.912930957973003387e-02,-7.365097105503082275e-02,-9.676361680030822754e-01,-6.754367053508758545e-02,-2.431421577930450439e-01,0.000000000000000000e+00
2.481763064861297607e-01,1.218300238251686096e-01,-8.357822895050048828e-02,8.444503545761108398e-01,4.911086559295654297e-01,-2.138127088546752930e-01,0.000000000000000000e+00
2.090435475111007690e-01,1.772985905408859253e-01,6.603169441223144531e-02,6.829491853713989258e-01,6.939450502395629883e-01,2.280804365873336792e-01,0.000000000000000000e+00
-2.509476542472839355e-01,-5.172154400497674942e-03,-1.430129259824752808e-01,-8.492122292518615723e-01,1.342601515352725983e-02,-5.278809666633605957e-01,0.000000000000000000e+00
-1.943802237510681152e-01,7.245565950870513916e-02,-2.011592090129852295e-01,-6.471679210662841797e-01,3.028125464916229248e-01,-6.996272206306457520e-01,0.000000000000000000e+00
9.137904644012451172e-02,2.612436115741729736e-01,-4.038067534565925598e-02,3.251573741436004639e-01,9.437606334686279297e-01,-5.990495160222053528e-02,0.000000000000000000e+00
2.706093788146972656e-01,-1.215175464749336243e-01,-3.462285269051790237e-03,9.268605113029479980e-01,-3.681748211383819580e-01,-7.332743704319000244e-02,0.000000000000000000e+00
1.914251409471035004e-02,-2.208297997713088989e-01,1.937627196311950684e-01,7.291553169488906860e-02,-7.372727394104003906e-01,6.716488599777221680e-01,0.000000000000000000e+00
-2.334530055522918701e-01,-1.242783889174461365e-01,1.214433684945106506e-01,-7.631445527076721191e-01,-4.607229828834533691e-01,4.531497955322265625e-01,0.000000000000000000e+00
-1.408928036689758301e-01,2.473910301923751831e-01,-3.318437840789556503e-03,-5.102446675300598145e-01,8.599284887313842773e-01,1.316918805241584778e-02,0.000000000000000000e+00
1.451022475957870483e-01,-1.969186663627624512e-01,1.579812914133071899e-01,5.408024191856384277e-01,-6.415869593620300293e-01,5.439659357070922852e-01,0.000000000000000000e+00
1.673989295959472656e-01,-1.874603629112243652e-01,1.440573930740356445e-01,5.852139592170715332e-01,-6.156050562858581543e-01,5.277831554412841797e-01,0.000000000000000000e+00
-6.247691437602043152e-02,3.304806724190711975e-02,-2.805897295475006104e-01,-2.775498330593109131e-01,1.561741679906845093e-01,-9.479323625564575195e-01,0.000000000000000000e+00
1.608194112777709961e-01,8.716588467359542847e-02,-2.352674156427383423e-01,5.697748064994812012e-01,3.056459426879882812e-01,-7.628481388092041016e-01,0.000000000000000000e+00
-2.873663008213043213e-01,-4.100992158055305481e-02,-4.141683503985404968e-02,-9.899774789810180664e-01,-6.267553567886352539e-02,-1.265558004379272461e-01,0.000000000000000000e+00
7.342699170112609863e-02,-2.713880538940429688e-01,-1.050384566187858582e-01,2.231079041957855225e-01,-8.863329291343688965e-01,-4.057546854019165039e-01,0.000000000000000000e+00
2.603289484977722168e-01,-6.945279240608215332e-02,1.007496267557144165e-01,9.303514957427978516e-01,-2.015096694231033325e-01,3.063329756259918213e-01,0.000000000000000000e+00
-9.867997467517852783e-02,-2.683404982089996338e-01,4.759308695793151855e-02,-3.018462657928466797e-01,-9.318951368331909180e-01,2.011473327875137329e-01,0.000000000000000000e+00
-1.453497856855392456e-01,-9.594897925853729248e-02,-2.274072170257568359e-01,-4.828798174858093262e-01,-3.525127172470092773e-01,-8.015995621681213379e-01,0.000000000000000000e+00
-2.247663140296936035e-01,1.381170898675918579e-01,1.238918527960777283e-01,-8.025319576263427734e-01,4.864697456359863281e-01,3.453834056854248047e-01,0.000000000000000000e+00
5.207782238721847534e-02,1.885959655046463013e-01,-2.171342670917510986e-01,7.569497823715209961e-02,7.226995229721069336e-01,-6.870048642158508301e-01,0.000000000000000000e+00
-1.700684875249862671e-01,2.276742458343505859e-01,1.247301138937473297e-02,-5.565088987350463867e-01,8.289666771888732910e-01,5.578604713082313538e-02,0.000000000000000000e+00
3.979470580816268921e-02,3.593972325325012207e-02,2.733795046806335449e-01,2.129217833280563354e-01,1.744157373905181885e-01,9.613758325576782227e-01,0.000000000000000000e+00
1.943033784627914429e-01,5.449102446436882019e-02,-2.160457819700241089e-01,7.163932919502258301e-01,6.958223134279251099e-02,-6.942182183265686035e-01,0.000000000000000000e+00
3.062993101775646210e-02,2.740079760551452637e-01,-5.848379433155059814e-02,6.753063946962356567e-02,9.841350913047790527e-01,-1.640660911798477173e-01,0.000000000000000000e+00
-1.070048511028289795e-01,2.648702561855316162e-01,-8.390110917389392853e-03,-3.646183311939239502e-01,9.311476945877075195e-01,-4.177392926067113876e-03,0.000000000000000000e+00
-1.591239273548126221e-01,2.289575040340423584e-01,-6.759247928857803345e-02,-6.086415648460388184e-01,7.714560627937316895e-01,-1.855020821094512939e-01,0.000000000000000000e+00
1.177133247256278992e-01,2.117268741130828857e-01,1.313966065645217896e-01,3.668865859508514404e-01,7.739220261573791504e-01,5.161772370338439941e-01,0.000000000000000000e+00
-5.313364416360855103e-02,-2.791103124618530273e-01,5.926428735256195068e-02,-1.777746081352233887e-01,-9.688204526901245117e-01,1.725778430700302124e-01,0.000000000000000000e+00
-9.104070067405700684e-02,-2.541690170764923096e-01,-1.123864948749542236e-01,-3.112339079380035400e-01,-8.511149287223815918e-01,-4.227727949619293213e-01,0.000000000000000000e+00
-3.753900527954101562e-02,1.238426864147186279e-01,-2.571497261524200439e-01,-2.099823206663131714e-01,4.554885029792785645e-01,-8.651229143142700195e-01,0.000000000000000000e+00
1.369241178035736084e-01,1.312788762152194977e-02,2.419845908880233765e-01,4.146553874015808105e-01,1.791477650403976440e-01,8.921698331832885742e-01,0.000000000000000000e+00
2.512712478637695312e-01,-1.589738875627517700e-01,-3.010546788573265076e-03,8.729538321495056152e-01,-4.866951107978820801e-01,3.285539150238037109e-02,0.000000000000000000e+00
1.399362236261367798e-01,-3.484118729829788208e-02,2.420356571674346924e-01,4.949623346328735352e-01,-9.861049801111221313e-02,8.633008003234863281e-01,0.000000000000000000e+00
8.417087793350219727e-02,2.389101870357990265e-02,-2.860522866249084473e-01,2.103894352912902832e-01,7.639215141534805298e-02,-9.746283888816833496e-01,0.000000000000000000e+00
-3.166152909398078918e-02,-1.875859647989273071e-01,-2.229799628257751465e-01,-1.647230237722396851e-01,-5.760521292686462402e-01,-8.006436824798583984e-01,0.000000000000000000e+00
-3.301040083169937134e-02,-1.700200736522674561e-01,2.327948808670043945e-01,-1.524613797664642334e-01,-4.921151697635650635e-01,8.570753931999206543e-01,0.000000000000000000e+00
-1.489696949720382690e-01,-1.892050653696060181e-01,1.604588180780410767e-01,-5.082581639289855957e-01,-6.011375784873962402e-01,6.166905760765075684e-01,0.000000000000000000e+00
2.414903640747070312e-01,-6.352304667234420776e-02,1.452093720436096191e-01,7.894024252891540527e-01,-2.177958339452743530e-01,5.739414691925048828e-01,0.000000000000000000e+00
-8.215875178575515747e-02,1.935644894838333130e-01,1.879059225320816040e-01,-2.213646024465560913e-01,7.106426358222961426e-01,6.678208708763122559e-01,0.000000000000000000e+00
6.166494637727737427e-02,2.648786604404449463e-01,6.465321779251098633e-02,2.477235794067382812e-01,9.516870975494384766e-01,1.814515888690948486e-01,0.000000000000000000e+00
2.388422787189483643e-01,-1.723514944314956665e-01,3.728620335459709167e-02,8.203699588775634766e-01,-5.463154911994934082e-01,1.689156591892242432e-01,0.000000000000000000e+00
-1.809726953506469727e-01,-1.446079015731811523e-01,-1.660756766796112061e-01,-6.135799288749694824e-01,-5.236817002296447754e-01,-5.909967422485351562e-01,0.000000000000000000e+00
-1.139211654663085938e-02,2.142947614192962646e-01,-1.930978149175643921e-01,-1.425207871943712234e-02,7.136877179145812988e-01,-7.003190517425537109e-01,0.000000000000000000e+00
-1.401547491550445557e-01,2.477653622627258301e-01,-6.989720277488231659e-03,-4.855575263500213623e-01,8.738370537757873535e-01,-2.535064145922660828e-02,0.000000000000000000e+00
2.596702277660369873e-01,1.138512045145034790e-01,-5.085277557373046875e-02,8.853356242179870605e-01,4.449153840541839600e-01,-1.350228190422058105e-01,0.000000000000000000e+00
1.007435992360115051e-01,1.748712509870529175e-01,-2.134930044412612915e-01,3.346695601940155029e-01,6.318140625953674316e-01,-6.991475224494934082e-01,0.000000000000000000e+00
-6.817863881587982178e-02,9.274343401193618774e-02,-2.630467712879180908e-01,-2.812213003635406494e-01,3.380996286869049072e-01,-8.981109261512756348e-01,0.000000000000000000e+00
2.605243921279907227e-01,-8.861211128532886505e-03,1.190435513854026794e-01,9.226834774017333984e-01,-7.865212857723236084e-03,3.854780793190002441e-01,0.000000000000000000e+00
-1.836896389722824097e-01,-2.232431918382644653e-01,1.609379798173904419e-02,-6.307529807090759277e-01,-7.748544216156005859e-01,4.184850677847862244e-02,0.000000000000000000e+00
2.170862704515457153e-01,-1.824714392423629761e-01,7.752684503793716431e-02,7.458895444869995117e-01,-5.858601331710815430e-01,3.168858885765075684e-01,0.000000000000000000e+00
2.395491600036621094e-01,2.973897382616996765e-02,1.492745429277420044e-01,8.326550126075744629e-01,1.305287033319473267e-01,5.381894707679748535e-01,0.000000000000000000e+00
7.586425542831420898e-02,-1.658266335725784302e-01,-2.268878221511840820e-01,3.517642915248870850e-01,-5.338945984840393066e-01,-7.689073085784912109e-01,0.000000000000000000e+00
8.500619232654571533e-02,2.532192170619964600e-01,-9.436880052089691162e-02,3.379417657852172852e-01,9.032887220382690430e-01,-2.643196880817413330e-01,0.000000000000000000e+00
-9.038840234279632568e-02,2.403969317674636841e-01,1.206089556217193604e-01,-2.708431780338287354e-01,8.292399644851684570e-01,4.888814389705657959e-01,0.000000000000000000e+00
-8.654480427503585815e-02,-7.243569195270538330e-02,2.649411261081695557e-01,-2.701757550239562988e-01,-2.930625975131988525e-01,9.171255826950073242e-01,0.000000000000000000e+00
1.795967519283294678e-01,-1.604073643684387207e-01,1.573403626680374146e-01,6.282971501350402832e-01,-5.305284857749938965e-01,5.690186023712158203e-01,0.000000000000000000e+00
-1.904053241014480591e-02,-2.861306071281433105e-01,5.614656209945678711e-02,-7.504762709140777588e-02,-9.792394042015075684e-01,1.883031427860260010e-01,0.000000000000000000e+00
-3.527251258492469788e-02,-1.671475470066070557e-01,2.340652495622634888e-01,-1.614492684602737427e-01,-5.146000981330871582e-01,8.420931696891784668e-01,0.000000000000000000e+00
2.373115271329879761e-01,7.923110574483871460e-02,-1.560215651988983154e-01,8.275080919265747070e-01,2.920304238796234131e-01,-4.795295894145965576e-01,0.000000000000000000e+00
-1.838303953409194946e-01,-1.921737752854824066e-02,-2.214466929435729980e-01,-5.983247756958007812e-01,-5.484183505177497864e-02,-7.993746399879455566e-01,0.000000000000000000e+00
-2.400369048118591309e-01,-1.672902703285217285e-01,-1.390677294693887234e-03,-8.166115880012512207e-01,-5.769457817077636719e-01,-1.670358143746852875e-02,0.000000000000000000e+00
2.331942468881607056e-01,-1.379209905862808228e-01,1.051157638430595398e-01,8.091692328453063965e-01,-4.396056830883026123e-01,3.898614645004272461e-01,0.000000000000000000e+00
1.059541106224060059e-01,-2.743798792362213135e-01,4.976101592183113098e-02,3.677772581577301025e-01,-9.101100564002990723e-01,1.908915042877197266e-01,0.000000000000000000e+00
-8.530306816101074219e-02,-1.490828692913055420e-01,2.297331839799880981e-01,-3.111551105976104736e-01,-5.020526647567749023e-01,8.069235086441040039e-01,0.000000000000000000e+00
-1.594208031892776489e-01,1.969190984964370728e-01,1.364910453557968140e-01,-4.875169694423675537e-01,7.576013207435607910e-01,4.340131580829620361e-01,0.000000000000000000e+00
-5.434550344944000244e-02,-1.036151871085166931e-01,2.626929879188537598e-01,-1.499740183353424072e-01,-3.886735439300537109e-01,9.090878367424011230e-01,0.000000000000000000e+00
1.430777907371520996e-01,1.520192474126815796e-01,-2.075658440589904785e-01,4.830124080181121826e-01,5.799924731254577637e-01,-6.559784412384033203e-01,0.000000000000000000e+00
1.448806524276733398e-01,2.194600105285644531e-01,-1.063290014863014221e-01,5.205201506614685059e-01,7.916660904884338379e-01,-3.198806047439575195e-01,0.000000000000000000e+00
8.963263034820556641e-02,-2.843592166900634766e-01,-3.610298037528991699e-02,2.099612802267074585e-01,-9.711195230484008789e-01,-1.133277863264083862e-01,0.000000000000000000e+00
-2.331680804491043091e-01,1.304773390293121338e-01,-1.063089594244956970e-01,-7.934152483940124512e-01,5.003921985626220703e-01,-3.465542793273925781e-01,0.000000000000000000e+00
-1.186644285917282104e-01,-1.625766009092330933e-01,2.049207687377929688e-01,-4.285810589790344238e-01,-5.649396181106567383e-01,7.050967812538146973e-01,0.000000000000000000e+00
-8.572675287723541260e-02,2.071289271116256714e-01,-1.798325777053833008e-01,-3.170897662639617920e-01,6.889637708663940430e-01,-6.517537832260131836e-01,0.000000000000000000e+00
2.464192658662796021e-01,1.145488768815994263e-01,8.223628252744674683e-02,8.542105555534362793e-01,3.688064515590667725e-01,3.664780557155609131e-01,0.000000000000000000e+00
2.669209837913513184e-01,-3.267947584390640259e-02,-1.034247279167175293e-01,8.617520332336425781e-01,-2.118527293205261230e-01,-4.609791934490203857e-01,0.000000000000000000e+00
-1.605939269065856934e-01,6.502731237560510635e-03,-2.392733991146087646e-01,-4.939702451229095459e-01,1.626536808907985687e-02,-8.693266510963439941e-01,0.000000000000000000e+00
-4.366061463952064514e-02,2.527738213539123535e-01,-1.345380544662475586e-01,-1.281145960092544556e-01,9.094999432563781738e-01,-3.954699337482452393e-01,0.000000000000000000e+00
2.083087414503097534e-01,1.689383238554000854e-01,8.618159592151641846e-02,7.312201261520385742e-01,6.168024539947509766e-01,2.913277447223663330e-01,0.000000000000000000e+00
-2.838549949228763580e-02,2.775930166244506836e-01,-5.003990978002548218e-02,-1.234959363937377930e-01,9.802542328834533691e-01,-1.544357538223266602e-01,0.000000000000000000e+00
1.047802940011024475e-01,2.569574713706970215e-01,-1.599916815757751465e-02,4.160675108432769775e-01,9.086773395538330078e-01,3.454354777932167053e-02,0.000000000000000000e+00
1.086886301636695862e-01,-9.449992328882217407e-02,-2.441835850477218628e-01,6.486229896545410156e-01,-4.078387320041656494e-01,-6.426163911819458008e-01,0.000000000000000000e+00
1.131620109081268311e-01,-4.660219699144363403e-02,2.535534799098968506e-01,4.618153572082519531e-01,-1.578065901994705200e-01,8.728250861167907715e-01,0.000000000000000000e+00
2.715434432029724121e-01,-5.329999327659606934e-02,7.030030339956283569e-02,9.624459147453308105e-01,-1.730332225561141968e-01,2.091825604438781738e-01,0.000000000000000000e+00
1.376644521951675415e-01,-9.024036675691604614e-02,-2.076562494039535522e-01,8.102068901062011719e-01,-4.236479699611663818e-01,-4.050767719745635986e-01,0.000000000000000000e+00
1.986735910177230835e-01,1.292799711227416992e-01,1.470964699983596802e-01,7.512024044990539551e-01,4.181680083274841309e-01,5.107156038284301758e-01,0.000000000000000000e+00
-6.166473031044006348e-02,-2.815497219562530518e-01,2.824496291577816010e-02,-2.492052763700485229e-01,-9.581582546234130859e-01,1.408172100782394409e-01,0.000000000000000000e+00
-2.260424196720123291e-01,-1.562524586915969849e-02,-1.775846332311630249e-01,-7.782393693923950195e-01,-1.648686639964580536e-02,-6.277512311935424805e-01,0.000000000000000000e+00
1.167506203055381775e-01,-2.657098472118377686e-01,-7.863349467515945435e-02,4.007108807563781738e-01,-8.763758540153503418e-01,-2.672006189823150635e-01,0.000000000000000000e+00
9.598878026008605957e-02,-2.836011946201324463e-01,-2.832231298089027405e-02,2.188919335603713989e-01,-9.749002456665039062e-01,-4.069134220480918884e-02,0.000000000000000000e+00
-1.686356663703918457e-01,-6.058268249034881592e-02,-2.248976975679397583e-01,-5.846445560455322266e-01,-2.353799045085906982e-01,-7.763935923576354980e-01,0.000000000000000000e+00
-1.888232231140136719e-01,6.814971566200256348e-02,2.124298810958862305e-01,-5.726293921470642090e-01,2.819973230361938477e-01,7.697876691818237305e-01,0.000000000000000000e+00
-2.824045121669769287e-01,4.821865260601043701e-02,-3.334406996145844460e-03,-9.755709171295166016e-01,2.177336812019348145e-01,2.921319566667079926e-02,0.000000000000000000e+00
-1.556523442268371582e-01,-2.382851243019104004e-01,6.140683963894844055e-02,-5.238642096519470215e-01,-8.431351780891418457e-01,1.211994588375091553e-01,0.000000000000000000e+00
-4.545276984572410583e-02,3.375020623207092285e-02,-2.854441106319427490e-01,-1.825589239597320557e-01,2.084865272045135498e-01,-9.608358740806579590e-01,0.000000000000000000e+00
1.594380438327789307e-01,-5.959460139274597168e-02,-2.001513242721557617e-01,6.551480293273925781e-01,-6.198301315307617188e-01,-4.319626092910766602e-01,0.000000000000000000e+00
-2.593814432621002197e-01,-5.758882686495780945e-02,1.152108460664749146e-01,-8.780894875526428223e-01,-1.697917431592941284e-01,4.473584294319152832e-01,0.000000000000000000e+00
2.364212572574615479e-01,-2.855385653674602509e-02,-1.473817974328994751e-01,7.449392676353454590e-01,-3.527498841285705566e-01,-5.662446618080139160e-01,0.000000000000000000e+00
-2.404044568538665771e-01,3.739862516522407532e-02,1.620145440101623535e-01,-8.272206783294677734e-01,5.911188572645187378e-02,5.587590932846069336e-01,0.000000000000000000e+00
-2.807372622191905975e-02,-2.479760944843292236e-01,1.569470465183258057e-01,-1.124978139996528625e-01,-8.599793910980224609e-01,4.977746903896331787e-01,0.000000000000000000e+00
7.973085343837738037e-02,-2.112459391355514526e-01,-1.906190961599349976e-01,3.194124698638916016e-01,-6.747561097145080566e-01,-6.653419137001037598e-01,0.000000000000000000e+00
-1.061525493860244751e-01,-2.527070343494415283e-01,-1.013626307249069214e-01,-4.095822572708129883e-01,-8.302981257438659668e-01,-3.779515624046325684e-01,0.000000000000000000e+00
-7.922302931547164917e-02,2.540556490421295166e-01,-1.147764921188354492e-01,-2.517085969448089600e-01,8.856531977653503418e-01,-3.902065753936767578e-01,0.000000000000000000e+00
-1.334760040044784546e-01,1.335082054138183594e-01,-2.131321579217910767e-01,-4.309249520301818848e-01,4.858536422252655029e-01,-7.604274749755859375e-01,0.000000000000000000e+00
-1.477030962705612183e-01,-2.486549615859985352e-01,-3.779487917199730873e-03,-4.883634448051452637e-01,-8.724379539489746094e-01,-1.879222504794597626e-02,0.000000000000000000e+00
-4.876106977462768555e-02,1.935620307922363281e-01,-2.074132412672042847e-01,-1.234736964106559753e-01,6.720837950706481934e-01,-7.301079034805297852e-01,0.000000000000000000e+00
1.669504195451736450e-01,6.716568022966384888e-02,2.085218578577041626e-01,5.603789091110229492e-01,3.311141729354858398e-01,7.591698765754699707e-01,0.000000000000000000e+00
2.451961189508438110e-01,1.318595111370086670e-01,-7.145647704601287842e-02,8.308592438697814941e-01,5.213669538497924805e-01,-1.945493072271347046e-01,0.000000000000000000e+00
-2.856040596961975098e-01,2.221125178039073944e-02,3.583856672048568726e-02,-9.829230904579162598e-01,1.342641264200210571e-01,1.258384287357330322e-01,0.000000000000000000e+00
3.280459344387054443e-02,-2.524856925010681152e-01,1.473193466663360596e-01,9.703335165977478027e-02,-8.750512003898620605e-01,4.742045700550079346e-01,0.000000000000000000e+00
-5.511773750185966492e-02,-1.896660216152667999e-02,-2.848284244537353516e-01,-2.610684931278228760e-01,-1.044936329126358032e-01,-9.596480131149291992e-01,0.000000000000000000e+00
-2.560499906539916992e-01,5.969037488102912903e-02,-1.194109469652175903e-01,-8.775944709777832031e-01,2.072067260742187500e-01,-4.323116540908813477e-01,0.000000000000000000e+00
-1.042010262608528137e-01,-1.518851965665817261e-01,-2.200219035148620605e-01,-4.188186228275299072e-01,-5.083775520324707031e-01,-7.524248957633972168e-01,0.000000000000000000e+00
-2.599277496337890625e-01,6.289704889059066772e-02,-1.095163226127624512e-01,-8.838935494422912598e-01,2.178087085485458374e-01,-4.138737916946411133e-01,0.000000000000000000e+00
3.940805792808532715e-02,2.758210897445678711e-01,3.665140271186828613e-02,2.171520292758941650e-01,9.655603170394897461e-01,1.433118432760238647e-01,0.000000000000000000e+00
-1.882921159267425537e-01,2.134275734424591064e-01,1.597296074032783508e-02,-6.522685885429382324e-01,7.559375762939453125e-01,5.571376904845237732e-02,0.000000000000000000e+00
-2.388474494218826294e-01,-1.615469604730606079e-01,-4.476407170295715332e-02,-8.065402507781982422e-01,-5.543254613876342773e-01,-2.054655998945236206e-01,0.000000000000000000e+00
2.471862435340881348e-01,1.077013462781906128e-01,8.839648216962814331e-02,8.421664237976074219e-01,4.274476170539855957e-01,3.287009000778198242e-01,0.000000000000000000e+00
1.484773121774196625e-02,-2.589201927185058594e-01,-1.466507017612457275e-01,2.255140058696269989e-02,-8.473327159881591797e-01,-5.305833220481872559e-01,0.000000000000000000e+00
2.016184777021408081e-01,-2.062092274427413940e-01,-7.240588963031768799e-02,6.719740033149719238e-01,-6.622801423072814941e-01,-3.314151167869567871e-01,0.000000000000000000e+00
-1.140588149428367615e-02,2.522003650665283203e-01,-1.391983777284622192e-01,-9.573836578056216240e-04,8.841910958290100098e-01,-4.671243727207183838e-01,0.000000000000000000e+00
2.358198612928390503e-01,-1.543052196502685547e-01,7.922498136758804321e-02,8.102539181709289551e-01,-4.553480446338653564e-01,3.689807057380676270e-01,0.000000000000000000e+00
1.781424432992935181e-01,-1.537667214870452881e-01,1.648826301097869873e-01,6.263314485549926758e-01,-5.177465081214904785e-01,5.827928185462951660e-01,0.000000000000000000e+00
-1.114814132452011108e-01,6.333179026842117310e-02,2.588843405246734619e-01,-3.422983288764953613e-01,1.716160774230957031e-01,9.237855672836303711e-01,0.000000000000000000e+00
1.207031682133674622e-01,2.497695386409759521e-01,-1.696155965328216553e-02,4.209648966789245605e-01,9.041815400123596191e-01,7.241754233837127686e-02,0.000000000000000000e+00
-1.507741808891296387e-01,-2.168776839971542358e-01,1.238477379083633423e-01,-5.327564477920532227e-01,-7.181128263473510742e-01,4.477549791336059570e-01,0.000000000000000000e+00
-1.945708096027374268e-01,2.088501304388046265e-01,5.661781877279281616e-03,-6.361929178237915039e-01,7.703275084495544434e-01,4.305942356586456299e-02,0.000000000000000000e+00
1.111076958477497101e-02,-1.813432276248931885e-01,2.281788140535354614e-01,1.013145744800567627e-01,-5.236934423446655273e-01,8.458608388900756836e-01,0.000000000000000000e+00
2.151789069175720215e-01,1.712957769632339478e-01,6.413026899099349976e-02,7.295629382133483887e-01,6.484975814819335938e-01,2.172298431396484375e-01,0.000000000000000000e+00
-1.624323427677154541e-01,2.265670001506805420e-01,-6.667889654636383057e-02,-6.086415648460388184e-01,7.714560627937316895e-01,-1.855020821094512939e-01,0.000000000000000000e+00
1.702162772417068481e-01,1.722705513238906860e-01,-1.578904688358306885e-01,6.083658337593078613e-01,6.643289327621459961e-01,-4.342327117919921875e-01,0.000000000000000000e+00
-2.358513623476028442e-01,9.621046483516693115e-02,-1.337957382202148438e-01,-8.024826645851135254e-01,3.515877127647399902e-01,-4.820867776870727539e-01,0.000000000000000000e+00
-1.712862253189086914e-01,1.648858338594436646e-01,1.705650240182876587e-01,-5.309288501739501953e-01,6.556305885314941406e-01,5.369014143943786621e-01,0.000000000000000000e+00
2.729537189006805420e-01,3.410456329584121704e-02,-9.777308255434036255e-02,9.076334238052368164e-01,1.678234487771987915e-01,-3.847555816173553467e-01,0.000000000000000000e+00
1.770859658718109131e-01,2.149522304534912109e-01,5.113908089697360992e-03,6.040213704109191895e-01,7.953618764877319336e-01,5.057317391037940979e-02,0.000000000000000000e+00
-1.620751246809959412e-02,-2.654950022697448730e-01,1.232954785227775574e-01,-9.045036882162094116e-02,-9.225092530250549316e-01,3.752271533012390137e-01,0.000000000000000000e+00
-2.071867585182189941e-01,3.826117143034934998e-02,-1.973044872283935547e-01,-7.176062464714050293e-01,1.237191334366798401e-01,-6.853720545768737793e-01,0.000000000000000000e+00
2.506310343742370605e-01,-1.594490930438041687e-02,1.399433165788650513e-01,8.738973736763000488e-01,-1.374842133373022079e-02,4.859160184860229492e-01,0.000000000000000000e+00
7.715611904859542847e-02,-6.889215856790542603e-02,-2.751199901103973389e-01,4.383171796798706055e-01,-2.481666356325149536e-01,-8.638815879821777344e-01,0.000000000000000000e+00
-2.519548237323760986e-01,-1.407353430986404419e-01,5.173258483409881592e-02,-8.539202809333801270e-01,-4.829786717891693115e-01,1.937827914953231812e-01,0.000000000000000000e+00
1.285620182752609253e-01,1.108063831925392151e-01,2.115663737058639526e-01,4.411665499210357666e-01,4.547108411788940430e-01,7.736989855766296387e-01,0.000000000000000000e+00
1.824034303426742554e-01,-2.800278924405574799e-02,2.160151004791259766e-01,5.924600958824157715e-01,-1.842420101165771484e-01,7.842486500740051270e-01,0.000000000000000000e+00
-1.064983084797859192e-01,-1.312919408082962036e-01,2.319008857011795044e-01,-3.896543085575103760e-01,-4.200375080108642578e-01,8.195962309837341309e-01,0.000000000000000000e+00
-1.016307529062032700e-02,2.547797560691833496e-01,-1.339415460824966431e-01,5.488957837224006653e-02,9.033849239349365234e-01,-4.253031909465789795e-01,0.000000000000000000e+00
-2.305903583765029907e-01,-1.669215708971023560e-01,6.496800482273101807e-02,-7.987988591194152832e-01,-5.230400562286376953e-01,2.972364723682403564e-01,0.000000000000000000e+00
-1.465423852205276489e-01,-2.524884045124053955e-02,2.435119301080703735e-01,-5.460273027420043945e-01,-9.797773510217666626e-02,8.320183753967285156e-01,0.000000000000000000e+00
2.132670283317565918e-01,7.995904982089996338e-02,1.635342240333557129e-01,6.777456402778625488e-01,2.611932456493377686e-01,6.873419284820556641e-01,0.000000000000000000e+00
-3.211987018585205078e-02,2.524076104164123535e-01,1.226138100028038025e-01,-2.557108737528324127e-02,8.887781500816345215e-01,4.576238393783569336e-01,0.000000000000000000e+00
-1.342386901378631592e-01,-2.482825666666030884e-01,6.974752247333526611e-02,-4.975731074810028076e-01,-8.526953458786010742e-01,1.591592282056808472e-01,0.000000000000000000e+00
-4.837008565664291382e-02,3.691079467535018921e-02,-2.841507792472839355e-01,-2.825219035148620605e-01,1.506234854459762573e-01,-9.473615884780883789e-01,0.000000000000000000e+00
2.352019995450973511e-01,-1.733216196298599243e-01,-5.078637599945068359e-02,8.336458206176757812e-01,-4.989564716815948486e-01,-2.368060499429702759e-01,0.000000000000000000e+00
-1.252291351556777954e-01,2.461315840482711792e-01,-8.616164326667785645e-02,-4.526364207267761230e-01,8.487314581871032715e-01,-2.734505832195281982e-01,0.000000000000000000e+00
-2.415963411331176758e-01,2.589399367570877075e-02,-1.550247371196746826e-01,-8.281822204589843750e-01,7.579007744789123535e-02,-5.553107857704162598e-01,0.000000000000000000e+00
1.446545422077178955e-01,-1.347509175539016724e-01,-1.823296099901199341e-01,6.467432379722595215e-01,2.849005162715911865e-02,-7.621755003929138184e-01,0.000000000000000000e+00
-1.794914901256561279e-01,2.104078084230422974e-01,6.960999220609664917e-02,-6.270532608032226562e-01,7.528024911880493164e-01,2.002314925193786621e-01,0.000000000000000000e+00
-7.925918698310852051e-02,-2.318138033151626587e-01,1.610708981752395630e-01,-3.250238001346588135e-01,-7.550224661827087402e-01,5.694739818572998047e-01,0.000000000000000000e+00
9.215743094682693481e-02,-2.850369215011596680e-01,-1.434349641203880310e-02,2.105424553155899048e-01,-9.770818948745727539e-01,-3.135025128722190857e-02,0.000000000000000000e+00
3.210458904504776001e-02,2.733369171619415283e-01,-6.190204992890357971e-02,6.753063946962356567e-02,9.841350913047790527e-01,-1.640660911798477173e-01,0.000000000000000000e+00
1.325933933258056641e-01,-1.058750450611114502e-01,2.290525734424591064e-01,4.416179656982421875e-01,-2.620837092399597168e-01,8.580709099769592285e-01,0.000000000000000000e+00
1.891505271196365356e-01,-8.865876495838165283e-02,-1.578654199838638306e-01,9.740313291549682617e-01,-1.939436793327331543e-01,-1.168280690908432007e-01,0.000000000000000000e+00
2.080253362655639648e-01,-4.521880298852920532e-02,-1.620966494083404541e-01,5.132403373718261719e-01,-6.327039003372192383e-01,-5.798880457878112793e-01,0.000000000000000000e+00
-1.885600686073303223e-01,6.571936421096324921e-03,2.135934978723526001e-01,-6.165605783462524414e-01,-8.368059247732162476e-02,7.828477621078491211e-01,0.000000000000000000e+00
1.770126074552536011e-01,-1.669891327619552612e-01,-1.362356692552566528e-01,9.870421886444091797e-01,-7.142104208469390869e-02,-1.436897069215774536e-01,0.000000000000000000e+00
3.533141687512397766e-02,1.346842795610427856e-01,2.389250099658966064e-01,2.026764601469039917e-01,4.986093938350677490e-01,8.427994847297668457e-01,0.000000000000000000e+00
1.321810781955718994e-01,-2.127705961465835571e-01,1.516936868429183960e-01,5.019436478614807129e-01,-6.753439307212829590e-01,5.403361916542053223e-01,0.000000000000000000e+00
1.712720468640327454e-02,-2.915463447570800781e-01,3.692670166492462158e-02,-2.360406331717967987e-02,-9.901813864707946777e-01,1.377810537815093994e-01,0.000000000000000000e+00
-4.345631692558526993e-03,1.515473127365112305e-01,2.330287247896194458e-01,5.403269082307815552e-02,5.759224295616149902e-01,8.157167434692382812e-01,0.000000000000000000e+00
-6.965573877096176147e-02,-2.448651045560836792e-01,-1.448758840560913086e-01,-2.865217626094818115e-01,-8.201451301574707031e-01,-4.952446520328521729e-01,0.000000000000000000e+00
-8.057556301355361938e-02,-2.652820944786071777e-01,8.637219667434692383e-02,-2.901628911495208740e-01,-9.250765442848205566e-01,2.450283765792846680e-01,0.000000000000000000e+00
-8.349812030792236328e-02,-4.115826264023780823e-02,2.728929221630096436e-01,-3.268072605133056641e-01,-1.365755349397659302e-01,9.351706504821777344e-01,0.000000000000000000e+00
2.030799388885498047e-01,1.760342568159103394e-01,-9.668171405792236328e-02,6.877055764198303223e-01,6.786726713180541992e-01,-2.578069865703582764e-01,0.000000000000000000e+00
1.246818006038665771e-01,5.456720665097236633e-02,-2.663280665874481201e-01,4.350898563861846924e-01,1.986153274774551392e-01,-8.782076835632324219e-01,0.000000000000000000e+00
2.425828576087951660e-01,-4.643337056040763855e-02,1.480857133865356445e-01,8.506096601486206055e-01,-1.517701894044876099e-01,5.034173130989074707e-01,0.000000000000000000e+00
-4.533399641513824463e-02,-2.864584922790527344e-01,2.509060874581336975e-02,-2.482105344533920288e-01,-9.559561014175415039e-01,1.566507667303085327e-01,0.000000000000000000e+00
-1.378179788589477539e-01,-2.512256503105163574e-01,-4.246741533279418945e-02,-4.768700003623962402e-01,-8.705225586891174316e-01,-1.215957775712013245e-01,0.000000000000000000e+00
2.214776873588562012e-01,1.257490664720535278e-01,-1.408157646656036377e-01,7.758240103721618652e-01,4.559405744075775146e-01,-4.361367523670196533e-01,0.000000000000000000e+00
7.857614755630493164e-02,1.795129328966140747e-01,-2.185198068618774414e-01,2.298430651426315308e-01,6.843745112419128418e-01,-6.919564008712768555e-01,0.000000000000000000e+00
1.919535994529724121e-01,-9.007732570171356201e-02,-1.435923427343368530e-01,9.477307796478271484e-01,-2.053996920585632324e-01,-2.441665083169937134e-01,0.000000000000000000e+00
-2.566867172718048096e-01,4.018129408359527588e-02,-1.260078251361846924e-01,-8.910036683082580566e-01,1.075311228632926941e-01,-4.410777390003204346e-01,0.000000000000000000e+00
2.067735791206359863e-02,-2.146303951740264893e-01,-2.024695426225662231e-01,6.868437677621841431e-02,-6.970011591911315918e-01,-7.137729525566101074e-01,0.000000000000000000e+00
2.521081566810607910e-01,-1.500960290431976318e-01,3.495867922902107239e-02,8.964712619781494141e-01,-4.154425859451293945e-01,1.540998667478561401e-01,0.000000000000000000e+00
2.494778335094451904e-01,1.093407124280929565e-01,8.039332926273345947e-02,8.421664237976074219e-01,4.274476170539855957e-01,3.287009000778198242e-01,0.000000000000000000e+00
7.388034369796514511e-03,-1.037938371300697327e-01,-2.765663564205169678e-01,-1.820279099047183990e-02,-3.717262744903564453e-01,-9.281638860702514648e-01,0.000000000000000000e+00
1.428455561399459839e-01,-1.606972664594650269e-01,-1.789680123329162598e-01,6.871330142021179199e-01,-2.710708975791931152e-01,-6.740688085556030273e-01,0.000000000000000000e+00
-1.051901374012231827e-02,-2.649545669555664062e-01,-1.344835311174392700e-01,-1.491938978433609009e-01,-8.604479432106018066e-01,-4.872068166732788086e-01,0.000000000000000000e+00
6.825939565896987915e-02,1.506459861993789673e-01,-2.435526251792907715e-01,1.381137222051620483e-01,5.841740965843200684e-01,-7.997907400131225586e-01,0.000000000000000000e+00
-1.898162066936492920e-01,-6.301796436309814453e-02,-2.070224583148956299e-01,-6.551272273063659668e-01,-2.443960607051849365e-01,-7.148978114128112793e-01,0.000000000000000000e+00
3.717748448252677917e-02,2.785850763320922852e-01,-6.582416594028472900e-03,1.946502774953842163e-01,9.803311228752136230e-01,-3.259055316448211670e-02,0.000000000000000000e+00
-1.089232638478279114e-01,-1.928204149007797241e-01,-1.842631101608276367e-01,-4.996786415576934814e-01,-6.213964819908142090e-01,-6.034796237945556641e-01,0.000000000000000000e+00
-1.890442566946148872e-03,-2.896335721015930176e-01,4.487445950508117676e-02,-3.361561149358749390e-02,-9.837919473648071289e-01,1.761346459388732910e-01,0.000000000000000000e+00
-2.773493528366088867e-03,-2.902617454528808594e-01,4.119722545146942139e-02,-3.361561149358749390e-02,-9.837919473648071289e-01,1.761346459388732910e-01,0.000000000000000000e+00
-2.616747915744781494e-01,-8.271613717079162598e-02,9.920560568571090698e-02,-9.067747592926025391e-01,-2.253067493438720703e-01,3.563655018806457520e-01,0.000000000000000000e+00
-1.104234755039215088e-01,2.156506329774856567e-01,1.485877186059951782e-01,-3.593886494636535645e-01,7.792822718620300293e-01,5.133798718452453613e-01,0.000000000000000000e+00
-2.834061682224273682e-01,2.821485325694084167e-02,4.522296786308288574e-02,-9.815971255302429199e-01,1.188497319817543030e-01,1.494718194007873535e-01,0.000000000000000000e+00
1.690947562456130981e-01,2.168932110071182251e-01,4.199877008795738220e-02,5.853390693664550781e-01,8.042792677879333496e-01,1.025330796837806702e-01,0.000000000000000000e+00
-3.239586949348449707e-02,-2.873805463314056396e-01,3.355324268341064453e-02,-1.644855290651321411e-01,-9.723435044288635254e-01,1.658090949058532715e-01,0.000000000000000000e+00
-2.297781705856323242e-01,1.627956032752990723e-01,-5.023506283760070801e-02,-7.722067832946777344e-01,6.040173768997192383e-01,-1.971285939216613770e-01,0.000000000000000000e+00
-2.506182193756103516e-01,6.695637851953506470e-02,-1.270356923341751099e-01,-8.530241250991821289e-01,1.886555403470993042e-01,-4.865787923336029053e-01,0.000000000000000000e+00
-2.900246679782867432e-01,-3.695477545261383057e-02,1.056518591940402985e-02,-9.978784322738647461e-01,-5.531751364469528198e-02,3.433070704340934753e-02,0.000000000000000000e+00
1.005393266677856445e-01,-2.691999077796936035e-01,7.828958332538604736e-02,3.409622609615325928e-01,-8.997474312782287598e-01,2.723954617977142334e-01,0.000000000000000000e+00
1.558891832828521729e-01,2.137726396322250366e-01,-1.023586243391036987e-01,5.252557992935180664e-01,7.893291711807250977e-01,-3.179084658622741699e-01,0.000000000000000000e+00
6.214123964309692383e-02,-1.720052771270275116e-02,2.721621096134185791e-01,2.506331503391265869e-01,1.781064202077686787e-03,9.680805206298828125e-01,0.000000000000000000e+00
-1.476819068193435669e-01,-3.475867584347724915e-02,2.411563843488693237e-01,-5.749203562736511230e-01,-1.523000597953796387e-01,8.039100170135498047e-01,0.000000000000000000e+00
1.760845929384231567e-01,-1.849368810653686523e-01,1.370810419321060181e-01,6.518335342407226562e-01,-5.820563435554504395e-01,4.861311018466949463e-01,0.000000000000000000e+00
-1.073380634188652039e-01,-2.027752250432968140e-01,1.788033097982406616e-01,-4.066238105297088623e-01,-6.405448913574218750e-01,6.514286398887634277e-01,0.000000000000000000e+00
-3.886592015624046326e-02,2.331933006644248962e-02,2.809782326221466064e-01,-1.894611120223999023e-02,8.697206526994705200e-02,9.960305690765380859e-01,0.000000000000000000e+00
1.112411245703697205e-01,-1.884183883666992188e-01,1.914373636245727539e-01,4.778870344161987305e-01,-5.712874531745910645e-01,6.672739982604980469e-01,0.000000000000000000e+00
-5.923736095428466797e-02,2.405857145786285400e-01,-1.520040333271026611e-01,-2.346536368131637573e-01,8.100774288177490234e-01,-5.373194813728332520e-01,0.000000000000000000e+00
8.420748636126518250e-03,8.564522862434387207e-02,-2.796224057674407959e-01,-5.537626892328262329e-02,3.106531500816345215e-01,-9.489088654518127441e-01,0.000000000000000000e+00
-1.836408674716949463e-01,-3.450049087405204773e-02,-2.198176085948944092e-01,-6.432359814643859863e-01,-1.315341144800186157e-01,-7.542852759361267090e-01,0.000000000000000000e+00
2.225104160606861115e-02,2.665389478206634521e-01,-9.413746744394302368e-02,4.858454689383506775e-02,9.712444543838500977e-01,-2.330746501684188843e-01,0.000000000000000000e+00
-2.538560032844543457e-01,-9.109433740377426147e-02,1.101964935660362244e-01,-8.392691016197204590e-01,-2.999323606491088867e-01,4.535062611103057861e-01,0.000000000000000000e+00
1.647095233201980591e-01,1.795417517423629761e-01,-1.550243198871612549e-01,6.271653771400451660e-01,6.499067544937133789e-01,-4.292840361595153809e-01,0.000000000000000000e+00
1.139498036354780197e-02,5.415712017565965652e-03,2.802070975303649902e-01,6.139186397194862366e-02,5.994784459471702576e-02,9.963118433952331543e-01,0.000000000000000000e+00
2.879652678966522217e-01,8.689663372933864594e-03,-1.943325065076351166e-02,9.936348795890808105e-01,7.022514194250106812e-02,-8.808025717735290527e-02,0.000000000000000000e+00
1.795280575752258301e-01,-1.411917358636856079e-01,-1.395163685083389282e-01,3.361836671829223633e-01,-3.234668672084808350e-01,-8.845053315162658691e-01,0.000000000000000000e+00
-2.054200470447540283e-01,1.986180841922760010e-01,-7.082246243953704834e-03,-7.041025757789611816e-01,7.074802517890930176e-01,-6.092017889022827148e-02,0.000000000000000000e+00
6.750208884477615356e-02,8.631440997123718262e-02,2.519575655460357666e-01,3.332715332508087158e-01,3.485540151596069336e-01,8.760366439819335938e-01,0.000000000000000000e+00
-1.060301885008811951e-01,2.326564118266105652e-02,-2.666424214839935303e-01,-3.890248537063598633e-01,3.212982416152954102e-02,-9.206668138504028320e-01,0.000000000000000000e+00
2.461330890655517578e-01,-3.272049129009246826e-02,1.459696292877197266e-01,8.540024757385253906e-01,-9.085885435342788696e-02,5.122738480567932129e-01,0.000000000000000000e+00
-1.055858358740806580e-01,2.123241126537322998e-01,-1.639836877584457397e-01,-3.810920417308807373e-01,6.647691726684570312e-01,-6.425346732139587402e-01,0.000000000000000000e+00
2.668053209781646729e-01,5.504647269845008850e-02,8.688096702098846436e-02,9.405418634414672852e-01,1.731956899166107178e-01,2.922058999538421631e-01,0.000000000000000000e+00
-1.553654819726943970e-01,2.087246924638748169e-01,1.199343129992485046e-01,-5.045325160026550293e-01,7.610800266265869141e-01,4.076814651489257812e-01,0.000000000000000000e+00
-1.518600285053253174e-01,-2.348514944314956665e-01,-7.751449942588806152e-02,-5.653741359710693359e-01,-7.904841303825378418e-01,-2.355566173791885376e-01,0.000000000000000000e+00
-1.529052406549453735e-01,-1.281567811965942383e-01,2.048932164907455444e-01,-5.391851663589477539e-01,-4.195535182952880859e-01,7.302425503730773926e-01,0.000000000000000000e+00
1.678871214389801025e-01,1.001536175608634949e-01,-2.240301221609115601e-01,6.085343956947326660e-01,3.609782457351684570e-01,-7.066686153411865234e-01,0.000000000000000000e+00
6.819211691617965698e-02,-2.217970639467239380e-01,-1.843489557504653931e-01,2.433547079563140869e-01,-7.322955727577209473e-01,-6.360202431678771973e-01,0.000000000000000000e+00
6.115036830306053162e-02,-1.394746750593185425e-01,2.419361919164657593e-01,2.317562848329544067e-01,-4.129455685615539551e-01,8.807752132415771484e-01,0.000000000000000000e+00
1.188288326375186443e-03,-2.810331881046295166e-01,-1.003379374742507935e-01,-1.286689937114715576e-01,-9.407601952552795410e-01,-3.137109875679016113e-01,0.000000000000000000e+00
4.558823537081480026e-03,1.666349619626998901e-01,2.214301824569702148e-01,1.466206088662147522e-02,5.743114948272705078e-01,8.185055255889892578e-01,0.000000000000000000e+00
-1.880734115839004517e-01,2.030307650566101074e-01,7.048657536506652832e-02,-6.328116059303283691e-01,7.394092082977294922e-01,2.298335283994674683e-01,0.000000000000000000e+00
2.817264497280120850e-01,-8.313389867544174194e-02,-1.592150330543518066e-02,9.795802235603332520e-01,-2.007717341184616089e-01,-1.064642984420061111e-02,0.000000000000000000e+00
-4.097228497266769409e-02,-2.407178282737731934e-01,-1.641472727060317993e-01,-2.393644154071807861e-01,-8.137272596359252930e-01,-5.296721458435058594e-01,0.000000000000000000e+00
1.936027854681015015e-01,1.803844422101974487e-01,9.418934583663940430e-02,5.955926179885864258e-01,6.921135187149047852e-01,4.077355861663818359e-01,0.000000000000000000e+00
7.443821430206298828e-02,-2.444345206022262573e-01,-1.531097441911697388e-01,2.322699129581451416e-01,-8.063491582870483398e-01,-5.439225435256958008e-01,0.000000000000000000e+00
-2.214705199003219604e-01,1.127169653773307800e-01,1.556116193532943726e-01,-7.888813018798828125e-01,3.562456965446472168e-01,5.007547736167907715e-01,0.000000000000000000e+00
5.741526558995246887e-02,-2.057106047868728638e-01,2.011487036943435669e-01,2.171358913183212280e-01,-6.823416352272033691e-01,6.980414986610412598e-01,0.000000000000000000e+00
-9.851384907960891724e-03,1.404663324356079102e-01,2.408091574907302856e-01,2.336796373128890991e-02,5.185420513153076172e-01,8.547327518463134766e-01,0.000000000000000000e+00
9.421657025814056396e-02,-3.230336820706725121e-03,-2.825807631015777588e-01,3.483091294765472412e-01,-5.420021340250968933e-02,-9.358114600181579590e-01,0.000000000000000000e+00
-5.523210763931274414e-02,2.748864293098449707e-01,-4.744825139641761780e-02,-1.372301280498504639e-01,9.815443754196166992e-01,-1.331860572099685669e-01,0.000000000000000000e+00
-5.692720413208007812e-02,-3.834319859743118286e-02,-2.820712029933929443e-01,-2.817608118057250977e-01,-1.590894013643264771e-01,-9.462037086486816406e-01,0.000000000000000000e+00
1.451430376619100571e-02,-6.090332567691802979e-02,2.756065130233764648e-01,1.582016199827194214e-01,-2.086542099714279175e-01,9.651091694831848145e-01,0.000000000000000000e+00
-2.191493809223175049e-01,1.004885584115982056e-01,1.669341176748275757e-01,-7.689393162727355957e-01,2.660652399063110352e-01,5.813274383544921875e-01,0.000000000000000000e+00
-2.654781378805637360e-02,2.804069817066192627e-01,4.037252068519592285e-02,-3.815496712923049927e-02,9.891531467437744141e-01,1.418459862470626831e-01,0.000000000000000000e+00
1.750984042882919312e-01,1.632029116153717041e-01,-1.641889363527297974e-01,5.818252563476562500e-01,6.268415451049804688e-01,-5.182172060012817383e-01,0.000000000000000000e+00
-2.757952176034450531e-02,2.505438923835754395e-01,1.264871358871459961e-01,-2.557108737528324127e-02,8.887781500816345215e-01,4.576238393783569336e-01,0.000000000000000000e+00
1.090313717722892761e-01,2.405467778444290161e-01,8.857911080121994019e-02,4.134121239185333252e-01,8.477044701576232910e-01,3.323966860771179199e-01,0.000000000000000000e+00
2.120325267314910889e-01,1.808206737041473389e-01,-4.987338557839393616e-02,7.205675840377807617e-01,6.821130514144897461e-01,-1.245157048106193542e-01,0.000000000000000000e+00
2.529321014881134033e-01,1.007487252354621887e-01,-1.024696007370948792e-01,8.483325242996215820e-01,4.269926846027374268e-01,-3.130642175674438477e-01,0.000000000000000000e+00
-1.330770254135131836e-01,-1.850073784589767456e-01,1.769447475671768188e-01,-5.005688071250915527e-01,-5.824482440948486328e-01,6.404567956924438477e-01,0.000000000000000000e+00
6.146472319960594177e-02,-1.664436608552932739e-01,-2.332397550344467163e-01,3.242873251438140869e-01,-5.679029226303100586e-01,-7.565209865570068359e-01,0.000000000000000000e+00
-2.185670286417007446e-01,1.836992353200912476e-01,1.152980607002973557e-02,-7.645135521888732910e-01,6.397322416305541992e-01,7.913047075271606445e-02,0.000000000000000000e+00
-3.792483732104301453e-02,2.793149948120117188e-01,-3.064206987619400024e-02,-1.146287843585014343e-01,9.853245615959167480e-01,-1.264742165803909302e-01,0.000000000000000000e+00
2.549501359462738037e-01,9.623345732688903809e-02,-1.024708375334739685e-01,8.863552212715148926e-01,3.495751619338989258e-01,-3.035978078842163086e-01,0.000000000000000000e+00
9.439087659120559692e-02,-9.718322008848190308e-02,-2.547459602355957031e-01,5.335832834243774414e-01,-3.546125292778015137e-01,-7.678143382072448730e-01,0.000000000000000000e+00
2.144235372543334961e-01,-1.557067036628723145e-01,1.185874193906784058e-01,6.898465156555175781e-01,-5.013477206230163574e-01,5.222665071487426758e-01,0.000000000000000000e+00
-2.728021889925003052e-02,2.691089510917663574e-01,-9.316613525152206421e-02,-5.229448154568672180e-02,9.823903441429138184e-01,-1.793723851442337036e-01,0.000000000000000000e+00
-2.302967011928558350e-01,1.375047415494918823e-01,-1.027358919382095337e-01,-7.934152483940124512e-01,5.003921985626220703e-01,-3.465542793273925781e-01,0.000000000000000000e+00
-9.921764582395553589e-02,-9.106174856424331665e-02,-2.535884976387023926e-01,-4.278439879417419434e-01,-3.203532993793487549e-01,-8.451764583587646484e-01,0.000000000000000000e+00
-2.868508696556091309e-01,-1.658223010599613190e-02,-5.034382641315460205e-02,-9.887287616729736328e-01,3.139121085405349731e-02,-1.463900804519653320e-01,0.000000000000000000e+00
2.489258944988250732e-01,-1.078607365489006042e-01,-8.727890998125076294e-02,7.181718945503234863e-01,-4.297057092189788818e-01,-5.473409891128540039e-01,0.000000000000000000e+00
1.758119016885757446e-01,-1.575011163949966431e-01,-1.462399512529373169e-01,8.913066983222961426e-01,-1.632080525159835815e-01,-4.230077266693115234e-01,0.000000000000000000e+00
-6.125215440988540649e-02,2.765709757804870605e-01,3.467236831784248352e-02,-1.487241983413696289e-01,9.752463698387145996e-01,1.636327207088470459e-01,0.000000000000000000e+00
-9.262336045503616333e-02,1.680358052253723145e-01,2.097094655036926270e-01,-2.128977328538894653e-01,6.650738120079040527e-01,7.157872915267944336e-01,0.000000000000000000e+00
-2.885149121284484863e-01,3.773588221520185471e-03,-3.004366345703601837e-02,-9.911820888519287109e-01,7.979923486709594727e-02,-1.057833135128021240e-01,0.000000000000000000e+00
-5.653202161192893982e-02,2.546743452548980713e-01,1.110681816935539246e-01,-2.040774822235107422e-01,8.714574575424194336e-01,4.459981024265289307e-01,0.000000000000000000e+00
-2.849277257919311523e-01,-6.683748215436935425e-02,2.575445733964443207e-02,-9.716725349426269531e-01,-1.918590366840362549e-01,1.379950195550918579e-01,0.000000000000000000e+00
-4.921433981508016586e-03,-2.578501105308532715e-01,-1.475312411785125732e-01,-1.025112941861152649e-01,-8.477340936660766602e-01,-5.204212665557861328e-01,0.000000000000000000e+00
-5.654701963067054749e-02,2.673475146293640137e-01,-8.505590260028839111e-02,-1.209901198744773865e-01,9.665872454643249512e-01,-2.259877622127532959e-01,0.000000000000000000e+00
1.609899699687957764e-01,-1.148161590099334717e-01,2.076045870780944824e-01,5.576650500297546387e-01,-3.667232692241668701e-01,7.446634769439697266e-01,0.000000000000000000e+00
1.858682185411453247e-01,-8.553508669137954712e-02,2.004453390836715698e-01,6.517155170440673828e-01,-2.773101627826690674e-01,7.059503793716430664e-01,0.000000000000000000e+00
2.729006409645080566e-01,6.740218400955200195e-02,4.660027101635932922e-02,9.518165588378906250e-01,2.533649802207946777e-01,1.727757453918457031e-01,0.000000000000000000e+00
-1.575480550527572632e-01,-2.424579560756683350e-01,-1.033411361277103424e-03,-5.582635998725891113e-01,-8.296532034873962402e-01,4.160534590482711792e-03,0.000000000000000000e+00
-1.190223470330238342e-01,-2.619794011116027832e-01,-3.429652377963066101e-02,-4.078345596790313721e-01,-9.098125100135803223e-01,-7.689063996076583862e-02,0.000000000000000000e+00
1.542584747076034546e-01,-2.005113288760185242e-02,2.349279969930648804e-01,5.259380340576171875e-01,-6.351111084222793579e-02,8.481482863426208496e-01,0.000000000000000000e+00
1.243441924452781677e-01,2.412551045417785645e-01,5.968074128031730652e-02,4.522316157817840576e-01,8.740804195404052734e-01,1.773977875709533691e-01,0.000000000000000000e+00
-2.170678973197937012e-01,1.267749667167663574e-01,-1.373236477375030518e-01,-7.448221445083618164e-01,4.497392177581787109e-01,-4.929245412349700928e-01,0.000000000000000000e+00
-6.393816322088241577e-02,1.896162480115890503e-01,-2.067966908216476440e-01,-2.363479435443878174e-01,6.786067485809326172e-01,-6.954369544982910156e-01,0.000000000000000000e+00
2.394332736730575562e-02,2.704835832118988037e-01,7.629911601543426514e-02,1.678137332201004028e-01,9.407933354377746582e-01,2.945275604724884033e-01,0.000000000000000000e+00
1.415423452854156494e-01,-5.812676623463630676e-03,2.409938871860504150e-01,5.267588496208190918e-01,4.931115731596946716e-02,8.485832810401916504e-01,0.000000000000000000e+00
2.887301445007324219e-01,-7.093881256878376007e-03,-3.007900156080722809e-02,9.989733099937438965e-01,-2.771218679845333099e-02,-3.583853319287300110e-02,0.000000000000000000e+00
-9.418664872646331787e-02,1.531759798526763916e-01,-2.221442162990570068e-01,-3.771914541721343994e-01,5.223146080970764160e-01,-7.647967338562011719e-01,0.000000000000000000e+00
-1.452944278717041016e-01,-1.199169978499412537e-01,2.147634923458099365e-01,-5.174514651298522949e-01,-4.513832032680511475e-01,7.269781231880187988e-01,0.000000000000000000e+00
-8.778056502342224121e-02,2.336966991424560547e-01,-1.476201862096786499e-01,-3.756713271141052246e-01,7.304722666740417480e-01,-5.703344345092773438e-01,0.000000000000000000e+00
2.873515486717224121e-01,1.465834025293588638e-02,5.917623639106750488e-03,9.909597039222717285e-01,1.104816123843193054e-01,7.610959559679031372e-02,0.000000000000000000e+00
2.583867907524108887e-01,1.177124530076980591e-01,-4.654501006007194519e-02,8.853356242179870605e-01,4.449153840541839600e-01,-1.350228190422058105e-01,0.000000000000000000e+00
-9.998472034931182861e-02,-4.536864906549453735e-02,2.663856148719787598e-01,-3.600835800170898438e-01,-1.225903704762458801e-01,9.248304963111877441e-01,0.000000000000000000e+00
-7.314520329236984253e-02,9.524077922105789185e-02,2.601731419563293457e-01,-1.793256700038909912e-01,3.543049991130828857e-01,9.177746176719665527e-01,0.000000000000000000e+00
-1.343634128570556641e-01,2.130050957202911377e-01,1.347394436597824097e-01,-4.234920442104339600e-01,7.711245417594909668e-01,4.754171669483184814e-01,0.000000000000000000e+00
3.208098560571670532e-02,-7.778900116682052612e-02,2.690158784389495850e-01,1.775592267513275146e-01,-2.443611919879913330e-01,9.532892107963562012e-01,0.000000000000000000e+00
-1.128243356943130493e-01,-1.323724538087844849e-01,-2.278151363134384155e-01,-4.257532656192779541e-01,-4.670040011405944824e-01,-7.750105857849121094e-01,0.000000000000000000e+00
-1.998933255672454834e-01,-1.892167329788208008e-01,-8.783724159002304077e-02,-6.671078801155090332e-01,-6.572867035865783691e-01,-3.506297767162322998e-01,0.000000000000000000e+00
1.125747933983802795e-01,7.463555783033370972e-02,2.376775890588760376e-01,3.795804679393768311e-01,2.889592945575714111e-01,8.788749575614929199e-01,0.000000000000000000e+00
1.883039027452468872e-01,7.657512277364730835e-02,-2.161326408386230469e-01,6.565901041030883789e-01,2.532626092433929443e-01,-7.104558348655700684e-01,0.000000000000000000e+00
2.562006115913391113e-01,-8.346436172723770142e-02,1.033208966255187988e-01,9.124257564544677734e-01,-2.445318400859832764e-01,3.281514942646026611e-01,0.000000000000000000e+00
-3.366677090525627136e-02,2.417122572660446167e-01,-1.572214215993881226e-01,-1.105662062764167786e-01,8.386510014533996582e-01,-5.333288311958312988e-01,0.000000000000000000e+00
-9.061194956302642822e-02,7.209984119981527328e-03,-2.728264629840850830e-01,-2.926885187625885010e-01,1.833278499543666840e-02,-9.560320973396301270e-01,0.000000000000000000e+00
-1.987141221761703491e-01,-1.491872370243072510e-01,1.470244526863098145e-01,-6.724024415016174316e-01,-5.208173394203186035e-01,5.259507894515991211e-01,0.000000000000000000e+00
1.485749483108520508e-01,2.104162275791168213e-01,-1.214493513107299805e-01,5.391749739646911621e-01,7.642481327056884766e-01,-3.538575172424316406e-01,0.000000000000000000e+00
-2.208932638168334961e-01,-1.720779389142990112e-01,7.813817262649536133e-02,-7.581856250762939453e-01,-5.774521231651306152e-01,3.028260171413421631e-01,0.000000000000000000e+00
-1.549385040998458862e-01,-2.300832420587539673e-01,-8.566313982009887695e-02,-5.305160284042358398e-01,-7.795871496200561523e-01,-3.328612744808197021e-01,0.000000000000000000e+00
-5.446675047278404236e-02,-2.300281375646591187e-01,-1.750371456146240234e-01,-1.877822577953338623e-01,-8.035097718238830566e-01,-5.648981332778930664e-01,0.000000000000000000e+00
-1.737537533044815063e-01,9.722702950239181519e-02,2.140130102634429932e-01,-6.030998826026916504e-01,2.779845297336578369e-01,7.476597428321838379e-01,0.000000000000000000e+00
1.879703700542449951e-01,1.582722812891006470e-01,1.304865777492523193e-01,5.578259229660034180e-01,6.273862719535827637e-01,5.433384180068969727e-01,0.000000000000000000e+00
6.934607774019241333e-02,-1.343951523303985596e-01,2.421067208051681519e-01,2.445063441991806030e-01,-3.970583975315093994e-01,8.846249580383300781e-01,0.000000000000000000e+00
-3.552688658237457275e-02,-6.029342859983444214e-02,-2.840858101844787598e-01,-2.195820659399032593e-01,-2.147711217403411865e-01,-9.516601562500000000e-01,0.000000000000000000e+00
-2.504533529281616211e-01,-1.402092874050140381e-01,-5.324472859501838684e-02,-8.524519205093383789e-01,-4.847352802753448486e-01,-1.958506256341934204e-01,0.000000000000000000e+00
-3.090773895382881165e-02,-2.425285577774047852e-01,1.648161411285400391e-01,-1.339369714260101318e-01,-8.112377524375915527e-01,5.691697597503662109e-01,0.000000000000000000e+00
3.044985421001911163e-02,2.796365320682525635e-01,-8.359721861779689789e-03,1.421177536249160767e-01,9.897361397743225098e-01,-1.499724294990301132e-02,0.000000000000000000e+00
1.233863085508346558e-01,-8.633290231227874756e-02,2.398126721382141113e-01,4.064469933509826660e-01,-2.562149167060852051e-01,8.770146965980529785e-01,0.000000000000000000e+00
-2.169016599655151367e-01,1.392871886491775513e-01,1.386043280363082886e-01,-7.518784999847412109e-01,5.081189274787902832e-01,4.201118052005767822e-01,0.000000000000000000e+00
-1.055097728967666626e-01,2.599950134754180908e-01,5.301876366138458252e-02,-3.791857957839965820e-01,9.123489260673522949e-01,1.543944031000137329e-01,0.000000000000000000e+00
2.085018157958984375e-01,1.651157438755035400e-01,-1.088488325476646423e-01,7.078058123588562012e-01,6.333789229393005371e-01,-3.127971589565277100e-01,0.000000000000000000e+00
-2.249261736869812012e-01,1.320776063948869705e-02,-1.786172986030578613e-01,-7.763956785202026367e-01,1.717125624418258667e-02,-6.300118565559387207e-01,0.000000000000000000e+00
-1.477299928665161133e-01,-1.890002936124801636e-01,-1.524952948093414307e-01,-5.596096515655517578e-01,-6.051164269447326660e-01,-5.662783384323120117e-01,0.000000000000000000e+00
1.487931013107299805e-01,2.330696880817413330e-01,1.795835047960281372e-02,5.053232908248901367e-01,8.579100966453552246e-01,9.294419735670089722e-02,0.000000000000000000e+00
-1.701150089502334595e-02,-1.193317249417304993e-01,-2.679902911186218262e-01,-1.159756332635879517e-01,-4.275884330272674561e-01,-8.965030908584594727e-01,0.000000000000000000e+00
2.467058748006820679e-01,1.067926511168479919e-01,9.077372401952743530e-02,8.389095067977905273e-01,4.272732138633728027e-01,3.371474444866180420e-01,0.000000000000000000e+00
-3.645547479391098022e-02,2.704704403877258301e-01,8.047921210527420044e-02,-1.108357384800910950e-01,9.423543214797973633e-01,3.157274127006530762e-01,0.000000000000000000e+00
-1.829959824681282043e-02,6.105469912290573120e-02,2.747383415699005127e-01,4.212264716625213623e-02,2.291639745235443115e-01,9.724760055541992188e-01,0.000000000000000000e+00
2.630612552165985107e-01,7.899823039770126343e-02,7.697792351245880127e-02,9.182788133621215820e-01,3.079178333282470703e-01,2.488987892866134644e-01,0.000000000000000000e+00
-3.599503263831138611e-02,2.201252877712249756e-01,1.692505329847335815e-01,-1.059454604983329773e-01,7.637088298797607422e-01,6.368079781532287598e-01,0.000000000000000000e+00
2.580285966396331787e-01,1.531986705958843231e-02,1.217647194862365723e-01,8.954710364341735840e-01,6.888011842966079712e-02,4.397580027580261230e-01,0.000000000000000000e+00
-3.935890272259712219e-02,-2.030373662710189819e-01,-2.084804475307464600e-01,-1.349390894174575806e-01,-6.511294245719909668e-01,-7.468747496604919434e-01,0.000000000000000000e+00
-6.981044262647628784e-02,1.316102147102355957e-01,-2.441416680812835693e-01,-2.490999102592468262e-01,4.509039819240570068e-01,-8.571084141731262207e-01,0.000000000000000000e+00
1.959263086318969727e-01,2.956250868737697601e-02,1.994293481111526489e-01,6.340729594230651855e-01,2.415823340415954590e-01,7.345675230026245117e-01,0.000000000000000000e+00
8.875910937786102295e-02,2.510864138603210449e-01,8.293695002794265747e-02,3.101412951946258545e-01,8.929194808006286621e-01,3.263544440269470215e-01,0.000000000000000000e+00
-2.884390950202941895e-01,1.329752802848815918e-02,1.245483476668596268e-02,-9.926551580429077148e-01,1.135062873363494873e-01,4.185704514384269714e-02,0.000000000000000000e+00
-2.121823877096176147e-01,1.696873754262924194e-01,-8.732573688030242920e-02,-7.200996279716491699e-01,6.458688974380493164e-01,-2.535938620567321777e-01,0.000000000000000000e+00
-8.265478909015655518e-02,-4.680358618497848511e-02,-2.721312344074249268e-01,-3.374057412147521973e-01,-1.774355322122573853e-01,-9.244858026504516602e-01,0.000000000000000000e+00
1.067471206188201904e-01,2.078572809696197510e-01,-1.721491515636444092e-01,3.717155456542968750e-01,7.611740231513977051e-01,-5.314524173736572266e-01,0.000000000000000000e+00
-7.978171855211257935e-02,3.130796924233436584e-02,-2.760095894336700439e-01,-2.692627012729644775e-01,1.269876062870025635e-01,-9.546579122543334961e-01,0.000000000000000000e+00
5.435115098953247070e-02,4.072132054716348648e-03,-2.925834059715270996e-01,1.065572127699851990e-01,-3.138077259063720703e-02,-9.938112497329711914e-01,0.000000000000000000e+00
-1.438089162111282349e-01,2.389723956584930420e-01,-7.224816083908081055e-02,-5.282908678054809570e-01,8.203890323638916016e-01,-2.187935262918472290e-01,0.000000000000000000e+00
-2.550647258758544922e-01,1.198015064001083374e-01,5.092404782772064209e-02,-8.995380401611328125e-01,4.213557243347167969e-01,1.152853146195411682e-01,0.000000000000000000e+00
1.419374495744705200e-01,1.869378238916397095e-01,1.431019306182861328e-01,5.282620191574096680e-01,6.194002032279968262e-01,5.807603597640991211e-01,0.000000000000000000e+00
-1.177090108394622803e-01,2.518194019794464111e-01,-7.904914766550064087e-02,-4.207291901111602783e-01,8.857506513595581055e-01,-1.960427016019821167e-01,0.000000000000000000e+00
1.857234090566635132e-01,2.013156116008758545e-01,5.718679353594779968e-02,5.827687382698059082e-01,7.886558175086975098e-01,1.959658712148666382e-01,0.000000000000000000e+00
1.882048100233078003e-01,5.483032390475273132e-02,-2.216617912054061890e-01,6.709621548652648926e-01,1.149409860372543335e-01,-7.325287461280822754e-01,0.000000000000000000e+00
2.714716792106628418e-01,-4.211317747831344604e-02,-8.969990909099578857e-02,8.681833744049072266e-01,-2.323486655950546265e-01,-4.384879469871520996e-01,0.000000000000000000e+00
-2.044909596443176270e-01,-5.305691435933113098e-02,-1.956054568290710449e-01,-7.030997276306152344e-01,-1.889981627464294434e-01,-6.855147480964660645e-01,0.000000000000000000e+00
-1.433373093605041504e-01,-2.505749166011810303e-01,2.966357767581939697e-02,-4.997830390930175781e-01,-8.653461933135986328e-01,3.732115775346755981e-02,0.000000000000000000e+00
-6.624543666839599609e-02,-1.087154895067214966e-01,2.573730349540710449e-01,-3.373849391937255859e-01,-4.202876687049865723e-01,8.423358201980590820e-01,0.000000000000000000e+00
7.623064517974853516e-02,-2.148508280515670776e-01,-1.886435449123382568e-01,3.194124698638916016e-01,-6.747561097145080566e-01,-6.653419137001037598e-01,0.000000000000000000e+00
7.018116861581802368e-02,7.485285401344299316e-02,2.553282082080841064e-01,3.337555527687072754e-01,3.149495124816894531e-01,8.884897232055664062e-01,0.000000000000000000e+00
-2.568746358156204224e-02,-1.357566714286804199e-01,-2.585753798484802246e-01,-1.327858567237854004e-01,-4.528204202651977539e-01,-8.816584348678588867e-01,0.000000000000000000e+00
-1.722453087568283081e-01,-6.376634817570447922e-03,-2.305231392383575439e-01,-5.781630277633666992e-01,-7.139873504638671875e-02,-8.127913475036621094e-01,0.000000000000000000e+00
-2.458914369344711304e-01,3.443673625588417053e-02,-1.473361104726791382e-01,-8.273373246192932129e-01,1.064683198928833008e-01,-5.515228509902954102e-01,0.000000000000000000e+00
1.100934445858001709e-01,-2.178005129098892212e-01,1.628863513469696045e-01,3.980620801448822021e-01,-7.037684917449951172e-01,5.884356498718261719e-01,0.000000000000000000e+00
-7.287865132093429565e-02,-2.645742893218994141e-01,9.785783290863037109e-02,-3.178302645683288574e-01,-9.067238569259643555e-01,2.771927118301391602e-01,0.000000000000000000e+00
-1.899723708629608154e-01,2.126560509204864502e-01,-1.050183176994323730e-02,-6.440524458885192871e-01,7.649602890014648438e-01,-5.675047636032104492e-03,0.000000000000000000e+00
3.022876940667629242e-02,-3.653779625892639160e-02,-2.932937741279602051e-01,9.005444496870040894e-02,-1.077878624200820923e-01,-9.900868535041809082e-01,0.000000000000000000e+00
-1.071810051798820496e-01,-2.509437203407287598e-01,-1.041217818856239319e-01,-4.095822572708129883e-01,-8.302981257438659668e-01,-3.779515624046325684e-01,0.000000000000000000e+00
1.530270725488662720e-01,-6.791692227125167847e-02,2.281794548034667969e-01,4.975539147853851318e-01,-2.062185853719711304e-01,8.425639271736145020e-01,0.000000000000000000e+00
-1.100662723183631897e-01,2.316196411848068237e-01,-1.336300075054168701e-01,-4.013129770755767822e-01,7.835224270820617676e-01,-4.743843674659729004e-01,0.000000000000000000e+00
-2.615005075931549072e-01,-1.180685311555862427e-01,-5.616268888115882874e-02,-9.100140333175659180e-01,-3.922581970691680908e-01,-1.341937780380249023e-01,0.000000000000000000e+00
-2.842806279659271240e-01,1.690358482301235199e-02,4.858987033367156982e-02,-9.810516238212585449e-01,8.171344548463821411e-02,1.756718605756759644e-01,0.000000000000000000e+00
4.844360798597335815e-02,2.732169330120086670e-01,3.862769529223442078e-02,3.056500852108001709e-01,9.392967820167541504e-01,1.558833122253417969e-01,0.000000000000000000e+00
2.656727731227874756e-01,9.980318695306777954e-02,2.470283769071102142e-02,9.211159944534301758e-01,3.612144887447357178e-01,1.451529711484909058e-01,0.000000000000000000e+00
2.684501707553863525e-01,9.126655012369155884e-02,-5.517675727605819702e-02,9.074905514717102051e-01,3.708842694759368896e-01,-1.972452551126480103e-01,0.000000000000000000e+00
2.406372874975204468e-01,-1.705816537141799927e-01,-3.648632019758224487e-02,8.476846814155578613e-01,-4.956761300563812256e-01,-1.890393495559692383e-01,0.000000000000000000e+00
1.157389357686042786e-01,1.361518651247024536e-01,2.036864459514617920e-01,3.965939283370971680e-01,4.818779826164245605e-01,7.813494205474853516e-01,0.000000000000000000e+00
1.937832534313201904e-01,1.509838551282882690e-01,1.315526366233825684e-01,6.165156364440917969e-01,5.219944715499877930e-01,5.894321799278259277e-01,0.000000000000000000e+00
1.440740376710891724e-01,-1.844871193170547485e-01,-1.673865169286727905e-01,5.875686407089233398e-01,-3.686123788356781006e-01,-7.203388214111328125e-01,0.000000000000000000e+00
1.301056593656539917e-01,-2.189245820045471191e-01,1.459263116121292114e-01,4.924868345260620117e-01,-6.816987395286560059e-01,5.410578250885009766e-01,0.000000000000000000e+00
9.100446850061416626e-02,-1.803119331598281860e-01,-2.093936204910278320e-01,3.999905288219451904e-01,-4.884101152420043945e-01,-7.755405306816101074e-01,0.000000000000000000e+00
-2.091668993234634399e-01,1.884858012199401855e-01,-4.617787897586822510e-02,-7.395395636558532715e-01,6.469815969467163086e-01,-1.857311874628067017e-01,0.000000000000000000e+00
-1.750116050243377686e-01,-9.575014561414718628e-02,-2.057379037141799927e-01,-5.934701561927795410e-01,-3.548671603202819824e-01,-7.224004864692687988e-01,0.000000000000000000e+00
1.697793602943420410e-01,1.244277283549308777e-01,1.777233332395553589e-01,4.910657405853271484e-01,4.159805774688720703e-01,7.653852701187133789e-01,0.000000000000000000e+00
2.745225429534912109e-01,8.062638342380523682e-02,-3.173916414380073547e-02,9.383430480957031250e-01,3.446168899536132812e-01,2.741470187902450562e-02,0.000000000000000000e+00
-1.275988016277551651e-02,2.287293672561645508e-01,1.609472036361694336e-01,1.679789461195468903e-02,7.952215075492858887e-01,6.060862541198730469e-01,0.000000000000000000e+00
1.679761409759521484e-01,1.609748899936676025e-01,-1.766432821750640869e-01,6.625259518623352051e-01,6.076714992523193359e-01,-4.379437267780303955e-01,0.000000000000000000e+00
-1.886444240808486938e-01,-1.677897572517395020e-02,2.108071595430374146e-01,-6.655452847480773926e-01,-1.284816116094589233e-01,7.352156043052673340e-01,0.000000000000000000e+00
2.217427343130111694e-01,1.553947478532791138e-01,8.017320930957794189e-02,7.780597209930419922e-01,5.593100786209106445e-01,2.859989106655120850e-01,0.000000000000000000e+00
9.728238731622695923e-02,2.464485913515090942e-01,8.686030656099319458e-02,3.405519425868988037e-01,8.825037479400634766e-01,3.243632912635803223e-01,0.000000000000000000e+00
-1.888478845357894897e-01,3.136603906750679016e-02,2.166249305009841919e-01,-6.395380496978759766e-01,-7.119008898735046387e-02,7.654560804367065430e-01,0.000000000000000000e+00
-2.045405507087707520e-01,1.686530411243438721e-01,1.165599375963211060e-01,-6.999444961547851562e-01,6.395435333251953125e-01,3.179021477699279785e-01,0.000000000000000000e+00
4.373943805694580078e-02,2.322345674037933350e-01,-1.666166186332702637e-01,1.566428542137145996e-01,8.335230946540832520e-01,-5.298134088516235352e-01,0.000000000000000000e+00
2.663879096508026123e-01,-1.988961361348628998e-02,1.057299450039863586e-01,9.210083484649658203e-01,-6.528853625059127808e-02,3.840326368808746338e-01,0.000000000000000000e+00
-1.215472072362899780e-01,-6.641245633363723755e-02,2.523263692855834961e-01,-5.078812837600708008e-01,-1.814423054456710815e-01,8.421016931533813477e-01,0.000000000000000000e+00
-1.615857779979705811e-01,-2.104968130588531494e-01,1.208359822630882263e-01,-5.728927254676818848e-01,-6.814495921134948730e-01,4.554342627525329590e-01,0.000000000000000000e+00
-8.938626945018768311e-02,2.404091805219650269e-01,1.211433634161949158e-01,-2.708431780338287354e-01,8.292399644851684570e-01,4.888814389705657959e-01,0.000000000000000000e+00
2.426470071077346802e-01,1.344430297613143921e-01,6.063568592071533203e-02,8.594710230827331543e-01,4.662297964096069336e-01,2.096171975135803223e-01,0.000000000000000000e+00
2.221873437520116568e-04,-1.260570585727691650e-01,2.581165730953216553e-01,7.986981421709060669e-02,-3.745527565479278564e-01,9.237591624259948730e-01,0.000000000000000000e+00
-3.082663752138614655e-02,-2.465881109237670898e-01,1.586615145206451416e-01,-1.583480089902877808e-01,-8.453672528266906738e-01,5.101765990257263184e-01,0.000000000000000000e+00
-1.935759633779525757e-01,-6.775524467229843140e-02,1.945826262235641479e-01,-6.742597818374633789e-01,-2.324007600545883179e-01,7.009733319282531738e-01,0.000000000000000000e+00
1.327853947877883911e-01,1.368641704320907593e-01,-2.271994352340698242e-01,4.815248548984527588e-01,5.296942591667175293e-01,-6.982533931732177734e-01,0.000000000000000000e+00
1.045579835772514343e-01,-7.900510728359222412e-02,-2.556483745574951172e-01,5.932066440582275391e-01,-3.113442063331604004e-01,-7.424086928367614746e-01,0.000000000000000000e+00
-2.873347997665405273e-01,-3.619306907057762146e-02,4.077968373894691467e-02,-9.839920997619628906e-01,-6.295613944530487061e-02,1.667214184999465942e-01,0.000000000000000000e+00
2.673851847648620605e-01,-1.007593795657157898e-01,4.593102633953094482e-02,9.581069350242614746e-01,-2.066887021064758301e-01,1.982695907354354858e-01,0.000000000000000000e+00
1.677875816822052002e-01,-1.319747120141983032e-01,-1.599881947040557861e-01,6.955456733703613281e-01,1.221627220511436462e-01,-7.080200910568237305e-01,0.000000000000000000e+00
-2.477048635482788086e-01,-1.563264876604080200e-01,1.008485327474772930e-03,-8.566433191299438477e-01,-5.158274769783020020e-01,-9.175852872431278229e-03,0.000000000000000000e+00
-6.304842233657836914e-02,2.772981226444244385e-01,-1.782975345849990845e-02,-1.845208108425140381e-01,9.801831245422363281e-01,-7.206363976001739502e-02,0.000000000000000000e+00
4.755013622343540192e-03,5.183332785964012146e-02,-2.888173758983612061e-01,-5.961261317133903503e-02,1.839862614870071411e-01,-9.811194539070129395e-01,0.000000000000000000e+00
6.544471532106399536e-02,-2.886741161346435547e-01,2.487839944660663605e-02,1.912941485643386841e-01,-9.712491035461425781e-01,1.417098492383956909e-01,0.000000000000000000e+00
9.570225328207015991e-02,6.711058318614959717e-02,-2.749035656452178955e-01,3.302979767322540283e-01,2.803056836128234863e-01,-9.012945890426635742e-01,0.000000000000000000e+00
8.544043451547622681e-02,2.493776828050613403e-01,9.092301875352859497e-02,3.029107153415679932e-01,8.998652696609497070e-01,3.138273656368255615e-01,0.000000000000000000e+00
1.573213338851928711e-01,-1.787686794996261597e-01,1.635943204164505005e-01,5.815197229385375977e-01,-5.443866252899169922e-01,6.045477390289306641e-01,0.000000000000000000e+00
1.659280806779861450e-01,2.191033810377120972e-01,4.273977875709533691e-02,5.853390693664550781e-01,8.042792677879333496e-01,1.025330796837806702e-01,0.000000000000000000e+00
-1.617419533431529999e-03,-2.724357843399047852e-01,-1.206742152571678162e-01,-5.786724016070365906e-02,-9.161922335624694824e-01,-3.965390026569366455e-01,0.000000000000000000e+00
2.393795847892761230e-01,9.286940097808837891e-02,-1.414145827293395996e-01,8.564517498016357422e-01,3.472391664981842041e-01,-3.819887638092041016e-01,0.000000000000000000e+00
2.540317475795745850e-01,-1.546420156955718994e-01,-1.839870121330022812e-03,8.159496188163757324e-01,-5.773891210556030273e-01,2.912031859159469604e-02,0.000000000000000000e+00
-2.880339026451110840e-01,-1.902916282415390015e-02,-4.274922609329223633e-02,-9.898788332939147949e-01,-1.592433638870716095e-02,-1.410190016031265259e-01,0.000000000000000000e+00
2.407024800777435303e-01,1.453884541988372803e-01,3.801618888974189758e-02,8.489134311676025391e-01,5.167603492736816406e-01,1.109263524413108826e-01,0.000000000000000000e+00
-1.499373614788055420e-01,-3.205891326069831848e-02,2.400355637073516846e-01,-5.691769719123840332e-01,-1.220623478293418884e-01,8.131041526794433594e-01,0.000000000000000000e+00
-2.605371177196502686e-01,-9.605635702610015869e-02,-9.193604439496994019e-02,-8.969522118568420410e-01,-3.068440556526184082e-01,-3.183135092258453369e-01,0.000000000000000000e+00
-1.109575107693672180e-01,-2.248652428388595581e-01,-1.457500308752059937e-01,-4.603907763957977295e-01,-7.260055541992187500e-01,-5.108387470245361328e-01,0.000000000000000000e+00
2.048820108175277710e-01,-1.666695922613143921e-01,1.204824596643447876e-01,6.944362521171569824e-01,-5.194615721702575684e-01,4.979136288166046143e-01,0.000000000000000000e+00
2.276386022567749023e-01,-1.803743094205856323e-01,-5.959921330213546753e-02,7.923110723495483398e-01,-5.174748301506042480e-01,-3.232071995735168457e-01,0.000000000000000000e+00
1.493709832429885864e-01,9.905118495225906372e-02,2.056211531162261963e-01,4.783713519573211670e-01,4.315904080867767334e-01,7.647814154624938965e-01,0.000000000000000000e+00
-1.345863044261932373e-01,-1.289872080087661743e-01,2.171784639358520508e-01,-5.225725173950195312e-01,-4.060062766075134277e-01,7.497178316116333008e-01,0.000000000000000000e+00
-2.321175038814544678e-01,-7.796161621809005737e-02,1.501368135213851929e-01,-7.903864383697509766e-01,-2.242742925882339478e-01,5.700792074203491211e-01,0.000000000000000000e+00
-1.630284339189529419e-01,6.497336179018020630e-02,2.318206131458282471e-01,-5.385662913322448730e-01,1.813592761754989624e-01,8.228335976600646973e-01,0.000000000000000000e+00
1.266686171293258667e-01,-1.062260195612907410e-01,2.317971587181091309e-01,4.143471121788024902e-01,-2.755693793296813965e-01,8.673972487449645996e-01,0.000000000000000000e+00
-1.963917165994644165e-01,-2.021298408508300781e-01,7.235872000455856323e-02,-7.006953358650207520e-01,-6.399831175804138184e-01,3.153533041477203369e-01,0.000000000000000000e+00
-1.557922214269638062e-01,1.193146109580993652e-01,2.168351411819458008e-01,-4.810037314891815186e-01,3.872359991073608398e-01,7.865644693374633789e-01,0.000000000000000000e+00
-1.859893947839736938e-01,1.873537451028823853e-01,1.160131469368934631e-01,-6.299734711647033691e-01,7.001545429229736328e-01,3.360313475131988525e-01,0.000000000000000000e+00
2.303125113248825073e-01,-3.078792057931423187e-02,-1.534630209207534790e-01,6.628254652023315430e-01,-4.866478145122528076e-01,-5.690661668777465820e-01,0.000000000000000000e+00
1.877986639738082886e-01,2.031259983777999878e-02,-2.214625626802444458e-01,6.924406886100769043e-01,-1.584702581167221069e-01,-7.038558721542358398e-01,0.000000000000000000e+00
-9.337661415338516235e-02,-1.035352051258087158e-01,-2.511585056781768799e-01,-3.755143582820892334e-01,-3.718340992927551270e-01,-8.489572405815124512e-01,0.000000000000000000e+00
1.123740747570991516e-01,-1.484069526195526123e-01,2.194573581218719482e-01,4.226814806461334229e-01,-4.355478584766387939e-01,7.947568297386169434e-01,0.000000000000000000e+00
1.425432562828063965e-01,1.264022588729858398e-01,-2.278580218553543091e-01,4.994612038135528564e-01,4.362072348594665527e-01,-7.485063672065734863e-01,0.000000000000000000e+00
1.053708642721176147e-01,1.483998745679855347e-01,2.013084739446640015e-01,3.694801926612854004e-01,4.701507687568664551e-01,8.015251755714416504e-01,0.000000000000000000e+00
1.064331457018852234e-01,4.643826186656951904e-02,2.486137151718139648e-01,3.670907020568847656e-01,2.030208259820938110e-01,9.077593088150024414e-01,0.000000000000000000e+00
-1.105723977088928223e-01,3.649867698550224304e-02,-2.634370923042297363e-01,-4.176515936851501465e-01,9.494233131408691406e-02,-9.036332964897155762e-01,0.000000000000000000e+00
-2.991784363985061646e-02,-8.058062195777893066e-02,-2.801803052425384521e-01,-1.697287559509277344e-01,-2.664806246757507324e-01,-9.487782716751098633e-01,0.000000000000000000e+00
-2.392386943101882935e-01,-1.353043615818023682e-01,-9.560379385948181152e-02,-7.833755612373352051e-01,-5.061354041099548340e-01,-3.607625961303710938e-01,0.000000000000000000e+00
1.286643445491790771e-01,8.597548305988311768e-02,-2.553153634071350098e-01,4.323286116123199463e-01,2.317454963922500610e-01,-8.714275956153869629e-01,0.000000000000000000e+00
-2.484465092420578003e-01,1.427302509546279907e-01,-2.116887830197811127e-02,-8.815294504165649414e-01,4.701593518257141113e-01,-4.308196902275085449e-02,0.000000000000000000e+00
4.038445279002189636e-02,1.207898110151290894e-01,2.452082633972167969e-01,2.269838750362396240e-01,4.431978166103363037e-01,8.672105073928833008e-01,0.000000000000000000e+00
2.596215903759002686e-01,6.404438614845275879e-02,9.912734478712081909e-02,8.933254480361938477e-01,2.874681949615478516e-01,3.454442024230957031e-01,0.000000000000000000e+00
7.677643001079559326e-02,-1.167109534144401550e-01,-2.566670477390289307e-01,3.925388753414154053e-01,-4.087820649147033691e-01,-8.238995671272277832e-01,0.000000000000000000e+00
-1.863746941089630127e-01,-2.044273018836975098e-01,-8.368088304996490479e-02,-6.233922839164733887e-01,-6.903589963912963867e-01,-3.671328425407409668e-01,0.000000000000000000e+00
-1.825473308563232422e-01,2.090354710817337036e-01,6.563427299261093140e-02,-6.190840005874633789e-01,7.549102902412414551e-01,2.164380103349685669e-01,0.000000000000000000e+00
2.631782591342926025e-01,-7.936167716979980469e-02,8.504474908113479614e-02,9.449104666709899902e-01,-1.935792565345764160e-01,2.639530897140502930e-01,0.000000000000000000e+00
-4.371198639273643494e-02,-2.025377154350280762e-01,-2.081295698881149292e-01,-1.349390894174575806e-01,-6.511294245719909668e-01,-7.468747496604919434e-01,0.000000000000000000e+00
2.288047075271606445e-01,1.096133813261985779e-01,-1.455610692501068115e-01,7.904466390609741211e-01,4.718022048473358154e-01,-3.906364142894744873e-01,0.000000000000000000e+00
-2.386888414621353149e-01,1.289512664079666138e-01,-9.421813488006591797e-02,-8.231915831565856934e-01,4.936816394329071045e-01,-2.804176807403564453e-01,0.000000000000000000e+00
1.609764844179153442e-01,-7.846572995185852051e-02,-1.840553432703018188e-01,1.042107567191123962e-01,1.982384771108627319e-01,-9.745981693267822266e-01,0.000000000000000000e+00
-1.745549887418746948e-01,-2.034388631582260132e-01,1.126925721764564514e-01,-5.949574708938598633e-01,-7.203463912010192871e-01,3.565482199192047119e-01,0.000000000000000000e+00
1.070970967411994934e-01,-2.800067067146301270e-01,1.471986714750528336e-02,3.280006647109985352e-01,-9.396366477012634277e-01,9.746032953262329102e-02,0.000000000000000000e+00
-6.560046970844268799e-02,1.517079174518585205e-01,-2.339604198932647705e-01,-2.528962492942810059e-01,5.226266980171203613e-01,-8.141896724700927734e-01,0.000000000000000000e+00
1.148909516632556915e-02,-2.938837707042694092e-01,1.265930291265249252e-02,-4.862828552722930908e-02,-9.960524439811706543e-01,7.426162064075469971e-02,0.000000000000000000e+00
-1.670043319463729858e-01,1.885513365268707275e-01,1.419621556997299194e-01,-5.146994590759277344e-01,7.215086817741394043e-01,4.631519615650177002e-01,0.000000000000000000e+00
-1.334613263607025146e-01,-2.297381013631820679e-01,1.206533089280128479e-01,-4.413636624813079834e-01,-7.905955314636230469e-01,4.244488477706909180e-01,0.000000000000000000e+00
-1.700520217418670654e-01,-1.970170885324478149e-01,-1.190871670842170715e-01,-5.935938954353332520e-01,-6.478541493415832520e-01,-4.774214923381805420e-01,0.000000000000000000e+00
1.325037181377410889e-01,-2.365726381540298462e-01,1.154045462608337402e-01,4.862281382083892822e-01,-7.364677190780639648e-01,4.703163504600524902e-01,0.000000000000000000e+00
-2.056913971900939941e-01,1.669504791498184204e-01,-1.072016060352325439e-01,-7.096257805824279785e-01,6.140038371086120605e-01,-3.455872833728790283e-01,0.000000000000000000e+00
-3.495962172746658325e-02,9.376604855060577393e-02,2.647674083709716797e-01,-7.339015137404203415e-03,3.201472759246826172e-01,9.473393559455871582e-01,0.000000000000000000e+00
2.355957776308059692e-01,-6.602694094181060791e-02,1.523666381835937500e-01,7.894024252891540527e-01,-2.177958339452743530e-01,5.739414691925048828e-01,0.000000000000000000e+00
-1.603361070156097412e-01,2.339630573987960815e-01,1.560006476938724518e-02,-5.210618376731872559e-01,8.454391956329345703e-01,1.171626523137092590e-01,0.000000000000000000e+00
-2.809272110462188721e-01,5.178236961364746094e-02,-2.468979917466640472e-02,-9.640164375305175781e-01,2.571839094161987305e-01,-6.729614734649658203e-02,0.000000000000000000e+00
-8.083577454090118408e-02,-1.189864426851272583e-01,-2.498925179243087769e-01,-3.639592826366424561e-01,-4.012182354927062988e-01,-8.405697941780090332e-01,0.000000000000000000e+00
1.310041099786758423e-01,-1.018170360475778580e-02,-2.605843842029571533e-01,5.709933042526245117e-01,-2.888469398021697998e-01,-7.684621810913085938e-01,0.000000000000000000e+00
8.050708472728729248e-02,-2.832006514072418213e-01,4.452980309724807739e-02,1.559394598007202148e-01,-9.685716032981872559e-01,1.937831491231918335e-01,0.000000000000000000e+00
-1.695394217967987061e-01,1.773298680782318115e-01,1.562284082174301147e-01,-5.287318229675292969e-01,6.994523406028747559e-01,4.808419942855834961e-01,0.000000000000000000e+00
-4.044316336512565613e-02,-2.073958069086074829e-01,-2.044848352670669556e-01,-1.349390894174575806e-01,-6.511294245719909668e-01,-7.468747496604919434e-01,0.000000000000000000e+00
9.070099145174026489e-02,-7.816640287637710571e-02,2.553977370262145996e-01,3.715597093105316162e-01,-1.897186040878295898e-01,9.088180661201477051e-01,0.000000000000000000e+00
1.963515393435955048e-02,1.143735498189926147e-01,2.528019547462463379e-01,1.064361259341239929e-01,4.259326756000518799e-01,8.984724283218383789e-01,0.000000000000000000e+00
1.339105218648910522e-01,5.466078594326972961e-02,-2.619268596172332764e-01,5.099146962165832520e-01,1.724704205989837646e-01,-8.427579402923583984e-01,0.000000000000000000e+00
-2.577019929885864258e-01,5.050179734826087952e-02,1.268628984689712524e-01,-9.130948185920715332e-01,1.475527882575988770e-01,3.801132142543792725e-01,0.000000000000000000e+00
-1.838774979114532471e-01,2.176739722490310669e-01,-7.821995764970779419e-03,-6.309856772422790527e-01,7.757574319839477539e-01,-7.579765748232603073e-03,0.000000000000000000e+00
-2.161695659160614014e-01,1.306689381599426270e-01,1.490173786878585815e-01,-7.659038901329040527e-01,4.438809156417846680e-01,4.651461839675903320e-01,0.000000000000000000e+00
1.382704824209213257e-01,2.343946695327758789e-01,5.697710439562797546e-02,4.953554868698120117e-01,8.389937877655029297e-01,2.251940071582794189e-01,0.000000000000000000e+00
6.137324124574661255e-02,-9.565009921789169312e-02,-2.725433707237243652e-01,3.297733068466186523e-01,-3.294563889503479004e-01,-8.847078680992126465e-01,0.000000000000000000e+00
-2.800256311893463135e-01,1.704609021544456482e-02,-7.271426171064376831e-02,-9.739439487457275391e-01,1.376111209392547607e-01,-1.802676171064376831e-01,0.000000000000000000e+00
-1.077307164669036865e-01,2.423817366361618042e-01,1.047553643584251404e-01,-3.896287679672241211e-01,8.166581988334655762e-01,4.257449805736541748e-01,0.000000000000000000e+00
-1.995672136545181274e-01,1.600744724273681641e-01,-1.279841363430023193e-01,-6.861465573310852051e-01,5.541521310806274414e-01,-4.712942838668823242e-01,0.000000000000000000e+00
-2.144861668348312378e-01,-1.961700022220611572e-01,1.059970073401927948e-02,-6.884919404983520508e-01,-7.234593033790588379e-01,5.084747448563575745e-02,0.000000000000000000e+00
1.088181231170892715e-02,1.877046525478363037e-01,2.044548392295837402e-01,8.190552890300750732e-02,6.565393209457397461e-01,7.498317360877990723e-01,0.000000000000000000e+00
1.144084110856056213e-01,-2.355874031782150269e-01,1.347195655107498169e-01,4.334553480148315430e-01,-7.903707623481750488e-01,4.329324662685394287e-01,0.000000000000000000e+00
-7.846319116652011871e-03,-1.375717222690582275e-01,2.537264227867126465e-01,-1.339694205671548843e-02,-4.276276826858520508e-01,9.038556814193725586e-01,0.000000000000000000e+00
-1.360921561717987061e-01,-1.040714532136917114e-01,-2.294007986783981323e-01,-4.838502705097198486e-01,-3.669620752334594727e-01,-7.944984436035156250e-01,0.000000000000000000e+00
-1.635784506797790527e-01,9.122720360755920410e-02,-2.160336673259735107e-01,-4.799107611179351807e-01,3.904887437820434570e-01,-7.856234312057495117e-01,0.000000000000000000e+00
-1.337895244359970093e-01,2.401220798492431641e-01,7.788999378681182861e-02,-4.918629229068756104e-01,8.350929021835327148e-01,2.463547289371490479e-01,0.000000000000000000e+00
1.104255765676498413e-01,1.924375295639038086e-01,1.620721220970153809e-01,4.194513559341430664e-01,6.464680433273315430e-01,6.372908353805541992e-01,0.000000000000000000e+00
-2.180706262588500977e-01,-6.566253304481506348e-02,1.711948961019515991e-01,-6.986041069030761719e-01,-2.051591873168945312e-01,6.854647994041442871e-01,0.000000000000000000e+00
-1.560606062412261963e-02,2.829908728599548340e-01,-2.652761060744524002e-03,-7.822191342711448669e-03,9.995850324630737305e-01,-2.772325463593006134e-02,0.000000000000000000e+00
-1.192152202129364014e-01,2.594961225986480713e-01,-3.411612706258893013e-03,-4.762635231018066406e-01,8.791306018829345703e-01,-1.739065907895565033e-02,0.000000000000000000e+00
1.789680719375610352e-01,-7.880120724439620972e-02,-1.787858754396438599e-01,6.653695106506347656e-01,4.201186299324035645e-01,-6.170768141746520996e-01,0.000000000000000000e+00
-1.085585504770278931e-01,-7.837835699319839478e-02,-2.534970343112945557e-01,-4.201146662235260010e-01,-2.630501985549926758e-01,-8.685092329978942871e-01,0.000000000000000000e+00
-3.249041736125946045e-02,2.725160419940948486e-01,7.576560229063034058e-02,-1.108357384800910950e-01,9.423543214797973633e-01,3.157274127006530762e-01,0.000000000000000000e+00
1.499174088239669800e-01,-1.423836201429367065e-01,-1.766636222600936890e-01,7.187660932540893555e-01,-1.063526496291160583e-01,-6.870694160461425781e-01,0.000000000000000000e+00
-1.533207297325134277e-01,-1.833965778350830078e-01,-1.531002223491668701e-01,-5.531337261199951172e-01,-6.142334342002868652e-01,-5.628146529197692871e-01,0.000000000000000000e+00
1.686508804559707642e-01,-1.341919898986816406e-01,1.878576576709747314e-01,6.144993305206298828e-01,-5.050520896911621094e-01,6.060634851455688477e-01,0.000000000000000000e+00
2.743909358978271484e-01,8.288848400115966797e-02,-2.018769830465316772e-02,9.471537470817565918e-01,3.131313323974609375e-01,-6.963176280260086060e-02,0.000000000000000000e+00
-2.559649199247360229e-02,-1.936639994382858276e-01,2.170702666044235229e-01,-1.399555951356887817e-01,-6.829437613487243652e-01,7.169380784034729004e-01,0.000000000000000000e+00
-6.686287373304367065e-02,-1.734369099140167236e-01,2.219109237194061279e-01,-3.512843847274780273e-01,-5.177413821220397949e-01,7.800917029380798340e-01,0.000000000000000000e+00
-1.299628466367721558e-01,1.294403374195098877e-01,-2.177125215530395508e-01,-4.372760355472564697e-01,4.690540134906768799e-01,-7.673187255859375000e-01,0.000000000000000000e+00
1.215356960892677307e-01,-1.823474764823913574e-01,-1.872033625841140747e-01,5.745617151260375977e-01,-4.048802852630615234e-01,-7.113021612167358398e-01,0.000000000000000000e+00
1.304100453853607178e-01,-2.214719504117965698e-01,1.419031769037246704e-01,5.084239244461059570e-01,-7.235080003738403320e-01,4.669488966464996338e-01,0.000000000000000000e+00
-6.047515571117401123e-02,-2.186190187931060791e-01,-1.868094503879547119e-01,-2.377702742815017700e-01,-7.268108129501342773e-01,-6.443689465522766113e-01,0.000000000000000000e+00
-5.732125416398048401e-02,2.769106328487396240e-01,-2.989399619400501251e-02,-1.427508443593978882e-01,9.815551638603210449e-01,-1.271680593490600586e-01,0.000000000000000000e+00
1.950694024562835693e-01,-1.648326963186264038e-01,1.354455202817916870e-01,6.758001446723937988e-01,-5.382706522941589355e-01,5.035463571548461914e-01,0.000000000000000000e+00
4.581638798117637634e-02,-1.842865943908691406e-01,-2.253559976816177368e-01,1.923902034759521484e-01,-6.178969740867614746e-01,-7.623577713966369629e-01,0.000000000000000000e+00
-1.360297203063964844e-01,2.158500254154205322e-01,-1.340131908655166626e-01,-5.282135605812072754e-01,7.073494791984558105e-01,-4.697309136390686035e-01,0.000000000000000000e+00
1.409913972020149231e-02,-3.161843866109848022e-02,-2.940651178359985352e-01,-1.605743542313575745e-02,-1.112006232142448425e-01,-9.936682581901550293e-01,0.000000000000000000e+00
-1.821978390216827393e-02,-1.113317310810089111e-01,-2.712712585926055908e-01,-1.381985545158386230e-01,-3.957304358482360840e-01,-9.079089164733886719e-01,0.000000000000000000e+00
7.509295642375946045e-02,-2.620952129364013672e-01,1.171015873551368713e-01,1.378472894430160522e-01,-9.244797229766845703e-01,3.554368317127227783e-01,0.000000000000000000e+00
-2.229973375797271729e-01,-6.442797183990478516e-02,-1.730498373508453369e-01,-7.199453115463256836e-01,-1.875044405460357666e-01,-6.682221889495849609e-01,0.000000000000000000e+00
5.226983875036239624e-02,-4.780696704983711243e-02,2.702666819095611572e-01,1.779900193214416504e-01,-1.442139595746994019e-01,9.734073281288146973e-01,0.000000000000000000e+00
-5.710608884692192078e-02,7.097859680652618408e-02,2.704465985298156738e-01,-8.341600000858306885e-02,2.828979790210723877e-01,9.555158615112304688e-01,0.000000000000000000e+00
-1.487065106630325317e-01,1.331308633089065552e-01,-2.036755979061126709e-01,-4.940742850303649902e-01,4.760901331901550293e-01,-7.274811267852783203e-01,0.000000000000000000e+00
-1.884230077266693115e-01,1.989542245864868164e-01,-7.868701964616775513e-02,-7.081466913223266602e-01,6.673785448074340820e-01,-2.305083870887756348e-01,0.000000000000000000e+00
-7.156257331371307373e-02,7.388268411159515381e-02,-2.693282961845397949e-01,-2.778254747390747070e-01,3.353995382785797119e-01,-9.001778364181518555e-01,0.000000000000000000e+00
2.772693336009979248e-02,8.696152269840240479e-02,2.625193297863006592e-01,1.085897386074066162e-01,3.137597143650054932e-01,9.432725310325622559e-01,0.000000000000000000e+00
-2.636654078960418701e-01,1.031190603971481323e-01,-4.447649791836738586e-02,-9.213568568229675293e-01,3.618524968624114990e-01,-1.420010030269622803e-01,0.000000000000000000e+00
-1.124750450253486633e-02,-1.428539603948593140e-01,-2.566505968570709229e-01,-9.002849459648132324e-02,-4.881157279014587402e-01,-8.681232333183288574e-01,0.000000000000000000e+00
2.520941793918609619e-01,-6.615318707190454006e-04,-1.397843211889266968e-01,8.229519128799438477e-01,-1.546630710363388062e-01,-5.466529726982116699e-01,0.000000000000000000e+00
1.431583464145660400e-01,3.031014651060104370e-02,2.359663248062133789e-01,3.803260922431945801e-01,1.490208804607391357e-01,9.127677083015441895e-01,0.000000000000000000e+00
1.909573674201965332e-01,1.982337236404418945e-01,5.163355544209480286e-02,6.534345746040344238e-01,7.383391857147216797e-01,1.669685989618301392e-01,0.000000000000000000e+00
5.475372076034545898e-02,-1.749384254217147827e-01,2.255442887544631958e-01,1.609215885400772095e-01,-5.259049534797668457e-01,8.351815342903137207e-01,0.000000000000000000e+00
2.095358073711395264e-01,7.673557847738265991e-02,1.684383004903793335e-01,6.777456402778625488e-01,2.611932456493377686e-01,6.873419284820556641e-01,0.000000000000000000e+00
-2.554512321949005127e-01,-1.137516424059867859e-01,-8.585958182811737061e-02,-8.567479252815246582e-01,-4.208622574806213379e-01,-2.980905771255493164e-01,0.000000000000000000e+00
9.264174103736877441e-02,-3.443244099617004395e-02,2.631893754005432129e-01,3.859024345874786377e-01,-2.629662491381168365e-02,9.221647381782531738e-01,0.000000000000000000e+00
1.820301562547683716e-01,2.051223367452621460e-01,-6.307341158390045166e-02,6.389601826667785645e-01,7.610874176025390625e-01,-1.116950288414955139e-01,0.000000000000000000e+00
-5.502277240157127380e-02,-1.565750837326049805e-01,2.359592467546463013e-01,-2.264982759952545166e-01,-5.325672030448913574e-01,8.155186772346496582e-01,0.000000000000000000e+00
-1.485695410519838333e-02,-2.001857012510299683e-01,-2.157188802957534790e-01,-5.469204112887382507e-02,-6.982964873313903809e-01,-7.137161493301391602e-01,0.000000000000000000e+00
-9.158565104007720947e-02,-2.738820910453796387e-01,-3.139571100473403931e-02,-3.697715997695922852e-01,-9.247959852218627930e-01,-8.956169337034225464e-02,0.000000000000000000e+00
1.134470552206039429e-01,-7.877412438392639160e-02,-2.481034696102142334e-01,6.668910980224609375e-01,-3.449672162532806396e-01,-6.604951620101928711e-01,0.000000000000000000e+00
2.588506340980529785e-01,-8.212892711162567139e-02,-9.073027223348617554e-02,7.855072021484375000e-01,-3.387197554111480713e-01,-5.179259777069091797e-01,0.000000000000000000e+00
1.815713793039321899e-01,-1.652450114488601685e-01,-1.292293369770050049e-01,3.800223767757415771e-01,-4.117743372917175293e-01,-8.282662034034729004e-01,0.000000000000000000e+00
1.138338297605514526e-01,-2.781237363815307617e-01,5.684589967131614685e-03,3.650088012218475342e-01,-9.283763170242309570e-01,6.990028172731399536e-02,0.000000000000000000e+00
6.056360900402069092e-02,2.723510563373565674e-01,-3.005735762417316437e-02,3.046166598796844482e-01,9.511433243751525879e-01,-5.034888163208961487e-02,0.000000000000000000e+00
2.358914315700531006e-01,-4.050644487142562866e-02,1.597029715776443481e-01,8.082803487777709961e-01,-8.017514646053314209e-02,5.833137035369873047e-01,0.000000000000000000e+00
-2.044456005096435547e-01,-2.007325142621994019e-01,5.132979154586791992e-02,-6.747218966484069824e-01,-7.161728143692016602e-01,1.784570962190628052e-01,0.000000000000000000e+00
-1.512646228075027466e-01,1.360701173543930054e-01,-1.999171525239944458e-01,-5.088179111480712891e-01,4.670762717723846436e-01,-7.231487035751342773e-01,0.000000000000000000e+00
-2.710216343402862549e-01,-2.190056443214416504e-02,1.001495271921157837e-01,-9.357226490974426270e-01,-4.200613498687744141e-02,3.502265512943267822e-01,0.000000000000000000e+00
-8.224455267190933228e-02,1.045487448573112488e-01,-2.538100481033325195e-01,-2.983154058456420898e-01,3.871218562126159668e-01,-8.724359869956970215e-01,0.000000000000000000e+00
2.338021993637084961e-02,2.806481719017028809e-01,-4.137974698096513748e-03,1.221098601818084717e-01,9.924885034561157227e-01,-7.466323673725128174e-03,0.000000000000000000e+00
-2.443960458040237427e-01,-1.333165168762207031e-01,8.956083655357360840e-02,-8.046814799308776855e-01,-4.594759047031402588e-01,3.759914636611938477e-01,0.000000000000000000e+00
-6.696712225675582886e-02,1.275921016931533813e-01,2.455085217952728271e-01,-1.447976678609848022e-01,5.130255818367004395e-01,8.460723161697387695e-01,0.000000000000000000e+00
-1.597309298813343048e-02,9.749751538038253784e-02,2.629655003547668457e-01,6.379183381795883179e-02,2.938470542430877686e-01,9.537214040756225586e-01,0.000000000000000000e+00
-9.719362854957580566e-02,2.068993747234344482e-01,-1.742626875638961792e-01,-3.284718096256256104e-01,6.911593079566955566e-01,-6.437430381774902344e-01,0.000000000000000000e+00
1.241470277309417725e-01,-2.586897015571594238e-01,-8.902326971292495728e-02,4.197880327701568604e-01,-8.596763610839843750e-01,-2.910920679569244385e-01,0.000000000000000000e+00
-2.404982298612594604e-01,-1.424964815378189087e-01,-8.077783882617950439e-02,-7.978852987289428711e-01,-5.070109963417053223e-01,-3.260657489299774170e-01,0.000000000000000000e+00
2.823881208896636963e-01,-6.404849886894226074e-02,1.987721398472785950e-02,9.662731289863586426e-01,-1.170349568128585815e-01,2.293883562088012695e-01,0.000000000000000000e+00
-1.924818754196166992e-01,1.026202291250228882e-01,-1.875221729278564453e-01,-6.757056117057800293e-01,4.115264117717742920e-01,-6.116108894348144531e-01,0.000000000000000000e+00
-2.724631130695343018e-01,6.977866590023040771e-02,5.890705808997154236e-02,-9.429235458374023438e-01,2.847009599208831787e-01,1.727442741394042969e-01,0.000000000000000000e+00
2.734054028987884521e-01,8.112928271293640137e-02,-5.164372548460960388e-02,9.053252339363098145e-01,3.753562867641448975e-01,-1.987306177616119385e-01,0.000000000000000000e+00
-2.718962132930755615e-01,-7.272065430879592896e-02,7.822974771261215210e-02,-9.317952394485473633e-01,-2.086184173822402954e-01,2.970454692840576172e-01,0.000000000000000000e+00
-8.811513334512710571e-02,-1.989084184169769287e-01,1.930285692214965820e-01,-3.648345470428466797e-01,-6.133712530136108398e-01,7.004794478416442871e-01,0.000000000000000000e+00
8.770814538002014160e-02,-1.755540668964385986e-01,2.145305275917053223e-01,2.900520861148834229e-01,-4.992062449455261230e-01,8.164942860603332520e-01,0.000000000000000000e+00
1.839833706617355347e-01,-1.411357149481773376e-02,-2.105745524168014526e-01,5.504556298255920410e-01,-4.254650473594665527e-01,-7.183161377906799316e-01,0.000000000000000000e+00
5.737761780619621277e-02,-1.142516434192657471e-01,-2.659550607204437256e-01,2.866289615631103516e-01,-4.347352087497711182e-01,-8.537266254425048828e-01,0.000000000000000000e+00
1.807169318199157715e-01,1.591325104236602783e-01,1.372145414352416992e-01,5.990455150604248047e-01,5.810155868530273438e-01,5.509676337242126465e-01,0.000000000000000000e+00
-2.514594793319702148e-02,3.377734869718551636e-02,2.799755930900573730e-01,-1.236119307577610016e-02,1.277907490730285645e-01,9.917241334915161133e-01,0.000000000000000000e+00
2.478939890861511230e-01,-1.647158414125442505e-01,1.664872281253337860e-03,8.729538321495056152e-01,-4.866951107978820801e-01,3.285539150238037109e-02,0.000000000000000000e+00
-2.675038874149322510e-01,6.803984194993972778e-02,8.344423770904541016e-02,-9.398723244667053223e-01,2.316428869962692261e-01,2.509613931179046631e-01,0.000000000000000000e+00
-2.010248452425003052e-01,7.158919423818588257e-02,2.005367130041122437e-01,-6.550455689430236816e-01,2.833244204521179199e-01,7.004588246345520020e-01,0.000000000000000000e+00
1.493106409907341003e-02,-2.893624603748321533e-01,-6.905071437358856201e-02,-1.115533336997032166e-02,-9.806107282638549805e-01,-1.956479698419570923e-01,0.000000000000000000e+00
1.431260854005813599e-01,2.205541282892227173e-01,-1.064763143658638000e-01,5.205201506614685059e-01,7.916660904884338379e-01,-3.198806047439575195e-01,0.000000000000000000e+00
-1.189226582646369934e-01,-2.198486402630805969e-02,2.596611678600311279e-01,-4.427522122859954834e-01,-5.241919681429862976e-02,8.951104283332824707e-01,0.000000000000000000e+00
1.826297044754028320e-01,-1.704061627388000488e-01,1.448732912540435791e-01,6.169813275337219238e-01,-5.738856792449951172e-01,5.385065078735351562e-01,0.000000000000000000e+00
-2.464225590229034424e-01,-1.333609819412231445e-01,8.452329784631729126e-02,-8.417438268661499023e-01,-4.456055760383605957e-01,3.047999441623687744e-01,0.000000000000000000e+00
-1.991014629602432251e-01,1.167466565966606140e-01,1.817228496074676514e-01,-6.696376204490661621e-01,3.385666608810424805e-01,6.610280275344848633e-01,0.000000000000000000e+00
-2.443662285804748535e-01,1.342230886220932007e-01,-6.789266318082809448e-02,-8.419108986854553223e-01,4.613155126571655273e-01,-2.799536585807800293e-01,0.000000000000000000e+00
1.477828472852706909e-01,-2.219849973917007446e-01,1.223613843321800232e-01,5.212814807891845703e-01,-7.024633884429931641e-01,4.845727682113647461e-01,0.000000000000000000e+00
-2.095668949186801910e-02,7.164226472377777100e-02,-2.814892530441284180e-01,-1.022969260811805725e-01,2.482189536094665527e-01,-9.632874131202697754e-01,0.000000000000000000e+00
1.182560995221138000e-02,2.545053958892822266e-01,-1.326024979352951050e-01,6.880144029855728149e-02,9.340350627899169922e-01,-3.504923880100250244e-01,0.000000000000000000e+00
1.381124835461378098e-02,-3.586449846625328064e-02,2.789793312549591064e-01,1.088342666625976562e-01,-1.758854687213897705e-01,9.783759117126464844e-01,0.000000000000000000e+00
-2.804484963417053223e-01,1.201365888118743896e-02,6.981577724218368530e-02,-9.714419841766357422e-01,7.004301249980926514e-02,2.267034351825714111e-01,0.000000000000000000e+00
7.692614197731018066e-02,-2.880456447601318359e-01,-1.185897085815668106e-02,1.573017686605453491e-01,-9.872285127639770508e-01,-2.521906234323978424e-02,0.000000000000000000e+00
-1.816092282533645630e-01,-1.379987746477127075e-01,-1.712218970060348511e-01,-6.015313863754272461e-01,-5.085364580154418945e-01,-6.160768270492553711e-01,0.000000000000000000e+00
-1.976442933082580566e-01,-1.068582683801651001e-01,1.778422296047210693e-01,-6.770703196525573730e-01,-3.111852705478668213e-01,6.668878793716430664e-01,0.000000000000000000e+00
-1.426999922841787338e-02,5.585826560854911804e-02,2.757883369922637939e-01,4.212264716625213623e-02,2.291639745235443115e-01,9.724760055541992188e-01,0.000000000000000000e+00
-1.702622622251510620e-01,-8.660836517810821533e-02,2.107828110456466675e-01,-6.404446959495544434e-01,-2.338461428880691528e-01,7.315371632575988770e-01,0.000000000000000000e+00
1.059148684144020081e-01,-8.275016397237777710e-02,-2.529936134815216064e-01,5.932066440582275391e-01,-3.113442063331604004e-01,-7.424086928367614746e-01,0.000000000000000000e+00
2.337870448827743530e-01,1.077074557542800903e-01,-1.377813369035720825e-01,7.904466390609741211e-01,4.718022048473358154e-01,-3.906364142894744873e-01,0.000000000000000000e+00
-2.177082188427448273e-02,-6.710448861122131348e-02,2.768150269985198975e-01,-4.764919728040695190e-02,-1.906356364488601685e-01,9.805037379264831543e-01,0.000000000000000000e+00
2.406348139047622681e-01,1.429129689931869507e-01,4.856349527835845947e-02,8.546335697174072266e-01,5.040820240974426270e-01,1.245101839303970337e-01,0.000000000000000000e+00
1.786383092403411865e-01,1.237433552742004395e-01,1.714291870594024658e-01,5.580836534500122070e-01,4.388732314109802246e-01,7.042250633239746094e-01,0.000000000000000000e+00
-1.190115362405776978e-01,-2.534734904766082764e-01,7.969078421592712402e-02,-4.258730709552764893e-01,-8.764789104461669922e-01,2.245368510484695435e-01,0.000000000000000000e+00
-2.275034189224243164e-01,2.122832089662551880e-02,-1.750511527061462402e-01,-7.768883705139160156e-01,4.909904301166534424e-02,-6.277210116386413574e-01,0.000000000000000000e+00
-3.405256569385528564e-02,-8.042514324188232422e-02,-2.794027626514434814e-01,-2.045635879039764404e-01,-2.689318060874938965e-01,-9.411851167678833008e-01,0.000000000000000000e+00
-1.210761740803718567e-01,1.589971929788589478e-01,2.079788893461227417e-01,-2.902469635009765625e-01,6.423743963241577148e-01,7.093037366867065430e-01,0.000000000000000000e+00
9.546390920877456665e-02,2.558537423610687256e-01,-6.900940835475921631e-02,3.799839317798614502e-01,9.055598974227905273e-01,-1.886094510555267334e-01,0.000000000000000000e+00
1.028439700603485107e-01,-7.240453362464904785e-02,-2.595555782318115234e-01,5.519229769706726074e-01,-2.719624340534210205e-01,-7.883003354072570801e-01,0.000000000000000000e+00
-2.875815629959106445e-01,-3.927079215645790100e-02,-4.047705605626106262e-02,-9.911776781082153320e-01,-5.708060041069984436e-02,-1.196186318993568420e-01,0.000000000000000000e+00
-2.320340648293495178e-02,-2.904717624187469482e-01,2.180158905684947968e-02,-1.405745744705200195e-01,-9.850044250488281250e-01,1.000256463885307312e-01,0.000000000000000000e+00
-2.542382180690765381e-01,-7.517224550247192383e-02,-1.233840361237525940e-01,-8.521002531051635742e-01,-2.871111333370208740e-01,-4.375983774662017822e-01,0.000000000000000000e+00
-1.949704885482788086e-01,-3.920785337686538696e-02,2.008229345083236694e-01,-6.901032328605651855e-01,-1.607627272605895996e-01,7.056294083595275879e-01,0.000000000000000000e+00
-2.309068888425827026e-01,-6.829027086496353149e-02,-1.624660640954971313e-01,-7.528540492057800293e-01,-2.212183326482772827e-01,-6.198977828025817871e-01,0.000000000000000000e+00
6.150016188621520996e-02,-9.780254960060119629e-02,2.571714520454406738e-01,1.498345285654067993e-01,-2.569874525070190430e-01,9.547287821769714355e-01,0.000000000000000000e+00
-2.854767441749572754e-01,7.605745922774076462e-03,4.594929516315460205e-02,-9.830716848373413086e-01,6.736861169338226318e-02,1.703864336013793945e-01,0.000000000000000000e+00
4.308742657303810120e-02,-2.930595278739929199e-01,-1.364305242896080017e-02,1.302985250949859619e-01,-9.910887479782104492e-01,-2.766615711152553558e-02,0.000000000000000000e+00
-4.818512499332427979e-02,-2.431223988533020020e-01,1.586915254592895508e-01,-2.191783487796783447e-01,-8.320668935775756836e-01,5.095345973968505859e-01,0.000000000000000000e+00
-3.754894807934761047e-02,-5.718204751610755920e-02,-2.843214273452758789e-01,-2.195820659399032593e-01,-2.147711217403411865e-01,-9.516601562500000000e-01,0.000000000000000000e+00
-8.477887511253356934e-02,-2.519440054893493652e-01,1.227414086461067200e-01,-3.156083226203918457e-01,-8.810780644416809082e-01,3.522681593894958496e-01,0.000000000000000000e+00
2.923166751861572266e-02,2.787403762340545654e-01,2.737601287662982941e-02,1.386380940675735474e-01,9.839333295822143555e-01,1.124930232763290405e-01,0.000000000000000000e+00
2.797167897224426270e-01,4.430246353149414062e-02,3.884455189108848572e-02,9.691616892814636230e-01,2.074592858552932739e-01,1.329896301031112671e-01,0.000000000000000000e+00
-1.807542592287063599e-01,1.638491004705429077e-01,1.615467518568038940e-01,-6.123716235160827637e-01,6.242981553077697754e-01,4.850286543369293213e-01,0.000000000000000000e+00
-3.998797759413719177e-02,-9.337133169174194336e-02,-2.740006744861602783e-01,-2.211306244134902954e-01,-3.454207777976989746e-01,-9.120228886604309082e-01,0.000000000000000000e+00
-2.208796888589859009e-02,2.804453670978546143e-01,4.133656993508338928e-02,-4.116294160485267639e-02,9.884788393974304199e-01,1.456544399261474609e-01,0.000000000000000000e+00
-2.787781655788421631e-01,4.901218786835670471e-02,5.291651189327239990e-02,-9.660703539848327637e-01,2.044878154993057251e-01,1.577743738889694214e-01,0.000000000000000000e+00
5.260796099901199341e-02,-2.387944608926773071e-01,-1.691867411136627197e-01,2.404503971338272095e-01,-7.822901010513305664e-01,-5.746353864669799805e-01,0.000000000000000000e+00
4.193146526813507080e-02,2.014925144612789154e-02,2.751934528350830078e-01,1.625720113515853882e-01,1.060630604624748230e-01,9.809796214103698730e-01,0.000000000000000000e+00
2.737337052822113037e-01,6.730704754590988159e-02,-7.319789379835128784e-02,9.657234549522399902e-01,1.815739870071411133e-01,-1.854968965053558350e-01,0.000000000000000000e+00
6.322435289621353149e-02,2.298458367586135864e-01,1.398784369230270386e-01,3.122203052043914795e-01,7.656989097595214844e-01,5.623376369476318359e-01,0.000000000000000000e+00
