-2.805497944355010986e-01,3.783472999930381775e-02,-2.413553930819034576e-02,-9.662222862243652344e-01,1.710937619209289551e-01,-1.927212327718734741e-01,0.000000000000000000e+00
-2.337607555091381073e-02,6.483598053455352783e-02,-2.586693763732910156e-01,-8.205811679363250732e-02,3.134553134441375732e-01,-9.460508823394775391e-01,0.000000000000000000e+00
5.384081602096557617e-02,2.643358707427978516e-01,-1.680397242307662964e-02,-4.659511893987655640e-02,9.794775843620300293e-01,1.960931420326232910e-01,0.000000000000000000e+00
-2.202621549367904663e-01,1.490326374769210815e-01,-9.163367748260498047e-02,-7.869471311569213867e-01,4.718660414218902588e-01,-3.975633382797241211e-01,0.000000000000000000e+00
-4.527074098587036133e-02,2.720363140106201172e-01,-4.470741748809814453e-02,5.768441036343574524e-02,9.981770515441894531e-01,1.774955727159976959e-02,0.000000000000000000e+00
2.468739897012710571e-01,-4.339339584112167358e-02,-1.392258852720260620e-01,7.917441725730895996e-01,-8.266444504261016846e-02,-6.052336096763610840e-01,0.000000000000000000e+00
1.306593269109725952e-01,2.115050256252288818e-01,1.747873276472091675e-01,3.967213630676269531e-01,7.494709491729736328e-01,5.300050973892211914e-01,0.000000000000000000e+00
-2.729666233062744141e-01,-4.780977219343185425e-02,9.320060163736343384e-02,-9.142575263977050781e-01,-2.486056089401245117e-01,3.198881745338439941e-01,0.000000000000000000e+00
-2.337954065296798944e-04,3.525909036397933960e-02,3.002435564994812012e-01,-3.766344487667083740e-02,8.434795588254928589e-02,9.957243204116821289e-01,0.000000000000000000e+00
2.153126150369644165e-01,2.391696162521839142e-02,-1.785566061735153198e-01,7.343722581863403320e-01,1.669458746910095215e-01,-6.578955054283142090e-01,0.000000000000000000e+00
2.734396420419216156e-02,-2.918642759323120117e-01,6.878159940242767334e-02,9.379697591066360474e-02,-9.739591479301452637e-01,2.064113914966583252e-01,0.000000000000000000e+00
-2.579095065593719482e-01,-9.178446233272552490e-02,-6.894007325172424316e-02,-8.861792683601379395e-01,-3.309474885463714600e-01,-3.242838978767395020e-01,0.000000000000000000e+00
-2.686346769332885742e-01,9.549290686845779419e-02,6.113078817725181580e-02,-9.358119368553161621e-01,3.255603611469268799e-01,1.351536661386489868e-01,0.000000000000000000e+00
-3.214560449123382568e-03,-2.985449433326721191e-01,1.728087291121482849e-02,3.235855326056480408e-02,-9.967570900917053223e-01,-7.367613911628723145e-02,0.000000000000000000e+00
-1.967236250638961792e-01,-5.804502591490745544e-02,-1.871352642774581909e-01,-7.012878656387329102e-01,-2.479040920734405518e-01,-6.683852672576904297e-01,0.000000000000000000e+00
7.340112235397100449e-03,2.526932656764984131e-01,8.843857049942016602e-02,2.912854850292205811e-01,9.408081769943237305e-01,-1.732994318008422852e-01,0.000000000000000000e+00
4.981330130249261856e-03,-2.451796531677246094e-01,1.649002134799957275e-01,-2.757791057229042053e-02,-8.122831583023071289e-01,5.826109051704406738e-01,0.000000000000000000e+00
1.507661957293748856e-02,-2.811010181903839111e-01,-7.824934273958206177e-02,1.376293897628784180e-01,-9.164965748786926270e-01,-3.756223618984222412e-01,0.000000000000000000e+00
6.103521957993507385e-02,2.294403016567230225e-01,1.847176253795623779e-01,1.569409966468811035e-01,8.432242274284362793e-01,5.141424536705017090e-01,0.000000000000000000e+00
2.947410345077514648e-01,-4.652668535709381104e-02,-1.678175874985754490e-03,9.724992513656616211e-01,-2.318838387727737427e-01,-2.179602533578872681e-02,0.000000000000000000e+00
-1.055984869599342346e-01,-2.607423365116119385e-01,-6.613431870937347412e-02,-4.472593963146209717e-01,-8.271571993827819824e-01,-3.402499556541442871e-01,0.000000000000000000e+00
9.762866795063018799e-02,2.389473021030426025e-01,-1.264973133802413940e-01,2.940241396427154541e-01,8.292121887207031250e-01,-4.753492772579193115e-01,0.000000000000000000e+00
-1.695517599582672119e-01,4.668308794498443604e-02,-2.104386687278747559e-01,-5.823424458503723145e-01,1.693144440650939941e-01,-7.951163053512573242e-01,0.000000000000000000e+00
-1.005560718476772308e-02,1.638560295104980469e-01,2.548778653144836426e-01,-8.386562578380107880e-03,4.327334463596343994e-01,9.014829397201538086e-01,0.000000000000000000e+00
6.939897686243057251e-02,-1.061343327164649963e-01,2.631106376647949219e-01,1.832221597433090210e-01,-4.918686747550964355e-01,8.511726260185241699e-01,0.000000000000000000e+00
2.126249223947525024e-01,-1.864671707153320312e-01,-5.939877778291702271e-02,7.579424977302551270e-01,-6.116231679916381836e-01,-2.268044799566268921e-01,0.000000000000000000e+00
1.044339612126350403e-01,-2.509559690952301025e-01,1.212969943881034851e-01,3.716559410095214844e-01,-8.171037435531616211e-01,4.406963884830474854e-01,0.000000000000000000e+00
-2.839661240577697754e-01,4.174425452947616577e-02,1.143991854041814804e-02,-9.881486892700195312e-01,1.343370974063873291e-01,-7.426784932613372803e-02,0.000000000000000000e+00
2.012380361557006836e-01,1.574695408344268799e-01,-1.376436799764633179e-01,6.938618421554565430e-01,5.264666080474853516e-01,-4.913131892681121826e-01,0.000000000000000000e+00
-8.895352482795715332e-02,1.054065749049186707e-01,-2.324335426092147827e-01,-3.102945089340209961e-01,4.066769182682037354e-01,-8.592619895935058594e-01,0.000000000000000000e+00
-9.231600165367126465e-02,9.967487305402755737e-02,2.664836943149566650e-01,-3.525176048278808594e-01,2.727735936641693115e-01,8.951680660247802734e-01,0.000000000000000000e+00
-1.411808878183364868e-01,-7.034808397293090820e-02,-2.268677651882171631e-01,-5.477594733238220215e-01,-1.839428544044494629e-01,-8.161645531654357910e-01,0.000000000000000000e+00
1.251207143068313599e-01,-1.803080886602401733e-01,1.951339542865753174e-01,4.458003342151641846e-01,-6.139510273933410645e-01,6.514032483100891113e-01,0.000000000000000000e+00
-1.509420424699783325e-01,1.461001932621002197e-01,-1.763613969087600708e-01,-5.331001281738281250e-01,4.774065017700195312e-01,-6.984893083572387695e-01,0.000000000000000000e+00
-1.801143586635589600e-01,-1.749226599931716919e-01,-1.269096583127975464e-01,-6.131563782691955566e-01,-6.013771295547485352e-01,-5.122350454330444336e-01,0.000000000000000000e+00
-1.170446500182151794e-01,-2.490634769201278687e-01,1.057994961738586426e-01,-4.090477228164672852e-01,-8.445375561714172363e-01,3.455955684185028076e-01,0.000000000000000000e+00
-2.136072814464569092e-01,1.870576739311218262e-01,9.392666071653366089e-02,-7.522303462028503418e-01,6.102935671806335449e-01,2.483771890401840210e-01,0.000000000000000000e+00
1.501474380493164062e-01,1.098607629537582397e-01,2.381742894649505615e-01,4.233111441135406494e-01,4.877351522445678711e-01,7.634933590888977051e-01,0.000000000000000000e+00
1.037234216928482056e-01,1.458117514848709106e-01,-2.145308405160903931e-01,3.196083605289459229e-01,5.224545001983642578e-01,-7.905009388923645020e-01,0.000000000000000000e+00
-5.427964404225349426e-02,2.276090234518051147e-01,1.925407797098159790e-01,-1.614907681941986084e-01,7.806913256645202637e-01,6.036901473999023438e-01,0.000000000000000000e+00
-1.088235452771186829e-01,1.095803231000900269e-01,-2.225324064493179321e-01,-3.620698153972625732e-01,4.454044401645660400e-01,-8.188530802726745605e-01,0.000000000000000000e+00
-2.742008268833160400e-01,-6.241713464260101318e-02,-4.277363792061805725e-02,-9.441537261009216309e-01,-2.129143923521041870e-01,-2.514779567718505859e-01,0.000000000000000000e+00
1.367342323064804077e-01,-1.279718279838562012e-01,-2.100324630737304688e-01,4.775326550006866455e-01,-4.254694283008575439e-01,-7.687250971794128418e-01,0.000000000000000000e+00
-6.915563344955444336e-02,2.661679685115814209e-01,6.387807428836822510e-02,8.689161390066146851e-02,9.962071776390075684e-01,4.592184443026781082e-03,0.000000000000000000e+00
-2.342509329319000244e-01,-1.212527304887771606e-01,-9.718409180641174316e-02,-8.367232680320739746e-01,-4.249197542667388916e-01,-3.454523980617523193e-01,0.000000000000000000e+00
-2.357982844114303589e-01,-1.335473805665969849e-01,-7.596973329782485962e-02,-8.337859511375427246e-01,-4.589429199695587158e-01,-3.068752288818359375e-01,0.000000000000000000e+00
-1.996795088052749634e-01,-2.440340630710124969e-02,-1.901893913745880127e-01,-6.929853558540344238e-01,-5.786968767642974854e-02,-7.186253666877746582e-01,0.000000000000000000e+00
-7.696951925754547119e-02,-2.361397594213485718e-01,-1.366716027259826660e-01,-3.228723704814910889e-01,-7.829486131668090820e-01,-5.317376255989074707e-01,0.000000000000000000e+00
1.163771972060203552e-01,1.993462741374969482e-01,1.976440846920013428e-01,3.577979505062103271e-01,6.626479625701904297e-01,6.579348444938659668e-01,0.000000000000000000e+00
-1.004348509013652802e-02,-2.893069088459014893e-01,-5.869586765766143799e-02,-1.047262698411941528e-01,-9.539628624916076660e-01,-2.810467183589935303e-01,0.000000000000000000e+00
-1.639492064714431763e-01,-2.031697183847427368e-01,-1.076778098940849304e-01,-5.736152529716491699e-01,-6.973185539245605469e-01,-4.297817945480346680e-01,0.000000000000000000e+00
2.835593223571777344e-01,8.665056526660919189e-02,4.377657547593116760e-02,9.535799622535705566e-01,2.641635239124298096e-01,1.445782035589218140e-01,0.000000000000000000e+00
-2.135401964187622070e-01,1.979470252990722656e-01,-1.324236206710338593e-02,-7.627292275428771973e-01,6.465075612068176270e-01,1.649676635861396790e-02,0.000000000000000000e+00
-1.656237095594406128e-01,8.806318510323762894e-04,-2.174789011478424072e-01,-5.863489508628845215e-01,-3.032478736713528633e-03,-8.100528717041015625e-01,0.000000000000000000e+00
-1.399836242198944092e-01,1.062560006976127625e-01,2.393191307783126831e-01,-4.899039268493652344e-01,3.356808722019195557e-01,8.045573234558105469e-01,0.000000000000000000e+00
-1.748650372028350830e-01,-1.425596475601196289e-01,-1.643774956464767456e-01,-5.775490999221801758e-01,-5.510855317115783691e-01,-6.022804975509643555e-01,0.000000000000000000e+00
1.812429577112197876e-01,-1.291373521089553833e-01,1.958396285772323608e-01,6.035627126693725586e-01,-4.770607054233551025e-01,6.388466954231262207e-01,0.000000000000000000e+00
2.938595712184906006e-01,-7.593059446662664413e-03,5.633188411593437195e-02,9.712095260620117188e-01,-2.205050550401210785e-02,2.372042536735534668e-01,0.000000000000000000e+00
-5.875007435679435730e-02,-1.968586593866348267e-01,2.113912403583526611e-01,-1.760200411081314087e-01,-6.206642985343933105e-01,7.640633583068847656e-01,0.000000000000000000e+00
2.451023906469345093e-01,1.622851490974426270e-01,-5.148701742291450500e-02,8.175606727600097656e-01,5.288289189338684082e-01,-2.278915792703628540e-01,0.000000000000000000e+00
2.959685921669006348e-01,-1.650079712271690369e-02,4.397067055106163025e-02,9.900087118148803711e-01,3.388079116120934486e-03,1.409656703472137451e-01,0.000000000000000000e+00
-1.638068109750747681e-01,2.464008778333663940e-01,3.568933904170989990e-02,-5.445882081985473633e-01,8.333683013916015625e-01,9.445118159055709839e-02,0.000000000000000000e+00
-2.082217633724212646e-01,1.988329142332077026e-01,-3.201195597648620605e-02,-7.878115773200988770e-01,5.865716934204101562e-01,-1.878472268581390381e-01,0.000000000000000000e+00
-1.131972298026084900e-01,-3.115227445960044861e-02,-2.488655000925064087e-01,-4.508511126041412354e-01,-7.188809663057327271e-02,-8.896995782852172852e-01,0.000000000000000000e+00
-2.623312771320343018e-01,-1.013650745153427124e-01,-4.492987692356109619e-02,-8.886595368385314941e-01,-3.686808049678802490e-01,-2.726878821849822998e-01,0.000000000000000000e+00
-5.120396241545677185e-02,-1.984355151653289795e-01,2.116291224956512451e-01,-1.445136517286300659e-01,-6.562144756317138672e-01,7.406067848205566406e-01,0.000000000000000000e+00
-1.652857512235641479e-01,-1.777577698230743408e-01,-1.400601863861083984e-01,-5.841139554977416992e-01,-5.966843366622924805e-01,-5.502532720565795898e-01,0.000000000000000000e+00
1.693866997957229614e-01,2.417082786560058594e-01,-1.578206196427345276e-02,4.965706169605255127e-01,8.657537102699279785e-01,-6.235452368855476379e-02,0.000000000000000000e+00
1.467589735984802246e-01,-9.440298192203044891e-03,2.625468075275421143e-01,4.677815139293670654e-01,-6.975042074918746948e-02,8.810876011848449707e-01,0.000000000000000000e+00
-5.871535837650299072e-02,-8.041168004274368286e-02,-2.599149644374847412e-01,-1.979501396417617798e-01,-2.398329973220825195e-01,-9.504187703132629395e-01,0.000000000000000000e+00
-1.513040214776992798e-01,-1.338236629962921143e-01,2.174641340970993042e-01,-5.033077597618103027e-01,-3.881461918354034424e-01,7.720258235931396484e-01,0.000000000000000000e+00
-1.403178572654724121e-01,-6.246545910835266113e-02,2.517341077327728271e-01,-4.788037538528442383e-01,-1.509596258401870728e-01,8.648457527160644531e-01,0.000000000000000000e+00
1.630498468875885010e-01,1.228995770215988159e-01,2.200606167316436768e-01,5.195782780647277832e-01,4.208815097808837891e-01,7.435705661773681641e-01,0.000000000000000000e+00
4.802898317575454712e-02,2.591000199317932129e-01,-1.061338931322097778e-01,5.856218189001083374e-02,9.493122696876525879e-01,-3.088310658931732178e-01,0.000000000000000000e+00
-2.261492796242237091e-02,2.571992874145507812e-01,5.835921689867973328e-02,4.420495629310607910e-01,8.945567011833190918e-01,-6.603372097015380859e-02,0.000000000000000000e+00
-1.148673072457313538e-01,-2.713588178157806396e-01,1.972086541354656219e-02,-4.905192553997039795e-01,-8.704850673675537109e-01,4.057850688695907593e-02,0.000000000000000000e+00
-7.315787486732006073e-03,2.520761191844940186e-01,3.538146615028381348e-02,6.266166269779205322e-02,9.880857467651367188e-01,-1.405706405639648438e-01,0.000000000000000000e+00
1.809094846248626709e-01,-1.881385743618011475e-01,-1.147243753075599670e-01,6.272882223129272461e-01,-6.488364934921264648e-01,-4.307211339473724365e-01,0.000000000000000000e+00
1.996516138315200806e-01,8.354809135198593140e-02,-1.801989823579788208e-01,6.719465255737304688e-01,2.069910317659378052e-01,-7.110854983329772949e-01,0.000000000000000000e+00
-2.076129019260406494e-01,2.073053568601608276e-01,5.097781494259834290e-02,-7.292915582656860352e-01,6.761132478713989258e-01,1.049033403396606445e-01,0.000000000000000000e+00
5.275717005133628845e-02,2.652834057807922363e-01,-8.194311708211898804e-02,7.981220632791519165e-02,9.807541966438293457e-01,-1.781885623931884766e-01,0.000000000000000000e+00
-2.489632219076156616e-01,1.063065975904464722e-01,-7.203223556280136108e-02,-8.918568491935729980e-01,3.446586728096008301e-01,-2.929194271564483643e-01,0.000000000000000000e+00
-2.385878115892410278e-01,-1.170017346739768982e-01,-9.189628809690475464e-02,-8.375541567802429199e-01,-4.208348989486694336e-01,-3.484264314174652100e-01,0.000000000000000000e+00
-5.463811103254556656e-03,2.516750991344451904e-01,7.103267312049865723e-02,2.168532162904739380e-01,9.329965114593505859e-01,-2.872144579887390137e-01,0.000000000000000000e+00
-2.137099206447601318e-02,-3.602289408445358276e-02,-2.725153565406799316e-01,-2.906580641865730286e-02,-9.079345315694808960e-02,-9.954454898834228516e-01,0.000000000000000000e+00
2.743015289306640625e-01,-2.608944289386272430e-02,-9.389998763799667358e-02,9.178783297538757324e-01,-5.342680588364601135e-02,-3.932491540908813477e-01,0.000000000000000000e+00
-3.234140574932098389e-02,-7.891073822975158691e-02,-2.649425268173217773e-01,-1.164437755942344666e-01,-2.568939924240112305e-01,-9.593989253044128418e-01,0.000000000000000000e+00
1.544434670358896255e-02,2.494777590036392212e-01,8.406487852334976196e-02,2.855037748813629150e-01,9.456859230995178223e-01,-1.554533541202545166e-01,0.000000000000000000e+00
-1.593379490077495575e-02,-2.264411151409149170e-01,-1.700721234083175659e-01,-7.919713109731674194e-02,-7.828236818313598633e-01,-6.171830296516418457e-01,0.000000000000000000e+00
4.244883358478546143e-02,-2.346875369548797607e-01,1.742848306894302368e-01,1.072380691766738892e-01,-7.757464647293090820e-01,6.218660473823547363e-01,0.000000000000000000e+00
-8.625263720750808716e-02,-2.588289678096771240e-01,-9.044468402862548828e-02,-3.676452934741973877e-01,-8.206341862678527832e-01,-4.374888837337493896e-01,0.000000000000000000e+00
-2.621404826641082764e-01,1.165787428617477417e-01,5.304410308599472046e-02,-9.222673177719116211e-01,3.750081956386566162e-01,9.376454353332519531e-02,0.000000000000000000e+00
-6.089837476611137390e-02,1.284944415092468262e-01,2.656793892383575439e-01,-2.464662641286849976e-01,3.978534638881683350e-01,8.837233781814575195e-01,0.000000000000000000e+00
-1.480879932641983032e-01,1.924843937158584595e-01,-1.403348445892333984e-01,-5.675762295722961426e-01,5.938395857810974121e-01,-5.702734589576721191e-01,0.000000000000000000e+00
-2.745156362652778625e-02,-2.548774480819702148e-01,1.460485309362411499e-01,-1.119116470217704773e-01,-8.508527874946594238e-01,5.133472084999084473e-01,0.000000000000000000e+00
-6.019718572497367859e-02,2.644677460193634033e-01,1.002575154416263103e-03,2.076914757490158081e-01,9.776620268821716309e-01,3.226815909147262573e-02,0.000000000000000000e+00
-2.154012024402618408e-01,-7.172786444425582886e-02,-1.604481637477874756e-01,-7.540904879570007324e-01,-2.313912212848663330e-01,-6.146589517593383789e-01,0.000000000000000000e+00
-8.410381525754928589e-02,1.861934214830398560e-01,2.222086936235427856e-01,-3.370845615863800049e-01,5.817804932594299316e-01,7.402063608169555664e-01,0.000000000000000000e+00
1.220991462469100952e-01,2.497232407331466675e-01,7.867223769426345825e-02,7.029706239700317383e-02,9.751650691032409668e-01,2.100272923707962036e-01,0.000000000000000000e+00
2.388336360454559326e-01,-1.308418959379196167e-01,-9.900565445423126221e-02,7.645375728607177734e-01,-5.060892701148986816e-01,-3.991941213607788086e-01,0.000000000000000000e+00
2.747057676315307617e-01,1.028956621885299683e-01,-4.548025876283645630e-02,9.309187531471252441e-01,2.667146325111389160e-01,-2.495067417621612549e-01,0.000000000000000000e+00
-1.333786994218826294e-01,1.729380041360855103e-01,-1.687711775302886963e-01,-4.820390343666076660e-01,5.316255688667297363e-01,-6.964284777641296387e-01,0.000000000000000000e+00
-1.063151955604553223e-01,2.687305808067321777e-01,1.538227684795856476e-02,-1.404245197772979736e-01,9.891425371170043945e-01,4.333614930510520935e-02,0.000000000000000000e+00
-2.734659314155578613e-01,6.656075827777385712e-03,-6.247080489993095398e-02,-9.486795067787170410e-01,6.155336648225784302e-02,-3.101908862590789795e-01,0.000000000000000000e+00
2.679733633995056152e-01,1.374702807515859604e-02,1.277943849563598633e-01,9.056010246276855469e-01,1.533902995288372040e-02,4.238531589508056641e-01,0.000000000000000000e+00
-2.891183197498321533e-01,-9.583465754985809326e-03,4.703795537352561951e-02,-9.985318779945373535e-01,-1.983136497437953949e-02,5.040607601404190063e-02,0.000000000000000000e+00
-2.098919451236724854e-01,-1.645868718624114990e-01,1.275615245103836060e-01,-6.966328024864196777e-01,-5.914163589477539062e-01,4.061150252819061279e-01,0.000000000000000000e+00
-7.765517383813858032e-02,7.254365086555480957e-02,-2.481630444526672363e-01,-2.622146904468536377e-01,2.412315160036087036e-01,-9.343718886375427246e-01,0.000000000000000000e+00
-1.206340044736862183e-01,1.209337636828422546e-01,2.446096390485763550e-01,-4.426434636116027832e-01,3.536390364170074463e-01,8.240182995796203613e-01,0.000000000000000000e+00
2.863571047782897949e-01,2.590263634920120239e-02,-5.711264163255691528e-02,9.526256322860717773e-01,9.059616923332214355e-02,-2.903390824794769287e-01,0.000000000000000000e+00
-1.288412809371948242e-01,8.063079416751861572e-02,-2.256625592708587646e-01,-4.576804339885711670e-01,3.489835858345031738e-01,-8.177646994590759277e-01,0.000000000000000000e+00
-2.478095591068267822e-01,3.490851074457168579e-02,-1.178487762808799744e-01,-8.612567186355590820e-01,1.517076194286346436e-01,-4.849965870380401611e-01,0.000000000000000000e+00
1.554634273052215576e-01,-2.287364155054092407e-01,-7.445744425058364868e-02,4.500418901443481445e-01,-8.264817595481872559e-01,-3.382161855697631836e-01,0.000000000000000000e+00
-1.962980926036834717e-01,-1.454896181821823120e-01,1.686019301414489746e-01,-6.981244683265686035e-01,-4.531643986701965332e-01,5.543142557144165039e-01,0.000000000000000000e+00
-2.433794587850570679e-01,1.554380655288696289e-01,1.566659891977906227e-03,-8.666263222694396973e-01,4.901541471481323242e-01,-9.331521391868591309e-02,0.000000000000000000e+00
-2.263014018535614014e-01,1.678608506917953491e-01,9.717100113630294800e-02,-7.925909757614135742e-01,5.218837261199951172e-01,3.153361380100250244e-01,0.000000000000000000e+00
1.789065003395080566e-01,2.051168382167816162e-01,-1.096595376729965210e-01,5.127043724060058594e-01,6.953995227813720703e-01,-5.035411715507507324e-01,0.000000000000000000e+00
-2.823321819305419922e-01,4.261585325002670288e-02,-9.485344402492046356e-03,-9.871473908424377441e-01,1.373437345027923584e-01,-8.171097934246063232e-02,0.000000000000000000e+00
-1.757179200649261475e-01,-1.623625755310058594e-01,-1.451255828142166138e-01,-6.031342744827270508e-01,-5.728006362915039062e-01,-5.550932288169860840e-01,0.000000000000000000e+00
2.224330008029937744e-01,-1.201084330677986145e-01,1.523550599813461304e-01,8.038607835769653320e-01,-4.051726162433624268e-01,4.354801774024963379e-01,0.000000000000000000e+00
-1.915403455495834351e-01,2.121735364198684692e-01,-4.730478301644325256e-02,-6.974608898162841797e-01,6.683733463287353516e-01,-2.585060596466064453e-01,0.000000000000000000e+00
1.902791708707809448e-01,-1.610585898160934448e-01,-1.375963091850280762e-01,6.450702548027038574e-01,-5.857905149459838867e-01,-4.906463027000427246e-01,0.000000000000000000e+00
1.547423750162124634e-01,2.306331247091293335e-01,1.152551472187042236e-01,3.862729966640472412e-01,8.718770742416381836e-01,3.010373711585998535e-01,0.000000000000000000e+00
-2.480670623481273651e-02,1.531351804733276367e-01,2.599551975727081299e-01,-9.450854361057281494e-02,4.933408796787261963e-01,8.646866083145141602e-01,0.000000000000000000e+00
3.342651948332786560e-02,-2.370337396860122681e-01,-1.538760811090469360e-01,1.199387162923812866e-01,-8.156443834304809570e-01,-5.659849643707275391e-01,0.000000000000000000e+00
-1.214652210474014282e-01,2.274034917354583740e-01,1.565765738487243652e-01,-4.412534534931182861e-01,8.148652911186218262e-01,3.758856058120727539e-01,0.000000000000000000e+00
-2.454949468374252319e-01,8.615893311798572540e-03,1.603396236896514893e-01,-8.292188644409179688e-01,-3.314836323261260986e-02,5.579401850700378418e-01,0.000000000000000000e+00
-2.772753536701202393e-01,5.153753980994224548e-02,7.724209874868392944e-02,-9.552471637725830078e-01,1.520193219184875488e-01,2.537578046321868896e-01,0.000000000000000000e+00
1.054067350924015045e-02,-1.410516211763024330e-03,-2.717582881450653076e-01,-1.715744100511074066e-02,9.264285117387771606e-02,-9.955515861511230469e-01,0.000000000000000000e+00
3.370255231857299805e-02,-1.914301365613937378e-01,-2.074812650680541992e-01,7.873594015836715698e-02,-6.630224585533142090e-01,-7.444474101066589355e-01,0.000000000000000000e+00
2.467048466205596924e-01,1.587545424699783325e-01,7.466914504766464233e-02,8.515165448188781738e-01,4.652711451053619385e-01,2.417483925819396973e-01,0.000000000000000000e+00
-2.711540460586547852e-01,-6.564682815223932266e-03,-7.151922583580017090e-02,-9.495610594749450684e-01,4.595254734158515930e-02,-3.101969063282012939e-01,0.000000000000000000e+00
-3.827295452356338501e-02,-2.728187441825866699e-01,1.111965253949165344e-01,-1.930208057165145874e-01,-8.687052726745605469e-01,4.561733007431030273e-01,0.000000000000000000e+00
-1.772367507219314575e-01,1.242207661271095276e-01,-1.691763550043106079e-01,-5.787954926490783691e-01,4.466089010238647461e-01,-6.823021769523620605e-01,0.000000000000000000e+00
-1.883893758058547974e-01,-2.181233912706375122e-01,1.184858288615942001e-02,-6.632484197616577148e-01,-7.483227252960205078e-01,-1.070793252438306808e-02,0.000000000000000000e+00
-8.876582235097885132e-02,3.504144772887229919e-02,-2.543301582336425781e-01,-3.061176538467407227e-01,2.120138406753540039e-01,-9.280852079391479492e-01,0.000000000000000000e+00
-1.763200908899307251e-01,2.194052636623382568e-01,1.055967286229133606e-01,-6.035281419754028320e-01,7.343586683273315430e-01,3.105979561805725098e-01,0.000000000000000000e+00
1.553912274539470673e-02,6.037215888500213623e-02,-2.601700425148010254e-01,3.390813991427421570e-02,2.752793133258819580e-01,-9.607661366462707520e-01,0.000000000000000000e+00
-1.327095329761505127e-01,2.624669969081878662e-01,-1.526986248791217804e-03,-3.026510775089263916e-01,9.528432488441467285e-01,-2.218226343393325806e-02,0.000000000000000000e+00
1.152905970811843872e-01,2.119998782873153687e-01,1.844779402017593384e-01,3.043238222599029541e-01,7.549405097961425781e-01,5.809060335159301758e-01,0.000000000000000000e+00
2.360522560775279999e-02,1.629958748817443848e-01,-2.234051674604415894e-01,-3.560016304254531860e-02,5.242994427680969238e-01,-8.507894277572631836e-01,0.000000000000000000e+00
-2.589603960514068604e-01,-1.182795241475105286e-01,6.073769181966781616e-02,-8.595262169837951660e-01,-4.331583976745605469e-01,2.712720334529876709e-01,0.000000000000000000e+00
9.277013689279556274e-02,2.666312158107757568e-01,-3.563246876001358032e-02,4.974997788667678833e-02,9.982814192771911621e-01,-3.097007609903812408e-02,0.000000000000000000e+00
2.436422854661941528e-01,-1.243339553475379944e-01,-9.767328947782516479e-02,8.067477941513061523e-01,-4.073716402053833008e-01,-4.280261397361755371e-01,0.000000000000000000e+00
2.389637380838394165e-01,-6.717880070209503174e-02,1.643410474061965942e-01,8.283154964447021484e-01,-2.570965886116027832e-01,4.977898895740509033e-01,0.000000000000000000e+00
-1.788154989480972290e-01,1.454045027494430542e-01,1.875555515289306641e-01,-6.149664521217346191e-01,4.791353344917297363e-01,6.262951493263244629e-01,0.000000000000000000e+00
-1.966657489538192749e-01,1.334366351366043091e-01,1.779137998819351196e-01,-6.952635645866394043e-01,3.882742226123809814e-01,6.048567891120910645e-01,0.000000000000000000e+00
1.670286655426025391e-01,-2.420425862073898315e-01,1.371783670037984848e-03,5.174173116683959961e-01,-8.517027497291564941e-01,-8.295632153749465942e-02,0.000000000000000000e+00
-6.825133413076400757e-02,-1.237509697675704956e-01,-2.427876144647598267e-01,-2.922595441341400146e-01,-4.206893444061279297e-01,-8.588392138481140137e-01,0.000000000000000000e+00
-1.170594766736030579e-01,2.431775629520416260e-01,1.335375308990478516e-01,-4.112558066844940186e-01,8.379746079444885254e-01,3.587020635604858398e-01,0.000000000000000000e+00
-5.193126574158668518e-02,-2.051535695791244507e-01,2.052926570177078247e-01,-1.755332350730895996e-01,-6.794166564941406250e-01,7.124472260475158691e-01,0.000000000000000000e+00
3.783759847283363342e-02,2.034680992364883423e-01,-1.900785863399505615e-01,7.779093086719512939e-02,6.521047353744506836e-01,-7.541272640228271484e-01,0.000000000000000000e+00
-8.935166150331497192e-02,-2.816890776157379150e-01,-1.630632206797599792e-02,-4.066057801246643066e-01,-9.084270000457763672e-01,-9.711924940347671509e-02,0.000000000000000000e+00
2.508953809738159180e-01,1.219532564282417297e-01,-8.926322311162948608e-02,8.121572732925415039e-01,4.457194805145263672e-01,-3.764766454696655273e-01,0.000000000000000000e+00
-2.632444500923156738e-01,7.046417146921157837e-02,-6.493403762578964233e-02,-9.211379885673522949e-01,2.690328061580657959e-01,-2.812936604022979736e-01,0.000000000000000000e+00
-2.114215493202209473e-01,7.999075949192047119e-02,-1.572220325469970703e-01,-7.334914207458496094e-01,3.048417568206787109e-01,-6.075046062469482422e-01,0.000000000000000000e+00
-1.051331013441085815e-01,-1.703885048627853394e-01,2.182238698005676270e-01,-3.188076019287109375e-01,-5.608847737312316895e-01,7.640483975410461426e-01,0.000000000000000000e+00
-7.990178465843200684e-02,-2.759396731853485107e-01,7.703530043363571167e-02,-3.396635055541992188e-01,-8.867917656898498535e-01,3.134151697158813477e-01,0.000000000000000000e+00
-5.645515397191047668e-03,-9.311325103044509888e-02,-2.621378004550933838e-01,-5.565702915191650391e-02,-2.667005956172943115e-01,-9.621710181236267090e-01,0.000000000000000000e+00
-7.084722071886062622e-02,2.290533334016799927e-01,-1.501148492097854614e-01,-2.717953324317932129e-01,7.600618600845336914e-01,-5.902823805809020996e-01,0.000000000000000000e+00
-1.898802369832992554e-01,2.168663442134857178e-01,8.339641988277435303e-02,-6.539604067802429199e-01,6.865549087524414062e-01,3.177706003189086914e-01,0.000000000000000000e+00
4.214482381939888000e-02,-4.638969525694847107e-02,2.925667762756347656e-01,1.896365433931350708e-01,-2.234554737806320190e-01,9.560887217521667480e-01,0.000000000000000000e+00
-1.701409071683883667e-01,1.820382922887802124e-01,-1.290515065193176270e-01,-6.281734704971313477e-01,5.298444032669067383e-01,-5.697920322418212891e-01,0.000000000000000000e+00
-1.238670125603675842e-01,2.561956048011779785e-01,8.941707760095596313e-02,-3.196297585964202881e-01,9.108598232269287109e-01,2.610961496829986572e-01,0.000000000000000000e+00
-2.507641017436981201e-01,-1.397639811038970947e-01,-4.290694487281143665e-04,-7.916769981384277344e-01,-5.982167720794677734e-01,-1.240329742431640625e-01,0.000000000000000000e+00
-2.899025976657867432e-01,-1.765891909599304199e-02,3.086430020630359650e-02,-9.999651908874511719e-01,-6.196193397045135498e-03,-5.592071916908025742e-03,0.000000000000000000e+00
6.505647301673889160e-02,-1.157298311591148376e-01,-2.474643886089324951e-01,2.066226899623870850e-01,-3.787469267845153809e-01,-9.021406769752502441e-01,0.000000000000000000e+00
5.866253003478050232e-02,1.492111682891845703e-01,-2.270879149436950684e-01,2.326037585735321045e-01,4.702115654945373535e-01,-8.513498306274414062e-01,0.000000000000000000e+00
1.173689514398574829e-01,-1.955602616071701050e-01,-1.699635237455368042e-01,4.116594493389129639e-01,-7.138934135437011719e-01,-5.664739608764648438e-01,0.000000000000000000e+00
-1.701142191886901855e-01,-8.434922248125076294e-02,-2.020092159509658813e-01,-5.684492588043212891e-01,-2.533836662769317627e-01,-7.827273607254028320e-01,0.000000000000000000e+00
7.845557481050491333e-02,-2.842441201210021973e-01,3.414446860551834106e-02,2.793166637420654297e-01,-9.591649174690246582e-01,4.455151036381721497e-02,0.000000000000000000e+00
2.408457696437835693e-01,-1.585412621498107910e-01,-3.742441162467002869e-02,7.460834383964538574e-01,-6.294228434562683105e-01,-2.172243148088455200e-01,0.000000000000000000e+00
2.405848205089569092e-01,1.762449294328689575e-01,4.706138744950294495e-02,7.798739075660705566e-01,6.131392717361450195e-01,1.259241402149200439e-01,0.000000000000000000e+00
-1.189683601260185242e-01,-1.858584880828857422e-01,-1.701740473508834839e-01,-4.733310639858245850e-01,-6.522442102432250977e-01,-5.920600891113281250e-01,0.000000000000000000e+00
2.221987694501876831e-01,-6.601031869649887085e-02,1.868715584278106689e-01,7.428627610206604004e-01,-3.304021358489990234e-01,5.822278857231140137e-01,0.000000000000000000e+00
2.776518166065216064e-01,-1.052777767181396484e-01,1.505641918629407883e-02,8.515402674674987793e-01,-5.232757925987243652e-01,-3.258286044001579285e-02,0.000000000000000000e+00
-8.407261967658996582e-02,1.143034733831882477e-02,2.852133214473724365e-01,-3.743320107460021973e-01,-2.654416020959615707e-03,9.272909164428710938e-01,0.000000000000000000e+00
-5.436753481626510620e-02,1.670372188091278076e-01,2.457445114850997925e-01,-2.574449777603149414e-01,5.413297414779663086e-01,8.004274964332580566e-01,0.000000000000000000e+00
2.415787875652313232e-01,-2.361150644719600677e-02,1.757367253303527832e-01,8.316311836242675781e-01,-8.792295306921005249e-02,5.483239293098449707e-01,0.000000000000000000e+00
-6.652029603719711304e-02,1.731494814157485962e-01,-2.016924321651458740e-01,-2.756739258766174316e-01,5.348119139671325684e-01,-7.987365722656250000e-01,0.000000000000000000e+00
-6.699360907077789307e-02,1.068408787250518799e-01,2.728776335716247559e-01,-2.489325851202011108e-01,3.044049441814422607e-01,9.194401502609252930e-01,0.000000000000000000e+00
5.766643583774566650e-02,-2.803077995777130127e-01,-4.447815567255020142e-02,2.959910333156585693e-01,-9.196502566337585449e-01,-2.581331133842468262e-01,0.000000000000000000e+00
2.334200590848922729e-01,1.860443055629730225e-01,-1.854506880044937134e-02,7.300911545753479004e-01,6.725671887397766113e-01,-1.209145933389663696e-01,0.000000000000000000e+00
1.509465426206588745e-01,-2.114652097225189209e-01,-1.168459579348564148e-01,5.069013237953186035e-01,-7.377765774726867676e-01,-4.457990229129791260e-01,0.000000000000000000e+00
2.948847115039825439e-01,-3.646924346685409546e-02,3.354764357209205627e-02,9.886921644210815430e-01,-1.166246831417083740e-01,9.426789730787277222e-02,0.000000000000000000e+00
-2.312265932559967041e-01,-1.561192870140075684e-01,8.976455032825469971e-02,-8.243818879127502441e-01,-5.016484856605529785e-01,2.621893286705017090e-01,0.000000000000000000e+00
1.736664026975631714e-01,-1.060012634843587875e-02,-2.173541784286499023e-01,5.390765070915222168e-01,-5.103392153978347778e-02,-8.407092690467834473e-01,0.000000000000000000e+00
6.530330330133438110e-02,-5.903803557157516479e-02,-2.636558711528778076e-01,1.811832487583160400e-01,-1.817677319049835205e-01,-9.665056467056274414e-01,0.000000000000000000e+00
-2.408849000930786133e-01,4.422404617071151733e-02,1.633098423480987549e-01,-8.234949111938476562e-01,8.869382739067077637e-02,5.603476762771606445e-01,0.000000000000000000e+00
-6.712725013494491577e-02,2.178936004638671875e-01,2.000454068183898926e-01,-2.486461102962493896e-01,7.060166001319885254e-01,6.631105542182922363e-01,0.000000000000000000e+00
2.541234195232391357e-01,-1.128154620528221130e-01,9.712657332420349121e-02,8.361308574676513672e-01,-4.299310147762298584e-01,3.406531214714050293e-01,0.000000000000000000e+00
1.319705098867416382e-01,5.542092397809028625e-02,2.674240767955780029e-01,4.311067461967468262e-01,1.537547409534454346e-01,8.891043066978454590e-01,0.000000000000000000e+00
2.375717014074325562e-01,-8.104909956455230713e-02,1.582516431808471680e-01,8.063631057739257812e-01,-3.093535900115966797e-01,5.040624141693115234e-01,0.000000000000000000e+00
2.365795224905014038e-01,-9.338876605033874512e-02,-1.357444226741790771e-01,7.685464024543762207e-01,-3.139325976371765137e-01,-5.574789047241210938e-01,0.000000000000000000e+00
1.913099288940429688e-01,2.157842069864273071e-01,-6.692050397396087646e-02,6.144862771034240723e-01,7.428883314132690430e-01,-2.655627131462097168e-01,0.000000000000000000e+00
-2.637382149696350098e-01,-7.867716252803802490e-02,9.620008617639541626e-02,-9.024138450622558594e-01,-2.854582667350769043e-01,3.227427303791046143e-01,0.000000000000000000e+00
-1.852261573076248169e-01,2.307756394147872925e-01,1.700341701507568359e-02,-6.611686944961547852e-01,7.494893670082092285e-01,-3.349018096923828125e-02,0.000000000000000000e+00
1.995829045772552490e-01,-2.057604491710662842e-01,7.423288375139236450e-02,7.157430052757263184e-01,-6.556948423385620117e-01,2.403668910264968872e-01,0.000000000000000000e+00
2.245374172925949097e-01,1.963756829500198364e-01,4.663931950926780701e-02,7.504841089248657227e-01,6.333640813827514648e-01,1.887418776750564575e-01,0.000000000000000000e+00
-2.803377509117126465e-01,7.467511110007762909e-03,8.525380492210388184e-02,-9.527925848960876465e-01,2.420224994421005249e-02,3.026557266712188721e-01,0.000000000000000000e+00
-7.671663910150527954e-02,2.692898809909820557e-01,3.898436203598976135e-02,8.193620294332504272e-02,9.884932041168212891e-01,1.271520107984542847e-01,0.000000000000000000e+00
1.235923096537590027e-01,1.013553366065025330e-01,-2.282816171646118164e-01,3.876216113567352295e-01,3.269813954830169678e-01,-8.618773818016052246e-01,0.000000000000000000e+00
-1.878604441881179810e-01,2.024580985307693481e-01,-7.596258074045181274e-02,-6.701360344886779785e-01,6.253691911697387695e-01,-3.997887670993804932e-01,0.000000000000000000e+00
-9.218349307775497437e-02,8.791716396808624268e-02,2.701091170310974121e-01,-3.445826470851898193e-01,2.659566700458526611e-01,9.002943038940429688e-01,0.000000000000000000e+00
-1.148403510451316833e-01,-2.629643678665161133e-01,6.994226574897766113e-02,-4.259562492370605469e-01,-8.770502805709838867e-01,2.221352010965347290e-01,0.000000000000000000e+00
1.060582920908927917e-01,-2.112761884927749634e-01,-1.577744036912918091e-01,4.112654328346252441e-01,-7.303161621093750000e-01,-5.454347133636474609e-01,0.000000000000000000e+00
2.781731188297271729e-01,9.657786786556243896e-02,-3.952927514910697937e-02,9.362234473228454590e-01,2.788120508193969727e-01,-2.138913720846176147e-01,0.000000000000000000e+00
9.897740930318832397e-02,-8.556854724884033203e-02,2.632613778114318848e-01,3.010791838169097900e-01,-3.417389988899230957e-01,8.902616500854492188e-01,0.000000000000000000e+00
-2.186993658542633057e-01,-1.557451486587524414e-01,-8.761741966009140015e-02,-7.646513581275939941e-01,-5.399349331855773926e-01,-3.518216907978057861e-01,0.000000000000000000e+00
-1.084169149398803711e-01,1.619777828454971313e-02,-2.500281929969787598e-01,-4.242355823516845703e-01,1.122456789016723633e-01,-8.985683321952819824e-01,0.000000000000000000e+00
-9.420978836715221405e-03,5.988956242799758911e-02,2.963167428970336914e-01,-1.123355980962514877e-02,2.321431785821914673e-01,9.726167321205139160e-01,0.000000000000000000e+00
2.963366806507110596e-01,3.704462945461273193e-02,-5.892236251384019852e-03,9.892479777336120605e-01,1.134870648384094238e-01,-9.224493056535720825e-02,0.000000000000000000e+00
1.730098277330398560e-01,-4.556035995483398438e-02,2.438928931951522827e-01,4.647124707698822021e-01,-2.134571373462677002e-01,8.593476414680480957e-01,0.000000000000000000e+00
1.533780246973037720e-01,-1.320179998874664307e-01,2.126798480749130249e-01,4.794925749301910400e-01,-4.677630066871643066e-01,7.424854636192321777e-01,0.000000000000000000e+00
-1.601306349039077759e-01,3.073143586516380310e-02,2.441587895154953003e-01,-5.058696866035461426e-01,1.532005816698074341e-01,8.488966226577758789e-01,0.000000000000000000e+00
1.053040623664855957e-01,-2.739940881729125977e-01,2.893392741680145264e-02,4.126423597335815430e-01,-9.106059670448303223e-01,2.287007309496402740e-02,0.000000000000000000e+00
-2.264173179864883423e-01,-1.621156930923461914e-01,9.230786561965942383e-02,-8.005923032760620117e-01,-5.375697016716003418e-01,2.647088766098022461e-01,0.000000000000000000e+00
7.777958363294601440e-02,1.095070019364356995e-01,2.715202271938323975e-01,1.976491659879684448e-01,3.933540582656860352e-01,8.978905081748962402e-01,0.000000000000000000e+00
8.398134261369705200e-03,-2.652740776538848877e-01,1.333405822515487671e-01,-1.952626928687095642e-02,-8.698387145996093750e-01,4.929496645927429199e-01,0.000000000000000000e+00
-2.489971220493316650e-01,-5.230036564171314240e-03,-1.233939528465270996e-01,-8.910617232322692871e-01,4.230730608105659485e-02,-4.519061148166656494e-01,0.000000000000000000e+00
1.399813890457153320e-01,2.307465523481369019e-01,-1.087986901402473450e-01,4.030509293079376221e-01,8.178015351295471191e-01,-4.107926189899444580e-01,0.000000000000000000e+00
-1.846285015344619751e-01,1.844443678855895996e-01,-1.068864017724990845e-01,-6.723526120185852051e-01,5.664511322975158691e-01,-4.765239655971527100e-01,0.000000000000000000e+00
2.715011835098266602e-01,1.268260776996612549e-01,1.033195760101079941e-02,9.350324869155883789e-01,3.533862829208374023e-01,2.885082736611366272e-02,0.000000000000000000e+00
1.299407482147216797e-01,-2.470519691705703735e-01,-5.883574113249778748e-02,4.046784937381744385e-01,-8.590906262397766113e-01,-3.133665323257446289e-01,0.000000000000000000e+00
-1.519489586353302002e-01,2.348459362983703613e-01,1.118231862783432007e-01,-5.336056351661682129e-01,7.606228590011596680e-01,3.697537779808044434e-01,0.000000000000000000e+00
2.214324325323104858e-01,1.791498661041259766e-01,-8.101388812065124512e-02,7.334904670715332031e-01,5.741841197013854980e-01,-3.637365996837615967e-01,0.000000000000000000e+00
-6.590681523084640503e-02,-1.091430857777595520e-01,2.659450471401214600e-01,-1.817239224910736084e-01,-4.204284846782684326e-01,8.889411091804504395e-01,0.000000000000000000e+00
-1.180039569735527039e-01,-7.695463299751281738e-02,2.612122595310211182e-01,-3.918203711509704590e-01,-2.781623303890228271e-01,8.769848942756652832e-01,0.000000000000000000e+00
-2.333774566650390625e-01,4.772841557860374451e-02,1.730898916721343994e-01,-7.836368083953857422e-01,1.202897951006889343e-01,6.094618439674377441e-01,0.000000000000000000e+00
-1.638085544109344482e-01,2.236918658018112183e-01,1.172533035278320312e-01,-5.863623619079589844e-01,7.345879077911376953e-01,3.414084911346435547e-01,0.000000000000000000e+00
-1.753703504800796509e-01,-1.551513075828552246e-01,1.830743551254272461e-01,-5.647065043449401855e-01,-5.159010887145996094e-01,6.441681981086730957e-01,0.000000000000000000e+00
-1.669217497110366821e-01,4.061795398592948914e-02,-2.136564105749130249e-01,-5.823424458503723145e-01,1.693144440650939941e-01,-7.951163053512573242e-01,0.000000000000000000e+00
-1.250799000263214111e-01,-1.033285409212112427e-01,-2.272557616233825684e-01,-5.137887597084045410e-01,-3.513979315757751465e-01,-7.826497554779052734e-01,0.000000000000000000e+00
-1.698877364397048950e-01,-2.341155260801315308e-01,1.795165985822677612e-02,-6.249411106109619141e-01,-7.804149985313415527e-01,2.002641372382640839e-02,0.000000000000000000e+00
-2.387367784976959229e-01,-1.120475083589553833e-01,1.285432428121566772e-01,-8.666827678680419922e-01,-3.150139153003692627e-01,3.868167996406555176e-01,0.000000000000000000e+00
4.949676222167909145e-04,-7.055272161960601807e-02,-2.682498395442962646e-01,-2.944441745057702065e-03,-1.929734796285629272e-01,-9.811995625495910645e-01,0.000000000000000000e+00
8.256164938211441040e-02,-2.476581782102584839e-01,-1.094808205962181091e-01,3.391744196414947510e-01,-8.689983487129211426e-01,-3.602812886238098145e-01,0.000000000000000000e+00
1.193858385086059570e-01,-1.119771413505077362e-02,2.760957777500152588e-01,3.832335472106933594e-01,-1.462327390909194946e-01,9.120022058486938477e-01,0.000000000000000000e+00
-1.266128420829772949e-01,1.780511587858200073e-01,2.061527073383331299e-01,-4.314572811126708984e-01,5.668939352035522461e-01,7.017662525177001953e-01,0.000000000000000000e+00
-1.907274723052978516e-01,2.040005922317504883e-01,-6.741955876350402832e-02,-7.089398503303527832e-01,6.352338790893554688e-01,-3.064020574092864990e-01,0.000000000000000000e+00
6.499074399471282959e-02,-1.842831671237945557e-01,2.179085016250610352e-01,2.278724014759063721e-01,-5.720029473304748535e-01,7.879636883735656738e-01,0.000000000000000000e+00
1.293812543153762817e-01,-1.573456376791000366e-01,2.096968442201614380e-01,4.586730003356933594e-01,-4.727820754051208496e-01,7.523936033248901367e-01,0.000000000000000000e+00
-2.206558883190155029e-01,-1.082886457443237305e-01,-1.355527043342590332e-01,-7.944551706314086914e-01,-3.930205106735229492e-01,-4.630073904991149902e-01,0.000000000000000000e+00
-1.834097132086753845e-02,-2.433156669139862061e-01,-1.469196528196334839e-01,-6.792479008436203003e-02,-8.280119299888610840e-01,-5.565810203552246094e-01,0.000000000000000000e+00
-1.228408329188823700e-02,5.362010002136230469e-02,2.976475358009338379e-01,-5.358637496829032898e-02,1.929880976676940918e-01,9.797367453575134277e-01,0.000000000000000000e+00
4.694606736302375793e-02,2.531237304210662842e-01,1.686039380729198456e-02,2.131685018539428711e-01,9.747670888900756836e-01,6.624424457550048828e-02,0.000000000000000000e+00
-1.397031694650650024e-01,-1.599143147468566895e-01,-1.797926127910614014e-01,-4.821878373622894287e-01,-5.859737992286682129e-01,-6.512523293495178223e-01,0.000000000000000000e+00
-2.812865972518920898e-01,5.640841275453567505e-02,2.250475436449050903e-02,-9.709280729293823242e-01,2.380801290273666382e-01,-2.483113482594490051e-02,0.000000000000000000e+00
-2.824728190898895264e-01,1.626790617592632771e-03,-3.041123785078525543e-02,-9.792614579200744629e-01,-2.901848033070564270e-02,-2.005115151405334473e-01,0.000000000000000000e+00
-5.476791784167289734e-02,-1.117988675832748413e-01,2.667914032936096191e-01,-2.214177846908569336e-01,-3.849304020404815674e-01,8.959925770759582520e-01,0.000000000000000000e+00
2.198669463396072388e-01,1.076907217502593994e-01,1.771427989006042480e-01,7.528662681579589844e-01,3.651421964168548584e-01,5.475980043411254883e-01,0.000000000000000000e+00
1.709778755903244019e-01,1.414048019796609879e-02,-2.192612439393997192e-01,5.430787801742553711e-01,2.577338367700576782e-02,-8.392860889434814453e-01,0.000000000000000000e+00
-1.082732081413269043e-01,-2.637952864170074463e-01,-5.397155135869979858e-02,-4.238421618938446045e-01,-8.586918115615844727e-01,-2.881079614162445068e-01,0.000000000000000000e+00
1.202743723988533020e-01,-1.748979091644287109e-01,2.029350697994232178e-01,3.842779397964477539e-01,-5.426079034805297852e-01,7.469317913055419922e-01,0.000000000000000000e+00
2.543331682682037354e-01,-1.453508138656616211e-01,4.141065478324890137e-02,8.641943931579589844e-01,-4.696393907070159912e-01,1.805736571550369263e-01,0.000000000000000000e+00
-1.764184534549713135e-01,3.109778836369514465e-02,-2.080738991498947144e-01,-5.815271139144897461e-01,6.836827844381332397e-02,-8.106490969657897949e-01,0.000000000000000000e+00
1.763465404510498047e-01,2.320502102375030518e-01,7.565741240978240967e-02,5.083588957786560059e-01,8.264605402946472168e-01,2.419384121894836426e-01,0.000000000000000000e+00
1.296418905258178711e-01,2.518842816352844238e-01,6.562085449695587158e-02,1.701586097478866577e-01,9.662666320800781250e-01,1.933258473873138428e-01,0.000000000000000000e+00
2.470486909151077271e-01,-9.417621791362762451e-02,1.326769888401031494e-01,8.564740419387817383e-01,-3.451457619667053223e-01,3.838314712047576904e-01,0.000000000000000000e+00
4.754788428544998169e-02,-2.363445907831192017e-01,-1.507569253444671631e-01,1.637572050094604492e-01,-8.206146359443664551e-01,-5.475172996520996094e-01,0.000000000000000000e+00
2.514266371726989746e-01,1.547148525714874268e-01,6.496510654687881470e-02,8.578506112098693848e-01,4.720558226108551025e-01,2.031147032976150513e-01,0.000000000000000000e+00
1.240176633000373840e-01,1.020690426230430603e-01,2.571605443954467773e-01,3.956700265407562256e-01,3.110440075397491455e-01,8.641162514686584473e-01,0.000000000000000000e+00
-1.833689957857131958e-01,1.806688308715820312e-01,-1.143030524253845215e-01,-6.785783767700195312e-01,6.021999716758728027e-01,-4.205788075923919678e-01,0.000000000000000000e+00
2.151712924242019653e-01,1.138238906860351562e-01,-1.515385061502456665e-01,7.336128950119018555e-01,3.022719025611877441e-01,-6.086409091949462891e-01,0.000000000000000000e+00
-2.773844599723815918e-01,-8.328756690025329590e-02,4.025632515549659729e-02,-9.577155113220214844e-01,-2.619138956069946289e-01,1.190886572003364563e-01,0.000000000000000000e+00
2.488259077072143555e-01,-1.386554390192031860e-01,-6.155565753579139709e-02,7.860484719276428223e-01,-5.566574335098266602e-01,-2.688127756118774414e-01,0.000000000000000000e+00
-1.575397513806819916e-02,2.629801332950592041e-01,-1.053289696574211121e-01,-3.519472852349281311e-02,9.496334195137023926e-01,-3.113803267478942871e-01,0.000000000000000000e+00
-6.918928120285272598e-03,-2.949218153953552246e-01,-2.384204231202602386e-02,-1.339748650789260864e-01,-9.874727725982666016e-01,8.335610479116439819e-02,0.000000000000000000e+00
-2.176074981689453125e-01,-1.607174426317214966e-01,-8.275279402732849121e-02,-7.548839449882507324e-01,-5.188678503036499023e-01,-4.011563062667846680e-01,0.000000000000000000e+00
-1.108539626002311707e-01,2.163580805063247681e-01,1.808682233095169067e-01,-3.754364550113677979e-01,6.655758619308471680e-01,6.450242400169372559e-01,0.000000000000000000e+00
-1.176880523562431335e-01,-1.513682957738637924e-02,2.702035009860992432e-01,-4.428423941135406494e-01,-6.828062981367111206e-02,8.939957618713378906e-01,0.000000000000000000e+00
2.530148029327392578e-01,4.290109872817993164e-02,1.537408828735351562e-01,8.698797821998596191e-01,1.046305298805236816e-01,4.820390641689300537e-01,0.000000000000000000e+00
2.965373396873474121e-01,-3.683685790747404099e-03,-8.075674995779991150e-03,9.985101222991943359e-01,-1.542525365948677063e-03,-5.454551056027412415e-02,0.000000000000000000e+00
7.610900700092315674e-02,2.434965372085571289e-01,-1.307597458362579346e-01,2.009865641593933105e-01,8.380179405212402344e-01,-5.072773694992065430e-01,0.000000000000000000e+00
-1.727773547172546387e-01,1.600181907415390015e-01,1.825469136238098145e-01,-6.121053099632263184e-01,4.630371630191802979e-01,6.410332918167114258e-01,0.000000000000000000e+00
1.688364148139953613e-01,-1.445060521364212036e-01,-1.766964048147201538e-01,5.687167644500732422e-01,-5.186462402343750000e-01,-6.384099721908569336e-01,0.000000000000000000e+00
-4.602921754121780396e-02,-2.525761723518371582e-01,-1.253985315561294556e-01,-2.107592672109603882e-01,-8.270907402038574219e-01,-5.210580229759216309e-01,0.000000000000000000e+00
-1.299909353256225586e-01,2.544727623462677002e-01,8.793060481548309326e-02,-3.196297585964202881e-01,9.108598232269287109e-01,2.610961496829986572e-01,0.000000000000000000e+00
-3.529163450002670288e-02,1.680535972118377686e-01,-2.138160318136215210e-01,-2.059358656406402588e-01,5.427197813987731934e-01,-8.142761588096618652e-01,0.000000000000000000e+00
9.716460853815078735e-02,-2.312663793563842773e-01,1.556789875030517578e-01,2.995389997959136963e-01,-7.560299634933471680e-01,5.819751620292663574e-01,0.000000000000000000e+00
1.568357460200786591e-02,2.585197091102600098e-01,-2.043850719928741455e-02,2.875918447971343994e-01,9.035091996192932129e-01,3.177452087402343750e-01,0.000000000000000000e+00
1.524334251880645752e-01,1.071974858641624451e-01,2.384629845619201660e-01,5.107478499412536621e-01,3.954300582408905029e-01,7.633948326110839844e-01,0.000000000000000000e+00
-2.393299154937267303e-02,7.215131074190139771e-02,-2.561972737312316895e-01,-8.205811679363250732e-02,3.134553134441375732e-01,-9.460508823394775391e-01,0.000000000000000000e+00
1.762473285198211670e-01,6.796538084745407104e-02,2.379703670740127563e-01,6.072807908058166504e-01,2.463201135396957397e-01,7.553386092185974121e-01,0.000000000000000000e+00
1.386364400386810303e-01,-2.187446802854537964e-01,1.418113857507705688e-01,5.339882373809814453e-01,-6.961225271224975586e-01,4.798645675182342529e-01,0.000000000000000000e+00
-1.431071609258651733e-01,-1.221367344260215759e-01,-2.053889036178588867e-01,-4.831795990467071533e-01,-4.854922890663146973e-01,-7.285840511322021484e-01,0.000000000000000000e+00
2.286569476127624512e-01,-1.322695761919021606e-01,1.278162449598312378e-01,7.668951749801635742e-01,-5.262988209724426270e-01,3.672619462013244629e-01,0.000000000000000000e+00
-2.078422009944915771e-01,2.087695002555847168e-01,8.684468455612659454e-03,-7.228572964668273926e-01,6.707674264907836914e-01,-1.659770905971527100e-01,0.000000000000000000e+00
2.435481101274490356e-01,1.634095162153244019e-01,-5.429903790354728699e-02,7.980743646621704102e-01,5.384613871574401855e-01,-2.704378366470336914e-01,0.000000000000000000e+00
1.405505239963531494e-01,2.506348490715026855e-01,-5.871936306357383728e-02,3.885060846805572510e-01,8.954245448112487793e-01,-2.174348235130310059e-01,0.000000000000000000e+00
5.471274256706237793e-02,-1.147779226303100586e-01,-2.502239942550659180e-01,1.748419851064682007e-01,-3.234300613403320312e-01,-9.299587607383728027e-01,0.000000000000000000e+00
-3.465586155652999878e-02,2.040179818868637085e-01,2.216425985097885132e-01,-6.317310780286788940e-02,6.973583102226257324e-01,7.139331698417663574e-01,0.000000000000000000e+00
2.260199785232543945e-01,-1.679110378026962280e-01,-6.258121877908706665e-02,7.471638917922973633e-01,-6.083765029907226562e-01,-2.676268815994262695e-01,0.000000000000000000e+00
-2.467973902821540833e-02,9.517865255475044250e-03,3.000722825527191162e-01,-1.215529590845108032e-01,1.824089512228965759e-02,9.924173355102539062e-01,0.000000000000000000e+00
1.356239616870880127e-01,1.558002531528472900e-01,2.188805639743804932e-01,4.992456436157226562e-01,4.837400317192077637e-01,7.188528180122375488e-01,0.000000000000000000e+00
3.782720491290092468e-02,-1.818511933088302612e-01,-2.148245871067047119e-01,1.152994781732559204e-01,-6.057698726654052734e-01,-7.872413396835327148e-01,0.000000000000000000e+00
-2.666785120964050293e-01,-1.003788784146308899e-01,-3.164101764559745789e-02,-9.010390639305114746e-01,-3.545641005039215088e-01,-2.498257607221603394e-01,0.000000000000000000e+00
-1.924748122692108154e-01,-2.057559043169021606e-01,-4.732782021164894104e-02,-6.411235332489013672e-01,-7.356160283088684082e-01,-2.186999022960662842e-01,0.000000000000000000e+00
1.744207292795181274e-01,-2.147206515073776245e-01,-7.565716654062271118e-02,6.316962242126464844e-01,-6.903670430183410645e-01,-3.526375293731689453e-01,0.000000000000000000e+00
-1.761007308959960938e-02,7.599485106766223907e-03,-2.704836726188659668e-01,-1.263134647160768509e-02,1.058506444096565247e-01,-9.943017959594726562e-01,0.000000000000000000e+00
1.201657801866531372e-01,-6.537920236587524414e-02,2.626230418682098389e-01,3.500011563301086426e-01,-2.917691767215728760e-01,8.901516199111938477e-01,0.000000000000000000e+00
-1.884939372539520264e-01,4.825213924050331116e-02,2.203969359397888184e-01,-6.645102500915527344e-01,1.387684196233749390e-01,7.342815995216369629e-01,0.000000000000000000e+00
-1.606842502951622009e-03,-5.105618759989738464e-02,-2.715890109539031982e-01,-8.509946055710315704e-03,-1.384015679359436035e-01,-9.903396368026733398e-01,0.000000000000000000e+00
2.656611204147338867e-01,5.625699460506439209e-02,1.236830279231071472e-01,9.087147116661071777e-01,1.346908658742904663e-01,3.950897455215454102e-01,0.000000000000000000e+00
8.674616925418376923e-03,-6.813999265432357788e-03,-2.723424434661865234e-01,4.391509108245372772e-03,1.199413985013961792e-01,-9.927712678909301758e-01,0.000000000000000000e+00
4.120528325438499451e-02,2.445998191833496094e-01,7.137174159288406372e-02,-1.085125282406806946e-01,9.935973882675170898e-01,-3.145233541727066040e-02,0.000000000000000000e+00
2.720594638958573341e-03,-1.512564369477331638e-03,-2.717282772064208984e-01,4.391509108245372772e-03,1.199413985013961792e-01,-9.927712678909301758e-01,0.000000000000000000e+00
-1.809042841196060181e-01,-2.248093783855438232e-01,1.452035736292600632e-02,-6.665936112403869629e-01,-7.453686594963073730e-01,-8.858310990035533905e-03,0.000000000000000000e+00
2.148873060941696167e-01,5.044852942228317261e-02,-1.748631000518798828e-01,6.927274465560913086e-01,1.136240735650062561e-01,-7.121925354003906250e-01,0.000000000000000000e+00
-8.230625092983245850e-02,-2.597153484821319580e-01,-9.203683584928512573e-02,-3.575561046600341797e-01,-8.248055577278137207e-01,-4.380061924457550049e-01,0.000000000000000000e+00
2.436415255069732666e-01,1.676578968763351440e-01,6.547570228576660156e-02,8.082849383354187012e-01,5.497552156448364258e-01,2.108192145824432373e-01,0.000000000000000000e+00
-1.700263172388076782e-01,-2.301149368286132812e-01,-2.609770186245441437e-02,-6.207143068313598633e-01,-7.751835584640502930e-01,-1.174910366535186768e-01,0.000000000000000000e+00
-2.674782276153564453e-01,7.641375809907913208e-02,9.344448894262313843e-02,-9.260798096656799316e-01,2.499912977218627930e-01,2.826313674449920654e-01,0.000000000000000000e+00
-1.445863544940948486e-01,2.060665190219879150e-01,1.656853705644607544e-01,-4.427893757820129395e-01,6.514663696289062500e-01,6.160593032836914062e-01,0.000000000000000000e+00
1.175130680203437805e-01,-6.361153721809387207e-02,-2.429071813821792603e-01,4.066130816936492920e-01,-2.229917645454406738e-01,-8.859686851501464844e-01,0.000000000000000000e+00
9.464807808399200439e-03,1.506991833448410034e-01,-2.295112907886505127e-01,-8.208359032869338989e-02,4.739449322223663330e-01,-8.767203092575073242e-01,0.000000000000000000e+00
-6.128133833408355713e-02,-2.656898200511932373e-01,1.142015457153320312e-01,-2.305361628532409668e-01,-8.653720617294311523e-01,4.449542462825775146e-01,0.000000000000000000e+00
1.877473443746566772e-01,3.139114007353782654e-02,-2.030402868986129761e-01,6.769454479217529297e-01,1.824102699756622314e-01,-7.130717635154724121e-01,0.000000000000000000e+00
2.094827741384506226e-01,2.134842574596405029e-01,6.102846004068851471e-03,6.611901521682739258e-01,7.490487098693847656e-01,-4.187574982643127441e-02,0.000000000000000000e+00
-2.632074952125549316e-01,-4.814380034804344177e-02,-8.323573321104049683e-02,-9.249569177627563477e-01,-1.314547806978225708e-01,-3.566151857376098633e-01,0.000000000000000000e+00
-1.116826459765434265e-01,4.274682328104972839e-02,2.709706723690032959e-01,-4.284652471542358398e-01,1.320971697568893433e-01,8.938500285148620605e-01,0.000000000000000000e+00
2.729817330837249756e-01,-1.050572022795677185e-01,4.710415378212928772e-02,8.943693041801452637e-01,-3.851966559886932373e-01,2.274358421564102173e-01,0.000000000000000000e+00
2.666699886322021484e-01,1.369989812374114990e-01,1.594874821603298187e-02,8.924834728240966797e-01,4.478705525398254395e-01,5.371381342411041260e-02,0.000000000000000000e+00
9.099841862916946411e-02,-2.781000137329101562e-01,4.951800778508186340e-02,3.622467219829559326e-01,-9.264401793479919434e-01,1.024004817008972168e-01,0.000000000000000000e+00
-2.179165035486221313e-01,1.907536089420318604e-01,-1.917432434856891632e-02,-7.713747620582580566e-01,5.934802293777465820e-01,-2.297002971172332764e-01,0.000000000000000000e+00
-2.192850559949874878e-01,-1.851047575473785400e-01,-5.683474708348512650e-03,-7.723663449287414551e-01,-6.319845318794250488e-01,-6.360610574483871460e-02,0.000000000000000000e+00
7.585438340902328491e-02,-2.244032472372055054e-01,1.758635193109512329e-01,2.773020863533020020e-01,-7.334067821502685547e-01,6.206593513488769531e-01,0.000000000000000000e+00
-2.446568310260772705e-01,5.214688181877136230e-02,1.559767872095108032e-01,-8.561097979545593262e-01,1.203367710113525391e-01,5.025883316993713379e-01,0.000000000000000000e+00
-2.548378705978393555e-01,1.336300671100616455e-01,7.891294546425342560e-03,-9.054812788963317871e-01,4.223855137825012207e-01,-4.115985706448554993e-02,0.000000000000000000e+00
1.071738526225090027e-01,9.233892709016799927e-02,-2.387013733386993408e-01,3.226847648620605469e-01,3.016499876976013184e-01,-8.971520662307739258e-01,0.000000000000000000e+00
1.260321438312530518e-01,-1.781054288148880005e-01,-1.805529743432998657e-01,5.205280780792236328e-01,-5.959171652793884277e-01,-6.115007996559143066e-01,0.000000000000000000e+00
-1.258442550897598267e-01,-7.083941996097564697e-02,-2.362830638885498047e-01,-5.057498216629028320e-01,-1.656119674444198608e-01,-8.466343879699707031e-01,0.000000000000000000e+00
1.284864395856857300e-01,-2.370297312736511230e-01,1.235751211643218994e-01,4.645091593265533447e-01,-7.691699862480163574e-01,4.388721883296966553e-01,0.000000000000000000e+00
2.506375610828399658e-01,-2.436733804643154144e-02,1.618559360504150391e-01,8.239019513130187988e-01,-1.245172992348670959e-01,5.528842210769653320e-01,0.000000000000000000e+00
-6.707034260034561157e-02,-2.792023718357086182e-01,8.018048107624053955e-02,-2.781320214271545410e-01,-8.945419192314147949e-01,3.499104082584381104e-01,0.000000000000000000e+00
1.654208749532699585e-01,1.859475523233413696e-01,1.748265475034713745e-01,4.641800522804260254e-01,5.705976486206054688e-01,6.774623394012451172e-01,0.000000000000000000e+00
-2.485263198614120483e-01,-1.327597498893737793e-01,-3.774062916636466980e-02,-8.372022509574890137e-01,-5.045110583305358887e-01,-2.110947519540786743e-01,0.000000000000000000e+00
2.575511932373046875e-01,-6.599313765764236450e-02,1.325779408216476440e-01,8.767231702804565430e-01,-2.296344935894012451e-01,4.226398468017578125e-01,0.000000000000000000e+00
-7.378064841032028198e-02,1.605307906866073608e-01,-2.072307318449020386e-01,-2.795057296752929688e-01,4.973425269126892090e-01,-8.212959170341491699e-01,0.000000000000000000e+00
-3.925324603915214539e-02,9.414269775152206421e-02,-2.480653971433639526e-01,-1.551565676927566528e-01,3.261721432209014893e-01,-9.324902892112731934e-01,0.000000000000000000e+00
2.168502807617187500e-01,-1.956633329391479492e-01,-4.856666550040245056e-03,7.371771335601806641e-01,-6.756970286369323730e-01,1.843997975811362267e-03,0.000000000000000000e+00
1.832841038703918457e-01,-4.635106027126312256e-02,2.360824495553970337e-01,5.690661668777465820e-01,-1.676278859376907349e-01,8.050245642662048340e-01,0.000000000000000000e+00
6.863448768854141235e-02,-2.604184150695800781e-01,-8.847995102405548096e-02,2.887771725654602051e-01,-8.994461894035339355e-01,-3.280309140682220459e-01,0.000000000000000000e+00
-1.540133804082870483e-01,-6.442461907863616943e-02,-2.197694182395935059e-01,-5.530405640602111816e-01,-2.209577262401580811e-01,-8.033204674720764160e-01,0.000000000000000000e+00
2.722849547863006592e-01,3.905079141259193420e-02,1.145253926515579224e-01,9.042061567306518555e-01,1.393489688634872437e-01,4.037240445613861084e-01,0.000000000000000000e+00
9.384863823652267456e-02,1.025386750698089600e-01,-2.393774241209030151e-01,2.850070297718048096e-01,3.578420281410217285e-01,-8.892244100570678711e-01,0.000000000000000000e+00
1.899375393986701965e-02,1.171404421329498291e-01,-2.432560175657272339e-01,1.366038620471954346e-02,3.400948047637939453e-01,-9.402919411659240723e-01,0.000000000000000000e+00
-2.138556167483329773e-02,-1.040326878428459167e-01,-2.579903006553649902e-01,2.474306523799896240e-02,-3.294439315795898438e-01,-9.438508749008178711e-01,0.000000000000000000e+00
2.912387251853942871e-01,4.767979308962821960e-02,-3.096980974078178406e-02,9.626953601837158203e-01,1.430528759956359863e-01,-2.296813726425170898e-01,0.000000000000000000e+00
1.746763288974761963e-01,-2.192601263523101807e-01,-6.623800098896026611e-02,6.343331336975097656e-01,-6.915669441223144531e-01,-3.454802334308624268e-01,0.000000000000000000e+00
1.701332777738571167e-01,2.366370707750320435e-01,-4.979880526661872864e-02,5.362649559974670410e-01,8.253493309020996094e-01,-1.766874343156814575e-01,0.000000000000000000e+00
-8.147095888853073120e-02,-2.088012397289276123e-01,-1.697082966566085815e-01,-3.204475939273834229e-01,-7.220590114593505859e-01,-6.131428480148315430e-01,0.000000000000000000e+00
2.202731221914291382e-01,1.970483958721160889e-01,6.709691137075424194e-02,7.164342999458312988e-01,6.299149990081787109e-01,2.998816967010498047e-01,0.000000000000000000e+00
1.035013496875762939e-01,6.942055374383926392e-02,-2.471585124731063843e-01,3.082923591136932373e-01,2.291983217000961304e-01,-9.232680797576904297e-01,0.000000000000000000e+00
2.780539691448211670e-01,1.096221059560775757e-01,-3.808490466326475143e-03,9.278638362884521484e-01,3.660796880722045898e-01,-7.109376788139343262e-02,0.000000000000000000e+00
-7.873887196183204651e-03,-1.906965859234333038e-02,2.998616993427276611e-01,-3.773290663957595825e-03,-1.547047793865203857e-01,9.879535436630249023e-01,0.000000000000000000e+00
-2.848193347454071045e-01,-4.993849620223045349e-02,4.575092345476150513e-02,-9.806221723556518555e-01,-1.414699703454971313e-01,1.355228126049041748e-01,0.000000000000000000e+00
1.392118185758590698e-01,2.527526617050170898e-01,-5.236770585179328918e-02,3.843761384487152100e-01,9.033080339431762695e-01,-1.904981583356857300e-01,0.000000000000000000e+00
1.880517345853149891e-03,2.640664279460906982e-01,-3.028357401490211487e-02,1.072296202182769775e-01,9.620327949523925781e-01,2.509874105453491211e-01,0.000000000000000000e+00
-6.819560658186674118e-03,-1.885432517156004906e-03,3.015512526035308838e-01,-7.330455631017684937e-02,-8.694215118885040283e-02,9.935126900672912598e-01,0.000000000000000000e+00
-1.623978018760681152e-01,1.198461353778839111e-01,-1.840933263301849365e-01,-5.408112406730651855e-01,4.099392294883728027e-01,-7.344882488250732422e-01,0.000000000000000000e+00
2.886480689048767090e-01,4.917418956756591797e-02,-3.970168158411979675e-02,9.526858925819396973e-01,1.341222226619720459e-01,-2.727651000022888184e-01,0.000000000000000000e+00
-1.819649487733840942e-01,3.885267302393913269e-02,-2.029693275690078735e-01,-6.150048375129699707e-01,1.767088919878005981e-01,-7.684679627418518066e-01,0.000000000000000000e+00
1.540903896093368530e-01,1.846437156200408936e-01,1.849276870489120483e-01,5.262801647186279297e-01,5.871140956878662109e-01,6.150822639465332031e-01,0.000000000000000000e+00
1.072522774338722229e-01,-2.033565789461135864e-01,-1.671210378408432007e-01,3.672456741333007812e-01,-7.279592752456665039e-01,-5.789697170257568359e-01,0.000000000000000000e+00
2.216577678918838501e-01,7.941257953643798828e-02,1.908944696187973022e-01,7.785639166831970215e-01,2.488752156496047974e-01,5.761070251464843750e-01,0.000000000000000000e+00
1.557587683200836182e-01,4.996753763407468796e-03,2.583976984024047852e-01,4.791660904884338379e-01,-4.630259051918983459e-02,8.765020966529846191e-01,0.000000000000000000e+00
-1.734747588634490967e-01,-8.575251698493957520e-02,-1.988123804330825806e-01,-6.327544450759887695e-01,-2.643102407455444336e-01,-7.278474569320678711e-01,0.000000000000000000e+00
-1.511799544095993042e-01,-2.308489382266998291e-01,-7.186752557754516602e-02,-5.608015656471252441e-01,-7.642591595649719238e-01,-3.184486031532287598e-01,0.000000000000000000e+00
-2.207223922014236450e-01,-3.147283568978309631e-02,-1.658282279968261719e-01,-8.176398277282714844e-01,-1.089240834116935730e-01,-5.653323531150817871e-01,0.000000000000000000e+00
-1.706891134381294250e-02,2.488529831171035767e-01,-1.367589533329010010e-01,-6.719209253787994385e-02,8.382250070571899414e-01,-5.411691069602966309e-01,0.000000000000000000e+00
-5.847951397299766541e-02,-2.383388578891754150e-01,1.619384437799453735e-01,-2.167801409959793091e-01,-8.117530941963195801e-01,5.422760248184204102e-01,0.000000000000000000e+00
-2.469448298215866089e-01,-6.156283244490623474e-02,1.428470611572265625e-01,-8.710528612136840820e-01,-1.931806951761245728e-01,4.516061544418334961e-01,0.000000000000000000e+00
8.652644604444503784e-02,2.487487792968750000e-01,1.168544590473175049e-01,1.077012345194816589e-01,9.903962612152099609e-01,8.669324964284896851e-02,0.000000000000000000e+00
2.699257135391235352e-01,-1.224496588110923767e-01,-2.625518478453159332e-03,8.802597522735595703e-01,-4.738242328166961670e-01,-2.516708336770534515e-02,0.000000000000000000e+00
1.058608591556549072e-01,-2.674225866794586182e-01,-2.584963664412498474e-02,3.093833625316619873e-01,-9.322739839553833008e-01,-1.874758452177047729e-01,0.000000000000000000e+00
-2.480528950691223145e-01,-1.096561998128890991e-01,-7.630117982625961304e-02,-8.670357465744018555e-01,-3.681739866733551025e-01,-3.357035815715789795e-01,0.000000000000000000e+00
1.655783951282501221e-01,-8.305458724498748779e-02,2.328689545392990112e-01,4.933019876480102539e-01,-4.078995585441589355e-01,7.682909965515136719e-01,0.000000000000000000e+00
1.244117170572280884e-01,2.133974879980087280e-01,1.764423251152038574e-01,4.000717103481292725e-01,7.674467563629150391e-01,5.009672045707702637e-01,0.000000000000000000e+00
-1.429742872714996338e-01,-2.330639511346817017e-01,-8.027296513319015503e-02,-5.049970746040344238e-01,-7.892115712165832520e-01,-3.494610488414764404e-01,0.000000000000000000e+00
2.876299023628234863e-01,7.855552434921264648e-02,-1.925717666745185852e-02,9.623833894729614258e-01,2.530166804790496826e-01,-9.899872541427612305e-02,0.000000000000000000e+00
-8.367864787578582764e-02,1.657334864139556885e-01,2.376505583524703979e-01,-2.979856133460998535e-01,4.911094009876251221e-01,8.185451030731201172e-01,0.000000000000000000e+00
-2.824444472789764404e-01,-3.084723092615604401e-02,-2.789358049631118774e-02,-9.695827960968017578e-01,-9.624193608760833740e-02,-2.250481992959976196e-01,0.000000000000000000e+00
-2.421319633722305298e-01,1.363489627838134766e-01,-5.327080935239791870e-02,-8.779262900352478027e-01,3.908750414848327637e-01,-2.765178382396697998e-01,0.000000000000000000e+00
3.350593149662017822e-02,2.606399059295654297e-01,-2.358749322593212128e-02,-3.752351999282836914e-01,9.161703586578369141e-01,1.408206373453140259e-01,0.000000000000000000e+00
-1.433629840612411499e-01,-1.497809290885925293e-01,-1.858653277158737183e-01,-4.802497029304504395e-01,-5.395150780677795410e-01,-6.915805935859680176e-01,0.000000000000000000e+00
-5.632511153817176819e-02,-2.874242067337036133e-01,-3.809832409024238586e-02,-2.187831997871398926e-01,-9.471899271011352539e-01,-2.344464957714080811e-01,0.000000000000000000e+00
2.451681047677993774e-01,-6.830513477325439453e-02,-1.352029293775558472e-01,8.193802237510681152e-01,-2.287856787443161011e-01,-5.256169438362121582e-01,0.000000000000000000e+00
-1.258910596370697021e-01,2.201184034347534180e-01,1.632337868213653564e-01,-3.523214757442474365e-01,7.295544743537902832e-01,5.861909389495849609e-01,0.000000000000000000e+00
-2.117353975772857666e-01,1.443182379007339478e-01,1.515983939170837402e-01,-7.228145003318786621e-01,4.198853969573974609e-01,5.488492250442504883e-01,0.000000000000000000e+00
1.485174000263214111e-01,2.511312067508697510e-01,4.578330554068088531e-03,2.664264142513275146e-01,9.634875655174255371e-01,2.662135474383831024e-02,0.000000000000000000e+00
-2.019740045070648193e-01,1.493758708238601685e-01,-1.213876083493232727e-01,-7.359893321990966797e-01,4.684777855873107910e-01,-4.887210428714752197e-01,0.000000000000000000e+00
2.008848190307617188e-01,5.083271767944097519e-03,2.249512970447540283e-01,7.017930150032043457e-01,1.059165131300687790e-02,7.123021483421325684e-01,0.000000000000000000e+00
-2.811522781848907471e-01,5.669072642922401428e-02,4.068219661712646484e-02,-9.673647284507751465e-01,2.459986507892608643e-01,6.074644997715950012e-02,0.000000000000000000e+00
2.218555063009262085e-01,-3.994744643568992615e-02,1.979745775461196899e-01,8.020429015159606934e-01,-9.818590432405471802e-02,5.891407132148742676e-01,0.000000000000000000e+00
-4.247570037841796875e-02,-2.800529077649116516e-02,-2.702349722385406494e-01,-1.506157666444778442e-01,2.063200809061527252e-02,-9.883770346641540527e-01,0.000000000000000000e+00
2.155664861202239990e-01,7.118135690689086914e-02,2.017545551061630249e-01,6.965969204902648926e-01,2.645311653614044189e-01,6.669152975082397461e-01,0.000000000000000000e+00
1.963225901126861572e-01,2.253883033990859985e-01,3.975506406277418137e-03,6.341159939765930176e-01,7.647830247879028320e-01,-1.140343323349952698e-01,0.000000000000000000e+00
-1.137970387935638428e-02,-1.382720023393630981e-01,-2.452626526355743408e-01,-1.536828558892011642e-02,-4.117447137832641602e-01,-9.111696481704711914e-01,0.000000000000000000e+00
1.741654723882675171e-01,1.183528229594230652e-01,2.147548794746398926e-01,5.332932472229003906e-01,4.154424071311950684e-01,7.368893623352050781e-01,0.000000000000000000e+00
-1.307044476270675659e-01,6.972857564687728882e-02,-2.286316305398941040e-01,-4.061875641345977783e-01,2.882042825222015381e-01,-8.671504855155944824e-01,0.000000000000000000e+00
-2.209944128990173340e-01,4.093722254037857056e-02,1.892948150634765625e-01,-7.261462211608886719e-01,9.833633154630661011e-02,6.804716587066650391e-01,0.000000000000000000e+00
-2.813632190227508545e-01,-7.093537598848342896e-02,3.644078597426414490e-02,-9.725764393806457520e-01,-2.323585450649261475e-01,1.022784598171710968e-02,0.000000000000000000e+00
6.038139387965202332e-02,-2.435780763626098633e-01,-1.338016092777252197e-01,2.563088238239288330e-01,-8.347916603088378906e-01,-4.872664809226989746e-01,0.000000000000000000e+00
-1.375459041446447372e-02,-2.987123131752014160e-01,1.938625238835811615e-02,2.682702243328094482e-02,-9.954659342765808105e-01,-9.125693142414093018e-02,0.000000000000000000e+00
2.614113390445709229e-01,1.462698876857757568e-01,8.498959243297576904e-03,8.423995971679687500e-01,5.377300977706909180e-01,3.477429971098899841e-02,0.000000000000000000e+00
2.262894958257675171e-01,-1.459822356700897217e-01,-1.018987074494361877e-01,7.198704481124877930e-01,-5.713734030723571777e-01,-3.941052258014678955e-01,0.000000000000000000e+00
-4.580325260758399963e-02,-2.470759898424148560e-01,-1.341375410556793213e-01,-1.907318532466888428e-01,-8.280254006385803223e-01,-5.272526144981384277e-01,0.000000000000000000e+00
-1.907974779605865479e-01,-6.177738308906555176e-02,-1.919224411249160767e-01,-6.322797536849975586e-01,-2.491559237241744995e-01,-7.335827350616455078e-01,0.000000000000000000e+00
2.687508761882781982e-01,4.266608506441116333e-02,-9.895879775285720825e-02,8.825981020927429199e-01,1.319703906774520874e-01,-4.512253999710083008e-01,0.000000000000000000e+00
-3.445544838905334473e-02,-2.620176672935485840e-01,-1.148013174533843994e-01,-1.701912730932235718e-01,-8.457748293876647949e-01,-5.056677460670471191e-01,0.000000000000000000e+00
1.205064803361892700e-01,3.374809864908456802e-03,-2.481627017259597778e-01,4.308337867259979248e-01,3.420886024832725525e-02,-9.017826914787292480e-01,0.000000000000000000e+00
-2.058566212654113770e-01,4.594011604785919189e-02,-1.783211976289749146e-01,-7.335040569305419922e-01,2.064361125230789185e-01,-6.475769281387329102e-01,0.000000000000000000e+00
-1.550625115633010864e-01,-2.260200232267379761e-01,-7.656541466712951660e-02,-5.682435035705566406e-01,-7.573498487472534180e-01,-3.217460513114929199e-01,0.000000000000000000e+00
-1.843310892581939697e-01,1.597020588815212250e-02,2.281697839498519897e-01,-6.453696489334106445e-01,3.978727757930755615e-02,7.628335356712341309e-01,0.000000000000000000e+00
8.289569616317749023e-02,2.486741989850997925e-01,9.587764739990234375e-02,2.456122264266014099e-02,9.955375194549560547e-01,-9.111436456441879272e-02,0.000000000000000000e+00
1.329550240188837051e-02,-2.970754206180572510e-01,7.156028877943754196e-04,4.364362452179193497e-03,-9.998875856399536133e-01,-1.434325426816940308e-02,0.000000000000000000e+00
2.821773588657379150e-01,-5.398622900247573853e-02,-6.658447533845901489e-02,9.414002895355224609e-01,-1.775403618812561035e-01,-2.867837846279144287e-01,0.000000000000000000e+00
-9.516795724630355835e-02,-2.760517001152038574e-01,-3.264057636260986328e-02,-3.903203904628753662e-01,-8.958741426467895508e-01,-2.122723460197448730e-01,0.000000000000000000e+00
1.467583626508712769e-01,-1.426555961370468140e-01,2.095612883567810059e-01,4.100203812122344971e-01,-5.093710422515869141e-01,7.565873265266418457e-01,0.000000000000000000e+00
-2.889340221881866455e-01,1.124358363449573517e-02,3.233532980084419250e-02,-9.957441687583923340e-01,8.941660821437835693e-02,-2.231964468955993652e-02,0.000000000000000000e+00
1.327997744083404541e-01,2.300902903079986572e-01,1.406924724578857422e-01,3.335344791412353516e-01,8.611288070678710938e-01,3.836821019649505615e-01,0.000000000000000000e+00
-1.683020293712615967e-01,2.401736825704574585e-01,-1.913488656282424927e-02,-5.939011573791503906e-01,7.869630455970764160e-01,-1.672440320253372192e-01,0.000000000000000000e+00
-2.028231322765350342e-01,-9.339962154626846313e-02,1.923428475856781006e-01,-7.058433294296264648e-01,-2.761219739913940430e-01,6.523357033729553223e-01,0.000000000000000000e+00
1.459210515022277832e-01,-2.306055277585983276e-01,-8.253686130046844482e-02,4.331090450286865234e-01,-8.452358841896057129e-01,-3.130381107330322266e-01,0.000000000000000000e+00
-5.596526339650154114e-02,-1.345023214817047119e-01,2.549515962600708008e-01,-1.812758296728134155e-01,-5.071003437042236328e-01,8.426080346107482910e-01,0.000000000000000000e+00
3.354648128151893616e-02,1.613081842660903931e-01,-2.241698652505874634e-01,2.725299447774887085e-02,4.769729077816009521e-01,-8.784953951835632324e-01,0.000000000000000000e+00
-2.361194193363189697e-01,-6.550385802984237671e-02,1.608117967844009399e-01,-8.180406093597412109e-01,-2.428592294454574585e-01,5.213721990585327148e-01,0.000000000000000000e+00
-8.415665477514266968e-02,-2.396259456872940063e-01,1.484930664300918579e-01,-2.857116460800170898e-01,-8.065177798271179199e-01,5.175885558128356934e-01,0.000000000000000000e+00
-1.244467794895172119e-01,7.693637162446975708e-02,-2.291823923587799072e-01,-4.135411977767944336e-01,2.882190644741058350e-01,-8.636628389358520508e-01,0.000000000000000000e+00
1.562329530715942383e-01,-2.335033416748046875e-01,-6.092055141925811768e-02,4.421232938766479492e-01,-8.503815531730651855e-01,-2.852686345577239990e-01,0.000000000000000000e+00
2.397718131542205811e-01,1.806731149554252625e-02,-1.501149833202362061e-01,8.175541758537292480e-01,1.957025192677974701e-02,-5.755190253257751465e-01,0.000000000000000000e+00
-1.750148385763168335e-01,-2.149844914674758911e-01,1.036776974797248840e-01,-6.181877255439758301e-01,-7.299644351005554199e-01,2.915405333042144775e-01,0.000000000000000000e+00
-1.305696219205856323e-01,-2.511815726757049561e-01,-5.235807597637176514e-02,-5.116389989852905273e-01,-8.273126482963562012e-01,-2.319036126136779785e-01,0.000000000000000000e+00
7.026503980159759521e-02,2.674550712108612061e-01,-4.350319504737854004e-02,3.128078952431678772e-02,9.993708133697509766e-01,1.671618223190307617e-02,0.000000000000000000e+00
1.852567642927169800e-01,1.303900629281997681e-01,-1.735070347785949707e-01,5.925721526145935059e-01,3.831301629543304443e-01,-7.085686326026916504e-01,0.000000000000000000e+00
-2.109660953283309937e-01,-8.492184430360794067e-02,1.867695152759552002e-01,-7.373647689819335938e-01,-2.680321037769317627e-01,6.200419068336486816e-01,0.000000000000000000e+00
-1.651140153408050537e-01,1.194566339254379272e-01,2.155461907386779785e-01,-5.574786067008972168e-01,3.774446845054626465e-01,7.394275665283203125e-01,0.000000000000000000e+00
-3.249999135732650757e-03,-3.279785066843032837e-02,2.973323166370391846e-01,8.481032215058803558e-03,-2.944519817829132080e-01,9.556286334991455078e-01,0.000000000000000000e+00
-2.154982984066009521e-01,1.840778589248657227e-01,-4.660902544856071472e-02,-7.699191570281982422e-01,5.742383599281311035e-01,-2.783429622650146484e-01,0.000000000000000000e+00
2.666182816028594971e-01,1.154058203101158142e-01,-5.861436203122138977e-02,8.718047142028808594e-01,3.127131164073944092e-01,-3.770504295825958252e-01,0.000000000000000000e+00
4.058722406625747681e-02,-2.941578924655914307e-01,3.818306140601634979e-03,2.031551152467727661e-01,-9.791240692138671875e-01,-6.639134138822555542e-03,0.000000000000000000e+00
9.282954782247543335e-02,-4.253885895013809204e-02,2.800258696079254150e-01,3.470292687416076660e-01,-2.742113769054412842e-01,8.968716859817504883e-01,0.000000000000000000e+00
2.579590678215026855e-01,-7.512607425451278687e-02,1.251066476106643677e-01,8.401189446449279785e-01,-3.206415474414825439e-01,4.374804198741912842e-01,0.000000000000000000e+00
2.241813689470291138e-01,-2.175773866474628448e-02,-1.694826632738113403e-01,7.444064021110534668e-01,-6.963761895895004272e-02,-6.640856266021728516e-01,0.000000000000000000e+00
-2.175174504518508911e-01,1.451005339622497559e-01,-1.014213636517524719e-01,-7.768614292144775391e-01,4.581050872802734375e-01,-4.320023655891418457e-01,0.000000000000000000e+00
5.035649985074996948e-02,2.450474202632904053e-01,5.905837565660476685e-02,8.376388251781463623e-02,9.944642782211303711e-01,6.343821436166763306e-02,0.000000000000000000e+00
-1.649793386459350586e-01,-1.436605006456375122e-01,-1.724306195974349976e-01,-6.073145270347595215e-01,-4.953984916210174561e-01,-6.210872530937194824e-01,0.000000000000000000e+00
-1.040577217936515808e-01,-1.392477899789810181e-01,-2.183131873607635498e-01,-4.253516495227813721e-01,-5.102482438087463379e-01,-7.474775910377502441e-01,0.000000000000000000e+00
-2.820223271846771240e-01,5.322224274277687073e-02,2.102386020123958588e-02,-9.827572703361511230e-01,1.841463595628738403e-01,-1.668299175798892975e-02,0.000000000000000000e+00
2.443714588880538940e-01,-1.587951332330703735e-01,4.878520593047142029e-02,8.460294604301452637e-01,-5.266162157058715820e-01,8.312365412712097168e-02,0.000000000000000000e+00
-6.051076576113700867e-02,-2.661361098289489746e-01,1.137328147888183594e-01,-2.305361628532409668e-01,-8.653720617294311523e-01,4.449542462825775146e-01,0.000000000000000000e+00
-1.027416512370109558e-01,-2.732980549335479736e-01,5.408102646470069885e-02,-4.364582598209381104e-01,-8.840317130088806152e-01,1.673083901405334473e-01,0.000000000000000000e+00
-9.602848440408706665e-03,-2.780542373657226562e-01,-8.922704309225082397e-02,-6.061023566871881485e-03,-9.130097031593322754e-01,-4.078927934169769287e-01,0.000000000000000000e+00
-1.891807317733764648e-01,8.848179876804351807e-02,-1.781232357025146484e-01,-6.466732025146484375e-01,3.579446673393249512e-01,-6.735646724700927734e-01,0.000000000000000000e+00
-1.918647438287734985e-01,-1.974838525056838989e-01,1.069856882095336914e-01,-7.082374095916748047e-01,-6.471963524818420410e-01,2.820225358009338379e-01,0.000000000000000000e+00
2.852201759815216064e-01,4.139905795454978943e-02,7.904680818319320679e-02,9.512125849723815918e-01,1.440517008304595947e-01,2.728437781333923340e-01,0.000000000000000000e+00
1.389957871288061142e-02,-2.956328988075256348e-01,-2.621153928339481354e-02,9.279903769493103027e-02,-9.842938184738159180e-01,-1.501799672842025757e-01,0.000000000000000000e+00
8.797449618577957153e-02,2.159673869609832764e-01,-1.639283001422882080e-01,2.623096406459808350e-01,7.426828742027282715e-01,-6.161296963691711426e-01,0.000000000000000000e+00
-1.870188415050506592e-01,2.131129801273345947e-01,9.875687956809997559e-02,-6.303876042366027832e-01,7.183843255043029785e-01,2.941689789295196533e-01,0.000000000000000000e+00
-7.339084148406982422e-02,9.699843078851699829e-02,2.742471396923065186e-01,-2.799783647060394287e-01,3.015558719635009766e-01,9.114143848419189453e-01,0.000000000000000000e+00
-8.591939508914947510e-02,2.662480175495147705e-01,7.480293512344360352e-02,-5.467030405998229980e-02,9.963605999946594238e-01,6.539652496576309204e-02,0.000000000000000000e+00
-2.714670076966285706e-02,1.304197758436203003e-01,-2.350538074970245361e-01,-1.173078417778015137e-01,3.973005414009094238e-01,-9.101599454879760742e-01,0.000000000000000000e+00
1.279180198907852173e-01,1.560751944780349731e-01,-1.982556879520416260e-01,4.068975746631622314e-01,4.507882893085479736e-01,-7.944962382316589355e-01,0.000000000000000000e+00
-2.172057479619979858e-01,1.310760825872421265e-01,-1.160125359892845154e-01,-7.803478837013244629e-01,4.187401235103607178e-01,-4.644500613212585449e-01,0.000000000000000000e+00
1.910554803907871246e-02,2.489046752452850342e-01,8.693429082632064819e-02,1.071526184678077698e-01,9.732754826545715332e-01,-2.031087279319763184e-01,0.000000000000000000e+00
2.547586858272552490e-01,-1.053656935691833496e-01,-9.489758312702178955e-02,8.516512513160705566e-01,-3.501552343368530273e-01,-3.899762034416198730e-01,0.000000000000000000e+00
2.699972093105316162e-01,5.684399604797363281e-02,-9.188991785049438477e-02,9.097190499305725098e-01,1.811456829309463501e-01,-3.736274540424346924e-01,0.000000000000000000e+00
-1.308214962482452393e-01,-2.370083779096603394e-01,1.167504042387008667e-01,-4.784470200538635254e-01,-7.966564297676086426e-01,3.693602085113525391e-01,0.000000000000000000e+00
2.823662711307406425e-03,-2.256123870611190796e-01,-1.726201474666595459e-01,-2.913425676524639130e-02,-7.831829190254211426e-01,-6.211084723472595215e-01,0.000000000000000000e+00
5.911794304847717285e-02,2.500962316989898682e-01,4.396044835448265076e-02,-3.663808703422546387e-01,9.145563840866088867e-01,1.713232398033142090e-01,0.000000000000000000e+00
-2.224332839250564575e-01,1.517788767814636230e-01,-8.407656848430633545e-02,-7.869471311569213867e-01,4.718660414218902588e-01,-3.975633382797241211e-01,0.000000000000000000e+00
-1.737589836120605469e-01,-1.406568884849548340e-01,-1.671791374683380127e-01,-5.775490999221801758e-01,-5.510855317115783691e-01,-6.022804975509643555e-01,0.000000000000000000e+00
-2.442707270383834839e-01,7.679541409015655518e-02,-1.059723570942878723e-01,-8.813498616218566895e-01,2.345368862152099609e-01,-4.101401269435882568e-01,0.000000000000000000e+00
1.361676603555679321e-01,2.539661526679992676e-01,4.646318405866622925e-02,2.130915224552154541e-01,9.680058360099792480e-01,1.325016170740127563e-01,0.000000000000000000e+00
1.602532565593719482e-01,-5.286152660846710205e-02,2.486782670021057129e-01,4.781485199928283691e-01,-2.431086152791976929e-01,8.439621925354003906e-01,0.000000000000000000e+00
-9.516620635986328125e-02,5.211300775408744812e-02,-2.481835037469863892e-01,-2.959960401058197021e-01,2.361030578613281250e-01,-9.255493879318237305e-01,0.000000000000000000e+00
-1.730050891637802124e-01,-2.252101451158523560e-01,-3.822612017393112183e-02,-6.458082199096679688e-01,-7.435448169708251953e-01,-1.734151691198348999e-01,0.000000000000000000e+00
-8.260557800531387329e-02,-2.818386256694793701e-01,-2.970928326249122620e-02,-3.418558835983276367e-01,-9.205251336097717285e-01,-1.891243308782577515e-01,0.000000000000000000e+00
8.921880275011062622e-02,-2.806187570095062256e-01,3.035799972712993622e-02,3.325912356376647949e-01,-9.421911239624023438e-01,4.073030874133110046e-02,0.000000000000000000e+00
2.403421849012374878e-01,-1.479690521955490112e-01,8.208132535219192505e-02,8.060688972473144531e-01,-4.966405630111694336e-01,3.218711912631988525e-01,0.000000000000000000e+00
1.410589739680290222e-02,1.587965190410614014e-01,-2.254522889852523804e-01,-7.731476426124572754e-02,5.054463148117065430e-01,-8.593872785568237305e-01,0.000000000000000000e+00
-2.556056380271911621e-01,1.313367336988449097e-01,2.713112859055399895e-03,-9.092538356781005859e-01,4.017805457115173340e-01,-1.087649241089820862e-01,0.000000000000000000e+00
-1.558598130941390991e-01,2.524576485157012939e-01,2.336174063384532928e-02,-5.081692934036254883e-01,8.510844707489013672e-01,1.319815963506698608e-01,0.000000000000000000e+00
1.166932955384254456e-01,-2.344452440738677979e-01,-1.058494299650192261e-01,3.809219598770141602e-01,-8.460685014724731445e-01,-3.729163110256195068e-01,0.000000000000000000e+00
1.070685088634490967e-01,2.464163601398468018e-01,1.060809195041656494e-01,1.948258876800537109e-01,9.734743833541870117e-01,1.199602782726287842e-01,0.000000000000000000e+00
-2.774280309677124023e-01,-3.870409354567527771e-02,-4.564393311738967896e-02,-9.662511348724365234e-01,-9.812636673450469971e-02,-2.381804436445236206e-01,0.000000000000000000e+00
6.305153481662273407e-03,-2.976675629615783691e-01,3.713946789503097534e-02,5.983097851276397705e-02,-9.935911893844604492e-01,9.590011835098266602e-02,0.000000000000000000e+00
-2.308746799826622009e-02,2.582978308200836182e-01,6.180753000080585480e-03,5.526741594076156616e-02,8.968499302864074707e-01,4.388687014579772949e-01,0.000000000000000000e+00
-2.666018530726432800e-02,-1.905257403850555420e-01,2.213708162307739258e-01,-3.120061382651329041e-02,-5.906520485877990723e-01,8.063229322433471680e-01,0.000000000000000000e+00
-2.677636146545410156e-01,-4.437044635415077209e-02,1.085215806961059570e-01,-8.802457451820373535e-01,-2.264377623796463013e-01,4.170052111148834229e-01,0.000000000000000000e+00
-3.830042108893394470e-02,-2.813911139965057373e-01,9.304110705852508545e-02,-1.737571060657501221e-01,-8.971213698387145996e-01,4.061794579029083252e-01,0.000000000000000000e+00
-2.730446457862854004e-01,8.748827129602432251e-02,1.542979199439287186e-02,-9.566283822059631348e-01,2.843225002288818359e-01,-6.342609971761703491e-02,0.000000000000000000e+00
-6.698637735098600388e-03,2.299338728189468384e-01,1.951865404844284058e-01,-6.662628799676895142e-02,8.128996491432189941e-01,5.785802602767944336e-01,0.000000000000000000e+00
-5.612115934491157532e-02,1.418729871511459351e-01,2.607388794422149658e-01,-2.166219055652618408e-01,4.683184921741485596e-01,8.565936684608459473e-01,0.000000000000000000e+00
1.564169377088546753e-01,-2.122840881347656250e-01,-1.084566414356231689e-01,5.521314740180969238e-01,-7.352473735809326172e-01,-3.931438326835632324e-01,0.000000000000000000e+00
6.896278262138366699e-02,-1.206297278404235840e-01,2.555046975612640381e-01,1.976959705352783203e-01,-4.584264159202575684e-01,8.664649724960327148e-01,0.000000000000000000e+00
6.631352752447128296e-02,5.951083451509475708e-02,2.900608181953430176e-01,2.228526324033737183e-01,1.901919096708297729e-01,9.561191201210021973e-01,0.000000000000000000e+00
-2.360090762376785278e-01,-1.407620012760162354e-01,-6.395072489976882935e-02,-8.403764367103576660e-01,-4.752925634384155273e-01,-2.605079412460327148e-01,0.000000000000000000e+00
-1.908149123191833496e-01,-7.632458955049514771e-02,-1.867004036903381348e-01,-6.831424832344055176e-01,-2.101571559906005859e-01,-6.993928551673889160e-01,0.000000000000000000e+00
7.563453912734985352e-02,8.975460380315780640e-02,-2.484113425016403198e-01,1.457188725471496582e-01,2.872096002101898193e-01,-9.467188715934753418e-01,0.000000000000000000e+00
-9.711931645870208740e-02,-1.101283924072049558e-04,-2.567282021045684814e-01,-3.789718449115753174e-01,6.847997754812240601e-02,-9.228709936141967773e-01,0.000000000000000000e+00
-1.723045110702514648e-01,-1.791856884956359863e-01,-1.308295279741287231e-01,-5.894525051116943359e-01,-6.000748276710510254e-01,-5.407919287681579590e-01,0.000000000000000000e+00
-1.838987916707992554e-01,2.004029452800750732e-01,1.273521035909652710e-01,-6.420943737030029297e-01,6.386368870735168457e-01,4.240964055061340332e-01,0.000000000000000000e+00
1.059909313917160034e-01,-1.096820831298828125e-01,2.506978809833526611e-01,2.827613055706024170e-01,-4.996211826801300049e-01,8.187946677207946777e-01,0.000000000000000000e+00
-3.057865984737873077e-02,-2.502226233482360840e-01,1.527879685163497925e-01,-1.169753223657608032e-01,-8.397862911224365234e-01,5.301657319068908691e-01,0.000000000000000000e+00
-7.450014352798461914e-02,5.751978978514671326e-02,2.836470901966094971e-01,-3.064350187778472900e-01,1.825778931379318237e-01,9.342178106307983398e-01,0.000000000000000000e+00
-2.484637200832366943e-01,-1.278880983591079712e-01,8.504518866539001465e-02,-8.687150478363037109e-01,-4.324409663677215576e-01,2.415139675140380859e-01,0.000000000000000000e+00
-2.522595459595322609e-03,2.159805148839950562e-01,2.128295898437500000e-01,-5.993361026048660278e-02,7.355836033821105957e-01,6.747775077819824219e-01,0.000000000000000000e+00
-2.096065133810043335e-01,-1.407563313841819763e-02,2.048825323581695557e-01,-6.189988255500793457e-01,-7.619281858205795288e-02,7.816873192787170410e-01,0.000000000000000000e+00
2.618124783039093018e-01,-1.106049939990043640e-01,-6.927634030580520630e-02,8.547581434249877930e-01,-4.301857650279998779e-01,-2.903940975666046143e-01,0.000000000000000000e+00
-1.534557640552520752e-01,-1.968262046575546265e-01,-1.291017383337020874e-01,-5.310736894607543945e-01,-6.706473231315612793e-01,-5.178734660148620605e-01,0.000000000000000000e+00
1.931913644075393677e-01,6.498791277408599854e-02,-1.911337077617645264e-01,6.804127097129821777e-01,1.627257913351058960e-01,-7.145339846611022949e-01,0.000000000000000000e+00
-2.706768512725830078e-01,9.248685836791992188e-02,5.277102813124656677e-02,-9.601563215255737305e-01,2.674348950386047363e-01,8.110714703798294067e-02,0.000000000000000000e+00
2.652347087860107422e-01,-2.832132950425148010e-02,-1.116325855255126953e-01,8.797418475151062012e-01,-5.502789840102195740e-02,-4.722565114498138428e-01,0.000000000000000000e+00
-3.047327324748039246e-02,1.341313570737838745e-01,2.689621150493621826e-01,-1.259657293558120728e-01,4.174185097217559814e-01,8.999413251876831055e-01,0.000000000000000000e+00
-4.000239074230194092e-02,1.697728335857391357e-01,-2.114787697792053223e-01,-2.059358656406402588e-01,5.427197813987731934e-01,-8.142761588096618652e-01,0.000000000000000000e+00
1.927936673164367676e-01,1.502370648086071014e-02,-2.008299529552459717e-01,6.176742315292358398e-01,7.056801021099090576e-02,-7.832615971565246582e-01,0.000000000000000000e+00
5.026070028543472290e-02,-2.574390769004821777e-01,-1.122537925839424133e-01,2.433311492204666138e-01,-8.938443660736083984e-01,-3.766061663627624512e-01,0.000000000000000000e+00
1.185775026679039001e-01,-2.632619440555572510e-01,-2.176361717283725739e-02,3.743074536323547363e-01,-9.081336855888366699e-01,-1.875823289155960083e-01,0.000000000000000000e+00
-2.571076154708862305e-01,-2.423490397632122040e-02,-1.044643968343734741e-01,-8.950880169868469238e-01,-1.098553091287612915e-01,-4.321449697017669678e-01,0.000000000000000000e+00
-2.592303045094013214e-02,2.560079395771026611e-01,1.731094159185886383e-02,4.000054895877838135e-01,8.633417487144470215e-01,-3.076306581497192383e-01,0.000000000000000000e+00
-4.215504601597785950e-02,2.618099153041839600e-01,4.737922549247741699e-02,2.757815718650817871e-01,9.466140866279602051e-01,1.669319272041320801e-01,0.000000000000000000e+00
-4.477642104029655457e-02,1.688113659620285034e-01,2.474200427532196045e-01,-2.349354028701782227e-01,5.485289096832275391e-01,8.024471402168273926e-01,0.000000000000000000e+00
2.206914126873016357e-01,-1.828694939613342285e-01,7.315203547477722168e-02,7.509409189224243164e-01,-6.183257102966308594e-01,2.318643480539321899e-01,0.000000000000000000e+00
9.982737153768539429e-02,1.393364071846008301e-01,2.493527680635452271e-01,3.671137690544128418e-01,4.609739482402801514e-01,8.079173564910888672e-01,0.000000000000000000e+00
1.658114343881607056e-01,-4.113797470927238464e-02,2.488680928945541382e-01,4.467555582523345947e-01,-1.838692724704742432e-01,8.755578398704528809e-01,0.000000000000000000e+00
5.857524275779724121e-02,8.741746842861175537e-02,2.842518985271453857e-01,1.447140574455261230e-01,3.431674540042877197e-01,9.280592203140258789e-01,0.000000000000000000e+00
4.305085539817810059e-02,-2.648532092571258545e-01,-9.997210651636123657e-02,3.047378659248352051e-01,-8.838494420051574707e-01,-3.548872768878936768e-01,0.000000000000000000e+00
2.282900512218475342e-01,-1.843922436237335205e-01,2.581691183149814606e-02,7.645977735519409180e-01,-6.430404186248779297e-01,4.346520081162452698e-02,0.000000000000000000e+00
-1.429201066493988037e-01,-1.269925832748413086e-01,-2.022772729396820068e-01,-4.831795990467071533e-01,-4.854922890663146973e-01,-7.285840511322021484e-01,0.000000000000000000e+00
-3.559836000204086304e-02,-2.978653311729431152e-01,1.207356527447700500e-02,-5.960661917924880981e-02,-9.961533546447753906e-01,-6.423003971576690674e-02,0.000000000000000000e+00
-2.149865329265594482e-01,1.361937969923019409e-01,-1.146133318543434143e-01,-7.428076267242431641e-01,4.924238622188568115e-01,-4.536029100418090820e-01,0.000000000000000000e+00
-2.410593926906585693e-01,9.048255532979965210e-02,-1.047195494174957275e-01,-8.658343553543090820e-01,2.849012613296508789e-01,-4.112932384014129639e-01,0.000000000000000000e+00
-1.164306551218032837e-01,-2.618367671966552734e-01,-4.542196542024612427e-02,-4.809761941432952881e-01,-8.383935689926147461e-01,-2.564335167407989502e-01,0.000000000000000000e+00
1.234146207571029663e-01,-2.375023066997528076e-01,-9.142868965864181519e-02,3.737513124942779541e-01,-8.490021824836730957e-01,-3.735040724277496338e-01,0.000000000000000000e+00
-3.560777753591537476e-02,2.588899433612823486e-01,1.317353844642639160e-01,-4.713475238531827927e-03,9.785618782043457031e-01,2.058992087841033936e-01,0.000000000000000000e+00
1.734465807676315308e-01,-9.704881906509399414e-02,2.202390581369400024e-01,5.309534072875976562e-01,-3.841293752193450928e-01,7.553364038467407227e-01,0.000000000000000000e+00
-7.928065210580825806e-02,-8.025386929512023926e-02,-2.545009851455688477e-01,-3.032000660896301270e-01,-2.429004460573196411e-01,-9.214494824409484863e-01,0.000000000000000000e+00
3.309308364987373352e-02,2.392959743738174438e-01,-1.482941210269927979e-01,5.533218383789062500e-02,8.265689015388488770e-01,-5.601090788841247559e-01,0.000000000000000000e+00
-1.170300617814064026e-01,-2.681891201063990593e-03,-2.477560192346572876e-01,-4.725850522518157959e-01,5.346534308046102524e-03,-8.812688589096069336e-01,0.000000000000000000e+00
2.850728575140237808e-03,1.924833804368972778e-01,-2.011409252882003784e-01,-2.545937336981296539e-02,6.218104958534240723e-01,-7.827538251876831055e-01,0.000000000000000000e+00
-2.784005999565124512e-01,-6.037750467658042908e-02,6.729902327060699463e-02,-9.231719970703125000e-01,-2.971925735473632812e-01,2.437827140092849731e-01,0.000000000000000000e+00
1.693927943706512451e-01,-6.316701322793960571e-02,-2.146859765052795410e-01,5.939012765884399414e-01,-9.639766067266464233e-02,-7.987419962882995605e-01,0.000000000000000000e+00
-1.739100217819213867e-01,-5.160549283027648926e-02,2.294979691505432129e-01,-5.941928029060363770e-01,-1.072186455130577087e-01,7.971442937850952148e-01,0.000000000000000000e+00
1.135279424488544464e-02,-7.081683725118637085e-02,-2.678427696228027344e-01,2.567465975880622864e-02,-2.171644717454910278e-01,-9.757972955703735352e-01,0.000000000000000000e+00
2.856622636318206787e-01,3.858179599046707153e-02,7.899300009012222290e-02,9.512125849723815918e-01,1.440517008304595947e-01,2.728437781333923340e-01,0.000000000000000000e+00
-1.917048692703247070e-01,2.118361741304397583e-01,9.086715430021286011e-02,-6.492291688919067383e-01,7.138377428054809570e-01,2.625589370727539062e-01,0.000000000000000000e+00
2.134526968002319336e-01,-1.395280659198760986e-01,1.469403505325317383e-01,7.507280111312866211e-01,-4.802262187004089355e-01,4.536410570144653320e-01,0.000000000000000000e+00
2.891719043254852295e-01,4.215865954756736755e-02,6.463157385587692261e-02,9.573382139205932617e-01,1.286726444959640503e-01,2.587410211563110352e-01,0.000000000000000000e+00
1.552129536867141724e-01,2.492331266403198242e-01,2.019563131034374237e-02,2.867072224617004395e-01,9.578264951705932617e-01,-1.916610263288021088e-02,0.000000000000000000e+00
-1.281719952821731567e-01,2.433489710092544556e-01,-8.766736090183258057e-02,-4.588482677936553955e-01,8.082581758499145508e-01,-3.690216243267059326e-01,0.000000000000000000e+00
-1.341144293546676636e-01,2.614645957946777344e-01,3.757502138614654541e-02,-2.691798210144042969e-01,9.601022005081176758e-01,7.580251991748809814e-02,0.000000000000000000e+00
-1.397599130868911743e-01,1.368088275194168091e-01,-1.898850798606872559e-01,-4.856291711330413818e-01,4.572069346904754639e-01,-7.450678944587707520e-01,0.000000000000000000e+00
8.221522718667984009e-02,-1.898568123579025269e-01,2.083322703838348389e-01,3.080805540084838867e-01,-6.220894455909729004e-01,7.197854518890380859e-01,0.000000000000000000e+00
2.785502970218658447e-01,-5.950454249978065491e-02,-7.454322278499603271e-02,9.214305281639099121e-01,-2.253606617450714111e-01,-3.165095746517181396e-01,0.000000000000000000e+00
2.135575562715530396e-01,-1.647540181875228882e-01,1.153942123055458069e-01,7.223290801048278809e-01,-5.355560183525085449e-01,4.375161826610565186e-01,0.000000000000000000e+00
-6.941901147365570068e-02,-2.738775312900543213e-01,9.153480082750320435e-02,-2.935606539249420166e-01,-8.789211511611938477e-01,3.759252429008483887e-01,0.000000000000000000e+00
-1.709396541118621826e-01,9.542428702116012573e-02,2.217968851327896118e-01,-6.066707372665405273e-01,3.073182106018066406e-01,7.331480979919433594e-01,0.000000000000000000e+00
-1.770188659429550171e-01,1.852543801069259644e-01,-1.180499196052551270e-01,-6.918299794197082520e-01,5.850836634635925293e-01,-4.231410920619964600e-01,0.000000000000000000e+00
1.703395396471023560e-01,1.745912581682205200e-01,-1.570781171321868896e-01,7.009727954864501953e-01,5.481674671173095703e-01,-4.562340676784515381e-01,0.000000000000000000e+00
-2.036557644605636597e-01,6.654872745275497437e-02,-1.734172701835632324e-01,-7.315219044685363770e-01,2.521048486232757568e-01,-6.334973573684692383e-01,0.000000000000000000e+00
-8.225191384553909302e-03,-2.828088402748107910e-01,-7.758898288011550903e-02,-7.181061897426843643e-03,-9.329286217689514160e-01,-3.599898219108581543e-01,0.000000000000000000e+00
1.897757053375244141e-01,-2.050225585699081421e-01,-6.730414927005767822e-02,6.080728769302368164e-01,-7.249659299850463867e-01,-3.235301673412322998e-01,0.000000000000000000e+00
-2.755772173404693604e-01,-9.146206825971603394e-02,9.229640476405620575e-03,-9.512484669685363770e-01,-3.017658889293670654e-01,-6.374686956405639648e-02,0.000000000000000000e+00
6.443883478641510010e-02,1.246194690465927124e-01,2.677167057991027832e-01,1.676976680755615234e-01,4.198497831821441650e-01,8.919661641120910645e-01,0.000000000000000000e+00
1.268327385187149048e-01,1.108168810606002808e-01,2.514965236186981201e-01,4.033619165420532227e-01,4.426414370536804199e-01,8.008543848991394043e-01,0.000000000000000000e+00
-1.146766766905784607e-01,-1.645596772432327271e-01,2.181686758995056152e-01,-3.439765274524688721e-01,-5.510812997817993164e-01,7.602562308311462402e-01,0.000000000000000000e+00
-1.984712630510330200e-01,9.317379444837570190e-03,2.160006165504455566e-01,-6.849070191383361816e-01,-1.715715741738677025e-03,7.286284565925598145e-01,0.000000000000000000e+00
2.726869881153106689e-01,2.195951342582702637e-02,1.165245696902275085e-01,9.176865220069885254e-01,2.190425619482994080e-02,3.967009186744689941e-01,0.000000000000000000e+00
-2.657855153083801270e-01,1.090999916195869446e-01,4.194220155477523804e-02,-9.366244673728942871e-01,3.454959988594055176e-01,5.802702903747558594e-02,0.000000000000000000e+00
7.976407557725906372e-02,-2.137836441397666931e-02,-2.635183036327362061e-01,2.797022461891174316e-01,-6.206429097801446915e-03,-9.600667357444763184e-01,0.000000000000000000e+00
-1.666627824306488037e-01,1.102394983172416687e-01,2.188028544187545776e-01,-5.909730195999145508e-01,3.445711731910705566e-01,7.293981313705444336e-01,0.000000000000000000e+00
7.360301911830902100e-02,-1.352509558200836182e-01,2.466229051351547241e-01,2.184127122163772583e-01,-4.930701553821563721e-01,8.421269059181213379e-01,0.000000000000000000e+00
-1.799041330814361572e-01,1.627495139837265015e-01,1.734095066785812378e-01,-6.319679617881774902e-01,5.197326540946960449e-01,5.748864412307739258e-01,0.000000000000000000e+00
1.766617596149444580e-01,2.130809724330902100e-01,1.263535767793655396e-01,5.603984594345092773e-01,7.621995210647583008e-01,3.240454792976379395e-01,0.000000000000000000e+00
-4.970682039856910706e-02,2.659223973751068115e-01,3.217521682381629944e-02,1.852203309535980225e-01,9.749280810356140137e-01,1.233235076069831848e-01,0.000000000000000000e+00
1.568358987569808960e-01,-4.807976633310317993e-02,2.519139349460601807e-01,4.657994508743286133e-01,-2.325987815856933594e-01,8.537731766700744629e-01,0.000000000000000000e+00
1.689977943897247314e-01,-1.100679636001586914e-01,2.167342603206634521e-01,4.873768091201782227e-01,-4.760348200798034668e-01,7.320209741592407227e-01,0.000000000000000000e+00
1.756785511970520020e-01,2.316953539848327637e-01,-5.497030913829803467e-02,5.697699785232543945e-01,7.853109240531921387e-01,-2.421755194664001465e-01,0.000000000000000000e+00
-1.491858661174774170e-01,-1.529811173677444458e-01,2.047805637121200562e-01,-4.617647230625152588e-01,-5.519413352012634277e-01,6.943588256835937500e-01,0.000000000000000000e+00
6.370888650417327881e-02,2.513816356658935547e-01,-1.204734817147254944e-01,1.658157855272293091e-01,8.923878669738769531e-01,-4.197010993957519531e-01,0.000000000000000000e+00
-2.754146754741668701e-01,7.655893266201019287e-02,4.874341562390327454e-02,-9.702721834182739258e-01,2.279292196035385132e-01,8.136430382728576660e-02,0.000000000000000000e+00
-2.190986871719360352e-01,1.893533915281295776e-01,-1.848506368696689606e-02,-8.055852651596069336e-01,5.630167126655578613e-01,-1.845118105411529541e-01,0.000000000000000000e+00
-2.042165696620941162e-01,-1.916856467723846436e-01,-5.398636683821678162e-02,-7.283164858818054199e-01,-6.414535045623779297e-01,-2.410239577293395996e-01,0.000000000000000000e+00
-9.817112237215042114e-02,2.654964029788970947e-01,7.443999499082565308e-02,-9.456718713045120239e-02,9.918264150619506836e-01,8.565860986709594727e-02,0.000000000000000000e+00
-4.391976818442344666e-02,-2.551624178886413574e-01,1.411502659320831299e-01,-1.944062262773513794e-01,-8.402593135833740234e-01,5.061329007148742676e-01,0.000000000000000000e+00
2.047478556632995605e-01,2.069169878959655762e-01,-5.882310867309570312e-02,6.548728942871093750e-01,7.117332816123962402e-01,-2.541204392910003662e-01,0.000000000000000000e+00
2.859679162502288818e-01,8.103347569704055786e-02,-2.629201859235763550e-02,9.461431503295898438e-01,2.956472933292388916e-01,-1.319312751293182373e-01,0.000000000000000000e+00
-1.250770390033721924e-01,1.238924786448478699e-01,-2.063087821006774902e-01,-4.264538884162902832e-01,4.349376559257507324e-01,-7.930739521980285645e-01,0.000000000000000000e+00
-3.127742558717727661e-02,-1.119954213500022888e-01,2.709035277366638184e-01,-1.288741827011108398e-01,-4.192309975624084473e-01,8.986861705780029297e-01,0.000000000000000000e+00
2.584571838378906250e-01,7.794731855392456055e-02,-1.059094294905662537e-01,8.759600520133972168e-01,2.288303226232528687e-01,-4.246535301208496094e-01,0.000000000000000000e+00
-2.481444180011749268e-01,-1.431936174631118774e-01,-6.086847861297428608e-04,-7.916769981384277344e-01,-5.982167720794677734e-01,-1.240329742431640625e-01,0.000000000000000000e+00
-1.726462990045547485e-01,9.235575050115585327e-02,-1.908624321222305298e-01,-6.001403331756591797e-01,3.450293540954589844e-01,-7.216553092002868652e-01,0.000000000000000000e+00
2.383663505315780640e-01,1.822416037321090698e-01,1.978574320673942566e-02,8.046764135360717773e-01,5.765853524208068848e-01,1.415809839963912964e-01,0.000000000000000000e+00
1.180103868246078491e-01,-2.642922997474670410e-01,6.250740587711334229e-02,4.268963038921356201e-01,-8.937065601348876953e-01,1.380151361227035522e-01,0.000000000000000000e+00
6.182298995554447174e-03,2.544617652893066406e-01,9.609331935644149780e-02,2.912854850292205811e-01,9.408081769943237305e-01,-1.732994318008422852e-01,0.000000000000000000e+00
2.908122539520263672e-01,-5.770994350314140320e-02,-2.535283565521240234e-02,9.807879328727722168e-01,-1.611163020133972168e-01,-1.099841892719268799e-01,0.000000000000000000e+00
6.072568520903587341e-02,5.382428690791130066e-02,2.920422852039337158e-01,2.174481153488159180e-01,1.455292254686355591e-01,9.651619195938110352e-01,0.000000000000000000e+00
-1.416056156158447266e-01,2.566936910152435303e-01,-2.141247317194938660e-02,-3.890254199504852295e-01,9.110387563705444336e-01,-1.366293132305145264e-01,0.000000000000000000e+00
-6.976711750030517578e-02,-9.696967899799346924e-02,-2.523521780967712402e-01,-2.680778801441192627e-01,-2.969277799129486084e-01,-9.164977669715881348e-01,0.000000000000000000e+00
-1.594467610120773315e-01,-2.274291366338729858e-01,9.887263178825378418e-02,-5.032583475112915039e-01,-8.190791010856628418e-01,2.753913998603820801e-01,0.000000000000000000e+00
-7.397548854351043701e-02,-2.770508825778961182e-01,-5.767912790179252625e-02,-3.282461464405059814e-01,-8.964130878448486328e-01,-2.978222072124481201e-01,0.000000000000000000e+00
-2.146127671003341675e-01,1.854765266180038452e-01,9.455791860818862915e-02,-7.673555612564086914e-01,5.770969390869140625e-01,2.795078456401824951e-01,0.000000000000000000e+00
-1.431833356618881226e-01,-2.513342499732971191e-01,4.830930009484291077e-02,-5.474251508712768555e-01,-8.278409242630004883e-01,1.224951520562171936e-01,0.000000000000000000e+00
-1.476779729127883911e-01,-2.178513407707214355e-01,-1.032232418656349182e-01,-5.054377317428588867e-01,-7.496643066406250000e-01,-4.272425472736358643e-01,0.000000000000000000e+00
2.514368593692779541e-01,-1.455862820148468018e-01,-3.527519479393959045e-02,8.466404080390930176e-01,-4.944361448287963867e-01,-1.968068331480026245e-01,0.000000000000000000e+00
-1.144928634166717529e-01,-1.666801273822784424e-01,2.166953682899475098e-01,-3.687939941883087158e-01,-5.725671648979187012e-01,7.322279810905456543e-01,0.000000000000000000e+00
6.925486028194427490e-02,-1.234991326928138733e-01,2.539199292659759521e-01,1.976959705352783203e-01,-4.584264159202575684e-01,8.664649724960327148e-01,0.000000000000000000e+00
-1.399920582771301270e-01,2.591560482978820801e-01,4.057569056749343872e-02,-3.699783086776733398e-01,9.228910803794860840e-01,1.067149266600608826e-01,0.000000000000000000e+00
7.295563071966171265e-02,-1.924360394477844238e-01,-1.971749216318130493e-01,2.598635852336883545e-01,-6.631320118904113770e-01,-7.019450068473815918e-01,0.000000000000000000e+00
-3.676886484026908875e-02,1.113522127270698547e-01,2.787536680698394775e-01,-1.879790872335433960e-01,3.328507542610168457e-01,9.240531325340270996e-01,0.000000000000000000e+00
1.803956367075443268e-02,-2.954865097999572754e-01,-2.461278624832630157e-02,9.279903769493103027e-02,-9.842938184738159180e-01,-1.501799672842025757e-01,0.000000000000000000e+00
1.624436080455780029e-01,2.254906296730041504e-01,1.181040927767753601e-01,4.678677320480346680e-01,8.053944706916809082e-01,3.639223873615264893e-01,0.000000000000000000e+00
-2.097589075565338135e-01,9.274291247129440308e-02,1.854476183652877808e-01,-7.258757948875427246e-01,3.030299842357635498e-01,6.174764633178710938e-01,0.000000000000000000e+00
2.184124439954757690e-01,-8.595415204763412476e-02,1.821152418851852417e-01,7.551861405372619629e-01,-3.505495786666870117e-01,5.539032816886901855e-01,0.000000000000000000e+00
2.701484560966491699e-01,1.303965002298355103e-01,1.043924316763877869e-02,9.350324869155883789e-01,3.533862829208374023e-01,2.885082736611366272e-02,0.000000000000000000e+00
-6.417141854763031006e-02,-4.330347478389739990e-02,-2.659203112125396729e-01,-2.102874964475631714e-01,-1.287778019905090332e-01,-9.691209793090820312e-01,0.000000000000000000e+00
-6.016821041703224182e-02,-1.102894842624664307e-01,2.664216160774230957e-01,-5.207675695419311523e-02,-4.534623920917510986e-01,8.897526860237121582e-01,0.000000000000000000e+00
1.399640887975692749e-01,7.000364363193511963e-02,-2.303572744131088257e-01,4.712348282337188721e-01,2.308189123868942261e-01,-8.512698411941528320e-01,0.000000000000000000e+00
1.269297450780868530e-01,-2.636585831642150879e-01,3.101159259676933289e-02,4.339755177497863770e-01,-9.007383584976196289e-01,1.832210086286067963e-02,0.000000000000000000e+00
-2.745730876922607422e-01,-8.809769153594970703e-02,-1.255096588283777237e-02,-9.585524201393127441e-01,-2.672810554504394531e-01,-9.868199378252029419e-02,0.000000000000000000e+00
-6.572756916284561157e-02,2.254668027162551880e-01,1.919926702976226807e-01,-2.701014578342437744e-01,7.292470932006835938e-01,6.286842226982116699e-01,0.000000000000000000e+00
-2.094554156064987183e-01,2.062495499849319458e-01,4.703217744827270508e-02,-7.194475531578063965e-01,6.938052773475646973e-01,3.208497166633605957e-02,0.000000000000000000e+00
2.511866986751556396e-01,-1.356636732816696167e-01,-6.076261401176452637e-02,8.041306138038635254e-01,-5.292609930038452148e-01,-2.706597447395324707e-01,0.000000000000000000e+00
-2.625715136528015137e-01,-3.105497546494007111e-02,-8.997518569231033325e-02,-9.173388481140136719e-01,-1.011022478342056274e-01,-3.850555419921875000e-01,0.000000000000000000e+00
1.165752485394477844e-01,2.262670993804931641e-01,-1.357017159461975098e-01,3.450613021850585938e-01,8.325579762458801270e-01,-4.333357810974121094e-01,0.000000000000000000e+00
1.486344486474990845e-01,1.322568506002426147e-01,-1.998370289802551270e-01,4.969975352287292480e-01,4.103219509124755859e-01,-7.646105885505676270e-01,0.000000000000000000e+00
-6.496977061033248901e-02,2.648938894271850586e-01,9.412675350904464722e-02,-1.241675484925508499e-02,9.917517900466918945e-01,1.275704801082611084e-01,0.000000000000000000e+00
-1.230004653334617615e-01,2.078021764755249023e-01,-1.448195427656173706e-01,-4.236256778240203857e-01,6.609253883361816406e-01,-6.194505095481872559e-01,0.000000000000000000e+00
-5.104776471853256226e-02,7.350134104490280151e-02,-2.530795335769653320e-01,-1.279672384262084961e-01,2.895331382751464844e-01,-9.485751986503601074e-01,0.000000000000000000e+00
2.449796646833419800e-01,5.160437151789665222e-02,1.656578034162521362e-01,8.438736796379089355e-01,1.021834611892700195e-01,5.267216563224792480e-01,0.000000000000000000e+00
2.428658157587051392e-01,1.703094989061355591e-01,6.046772003173828125e-02,8.323364853858947754e-01,5.415523052215576172e-01,1.180555373430252075e-01,0.000000000000000000e+00
2.096568942070007324e-01,2.047978192567825317e-01,7.909840345382690430e-02,6.839223504066467285e-01,6.852703094482421875e-01,2.503094375133514404e-01,0.000000000000000000e+00
-2.445377558469772339e-01,1.440718472003936768e-01,-2.994280308485031128e-02,-8.855227828025817871e-01,4.308756887912750244e-01,-1.737688183784484863e-01,0.000000000000000000e+00
-1.597311049699783325e-01,-2.066497057676315308e-01,1.398635953664779663e-01,-5.293526649475097656e-01,-7.123064994812011719e-01,4.608743488788604736e-01,0.000000000000000000e+00
1.156836375594139099e-01,2.519571185111999512e-01,-8.631903678178787231e-02,3.203826844692230225e-01,8.894892334938049316e-01,-3.258278667926788330e-01,0.000000000000000000e+00
1.254143659025430679e-02,7.451251614838838577e-03,3.013598322868347168e-01,7.999563962221145630e-02,-3.030038438737392426e-02,9.963345527648925781e-01,0.000000000000000000e+00
1.903848201036453247e-01,-9.889689832925796509e-02,-1.844536513090133667e-01,5.016224384307861328e-01,-3.769189715385437012e-01,-7.786571979522705078e-01,0.000000000000000000e+00
1.216526776552200317e-01,-9.427126497030258179e-02,2.519748508930206299e-01,3.361296653747558594e-01,-3.643694519996643066e-01,8.684766888618469238e-01,0.000000000000000000e+00
4.730412736535072327e-02,-8.743055164813995361e-02,2.759998440742492676e-01,2.101125568151473999e-01,-3.925074040889739990e-01,8.954276442527770996e-01,0.000000000000000000e+00
1.703047603368759155e-01,-1.576340198516845703e-01,-1.642215549945831299e-01,5.674144625663757324e-01,-6.045969128608703613e-01,-5.590200424194335938e-01,0.000000000000000000e+00
1.092413812875747681e-01,-1.976340562105178833e-01,-1.731348037719726562e-01,3.663433492183685303e-01,-7.321149706840515137e-01,-5.742823481559753418e-01,0.000000000000000000e+00
3.330153122078627348e-04,-2.651194036006927490e-01,1.332309693098068237e-01,-2.615633420646190643e-02,-8.691440224647521973e-01,4.938668906688690186e-01,0.000000000000000000e+00
2.783532142639160156e-01,1.074096485972404480e-01,2.981513924896717072e-02,9.310721158981323242e-01,3.617179095745086670e-01,4.759005457162857056e-02,0.000000000000000000e+00
3.466326370835304260e-02,1.535618901252746582e-01,-2.282390147447586060e-01,2.824653126299381256e-02,4.507823586463928223e-01,-8.921868801116943359e-01,0.000000000000000000e+00
-1.379410624504089355e-01,-2.236550599336624146e-01,1.340243816375732422e-01,-4.300698637962341309e-01,-7.723914980888366699e-01,4.673877656459808350e-01,0.000000000000000000e+00
2.884325087070465088e-01,-2.070349082350730896e-02,-5.681623518466949463e-02,9.718453288078308105e-01,2.521727792918682098e-02,-2.342664003372192383e-01,0.000000000000000000e+00
-6.604223698377609253e-02,1.099102422595024109e-01,2.720789611339569092e-01,-2.284043133258819580e-01,3.408821523189544678e-01,9.119379520416259766e-01,0.000000000000000000e+00
-2.653873339295387268e-02,2.580466866493225098e-01,1.335720568895339966e-01,8.278681337833404541e-02,9.772423505783081055e-01,1.953040808439254761e-01,0.000000000000000000e+00
2.510523200035095215e-01,1.613920778036117554e-01,-1.688786409795284271e-02,8.591020703315734863e-01,5.063060522079467773e-01,-7.481872290372848511e-02,0.000000000000000000e+00
1.935998201370239258e-01,8.969713747501373291e-02,-1.840799599885940552e-01,6.637840270996093750e-01,2.324669957160949707e-01,-7.108796834945678711e-01,0.000000000000000000e+00
2.098298668861389160e-01,-2.017627507448196411e-01,-1.651377975940704346e-02,6.979627609252929688e-01,-6.991226673126220703e-01,-1.551626324653625488e-01,0.000000000000000000e+00
-1.876089870929718018e-01,1.187188178300857544e-01,-1.627319902181625366e-01,-6.637908816337585449e-01,4.287856817245483398e-01,-6.128005385398864746e-01,0.000000000000000000e+00
1.865883171558380127e-01,-7.492450624704360962e-02,2.213127762079238892e-01,6.286363005638122559e-01,-3.388287723064422607e-01,7.000082135200500488e-01,0.000000000000000000e+00
-1.318201124668121338e-01,4.902163892984390259e-02,2.594230473041534424e-01,-5.368893146514892578e-01,1.473022848367691040e-01,8.306936621665954590e-01,0.000000000000000000e+00
-1.163106225430965424e-02,-2.060280591249465942e-01,-1.950790137052536011e-01,-3.913700580596923828e-02,-7.197439670562744141e-01,-6.931355595588684082e-01,0.000000000000000000e+00
1.524548381567001343e-01,2.072019726037979126e-01,-1.369984298944473267e-01,3.767228126525878906e-01,7.918900251388549805e-01,-4.806143045425415039e-01,0.000000000000000000e+00
-1.019633486866950989e-01,-2.752648293972015381e-01,-1.985207386314868927e-02,-4.352573454380035400e-01,-8.917807340621948242e-01,-1.236050203442573547e-01,0.000000000000000000e+00
-4.451312869787216187e-02,-2.824038565158843994e-01,8.775059878826141357e-02,-1.994070112705230713e-01,-8.990623354911804199e-01,3.897740542888641357e-01,0.000000000000000000e+00
-7.930341362953186035e-02,-2.331459075212478638e-01,1.611472219228744507e-01,-2.395671308040618896e-01,-8.155367374420166016e-01,5.267897844314575195e-01,0.000000000000000000e+00
-7.544004172086715698e-02,-1.113196387887001038e-01,2.627983391284942627e-01,-2.235036790370941162e-01,-4.214166998863220215e-01,8.788936734199523926e-01,0.000000000000000000e+00
1.538043469190597534e-01,-1.144710555672645569e-01,2.236144393682479858e-01,4.596704840660095215e-01,-4.877999722957611084e-01,7.421281933784484863e-01,0.000000000000000000e+00
-1.234546452760696411e-01,-2.651472389698028564e-01,-9.344691410660743713e-03,-5.210652351379394531e-01,-8.518089652061462402e-01,-5.396788194775581360e-02,0.000000000000000000e+00
1.951920539140701294e-01,2.253400832414627075e-01,-2.951259259134531021e-03,6.428760290145874023e-01,7.589139938354492188e-01,-1.037304773926734924e-01,0.000000000000000000e+00
-1.043637916445732117e-01,-2.751714885234832764e-01,3.961387649178504944e-02,-4.459894299507141113e-01,-8.893136382102966309e-01,1.010678485035896301e-01,0.000000000000000000e+00
-5.048774182796478271e-02,-2.329893112182617188e-01,1.724129468202590942e-01,-1.702809333801269531e-01,-7.980635166168212891e-01,5.780130028724670410e-01,0.000000000000000000e+00
-2.487300783395767212e-01,-1.019256711006164551e-01,-8.310835808515548706e-02,-8.792257905006408691e-01,-3.311356306076049805e-01,-3.425072431564331055e-01,0.000000000000000000e+00
2.069368809461593628e-01,1.998598575592041016e-01,-7.171573489904403687e-02,6.603147983551025391e-01,6.848141551017761230e-01,-3.082432746887207031e-01,0.000000000000000000e+00
-5.567618086934089661e-02,7.349989563226699829e-02,-2.524629235267639160e-01,-1.264607161283493042e-01,2.889646589756011963e-01,-9.489505290985107422e-01,0.000000000000000000e+00
2.972034811973571777e-01,2.938232198357582092e-02,-4.559793975204229355e-03,9.982985258102416992e-01,5.771243199706077576e-02,-8.323500864207744598e-03,0.000000000000000000e+00
1.489455811679363251e-02,-1.445186883211135864e-01,-2.413640767335891724e-01,5.395027250051498413e-02,-4.571732282638549805e-01,-8.877398371696472168e-01,0.000000000000000000e+00
-9.641598165035247803e-02,2.696352303028106689e-01,2.124593220651149750e-02,-9.680592268705368042e-02,9.950062632560729980e-01,2.431413717567920685e-02,0.000000000000000000e+00
1.137624606490135193e-01,-2.404036372900009155e-01,1.313538700342178345e-01,4.143114984035491943e-01,-7.797162532806396484e-01,4.694555401802062988e-01,0.000000000000000000e+00
-1.910346001386642456e-01,1.491843163967132568e-01,1.733235865831375122e-01,-6.486334204673767090e-01,4.866162538528442383e-01,5.852172970771789551e-01,0.000000000000000000e+00
9.184268862009048462e-02,-8.719163946807384491e-03,2.867625653743743896e-01,3.644849061965942383e-01,-1.237761154770851135e-01,9.229465126991271973e-01,0.000000000000000000e+00
2.004962414503097534e-01,-2.048765718936920166e-01,-4.184907674789428711e-02,6.890255808830261230e-01,-6.959518194198608398e-01,-2.022245079278945923e-01,0.000000000000000000e+00
-1.967871040105819702e-01,2.125195115804672241e-01,-3.164437413215637207e-02,-6.701959371566772461e-01,7.044807672500610352e-01,-2.335471212863922119e-01,0.000000000000000000e+00
-1.559608876705169678e-01,-1.985141485929489136e-01,-1.241129711270332336e-01,-5.441986918449401855e-01,-6.794821023941040039e-01,-4.920892715454101562e-01,0.000000000000000000e+00
9.786435961723327637e-02,-2.168058305978775024e-01,-1.557878255844116211e-01,3.327029049396514893e-01,-7.519169449806213379e-01,-5.691482424736022949e-01,0.000000000000000000e+00
-8.265958726406097412e-02,-4.145199060440063477e-02,2.820676565170288086e-01,-2.779762446880340576e-01,-1.601999998092651367e-01,9.471352100372314453e-01,0.000000000000000000e+00
-6.956275552511215210e-02,2.679334282875061035e-01,4.443129152059555054e-02,9.733276069164276123e-02,9.861353039741516113e-01,1.344004869461059570e-01,0.000000000000000000e+00
-2.619394361972808838e-01,-3.950379043817520142e-02,1.228183060884475708e-01,-8.813080787658691406e-01,-1.282197833061218262e-01,4.548140168190002441e-01,0.000000000000000000e+00
2.796026468276977539e-01,-9.267920255661010742e-02,3.939943388104438782e-02,9.201130867004394531e-01,-3.676363527774810791e-01,1.350384503602981567e-01,0.000000000000000000e+00
-1.516800671815872192e-01,-1.843431442975997925e-01,-1.460807025432586670e-01,-5.243773460388183594e-01,-6.314889788627624512e-01,-5.711830258369445801e-01,0.000000000000000000e+00
1.818711608648300171e-01,2.304606139659881592e-01,-4.049516841769218445e-02,5.861348509788513184e-01,7.915244102478027344e-01,-1.730175167322158813e-01,0.000000000000000000e+00
-7.663585711270570755e-03,2.604633569717407227e-01,-1.129679232835769653e-01,-1.474086195230484009e-02,9.325492978096008301e-01,-3.607416749000549316e-01,0.000000000000000000e+00
1.746879369020462036e-01,-2.173127084970474243e-01,-7.010398060083389282e-02,6.316962242126464844e-01,-6.903670430183410645e-01,-3.526375293731689453e-01,0.000000000000000000e+00
1.248224452137947083e-01,-2.471180111169815063e-01,-6.523844599723815918e-02,4.138047695159912109e-01,-8.587937355041503906e-01,-3.020577728748321533e-01,0.000000000000000000e+00
-1.443343013525009155e-01,1.332823932170867920e-01,2.240678071975708008e-01,-5.277789831161499023e-01,3.665597736835479736e-01,7.662135958671569824e-01,0.000000000000000000e+00
8.374387025833129883e-02,-1.567353457212448120e-01,-2.203999459743499756e-01,3.433739244937896729e-01,-5.112955570220947266e-01,-7.878268957138061523e-01,0.000000000000000000e+00
-8.412320166826248169e-03,2.461644709110260010e-01,1.673163473606109619e-01,4.323413595557212830e-03,9.275196790695190430e-01,3.737493455410003662e-01,0.000000000000000000e+00
-3.247822634875774384e-03,2.115259021520614624e-01,2.173103690147399902e-01,3.453499823808670044e-02,7.011704444885253906e-01,7.121568322181701660e-01,0.000000000000000000e+00
-2.317544966936111450e-01,-5.972021073102951050e-02,1.688582003116607666e-01,-7.844147682189941406e-01,-1.492546498775482178e-01,6.020103693008422852e-01,0.000000000000000000e+00
2.943727746605873108e-02,2.541024982929229736e-01,-4.433766473084688187e-03,-4.340785145759582520e-01,8.530110716819763184e-01,2.897377610206604004e-01,0.000000000000000000e+00
-9.518136503174901009e-04,-1.559439599514007568e-01,2.471372485160827637e-01,4.026696085929870605e-02,-5.316025614738464355e-01,8.460361957550048828e-01,0.000000000000000000e+00
-4.679425805807113647e-02,1.997183561325073242e-01,2.232002764940261841e-01,-1.979314833879470825e-01,6.355840563774108887e-01,7.462278604507446289e-01,0.000000000000000000e+00
-5.880752205848693848e-02,2.647818922996520996e-01,9.742746129631996155e-03,2.563838660717010498e-01,9.444032311439514160e-01,-2.058393657207489014e-01,0.000000000000000000e+00
7.211767882108688354e-02,2.653887569904327393e-01,-1.265119761228561401e-02,-1.563342064619064331e-01,9.869357347488403320e-01,-3.895520791411399841e-02,0.000000000000000000e+00
-1.806464046239852905e-01,-2.249968796968460083e-01,1.089152321219444275e-02,-6.665936112403869629e-01,-7.453686594963073730e-01,-8.858310990035533905e-03,0.000000000000000000e+00
9.802673012018203735e-02,2.192204743623733521e-01,-1.566615849733352661e-01,3.252906501293182373e-01,7.733511924743652344e-01,-5.441634654998779297e-01,0.000000000000000000e+00
-2.212832123041152954e-01,-1.829901635646820068e-01,2.561146207153797150e-02,-7.567309737205505371e-01,-6.514221429824829102e-01,5.484010279178619385e-02,0.000000000000000000e+00
1.899716854095458984e-01,1.590091735124588013e-01,-1.500906348228454590e-01,6.478420495986938477e-01,4.596060514450073242e-01,-6.075055599212646484e-01,0.000000000000000000e+00
-9.698285907506942749e-02,-2.795463204383850098e-01,-3.408436663448810577e-03,-4.271107912063598633e-01,-8.964088559150695801e-01,-1.184380054473876953e-01,0.000000000000000000e+00
-9.741064161062240601e-03,-1.718586236238479614e-01,2.355733066797256470e-01,2.369013614952564240e-02,-5.720337033271789551e-01,8.198879361152648926e-01,0.000000000000000000e+00
-1.232456266880035400e-01,-2.133556604385375977e-01,1.632061004638671875e-01,-3.844518363475799561e-01,-7.812978029251098633e-01,4.917016923427581787e-01,0.000000000000000000e+00
2.266471982002258301e-01,3.186793252825737000e-02,-1.642123311758041382e-01,7.606482505798339844e-01,6.441409885883331299e-02,-6.459605693817138672e-01,0.000000000000000000e+00
-1.986974030733108521e-01,1.994909793138504028e-01,1.037941873073577881e-01,-6.791371703147888184e-01,6.688574552536010742e-01,3.023283779621124268e-01,0.000000000000000000e+00
1.210027486085891724e-01,-1.214478239417076111e-01,-2.230732291936874390e-01,4.684222638607025146e-01,-4.013622999191284180e-01,-7.870761752128601074e-01,0.000000000000000000e+00
-2.266978621482849121e-01,-6.461737304925918579e-02,-1.481894254684448242e-01,-8.022226095199584961e-01,-2.219074815511703491e-01,-5.542526245117187500e-01,0.000000000000000000e+00
-8.568904548883438110e-02,-1.641729027032852173e-01,-2.103494852781295776e-01,-3.359895944595336914e-01,-5.704977512359619141e-01,-7.494286298751831055e-01,0.000000000000000000e+00
2.337187528610229492e-01,1.137246415019035339e-01,1.529138833284378052e-01,7.944555878639221191e-01,3.629016578197479248e-01,4.869730174541473389e-01,0.000000000000000000e+00
2.159041166305541992e-01,-1.053044348955154419e-01,1.742633879184722900e-01,7.424095273017883301e-01,-3.022348880767822266e-01,5.978981256484985352e-01,0.000000000000000000e+00
-2.506282925605773926e-02,-2.633295357227325439e-01,1.322403699159622192e-01,-1.101530119776725769e-01,-8.621268868446350098e-01,4.945741295814514160e-01,0.000000000000000000e+00
3.724320977926254272e-02,1.015084609389305115e-01,2.820620536804199219e-01,1.151723936200141907e-01,3.304545581340789795e-01,9.367684125900268555e-01,0.000000000000000000e+00
2.174222320318222046e-01,-1.538606733083724976e-01,-1.065432578325271606e-01,7.161393165588378906e-01,-5.753003954887390137e-01,-3.951885700225830078e-01,0.000000000000000000e+00
-1.297532021999359131e-01,2.521668672561645508e-01,-6.288764625787734985e-02,-3.950472176074981689e-01,8.740711808204650879e-01,-2.827318012714385986e-01,0.000000000000000000e+00
2.700209319591522217e-01,1.263545304536819458e-01,-1.819118857383728027e-02,9.170991182327270508e-01,3.890088498592376709e-01,-8.718544244766235352e-02,0.000000000000000000e+00
1.156478896737098694e-01,1.355514116585254669e-02,-2.498381435871124268e-01,3.866849243640899658e-01,3.788375109434127808e-02,-9.214334487915039062e-01,0.000000000000000000e+00
-3.019385412335395813e-02,-2.093880623579025269e-01,2.053970694541931152e-01,-1.177714839577674866e-01,-6.818589568138122559e-01,7.219406366348266602e-01,0.000000000000000000e+00
-1.169890835881233215e-01,8.088925480842590332e-02,2.602818608283996582e-01,-4.421464204788208008e-01,2.368530631065368652e-01,8.651052713394165039e-01,0.000000000000000000e+00
1.893370449542999268e-01,9.151893109083175659e-02,-1.874446868896484375e-01,6.560740470886230469e-01,2.321306616067886353e-01,-7.181101441383361816e-01,0.000000000000000000e+00
1.308461129665374756e-01,-8.746943622827529907e-02,-2.294316142797470093e-01,3.974788784980773926e-01,-1.853362619876861572e-01,-8.986996412277221680e-01,0.000000000000000000e+00
2.236184775829315186e-01,4.796666651964187622e-02,-1.662468314170837402e-01,7.306224703788757324e-01,1.319574862718582153e-01,-6.699089407920837402e-01,0.000000000000000000e+00
-1.473192125558853149e-01,1.829914152622222900e-01,-1.500876694917678833e-01,-4.921261668205261230e-01,5.799217224121093750e-01,-6.492323279380798340e-01,0.000000000000000000e+00
1.683488488197326660e-02,-2.757715582847595215e-01,1.151069253683090210e-01,5.314502492547035217e-02,-8.778387904167175293e-01,4.759986400604248047e-01,0.000000000000000000e+00
-1.158656254410743713e-01,-2.275475859642028809e-01,1.467055380344390869e-01,-3.783831298351287842e-01,-7.882403731346130371e-01,4.852868318557739258e-01,0.000000000000000000e+00
1.459772735834121704e-01,-2.614236623048782349e-02,2.615457475185394287e-01,4.349220395088195801e-01,-1.513570100069046021e-01,8.876563906669616699e-01,0.000000000000000000e+00
-1.710598468780517578e-01,-2.165558487176895142e-01,-6.960669904947280884e-02,-5.857230424880981445e-01,-7.606644034385681152e-01,-2.798538804054260254e-01,0.000000000000000000e+00
2.093400061130523682e-01,-1.666584610939025879e-01,-1.015293821692466736e-01,6.948087215423583984e-01,-6.058642864227294922e-01,-3.875168263912200928e-01,0.000000000000000000e+00
1.092336252331733704e-01,-3.382397815585136414e-02,2.760714888572692871e-01,3.829668462276458740e-01,-2.071498334407806396e-01,9.002362489700317383e-01,0.000000000000000000e+00
2.306813560426235199e-02,2.608073353767395020e-01,5.032992735505104065e-02,5.621411651372909546e-02,6.446728110313415527e-01,7.623890042304992676e-01,0.000000000000000000e+00
-2.405688613653182983e-01,1.224716305732727051e-01,-7.650911808013916016e-02,-8.694836497306823730e-01,3.778016269207000732e-01,-3.182202577590942383e-01,0.000000000000000000e+00
-5.472171306610107422e-02,8.942947536706924438e-02,2.819304168224334717e-01,-2.121353447437286377e-01,2.536021471023559570e-01,9.437608718872070312e-01,0.000000000000000000e+00
-1.765245795249938965e-01,1.726138889789581299e-01,1.683937609195709229e-01,-5.295010209083557129e-01,5.266726613044738770e-01,6.650147438049316406e-01,0.000000000000000000e+00
2.491669952869415283e-01,-1.571057736873626709e-01,2.505373023450374603e-02,8.454060554504394531e-01,-5.325914621353149414e-01,4.043413698673248291e-02,0.000000000000000000e+00
-4.396851733326911926e-02,1.950629353523254395e-01,-1.919359117746353149e-01,-1.932394653558731079e-01,6.158615946769714355e-01,-7.637885808944702148e-01,0.000000000000000000e+00
-1.479398012161254883e-01,2.347144931554794312e-01,-7.893420010805130005e-02,-4.541267156600952148e-01,8.003866672515869141e-01,-3.913440108299255371e-01,0.000000000000000000e+00
-1.525496393442153931e-01,9.016589075326919556e-02,-2.067651748657226562e-01,-5.386578440666198730e-01,3.413972854614257812e-01,-7.702568769454956055e-01,0.000000000000000000e+00
2.569093182682991028e-02,-2.465920299291610718e-01,1.614480167627334595e-01,7.587528228759765625e-02,-8.080201745033264160e-01,5.842484831809997559e-01,0.000000000000000000e+00
1.310498565435409546e-01,-2.454000860452651978e-01,1.059082001447677612e-01,4.903098046779632568e-01,-7.720475792884826660e-01,4.043993353843688965e-01,0.000000000000000000e+00
-1.343523412942886353e-01,-2.199730128049850464e-01,1.433315128087997437e-01,-4.025373160839080811e-01,-7.716283798217773438e-01,4.924970269203186035e-01,0.000000000000000000e+00
-9.094440937042236328e-02,-2.433674335479736328e-01,1.385932713747024536e-01,-3.130576312541961670e-01,-8.093753457069396973e-01,4.968968629837036133e-01,0.000000000000000000e+00
9.393913298845291138e-02,2.179609984159469604e-01,1.876565217971801758e-01,2.473547458648681641e-01,7.706673145294189453e-01,5.872712731361389160e-01,0.000000000000000000e+00
1.394220292568206787e-01,-1.054091230034828186e-01,-2.203465253114700317e-01,4.648997783660888672e-01,-2.963816523551940918e-01,-8.342818021774291992e-01,0.000000000000000000e+00
2.729477547109127045e-02,2.562394440174102783e-01,-1.478416565805673599e-02,-4.449386000633239746e-01,8.543721437454223633e-01,2.684731781482696533e-01,0.000000000000000000e+00
-2.399230562150478363e-02,4.038921743631362915e-02,-2.649148404598236084e-01,-3.380614891648292542e-02,2.062347978353500366e-01,-9.779183864593505859e-01,0.000000000000000000e+00
-2.426919043064117432e-01,-1.309330854564905167e-02,-1.355338841676712036e-01,-8.734612464904785156e-01,-4.817923530936241150e-02,-4.845040738582611084e-01,0.000000000000000000e+00
-4.888132214546203613e-02,-2.587190866470336914e-01,1.331627219915390015e-01,-2.054341286420822144e-01,-8.511264324188232422e-01,4.830948114395141602e-01,0.000000000000000000e+00
-1.507044397294521332e-02,2.484196573495864868e-01,1.627016365528106689e-01,4.277109727263450623e-02,9.189987182617187500e-01,3.919336497783660889e-01,0.000000000000000000e+00
4.598299786448478699e-02,1.528418809175491333e-01,-2.276548445224761963e-01,9.996713697910308838e-02,4.600849151611328125e-01,-8.822292685508728027e-01,0.000000000000000000e+00
1.858969628810882568e-01,-1.830040514469146729e-01,-1.151562482118606567e-01,6.244908571243286133e-01,-6.296583414077758789e-01,-4.621055722236633301e-01,0.000000000000000000e+00
8.157876878976821899e-02,2.537865638732910156e-01,5.676102638244628906e-02,-2.146110236644744873e-01,9.111873507499694824e-01,3.516813218593597412e-01,0.000000000000000000e+00
7.512033730745315552e-02,2.481025457382202148e-01,8.500014990568161011e-02,6.308125704526901245e-02,9.954989552497863770e-01,-7.072913646697998047e-02,0.000000000000000000e+00
-2.517503499984741211e-02,1.055549755692481995e-01,-2.456680089235305786e-01,-9.982034564018249512e-02,3.632458448410034180e-01,-9.263305664062500000e-01,0.000000000000000000e+00
7.808595895767211914e-02,1.932396590709686279e-01,-1.908168196678161621e-01,2.107910960912704468e-01,6.450358629226684570e-01,-7.345038056373596191e-01,0.000000000000000000e+00
-1.030052527785301208e-01,-2.455646544694900513e-01,-1.011658832430839539e-01,-4.081873595714569092e-01,-8.082956671714782715e-01,-4.243126213550567627e-01,0.000000000000000000e+00
2.052661264315247536e-03,2.534434795379638672e-01,8.391301333904266357e-02,2.659779191017150879e-01,9.222124218940734863e-01,-2.806777358055114746e-01,0.000000000000000000e+00
1.356675177812576294e-01,1.831180453300476074e-01,-1.742405146360397339e-01,4.171478450298309326e-01,6.079453229904174805e-01,-6.755665540695190430e-01,0.000000000000000000e+00
1.176411956548690796e-01,2.378852218389511108e-01,1.340030133724212646e-01,2.797110676765441895e-01,8.945299386978149414e-01,3.486801981925964355e-01,0.000000000000000000e+00
7.826455682516098022e-02,-1.625891327857971191e-01,2.285768538713455200e-01,2.234031856060028076e-01,-5.244721174240112305e-01,8.215960264205932617e-01,0.000000000000000000e+00
5.211111158132553101e-02,2.135950624942779541e-01,2.076510190963745117e-01,2.008319050073623657e-01,7.222516536712646484e-01,6.618301272392272949e-01,0.000000000000000000e+00
2.126663178205490112e-01,2.103161513805389404e-01,2.559993648901581764e-03,6.812627911567687988e-01,7.267686724662780762e-01,-8.768279850482940674e-02,0.000000000000000000e+00
-1.749139279127120972e-01,-1.722661405801773071e-01,-1.356878131628036499e-01,-5.896744728088378906e-01,-5.927628278732299805e-01,-5.485583543777465820e-01,0.000000000000000000e+00
1.857615560293197632e-01,2.331085801124572754e-01,3.382070735096931458e-02,5.562158823013305664e-01,8.232532143592834473e-01,1.134810969233512878e-01,0.000000000000000000e+00
-2.807061672210693359e-01,-4.017436876893043518e-02,-3.099303320050239563e-02,-9.676983356475830078e-01,-1.153378710150718689e-01,-2.241809964179992676e-01,0.000000000000000000e+00
1.937034279108047485e-01,-1.771761775016784668e-01,-1.114459931850433350e-01,6.814002394676208496e-01,-5.849893093109130859e-01,-4.398650228977203369e-01,0.000000000000000000e+00
1.750314682722091675e-01,1.119987964630126953e-01,-1.909947097301483154e-01,5.817551016807556152e-01,2.848589718341827393e-01,-7.618505954742431641e-01,0.000000000000000000e+00
-2.859510779380798340e-01,-4.767732322216033936e-02,3.968364372849464417e-02,-9.854305386543273926e-01,-1.282265782356262207e-01,1.117345765233039856e-01,0.000000000000000000e+00
1.485187262296676636e-01,2.236487716436386108e-01,1.391236782073974609e-01,4.327369332313537598e-01,8.207104206085205078e-01,3.730591535568237305e-01,0.000000000000000000e+00
-1.943263970315456390e-02,2.555481791496276855e-01,1.098039932548999786e-02,6.826242059469223022e-02,9.263114929199218750e-01,3.705229759216308594e-01,0.000000000000000000e+00
-1.085996553301811218e-01,-1.238975226879119873e-01,-2.259383499622344971e-01,-3.886830508708953857e-01,-4.807308912277221680e-01,-7.860173583030700684e-01,0.000000000000000000e+00
-1.646399796009063721e-01,2.388914078474044800e-01,-3.654166311025619507e-02,-6.152815818786621094e-01,7.671140432357788086e-01,-1.815616935491561890e-01,0.000000000000000000e+00
-1.431047916412353516e-01,2.156914323568344116e-01,1.541698575019836426e-01,-5.575186014175415039e-01,7.454766631126403809e-01,3.652909696102142334e-01,0.000000000000000000e+00
1.133071184158325195e-01,2.448797225952148438e-01,-1.047360599040985107e-01,3.561985492706298828e-01,8.332213759422302246e-01,-4.229240119457244873e-01,0.000000000000000000e+00
1.404447853565216064e-01,2.371069043874740601e-01,1.137002259492874146e-01,3.122038245201110840e-01,8.966292738914489746e-01,3.139819800853729248e-01,0.000000000000000000e+00
2.343549281358718872e-01,-1.615169793367385864e-01,-5.335712060332298279e-02,7.501266002655029297e-01,-5.964251756668090820e-01,-2.856345474720001221e-01,0.000000000000000000e+00
2.835908234119415283e-01,6.078825518488883972e-02,7.272388041019439697e-02,9.335115551948547363e-01,2.064061313867568970e-01,2.931768298149108887e-01,0.000000000000000000e+00
4.869695380330085754e-02,4.479502141475677490e-02,2.960969805717468262e-01,1.653358340263366699e-01,9.700178354978561401e-02,9.814553856849670410e-01,0.000000000000000000e+00
-2.668351829051971436e-01,-9.867766499519348145e-02,-3.349049016833305359e-02,-9.010390639305114746e-01,-3.545641005039215088e-01,-2.498257607221603394e-01,0.000000000000000000e+00
1.739522367715835571e-01,-3.697716817259788513e-02,-2.154866307973861694e-01,5.471203923225402832e-01,-1.057879254221916199e-01,-8.303421735763549805e-01,0.000000000000000000e+00
7.560452073812484741e-02,1.679922491312026978e-01,2.398143112659454346e-01,2.507431805133819580e-01,5.565798282623291016e-01,7.920522689819335938e-01,0.000000000000000000e+00
-2.340760640799999237e-02,1.934652328491210938e-01,-1.978624016046524048e-01,-1.234367415308952332e-01,6.405913829803466797e-01,-7.578957676887512207e-01,0.000000000000000000e+00
2.647442221641540527e-01,1.083201318979263306e-01,-6.927596032619476318e-02,8.761439323425292969e-01,3.399470150470733643e-01,-3.417716324329376221e-01,0.000000000000000000e+00
-2.168956398963928223e-01,-9.196725487709045410e-02,-1.503892540931701660e-01,-7.643135786056518555e-01,-2.881205976009368896e-01,-5.768979787826538086e-01,0.000000000000000000e+00
3.799767792224884033e-02,-2.157339453697204590e-01,-1.813081055879592896e-01,9.626125544309616089e-02,-7.943544387817382812e-01,-5.997789502143859863e-01,0.000000000000000000e+00
-1.212660968303680420e-01,2.009109854698181152e-01,-1.530188620090484619e-01,-4.344992935657501221e-01,6.288870573043823242e-01,-6.447568535804748535e-01,0.000000000000000000e+00
2.391637489199638367e-02,-1.925102919340133667e-01,-2.074138671159744263e-01,6.566603481769561768e-02,-6.830592751502990723e-01,-7.274049520492553711e-01,0.000000000000000000e+00
2.309731990098953247e-01,-9.816648066043853760e-02,-1.407330185174942017e-01,7.571870684623718262e-01,-3.411967158317565918e-01,-5.570032000541687012e-01,0.000000000000000000e+00
-5.513617023825645447e-02,3.412618115544319153e-02,2.931207716464996338e-01,-2.468998581171035767e-01,1.341807693243026733e-01,9.597061872482299805e-01,0.000000000000000000e+00
-2.697669863700866699e-01,4.610422253608703613e-02,1.069645732641220093e-01,-9.257946014404296875e-01,1.326009929180145264e-01,3.540075123310089111e-01,0.000000000000000000e+00
1.801648885011672974e-01,-3.242168202996253967e-02,-2.119734287261962891e-01,5.471203923225402832e-01,-1.057879254221916199e-01,-8.303421735763549805e-01,0.000000000000000000e+00
9.474917501211166382e-02,1.396795511245727539e-01,2.511557340621948242e-01,2.902383804321289062e-01,4.763506948947906494e-01,8.299708962440490723e-01,0.000000000000000000e+00
-2.458993941545486450e-01,7.207962125539779663e-02,-1.050893887877464294e-01,-8.866733908653259277e-01,2.299921959638595581e-01,-4.011407196521759033e-01,0.000000000000000000e+00
-2.424976080656051636e-01,-1.536806523799896240e-01,3.161487728357315063e-02,-8.360211253166198730e-01,-5.470826625823974609e-01,4.206211864948272705e-02,0.000000000000000000e+00
2.924953103065490723e-01,-2.463035099208354950e-02,-3.833944350481033325e-02,9.780543446540832520e-01,-4.904069751501083374e-02,-2.024962455034255981e-01,0.000000000000000000e+00
-1.961285918951034546e-01,-1.808824837207794189e-01,-9.687501937150955200e-02,-7.089393734931945801e-01,-5.932134389877319336e-01,-3.814483582973480225e-01,0.000000000000000000e+00
-5.134886130690574646e-02,-2.915440797805786133e-01,-2.491790801286697388e-02,-2.099526971578598022e-01,-9.588444828987121582e-01,-1.911468654870986938e-01,0.000000000000000000e+00
-1.125958412885665894e-01,-2.412810772657394409e-01,-1.002422571182250977e-01,-4.277554452419281006e-01,-8.005706071853637695e-01,-4.196569323539733887e-01,0.000000000000000000e+00
-2.131173610687255859e-01,1.995290070772171021e-01,6.079696491360664368e-02,-7.389091253280639648e-01,6.618408560752868652e-01,1.264118254184722900e-01,0.000000000000000000e+00
-1.295367372222244740e-03,2.640625834465026855e-01,-2.891198545694351196e-02,1.072296202182769775e-01,9.620327949523925781e-01,2.509874105453491211e-01,0.000000000000000000e+00
-7.060843519866466522e-03,-2.946124374866485596e-01,6.059439107775688171e-02,4.055227711796760559e-02,-9.802114963531494141e-01,1.937548220157623291e-01,0.000000000000000000e+00
-5.459946766495704651e-02,-1.952957063913345337e-01,-1.955300867557525635e-01,-2.448629885911941528e-01,-6.827002763748168945e-01,-6.884493231773376465e-01,0.000000000000000000e+00
-1.359078139066696167e-01,-2.453739345073699951e-01,-6.033101305365562439e-02,-4.972156584262847900e-01,-8.219381570816040039e-01,-2.778385877609252930e-01,0.000000000000000000e+00
2.157294563949108124e-02,2.141655534505844116e-01,-1.806614845991134644e-01,-1.989813894033432007e-02,6.752294898033142090e-01,-7.373392581939697266e-01,0.000000000000000000e+00
-2.204761058092117310e-01,9.333840757608413696e-02,-1.389470398426055908e-01,-7.928542494773864746e-01,2.973383963108062744e-01,-5.319511890411376953e-01,0.000000000000000000e+00
2.057562917470932007e-01,-7.769067585468292236e-02,-1.800611764192581177e-01,6.572830677032470703e-01,-2.347874194383621216e-01,-7.161381840705871582e-01,0.000000000000000000e+00
3.216564655303955078e-02,-2.163335382938385010e-01,-1.814019083976745605e-01,7.518273591995239258e-02,-7.789804935455322266e-01,-6.225246191024780273e-01,0.000000000000000000e+00
-1.455621700733900070e-02,-2.068964093923568726e-01,-1.938861757516860962e-01,-8.256588131189346313e-02,-7.417486906051635742e-01,-6.655762195587158203e-01,0.000000000000000000e+00
-1.625112593173980713e-01,-5.576298013329505920e-02,-2.155496329069137573e-01,-5.644204616546630859e-01,-1.376632153987884521e-01,-8.139277696609497070e-01,0.000000000000000000e+00
-5.336274951696395874e-02,-4.994060099124908447e-02,-2.673203349113464355e-01,-1.951468139886856079e-01,-1.326410919427871704e-01,-9.717633724212646484e-01,0.000000000000000000e+00
2.628123620525002480e-03,-2.036285847425460815e-01,2.128703743219375610e-01,1.455871108919382095e-02,-6.238552331924438477e-01,7.814043164253234863e-01,0.000000000000000000e+00
-1.050828769803047180e-01,2.684372961521148682e-01,2.606923691928386688e-02,-1.404245197772979736e-01,9.891425371170043945e-01,4.333614930510520935e-02,0.000000000000000000e+00
1.636382639408111572e-01,-5.256149917840957642e-02,-2.202277034521102905e-01,5.434637665748596191e-01,-1.305659562349319458e-01,-8.292163014411926270e-01,0.000000000000000000e+00
-1.674403622746467590e-02,1.952493935823440552e-01,2.316158264875411987e-01,-2.574475854635238647e-02,6.082749366760253906e-01,7.933087348937988281e-01,0.000000000000000000e+00
2.968580424785614014e-01,3.090544044971466064e-02,-1.036502048373222351e-02,9.960899353027343750e-01,4.501756280660629272e-02,-7.601518929004669189e-02,0.000000000000000000e+00
1.762464493513107300e-01,1.563034057617187500e-01,1.866468936204910278e-01,5.242317318916320801e-01,5.028308033943176270e-01,6.872715950012207031e-01,0.000000000000000000e+00
1.049561500549316406e-01,2.130789607763290405e-01,1.887393295764923096e-01,3.210038542747497559e-01,7.635986208915710449e-01,5.602443218231201172e-01,0.000000000000000000e+00
-2.145730853080749512e-01,-1.307682543992996216e-01,1.556360125541687012e-01,-7.874582409858703613e-01,-3.976091146469116211e-01,4.709740281105041504e-01,0.000000000000000000e+00
2.171863913536071777e-01,5.360100418329238892e-02,2.046360224485397339e-01,7.444498538970947266e-01,1.458604931831359863e-01,6.515513062477111816e-01,0.000000000000000000e+00
-1.834296733140945435e-01,2.955042757093906403e-03,-2.045793533325195312e-01,-6.186017990112304688e-01,1.246227510273456573e-02,-7.856058478355407715e-01,0.000000000000000000e+00
-3.593913465738296509e-02,2.392794042825698853e-01,1.802049130201339722e-01,-6.873751431703567505e-02,8.530889749526977539e-01,5.172178745269775391e-01,0.000000000000000000e+00
2.568846195936203003e-02,-2.957987785339355469e-01,-1.748649775981903076e-02,1.600143760442733765e-01,-9.797306656837463379e-01,-1.205121725797653198e-01,0.000000000000000000e+00
-4.959198459982872009e-02,-4.187545739114284515e-03,2.960985898971557617e-01,-2.026516795158386230e-01,-5.683204159140586853e-02,9.776003360748291016e-01,0.000000000000000000e+00
-1.675107926130294800e-01,8.804896473884582520e-02,-1.969202160835266113e-01,-5.796003341674804688e-01,3.294768035411834717e-01,-7.453244328498840332e-01,0.000000000000000000e+00
9.304842352867126465e-02,-1.083562374114990234e-01,2.553830444812774658e-01,2.723745703697204590e-01,-4.200405180454254150e-01,8.656662702560424805e-01,0.000000000000000000e+00
-1.073812022805213928e-01,-2.050812989473342896e-01,-1.563910841941833496e-01,-4.151607453823089600e-01,-6.665356159210205078e-01,-6.191702485084533691e-01,0.000000000000000000e+00
3.597943484783172607e-02,2.613096535205841064e-01,3.577766567468643188e-02,7.130706310272216797e-01,6.997284889221191406e-01,4.370796307921409607e-02,0.000000000000000000e+00
2.492717951536178589e-01,-1.534204334020614624e-01,-1.464592851698398590e-02,8.130984306335449219e-01,-5.679946541786193848e-01,-1.274874806404113770e-01,0.000000000000000000e+00
1.410220116376876831e-01,1.259315311908721924e-01,-2.077082097530364990e-01,4.399070739746093750e-01,4.109946787357330322e-01,-7.984767556190490723e-01,0.000000000000000000e+00
2.308368086814880371e-01,-1.110292822122573853e-01,1.472924649715423584e-01,7.309399247169494629e-01,-4.485342800617218018e-01,5.143382549285888672e-01,0.000000000000000000e+00
8.527583442628383636e-03,2.334843017160892487e-02,-2.686953246593475342e-01,4.175581503659486771e-03,1.450506746768951416e-01,-9.894154071807861328e-01,0.000000000000000000e+00
-1.536733955144882202e-01,-1.272729039192199707e-01,-1.944512575864791870e-01,-5.233335494995117188e-01,-4.624159336090087891e-01,-7.157468199729919434e-01,0.000000000000000000e+00
1.835517734289169312e-01,-1.563658565282821655e-01,1.691881716251373291e-01,6.074094772338867188e-01,-5.470609664916992188e-01,5.760018229484558105e-01,0.000000000000000000e+00
-1.502894014120101929e-01,-4.618427157402038574e-02,2.471450120210647583e-01,-5.690895915031433105e-01,-9.469859302043914795e-02,8.168042898178100586e-01,0.000000000000000000e+00
1.797707229852676392e-01,2.350806444883346558e-01,-1.841605268418788910e-02,5.431988239288330078e-01,8.365364074707031250e-01,-7.170659303665161133e-02,0.000000000000000000e+00
1.667729169130325317e-01,2.042104005813598633e-01,-1.279578357934951782e-01,5.156310200691223145e-01,7.388161420822143555e-01,-4.339070916175842285e-01,0.000000000000000000e+00
1.177155002951622009e-01,2.375288903713226318e-01,1.348194181919097900e-01,2.744030654430389404e-01,8.877953886985778809e-01,3.694892823696136475e-01,0.000000000000000000e+00
2.367934137582778931e-01,-1.390074193477630615e-01,1.017679572105407715e-01,8.050361275672912598e-01,-4.274799227714538574e-01,4.113121926784515381e-01,0.000000000000000000e+00
-2.051187455654144287e-01,1.020151749253273010e-01,-1.537526398897171021e-01,-7.199751138687133789e-01,3.138748109340667725e-01,-6.189656257629394531e-01,0.000000000000000000e+00
1.053108274936676025e-02,1.910485774278640747e-01,-2.026100456714630127e-01,-3.950048983097076416e-02,6.338260173797607422e-01,-7.724663615226745605e-01,0.000000000000000000e+00
1.197821572422981262e-01,-2.333015501499176025e-01,-1.052890345454216003e-01,3.809219598770141602e-01,-8.460685014724731445e-01,-3.729163110256195068e-01,0.000000000000000000e+00
2.103758007287979126e-01,-2.705738693475723267e-02,-1.847982257604598999e-01,7.367439866065979004e-01,-1.193573623895645142e-01,-6.655539870262145996e-01,0.000000000000000000e+00
-7.062190771102905273e-02,-2.258453071117401123e-01,-1.546954512596130371e-01,-2.466426938772201538e-01,-7.646701931953430176e-01,-5.953544378280639648e-01,0.000000000000000000e+00
8.103767037391662598e-02,-1.020852178335189819e-01,-2.487376332283020020e-01,3.389255106449127197e-01,-2.982871532440185547e-01,-8.922747969627380371e-01,0.000000000000000000e+00
-2.857061102986335754e-02,-2.928030490875244141e-01,6.606273353099822998e-02,-9.181556105613708496e-02,-9.632704854011535645e-01,2.523487508296966553e-01,0.000000000000000000e+00
8.863972127437591553e-02,1.114804595708847046e-01,-2.371627241373062134e-01,2.415254414081573486e-01,4.100975394248962402e-01,-8.794802427291870117e-01,0.000000000000000000e+00
-1.720461249351501465e-01,-1.507341414690017700e-01,-1.597626507282257080e-01,-5.755738019943237305e-01,-5.377224683761596680e-01,-6.160920262336730957e-01,0.000000000000000000e+00
2.364384979009628296e-01,-6.327323615550994873e-02,-1.490672677755355835e-01,7.891755700111389160e-01,-1.417826861143112183e-01,-5.975780487060546875e-01,0.000000000000000000e+00
1.743481755256652832e-01,2.001819759607315063e-01,-1.234839633107185364e-01,5.262423157691955566e-01,7.471999526023864746e-01,-4.059079587459564209e-01,0.000000000000000000e+00
-7.448519766330718994e-02,-2.568066418170928955e-01,1.245149448513984680e-01,-2.484082132577896118e-01,-8.599903583526611328e-01,4.457689523696899414e-01,0.000000000000000000e+00
-1.890329271554946899e-01,1.734494715929031372e-01,1.541073769330978394e-01,-6.547822356224060059e-01,5.681865215301513672e-01,4.984218180179595947e-01,0.000000000000000000e+00
2.518288232386112213e-02,1.960166394710540771e-01,-1.978478431701660156e-01,7.380877435207366943e-02,6.418327093124389648e-01,-7.632843852043151855e-01,0.000000000000000000e+00
-1.832046359777450562e-01,-2.227363735437393188e-01,2.241055481135845184e-02,-6.587452888488769531e-01,-7.523050308227539062e-01,9.582062251865863800e-03,0.000000000000000000e+00
-6.199751049280166626e-02,-2.515135705471038818e-01,-1.201569214463233948e-01,-2.389739900827407837e-01,-8.367704153060913086e-01,-4.926526844501495361e-01,0.000000000000000000e+00
2.965097427368164062e-01,-1.619626069441437721e-03,3.995384648442268372e-02,9.941653609275817871e-01,-1.563838869333267212e-02,1.067269593477249146e-01,0.000000000000000000e+00
1.131686568260192871e-01,-2.598310410976409912e-01,-4.296055063605308533e-02,4.110575020313262939e-01,-8.786085844039916992e-01,-2.430610656738281250e-01,0.000000000000000000e+00
-2.237379848957061768e-01,3.923176601529121399e-02,-1.580388993024826050e-01,-8.115423917770385742e-01,1.506747603416442871e-01,-5.645317435264587402e-01,0.000000000000000000e+00
-2.362627387046813965e-01,3.449327126145362854e-02,1.713925451040267944e-01,-8.152161836624145508e-01,7.687266916036605835e-02,5.740323662757873535e-01,0.000000000000000000e+00
-8.756811171770095825e-02,1.364233940839767456e-01,-2.166368365287780762e-01,-3.152752816677093506e-01,4.739516079425811768e-01,-8.221747875213623047e-01,0.000000000000000000e+00
8.604261279106140137e-02,-1.088213101029396057e-01,-2.443513423204421997e-01,2.946944832801818848e-01,-3.138469159603118896e-01,-9.025825858116149902e-01,0.000000000000000000e+00
2.415972799062728882e-01,-2.762369439005851746e-02,1.744484901428222656e-01,8.449741601943969727e-01,-1.699663102626800537e-01,5.070800185203552246e-01,0.000000000000000000e+00
2.242244631052017212e-01,1.893105059862136841e-01,-5.213543027639389038e-02,7.146496772766113281e-01,6.452940106391906738e-01,-2.699472308158874512e-01,0.000000000000000000e+00
-2.735319435596466064e-01,7.395909726619720459e-02,6.981112807989120483e-02,-9.614769220352172852e-01,2.359113693237304688e-01,1.410955190658569336e-01,0.000000000000000000e+00
1.498613357543945312e-01,-2.405430972576141357e-01,-4.956155642867088318e-02,4.177894890308380127e-01,-8.713291883468627930e-01,-2.573662102222442627e-01,0.000000000000000000e+00
5.478769540786743164e-02,-1.832408756017684937e-01,-2.106194347143173218e-01,1.551604866981506348e-01,-6.051071286201477051e-01,-7.808781266212463379e-01,0.000000000000000000e+00
6.719456613063812256e-02,1.272830963134765625e-01,-2.354348301887512207e-01,2.261979132890701294e-01,4.079180359840393066e-01,-8.845549225807189941e-01,0.000000000000000000e+00
2.294604182243347168e-01,-2.531059645116329193e-02,1.920036226511001587e-01,7.844802737236022949e-01,-1.224669441580772400e-01,6.079412698745727539e-01,0.000000000000000000e+00
-4.153969138860702515e-02,6.081585958600044250e-02,-2.580083012580871582e-01,-1.260322183370590210e-01,2.523973584175109863e-01,-9.593807458877563477e-01,0.000000000000000000e+00
1.697425842285156250e-01,1.558418124914169312e-01,1.924921423196792603e-01,5.902325510978698730e-01,4.544870853424072266e-01,6.671334505081176758e-01,0.000000000000000000e+00
-7.350621372461318970e-02,-1.202967315912246704e-01,-2.426697760820388794e-01,-2.933121919631958008e-01,-4.152016639709472656e-01,-8.611478209495544434e-01,0.000000000000000000e+00
1.994651928544044495e-02,-1.763390600681304932e-01,-2.210035324096679688e-01,6.973215937614440918e-02,-5.575084686279296875e-01,-8.272374272346496582e-01,0.000000000000000000e+00
9.182473272085189819e-02,4.787487536668777466e-02,2.851512432098388672e-01,3.674176633358001709e-01,1.002988889813423157e-01,9.246320128440856934e-01,0.000000000000000000e+00
1.681357771158218384e-01,-2.345222234725952148e-01,7.403076440095901489e-02,6.015683412551879883e-01,-7.390227913856506348e-01,3.032504022121429443e-01,0.000000000000000000e+00
-6.627014279365539551e-02,-2.361214533448219299e-02,-2.663739323616027832e-01,-2.264094352722167969e-01,1.915028132498264313e-02,-9.738439321517944336e-01,0.000000000000000000e+00
1.963121891021728516e-01,7.400364428758621216e-02,-1.860989183187484741e-01,6.746135950088500977e-01,1.831535100936889648e-01,-7.150883078575134277e-01,0.000000000000000000e+00
1.998117119073867798e-01,-1.282678544521331787e-01,1.770403683185577393e-01,6.825894117355346680e-01,-4.133767783641815186e-01,6.026535630226135254e-01,0.000000000000000000e+00
7.488697022199630737e-02,5.906874313950538635e-02,-2.563536167144775391e-01,1.739242821931838989e-01,1.830146759748458862e-01,-9.676032066345214844e-01,0.000000000000000000e+00
-1.851885765790939331e-01,-2.205780297517776489e-01,3.095676004886627197e-02,-6.698204278945922852e-01,-7.412536144256591797e-01,4.340147227048873901e-02,0.000000000000000000e+00
-9.577208012342453003e-02,-2.659575641155242920e-01,-6.435650587081909180e-02,-3.666624128818511963e-01,-8.694432377815246582e-01,-3.310998380184173584e-01,0.000000000000000000e+00
-1.010953113436698914e-01,-1.551676727831363678e-02,-2.552449703216552734e-01,-4.159802496433258057e-01,-2.588730677962303162e-02,-9.090051054954528809e-01,0.000000000000000000e+00
-1.721464842557907104e-01,-1.976320520043373108e-02,2.350034415721893311e-01,-5.362918376922607422e-01,-8.473043143749237061e-02,8.397689461708068848e-01,0.000000000000000000e+00
-2.351097762584686279e-02,1.987927109003067017e-01,-1.932639330625534058e-01,-1.128976270556449890e-01,6.794494986534118652e-01,-7.249844670295715332e-01,0.000000000000000000e+00
-3.041647560894489288e-02,-2.587292194366455078e-01,-1.211682781577110291e-01,-1.406837552785873413e-01,-8.307429552078247070e-01,-5.385854244232177734e-01,0.000000000000000000e+00
2.754068374633789062e-01,-3.128293436020612717e-03,-9.194186329841613770e-02,9.026568531990051270e-01,1.808504574000835419e-02,-4.299808144569396973e-01,0.000000000000000000e+00
2.339309602975845337e-01,-1.728518158197402954e-01,-2.059271931648254395e-02,7.719823122024536133e-01,-6.215758323669433594e-01,-1.329918801784515381e-01,0.000000000000000000e+00
-2.095803767442703247e-01,1.405157148838043213e-01,-1.187460720539093018e-01,-7.232583165168762207e-01,5.045080780982971191e-01,-4.715601205825805664e-01,0.000000000000000000e+00
2.736606895923614502e-01,-1.484975870698690414e-02,-9.582637250423431396e-02,9.156067967414855957e-01,-1.006424054503440857e-02,-4.019489288330078125e-01,0.000000000000000000e+00
1.735275387763977051e-01,-3.565014526247978210e-02,-2.159355282783508301e-01,5.471203923225402832e-01,-1.057879254221916199e-01,-8.303421735763549805e-01,0.000000000000000000e+00
2.530426681041717529e-01,5.955682322382926941e-02,1.487335860729217529e-01,8.571649193763732910e-01,1.972974389791488647e-01,4.757541716098785400e-01,0.000000000000000000e+00
-1.819497942924499512e-01,1.587254703044891357e-01,-1.378662884235382080e-01,-6.405487656593322754e-01,4.770167469978332520e-01,-6.017909049987792969e-01,0.000000000000000000e+00
-2.328870147466659546e-01,-1.681262552738189697e-01,2.614044398069381714e-02,-8.087483644485473633e-01,-5.866075158119201660e-01,4.263457283377647400e-02,0.000000000000000000e+00
-2.275945544242858887e-01,-3.434754908084869385e-02,-1.552842259407043457e-01,-8.161078691482543945e-01,-1.271457970142364502e-01,-5.637392401695251465e-01,0.000000000000000000e+00
-1.209694072604179382e-01,-2.656129598617553711e-01,4.501860588788986206e-02,-4.770188331604003906e-01,-8.614799976348876953e-01,1.740841418504714966e-01,0.000000000000000000e+00
-1.120642051100730896e-01,-1.716992408037185669e-01,-1.890989094972610474e-01,-4.347797930240631104e-01,-5.998353362083435059e-01,-6.716874837875366211e-01,0.000000000000000000e+00
2.860073149204254150e-01,8.740600943565368652e-02,2.227399265393614769e-03,9.395179152488708496e-01,3.416351675987243652e-01,2.432162873446941376e-02,0.000000000000000000e+00
-1.908100992441177368e-01,2.105270475149154663e-01,9.663882851600646973e-02,-6.492291688919067383e-01,7.138377428054809570e-01,2.625589370727539062e-01,0.000000000000000000e+00
2.071225047111511230e-01,2.133461236953735352e-01,-2.197257429361343384e-02,6.621605753898620605e-01,7.314575910568237305e-01,-1.628286391496658325e-01,0.000000000000000000e+00
-1.621203422546386719e-01,-1.845633536577224731e-01,1.669275909662246704e-01,-5.429125428199768066e-01,-6.346209645271301270e-01,5.500019788742065430e-01,0.000000000000000000e+00
-2.157158851623535156e-01,3.169184178113937378e-02,1.963769048452377319e-01,-7.305631637573242188e-01,1.052828133106231689e-01,6.746799349784851074e-01,0.000000000000000000e+00
2.706409096717834473e-01,1.122562587261199951e-01,-5.041338503360748291e-02,9.198349118232727051e-01,3.491988480091094971e-01,-1.787845194339752197e-01,0.000000000000000000e+00
1.135815232992172241e-01,2.442929297685623169e-01,1.133608296513557434e-01,1.724226921796798706e-01,9.670073986053466797e-01,1.875288635492324829e-01,0.000000000000000000e+00
-1.932289600372314453e-01,1.472577899694442749e-01,-1.353520005941390991e-01,-6.972255110740661621e-01,4.537050724029541016e-01,-5.550029277801513672e-01,0.000000000000000000e+00
1.589867174625396729e-01,2.468954920768737793e-01,4.476860910654067993e-02,3.716656267642974854e-01,9.193773865699768066e-01,1.288794130086898804e-01,0.000000000000000000e+00
-7.498563826084136963e-02,1.217939034104347229e-01,-2.290229499340057373e-01,-2.608208358287811279e-01,4.359715282917022705e-01,-8.613369464874267578e-01,0.000000000000000000e+00
-9.296970674768090248e-04,2.683557569980621338e-01,-8.485820144414901733e-02,7.042974978685379028e-02,9.842327833175659180e-01,-1.622513681650161743e-01,0.000000000000000000e+00
-6.576100736856460571e-02,2.508417963981628418e-01,-1.202092543244361877e-01,-2.185032516717910767e-01,8.511275053024291992e-01,-4.773240685462951660e-01,0.000000000000000000e+00
6.734385341405868530e-02,4.795305058360099792e-02,-2.600244581699371338e-01,1.323251575231552124e-01,1.599458903074264526e-01,-9.782164096832275391e-01,0.000000000000000000e+00
1.033934503793716431e-01,-4.943200945854187012e-02,-2.526514828205108643e-01,3.643808364868164062e-01,-1.415953636169433594e-01,-9.204223752021789551e-01,0.000000000000000000e+00
5.853484198451042175e-02,2.461794316768646240e-01,-1.326447278261184692e-01,1.107494756579399109e-01,8.666875362396240234e-01,-4.864023327827453613e-01,0.000000000000000000e+00
3.084900602698326111e-02,2.515589892864227295e-01,1.245551407337188721e-01,3.613242506980895996e-02,9.988794326782226562e-01,-3.056737594306468964e-02,0.000000000000000000e+00
2.322256267070770264e-01,-1.370806545019149780e-01,-1.034706383943557739e-01,7.282299399375915527e-01,-5.402843356132507324e-01,-4.216325283050537109e-01,0.000000000000000000e+00
-6.829064339399337769e-02,-1.899309456348419189e-01,-1.957794427871704102e-01,-3.129037618637084961e-01,-6.567937135696411133e-01,-6.860854625701904297e-01,0.000000000000000000e+00
-1.779910475015640259e-01,7.652606815099716187e-03,-2.085796147584915161e-01,-5.812742114067077637e-01,6.981757469475269318e-03,-8.136777877807617188e-01,0.000000000000000000e+00
-4.588585346937179565e-03,-1.310897618532180786e-01,-2.484316378831863403e-01,4.889823868870735168e-02,-4.031450450420379639e-01,-9.138287901878356934e-01,0.000000000000000000e+00
3.925672173500061035e-02,-2.847653925418853760e-01,8.872063457965850830e-02,1.420381069183349609e-01,-9.396629929542541504e-01,3.112212717533111572e-01,0.000000000000000000e+00
-1.351715624332427979e-01,-1.968180686235427856e-01,-1.458972841501235962e-01,-4.731899797916412354e-01,-6.387125849723815918e-01,-6.067433357238769531e-01,0.000000000000000000e+00
-4.302892461419105530e-02,-3.834640979766845703e-02,2.930113971233367920e-01,-1.930187791585922241e-01,-1.933098137378692627e-01,9.619641900062561035e-01,0.000000000000000000e+00
-1.982825249433517456e-01,-2.073392719030380249e-01,-1.521326880902051926e-02,-6.839676499366760254e-01,-7.237836718559265137e-01,-9.124415367841720581e-02,0.000000000000000000e+00
-2.846589684486389160e-01,-5.459436774253845215e-02,4.109860584139823914e-02,-9.794358015060424805e-01,-1.958525776863098145e-01,4.844812676310539246e-02,0.000000000000000000e+00
1.445354372262954712e-01,2.410455495119094849e-01,9.546000510454177856e-02,3.053620457649230957e-01,9.190031886100769043e-01,2.493734806776046753e-01,0.000000000000000000e+00
1.923698186874389648e-01,1.947351843118667603e-01,1.345168948173522949e-01,7.085172533988952637e-01,5.715244412422180176e-01,4.139603078365325928e-01,0.000000000000000000e+00
5.228751152753829956e-02,-1.191226094961166382e-01,-2.491689175367355347e-01,1.748419851064682007e-01,-3.234300613403320312e-01,-9.299587607383728027e-01,0.000000000000000000e+00
2.002324610948562622e-01,-1.596132814884185791e-01,1.434643417596817017e-01,6.777734756469726562e-01,-5.509994626045227051e-01,4.868497550487518311e-01,0.000000000000000000e+00
-4.413977637887001038e-02,2.533744573593139648e-01,1.506603211164474487e-01,-4.173417761921882629e-02,9.473065733909606934e-01,3.175980448722839355e-01,0.000000000000000000e+00
2.067960798740386963e-01,-1.536805331707000732e-01,-1.244557797908782959e-01,6.534324884414672852e-01,-5.802115797996520996e-01,-4.861897528171539307e-01,0.000000000000000000e+00
1.354770213365554810e-01,2.005976587533950806e-01,-1.569751948118209839e-01,3.283144235610961914e-01,7.343190908432006836e-01,-5.941255092620849609e-01,0.000000000000000000e+00
1.359706372022628784e-01,-2.543722689151763916e-01,7.108379900455474854e-02,4.309966266155242920e-01,-8.845360279083251953e-01,1.784317940473556519e-01,0.000000000000000000e+00
1.378310918807983398e-01,4.041144996881484985e-02,2.672815024852752686e-01,4.221498668193817139e-01,1.623041927814483643e-01,8.918782472610473633e-01,0.000000000000000000e+00
3.509108722209930420e-02,-2.788858711719512939e-01,-7.159931957721710205e-02,2.971288859844207764e-01,-9.021278023719787598e-01,-3.128576278686523438e-01,0.000000000000000000e+00
-1.586678624153137207e-01,6.567930430173873901e-02,-2.126100063323974609e-01,-5.688973069190979004e-01,3.129453361034393311e-01,-7.605400085449218750e-01,0.000000000000000000e+00
7.704913616180419922e-02,-2.508849203586578369e-01,1.398525536060333252e-01,2.946039736270904541e-01,-7.985672354698181152e-01,5.248798727989196777e-01,0.000000000000000000e+00
-2.317047417163848877e-01,-7.833741605281829834e-02,-1.335457265377044678e-01,-8.260790705680847168e-01,-2.407516241073608398e-01,-5.095409750938415527e-01,0.000000000000000000e+00
4.660523962229490280e-03,9.114515036344528198e-02,2.881248295307159424e-01,9.324472397565841675e-03,3.269947767257690430e-01,9.449801445007324219e-01,0.000000000000000000e+00
-2.330657541751861572e-01,-1.441765278577804565e-01,-6.713097542524337769e-02,-8.309553265571594238e-01,-4.721746146678924561e-01,-2.942182421684265137e-01,0.000000000000000000e+00
-2.255942858755588531e-02,2.643398940563201904e-01,-8.827317506074905396e-03,1.689708977937698364e-01,9.363607168197631836e-01,3.076969385147094727e-01,0.000000000000000000e+00
4.679868370294570923e-02,8.372732996940612793e-02,-2.527651488780975342e-01,3.044925071299076080e-02,2.621591091156005859e-01,-9.645441770553588867e-01,0.000000000000000000e+00
-2.609787285327911377e-01,1.215505227446556091e-01,1.940950565040111542e-02,-9.106311798095703125e-01,4.129869341850280762e-01,-1.387956738471984863e-02,0.000000000000000000e+00
-2.149390727281570435e-01,1.392121762037277222e-01,-1.115029975771903992e-01,-7.400487661361694336e-01,4.577990472316741943e-01,-4.926944971084594727e-01,0.000000000000000000e+00
-1.190722584724426270e-01,2.266560308635234833e-02,2.691806852817535400e-01,-4.319700598716735840e-01,6.475777924060821533e-02,8.995600342750549316e-01,0.000000000000000000e+00
-2.611369192600250244e-01,1.019629612565040588e-01,-3.586879372596740723e-02,-9.246686100959777832e-01,3.180979490280151367e-01,-2.092885524034500122e-01,0.000000000000000000e+00
-1.159039661288261414e-01,-1.090628579258918762e-01,-2.301661372184753418e-01,-4.504653513431549072e-01,-3.837096095085144043e-01,-8.061314225196838379e-01,0.000000000000000000e+00
1.284591555595397949e-01,-8.828826993703842163e-02,2.513657212257385254e-01,3.662903606891632080e-01,-3.193968534469604492e-01,8.739662766456604004e-01,0.000000000000000000e+00
1.077148616313934326e-01,-1.824365346692502499e-03,-2.537320852279663086e-01,4.029149413108825684e-01,-1.875281520187854767e-02,-9.150452613830566406e-01,0.000000000000000000e+00
2.141013592481613159e-01,1.252179443836212158e-01,1.727395206689834595e-01,7.231342792510986328e-01,4.153107106685638428e-01,5.519002079963684082e-01,0.000000000000000000e+00
2.736095488071441650e-01,-3.775135427713394165e-02,1.130093410611152649e-01,9.230901002883911133e-01,-1.526619642972946167e-01,3.529857993125915527e-01,0.000000000000000000e+00
-1.070999205112457275e-01,1.366094797849655151e-01,-2.082002162933349609e-01,-3.708301782608032227e-01,4.753202497959136963e-01,-7.978443503379821777e-01,0.000000000000000000e+00
-3.676849603652954102e-02,2.490874081850051880e-01,1.602214872837066650e-01,-2.399186789989471436e-02,8.898145556449890137e-01,4.556911289691925049e-01,0.000000000000000000e+00
1.082064807415008545e-01,-2.336368858814239502e-01,1.460767537355422974e-01,3.419897556304931641e-01,-7.504891157150268555e-01,5.655166506767272949e-01,0.000000000000000000e+00
2.796852290630340576e-01,-3.210712596774101257e-02,9.912478178739547729e-02,9.283998012542724609e-01,-1.086830720305442810e-01,3.553333580493927002e-01,0.000000000000000000e+00
1.076866686344146729e-01,-2.431364357471466064e-01,-9.552819281816482544e-02,4.006056785583496094e-01,-8.444890379905700684e-01,-3.554622232913970947e-01,0.000000000000000000e+00
2.066966593265533447e-01,4.383931308984756470e-02,-1.829201877117156982e-01,6.299986839294433594e-01,1.696199029684066772e-01,-7.578461170196533203e-01,0.000000000000000000e+00
2.849803268909454346e-01,-8.801025897264480591e-02,-4.051963333040475845e-03,9.504626989364624023e-01,-3.107520639896392822e-01,-7.334149908274412155e-03,0.000000000000000000e+00
2.633417844772338867e-01,1.259632110595703125e-01,7.105164229869842529e-02,8.988211154937744141e-01,3.873931169509887695e-01,2.050540596246719360e-01,0.000000000000000000e+00
5.243238527327775955e-03,-8.266696333885192871e-02,2.831478416919708252e-01,8.000022172927856445e-02,-3.738550841808319092e-01,9.240304827690124512e-01,0.000000000000000000e+00
-1.321340203285217285e-01,-2.604155838489532471e-01,-1.896304660476744175e-03,-5.428028106689453125e-01,-8.375194668769836426e-01,-6.265980005264282227e-02,0.000000000000000000e+00
1.798837184906005859e-01,-9.931987524032592773e-02,2.142115831375122070e-01,5.844210386276245117e-01,-3.139703869819641113e-01,7.482477426528930664e-01,0.000000000000000000e+00
-1.435740292072296143e-01,2.302155047655105591e-01,1.316432952880859375e-01,-4.604282975196838379e-01,7.716084122657775879e-01,4.388920962810516357e-01,0.000000000000000000e+00
2.141552045941352844e-02,-2.644374072551727295e-01,1.345910131931304932e-01,1.881110295653343201e-02,-8.589865565299987793e-01,5.116524696350097656e-01,0.000000000000000000e+00
-3.282225877046585083e-02,7.844961434602737427e-02,-2.535285651683807373e-01,-5.665927007794380188e-02,2.868621349334716797e-01,-9.562948346138000488e-01,0.000000000000000000e+00
-2.659572064876556396e-01,1.073066890239715576e-01,4.929632321000099182e-02,-9.398167729377746582e-01,3.363472521305084229e-01,6.012458354234695435e-02,0.000000000000000000e+00
-7.217907905578613281e-02,-2.847630679607391357e-01,5.912869796156883240e-02,-3.370310068130493164e-01,-9.135988354682922363e-01,2.274802029132843018e-01,0.000000000000000000e+00
-1.859409660100936890e-01,1.440740376710891724e-01,1.819980144500732422e-01,-6.417679786682128906e-01,4.178400337696075439e-01,6.430734992027282715e-01,0.000000000000000000e+00
-1.979951411485671997e-01,8.345555514097213745e-02,-1.717563122510910034e-01,-6.959910988807678223e-01,3.203107714653015137e-01,-6.426487565040588379e-01,0.000000000000000000e+00
8.235272020101547241e-03,2.195007801055908203e-01,-1.763254404067993164e-01,5.282655358314514160e-02,7.564848065376281738e-01,-6.518742442131042480e-01,0.000000000000000000e+00
2.242165505886077881e-01,-1.618853062391281128e-01,-8.095805346965789795e-02,8.219032287597656250e-01,-5.511495471000671387e-01,-1.439070105552673340e-01,0.000000000000000000e+00
-1.039950177073478699e-01,1.097858534194529057e-03,-2.538151144981384277e-01,-3.789718449115753174e-01,6.847997754812240601e-02,-9.228709936141967773e-01,0.000000000000000000e+00
4.275998473167419434e-02,2.506377995014190674e-01,1.289265006780624390e-01,1.462199091911315918e-01,9.890741705894470215e-01,1.876344718039035797e-02,0.000000000000000000e+00
-1.518423855304718018e-01,-2.452454715967178345e-01,-1.845565997064113617e-02,-5.714260339736938477e-01,-8.128964900970458984e-01,-1.125682145357131958e-01,0.000000000000000000e+00
1.991468966007232666e-01,1.558635681867599487e-01,-1.418592184782028198e-01,6.748430728912353516e-01,4.804074466228485107e-01,-5.601745843887329102e-01,0.000000000000000000e+00
1.676271706819534302e-01,1.426854133605957031e-01,2.029236704111099243e-01,5.204005241394042969e-01,5.182479023933410645e-01,6.786769628524780273e-01,0.000000000000000000e+00
1.840121299028396606e-01,-1.965613514184951782e-01,-9.558224678039550781e-02,6.085267066955566406e-01,-6.993049979209899902e-01,-3.750570416450500488e-01,0.000000000000000000e+00
-3.058611787855625153e-02,-2.982820570468902588e-01,1.435229554772377014e-02,-4.922784864902496338e-02,-9.982452988624572754e-01,-3.290897607803344727e-02,0.000000000000000000e+00
3.295376151800155640e-02,-1.110034342855215073e-02,2.972687482833862305e-01,1.203684806823730469e-01,-7.207379490137100220e-02,9.901095032691955566e-01,0.000000000000000000e+00
-3.422395512461662292e-02,-1.269624382257461548e-01,-2.483273148536682129e-01,-1.411589533090591431e-01,-4.129383563995361328e-01,-8.997533321380615234e-01,0.000000000000000000e+00
-3.830488026142120361e-02,1.261575371026992798e-01,-2.353008687496185303e-01,-1.751562803983688354e-01,4.148752391338348389e-01,-8.928598761558532715e-01,0.000000000000000000e+00
4.263267666101455688e-02,1.757117211818695068e-01,2.419717758893966675e-01,1.715550869703292847e-01,5.829671621322631836e-01,7.941776514053344727e-01,0.000000000000000000e+00
-1.451952755451202393e-01,2.370286136865615845e-01,-7.790361344814300537e-02,-5.147325396537780762e-01,7.537640929222106934e-01,-4.085218608379364014e-01,0.000000000000000000e+00
2.402237504720687866e-01,7.397879660129547119e-02,-1.374240517616271973e-01,7.985722422599792480e-01,2.436465322971343994e-01,-5.503805279731750488e-01,0.000000000000000000e+00
2.458348423242568970e-01,4.373901337385177612e-02,1.658549457788467407e-01,8.415608406066894531e-01,1.115617007017135620e-01,5.285161733627319336e-01,0.000000000000000000e+00
-5.037248134613037109e-02,-2.631499767303466797e-01,1.243119612336158752e-01,-1.997143179178237915e-01,-8.662121891975402832e-01,4.580290913581848145e-01,0.000000000000000000e+00
-1.881355643272399902e-01,2.089801281690597534e-01,1.058414876461029053e-01,-6.369008421897888184e-01,7.001465559005737305e-01,3.227260708808898926e-01,0.000000000000000000e+00
2.839308083057403564e-01,-3.295539645478129387e-03,8.981314301490783691e-02,9.405744075775146484e-01,8.981552906334400177e-03,3.394688963890075684e-01,0.000000000000000000e+00
-7.118372619152069092e-02,2.481133192777633667e-01,-1.225664094090461731e-01,-2.214132398366928101e-01,8.248688578605651855e-01,-5.201610922813415527e-01,0.000000000000000000e+00
-2.122810035943984985e-01,-1.718591004610061646e-01,1.113324090838432312e-01,-7.228004336357116699e-01,-6.101386547088623047e-01,3.244848251342773438e-01,0.000000000000000000e+00
1.771232336759567261e-01,1.595875024795532227e-01,-1.627344638109207153e-01,6.071755886077880859e-01,4.460792541503906250e-01,-6.575341224670410156e-01,0.000000000000000000e+00
-1.740398854017257690e-01,-2.266664057970046997e-01,6.379093974828720093e-02,-6.262831687927246094e-01,-7.660103440284729004e-01,1.449053734540939331e-01,0.000000000000000000e+00
-2.853955030441284180e-01,-2.498100325465202332e-02,6.298798322677612305e-02,-9.669260978698730469e-01,-9.132164716720581055e-02,2.381476908922195435e-01,0.000000000000000000e+00
-1.006470620632171631e-02,2.520436346530914307e-01,3.342215716838836670e-02,1.659478098154067993e-01,9.824771881103515625e-01,-8.485247939825057983e-02,0.000000000000000000e+00
1.513701081275939941e-01,2.503385841846466064e-01,4.715269897133111954e-03,2.664264142513275146e-01,9.634875655174255371e-01,2.662135474383831024e-02,0.000000000000000000e+00
-1.433760225772857666e-01,3.837688639760017395e-02,-2.291536629199981689e-01,-4.754767417907714844e-01,1.006054356694221497e-01,-8.739567399024963379e-01,0.000000000000000000e+00
-1.084567308425903320e-01,-3.405326604843139648e-02,2.734344005584716797e-01,-3.568758964538574219e-01,-9.272740781307220459e-02,9.295381903648376465e-01,0.000000000000000000e+00
2.220176309347152710e-01,2.007827311754226685e-01,-8.466007187962532043e-03,7.268204092979431152e-01,6.746587157249450684e-01,-1.287157386541366577e-01,0.000000000000000000e+00
-7.653026841580867767e-03,-2.627546340227127075e-02,2.987190783023834229e-01,-4.241130128502845764e-02,-1.890677064657211304e-01,9.810477495193481445e-01,0.000000000000000000e+00
7.231316715478897095e-02,-6.036661192774772644e-02,-2.617255449295043945e-01,2.426700592041015625e-01,-1.631748229265213013e-01,-9.562872052192687988e-01,0.000000000000000000e+00
8.225639164447784424e-02,-2.647171914577484131e-01,-6.470137089490890503e-02,2.974516451358795166e-01,-8.926839232444763184e-01,-3.385822474956512451e-01,0.000000000000000000e+00
-2.875692546367645264e-01,-3.352703899145126343e-02,1.178790535777807236e-02,-9.882969260215759277e-01,-1.031401455402374268e-01,-1.123889610171318054e-01,0.000000000000000000e+00
2.805890738964080811e-01,6.725032627582550049e-02,-5.718238651752471924e-02,9.186989665031433105e-01,2.081108987331390381e-01,-3.356814980506896973e-01,0.000000000000000000e+00
2.149674296379089355e-01,9.125558286905288696e-02,-1.618606299161911011e-01,7.263080477714538574e-01,2.401952445507049561e-01,-6.440364122390747070e-01,0.000000000000000000e+00
2.585957944393157959e-01,3.266539797186851501e-02,-1.204608604311943054e-01,8.689969778060913086e-01,9.747175872325897217e-02,-4.851221144199371338e-01,0.000000000000000000e+00
