path,object_name,class_name,label,sample_id,variant,role,source_mesh,source_type,n_points,original_drive_path,true_label,pred_label,true_class,pred_class,confidence,correct,train_condition,run_id,test_set
/content/pointnetpp_xyz_cache/ycb28_test/box/003_cracker_box_sample_00.csv,003_cracker_box,box,0,0,ycb28,ycb28_test,/content/drive/MyDrive/PointNet_APS_Project_V2/data/ycb28/extracted_models/003_cracker_box/003_cracker_box/google_16k/textured.obj,official_ycb_download,1000,/content/drive/MyDrive/PointNet_APS_Project_V2/data/ycb28/generated_pointclouds_bbox_norm/box/003_cracker_box/003_cracker_box_sample_00.csv,0,0,box,box,0.9676431,True,mixed_trained_xyz,3,ycb28
/content/pointnetpp_xyz_cache/ycb28_test/box/003_cracker_box_sample_01.csv,003_cracker_box,box,0,1,ycb28,ycb28_test,/content/drive/MyDrive/PointNet_APS_Project_V2/data/ycb28/extracted_models/003_cracker_box/003_cracker_box/google_16k/textured.obj,official_ycb_download,1000,/content/drive/MyDrive/PointNet_APS_Project_V2/data/ycb28/generated_pointclouds_bbox_norm/box/003_cracker_box/003_cracker_box_sample_01.csv,0,0,box,box,0.8329294,True,mixed_trained_xyz,3,ycb28
/content/pointnetpp_xyz_cache/ycb28_test/box/003_cracker_box_sample_02.csv,003_cracker_box,box,0,2,ycb28,ycb28_test,/content/drive/MyDrive/PointNet_APS_Project_V2/data/ycb28/extracted_models/003_cracker_box/003_cracker_box/google_16k/textured.obj,official_ycb_download,1000,/content/drive/MyDrive/PointNet_APS_Project_V2/data/ycb28/generated_pointclouds_bbox_norm/box/003_cracker_box/003_cracker_box_sample_02.csv,0,0,box,box,0.92526746,True,mixed_trained_xyz,3,ycb28
/content/pointnetpp_xyz_cache/ycb28_test/box/003_cracker_box_sample_03.csv,003_cracker_box,box,0,3,ycb28,ycb28_test,/content/drive/MyDrive/PointNet_APS_Project_V2/data/ycb28/extracted_models/003_cracker_box/003_cracker_box/google_16k/textured.obj,official_ycb_download,1000,/content/drive/MyDrive/PointNet_APS_Project_V2/data/ycb28/generated_pointclouds_bbox_norm/box/003_cracker_box/003_cracker_box_sample_03.csv,0,0,box,box,0.9276515,True,mixed_trained_xyz,3,ycb28
/content/pointnetpp_xyz_cache/ycb28_test/box/003_cracker_box_sample_04.csv,003_cracker_box,box,0,4,ycb28,ycb28_test,/content/drive/MyDrive/PointNet_APS_Project_V2/data/ycb28/extracted_models/003_cracker_box/003_cracker_box/google_16k/textured.obj,official_ycb_download,1000,/content/drive/MyDrive/PointNet_APS_Project_V2/data/ycb28/generated_pointclouds_bbox_norm/box/003_cracker_box/003_cracker_box_sample_04.csv,0,0,box,box,0.9076976,True,mixed_trained_xyz,3,ycb28
/content/pointnetpp_xyz_cache/ycb28_test/box/003_cracker_box_sample_05.csv,003_cracker_box,box,0,5,ycb28,ycb28_test,/content/drive/MyDrive/PointNet_APS_Project_V2/data/ycb28/extracted_models/003_cracker_box/003_cracker_box/google_16k/textured.obj,official_ycb_download,1000,/content/drive/MyDrive/PointNet_APS_Project_V2/data/ycb28/generated_pointclouds_bbox_norm/box/003_cracker_box/003_cracker_box_sample_05.csv,0,0,box,box,0.9026088,True,mixed_trained_xyz,3,ycb28
/content/pointnetpp_xyz_cache/ycb28_test/box/003_cracker_box_sample_06.csv,003_cracker_box,box,0,6,ycb28,ycb28_test,/content/drive/MyDrive/PointNet_APS_Project_V2/data/ycb28/extracted_models/003_cracker_box/003_cracker_box/google_16k/textured.obj,official_ycb_download,1000,/content/drive/MyDrive/PointNet_APS_Project_V2/data/ycb28/generated_pointclouds_bbox_norm/box/003_cracker_box/003_cracker_box_sample_06.csv,0,0,box,box,0.9595336,True,mixed_trained_xyz,3,ycb28
/content/pointnetpp_xyz_cache/ycb28_test/box/003_cracker_box_sample_07.csv,003_cracker_box,box,0,7,ycb28,ycb28_test,/content/drive/MyDrive/PointNet_APS_Project_V2/data/ycb28/extracted_models/003_cracker_box/003_cracker_box/google_16k/textured.obj,official_ycb_download,1000,/content/drive/MyDrive/PointNet_APS_Project_V2/data/ycb28/generated_pointclouds_bbox_norm/box/003_cracker_box/003_cracker_box_sample_07.csv,0,0,box,box,0.8802011,True,mixed_trained_xyz,3,ycb28
/content/pointnetpp_xyz_cache/ycb28_test/box/003_cracker_box_sample_08.csv,003_cracker_box,box,0,8,ycb28,ycb28_test,/content/drive/MyDrive/PointNet_APS_Project_V2/data/ycb28/extracted_models/003_cracker_box/003_cracker_box/google_16k/textured.obj,official_ycb_download,1000,/content/drive/MyDrive/PointNet_APS_Project_V2/data/ycb28/generated_pointclouds_bbox_norm/box/003_cracker_box/003_cracker_box_sample_08.csv,0,0,box,box,0.89156675,True,mixed_trained_xyz,3,ycb28
/content/pointnetpp_xyz_cache/ycb28_test/box/003_cracker_box_sample_09.csv,003_cracker_box,box,0,9,ycb28,ycb28_test,/content/drive/MyDrive/PointNet_APS_Project_V2/data/ycb28/extracted_models/003_cracker_box/003_cracker_box/google_16k/textured.obj,official_ycb_download,1000,/content/drive/MyDrive/PointNet_APS_Project_V2/data/ycb28/generated_pointclouds_bbox_norm/box/003_cracker_box/003_cracker_box_sample_09.csv,0,0,box,box,0.91156495,True,mixed_trained_xyz,3,ycb28
/content/pointnetpp_xyz_cache/ycb28_test/box/003_cracker_box_sample_10.csv,003_cracker_box,box,0,10,ycb28,ycb28_test,/content/drive/MyDrive/PointNet_APS_Project_V2/data/ycb28/extracted_models/003_cracker_box/003_cracker_box/google_16k/textured.obj,official_ycb_download,1000,/content/drive/MyDrive/PointNet_APS_Project_V2/data/ycb28/generated_pointclouds_bbox_norm/box/003_cracker_box/003_cracker_box_sample_10.csv,0,0,box,box,0.75865614,True,mixed_trained_xyz,3,ycb28
/content/pointnetpp_xyz_cache/ycb28_test/box/003_cracker_box_sample_11.csv,003_cracker_box,box,0,11,ycb28,ycb28_test,/content/drive/MyDrive/PointNet_APS_Project_V2/data/ycb28/extracted_models/003_cracker_box/003_cracker_box/google_16k/textured.obj,official_ycb_download,1000,/content/drive/MyDrive/PointNet_APS_Project_V2/data/ycb28/generated_pointclouds_bbox_norm/box/003_cracker_box/003_cracker_box_sample_11.csv,0,0,box,box,0.97410315,True,mixed_trained_xyz,3,ycb28
/content/pointnetpp_xyz_cache/ycb28_test/box/003_cracker_box_sample_12.csv,003_cracker_box,box,0,12,ycb28,ycb28_test,/content/drive/MyDrive/PointNet_APS_Project_V2/data/ycb28/extracted_models/003_cracker_box/003_cracker_box/google_16k/textured.obj,official_ycb_download,1000,/content/drive/MyDrive/PointNet_APS_Project_V2/data/ycb28/generated_pointclouds_bbox_norm/box/003_cracker_box/003_cracker_box_sample_12.csv,0,0,box,box,0.71650785,True,mixed_trained_xyz,3,ycb28
/content/pointnetpp_xyz_cache/ycb28_test/box/003_cracker_box_sample_13.csv,003_cracker_box,box,0,13,ycb28,ycb28_test,/content/drive/MyDrive/PointNet_APS_Project_V2/data/ycb28/extracted_models/003_cracker_box/003_cracker_box/google_16k/textured.obj,official_ycb_download,1000,/content/drive/MyDrive/PointNet_APS_Project_V2/data/ycb28/generated_pointclouds_bbox_norm/box/003_cracker_box/003_cracker_box_sample_13.csv,0,0,box,box,0.95097095,True,mixed_trained_xyz,3,ycb28
/content/pointnetpp_xyz_cache/ycb28_test/box/003_cracker_box_sample_14.csv,003_cracker_box,box,0,14,ycb28,ycb28_test,/content/drive/MyDrive/PointNet_APS_Project_V2/data/ycb28/extracted_models/003_cracker_box/003_cracker_box/google_16k/textured.obj,official_ycb_download,1000,/content/drive/MyDrive/PointNet_APS_Project_V2/data/ycb28/generated_pointclouds_bbox_norm/box/003_cracker_box/003_cracker_box_sample_14.csv,0,0,box,box,0.9472584,True,mixed_trained_xyz,3,ycb28
/content/pointnetpp_xyz_cache/ycb28_test/box/003_cracker_box_sample_15.csv,003_cracker_box,box,0,15,ycb28,ycb28_test,/content/drive/MyDrive/PointNet_APS_Project_V2/data/ycb28/extracted_models/003_cracker_box/003_cracker_box/google_16k/textured.obj,official_ycb_download,1000,/content/drive/MyDrive/PointNet_APS_Project_V2/data/ycb28/generated_pointclouds_bbox_norm/box/003_cracker_box/003_cracker_box_sample_15.csv,0,0,box,box,0.95733243,True,mixed_trained_xyz,3,ycb28
/content/pointnetpp_xyz_cache/ycb28_test/box/003_cracker_box_sample_16.csv,003_cracker_box,box,0,16,ycb28,ycb28_test,/content/drive/MyDrive/PointNet_APS_Project_V2/data/ycb28/extracted_models/003_cracker_box/003_cracker_box/google_16k/textured.obj,official_ycb_download,1000,/content/drive/MyDrive/PointNet_APS_Project_V2/data/ycb28/generated_pointclouds_bbox_norm/box/003_cracker_box/003_cracker_box_sample_16.csv,0,0,box,box,0.95942307,True,mixed_trained_xyz,3,ycb28
/content/pointnetpp_xyz_cache/ycb28_test/box/003_cracker_box_sample_17.csv,003_cracker_box,box,0,17,ycb28,ycb28_test,/content/drive/MyDrive/PointNet_APS_Project_V2/data/ycb28/extracted_models/003_cracker_box/003_cracker_box/google_16k/textured.obj,official_ycb_download,1000,/content/drive/MyDrive/PointNet_APS_Project_V2/data/ycb28/generated_pointclouds_bbox_norm/box/003_cracker_box/003_cracker_box_sample_17.csv,0,0,box,box,0.95095134,True,mixed_trained_xyz,3,ycb28
/content/pointnetpp_xyz_cache/ycb28_test/box/003_cracker_box_sample_18.csv,003_cracker_box,box,0,18,ycb28,ycb28_test,/content/drive/MyDrive/PointNet_APS_Project_V2/data/ycb28/extracted_models/003_cracker_box/003_cracker_box/google_16k/textured.obj,official_ycb_download,1000,/content/drive/MyDrive/PointNet_APS_Project_V2/data/ycb28/generated_pointclouds_bbox_norm/box/003_cracker_box/003_cracker_box_sample_18.csv,0,0,box,box,0.92120945,True,mixed_trained_xyz,3,ycb28
/content/pointnetpp_xyz_cache/ycb28_test/box/003_cracker_box_sample_19.csv,003_cracker_box,box,0,19,ycb28,ycb28_test,/content/drive/MyDrive/PointNet_APS_Project_V2/data/ycb28/extracted_models/003_cracker_box/003_cracker_box/google_16k/textured.obj,official_ycb_download,1000,/content/drive/MyDrive/PointNet_APS_Project_V2/data/ycb28/generated_pointclouds_bbox_norm/box/003_cracker_box/003_cracker_box_sample_19.csv,0,0,box,box,0.8989662,True,mixed_trained_xyz,3,ycb28
/content/pointnetpp_xyz_cache/ycb28_test/box/004_sugar_box_sample_00.csv,004_sugar_box,box,0,0,ycb28,ycb28_test,/content/drive/MyDrive/PointNet_APS_Project_V2/data/ycb28/extracted_models/004_sugar_box/004_sugar_box/google_16k/textured.obj,official_ycb_download,1000,/content/drive/MyDrive/PointNet_APS_Project_V2/data/ycb28/generated_pointclouds_bbox_norm/box/004_sugar_box/004_sugar_box_sample_00.csv,0,0,box,box,0.97066057,True,mixed_trained_xyz,3,ycb28
/content/pointnetpp_xyz_cache/ycb28_test/box/004_sugar_box_sample_01.csv,004_sugar_box,box,0,1,ycb28,ycb28_test,/content/drive/MyDrive/PointNet_APS_Project_V2/data/ycb28/extracted_models/004_sugar_box/004_sugar_box/google_16k/textured.obj,official_ycb_download,1000,/content/drive/MyDrive/PointNet_APS_Project_V2/data/ycb28/generated_pointclouds_bbox_norm/box/004_sugar_box/004_sugar_box_sample_01.csv,0,0,box,box,0.736337,True,mixed_trained_xyz,3,ycb28
/content/pointnetpp_xyz_cache/ycb28_test/box/004_sugar_box_sample_02.csv,004_sugar_box,box,0,2,ycb28,ycb28_test,/content/drive/MyDrive/PointNet_APS_Project_V2/data/ycb28/extracted_models/004_sugar_box/004_sugar_box/google_16k/textured.obj,official_ycb_download,1000,/content/drive/MyDrive/PointNet_APS_Project_V2/data/ycb28/generated_pointclouds_bbox_norm/box/004_sugar_box/004_sugar_box_sample_02.csv,0,0,box,box,0.81443477,True,mixed_trained_xyz,3,ycb28
/content/pointnetpp_xyz_cache/ycb28_test/box/004_sugar_box_sample_03.csv,004_sugar_box,box,0,3,ycb28,ycb28_test,/content/drive/MyDrive/PointNet_APS_Project_V2/data/ycb28/extracted_models/004_sugar_box/004_sugar_box/google_16k/textured.obj,official_ycb_download,1000,/content/drive/MyDrive/PointNet_APS_Project_V2/data/ycb28/generated_pointclouds_bbox_norm/box/004_sugar_box/004_sugar_box_sample_03.csv,0,0,box,box,0.9384637,True,mixed_trained_xyz,3,ycb28
/content/pointnetpp_xyz_cache/ycb28_test/box/004_sugar_box_sample_04.csv,004_sugar_box,box,0,4,ycb28,ycb28_test,/content/drive/MyDrive/PointNet_APS_Project_V2/data/ycb28/extracted_models/004_sugar_box/004_sugar_box/google_16k/textured.obj,official_ycb_download,1000,/content/drive/MyDrive/PointNet_APS_Project_V2/data/ycb28/generated_pointclouds_bbox_norm/box/004_sugar_box/004_sugar_box_sample_04.csv,0,0,box,box,0.92925745,True,mixed_trained_xyz,3,ycb28
/content/pointnetpp_xyz_cache/ycb28_test/box/004_sugar_box_sample_05.csv,004_sugar_box,box,0,5,ycb28,ycb28_test,/content/drive/MyDrive/PointNet_APS_Project_V2/data/ycb28/extracted_models/004_sugar_box/004_sugar_box/google_16k/textured.obj,official_ycb_download,1000,/content/drive/MyDrive/PointNet_APS_Project_V2/data/ycb28/generated_pointclouds_bbox_norm/box/004_sugar_box/004_sugar_box_sample_05.csv,0,0,box,box,0.93070966,True,mixed_trained_xyz,3,ycb28
/content/pointnetpp_xyz_cache/ycb28_test/box/004_sugar_box_sample_06.csv,004_sugar_box,box,0,6,ycb28,ycb28_test,/content/drive/MyDrive/PointNet_APS_Project_V2/data/ycb28/extracted_models/004_sugar_box/004_sugar_box/google_16k/textured.obj,official_ycb_download,1000,/content/drive/MyDrive/PointNet_APS_Project_V2/data/ycb28/generated_pointclouds_bbox_norm/box/004_sugar_box/004_sugar_box_sample_06.csv,0,0,box,box,0.95295644,True,mixed_trained_xyz,3,ycb28
/content/pointnetpp_xyz_cache/ycb28_test/box/004_sugar_box_sample_07.csv,004_sugar_box,box,0,7,ycb28,ycb28_test,/content/drive/MyDrive/PointNet_APS_Project_V2/data/ycb28/extracted_models/004_sugar_box/004_sugar_box/google_16k/textured.obj,official_ycb_download,1000,/content/drive/MyDrive/PointNet_APS_Project_V2/data/ycb28/generated_pointclouds_bbox_norm/box/004_sugar_box/004_sugar_box_sample_07.csv,0,0,box,box,0.8653985,True,mixed_trained_xyz,3,ycb28
/content/pointnetpp_xyz_cache/ycb28_test/box/004_sugar_box_sample_08.csv,004_sugar_box,box,0,8,ycb28,ycb28_test,/content/drive/MyDrive/PointNet_APS_Project_V2/data/ycb28/extracted_models/004_sugar_box/004_sugar_box/google_16k/textured.obj,official_ycb_download,1000,/content/drive/MyDrive/PointNet_APS_Project_V2/data/ycb28/generated_pointclouds_bbox_norm/box/004_sugar_box/004_sugar_box_sample_08.csv,0,0,box,box,0.8409947,True,mixed_trained_xyz,3,ycb28
/content/pointnetpp_xyz_cache/ycb28_test/box/004_sugar_box_sample_09.csv,004_sugar_box,box,0,9,ycb28,ycb28_test,/content/drive/MyDrive/PointNet_APS_Project_V2/data/ycb28/extracted_models/004_sugar_box/004_sugar_box/google_16k/textured.obj,official_ycb_download,1000,/content/drive/MyDrive/PointNet_APS_Project_V2/data/ycb28/generated_pointclouds_bbox_norm/box/004_sugar_box/004_sugar_box_sample_09.csv,0,0,box,box,0.8975236,True,mixed_trained_xyz,3,ycb28
/content/pointnetpp_xyz_cache/ycb28_test/box/004_sugar_box_sample_10.csv,004_sugar_box,box,0,10,ycb28,ycb28_test,/content/drive/MyDrive/PointNet_APS_Project_V2/data/ycb28/extracted_models/004_sugar_box/004_sugar_box/google_16k/textured.obj,official_ycb_download,1000,/content/drive/MyDrive/PointNet_APS_Project_V2/data/ycb28/generated_pointclouds_bbox_norm/box/004_sugar_box/004_sugar_box_sample_10.csv,0,0,box,box,0.8160187,True,mixed_trained_xyz,3,ycb28
/content/pointnetpp_xyz_cache/ycb28_test/box/004_sugar_box_sample_11.csv,004_sugar_box,box,0,11,ycb28,ycb28_test,/content/drive/MyDrive/PointNet_APS_Project_V2/data/ycb28/extracted_models/004_sugar_box/004_sugar_box/google_16k/textured.obj,official_ycb_download,1000,/content/drive/MyDrive/PointNet_APS_Project_V2/data/ycb28/generated_pointclouds_bbox_norm/box/004_sugar_box/004_sugar_box_sample_11.csv,0,0,box,box,0.9630246,True,mixed_trained_xyz,3,ycb28
/content/pointnetpp_xyz_cache/ycb28_test/box/004_sugar_box_sample_12.csv,004_sugar_box,box,0,12,ycb28,ycb28_test,/content/drive/MyDrive/PointNet_APS_Project_V2/data/ycb28/extracted_models/004_sugar_box/004_sugar_box/google_16k/textured.obj,official_ycb_download,1000,/content/drive/MyDrive/PointNet_APS_Project_V2/data/ycb28/generated_pointclouds_bbox_norm/box/004_sugar_box/004_sugar_box_sample_12.csv,0,0,box,box,0.9513289,True,mixed_trained_xyz,3,ycb28
/content/pointnetpp_xyz_cache/ycb28_test/box/004_sugar_box_sample_13.csv,004_sugar_box,box,0,13,ycb28,ycb28_test,/content/drive/MyDrive/PointNet_APS_Project_V2/data/ycb28/extracted_models/004_sugar_box/004_sugar_box/google_16k/textured.obj,official_ycb_download,1000,/content/drive/MyDrive/PointNet_APS_Project_V2/data/ycb28/generated_pointclouds_bbox_norm/box/004_sugar_box/004_sugar_box_sample_13.csv,0,0,box,box,0.9549443,True,mixed_trained_xyz,3,ycb28
/content/pointnetpp_xyz_cache/ycb28_test/box/004_sugar_box_sample_14.csv,004_sugar_box,box,0,14,ycb28,ycb28_test,/content/drive/MyDrive/PointNet_APS_Project_V2/data/ycb28/extracted_models/004_sugar_box/004_sugar_box/google_16k/textured.obj,official_ycb_download,1000,/content/drive/MyDrive/PointNet_APS_Project_V2/data/ycb28/generated_pointclouds_bbox_norm/box/004_sugar_box/004_sugar_box_sample_14.csv,0,0,box,box,0.94722366,True,mixed_trained_xyz,3,ycb28
/content/pointnetpp_xyz_cache/ycb28_test/box/004_sugar_box_sample_15.csv,004_sugar_box,box,0,15,ycb28,ycb28_test,/content/drive/MyDrive/PointNet_APS_Project_V2/data/ycb28/extracted_models/004_sugar_box/004_sugar_box/google_16k/textured.obj,official_ycb_download,1000,/content/drive/MyDrive/PointNet_APS_Project_V2/data/ycb28/generated_pointclouds_bbox_norm/box/004_sugar_box/004_sugar_box_sample_15.csv,0,0,box,box,0.9334747,True,mixed_trained_xyz,3,ycb28
/content/pointnetpp_xyz_cache/ycb28_test/box/004_sugar_box_sample_16.csv,004_sugar_box,box,0,16,ycb28,ycb28_test,/content/drive/MyDrive/PointNet_APS_Project_V2/data/ycb28/extracted_models/004_sugar_box/004_sugar_box/google_16k/textured.obj,official_ycb_download,1000,/content/drive/MyDrive/PointNet_APS_Project_V2/data/ycb28/generated_pointclouds_bbox_norm/box/004_sugar_box/004_sugar_box_sample_16.csv,0,0,box,box,0.9007177,True,mixed_trained_xyz,3,ycb28
/content/pointnetpp_xyz_cache/ycb28_test/box/004_sugar_box_sample_17.csv,004_sugar_box,box,0,17,ycb28,ycb28_test,/content/drive/MyDrive/PointNet_APS_Project_V2/data/ycb28/extracted_models/004_sugar_box/004_sugar_box/google_16k/textured.obj,official_ycb_download,1000,/content/drive/MyDrive/PointNet_APS_Project_V2/data/ycb28/generated_pointclouds_bbox_norm/box/004_sugar_box/004_sugar_box_sample_17.csv,0,0,box,box,0.9239921,True,mixed_trained_xyz,3,ycb28
/content/pointnetpp_xyz_cache/ycb28_test/box/004_sugar_box_sample_18.csv,004_sugar_box,box,0,18,ycb28,ycb28_test,/content/drive/MyDrive/PointNet_APS_Project_V2/data/ycb28/extracted_models/004_sugar_box/004_sugar_box/google_16k/textured.obj,official_ycb_download,1000,/content/drive/MyDrive/PointNet_APS_Project_V2/data/ycb28/generated_pointclouds_bbox_norm/box/004_sugar_box/004_sugar_box_sample_18.csv,0,0,box,box,0.94162345,True,mixed_trained_xyz,3,ycb28
/content/pointnetpp_xyz_cache/ycb28_test/box/004_sugar_box_sample_19.csv,004_sugar_box,box,0,19,ycb28,ycb28_test,/content/drive/MyDrive/PointNet_APS_Project_V2/data/ycb28/extracted_models/004_sugar_box/004_sugar_box/google_16k/textured.obj,official_ycb_download,1000,/content/drive/MyDrive/PointNet_APS_Project_V2/data/ycb28/generated_pointclouds_bbox_norm/box/004_sugar_box/004_sugar_box_sample_19.csv,0,0,box,box,0.9171405,True,mixed_trained_xyz,3,ycb28
/content/pointnetpp_xyz_cache/ycb28_test/box/008_pudding_box_sample_00.csv,008_pudding_box,box,0,0,ycb28,ycb28_test,/content/drive/MyDrive/PointNet_APS_Project_V2/data/ycb28/extracted_models/008_pudding_box/008_pudding_box/google_16k/textured.obj,official_ycb_download,1000,/content/drive/MyDrive/PointNet_APS_Project_V2/data/ycb28/generated_pointclouds_bbox_norm/box/008_pudding_box/008_pudding_box_sample_00.csv,0,0,box,box,0.812432,True,mixed_trained_xyz,3,ycb28
/content/pointnetpp_xyz_cache/ycb28_test/box/008_pudding_box_sample_01.csv,008_pudding_box,box,0,1,ycb28,ycb28_test,/content/drive/MyDrive/PointNet_APS_Project_V2/data/ycb28/extracted_models/008_pudding_box/008_pudding_box/google_16k/textured.obj,official_ycb_download,1000,/content/drive/MyDrive/PointNet_APS_Project_V2/data/ycb28/generated_pointclouds_bbox_norm/box/008_pudding_box/008_pudding_box_sample_01.csv,0,0,box,box,0.9606891,True,mixed_trained_xyz,3,ycb28
/content/pointnetpp_xyz_cache/ycb28_test/box/008_pudding_box_sample_02.csv,008_pudding_box,box,0,2,ycb28,ycb28_test,/content/drive/MyDrive/PointNet_APS_Project_V2/data/ycb28/extracted_models/008_pudding_box/008_pudding_box/google_16k/textured.obj,official_ycb_download,1000,/content/drive/MyDrive/PointNet_APS_Project_V2/data/ycb28/generated_pointclouds_bbox_norm/box/008_pudding_box/008_pudding_box_sample_02.csv,0,0,box,box,0.8717815,True,mixed_trained_xyz,3,ycb28
/content/pointnetpp_xyz_cache/ycb28_test/box/008_pudding_box_sample_03.csv,008_pudding_box,box,0,3,ycb28,ycb28_test,/content/drive/MyDrive/PointNet_APS_Project_V2/data/ycb28/extracted_models/008_pudding_box/008_pudding_box/google_16k/textured.obj,official_ycb_download,1000,/content/drive/MyDrive/PointNet_APS_Project_V2/data/ycb28/generated_pointclouds_bbox_norm/box/008_pudding_box/008_pudding_box_sample_03.csv,0,0,box,box,0.9677169,True,mixed_trained_xyz,3,ycb28
/content/pointnetpp_xyz_cache/ycb28_test/box/008_pudding_box_sample_04.csv,008_pudding_box,box,0,4,ycb28,ycb28_test,/content/drive/MyDrive/PointNet_APS_Project_V2/data/ycb28/extracted_models/008_pudding_box/008_pudding_box/google_16k/textured.obj,official_ycb_download,1000,/content/drive/MyDrive/PointNet_APS_Project_V2/data/ycb28/generated_pointclouds_bbox_norm/box/008_pudding_box/008_pudding_box_sample_04.csv,0,0,box,box,0.7257022,True,mixed_trained_xyz,3,ycb28
/content/pointnetpp_xyz_cache/ycb28_test/box/008_pudding_box_sample_05.csv,008_pudding_box,box,0,5,ycb28,ycb28_test,/content/drive/MyDrive/PointNet_APS_Project_V2/data/ycb28/extracted_models/008_pudding_box/008_pudding_box/google_16k/textured.obj,official_ycb_download,1000,/content/drive/MyDrive/PointNet_APS_Project_V2/data/ycb28/generated_pointclouds_bbox_norm/box/008_pudding_box/008_pudding_box_sample_05.csv,0,0,box,box,0.91372085,True,mixed_trained_xyz,3,ycb28
/content/pointnetpp_xyz_cache/ycb28_test/box/008_pudding_box_sample_06.csv,008_pudding_box,box,0,6,ycb28,ycb28_test,/content/drive/MyDrive/PointNet_APS_Project_V2/data/ycb28/extracted_models/008_pudding_box/008_pudding_box/google_16k/textured.obj,official_ycb_download,1000,/content/drive/MyDrive/PointNet_APS_Project_V2/data/ycb28/generated_pointclouds_bbox_norm/box/008_pudding_box/008_pudding_box_sample_06.csv,0,0,box,box,0.8972911,True,mixed_trained_xyz,3,ycb28
/content/pointnetpp_xyz_cache/ycb28_test/box/008_pudding_box_sample_07.csv,008_pudding_box,box,0,7,ycb28,ycb28_test,/content/drive/MyDrive/PointNet_APS_Project_V2/data/ycb28/extracted_models/008_pudding_box/008_pudding_box/google_16k/textured.obj,official_ycb_download,1000,/content/drive/MyDrive/PointNet_APS_Project_V2/data/ycb28/generated_pointclouds_bbox_norm/box/008_pudding_box/008_pudding_box_sample_07.csv,0,0,box,box,0.8132503,True,mixed_trained_xyz,3,ycb28
/content/pointnetpp_xyz_cache/ycb28_test/box/008_pudding_box_sample_08.csv,008_pudding_box,box,0,8,ycb28,ycb28_test,/content/drive/MyDrive/PointNet_APS_Project_V2/data/ycb28/extracted_models/008_pudding_box/008_pudding_box/google_16k/textured.obj,official_ycb_download,1000,/content/drive/MyDrive/PointNet_APS_Project_V2/data/ycb28/generated_pointclouds_bbox_norm/box/008_pudding_box/008_pudding_box_sample_08.csv,0,0,box,box,0.9494847,True,mixed_trained_xyz,3,ycb28
/content/pointnetpp_xyz_cache/ycb28_test/box/008_pudding_box_sample_09.csv,008_pudding_box,box,0,9,ycb28,ycb28_test,/content/drive/MyDrive/PointNet_APS_Project_V2/data/ycb28/extracted_models/008_pudding_box/008_pudding_box/google_16k/textured.obj,official_ycb_download,1000,/content/drive/MyDrive/PointNet_APS_Project_V2/data/ycb28/generated_pointclouds_bbox_norm/box/008_pudding_box/008_pudding_box_sample_09.csv,0,0,box,box,0.8294775,True,mixed_trained_xyz,3,ycb28
/content/pointnetpp_xyz_cache/ycb28_test/box/008_pudding_box_sample_10.csv,008_pudding_box,box,0,10,ycb28,ycb28_test,/content/drive/MyDrive/PointNet_APS_Project_V2/data/ycb28/extracted_models/008_pudding_box/008_pudding_box/google_16k/textured.obj,official_ycb_download,1000,/content/drive/MyDrive/PointNet_APS_Project_V2/data/ycb28/generated_pointclouds_bbox_norm/box/008_pudding_box/008_pudding_box_sample_10.csv,0,0,box,box,0.8603396,True,mixed_trained_xyz,3,ycb28
/content/pointnetpp_xyz_cache/ycb28_test/box/008_pudding_box_sample_11.csv,008_pudding_box,box,0,11,ycb28,ycb28_test,/content/drive/MyDrive/PointNet_APS_Project_V2/data/ycb28/extracted_models/008_pudding_box/008_pudding_box/google_16k/textured.obj,official_ycb_download,1000,/content/drive/MyDrive/PointNet_APS_Project_V2/data/ycb28/generated_pointclouds_bbox_norm/box/008_pudding_box/008_pudding_box_sample_11.csv,0,0,box,box,0.80670375,True,mixed_trained_xyz,3,ycb28
/content/pointnetpp_xyz_cache/ycb28_test/box/008_pudding_box_sample_12.csv,008_pudding_box,box,0,12,ycb28,ycb28_test,/content/drive/MyDrive/PointNet_APS_Project_V2/data/ycb28/extracted_models/008_pudding_box/008_pudding_box/google_16k/textured.obj,official_ycb_download,1000,/content/drive/MyDrive/PointNet_APS_Project_V2/data/ycb28/generated_pointclouds_bbox_norm/box/008_pudding_box/008_pudding_box_sample_12.csv,0,0,box,box,0.9088161,True,mixed_trained_xyz,3,ycb28
/content/pointnetpp_xyz_cache/ycb28_test/box/008_pudding_box_sample_13.csv,008_pudding_box,box,0,13,ycb28,ycb28_test,/content/drive/MyDrive/PointNet_APS_Project_V2/data/ycb28/extracted_models/008_pudding_box/008_pudding_box/google_16k/textured.obj,official_ycb_download,1000,/content/drive/MyDrive/PointNet_APS_Project_V2/data/ycb28/generated_pointclouds_bbox_norm/box/008_pudding_box/008_pudding_box_sample_13.csv,0,0,box,box,0.90317595,True,mixed_trained_xyz,3,ycb28
/content/pointnetpp_xyz_cache/ycb28_test/box/008_pudding_box_sample_14.csv,008_pudding_box,box,0,14,ycb28,ycb28_test,/content/drive/MyDrive/PointNet_APS_Project_V2/data/ycb28/extracted_models/008_pudding_box/008_pudding_box/google_16k/textured.obj,official_ycb_download,1000,/content/drive/MyDrive/PointNet_APS_Project_V2/data/ycb28/generated_pointclouds_bbox_norm/box/008_pudding_box/008_pudding_box_sample_14.csv,0,0,box,box,0.54657954,True,mixed_trained_xyz,3,ycb28
/content/pointnetpp_xyz_cache/ycb28_test/box/008_pudding_box_sample_15.csv,008_pudding_box,box,0,15,ycb28,ycb28_test,/content/drive/MyDrive/PointNet_APS_Project_V2/data/ycb28/extracted_models/008_pudding_box/008_pudding_box/google_16k/textured.obj,official_ycb_download,1000,/content/drive/MyDrive/PointNet_APS_Project_V2/data/ycb28/generated_pointclouds_bbox_norm/box/008_pudding_box/008_pudding_box_sample_15.csv,0,0,box,box,0.64507455,True,mixed_trained_xyz,3,ycb28
/content/pointnetpp_xyz_cache/ycb28_test/box/008_pudding_box_sample_16.csv,008_pudding_box,box,0,16,ycb28,ycb28_test,/content/drive/MyDrive/PointNet_APS_Project_V2/data/ycb28/extracted_models/008_pudding_box/008_pudding_box/google_16k/textured.obj,official_ycb_download,1000,/content/drive/MyDrive/PointNet_APS_Project_V2/data/ycb28/generated_pointclouds_bbox_norm/box/008_pudding_box/008_pudding_box_sample_16.csv,0,0,box,box,0.9307582,True,mixed_trained_xyz,3,ycb28
/content/pointnetpp_xyz_cache/ycb28_test/box/008_pudding_box_sample_17.csv,008_pudding_box,box,0,17,ycb28,ycb28_test,/content/drive/MyDrive/PointNet_APS_Project_V2/data/ycb28/extracted_models/008_pudding_box/008_pudding_box/google_16k/textured.obj,official_ycb_download,1000,/content/drive/MyDrive/PointNet_APS_Project_V2/data/ycb28/generated_pointclouds_bbox_norm/box/008_pudding_box/008_pudding_box_sample_17.csv,0,0,box,box,0.7483949,True,mixed_trained_xyz,3,ycb28
/content/pointnetpp_xyz_cache/ycb28_test/box/008_pudding_box_sample_18.csv,008_pudding_box,box,0,18,ycb28,ycb28_test,/content/drive/MyDrive/PointNet_APS_Project_V2/data/ycb28/extracted_models/008_pudding_box/008_pudding_box/google_16k/textured.obj,official_ycb_download,1000,/content/drive/MyDrive/PointNet_APS_Project_V2/data/ycb28/generated_pointclouds_bbox_norm/box/008_pudding_box/008_pudding_box_sample_18.csv,0,0,box,box,0.60992163,True,mixed_trained_xyz,3,ycb28
/content/pointnetpp_xyz_cache/ycb28_test/box/008_pudding_box_sample_19.csv,008_pudding_box,box,0,19,ycb28,ycb28_test,/content/drive/MyDrive/PointNet_APS_Project_V2/data/ycb28/extracted_models/008_pudding_box/008_pudding_box/google_16k/textured.obj,official_ycb_download,1000,/content/drive/MyDrive/PointNet_APS_Project_V2/data/ycb28/generated_pointclouds_bbox_norm/box/008_pudding_box/008_pudding_box_sample_19.csv,0,0,box,box,0.76718944,True,mixed_trained_xyz,3,ycb28
/content/pointnetpp_xyz_cache/ycb28_test/box/009_gelatin_box_sample_00.csv,009_gelatin_box,box,0,0,ycb28,ycb28_test,/content/drive/MyDrive/PointNet_APS_Project_V2/data/ycb28/extracted_models/009_gelatin_box/009_gelatin_box/google_16k/textured.obj,official_ycb_download,1000,/content/drive/MyDrive/PointNet_APS_Project_V2/data/ycb28/generated_pointclouds_bbox_norm/box/009_gelatin_box/009_gelatin_box_sample_00.csv,0,0,box,box,0.94894797,True,mixed_trained_xyz,3,ycb28
/content/pointnetpp_xyz_cache/ycb28_test/box/009_gelatin_box_sample_01.csv,009_gelatin_box,box,0,1,ycb28,ycb28_test,/content/drive/MyDrive/PointNet_APS_Project_V2/data/ycb28/extracted_models/009_gelatin_box/009_gelatin_box/google_16k/textured.obj,official_ycb_download,1000,/content/drive/MyDrive/PointNet_APS_Project_V2/data/ycb28/generated_pointclouds_bbox_norm/box/009_gelatin_box/009_gelatin_box_sample_01.csv,0,0,box,box,0.8400202,True,mixed_trained_xyz,3,ycb28
/content/pointnetpp_xyz_cache/ycb28_test/box/009_gelatin_box_sample_02.csv,009_gelatin_box,box,0,2,ycb28,ycb28_test,/content/drive/MyDrive/PointNet_APS_Project_V2/data/ycb28/extracted_models/009_gelatin_box/009_gelatin_box/google_16k/textured.obj,official_ycb_download,1000,/content/drive/MyDrive/PointNet_APS_Project_V2/data/ycb28/generated_pointclouds_bbox_norm/box/009_gelatin_box/009_gelatin_box_sample_02.csv,0,0,box,box,0.9353746,True,mixed_trained_xyz,3,ycb28
/content/pointnetpp_xyz_cache/ycb28_test/box/009_gelatin_box_sample_03.csv,009_gelatin_box,box,0,3,ycb28,ycb28_test,/content/drive/MyDrive/PointNet_APS_Project_V2/data/ycb28/extracted_models/009_gelatin_box/009_gelatin_box/google_16k/textured.obj,official_ycb_download,1000,/content/drive/MyDrive/PointNet_APS_Project_V2/data/ycb28/generated_pointclouds_bbox_norm/box/009_gelatin_box/009_gelatin_box_sample_03.csv,0,0,box,box,0.7947803,True,mixed_trained_xyz,3,ycb28
/content/pointnetpp_xyz_cache/ycb28_test/box/009_gelatin_box_sample_04.csv,009_gelatin_box,box,0,4,ycb28,ycb28_test,/content/drive/MyDrive/PointNet_APS_Project_V2/data/ycb28/extracted_models/009_gelatin_box/009_gelatin_box/google_16k/textured.obj,official_ycb_download,1000,/content/drive/MyDrive/PointNet_APS_Project_V2/data/ycb28/generated_pointclouds_bbox_norm/box/009_gelatin_box/009_gelatin_box_sample_04.csv,0,0,box,box,0.9401146,True,mixed_trained_xyz,3,ycb28
/content/pointnetpp_xyz_cache/ycb28_test/box/009_gelatin_box_sample_05.csv,009_gelatin_box,box,0,5,ycb28,ycb28_test,/content/drive/MyDrive/PointNet_APS_Project_V2/data/ycb28/extracted_models/009_gelatin_box/009_gelatin_box/google_16k/textured.obj,official_ycb_download,1000,/content/drive/MyDrive/PointNet_APS_Project_V2/data/ycb28/generated_pointclouds_bbox_norm/box/009_gelatin_box/009_gelatin_box_sample_05.csv,0,0,box,box,0.84903246,True,mixed_trained_xyz,3,ycb28
/content/pointnetpp_xyz_cache/ycb28_test/box/009_gelatin_box_sample_06.csv,009_gelatin_box,box,0,6,ycb28,ycb28_test,/content/drive/MyDrive/PointNet_APS_Project_V2/data/ycb28/extracted_models/009_gelatin_box/009_gelatin_box/google_16k/textured.obj,official_ycb_download,1000,/content/drive/MyDrive/PointNet_APS_Project_V2/data/ycb28/generated_pointclouds_bbox_norm/box/009_gelatin_box/009_gelatin_box_sample_06.csv,0,1,box,cylinder,0.8810336,False,mixed_trained_xyz,3,ycb28
/content/pointnetpp_xyz_cache/ycb28_test/box/009_gelatin_box_sample_07.csv,009_gelatin_box,box,0,7,ycb28,ycb28_test,/content/drive/MyDrive/PointNet_APS_Project_V2/data/ycb28/extracted_models/009_gelatin_box/009_gelatin_box/google_16k/textured.obj,official_ycb_download,1000,/content/drive/MyDrive/PointNet_APS_Project_V2/data/ycb28/generated_pointclouds_bbox_norm/box/009_gelatin_box/009_gelatin_box_sample_07.csv,0,0,box,box,0.95338094,True,mixed_trained_xyz,3,ycb28
/content/pointnetpp_xyz_cache/ycb28_test/box/009_gelatin_box_sample_08.csv,009_gelatin_box,box,0,8,ycb28,ycb28_test,/content/drive/MyDrive/PointNet_APS_Project_V2/data/ycb28/extracted_models/009_gelatin_box/009_gelatin_box/google_16k/textured.obj,official_ycb_download,1000,/content/drive/MyDrive/PointNet_APS_Project_V2/data/ycb28/generated_pointclouds_bbox_norm/box/009_gelatin_box/009_gelatin_box_sample_08.csv,0,0,box,box,0.60912293,True,mixed_trained_xyz,3,ycb28
/content/pointnetpp_xyz_cache/ycb28_test/box/009_gelatin_box_sample_09.csv,009_gelatin_box,box,0,9,ycb28,ycb28_test,/content/drive/MyDrive/PointNet_APS_Project_V2/data/ycb28/extracted_models/009_gelatin_box/009_gelatin_box/google_16k/textured.obj,official_ycb_download,1000,/content/drive/MyDrive/PointNet_APS_Project_V2/data/ycb28/generated_pointclouds_bbox_norm/box/009_gelatin_box/009_gelatin_box_sample_09.csv,0,0,box,box,0.9309859,True,mixed_trained_xyz,3,ycb28
/content/pointnetpp_xyz_cache/ycb28_test/box/009_gelatin_box_sample_10.csv,009_gelatin_box,box,0,10,ycb28,ycb28_test,/content/drive/MyDrive/PointNet_APS_Project_V2/data/ycb28/extracted_models/009_gelatin_box/009_gelatin_box/google_16k/textured.obj,official_ycb_download,1000,/content/drive/MyDrive/PointNet_APS_Project_V2/data/ycb28/generated_pointclouds_bbox_norm/box/009_gelatin_box/009_gelatin_box_sample_10.csv,0,0,box,box,0.9199523,True,mixed_trained_xyz,3,ycb28
/content/pointnetpp_xyz_cache/ycb28_test/box/009_gelatin_box_sample_11.csv,009_gelatin_box,box,0,11,ycb28,ycb28_test,/content/drive/MyDrive/PointNet_APS_Project_V2/data/ycb28/extracted_models/009_gelatin_box/009_gelatin_box/google_16k/textured.obj,official_ycb_download,1000,/content/drive/MyDrive/PointNet_APS_Project_V2/data/ycb28/generated_pointclouds_bbox_norm/box/009_gelatin_box/009_gelatin_box_sample_11.csv,0,0,box,box,0.8339165,True,mixed_trained_xyz,3,ycb28
/content/pointnetpp_xyz_cache/ycb28_test/box/009_gelatin_box_sample_12.csv,009_gelatin_box,box,0,12,ycb28,ycb28_test,/content/drive/MyDrive/PointNet_APS_Project_V2/data/ycb28/extracted_models/009_gelatin_box/009_gelatin_box/google_16k/textured.obj,official_ycb_download,1000,/content/drive/MyDrive/PointNet_APS_Project_V2/data/ycb28/generated_pointclouds_bbox_norm/box/009_gelatin_box/009_gelatin_box_sample_12.csv,0,0,box,box,0.9570085,True,mixed_trained_xyz,3,ycb28
/content/pointnetpp_xyz_cache/ycb28_test/box/009_gelatin_box_sample_13.csv,009_gelatin_box,box,0,13,ycb28,ycb28_test,/content/drive/MyDrive/PointNet_APS_Project_V2/data/ycb28/extracted_models/009_gelatin_box/009_gelatin_box/google_16k/textured.obj,official_ycb_download,1000,/content/drive/MyDrive/PointNet_APS_Project_V2/data/ycb28/generated_pointclouds_bbox_norm/box/009_gelatin_box/009_gelatin_box_sample_13.csv,0,0,box,box,0.7737976,True,mixed_trained_xyz,3,ycb28
/content/pointnetpp_xyz_cache/ycb28_test/box/009_gelatin_box_sample_14.csv,009_gelatin_box,box,0,14,ycb28,ycb28_test,/content/drive/MyDrive/PointNet_APS_Project_V2/data/ycb28/extracted_models/009_gelatin_box/009_gelatin_box/google_16k/textured.obj,official_ycb_download,1000,/content/drive/MyDrive/PointNet_APS_Project_V2/data/ycb28/generated_pointclouds_bbox_norm/box/009_gelatin_box/009_gelatin_box_sample_14.csv,0,0,box,box,0.9412301,True,mixed_trained_xyz,3,ycb28
/content/pointnetpp_xyz_cache/ycb28_test/box/009_gelatin_box_sample_15.csv,009_gelatin_box,box,0,15,ycb28,ycb28_test,/content/drive/MyDrive/PointNet_APS_Project_V2/data/ycb28/extracted_models/009_gelatin_box/009_gelatin_box/google_16k/textured.obj,official_ycb_download,1000,/content/drive/MyDrive/PointNet_APS_Project_V2/data/ycb28/generated_pointclouds_bbox_norm/box/009_gelatin_box/009_gelatin_box_sample_15.csv,0,0,box,box,0.96162295,True,mixed_trained_xyz,3,ycb28
/content/pointnetpp_xyz_cache/ycb28_test/box/009_gelatin_box_sample_16.csv,009_gelatin_box,box,0,16,ycb28,ycb28_test,/content/drive/MyDrive/PointNet_APS_Project_V2/data/ycb28/extracted_models/009_gelatin_box/009_gelatin_box/google_16k/textured.obj,official_ycb_download,1000,/content/drive/MyDrive/PointNet_APS_Project_V2/data/ycb28/generated_pointclouds_bbox_norm/box/009_gelatin_box/009_gelatin_box_sample_16.csv,0,0,box,box,0.5653205,True,mixed_trained_xyz,3,ycb28
/content/pointnetpp_xyz_cache/ycb28_test/box/009_gelatin_box_sample_17.csv,009_gelatin_box,box,0,17,ycb28,ycb28_test,/content/drive/MyDrive/PointNet_APS_Project_V2/data/ycb28/extracted_models/009_gelatin_box/009_gelatin_box/google_16k/textured.obj,official_ycb_download,1000,/content/drive/MyDrive/PointNet_APS_Project_V2/data/ycb28/generated_pointclouds_bbox_norm/box/009_gelatin_box/009_gelatin_box_sample_17.csv,0,0,box,box,0.7123507,True,mixed_trained_xyz,3,ycb28
/content/pointnetpp_xyz_cache/ycb28_test/box/009_gelatin_box_sample_18.csv,009_gelatin_box,box,0,18,ycb28,ycb28_test,/content/drive/MyDrive/PointNet_APS_Project_V2/data/ycb28/extracted_models/009_gelatin_box/009_gelatin_box/google_16k/textured.obj,official_ycb_download,1000,/content/drive/MyDrive/PointNet_APS_Project_V2/data/ycb28/generated_pointclouds_bbox_norm/box/009_gelatin_box/009_gelatin_box_sample_18.csv,0,0,box,box,0.9546698,True,mixed_trained_xyz,3,ycb28
/content/pointnetpp_xyz_cache/ycb28_test/box/009_gelatin_box_sample_19.csv,009_gelatin_box,box,0,19,ycb28,ycb28_test,/content/drive/MyDrive/PointNet_APS_Project_V2/data/ycb28/extracted_models/009_gelatin_box/009_gelatin_box/google_16k/textured.obj,official_ycb_download,1000,/content/drive/MyDrive/PointNet_APS_Project_V2/data/ycb28/generated_pointclouds_bbox_norm/box/009_gelatin_box/009_gelatin_box_sample_19.csv,0,0,box,box,0.8410927,True,mixed_trained_xyz,3,ycb28
/content/pointnetpp_xyz_cache/ycb28_test/box/010_potted_meat_can_sample_00.csv,010_potted_meat_can,box,0,0,ycb28,ycb28_test,/content/drive/MyDrive/PointNet_APS_Project_V2/data/ycb28/extracted_models/010_potted_meat_can/010_potted_meat_can/google_16k/textured.obj,official_ycb_download,1000,/content/drive/MyDrive/PointNet_APS_Project_V2/data/ycb28/generated_pointclouds_bbox_norm/box/010_potted_meat_can/010_potted_meat_can_sample_00.csv,0,0,box,box,0.9050346,True,mixed_trained_xyz,3,ycb28
/content/pointnetpp_xyz_cache/ycb28_test/box/010_potted_meat_can_sample_01.csv,010_potted_meat_can,box,0,1,ycb28,ycb28_test,/content/drive/MyDrive/PointNet_APS_Project_V2/data/ycb28/extracted_models/010_potted_meat_can/010_potted_meat_can/google_16k/textured.obj,official_ycb_download,1000,/content/drive/MyDrive/PointNet_APS_Project_V2/data/ycb28/generated_pointclouds_bbox_norm/box/010_potted_meat_can/010_potted_meat_can_sample_01.csv,0,0,box,box,0.9651172,True,mixed_trained_xyz,3,ycb28
/content/pointnetpp_xyz_cache/ycb28_test/box/010_potted_meat_can_sample_02.csv,010_potted_meat_can,box,0,2,ycb28,ycb28_test,/content/drive/MyDrive/PointNet_APS_Project_V2/data/ycb28/extracted_models/010_potted_meat_can/010_potted_meat_can/google_16k/textured.obj,official_ycb_download,1000,/content/drive/MyDrive/PointNet_APS_Project_V2/data/ycb28/generated_pointclouds_bbox_norm/box/010_potted_meat_can/010_potted_meat_can_sample_02.csv,0,0,box,box,0.8326689,True,mixed_trained_xyz,3,ycb28
/content/pointnetpp_xyz_cache/ycb28_test/box/010_potted_meat_can_sample_03.csv,010_potted_meat_can,box,0,3,ycb28,ycb28_test,/content/drive/MyDrive/PointNet_APS_Project_V2/data/ycb28/extracted_models/010_potted_meat_can/010_potted_meat_can/google_16k/textured.obj,official_ycb_download,1000,/content/drive/MyDrive/PointNet_APS_Project_V2/data/ycb28/generated_pointclouds_bbox_norm/box/010_potted_meat_can/010_potted_meat_can_sample_03.csv,0,0,box,box,0.9652776,True,mixed_trained_xyz,3,ycb28
/content/pointnetpp_xyz_cache/ycb28_test/box/010_potted_meat_can_sample_04.csv,010_potted_meat_can,box,0,4,ycb28,ycb28_test,/content/drive/MyDrive/PointNet_APS_Project_V2/data/ycb28/extracted_models/010_potted_meat_can/010_potted_meat_can/google_16k/textured.obj,official_ycb_download,1000,/content/drive/MyDrive/PointNet_APS_Project_V2/data/ycb28/generated_pointclouds_bbox_norm/box/010_potted_meat_can/010_potted_meat_can_sample_04.csv,0,0,box,box,0.9303613,True,mixed_trained_xyz,3,ycb28
/content/pointnetpp_xyz_cache/ycb28_test/box/010_potted_meat_can_sample_05.csv,010_potted_meat_can,box,0,5,ycb28,ycb28_test,/content/drive/MyDrive/PointNet_APS_Project_V2/data/ycb28/extracted_models/010_potted_meat_can/010_potted_meat_can/google_16k/textured.obj,official_ycb_download,1000,/content/drive/MyDrive/PointNet_APS_Project_V2/data/ycb28/generated_pointclouds_bbox_norm/box/010_potted_meat_can/010_potted_meat_can_sample_05.csv,0,1,box,cylinder,0.62122446,False,mixed_trained_xyz,3,ycb28
/content/pointnetpp_xyz_cache/ycb28_test/box/010_potted_meat_can_sample_06.csv,010_potted_meat_can,box,0,6,ycb28,ycb28_test,/content/drive/MyDrive/PointNet_APS_Project_V2/data/ycb28/extracted_models/010_potted_meat_can/010_potted_meat_can/google_16k/textured.obj,official_ycb_download,1000,/content/drive/MyDrive/PointNet_APS_Project_V2/data/ycb28/generated_pointclouds_bbox_norm/box/010_potted_meat_can/010_potted_meat_can_sample_06.csv,0,0,box,box,0.81343925,True,mixed_trained_xyz,3,ycb28
/content/pointnetpp_xyz_cache/ycb28_test/box/010_potted_meat_can_sample_07.csv,010_potted_meat_can,box,0,7,ycb28,ycb28_test,/content/drive/MyDrive/PointNet_APS_Project_V2/data/ycb28/extracted_models/010_potted_meat_can/010_potted_meat_can/google_16k/textured.obj,official_ycb_download,1000,/content/drive/MyDrive/PointNet_APS_Project_V2/data/ycb28/generated_pointclouds_bbox_norm/box/010_potted_meat_can/010_potted_meat_can_sample_07.csv,0,0,box,box,0.88999075,True,mixed_trained_xyz,3,ycb28
/content/pointnetpp_xyz_cache/ycb28_test/box/010_potted_meat_can_sample_08.csv,010_potted_meat_can,box,0,8,ycb28,ycb28_test,/content/drive/MyDrive/PointNet_APS_Project_V2/data/ycb28/extracted_models/010_potted_meat_can/010_potted_meat_can/google_16k/textured.obj,official_ycb_download,1000,/content/drive/MyDrive/PointNet_APS_Project_V2/data/ycb28/generated_pointclouds_bbox_norm/box/010_potted_meat_can/010_potted_meat_can_sample_08.csv,0,0,box,box,0.9640305,True,mixed_trained_xyz,3,ycb28
/content/pointnetpp_xyz_cache/ycb28_test/box/010_potted_meat_can_sample_09.csv,010_potted_meat_can,box,0,9,ycb28,ycb28_test,/content/drive/MyDrive/PointNet_APS_Project_V2/data/ycb28/extracted_models/010_potted_meat_can/010_potted_meat_can/google_16k/textured.obj,official_ycb_download,1000,/content/drive/MyDrive/PointNet_APS_Project_V2/data/ycb28/generated_pointclouds_bbox_norm/box/010_potted_meat_can/010_potted_meat_can_sample_09.csv,0,0,box,box,0.9507968,True,mixed_trained_xyz,3,ycb28
/content/pointnetpp_xyz_cache/ycb28_test/box/010_potted_meat_can_sample_10.csv,010_potted_meat_can,box,0,10,ycb28,ycb28_test,/content/drive/MyDrive/PointNet_APS_Project_V2/data/ycb28/extracted_models/010_potted_meat_can/010_potted_meat_can/google_16k/textured.obj,official_ycb_download,1000,/content/drive/MyDrive/PointNet_APS_Project_V2/data/ycb28/generated_pointclouds_bbox_norm/box/010_potted_meat_can/010_potted_meat_can_sample_10.csv,0,0,box,box,0.9520035,True,mixed_trained_xyz,3,ycb28
/content/pointnetpp_xyz_cache/ycb28_test/box/010_potted_meat_can_sample_11.csv,010_potted_meat_can,box,0,11,ycb28,ycb28_test,/content/drive/MyDrive/PointNet_APS_Project_V2/data/ycb28/extracted_models/010_potted_meat_can/010_potted_meat_can/google_16k/textured.obj,official_ycb_download,1000,/content/drive/MyDrive/PointNet_APS_Project_V2/data/ycb28/generated_pointclouds_bbox_norm/box/010_potted_meat_can/010_potted_meat_can_sample_11.csv,0,0,box,box,0.94863826,True,mixed_trained_xyz,3,ycb28
/content/pointnetpp_xyz_cache/ycb28_test/box/010_potted_meat_can_sample_12.csv,010_potted_meat_can,box,0,12,ycb28,ycb28_test,/content/drive/MyDrive/PointNet_APS_Project_V2/data/ycb28/extracted_models/010_potted_meat_can/010_potted_meat_can/google_16k/textured.obj,official_ycb_download,1000,/content/drive/MyDrive/PointNet_APS_Project_V2/data/ycb28/generated_pointclouds_bbox_norm/box/010_potted_meat_can/010_potted_meat_can_sample_12.csv,0,0,box,box,0.4988477,True,mixed_trained_xyz,3,ycb28
/content/pointnetpp_xyz_cache/ycb28_test/box/010_potted_meat_can_sample_13.csv,010_potted_meat_can,box,0,13,ycb28,ycb28_test,/content/drive/MyDrive/PointNet_APS_Project_V2/data/ycb28/extracted_models/010_potted_meat_can/010_potted_meat_can/google_16k/textured.obj,official_ycb_download,1000,/content/drive/MyDrive/PointNet_APS_Project_V2/data/ycb28/generated_pointclouds_bbox_norm/box/010_potted_meat_can/010_potted_meat_can_sample_13.csv,0,1,box,cylinder,0.9321927,False,mixed_trained_xyz,3,ycb28
/content/pointnetpp_xyz_cache/ycb28_test/box/010_potted_meat_can_sample_14.csv,010_potted_meat_can,box,0,14,ycb28,ycb28_test,/content/drive/MyDrive/PointNet_APS_Project_V2/data/ycb28/extracted_models/010_potted_meat_can/010_potted_meat_can/google_16k/textured.obj,official_ycb_download,1000,/content/drive/MyDrive/PointNet_APS_Project_V2/data/ycb28/generated_pointclouds_bbox_norm/box/010_potted_meat_can/010_potted_meat_can_sample_14.csv,0,1,box,cylinder,0.6373752,False,mixed_trained_xyz,3,ycb28
/content/pointnetpp_xyz_cache/ycb28_test/box/010_potted_meat_can_sample_15.csv,010_potted_meat_can,box,0,15,ycb28,ycb28_test,/content/drive/MyDrive/PointNet_APS_Project_V2/data/ycb28/extracted_models/010_potted_meat_can/010_potted_meat_can/google_16k/textured.obj,official_ycb_download,1000,/content/drive/MyDrive/PointNet_APS_Project_V2/data/ycb28/generated_pointclouds_bbox_norm/box/010_potted_meat_can/010_potted_meat_can_sample_15.csv,0,0,box,box,0.8466693,True,mixed_trained_xyz,3,ycb28
/content/pointnetpp_xyz_cache/ycb28_test/box/010_potted_meat_can_sample_16.csv,010_potted_meat_can,box,0,16,ycb28,ycb28_test,/content/drive/MyDrive/PointNet_APS_Project_V2/data/ycb28/extracted_models/010_potted_meat_can/010_potted_meat_can/google_16k/textured.obj,official_ycb_download,1000,/content/drive/MyDrive/PointNet_APS_Project_V2/data/ycb28/generated_pointclouds_bbox_norm/box/010_potted_meat_can/010_potted_meat_can_sample_16.csv,0,0,box,box,0.76912034,True,mixed_trained_xyz,3,ycb28
/content/pointnetpp_xyz_cache/ycb28_test/box/010_potted_meat_can_sample_17.csv,010_potted_meat_can,box,0,17,ycb28,ycb28_test,/content/drive/MyDrive/PointNet_APS_Project_V2/data/ycb28/extracted_models/010_potted_meat_can/010_potted_meat_can/google_16k/textured.obj,official_ycb_download,1000,/content/drive/MyDrive/PointNet_APS_Project_V2/data/ycb28/generated_pointclouds_bbox_norm/box/010_potted_meat_can/010_potted_meat_can_sample_17.csv,0,0,box,box,0.8685706,True,mixed_trained_xyz,3,ycb28
/content/pointnetpp_xyz_cache/ycb28_test/box/010_potted_meat_can_sample_18.csv,010_potted_meat_can,box,0,18,ycb28,ycb28_test,/content/drive/MyDrive/PointNet_APS_Project_V2/data/ycb28/extracted_models/010_potted_meat_can/010_potted_meat_can/google_16k/textured.obj,official_ycb_download,1000,/content/drive/MyDrive/PointNet_APS_Project_V2/data/ycb28/generated_pointclouds_bbox_norm/box/010_potted_meat_can/010_potted_meat_can_sample_18.csv,0,0,box,box,0.92957425,True,mixed_trained_xyz,3,ycb28
/content/pointnetpp_xyz_cache/ycb28_test/box/010_potted_meat_can_sample_19.csv,010_potted_meat_can,box,0,19,ycb28,ycb28_test,/content/drive/MyDrive/PointNet_APS_Project_V2/data/ycb28/extracted_models/010_potted_meat_can/010_potted_meat_can/google_16k/textured.obj,official_ycb_download,1000,/content/drive/MyDrive/PointNet_APS_Project_V2/data/ycb28/generated_pointclouds_bbox_norm/box/010_potted_meat_can/010_potted_meat_can_sample_19.csv,0,0,box,box,0.9354422,True,mixed_trained_xyz,3,ycb28
/content/pointnetpp_xyz_cache/ycb28_test/box/026_sponge_sample_00.csv,026_sponge,box,0,0,ycb28,ycb28_test,/content/drive/MyDrive/PointNet_APS_Project_V2/data/ycb28/extracted_models/026_sponge/026_sponge/google_16k/textured.obj,official_ycb_download,1000,/content/drive/MyDrive/PointNet_APS_Project_V2/data/ycb28/generated_pointclouds_bbox_norm/box/026_sponge/026_sponge_sample_00.csv,0,0,box,box,0.8484456,True,mixed_trained_xyz,3,ycb28
/content/pointnetpp_xyz_cache/ycb28_test/box/026_sponge_sample_01.csv,026_sponge,box,0,1,ycb28,ycb28_test,/content/drive/MyDrive/PointNet_APS_Project_V2/data/ycb28/extracted_models/026_sponge/026_sponge/google_16k/textured.obj,official_ycb_download,1000,/content/drive/MyDrive/PointNet_APS_Project_V2/data/ycb28/generated_pointclouds_bbox_norm/box/026_sponge/026_sponge_sample_01.csv,0,0,box,box,0.8889582,True,mixed_trained_xyz,3,ycb28
/content/pointnetpp_xyz_cache/ycb28_test/box/026_sponge_sample_02.csv,026_sponge,box,0,2,ycb28,ycb28_test,/content/drive/MyDrive/PointNet_APS_Project_V2/data/ycb28/extracted_models/026_sponge/026_sponge/google_16k/textured.obj,official_ycb_download,1000,/content/drive/MyDrive/PointNet_APS_Project_V2/data/ycb28/generated_pointclouds_bbox_norm/box/026_sponge/026_sponge_sample_02.csv,0,1,box,cylinder,0.67040575,False,mixed_trained_xyz,3,ycb28
/content/pointnetpp_xyz_cache/ycb28_test/box/026_sponge_sample_03.csv,026_sponge,box,0,3,ycb28,ycb28_test,/content/drive/MyDrive/PointNet_APS_Project_V2/data/ycb28/extracted_models/026_sponge/026_sponge/google_16k/textured.obj,official_ycb_download,1000,/content/drive/MyDrive/PointNet_APS_Project_V2/data/ycb28/generated_pointclouds_bbox_norm/box/026_sponge/026_sponge_sample_03.csv,0,0,box,box,0.70536596,True,mixed_trained_xyz,3,ycb28
/content/pointnetpp_xyz_cache/ycb28_test/box/026_sponge_sample_04.csv,026_sponge,box,0,4,ycb28,ycb28_test,/content/drive/MyDrive/PointNet_APS_Project_V2/data/ycb28/extracted_models/026_sponge/026_sponge/google_16k/textured.obj,official_ycb_download,1000,/content/drive/MyDrive/PointNet_APS_Project_V2/data/ycb28/generated_pointclouds_bbox_norm/box/026_sponge/026_sponge_sample_04.csv,0,1,box,cylinder,0.77744794,False,mixed_trained_xyz,3,ycb28
/content/pointnetpp_xyz_cache/ycb28_test/box/026_sponge_sample_05.csv,026_sponge,box,0,5,ycb28,ycb28_test,/content/drive/MyDrive/PointNet_APS_Project_V2/data/ycb28/extracted_models/026_sponge/026_sponge/google_16k/textured.obj,official_ycb_download,1000,/content/drive/MyDrive/PointNet_APS_Project_V2/data/ycb28/generated_pointclouds_bbox_norm/box/026_sponge/026_sponge_sample_05.csv,0,0,box,box,0.64409953,True,mixed_trained_xyz,3,ycb28
/content/pointnetpp_xyz_cache/ycb28_test/box/026_sponge_sample_06.csv,026_sponge,box,0,6,ycb28,ycb28_test,/content/drive/MyDrive/PointNet_APS_Project_V2/data/ycb28/extracted_models/026_sponge/026_sponge/google_16k/textured.obj,official_ycb_download,1000,/content/drive/MyDrive/PointNet_APS_Project_V2/data/ycb28/generated_pointclouds_bbox_norm/box/026_sponge/026_sponge_sample_06.csv,0,1,box,cylinder,0.8874546,False,mixed_trained_xyz,3,ycb28
/content/pointnetpp_xyz_cache/ycb28_test/box/026_sponge_sample_07.csv,026_sponge,box,0,7,ycb28,ycb28_test,/content/drive/MyDrive/PointNet_APS_Project_V2/data/ycb28/extracted_models/026_sponge/026_sponge/google_16k/textured.obj,official_ycb_download,1000,/content/drive/MyDrive/PointNet_APS_Project_V2/data/ycb28/generated_pointclouds_bbox_norm/box/026_sponge/026_sponge_sample_07.csv,0,1,box,cylinder,0.7571387,False,mixed_trained_xyz,3,ycb28
/content/pointnetpp_xyz_cache/ycb28_test/box/026_sponge_sample_08.csv,026_sponge,box,0,8,ycb28,ycb28_test,/content/drive/MyDrive/PointNet_APS_Project_V2/data/ycb28/extracted_models/026_sponge/026_sponge/google_16k/textured.obj,official_ycb_download,1000,/content/drive/MyDrive/PointNet_APS_Project_V2/data/ycb28/generated_pointclouds_bbox_norm/box/026_sponge/026_sponge_sample_08.csv,0,0,box,box,0.7514793,True,mixed_trained_xyz,3,ycb28
/content/pointnetpp_xyz_cache/ycb28_test/box/026_sponge_sample_09.csv,026_sponge,box,0,9,ycb28,ycb28_test,/content/drive/MyDrive/PointNet_APS_Project_V2/data/ycb28/extracted_models/026_sponge/026_sponge/google_16k/textured.obj,official_ycb_download,1000,/content/drive/MyDrive/PointNet_APS_Project_V2/data/ycb28/generated_pointclouds_bbox_norm/box/026_sponge/026_sponge_sample_09.csv,0,0,box,box,0.8281267,True,mixed_trained_xyz,3,ycb28
/content/pointnetpp_xyz_cache/ycb28_test/box/026_sponge_sample_10.csv,026_sponge,box,0,10,ycb28,ycb28_test,/content/drive/MyDrive/PointNet_APS_Project_V2/data/ycb28/extracted_models/026_sponge/026_sponge/google_16k/textured.obj,official_ycb_download,1000,/content/drive/MyDrive/PointNet_APS_Project_V2/data/ycb28/generated_pointclouds_bbox_norm/box/026_sponge/026_sponge_sample_10.csv,0,0,box,box,0.8290365,True,mixed_trained_xyz,3,ycb28
/content/pointnetpp_xyz_cache/ycb28_test/box/026_sponge_sample_11.csv,026_sponge,box,0,11,ycb28,ycb28_test,/content/drive/MyDrive/PointNet_APS_Project_V2/data/ycb28/extracted_models/026_sponge/026_sponge/google_16k/textured.obj,official_ycb_download,1000,/content/drive/MyDrive/PointNet_APS_Project_V2/data/ycb28/generated_pointclouds_bbox_norm/box/026_sponge/026_sponge_sample_11.csv,0,0,box,box,0.7508894,True,mixed_trained_xyz,3,ycb28
/content/pointnetpp_xyz_cache/ycb28_test/box/026_sponge_sample_12.csv,026_sponge,box,0,12,ycb28,ycb28_test,/content/drive/MyDrive/PointNet_APS_Project_V2/data/ycb28/extracted_models/026_sponge/026_sponge/google_16k/textured.obj,official_ycb_download,1000,/content/drive/MyDrive/PointNet_APS_Project_V2/data/ycb28/generated_pointclouds_bbox_norm/box/026_sponge/026_sponge_sample_12.csv,0,0,box,box,0.7231137,True,mixed_trained_xyz,3,ycb28
/content/pointnetpp_xyz_cache/ycb28_test/box/026_sponge_sample_13.csv,026_sponge,box,0,13,ycb28,ycb28_test,/content/drive/MyDrive/PointNet_APS_Project_V2/data/ycb28/extracted_models/026_sponge/026_sponge/google_16k/textured.obj,official_ycb_download,1000,/content/drive/MyDrive/PointNet_APS_Project_V2/data/ycb28/generated_pointclouds_bbox_norm/box/026_sponge/026_sponge_sample_13.csv,0,1,box,cylinder,0.83798945,False,mixed_trained_xyz,3,ycb28
/content/pointnetpp_xyz_cache/ycb28_test/box/026_sponge_sample_14.csv,026_sponge,box,0,14,ycb28,ycb28_test,/content/drive/MyDrive/PointNet_APS_Project_V2/data/ycb28/extracted_models/026_sponge/026_sponge/google_16k/textured.obj,official_ycb_download,1000,/content/drive/MyDrive/PointNet_APS_Project_V2/data/ycb28/generated_pointclouds_bbox_norm/box/026_sponge/026_sponge_sample_14.csv,0,1,box,cylinder,0.5981941,False,mixed_trained_xyz,3,ycb28
/content/pointnetpp_xyz_cache/ycb28_test/box/026_sponge_sample_15.csv,026_sponge,box,0,15,ycb28,ycb28_test,/content/drive/MyDrive/PointNet_APS_Project_V2/data/ycb28/extracted_models/026_sponge/026_sponge/google_16k/textured.obj,official_ycb_download,1000,/content/drive/MyDrive/PointNet_APS_Project_V2/data/ycb28/generated_pointclouds_bbox_norm/box/026_sponge/026_sponge_sample_15.csv,0,0,box,box,0.5586758,True,mixed_trained_xyz,3,ycb28
/content/pointnetpp_xyz_cache/ycb28_test/box/026_sponge_sample_16.csv,026_sponge,box,0,16,ycb28,ycb28_test,/content/drive/MyDrive/PointNet_APS_Project_V2/data/ycb28/extracted_models/026_sponge/026_sponge/google_16k/textured.obj,official_ycb_download,1000,/content/drive/MyDrive/PointNet_APS_Project_V2/data/ycb28/generated_pointclouds_bbox_norm/box/026_sponge/026_sponge_sample_16.csv,0,0,box,box,0.5897439,True,mixed_trained_xyz,3,ycb28
/content/pointnetpp_xyz_cache/ycb28_test/box/026_sponge_sample_17.csv,026_sponge,box,0,17,ycb28,ycb28_test,/content/drive/MyDrive/PointNet_APS_Project_V2/data/ycb28/extracted_models/026_sponge/026_sponge/google_16k/textured.obj,official_ycb_download,1000,/content/drive/MyDrive/PointNet_APS_Project_V2/data/ycb28/generated_pointclouds_bbox_norm/box/026_sponge/026_sponge_sample_17.csv,0,1,box,cylinder,0.6844145,False,mixed_trained_xyz,3,ycb28
/content/pointnetpp_xyz_cache/ycb28_test/box/026_sponge_sample_18.csv,026_sponge,box,0,18,ycb28,ycb28_test,/content/drive/MyDrive/PointNet_APS_Project_V2/data/ycb28/extracted_models/026_sponge/026_sponge/google_16k/textured.obj,official_ycb_download,1000,/content/drive/MyDrive/PointNet_APS_Project_V2/data/ycb28/generated_pointclouds_bbox_norm/box/026_sponge/026_sponge_sample_18.csv,0,1,box,cylinder,0.87851256,False,mixed_trained_xyz,3,ycb28
/content/pointnetpp_xyz_cache/ycb28_test/box/026_sponge_sample_19.csv,026_sponge,box,0,19,ycb28,ycb28_test,/content/drive/MyDrive/PointNet_APS_Project_V2/data/ycb28/extracted_models/026_sponge/026_sponge/google_16k/textured.obj,official_ycb_download,1000,/content/drive/MyDrive/PointNet_APS_Project_V2/data/ycb28/generated_pointclouds_bbox_norm/box/026_sponge/026_sponge_sample_19.csv,0,0,box,box,0.87407804,True,mixed_trained_xyz,3,ycb28
/content/pointnetpp_xyz_cache/ycb28_test/box/036_wood_block_sample_00.csv,036_wood_block,box,0,0,ycb28,ycb28_test,/content/drive/MyDrive/PointNet_APS_Project_V2/data/ycb28/extracted_models/036_wood_block/036_wood_block/google_16k/textured.obj,official_ycb_download,1000,/content/drive/MyDrive/PointNet_APS_Project_V2/data/ycb28/generated_pointclouds_bbox_norm/box/036_wood_block/036_wood_block_sample_00.csv,0,0,box,box,0.9758547,True,mixed_trained_xyz,3,ycb28
/content/pointnetpp_xyz_cache/ycb28_test/box/036_wood_block_sample_01.csv,036_wood_block,box,0,1,ycb28,ycb28_test,/content/drive/MyDrive/PointNet_APS_Project_V2/data/ycb28/extracted_models/036_wood_block/036_wood_block/google_16k/textured.obj,official_ycb_download,1000,/content/drive/MyDrive/PointNet_APS_Project_V2/data/ycb28/generated_pointclouds_bbox_norm/box/036_wood_block/036_wood_block_sample_01.csv,0,0,box,box,0.90512156,True,mixed_trained_xyz,3,ycb28
/content/pointnetpp_xyz_cache/ycb28_test/box/036_wood_block_sample_02.csv,036_wood_block,box,0,2,ycb28,ycb28_test,/content/drive/MyDrive/PointNet_APS_Project_V2/data/ycb28/extracted_models/036_wood_block/036_wood_block/google_16k/textured.obj,official_ycb_download,1000,/content/drive/MyDrive/PointNet_APS_Project_V2/data/ycb28/generated_pointclouds_bbox_norm/box/036_wood_block/036_wood_block_sample_02.csv,0,0,box,box,0.98750323,True,mixed_trained_xyz,3,ycb28
/content/pointnetpp_xyz_cache/ycb28_test/box/036_wood_block_sample_03.csv,036_wood_block,box,0,3,ycb28,ycb28_test,/content/drive/MyDrive/PointNet_APS_Project_V2/data/ycb28/extracted_models/036_wood_block/036_wood_block/google_16k/textured.obj,official_ycb_download,1000,/content/drive/MyDrive/PointNet_APS_Project_V2/data/ycb28/generated_pointclouds_bbox_norm/box/036_wood_block/036_wood_block_sample_03.csv,0,0,box,box,0.9801072,True,mixed_trained_xyz,3,ycb28
/content/pointnetpp_xyz_cache/ycb28_test/box/036_wood_block_sample_04.csv,036_wood_block,box,0,4,ycb28,ycb28_test,/content/drive/MyDrive/PointNet_APS_Project_V2/data/ycb28/extracted_models/036_wood_block/036_wood_block/google_16k/textured.obj,official_ycb_download,1000,/content/drive/MyDrive/PointNet_APS_Project_V2/data/ycb28/generated_pointclouds_bbox_norm/box/036_wood_block/036_wood_block_sample_04.csv,0,0,box,box,0.94841933,True,mixed_trained_xyz,3,ycb28
/content/pointnetpp_xyz_cache/ycb28_test/box/036_wood_block_sample_05.csv,036_wood_block,box,0,5,ycb28,ycb28_test,/content/drive/MyDrive/PointNet_APS_Project_V2/data/ycb28/extracted_models/036_wood_block/036_wood_block/google_16k/textured.obj,official_ycb_download,1000,/content/drive/MyDrive/PointNet_APS_Project_V2/data/ycb28/generated_pointclouds_bbox_norm/box/036_wood_block/036_wood_block_sample_05.csv,0,0,box,box,0.978381,True,mixed_trained_xyz,3,ycb28
/content/pointnetpp_xyz_cache/ycb28_test/box/036_wood_block_sample_06.csv,036_wood_block,box,0,6,ycb28,ycb28_test,/content/drive/MyDrive/PointNet_APS_Project_V2/data/ycb28/extracted_models/036_wood_block/036_wood_block/google_16k/textured.obj,official_ycb_download,1000,/content/drive/MyDrive/PointNet_APS_Project_V2/data/ycb28/generated_pointclouds_bbox_norm/box/036_wood_block/036_wood_block_sample_06.csv,0,0,box,box,0.9588112,True,mixed_trained_xyz,3,ycb28
/content/pointnetpp_xyz_cache/ycb28_test/box/036_wood_block_sample_07.csv,036_wood_block,box,0,7,ycb28,ycb28_test,/content/drive/MyDrive/PointNet_APS_Project_V2/data/ycb28/extracted_models/036_wood_block/036_wood_block/google_16k/textured.obj,official_ycb_download,1000,/content/drive/MyDrive/PointNet_APS_Project_V2/data/ycb28/generated_pointclouds_bbox_norm/box/036_wood_block/036_wood_block_sample_07.csv,0,0,box,box,0.9058711,True,mixed_trained_xyz,3,ycb28
/content/pointnetpp_xyz_cache/ycb28_test/box/036_wood_block_sample_08.csv,036_wood_block,box,0,8,ycb28,ycb28_test,/content/drive/MyDrive/PointNet_APS_Project_V2/data/ycb28/extracted_models/036_wood_block/036_wood_block/google_16k/textured.obj,official_ycb_download,1000,/content/drive/MyDrive/PointNet_APS_Project_V2/data/ycb28/generated_pointclouds_bbox_norm/box/036_wood_block/036_wood_block_sample_08.csv,0,0,box,box,0.9596778,True,mixed_trained_xyz,3,ycb28
/content/pointnetpp_xyz_cache/ycb28_test/box/036_wood_block_sample_09.csv,036_wood_block,box,0,9,ycb28,ycb28_test,/content/drive/MyDrive/PointNet_APS_Project_V2/data/ycb28/extracted_models/036_wood_block/036_wood_block/google_16k/textured.obj,official_ycb_download,1000,/content/drive/MyDrive/PointNet_APS_Project_V2/data/ycb28/generated_pointclouds_bbox_norm/box/036_wood_block/036_wood_block_sample_09.csv,0,0,box,box,0.9796768,True,mixed_trained_xyz,3,ycb28
/content/pointnetpp_xyz_cache/ycb28_test/box/036_wood_block_sample_10.csv,036_wood_block,box,0,10,ycb28,ycb28_test,/content/drive/MyDrive/PointNet_APS_Project_V2/data/ycb28/extracted_models/036_wood_block/036_wood_block/google_16k/textured.obj,official_ycb_download,1000,/content/drive/MyDrive/PointNet_APS_Project_V2/data/ycb28/generated_pointclouds_bbox_norm/box/036_wood_block/036_wood_block_sample_10.csv,0,0,box,box,0.97579396,True,mixed_trained_xyz,3,ycb28
/content/pointnetpp_xyz_cache/ycb28_test/box/036_wood_block_sample_11.csv,036_wood_block,box,0,11,ycb28,ycb28_test,/content/drive/MyDrive/PointNet_APS_Project_V2/data/ycb28/extracted_models/036_wood_block/036_wood_block/google_16k/textured.obj,official_ycb_download,1000,/content/drive/MyDrive/PointNet_APS_Project_V2/data/ycb28/generated_pointclouds_bbox_norm/box/036_wood_block/036_wood_block_sample_11.csv,0,0,box,box,0.9805055,True,mixed_trained_xyz,3,ycb28
/content/pointnetpp_xyz_cache/ycb28_test/box/036_wood_block_sample_12.csv,036_wood_block,box,0,12,ycb28,ycb28_test,/content/drive/MyDrive/PointNet_APS_Project_V2/data/ycb28/extracted_models/036_wood_block/036_wood_block/google_16k/textured.obj,official_ycb_download,1000,/content/drive/MyDrive/PointNet_APS_Project_V2/data/ycb28/generated_pointclouds_bbox_norm/box/036_wood_block/036_wood_block_sample_12.csv,0,0,box,box,0.9725552,True,mixed_trained_xyz,3,ycb28
/content/pointnetpp_xyz_cache/ycb28_test/box/036_wood_block_sample_13.csv,036_wood_block,box,0,13,ycb28,ycb28_test,/content/drive/MyDrive/PointNet_APS_Project_V2/data/ycb28/extracted_models/036_wood_block/036_wood_block/google_16k/textured.obj,official_ycb_download,1000,/content/drive/MyDrive/PointNet_APS_Project_V2/data/ycb28/generated_pointclouds_bbox_norm/box/036_wood_block/036_wood_block_sample_13.csv,0,0,box,box,0.97523177,True,mixed_trained_xyz,3,ycb28
/content/pointnetpp_xyz_cache/ycb28_test/box/036_wood_block_sample_14.csv,036_wood_block,box,0,14,ycb28,ycb28_test,/content/drive/MyDrive/PointNet_APS_Project_V2/data/ycb28/extracted_models/036_wood_block/036_wood_block/google_16k/textured.obj,official_ycb_download,1000,/content/drive/MyDrive/PointNet_APS_Project_V2/data/ycb28/generated_pointclouds_bbox_norm/box/036_wood_block/036_wood_block_sample_14.csv,0,0,box,box,0.9770827,True,mixed_trained_xyz,3,ycb28
/content/pointnetpp_xyz_cache/ycb28_test/box/036_wood_block_sample_15.csv,036_wood_block,box,0,15,ycb28,ycb28_test,/content/drive/MyDrive/PointNet_APS_Project_V2/data/ycb28/extracted_models/036_wood_block/036_wood_block/google_16k/textured.obj,official_ycb_download,1000,/content/drive/MyDrive/PointNet_APS_Project_V2/data/ycb28/generated_pointclouds_bbox_norm/box/036_wood_block/036_wood_block_sample_15.csv,0,0,box,box,0.95953596,True,mixed_trained_xyz,3,ycb28
/content/pointnetpp_xyz_cache/ycb28_test/box/036_wood_block_sample_16.csv,036_wood_block,box,0,16,ycb28,ycb28_test,/content/drive/MyDrive/PointNet_APS_Project_V2/data/ycb28/extracted_models/036_wood_block/036_wood_block/google_16k/textured.obj,official_ycb_download,1000,/content/drive/MyDrive/PointNet_APS_Project_V2/data/ycb28/generated_pointclouds_bbox_norm/box/036_wood_block/036_wood_block_sample_16.csv,0,0,box,box,0.9810517,True,mixed_trained_xyz,3,ycb28
/content/pointnetpp_xyz_cache/ycb28_test/box/036_wood_block_sample_17.csv,036_wood_block,box,0,17,ycb28,ycb28_test,/content/drive/MyDrive/PointNet_APS_Project_V2/data/ycb28/extracted_models/036_wood_block/036_wood_block/google_16k/textured.obj,official_ycb_download,1000,/content/drive/MyDrive/PointNet_APS_Project_V2/data/ycb28/generated_pointclouds_bbox_norm/box/036_wood_block/036_wood_block_sample_17.csv,0,0,box,box,0.9731103,True,mixed_trained_xyz,3,ycb28
/content/pointnetpp_xyz_cache/ycb28_test/box/036_wood_block_sample_18.csv,036_wood_block,box,0,18,ycb28,ycb28_test,/content/drive/MyDrive/PointNet_APS_Project_V2/data/ycb28/extracted_models/036_wood_block/036_wood_block/google_16k/textured.obj,official_ycb_download,1000,/content/drive/MyDrive/PointNet_APS_Project_V2/data/ycb28/generated_pointclouds_bbox_norm/box/036_wood_block/036_wood_block_sample_18.csv,0,0,box,box,0.97546047,True,mixed_trained_xyz,3,ycb28
/content/pointnetpp_xyz_cache/ycb28_test/box/036_wood_block_sample_19.csv,036_wood_block,box,0,19,ycb28,ycb28_test,/content/drive/MyDrive/PointNet_APS_Project_V2/data/ycb28/extracted_models/036_wood_block/036_wood_block/google_16k/textured.obj,official_ycb_download,1000,/content/drive/MyDrive/PointNet_APS_Project_V2/data/ycb28/generated_pointclouds_bbox_norm/box/036_wood_block/036_wood_block_sample_19.csv,0,0,box,box,0.9852283,True,mixed_trained_xyz,3,ycb28
/content/pointnetpp_xyz_cache/ycb28_test/box/061_foam_brick_sample_00.csv,061_foam_brick,box,0,0,ycb28,ycb28_test,/content/drive/MyDrive/PointNet_APS_Project_V2/data/ycb28/extracted_models/061_foam_brick/061_foam_brick/google_16k/textured.obj,official_ycb_download,1000,/content/drive/MyDrive/PointNet_APS_Project_V2/data/ycb28/generated_pointclouds_bbox_norm/box/061_foam_brick/061_foam_brick_sample_00.csv,0,0,box,box,0.9779229,True,mixed_trained_xyz,3,ycb28
/content/pointnetpp_xyz_cache/ycb28_test/box/061_foam_brick_sample_01.csv,061_foam_brick,box,0,1,ycb28,ycb28_test,/content/drive/MyDrive/PointNet_APS_Project_V2/data/ycb28/extracted_models/061_foam_brick/061_foam_brick/google_16k/textured.obj,official_ycb_download,1000,/content/drive/MyDrive/PointNet_APS_Project_V2/data/ycb28/generated_pointclouds_bbox_norm/box/061_foam_brick/061_foam_brick_sample_01.csv,0,0,box,box,0.9723269,True,mixed_trained_xyz,3,ycb28
/content/pointnetpp_xyz_cache/ycb28_test/box/061_foam_brick_sample_02.csv,061_foam_brick,box,0,2,ycb28,ycb28_test,/content/drive/MyDrive/PointNet_APS_Project_V2/data/ycb28/extracted_models/061_foam_brick/061_foam_brick/google_16k/textured.obj,official_ycb_download,1000,/content/drive/MyDrive/PointNet_APS_Project_V2/data/ycb28/generated_pointclouds_bbox_norm/box/061_foam_brick/061_foam_brick_sample_02.csv,0,0,box,box,0.85913354,True,mixed_trained_xyz,3,ycb28
/content/pointnetpp_xyz_cache/ycb28_test/box/061_foam_brick_sample_03.csv,061_foam_brick,box,0,3,ycb28,ycb28_test,/content/drive/MyDrive/PointNet_APS_Project_V2/data/ycb28/extracted_models/061_foam_brick/061_foam_brick/google_16k/textured.obj,official_ycb_download,1000,/content/drive/MyDrive/PointNet_APS_Project_V2/data/ycb28/generated_pointclouds_bbox_norm/box/061_foam_brick/061_foam_brick_sample_03.csv,0,0,box,box,0.97698736,True,mixed_trained_xyz,3,ycb28
/content/pointnetpp_xyz_cache/ycb28_test/box/061_foam_brick_sample_04.csv,061_foam_brick,box,0,4,ycb28,ycb28_test,/content/drive/MyDrive/PointNet_APS_Project_V2/data/ycb28/extracted_models/061_foam_brick/061_foam_brick/google_16k/textured.obj,official_ycb_download,1000,/content/drive/MyDrive/PointNet_APS_Project_V2/data/ycb28/generated_pointclouds_bbox_norm/box/061_foam_brick/061_foam_brick_sample_04.csv,0,0,box,box,0.9492831,True,mixed_trained_xyz,3,ycb28
/content/pointnetpp_xyz_cache/ycb28_test/box/061_foam_brick_sample_05.csv,061_foam_brick,box,0,5,ycb28,ycb28_test,/content/drive/MyDrive/PointNet_APS_Project_V2/data/ycb28/extracted_models/061_foam_brick/061_foam_brick/google_16k/textured.obj,official_ycb_download,1000,/content/drive/MyDrive/PointNet_APS_Project_V2/data/ycb28/generated_pointclouds_bbox_norm/box/061_foam_brick/061_foam_brick_sample_05.csv,0,0,box,box,0.9683381,True,mixed_trained_xyz,3,ycb28
/content/pointnetpp_xyz_cache/ycb28_test/box/061_foam_brick_sample_06.csv,061_foam_brick,box,0,6,ycb28,ycb28_test,/content/drive/MyDrive/PointNet_APS_Project_V2/data/ycb28/extracted_models/061_foam_brick/061_foam_brick/google_16k/textured.obj,official_ycb_download,1000,/content/drive/MyDrive/PointNet_APS_Project_V2/data/ycb28/generated_pointclouds_bbox_norm/box/061_foam_brick/061_foam_brick_sample_06.csv,0,0,box,box,0.9483231,True,mixed_trained_xyz,3,ycb28
/content/pointnetpp_xyz_cache/ycb28_test/box/061_foam_brick_sample_07.csv,061_foam_brick,box,0,7,ycb28,ycb28_test,/content/drive/MyDrive/PointNet_APS_Project_V2/data/ycb28/extracted_models/061_foam_brick/061_foam_brick/google_16k/textured.obj,official_ycb_download,1000,/content/drive/MyDrive/PointNet_APS_Project_V2/data/ycb28/generated_pointclouds_bbox_norm/box/061_foam_brick/061_foam_brick_sample_07.csv,0,0,box,box,0.9729293,True,mixed_trained_xyz,3,ycb28
/content/pointnetpp_xyz_cache/ycb28_test/box/061_foam_brick_sample_08.csv,061_foam_brick,box,0,8,ycb28,ycb28_test,/content/drive/MyDrive/PointNet_APS_Project_V2/data/ycb28/extracted_models/061_foam_brick/061_foam_brick/google_16k/textured.obj,official_ycb_download,1000,/content/drive/MyDrive/PointNet_APS_Project_V2/data/ycb28/generated_pointclouds_bbox_norm/box/061_foam_brick/061_foam_brick_sample_08.csv,0,0,box,box,0.9658102,True,mixed_trained_xyz,3,ycb28
/content/pointnetpp_xyz_cache/ycb28_test/box/061_foam_brick_sample_09.csv,061_foam_brick,box,0,9,ycb28,ycb28_test,/content/drive/MyDrive/PointNet_APS_Project_V2/data/ycb28/extracted_models/061_foam_brick/061_foam_brick/google_16k/textured.obj,official_ycb_download,1000,/content/drive/MyDrive/PointNet_APS_Project_V2/data/ycb28/generated_pointclouds_bbox_norm/box/061_foam_brick/061_foam_brick_sample_09.csv,0,0,box,box,0.9751441,True,mixed_trained_xyz,3,ycb28
/content/pointnetpp_xyz_cache/ycb28_test/box/061_foam_brick_sample_10.csv,061_foam_brick,box,0,10,ycb28,ycb28_test,/content/drive/MyDrive/PointNet_APS_Project_V2/data/ycb28/extracted_models/061_foam_brick/061_foam_brick/google_16k/textured.obj,official_ycb_download,1000,/content/drive/MyDrive/PointNet_APS_Project_V2/data/ycb28/generated_pointclouds_bbox_norm/box/061_foam_brick/061_foam_brick_sample_10.csv,0,0,box,box,0.9835532,True,mixed_trained_xyz,3,ycb28
/content/pointnetpp_xyz_cache/ycb28_test/box/061_foam_brick_sample_11.csv,061_foam_brick,box,0,11,ycb28,ycb28_test,/content/drive/MyDrive/PointNet_APS_Project_V2/data/ycb28/extracted_models/061_foam_brick/061_foam_brick/google_16k/textured.obj,official_ycb_download,1000,/content/drive/MyDrive/PointNet_APS_Project_V2/data/ycb28/generated_pointclouds_bbox_norm/box/061_foam_brick/061_foam_brick_sample_11.csv,0,0,box,box,0.9776968,True,mixed_trained_xyz,3,ycb28
/content/pointnetpp_xyz_cache/ycb28_test/box/061_foam_brick_sample_12.csv,061_foam_brick,box,0,12,ycb28,ycb28_test,/content/drive/MyDrive/PointNet_APS_Project_V2/data/ycb28/extracted_models/061_foam_brick/061_foam_brick/google_16k/textured.obj,official_ycb_download,1000,/content/drive/MyDrive/PointNet_APS_Project_V2/data/ycb28/generated_pointclouds_bbox_norm/box/061_foam_brick/061_foam_brick_sample_12.csv,0,0,box,box,0.96231407,True,mixed_trained_xyz,3,ycb28
/content/pointnetpp_xyz_cache/ycb28_test/box/061_foam_brick_sample_13.csv,061_foam_brick,box,0,13,ycb28,ycb28_test,/content/drive/MyDrive/PointNet_APS_Project_V2/data/ycb28/extracted_models/061_foam_brick/061_foam_brick/google_16k/textured.obj,official_ycb_download,1000,/content/drive/MyDrive/PointNet_APS_Project_V2/data/ycb28/generated_pointclouds_bbox_norm/box/061_foam_brick/061_foam_brick_sample_13.csv,0,0,box,box,0.96790475,True,mixed_trained_xyz,3,ycb28
/content/pointnetpp_xyz_cache/ycb28_test/box/061_foam_brick_sample_14.csv,061_foam_brick,box,0,14,ycb28,ycb28_test,/content/drive/MyDrive/PointNet_APS_Project_V2/data/ycb28/extracted_models/061_foam_brick/061_foam_brick/google_16k/textured.obj,official_ycb_download,1000,/content/drive/MyDrive/PointNet_APS_Project_V2/data/ycb28/generated_pointclouds_bbox_norm/box/061_foam_brick/061_foam_brick_sample_14.csv,0,0,box,box,0.9815891,True,mixed_trained_xyz,3,ycb28
/content/pointnetpp_xyz_cache/ycb28_test/box/061_foam_brick_sample_15.csv,061_foam_brick,box,0,15,ycb28,ycb28_test,/content/drive/MyDrive/PointNet_APS_Project_V2/data/ycb28/extracted_models/061_foam_brick/061_foam_brick/google_16k/textured.obj,official_ycb_download,1000,/content/drive/MyDrive/PointNet_APS_Project_V2/data/ycb28/generated_pointclouds_bbox_norm/box/061_foam_brick/061_foam_brick_sample_15.csv,0,0,box,box,0.9558606,True,mixed_trained_xyz,3,ycb28
/content/pointnetpp_xyz_cache/ycb28_test/box/061_foam_brick_sample_16.csv,061_foam_brick,box,0,16,ycb28,ycb28_test,/content/drive/MyDrive/PointNet_APS_Project_V2/data/ycb28/extracted_models/061_foam_brick/061_foam_brick/google_16k/textured.obj,official_ycb_download,1000,/content/drive/MyDrive/PointNet_APS_Project_V2/data/ycb28/generated_pointclouds_bbox_norm/box/061_foam_brick/061_foam_brick_sample_16.csv,0,0,box,box,0.9677278,True,mixed_trained_xyz,3,ycb28
/content/pointnetpp_xyz_cache/ycb28_test/box/061_foam_brick_sample_17.csv,061_foam_brick,box,0,17,ycb28,ycb28_test,/content/drive/MyDrive/PointNet_APS_Project_V2/data/ycb28/extracted_models/061_foam_brick/061_foam_brick/google_16k/textured.obj,official_ycb_download,1000,/content/drive/MyDrive/PointNet_APS_Project_V2/data/ycb28/generated_pointclouds_bbox_norm/box/061_foam_brick/061_foam_brick_sample_17.csv,0,0,box,box,0.9754538,True,mixed_trained_xyz,3,ycb28
/content/pointnetpp_xyz_cache/ycb28_test/box/061_foam_brick_sample_18.csv,061_foam_brick,box,0,18,ycb28,ycb28_test,/content/drive/MyDrive/PointNet_APS_Project_V2/data/ycb28/extracted_models/061_foam_brick/061_foam_brick/google_16k/textured.obj,official_ycb_download,1000,/content/drive/MyDrive/PointNet_APS_Project_V2/data/ycb28/generated_pointclouds_bbox_norm/box/061_foam_brick/061_foam_brick_sample_18.csv,0,0,box,box,0.9697562,True,mixed_trained_xyz,3,ycb28
/content/pointnetpp_xyz_cache/ycb28_test/box/061_foam_brick_sample_19.csv,061_foam_brick,box,0,19,ycb28,ycb28_test,/content/drive/MyDrive/PointNet_APS_Project_V2/data/ycb28/extracted_models/061_foam_brick/061_foam_brick/google_16k/textured.obj,official_ycb_download,1000,/content/drive/MyDrive/PointNet_APS_Project_V2/data/ycb28/generated_pointclouds_bbox_norm/box/061_foam_brick/061_foam_brick_sample_19.csv,0,0,box,box,0.9791494,True,mixed_trained_xyz,3,ycb28
/content/pointnetpp_xyz_cache/ycb28_test/box/077_rubiks_cube_sample_00.csv,077_rubiks_cube,box,0,0,ycb28,ycb28_test,/content/drive/MyDrive/PointNet_APS_Project_V2/data/ycb28/extracted_models/077_rubiks_cube/077_rubiks_cube/google_16k/textured.obj,official_ycb_download,1000,/content/drive/MyDrive/PointNet_APS_Project_V2/data/ycb28/generated_pointclouds_bbox_norm/box/077_rubiks_cube/077_rubiks_cube_sample_00.csv,0,0,box,box,0.90020037,True,mixed_trained_xyz,3,ycb28
/content/pointnetpp_xyz_cache/ycb28_test/box/077_rubiks_cube_sample_01.csv,077_rubiks_cube,box,0,1,ycb28,ycb28_test,/content/drive/MyDrive/PointNet_APS_Project_V2/data/ycb28/extracted_models/077_rubiks_cube/077_rubiks_cube/google_16k/textured.obj,official_ycb_download,1000,/content/drive/MyDrive/PointNet_APS_Project_V2/data/ycb28/generated_pointclouds_bbox_norm/box/077_rubiks_cube/077_rubiks_cube_sample_01.csv,0,0,box,box,0.9212741,True,mixed_trained_xyz,3,ycb28
/content/pointnetpp_xyz_cache/ycb28_test/box/077_rubiks_cube_sample_02.csv,077_rubiks_cube,box,0,2,ycb28,ycb28_test,/content/drive/MyDrive/PointNet_APS_Project_V2/data/ycb28/extracted_models/077_rubiks_cube/077_rubiks_cube/google_16k/textured.obj,official_ycb_download,1000,/content/drive/MyDrive/PointNet_APS_Project_V2/data/ycb28/generated_pointclouds_bbox_norm/box/077_rubiks_cube/077_rubiks_cube_sample_02.csv,0,0,box,box,0.9729212,True,mixed_trained_xyz,3,ycb28
/content/pointnetpp_xyz_cache/ycb28_test/box/077_rubiks_cube_sample_03.csv,077_rubiks_cube,box,0,3,ycb28,ycb28_test,/content/drive/MyDrive/PointNet_APS_Project_V2/data/ycb28/extracted_models/077_rubiks_cube/077_rubiks_cube/google_16k/textured.obj,official_ycb_download,1000,/content/drive/MyDrive/PointNet_APS_Project_V2/data/ycb28/generated_pointclouds_bbox_norm/box/077_rubiks_cube/077_rubiks_cube_sample_03.csv,0,0,box,box,0.93235224,True,mixed_trained_xyz,3,ycb28
/content/pointnetpp_xyz_cache/ycb28_test/box/077_rubiks_cube_sample_04.csv,077_rubiks_cube,box,0,4,ycb28,ycb28_test,/content/drive/MyDrive/PointNet_APS_Project_V2/data/ycb28/extracted_models/077_rubiks_cube/077_rubiks_cube/google_16k/textured.obj,official_ycb_download,1000,/content/drive/MyDrive/PointNet_APS_Project_V2/data/ycb28/generated_pointclouds_bbox_norm/box/077_rubiks_cube/077_rubiks_cube_sample_04.csv,0,0,box,box,0.88061184,True,mixed_trained_xyz,3,ycb28
/content/pointnetpp_xyz_cache/ycb28_test/box/077_rubiks_cube_sample_05.csv,077_rubiks_cube,box,0,5,ycb28,ycb28_test,/content/drive/MyDrive/PointNet_APS_Project_V2/data/ycb28/extracted_models/077_rubiks_cube/077_rubiks_cube/google_16k/textured.obj,official_ycb_download,1000,/content/drive/MyDrive/PointNet_APS_Project_V2/data/ycb28/generated_pointclouds_bbox_norm/box/077_rubiks_cube/077_rubiks_cube_sample_05.csv,0,0,box,box,0.91318053,True,mixed_trained_xyz,3,ycb28
/content/pointnetpp_xyz_cache/ycb28_test/box/077_rubiks_cube_sample_06.csv,077_rubiks_cube,box,0,6,ycb28,ycb28_test,/content/drive/MyDrive/PointNet_APS_Project_V2/data/ycb28/extracted_models/077_rubiks_cube/077_rubiks_cube/google_16k/textured.obj,official_ycb_download,1000,/content/drive/MyDrive/PointNet_APS_Project_V2/data/ycb28/generated_pointclouds_bbox_norm/box/077_rubiks_cube/077_rubiks_cube_sample_06.csv,0,0,box,box,0.5068896,True,mixed_trained_xyz,3,ycb28
/content/pointnetpp_xyz_cache/ycb28_test/box/077_rubiks_cube_sample_07.csv,077_rubiks_cube,box,0,7,ycb28,ycb28_test,/content/drive/MyDrive/PointNet_APS_Project_V2/data/ycb28/extracted_models/077_rubiks_cube/077_rubiks_cube/google_16k/textured.obj,official_ycb_download,1000,/content/drive/MyDrive/PointNet_APS_Project_V2/data/ycb28/generated_pointclouds_bbox_norm/box/077_rubiks_cube/077_rubiks_cube_sample_07.csv,0,0,box,box,0.96264863,True,mixed_trained_xyz,3,ycb28
/content/pointnetpp_xyz_cache/ycb28_test/box/077_rubiks_cube_sample_08.csv,077_rubiks_cube,box,0,8,ycb28,ycb28_test,/content/drive/MyDrive/PointNet_APS_Project_V2/data/ycb28/extracted_models/077_rubiks_cube/077_rubiks_cube/google_16k/textured.obj,official_ycb_download,1000,/content/drive/MyDrive/PointNet_APS_Project_V2/data/ycb28/generated_pointclouds_bbox_norm/box/077_rubiks_cube/077_rubiks_cube_sample_08.csv,0,0,box,box,0.9355754,True,mixed_trained_xyz,3,ycb28
/content/pointnetpp_xyz_cache/ycb28_test/box/077_rubiks_cube_sample_09.csv,077_rubiks_cube,box,0,9,ycb28,ycb28_test,/content/drive/MyDrive/PointNet_APS_Project_V2/data/ycb28/extracted_models/077_rubiks_cube/077_rubiks_cube/google_16k/textured.obj,official_ycb_download,1000,/content/drive/MyDrive/PointNet_APS_Project_V2/data/ycb28/generated_pointclouds_bbox_norm/box/077_rubiks_cube/077_rubiks_cube_sample_09.csv,0,0,box,box,0.9430668,True,mixed_trained_xyz,3,ycb28
/content/pointnetpp_xyz_cache/ycb28_test/box/077_rubiks_cube_sample_10.csv,077_rubiks_cube,box,0,10,ycb28,ycb28_test,/content/drive/MyDrive/PointNet_APS_Project_V2/data/ycb28/extracted_models/077_rubiks_cube/077_rubiks_cube/google_16k/textured.obj,official_ycb_download,1000,/content/drive/MyDrive/PointNet_APS_Project_V2/data/ycb28/generated_pointclouds_bbox_norm/box/077_rubiks_cube/077_rubiks_cube_sample_10.csv,0,0,box,box,0.95725626,True,mixed_trained_xyz,3,ycb28
/content/pointnetpp_xyz_cache/ycb28_test/box/077_rubiks_cube_sample_11.csv,077_rubiks_cube,box,0,11,ycb28,ycb28_test,/content/drive/MyDrive/PointNet_APS_Project_V2/data/ycb28/extracted_models/077_rubiks_cube/077_rubiks_cube/google_16k/textured.obj,official_ycb_download,1000,/content/drive/MyDrive/PointNet_APS_Project_V2/data/ycb28/generated_pointclouds_bbox_norm/box/077_rubiks_cube/077_rubiks_cube_sample_11.csv,0,0,box,box,0.9013852,True,mixed_trained_xyz,3,ycb28
/content/pointnetpp_xyz_cache/ycb28_test/box/077_rubiks_cube_sample_12.csv,077_rubiks_cube,box,0,12,ycb28,ycb28_test,/content/drive/MyDrive/PointNet_APS_Project_V2/data/ycb28/extracted_models/077_rubiks_cube/077_rubiks_cube/google_16k/textured.obj,official_ycb_download,1000,/content/drive/MyDrive/PointNet_APS_Project_V2/data/ycb28/generated_pointclouds_bbox_norm/box/077_rubiks_cube/077_rubiks_cube_sample_12.csv,0,0,box,box,0.95908684,True,mixed_trained_xyz,3,ycb28
/content/pointnetpp_xyz_cache/ycb28_test/box/077_rubiks_cube_sample_13.csv,077_rubiks_cube,box,0,13,ycb28,ycb28_test,/content/drive/MyDrive/PointNet_APS_Project_V2/data/ycb28/extracted_models/077_rubiks_cube/077_rubiks_cube/google_16k/textured.obj,official_ycb_download,1000,/content/drive/MyDrive/PointNet_APS_Project_V2/data/ycb28/generated_pointclouds_bbox_norm/box/077_rubiks_cube/077_rubiks_cube_sample_13.csv,0,0,box,box,0.74445015,True,mixed_trained_xyz,3,ycb28
/content/pointnetpp_xyz_cache/ycb28_test/box/077_rubiks_cube_sample_14.csv,077_rubiks_cube,box,0,14,ycb28,ycb28_test,/content/drive/MyDrive/PointNet_APS_Project_V2/data/ycb28/extracted_models/077_rubiks_cube/077_rubiks_cube/google_16k/textured.obj,official_ycb_download,1000,/content/drive/MyDrive/PointNet_APS_Project_V2/data/ycb28/generated_pointclouds_bbox_norm/box/077_rubiks_cube/077_rubiks_cube_sample_14.csv,0,0,box,box,0.90572155,True,mixed_trained_xyz,3,ycb28
/content/pointnetpp_xyz_cache/ycb28_test/box/077_rubiks_cube_sample_15.csv,077_rubiks_cube,box,0,15,ycb28,ycb28_test,/content/drive/MyDrive/PointNet_APS_Project_V2/data/ycb28/extracted_models/077_rubiks_cube/077_rubiks_cube/google_16k/textured.obj,official_ycb_download,1000,/content/drive/MyDrive/PointNet_APS_Project_V2/data/ycb28/generated_pointclouds_bbox_norm/box/077_rubiks_cube/077_rubiks_cube_sample_15.csv,0,0,box,box,0.917589,True,mixed_trained_xyz,3,ycb28
/content/pointnetpp_xyz_cache/ycb28_test/box/077_rubiks_cube_sample_16.csv,077_rubiks_cube,box,0,16,ycb28,ycb28_test,/content/drive/MyDrive/PointNet_APS_Project_V2/data/ycb28/extracted_models/077_rubiks_cube/077_rubiks_cube/google_16k/textured.obj,official_ycb_download,1000,/content/drive/MyDrive/PointNet_APS_Project_V2/data/ycb28/generated_pointclouds_bbox_norm/box/077_rubiks_cube/077_rubiks_cube_sample_16.csv,0,0,box,box,0.90030307,True,mixed_trained_xyz,3,ycb28
/content/pointnetpp_xyz_cache/ycb28_test/box/077_rubiks_cube_sample_17.csv,077_rubiks_cube,box,0,17,ycb28,ycb28_test,/content/drive/MyDrive/PointNet_APS_Project_V2/data/ycb28/extracted_models/077_rubiks_cube/077_rubiks_cube/google_16k/textured.obj,official_ycb_download,1000,/content/drive/MyDrive/PointNet_APS_Project_V2/data/ycb28/generated_pointclouds_bbox_norm/box/077_rubiks_cube/077_rubiks_cube_sample_17.csv,0,0,box,box,0.84294504,True,mixed_trained_xyz,3,ycb28
/content/pointnetpp_xyz_cache/ycb28_test/box/077_rubiks_cube_sample_18.csv,077_rubiks_cube,box,0,18,ycb28,ycb28_test,/content/drive/MyDrive/PointNet_APS_Project_V2/data/ycb28/extracted_models/077_rubiks_cube/077_rubiks_cube/google_16k/textured.obj,official_ycb_download,1000,/content/drive/MyDrive/PointNet_APS_Project_V2/data/ycb28/generated_pointclouds_bbox_norm/box/077_rubiks_cube/077_rubiks_cube_sample_18.csv,0,0,box,box,0.9417258,True,mixed_trained_xyz,3,ycb28
/content/pointnetpp_xyz_cache/ycb28_test/box/077_rubiks_cube_sample_19.csv,077_rubiks_cube,box,0,19,ycb28,ycb28_test,/content/drive/MyDrive/PointNet_APS_Project_V2/data/ycb28/extracted_models/077_rubiks_cube/077_rubiks_cube/google_16k/textured.obj,official_ycb_download,1000,/content/drive/MyDrive/PointNet_APS_Project_V2/data/ycb28/generated_pointclouds_bbox_norm/box/077_rubiks_cube/077_rubiks_cube_sample_19.csv,0,0,box,box,0.93174773,True,mixed_trained_xyz,3,ycb28
/content/pointnetpp_xyz_cache/ycb28_test/cylinder/001_chips_can_sample_00.csv,001_chips_can,cylinder,1,0,ycb28,ycb28_test,/content/drive/MyDrive/PointNet_APS_Project_V2/data/ycb28/extracted_models/001_chips_can_hf_fixed_mesh/001_chips_can/poisson/textured.obj,hf_ycb_fixed_mesh_fallback,1000,/content/drive/MyDrive/PointNet_APS_Project_V2/data/ycb28/generated_pointclouds_bbox_norm/cylinder/001_chips_can/001_chips_can_sample_00.csv,1,1,cylinder,cylinder,0.9793442,True,mixed_trained_xyz,3,ycb28
/content/pointnetpp_xyz_cache/ycb28_test/cylinder/001_chips_can_sample_01.csv,001_chips_can,cylinder,1,1,ycb28,ycb28_test,/content/drive/MyDrive/PointNet_APS_Project_V2/data/ycb28/extracted_models/001_chips_can_hf_fixed_mesh/001_chips_can/poisson/textured.obj,hf_ycb_fixed_mesh_fallback,1000,/content/drive/MyDrive/PointNet_APS_Project_V2/data/ycb28/generated_pointclouds_bbox_norm/cylinder/001_chips_can/001_chips_can_sample_01.csv,1,1,cylinder,cylinder,0.9781954,True,mixed_trained_xyz,3,ycb28
/content/pointnetpp_xyz_cache/ycb28_test/cylinder/001_chips_can_sample_02.csv,001_chips_can,cylinder,1,2,ycb28,ycb28_test,/content/drive/MyDrive/PointNet_APS_Project_V2/data/ycb28/extracted_models/001_chips_can_hf_fixed_mesh/001_chips_can/poisson/textured.obj,hf_ycb_fixed_mesh_fallback,1000,/content/drive/MyDrive/PointNet_APS_Project_V2/data/ycb28/generated_pointclouds_bbox_norm/cylinder/001_chips_can/001_chips_can_sample_02.csv,1,1,cylinder,cylinder,0.98031,True,mixed_trained_xyz,3,ycb28
/content/pointnetpp_xyz_cache/ycb28_test/cylinder/001_chips_can_sample_03.csv,001_chips_can,cylinder,1,3,ycb28,ycb28_test,/content/drive/MyDrive/PointNet_APS_Project_V2/data/ycb28/extracted_models/001_chips_can_hf_fixed_mesh/001_chips_can/poisson/textured.obj,hf_ycb_fixed_mesh_fallback,1000,/content/drive/MyDrive/PointNet_APS_Project_V2/data/ycb28/generated_pointclouds_bbox_norm/cylinder/001_chips_can/001_chips_can_sample_03.csv,1,1,cylinder,cylinder,0.9791468,True,mixed_trained_xyz,3,ycb28
/content/pointnetpp_xyz_cache/ycb28_test/cylinder/001_chips_can_sample_04.csv,001_chips_can,cylinder,1,4,ycb28,ycb28_test,/content/drive/MyDrive/PointNet_APS_Project_V2/data/ycb28/extracted_models/001_chips_can_hf_fixed_mesh/001_chips_can/poisson/textured.obj,hf_ycb_fixed_mesh_fallback,1000,/content/drive/MyDrive/PointNet_APS_Project_V2/data/ycb28/generated_pointclouds_bbox_norm/cylinder/001_chips_can/001_chips_can_sample_04.csv,1,1,cylinder,cylinder,0.98013157,True,mixed_trained_xyz,3,ycb28
/content/pointnetpp_xyz_cache/ycb28_test/cylinder/001_chips_can_sample_05.csv,001_chips_can,cylinder,1,5,ycb28,ycb28_test,/content/drive/MyDrive/PointNet_APS_Project_V2/data/ycb28/extracted_models/001_chips_can_hf_fixed_mesh/001_chips_can/poisson/textured.obj,hf_ycb_fixed_mesh_fallback,1000,/content/drive/MyDrive/PointNet_APS_Project_V2/data/ycb28/generated_pointclouds_bbox_norm/cylinder/001_chips_can/001_chips_can_sample_05.csv,1,1,cylinder,cylinder,0.97902715,True,mixed_trained_xyz,3,ycb28
/content/pointnetpp_xyz_cache/ycb28_test/cylinder/001_chips_can_sample_06.csv,001_chips_can,cylinder,1,6,ycb28,ycb28_test,/content/drive/MyDrive/PointNet_APS_Project_V2/data/ycb28/extracted_models/001_chips_can_hf_fixed_mesh/001_chips_can/poisson/textured.obj,hf_ycb_fixed_mesh_fallback,1000,/content/drive/MyDrive/PointNet_APS_Project_V2/data/ycb28/generated_pointclouds_bbox_norm/cylinder/001_chips_can/001_chips_can_sample_06.csv,1,1,cylinder,cylinder,0.9751373,True,mixed_trained_xyz,3,ycb28
/content/pointnetpp_xyz_cache/ycb28_test/cylinder/001_chips_can_sample_07.csv,001_chips_can,cylinder,1,7,ycb28,ycb28_test,/content/drive/MyDrive/PointNet_APS_Project_V2/data/ycb28/extracted_models/001_chips_can_hf_fixed_mesh/001_chips_can/poisson/textured.obj,hf_ycb_fixed_mesh_fallback,1000,/content/drive/MyDrive/PointNet_APS_Project_V2/data/ycb28/generated_pointclouds_bbox_norm/cylinder/001_chips_can/001_chips_can_sample_07.csv,1,1,cylinder,cylinder,0.975833,True,mixed_trained_xyz,3,ycb28
/content/pointnetpp_xyz_cache/ycb28_test/cylinder/001_chips_can_sample_08.csv,001_chips_can,cylinder,1,8,ycb28,ycb28_test,/content/drive/MyDrive/PointNet_APS_Project_V2/data/ycb28/extracted_models/001_chips_can_hf_fixed_mesh/001_chips_can/poisson/textured.obj,hf_ycb_fixed_mesh_fallback,1000,/content/drive/MyDrive/PointNet_APS_Project_V2/data/ycb28/generated_pointclouds_bbox_norm/cylinder/001_chips_can/001_chips_can_sample_08.csv,1,1,cylinder,cylinder,0.9805413,True,mixed_trained_xyz,3,ycb28
/content/pointnetpp_xyz_cache/ycb28_test/cylinder/001_chips_can_sample_09.csv,001_chips_can,cylinder,1,9,ycb28,ycb28_test,/content/drive/MyDrive/PointNet_APS_Project_V2/data/ycb28/extracted_models/001_chips_can_hf_fixed_mesh/001_chips_can/poisson/textured.obj,hf_ycb_fixed_mesh_fallback,1000,/content/drive/MyDrive/PointNet_APS_Project_V2/data/ycb28/generated_pointclouds_bbox_norm/cylinder/001_chips_can/001_chips_can_sample_09.csv,1,1,cylinder,cylinder,0.9784571,True,mixed_trained_xyz,3,ycb28
/content/pointnetpp_xyz_cache/ycb28_test/cylinder/001_chips_can_sample_10.csv,001_chips_can,cylinder,1,10,ycb28,ycb28_test,/content/drive/MyDrive/PointNet_APS_Project_V2/data/ycb28/extracted_models/001_chips_can_hf_fixed_mesh/001_chips_can/poisson/textured.obj,hf_ycb_fixed_mesh_fallback,1000,/content/drive/MyDrive/PointNet_APS_Project_V2/data/ycb28/generated_pointclouds_bbox_norm/cylinder/001_chips_can/001_chips_can_sample_10.csv,1,1,cylinder,cylinder,0.9805463,True,mixed_trained_xyz,3,ycb28
/content/pointnetpp_xyz_cache/ycb28_test/cylinder/001_chips_can_sample_11.csv,001_chips_can,cylinder,1,11,ycb28,ycb28_test,/content/drive/MyDrive/PointNet_APS_Project_V2/data/ycb28/extracted_models/001_chips_can_hf_fixed_mesh/001_chips_can/poisson/textured.obj,hf_ycb_fixed_mesh_fallback,1000,/content/drive/MyDrive/PointNet_APS_Project_V2/data/ycb28/generated_pointclouds_bbox_norm/cylinder/001_chips_can/001_chips_can_sample_11.csv,1,1,cylinder,cylinder,0.98101854,True,mixed_trained_xyz,3,ycb28
/content/pointnetpp_xyz_cache/ycb28_test/cylinder/001_chips_can_sample_12.csv,001_chips_can,cylinder,1,12,ycb28,ycb28_test,/content/drive/MyDrive/PointNet_APS_Project_V2/data/ycb28/extracted_models/001_chips_can_hf_fixed_mesh/001_chips_can/poisson/textured.obj,hf_ycb_fixed_mesh_fallback,1000,/content/drive/MyDrive/PointNet_APS_Project_V2/data/ycb28/generated_pointclouds_bbox_norm/cylinder/001_chips_can/001_chips_can_sample_12.csv,1,1,cylinder,cylinder,0.98566854,True,mixed_trained_xyz,3,ycb28
/content/pointnetpp_xyz_cache/ycb28_test/cylinder/001_chips_can_sample_13.csv,001_chips_can,cylinder,1,13,ycb28,ycb28_test,/content/drive/MyDrive/PointNet_APS_Project_V2/data/ycb28/extracted_models/001_chips_can_hf_fixed_mesh/001_chips_can/poisson/textured.obj,hf_ycb_fixed_mesh_fallback,1000,/content/drive/MyDrive/PointNet_APS_Project_V2/data/ycb28/generated_pointclouds_bbox_norm/cylinder/001_chips_can/001_chips_can_sample_13.csv,1,1,cylinder,cylinder,0.9668965,True,mixed_trained_xyz,3,ycb28
/content/pointnetpp_xyz_cache/ycb28_test/cylinder/001_chips_can_sample_14.csv,001_chips_can,cylinder,1,14,ycb28,ycb28_test,/content/drive/MyDrive/PointNet_APS_Project_V2/data/ycb28/extracted_models/001_chips_can_hf_fixed_mesh/001_chips_can/poisson/textured.obj,hf_ycb_fixed_mesh_fallback,1000,/content/drive/MyDrive/PointNet_APS_Project_V2/data/ycb28/generated_pointclouds_bbox_norm/cylinder/001_chips_can/001_chips_can_sample_14.csv,1,1,cylinder,cylinder,0.96968466,True,mixed_trained_xyz,3,ycb28
/content/pointnetpp_xyz_cache/ycb28_test/cylinder/001_chips_can_sample_15.csv,001_chips_can,cylinder,1,15,ycb28,ycb28_test,/content/drive/MyDrive/PointNet_APS_Project_V2/data/ycb28/extracted_models/001_chips_can_hf_fixed_mesh/001_chips_can/poisson/textured.obj,hf_ycb_fixed_mesh_fallback,1000,/content/drive/MyDrive/PointNet_APS_Project_V2/data/ycb28/generated_pointclouds_bbox_norm/cylinder/001_chips_can/001_chips_can_sample_15.csv,1,1,cylinder,cylinder,0.9833229,True,mixed_trained_xyz,3,ycb28
/content/pointnetpp_xyz_cache/ycb28_test/cylinder/001_chips_can_sample_16.csv,001_chips_can,cylinder,1,16,ycb28,ycb28_test,/content/drive/MyDrive/PointNet_APS_Project_V2/data/ycb28/extracted_models/001_chips_can_hf_fixed_mesh/001_chips_can/poisson/textured.obj,hf_ycb_fixed_mesh_fallback,1000,/content/drive/MyDrive/PointNet_APS_Project_V2/data/ycb28/generated_pointclouds_bbox_norm/cylinder/001_chips_can/001_chips_can_sample_16.csv,1,1,cylinder,cylinder,0.981753,True,mixed_trained_xyz,3,ycb28
/content/pointnetpp_xyz_cache/ycb28_test/cylinder/001_chips_can_sample_17.csv,001_chips_can,cylinder,1,17,ycb28,ycb28_test,/content/drive/MyDrive/PointNet_APS_Project_V2/data/ycb28/extracted_models/001_chips_can_hf_fixed_mesh/001_chips_can/poisson/textured.obj,hf_ycb_fixed_mesh_fallback,1000,/content/drive/MyDrive/PointNet_APS_Project_V2/data/ycb28/generated_pointclouds_bbox_norm/cylinder/001_chips_can/001_chips_can_sample_17.csv,1,1,cylinder,cylinder,0.98319685,True,mixed_trained_xyz,3,ycb28
/content/pointnetpp_xyz_cache/ycb28_test/cylinder/001_chips_can_sample_18.csv,001_chips_can,cylinder,1,18,ycb28,ycb28_test,/content/drive/MyDrive/PointNet_APS_Project_V2/data/ycb28/extracted_models/001_chips_can_hf_fixed_mesh/001_chips_can/poisson/textured.obj,hf_ycb_fixed_mesh_fallback,1000,/content/drive/MyDrive/PointNet_APS_Project_V2/data/ycb28/generated_pointclouds_bbox_norm/cylinder/001_chips_can/001_chips_can_sample_18.csv,1,1,cylinder,cylinder,0.9837483,True,mixed_trained_xyz,3,ycb28
/content/pointnetpp_xyz_cache/ycb28_test/cylinder/001_chips_can_sample_19.csv,001_chips_can,cylinder,1,19,ycb28,ycb28_test,/content/drive/MyDrive/PointNet_APS_Project_V2/data/ycb28/extracted_models/001_chips_can_hf_fixed_mesh/001_chips_can/poisson/textured.obj,hf_ycb_fixed_mesh_fallback,1000,/content/drive/MyDrive/PointNet_APS_Project_V2/data/ycb28/generated_pointclouds_bbox_norm/cylinder/001_chips_can/001_chips_can_sample_19.csv,1,1,cylinder,cylinder,0.9776588,True,mixed_trained_xyz,3,ycb28
/content/pointnetpp_xyz_cache/ycb28_test/cylinder/002_master_chef_can_sample_00.csv,002_master_chef_can,cylinder,1,0,ycb28,ycb28_test,/content/drive/MyDrive/PointNet_APS_Project_V2/data/ycb28/extracted_models/002_master_chef_can/002_master_chef_can/google_16k/textured.obj,official_ycb_download,1000,/content/drive/MyDrive/PointNet_APS_Project_V2/data/ycb28/generated_pointclouds_bbox_norm/cylinder/002_master_chef_can/002_master_chef_can_sample_00.csv,1,1,cylinder,cylinder,0.9658442,True,mixed_trained_xyz,3,ycb28
/content/pointnetpp_xyz_cache/ycb28_test/cylinder/002_master_chef_can_sample_01.csv,002_master_chef_can,cylinder,1,1,ycb28,ycb28_test,/content/drive/MyDrive/PointNet_APS_Project_V2/data/ycb28/extracted_models/002_master_chef_can/002_master_chef_can/google_16k/textured.obj,official_ycb_download,1000,/content/drive/MyDrive/PointNet_APS_Project_V2/data/ycb28/generated_pointclouds_bbox_norm/cylinder/002_master_chef_can/002_master_chef_can_sample_01.csv,1,1,cylinder,cylinder,0.9482127,True,mixed_trained_xyz,3,ycb28
/content/pointnetpp_xyz_cache/ycb28_test/cylinder/002_master_chef_can_sample_02.csv,002_master_chef_can,cylinder,1,2,ycb28,ycb28_test,/content/drive/MyDrive/PointNet_APS_Project_V2/data/ycb28/extracted_models/002_master_chef_can/002_master_chef_can/google_16k/textured.obj,official_ycb_download,1000,/content/drive/MyDrive/PointNet_APS_Project_V2/data/ycb28/generated_pointclouds_bbox_norm/cylinder/002_master_chef_can/002_master_chef_can_sample_02.csv,1,1,cylinder,cylinder,0.94811195,True,mixed_trained_xyz,3,ycb28
/content/pointnetpp_xyz_cache/ycb28_test/cylinder/002_master_chef_can_sample_03.csv,002_master_chef_can,cylinder,1,3,ycb28,ycb28_test,/content/drive/MyDrive/PointNet_APS_Project_V2/data/ycb28/extracted_models/002_master_chef_can/002_master_chef_can/google_16k/textured.obj,official_ycb_download,1000,/content/drive/MyDrive/PointNet_APS_Project_V2/data/ycb28/generated_pointclouds_bbox_norm/cylinder/002_master_chef_can/002_master_chef_can_sample_03.csv,1,1,cylinder,cylinder,0.97577447,True,mixed_trained_xyz,3,ycb28
/content/pointnetpp_xyz_cache/ycb28_test/cylinder/002_master_chef_can_sample_04.csv,002_master_chef_can,cylinder,1,4,ycb28,ycb28_test,/content/drive/MyDrive/PointNet_APS_Project_V2/data/ycb28/extracted_models/002_master_chef_can/002_master_chef_can/google_16k/textured.obj,official_ycb_download,1000,/content/drive/MyDrive/PointNet_APS_Project_V2/data/ycb28/generated_pointclouds_bbox_norm/cylinder/002_master_chef_can/002_master_chef_can_sample_04.csv,1,1,cylinder,cylinder,0.97105294,True,mixed_trained_xyz,3,ycb28
/content/pointnetpp_xyz_cache/ycb28_test/cylinder/002_master_chef_can_sample_05.csv,002_master_chef_can,cylinder,1,5,ycb28,ycb28_test,/content/drive/MyDrive/PointNet_APS_Project_V2/data/ycb28/extracted_models/002_master_chef_can/002_master_chef_can/google_16k/textured.obj,official_ycb_download,1000,/content/drive/MyDrive/PointNet_APS_Project_V2/data/ycb28/generated_pointclouds_bbox_norm/cylinder/002_master_chef_can/002_master_chef_can_sample_05.csv,1,1,cylinder,cylinder,0.76389253,True,mixed_trained_xyz,3,ycb28
/content/pointnetpp_xyz_cache/ycb28_test/cylinder/002_master_chef_can_sample_06.csv,002_master_chef_can,cylinder,1,6,ycb28,ycb28_test,/content/drive/MyDrive/PointNet_APS_Project_V2/data/ycb28/extracted_models/002_master_chef_can/002_master_chef_can/google_16k/textured.obj,official_ycb_download,1000,/content/drive/MyDrive/PointNet_APS_Project_V2/data/ycb28/generated_pointclouds_bbox_norm/cylinder/002_master_chef_can/002_master_chef_can_sample_06.csv,1,1,cylinder,cylinder,0.9661072,True,mixed_trained_xyz,3,ycb28
/content/pointnetpp_xyz_cache/ycb28_test/cylinder/002_master_chef_can_sample_07.csv,002_master_chef_can,cylinder,1,7,ycb28,ycb28_test,/content/drive/MyDrive/PointNet_APS_Project_V2/data/ycb28/extracted_models/002_master_chef_can/002_master_chef_can/google_16k/textured.obj,official_ycb_download,1000,/content/drive/MyDrive/PointNet_APS_Project_V2/data/ycb28/generated_pointclouds_bbox_norm/cylinder/002_master_chef_can/002_master_chef_can_sample_07.csv,1,1,cylinder,cylinder,0.96809435,True,mixed_trained_xyz,3,ycb28
/content/pointnetpp_xyz_cache/ycb28_test/cylinder/002_master_chef_can_sample_08.csv,002_master_chef_can,cylinder,1,8,ycb28,ycb28_test,/content/drive/MyDrive/PointNet_APS_Project_V2/data/ycb28/extracted_models/002_master_chef_can/002_master_chef_can/google_16k/textured.obj,official_ycb_download,1000,/content/drive/MyDrive/PointNet_APS_Project_V2/data/ycb28/generated_pointclouds_bbox_norm/cylinder/002_master_chef_can/002_master_chef_can_sample_08.csv,1,1,cylinder,cylinder,0.9496909,True,mixed_trained_xyz,3,ycb28
/content/pointnetpp_xyz_cache/ycb28_test/cylinder/002_master_chef_can_sample_09.csv,002_master_chef_can,cylinder,1,9,ycb28,ycb28_test,/content/drive/MyDrive/PointNet_APS_Project_V2/data/ycb28/extracted_models/002_master_chef_can/002_master_chef_can/google_16k/textured.obj,official_ycb_download,1000,/content/drive/MyDrive/PointNet_APS_Project_V2/data/ycb28/generated_pointclouds_bbox_norm/cylinder/002_master_chef_can/002_master_chef_can_sample_09.csv,1,1,cylinder,cylinder,0.96636045,True,mixed_trained_xyz,3,ycb28
/content/pointnetpp_xyz_cache/ycb28_test/cylinder/002_master_chef_can_sample_10.csv,002_master_chef_can,cylinder,1,10,ycb28,ycb28_test,/content/drive/MyDrive/PointNet_APS_Project_V2/data/ycb28/extracted_models/002_master_chef_can/002_master_chef_can/google_16k/textured.obj,official_ycb_download,1000,/content/drive/MyDrive/PointNet_APS_Project_V2/data/ycb28/generated_pointclouds_bbox_norm/cylinder/002_master_chef_can/002_master_chef_can_sample_10.csv,1,1,cylinder,cylinder,0.930196,True,mixed_trained_xyz,3,ycb28
/content/pointnetpp_xyz_cache/ycb28_test/cylinder/002_master_chef_can_sample_11.csv,002_master_chef_can,cylinder,1,11,ycb28,ycb28_test,/content/drive/MyDrive/PointNet_APS_Project_V2/data/ycb28/extracted_models/002_master_chef_can/002_master_chef_can/google_16k/textured.obj,official_ycb_download,1000,/content/drive/MyDrive/PointNet_APS_Project_V2/data/ycb28/generated_pointclouds_bbox_norm/cylinder/002_master_chef_can/002_master_chef_can_sample_11.csv,1,1,cylinder,cylinder,0.87111056,True,mixed_trained_xyz,3,ycb28
/content/pointnetpp_xyz_cache/ycb28_test/cylinder/002_master_chef_can_sample_12.csv,002_master_chef_can,cylinder,1,12,ycb28,ycb28_test,/content/drive/MyDrive/PointNet_APS_Project_V2/data/ycb28/extracted_models/002_master_chef_can/002_master_chef_can/google_16k/textured.obj,official_ycb_download,1000,/content/drive/MyDrive/PointNet_APS_Project_V2/data/ycb28/generated_pointclouds_bbox_norm/cylinder/002_master_chef_can/002_master_chef_can_sample_12.csv,1,1,cylinder,cylinder,0.9640798,True,mixed_trained_xyz,3,ycb28
/content/pointnetpp_xyz_cache/ycb28_test/cylinder/002_master_chef_can_sample_13.csv,002_master_chef_can,cylinder,1,13,ycb28,ycb28_test,/content/drive/MyDrive/PointNet_APS_Project_V2/data/ycb28/extracted_models/002_master_chef_can/002_master_chef_can/google_16k/textured.obj,official_ycb_download,1000,/content/drive/MyDrive/PointNet_APS_Project_V2/data/ycb28/generated_pointclouds_bbox_norm/cylinder/002_master_chef_can/002_master_chef_can_sample_13.csv,1,1,cylinder,cylinder,0.86891544,True,mixed_trained_xyz,3,ycb28
/content/pointnetpp_xyz_cache/ycb28_test/cylinder/002_master_chef_can_sample_14.csv,002_master_chef_can,cylinder,1,14,ycb28,ycb28_test,/content/drive/MyDrive/PointNet_APS_Project_V2/data/ycb28/extracted_models/002_master_chef_can/002_master_chef_can/google_16k/textured.obj,official_ycb_download,1000,/content/drive/MyDrive/PointNet_APS_Project_V2/data/ycb28/generated_pointclouds_bbox_norm/cylinder/002_master_chef_can/002_master_chef_can_sample_14.csv,1,1,cylinder,cylinder,0.77050114,True,mixed_trained_xyz,3,ycb28
/content/pointnetpp_xyz_cache/ycb28_test/cylinder/002_master_chef_can_sample_15.csv,002_master_chef_can,cylinder,1,15,ycb28,ycb28_test,/content/drive/MyDrive/PointNet_APS_Project_V2/data/ycb28/extracted_models/002_master_chef_can/002_master_chef_can/google_16k/textured.obj,official_ycb_download,1000,/content/drive/MyDrive/PointNet_APS_Project_V2/data/ycb28/generated_pointclouds_bbox_norm/cylinder/002_master_chef_can/002_master_chef_can_sample_15.csv,1,1,cylinder,cylinder,0.92842925,True,mixed_trained_xyz,3,ycb28
/content/pointnetpp_xyz_cache/ycb28_test/cylinder/002_master_chef_can_sample_16.csv,002_master_chef_can,cylinder,1,16,ycb28,ycb28_test,/content/drive/MyDrive/PointNet_APS_Project_V2/data/ycb28/extracted_models/002_master_chef_can/002_master_chef_can/google_16k/textured.obj,official_ycb_download,1000,/content/drive/MyDrive/PointNet_APS_Project_V2/data/ycb28/generated_pointclouds_bbox_norm/cylinder/002_master_chef_can/002_master_chef_can_sample_16.csv,1,1,cylinder,cylinder,0.7736975,True,mixed_trained_xyz,3,ycb28
/content/pointnetpp_xyz_cache/ycb28_test/cylinder/002_master_chef_can_sample_17.csv,002_master_chef_can,cylinder,1,17,ycb28,ycb28_test,/content/drive/MyDrive/PointNet_APS_Project_V2/data/ycb28/extracted_models/002_master_chef_can/002_master_chef_can/google_16k/textured.obj,official_ycb_download,1000,/content/drive/MyDrive/PointNet_APS_Project_V2/data/ycb28/generated_pointclouds_bbox_norm/cylinder/002_master_chef_can/002_master_chef_can_sample_17.csv,1,1,cylinder,cylinder,0.9614384,True,mixed_trained_xyz,3,ycb28
/content/pointnetpp_xyz_cache/ycb28_test/cylinder/002_master_chef_can_sample_18.csv,002_master_chef_can,cylinder,1,18,ycb28,ycb28_test,/content/drive/MyDrive/PointNet_APS_Project_V2/data/ycb28/extracted_models/002_master_chef_can/002_master_chef_can/google_16k/textured.obj,official_ycb_download,1000,/content/drive/MyDrive/PointNet_APS_Project_V2/data/ycb28/generated_pointclouds_bbox_norm/cylinder/002_master_chef_can/002_master_chef_can_sample_18.csv,1,1,cylinder,cylinder,0.90651923,True,mixed_trained_xyz,3,ycb28
/content/pointnetpp_xyz_cache/ycb28_test/cylinder/002_master_chef_can_sample_19.csv,002_master_chef_can,cylinder,1,19,ycb28,ycb28_test,/content/drive/MyDrive/PointNet_APS_Project_V2/data/ycb28/extracted_models/002_master_chef_can/002_master_chef_can/google_16k/textured.obj,official_ycb_download,1000,/content/drive/MyDrive/PointNet_APS_Project_V2/data/ycb28/generated_pointclouds_bbox_norm/cylinder/002_master_chef_can/002_master_chef_can_sample_19.csv,1,1,cylinder,cylinder,0.8596035,True,mixed_trained_xyz,3,ycb28
/content/pointnetpp_xyz_cache/ycb28_test/cylinder/005_tomato_soup_can_sample_00.csv,005_tomato_soup_can,cylinder,1,0,ycb28,ycb28_test,/content/drive/MyDrive/PointNet_APS_Project_V2/data/ycb28/extracted_models/005_tomato_soup_can/005_tomato_soup_can/google_16k/textured.obj,official_ycb_download,1000,/content/drive/MyDrive/PointNet_APS_Project_V2/data/ycb28/generated_pointclouds_bbox_norm/cylinder/005_tomato_soup_can/005_tomato_soup_can_sample_00.csv,1,1,cylinder,cylinder,0.91959316,True,mixed_trained_xyz,3,ycb28
/content/pointnetpp_xyz_cache/ycb28_test/cylinder/005_tomato_soup_can_sample_01.csv,005_tomato_soup_can,cylinder,1,1,ycb28,ycb28_test,/content/drive/MyDrive/PointNet_APS_Project_V2/data/ycb28/extracted_models/005_tomato_soup_can/005_tomato_soup_can/google_16k/textured.obj,official_ycb_download,1000,/content/drive/MyDrive/PointNet_APS_Project_V2/data/ycb28/generated_pointclouds_bbox_norm/cylinder/005_tomato_soup_can/005_tomato_soup_can_sample_01.csv,1,1,cylinder,cylinder,0.8007685,True,mixed_trained_xyz,3,ycb28
/content/pointnetpp_xyz_cache/ycb28_test/cylinder/005_tomato_soup_can_sample_02.csv,005_tomato_soup_can,cylinder,1,2,ycb28,ycb28_test,/content/drive/MyDrive/PointNet_APS_Project_V2/data/ycb28/extracted_models/005_tomato_soup_can/005_tomato_soup_can/google_16k/textured.obj,official_ycb_download,1000,/content/drive/MyDrive/PointNet_APS_Project_V2/data/ycb28/generated_pointclouds_bbox_norm/cylinder/005_tomato_soup_can/005_tomato_soup_can_sample_02.csv,1,1,cylinder,cylinder,0.94872665,True,mixed_trained_xyz,3,ycb28
/content/pointnetpp_xyz_cache/ycb28_test/cylinder/005_tomato_soup_can_sample_03.csv,005_tomato_soup_can,cylinder,1,3,ycb28,ycb28_test,/content/drive/MyDrive/PointNet_APS_Project_V2/data/ycb28/extracted_models/005_tomato_soup_can/005_tomato_soup_can/google_16k/textured.obj,official_ycb_download,1000,/content/drive/MyDrive/PointNet_APS_Project_V2/data/ycb28/generated_pointclouds_bbox_norm/cylinder/005_tomato_soup_can/005_tomato_soup_can_sample_03.csv,1,1,cylinder,cylinder,0.6760331,True,mixed_trained_xyz,3,ycb28
/content/pointnetpp_xyz_cache/ycb28_test/cylinder/005_tomato_soup_can_sample_04.csv,005_tomato_soup_can,cylinder,1,4,ycb28,ycb28_test,/content/drive/MyDrive/PointNet_APS_Project_V2/data/ycb28/extracted_models/005_tomato_soup_can/005_tomato_soup_can/google_16k/textured.obj,official_ycb_download,1000,/content/drive/MyDrive/PointNet_APS_Project_V2/data/ycb28/generated_pointclouds_bbox_norm/cylinder/005_tomato_soup_can/005_tomato_soup_can_sample_04.csv,1,0,cylinder,box,0.50982744,False,mixed_trained_xyz,3,ycb28
/content/pointnetpp_xyz_cache/ycb28_test/cylinder/005_tomato_soup_can_sample_05.csv,005_tomato_soup_can,cylinder,1,5,ycb28,ycb28_test,/content/drive/MyDrive/PointNet_APS_Project_V2/data/ycb28/extracted_models/005_tomato_soup_can/005_tomato_soup_can/google_16k/textured.obj,official_ycb_download,1000,/content/drive/MyDrive/PointNet_APS_Project_V2/data/ycb28/generated_pointclouds_bbox_norm/cylinder/005_tomato_soup_can/005_tomato_soup_can_sample_05.csv,1,1,cylinder,cylinder,0.5344697,True,mixed_trained_xyz,3,ycb28
/content/pointnetpp_xyz_cache/ycb28_test/cylinder/005_tomato_soup_can_sample_06.csv,005_tomato_soup_can,cylinder,1,6,ycb28,ycb28_test,/content/drive/MyDrive/PointNet_APS_Project_V2/data/ycb28/extracted_models/005_tomato_soup_can/005_tomato_soup_can/google_16k/textured.obj,official_ycb_download,1000,/content/drive/MyDrive/PointNet_APS_Project_V2/data/ycb28/generated_pointclouds_bbox_norm/cylinder/005_tomato_soup_can/005_tomato_soup_can_sample_06.csv,1,1,cylinder,cylinder,0.961284,True,mixed_trained_xyz,3,ycb28
/content/pointnetpp_xyz_cache/ycb28_test/cylinder/005_tomato_soup_can_sample_07.csv,005_tomato_soup_can,cylinder,1,7,ycb28,ycb28_test,/content/drive/MyDrive/PointNet_APS_Project_V2/data/ycb28/extracted_models/005_tomato_soup_can/005_tomato_soup_can/google_16k/textured.obj,official_ycb_download,1000,/content/drive/MyDrive/PointNet_APS_Project_V2/data/ycb28/generated_pointclouds_bbox_norm/cylinder/005_tomato_soup_can/005_tomato_soup_can_sample_07.csv,1,1,cylinder,cylinder,0.7133596,True,mixed_trained_xyz,3,ycb28
/content/pointnetpp_xyz_cache/ycb28_test/cylinder/005_tomato_soup_can_sample_08.csv,005_tomato_soup_can,cylinder,1,8,ycb28,ycb28_test,/content/drive/MyDrive/PointNet_APS_Project_V2/data/ycb28/extracted_models/005_tomato_soup_can/005_tomato_soup_can/google_16k/textured.obj,official_ycb_download,1000,/content/drive/MyDrive/PointNet_APS_Project_V2/data/ycb28/generated_pointclouds_bbox_norm/cylinder/005_tomato_soup_can/005_tomato_soup_can_sample_08.csv,1,1,cylinder,cylinder,0.86308146,True,mixed_trained_xyz,3,ycb28
/content/pointnetpp_xyz_cache/ycb28_test/cylinder/005_tomato_soup_can_sample_09.csv,005_tomato_soup_can,cylinder,1,9,ycb28,ycb28_test,/content/drive/MyDrive/PointNet_APS_Project_V2/data/ycb28/extracted_models/005_tomato_soup_can/005_tomato_soup_can/google_16k/textured.obj,official_ycb_download,1000,/content/drive/MyDrive/PointNet_APS_Project_V2/data/ycb28/generated_pointclouds_bbox_norm/cylinder/005_tomato_soup_can/005_tomato_soup_can_sample_09.csv,1,1,cylinder,cylinder,0.85537225,True,mixed_trained_xyz,3,ycb28
/content/pointnetpp_xyz_cache/ycb28_test/cylinder/005_tomato_soup_can_sample_10.csv,005_tomato_soup_can,cylinder,1,10,ycb28,ycb28_test,/content/drive/MyDrive/PointNet_APS_Project_V2/data/ycb28/extracted_models/005_tomato_soup_can/005_tomato_soup_can/google_16k/textured.obj,official_ycb_download,1000,/content/drive/MyDrive/PointNet_APS_Project_V2/data/ycb28/generated_pointclouds_bbox_norm/cylinder/005_tomato_soup_can/005_tomato_soup_can_sample_10.csv,1,1,cylinder,cylinder,0.947915,True,mixed_trained_xyz,3,ycb28
/content/pointnetpp_xyz_cache/ycb28_test/cylinder/005_tomato_soup_can_sample_11.csv,005_tomato_soup_can,cylinder,1,11,ycb28,ycb28_test,/content/drive/MyDrive/PointNet_APS_Project_V2/data/ycb28/extracted_models/005_tomato_soup_can/005_tomato_soup_can/google_16k/textured.obj,official_ycb_download,1000,/content/drive/MyDrive/PointNet_APS_Project_V2/data/ycb28/generated_pointclouds_bbox_norm/cylinder/005_tomato_soup_can/005_tomato_soup_can_sample_11.csv,1,1,cylinder,cylinder,0.8963914,True,mixed_trained_xyz,3,ycb28
/content/pointnetpp_xyz_cache/ycb28_test/cylinder/005_tomato_soup_can_sample_12.csv,005_tomato_soup_can,cylinder,1,12,ycb28,ycb28_test,/content/drive/MyDrive/PointNet_APS_Project_V2/data/ycb28/extracted_models/005_tomato_soup_can/005_tomato_soup_can/google_16k/textured.obj,official_ycb_download,1000,/content/drive/MyDrive/PointNet_APS_Project_V2/data/ycb28/generated_pointclouds_bbox_norm/cylinder/005_tomato_soup_can/005_tomato_soup_can_sample_12.csv,1,1,cylinder,cylinder,0.95220846,True,mixed_trained_xyz,3,ycb28
/content/pointnetpp_xyz_cache/ycb28_test/cylinder/005_tomato_soup_can_sample_13.csv,005_tomato_soup_can,cylinder,1,13,ycb28,ycb28_test,/content/drive/MyDrive/PointNet_APS_Project_V2/data/ycb28/extracted_models/005_tomato_soup_can/005_tomato_soup_can/google_16k/textured.obj,official_ycb_download,1000,/content/drive/MyDrive/PointNet_APS_Project_V2/data/ycb28/generated_pointclouds_bbox_norm/cylinder/005_tomato_soup_can/005_tomato_soup_can_sample_13.csv,1,0,cylinder,box,0.49122626,False,mixed_trained_xyz,3,ycb28
/content/pointnetpp_xyz_cache/ycb28_test/cylinder/005_tomato_soup_can_sample_14.csv,005_tomato_soup_can,cylinder,1,14,ycb28,ycb28_test,/content/drive/MyDrive/PointNet_APS_Project_V2/data/ycb28/extracted_models/005_tomato_soup_can/005_tomato_soup_can/google_16k/textured.obj,official_ycb_download,1000,/content/drive/MyDrive/PointNet_APS_Project_V2/data/ycb28/generated_pointclouds_bbox_norm/cylinder/005_tomato_soup_can/005_tomato_soup_can_sample_14.csv,1,1,cylinder,cylinder,0.5610591,True,mixed_trained_xyz,3,ycb28
/content/pointnetpp_xyz_cache/ycb28_test/cylinder/005_tomato_soup_can_sample_15.csv,005_tomato_soup_can,cylinder,1,15,ycb28,ycb28_test,/content/drive/MyDrive/PointNet_APS_Project_V2/data/ycb28/extracted_models/005_tomato_soup_can/005_tomato_soup_can/google_16k/textured.obj,official_ycb_download,1000,/content/drive/MyDrive/PointNet_APS_Project_V2/data/ycb28/generated_pointclouds_bbox_norm/cylinder/005_tomato_soup_can/005_tomato_soup_can_sample_15.csv,1,1,cylinder,cylinder,0.9438943,True,mixed_trained_xyz,3,ycb28
/content/pointnetpp_xyz_cache/ycb28_test/cylinder/005_tomato_soup_can_sample_16.csv,005_tomato_soup_can,cylinder,1,16,ycb28,ycb28_test,/content/drive/MyDrive/PointNet_APS_Project_V2/data/ycb28/extracted_models/005_tomato_soup_can/005_tomato_soup_can/google_16k/textured.obj,official_ycb_download,1000,/content/drive/MyDrive/PointNet_APS_Project_V2/data/ycb28/generated_pointclouds_bbox_norm/cylinder/005_tomato_soup_can/005_tomato_soup_can_sample_16.csv,1,1,cylinder,cylinder,0.95858413,True,mixed_trained_xyz,3,ycb28
/content/pointnetpp_xyz_cache/ycb28_test/cylinder/005_tomato_soup_can_sample_17.csv,005_tomato_soup_can,cylinder,1,17,ycb28,ycb28_test,/content/drive/MyDrive/PointNet_APS_Project_V2/data/ycb28/extracted_models/005_tomato_soup_can/005_tomato_soup_can/google_16k/textured.obj,official_ycb_download,1000,/content/drive/MyDrive/PointNet_APS_Project_V2/data/ycb28/generated_pointclouds_bbox_norm/cylinder/005_tomato_soup_can/005_tomato_soup_can_sample_17.csv,1,1,cylinder,cylinder,0.6363589,True,mixed_trained_xyz,3,ycb28
/content/pointnetpp_xyz_cache/ycb28_test/cylinder/005_tomato_soup_can_sample_18.csv,005_tomato_soup_can,cylinder,1,18,ycb28,ycb28_test,/content/drive/MyDrive/PointNet_APS_Project_V2/data/ycb28/extracted_models/005_tomato_soup_can/005_tomato_soup_can/google_16k/textured.obj,official_ycb_download,1000,/content/drive/MyDrive/PointNet_APS_Project_V2/data/ycb28/generated_pointclouds_bbox_norm/cylinder/005_tomato_soup_can/005_tomato_soup_can_sample_18.csv,1,1,cylinder,cylinder,0.51517665,True,mixed_trained_xyz,3,ycb28
/content/pointnetpp_xyz_cache/ycb28_test/cylinder/005_tomato_soup_can_sample_19.csv,005_tomato_soup_can,cylinder,1,19,ycb28,ycb28_test,/content/drive/MyDrive/PointNet_APS_Project_V2/data/ycb28/extracted_models/005_tomato_soup_can/005_tomato_soup_can/google_16k/textured.obj,official_ycb_download,1000,/content/drive/MyDrive/PointNet_APS_Project_V2/data/ycb28/generated_pointclouds_bbox_norm/cylinder/005_tomato_soup_can/005_tomato_soup_can_sample_19.csv,1,0,cylinder,box,0.6003089,False,mixed_trained_xyz,3,ycb28
/content/pointnetpp_xyz_cache/ycb28_test/cylinder/007_tuna_fish_can_sample_00.csv,007_tuna_fish_can,cylinder,1,0,ycb28,ycb28_test,/content/drive/MyDrive/PointNet_APS_Project_V2/data/ycb28/extracted_models/007_tuna_fish_can/007_tuna_fish_can/google_16k/textured.obj,official_ycb_download,1000,/content/drive/MyDrive/PointNet_APS_Project_V2/data/ycb28/generated_pointclouds_bbox_norm/cylinder/007_tuna_fish_can/007_tuna_fish_can_sample_00.csv,1,1,cylinder,cylinder,0.97400475,True,mixed_trained_xyz,3,ycb28
/content/pointnetpp_xyz_cache/ycb28_test/cylinder/007_tuna_fish_can_sample_01.csv,007_tuna_fish_can,cylinder,1,1,ycb28,ycb28_test,/content/drive/MyDrive/PointNet_APS_Project_V2/data/ycb28/extracted_models/007_tuna_fish_can/007_tuna_fish_can/google_16k/textured.obj,official_ycb_download,1000,/content/drive/MyDrive/PointNet_APS_Project_V2/data/ycb28/generated_pointclouds_bbox_norm/cylinder/007_tuna_fish_can/007_tuna_fish_can_sample_01.csv,1,1,cylinder,cylinder,0.9723384,True,mixed_trained_xyz,3,ycb28
/content/pointnetpp_xyz_cache/ycb28_test/cylinder/007_tuna_fish_can_sample_02.csv,007_tuna_fish_can,cylinder,1,2,ycb28,ycb28_test,/content/drive/MyDrive/PointNet_APS_Project_V2/data/ycb28/extracted_models/007_tuna_fish_can/007_tuna_fish_can/google_16k/textured.obj,official_ycb_download,1000,/content/drive/MyDrive/PointNet_APS_Project_V2/data/ycb28/generated_pointclouds_bbox_norm/cylinder/007_tuna_fish_can/007_tuna_fish_can_sample_02.csv,1,1,cylinder,cylinder,0.9339132,True,mixed_trained_xyz,3,ycb28
/content/pointnetpp_xyz_cache/ycb28_test/cylinder/007_tuna_fish_can_sample_03.csv,007_tuna_fish_can,cylinder,1,3,ycb28,ycb28_test,/content/drive/MyDrive/PointNet_APS_Project_V2/data/ycb28/extracted_models/007_tuna_fish_can/007_tuna_fish_can/google_16k/textured.obj,official_ycb_download,1000,/content/drive/MyDrive/PointNet_APS_Project_V2/data/ycb28/generated_pointclouds_bbox_norm/cylinder/007_tuna_fish_can/007_tuna_fish_can_sample_03.csv,1,1,cylinder,cylinder,0.9482712,True,mixed_trained_xyz,3,ycb28
/content/pointnetpp_xyz_cache/ycb28_test/cylinder/007_tuna_fish_can_sample_04.csv,007_tuna_fish_can,cylinder,1,4,ycb28,ycb28_test,/content/drive/MyDrive/PointNet_APS_Project_V2/data/ycb28/extracted_models/007_tuna_fish_can/007_tuna_fish_can/google_16k/textured.obj,official_ycb_download,1000,/content/drive/MyDrive/PointNet_APS_Project_V2/data/ycb28/generated_pointclouds_bbox_norm/cylinder/007_tuna_fish_can/007_tuna_fish_can_sample_04.csv,1,1,cylinder,cylinder,0.9557256,True,mixed_trained_xyz,3,ycb28
/content/pointnetpp_xyz_cache/ycb28_test/cylinder/007_tuna_fish_can_sample_05.csv,007_tuna_fish_can,cylinder,1,5,ycb28,ycb28_test,/content/drive/MyDrive/PointNet_APS_Project_V2/data/ycb28/extracted_models/007_tuna_fish_can/007_tuna_fish_can/google_16k/textured.obj,official_ycb_download,1000,/content/drive/MyDrive/PointNet_APS_Project_V2/data/ycb28/generated_pointclouds_bbox_norm/cylinder/007_tuna_fish_can/007_tuna_fish_can_sample_05.csv,1,1,cylinder,cylinder,0.69083536,True,mixed_trained_xyz,3,ycb28
/content/pointnetpp_xyz_cache/ycb28_test/cylinder/007_tuna_fish_can_sample_06.csv,007_tuna_fish_can,cylinder,1,6,ycb28,ycb28_test,/content/drive/MyDrive/PointNet_APS_Project_V2/data/ycb28/extracted_models/007_tuna_fish_can/007_tuna_fish_can/google_16k/textured.obj,official_ycb_download,1000,/content/drive/MyDrive/PointNet_APS_Project_V2/data/ycb28/generated_pointclouds_bbox_norm/cylinder/007_tuna_fish_can/007_tuna_fish_can_sample_06.csv,1,1,cylinder,cylinder,0.8102045,True,mixed_trained_xyz,3,ycb28
/content/pointnetpp_xyz_cache/ycb28_test/cylinder/007_tuna_fish_can_sample_07.csv,007_tuna_fish_can,cylinder,1,7,ycb28,ycb28_test,/content/drive/MyDrive/PointNet_APS_Project_V2/data/ycb28/extracted_models/007_tuna_fish_can/007_tuna_fish_can/google_16k/textured.obj,official_ycb_download,1000,/content/drive/MyDrive/PointNet_APS_Project_V2/data/ycb28/generated_pointclouds_bbox_norm/cylinder/007_tuna_fish_can/007_tuna_fish_can_sample_07.csv,1,1,cylinder,cylinder,0.9524038,True,mixed_trained_xyz,3,ycb28
/content/pointnetpp_xyz_cache/ycb28_test/cylinder/007_tuna_fish_can_sample_08.csv,007_tuna_fish_can,cylinder,1,8,ycb28,ycb28_test,/content/drive/MyDrive/PointNet_APS_Project_V2/data/ycb28/extracted_models/007_tuna_fish_can/007_tuna_fish_can/google_16k/textured.obj,official_ycb_download,1000,/content/drive/MyDrive/PointNet_APS_Project_V2/data/ycb28/generated_pointclouds_bbox_norm/cylinder/007_tuna_fish_can/007_tuna_fish_can_sample_08.csv,1,1,cylinder,cylinder,0.9286629,True,mixed_trained_xyz,3,ycb28
/content/pointnetpp_xyz_cache/ycb28_test/cylinder/007_tuna_fish_can_sample_09.csv,007_tuna_fish_can,cylinder,1,9,ycb28,ycb28_test,/content/drive/MyDrive/PointNet_APS_Project_V2/data/ycb28/extracted_models/007_tuna_fish_can/007_tuna_fish_can/google_16k/textured.obj,official_ycb_download,1000,/content/drive/MyDrive/PointNet_APS_Project_V2/data/ycb28/generated_pointclouds_bbox_norm/cylinder/007_tuna_fish_can/007_tuna_fish_can_sample_09.csv,1,1,cylinder,cylinder,0.9677127,True,mixed_trained_xyz,3,ycb28
/content/pointnetpp_xyz_cache/ycb28_test/cylinder/007_tuna_fish_can_sample_10.csv,007_tuna_fish_can,cylinder,1,10,ycb28,ycb28_test,/content/drive/MyDrive/PointNet_APS_Project_V2/data/ycb28/extracted_models/007_tuna_fish_can/007_tuna_fish_can/google_16k/textured.obj,official_ycb_download,1000,/content/drive/MyDrive/PointNet_APS_Project_V2/data/ycb28/generated_pointclouds_bbox_norm/cylinder/007_tuna_fish_can/007_tuna_fish_can_sample_10.csv,1,1,cylinder,cylinder,0.9180841,True,mixed_trained_xyz,3,ycb28
/content/pointnetpp_xyz_cache/ycb28_test/cylinder/007_tuna_fish_can_sample_11.csv,007_tuna_fish_can,cylinder,1,11,ycb28,ycb28_test,/content/drive/MyDrive/PointNet_APS_Project_V2/data/ycb28/extracted_models/007_tuna_fish_can/007_tuna_fish_can/google_16k/textured.obj,official_ycb_download,1000,/content/drive/MyDrive/PointNet_APS_Project_V2/data/ycb28/generated_pointclouds_bbox_norm/cylinder/007_tuna_fish_can/007_tuna_fish_can_sample_11.csv,1,1,cylinder,cylinder,0.9720185,True,mixed_trained_xyz,3,ycb28
/content/pointnetpp_xyz_cache/ycb28_test/cylinder/007_tuna_fish_can_sample_12.csv,007_tuna_fish_can,cylinder,1,12,ycb28,ycb28_test,/content/drive/MyDrive/PointNet_APS_Project_V2/data/ycb28/extracted_models/007_tuna_fish_can/007_tuna_fish_can/google_16k/textured.obj,official_ycb_download,1000,/content/drive/MyDrive/PointNet_APS_Project_V2/data/ycb28/generated_pointclouds_bbox_norm/cylinder/007_tuna_fish_can/007_tuna_fish_can_sample_12.csv,1,1,cylinder,cylinder,0.9476505,True,mixed_trained_xyz,3,ycb28
/content/pointnetpp_xyz_cache/ycb28_test/cylinder/007_tuna_fish_can_sample_13.csv,007_tuna_fish_can,cylinder,1,13,ycb28,ycb28_test,/content/drive/MyDrive/PointNet_APS_Project_V2/data/ycb28/extracted_models/007_tuna_fish_can/007_tuna_fish_can/google_16k/textured.obj,official_ycb_download,1000,/content/drive/MyDrive/PointNet_APS_Project_V2/data/ycb28/generated_pointclouds_bbox_norm/cylinder/007_tuna_fish_can/007_tuna_fish_can_sample_13.csv,1,1,cylinder,cylinder,0.8547903,True,mixed_trained_xyz,3,ycb28
/content/pointnetpp_xyz_cache/ycb28_test/cylinder/007_tuna_fish_can_sample_14.csv,007_tuna_fish_can,cylinder,1,14,ycb28,ycb28_test,/content/drive/MyDrive/PointNet_APS_Project_V2/data/ycb28/extracted_models/007_tuna_fish_can/007_tuna_fish_can/google_16k/textured.obj,official_ycb_download,1000,/content/drive/MyDrive/PointNet_APS_Project_V2/data/ycb28/generated_pointclouds_bbox_norm/cylinder/007_tuna_fish_can/007_tuna_fish_can_sample_14.csv,1,1,cylinder,cylinder,0.6802595,True,mixed_trained_xyz,3,ycb28
/content/pointnetpp_xyz_cache/ycb28_test/cylinder/007_tuna_fish_can_sample_15.csv,007_tuna_fish_can,cylinder,1,15,ycb28,ycb28_test,/content/drive/MyDrive/PointNet_APS_Project_V2/data/ycb28/extracted_models/007_tuna_fish_can/007_tuna_fish_can/google_16k/textured.obj,official_ycb_download,1000,/content/drive/MyDrive/PointNet_APS_Project_V2/data/ycb28/generated_pointclouds_bbox_norm/cylinder/007_tuna_fish_can/007_tuna_fish_can_sample_15.csv,1,1,cylinder,cylinder,0.87202513,True,mixed_trained_xyz,3,ycb28
/content/pointnetpp_xyz_cache/ycb28_test/cylinder/007_tuna_fish_can_sample_16.csv,007_tuna_fish_can,cylinder,1,16,ycb28,ycb28_test,/content/drive/MyDrive/PointNet_APS_Project_V2/data/ycb28/extracted_models/007_tuna_fish_can/007_tuna_fish_can/google_16k/textured.obj,official_ycb_download,1000,/content/drive/MyDrive/PointNet_APS_Project_V2/data/ycb28/generated_pointclouds_bbox_norm/cylinder/007_tuna_fish_can/007_tuna_fish_can_sample_16.csv,1,1,cylinder,cylinder,0.97621745,True,mixed_trained_xyz,3,ycb28
/content/pointnetpp_xyz_cache/ycb28_test/cylinder/007_tuna_fish_can_sample_17.csv,007_tuna_fish_can,cylinder,1,17,ycb28,ycb28_test,/content/drive/MyDrive/PointNet_APS_Project_V2/data/ycb28/extracted_models/007_tuna_fish_can/007_tuna_fish_can/google_16k/textured.obj,official_ycb_download,1000,/content/drive/MyDrive/PointNet_APS_Project_V2/data/ycb28/generated_pointclouds_bbox_norm/cylinder/007_tuna_fish_can/007_tuna_fish_can_sample_17.csv,1,1,cylinder,cylinder,0.940875,True,mixed_trained_xyz,3,ycb28
/content/pointnetpp_xyz_cache/ycb28_test/cylinder/007_tuna_fish_can_sample_18.csv,007_tuna_fish_can,cylinder,1,18,ycb28,ycb28_test,/content/drive/MyDrive/PointNet_APS_Project_V2/data/ycb28/extracted_models/007_tuna_fish_can/007_tuna_fish_can/google_16k/textured.obj,official_ycb_download,1000,/content/drive/MyDrive/PointNet_APS_Project_V2/data/ycb28/generated_pointclouds_bbox_norm/cylinder/007_tuna_fish_can/007_tuna_fish_can_sample_18.csv,1,1,cylinder,cylinder,0.94462794,True,mixed_trained_xyz,3,ycb28
/content/pointnetpp_xyz_cache/ycb28_test/cylinder/007_tuna_fish_can_sample_19.csv,007_tuna_fish_can,cylinder,1,19,ycb28,ycb28_test,/content/drive/MyDrive/PointNet_APS_Project_V2/data/ycb28/extracted_models/007_tuna_fish_can/007_tuna_fish_can/google_16k/textured.obj,official_ycb_download,1000,/content/drive/MyDrive/PointNet_APS_Project_V2/data/ycb28/generated_pointclouds_bbox_norm/cylinder/007_tuna_fish_can/007_tuna_fish_can_sample_19.csv,1,1,cylinder,cylinder,0.85864425,True,mixed_trained_xyz,3,ycb28
/content/pointnetpp_xyz_cache/ycb28_test/cylinder/019_pitcher_base_sample_00.csv,019_pitcher_base,cylinder,1,0,ycb28,ycb28_test,/content/drive/MyDrive/PointNet_APS_Project_V2/data/ycb28/extracted_models/019_pitcher_base/019_pitcher_base/google_16k/textured.obj,official_ycb_download,1000,/content/drive/MyDrive/PointNet_APS_Project_V2/data/ycb28/generated_pointclouds_bbox_norm/cylinder/019_pitcher_base/019_pitcher_base_sample_00.csv,1,0,cylinder,box,0.6941697,False,mixed_trained_xyz,3,ycb28
/content/pointnetpp_xyz_cache/ycb28_test/cylinder/019_pitcher_base_sample_01.csv,019_pitcher_base,cylinder,1,1,ycb28,ycb28_test,/content/drive/MyDrive/PointNet_APS_Project_V2/data/ycb28/extracted_models/019_pitcher_base/019_pitcher_base/google_16k/textured.obj,official_ycb_download,1000,/content/drive/MyDrive/PointNet_APS_Project_V2/data/ycb28/generated_pointclouds_bbox_norm/cylinder/019_pitcher_base/019_pitcher_base_sample_01.csv,1,1,cylinder,cylinder,0.938957,True,mixed_trained_xyz,3,ycb28
/content/pointnetpp_xyz_cache/ycb28_test/cylinder/019_pitcher_base_sample_02.csv,019_pitcher_base,cylinder,1,2,ycb28,ycb28_test,/content/drive/MyDrive/PointNet_APS_Project_V2/data/ycb28/extracted_models/019_pitcher_base/019_pitcher_base/google_16k/textured.obj,official_ycb_download,1000,/content/drive/MyDrive/PointNet_APS_Project_V2/data/ycb28/generated_pointclouds_bbox_norm/cylinder/019_pitcher_base/019_pitcher_base_sample_02.csv,1,1,cylinder,cylinder,0.8104074,True,mixed_trained_xyz,3,ycb28
/content/pointnetpp_xyz_cache/ycb28_test/cylinder/019_pitcher_base_sample_03.csv,019_pitcher_base,cylinder,1,3,ycb28,ycb28_test,/content/drive/MyDrive/PointNet_APS_Project_V2/data/ycb28/extracted_models/019_pitcher_base/019_pitcher_base/google_16k/textured.obj,official_ycb_download,1000,/content/drive/MyDrive/PointNet_APS_Project_V2/data/ycb28/generated_pointclouds_bbox_norm/cylinder/019_pitcher_base/019_pitcher_base_sample_03.csv,1,1,cylinder,cylinder,0.9719177,True,mixed_trained_xyz,3,ycb28
/content/pointnetpp_xyz_cache/ycb28_test/cylinder/019_pitcher_base_sample_04.csv,019_pitcher_base,cylinder,1,4,ycb28,ycb28_test,/content/drive/MyDrive/PointNet_APS_Project_V2/data/ycb28/extracted_models/019_pitcher_base/019_pitcher_base/google_16k/textured.obj,official_ycb_download,1000,/content/drive/MyDrive/PointNet_APS_Project_V2/data/ycb28/generated_pointclouds_bbox_norm/cylinder/019_pitcher_base/019_pitcher_base_sample_04.csv,1,1,cylinder,cylinder,0.91827476,True,mixed_trained_xyz,3,ycb28
/content/pointnetpp_xyz_cache/ycb28_test/cylinder/019_pitcher_base_sample_05.csv,019_pitcher_base,cylinder,1,5,ycb28,ycb28_test,/content/drive/MyDrive/PointNet_APS_Project_V2/data/ycb28/extracted_models/019_pitcher_base/019_pitcher_base/google_16k/textured.obj,official_ycb_download,1000,/content/drive/MyDrive/PointNet_APS_Project_V2/data/ycb28/generated_pointclouds_bbox_norm/cylinder/019_pitcher_base/019_pitcher_base_sample_05.csv,1,1,cylinder,cylinder,0.97428066,True,mixed_trained_xyz,3,ycb28
/content/pointnetpp_xyz_cache/ycb28_test/cylinder/019_pitcher_base_sample_06.csv,019_pitcher_base,cylinder,1,6,ycb28,ycb28_test,/content/drive/MyDrive/PointNet_APS_Project_V2/data/ycb28/extracted_models/019_pitcher_base/019_pitcher_base/google_16k/textured.obj,official_ycb_download,1000,/content/drive/MyDrive/PointNet_APS_Project_V2/data/ycb28/generated_pointclouds_bbox_norm/cylinder/019_pitcher_base/019_pitcher_base_sample_06.csv,1,1,cylinder,cylinder,0.93973947,True,mixed_trained_xyz,3,ycb28
/content/pointnetpp_xyz_cache/ycb28_test/cylinder/019_pitcher_base_sample_07.csv,019_pitcher_base,cylinder,1,7,ycb28,ycb28_test,/content/drive/MyDrive/PointNet_APS_Project_V2/data/ycb28/extracted_models/019_pitcher_base/019_pitcher_base/google_16k/textured.obj,official_ycb_download,1000,/content/drive/MyDrive/PointNet_APS_Project_V2/data/ycb28/generated_pointclouds_bbox_norm/cylinder/019_pitcher_base/019_pitcher_base_sample_07.csv,1,1,cylinder,cylinder,0.9760938,True,mixed_trained_xyz,3,ycb28
/content/pointnetpp_xyz_cache/ycb28_test/cylinder/019_pitcher_base_sample_08.csv,019_pitcher_base,cylinder,1,8,ycb28,ycb28_test,/content/drive/MyDrive/PointNet_APS_Project_V2/data/ycb28/extracted_models/019_pitcher_base/019_pitcher_base/google_16k/textured.obj,official_ycb_download,1000,/content/drive/MyDrive/PointNet_APS_Project_V2/data/ycb28/generated_pointclouds_bbox_norm/cylinder/019_pitcher_base/019_pitcher_base_sample_08.csv,1,1,cylinder,cylinder,0.9200121,True,mixed_trained_xyz,3,ycb28
/content/pointnetpp_xyz_cache/ycb28_test/cylinder/019_pitcher_base_sample_09.csv,019_pitcher_base,cylinder,1,9,ycb28,ycb28_test,/content/drive/MyDrive/PointNet_APS_Project_V2/data/ycb28/extracted_models/019_pitcher_base/019_pitcher_base/google_16k/textured.obj,official_ycb_download,1000,/content/drive/MyDrive/PointNet_APS_Project_V2/data/ycb28/generated_pointclouds_bbox_norm/cylinder/019_pitcher_base/019_pitcher_base_sample_09.csv,1,1,cylinder,cylinder,0.9293102,True,mixed_trained_xyz,3,ycb28
/content/pointnetpp_xyz_cache/ycb28_test/cylinder/019_pitcher_base_sample_10.csv,019_pitcher_base,cylinder,1,10,ycb28,ycb28_test,/content/drive/MyDrive/PointNet_APS_Project_V2/data/ycb28/extracted_models/019_pitcher_base/019_pitcher_base/google_16k/textured.obj,official_ycb_download,1000,/content/drive/MyDrive/PointNet_APS_Project_V2/data/ycb28/generated_pointclouds_bbox_norm/cylinder/019_pitcher_base/019_pitcher_base_sample_10.csv,1,1,cylinder,cylinder,0.9563741,True,mixed_trained_xyz,3,ycb28
/content/pointnetpp_xyz_cache/ycb28_test/cylinder/019_pitcher_base_sample_11.csv,019_pitcher_base,cylinder,1,11,ycb28,ycb28_test,/content/drive/MyDrive/PointNet_APS_Project_V2/data/ycb28/extracted_models/019_pitcher_base/019_pitcher_base/google_16k/textured.obj,official_ycb_download,1000,/content/drive/MyDrive/PointNet_APS_Project_V2/data/ycb28/generated_pointclouds_bbox_norm/cylinder/019_pitcher_base/019_pitcher_base_sample_11.csv,1,1,cylinder,cylinder,0.9310577,True,mixed_trained_xyz,3,ycb28
/content/pointnetpp_xyz_cache/ycb28_test/cylinder/019_pitcher_base_sample_12.csv,019_pitcher_base,cylinder,1,12,ycb28,ycb28_test,/content/drive/MyDrive/PointNet_APS_Project_V2/data/ycb28/extracted_models/019_pitcher_base/019_pitcher_base/google_16k/textured.obj,official_ycb_download,1000,/content/drive/MyDrive/PointNet_APS_Project_V2/data/ycb28/generated_pointclouds_bbox_norm/cylinder/019_pitcher_base/019_pitcher_base_sample_12.csv,1,1,cylinder,cylinder,0.9685743,True,mixed_trained_xyz,3,ycb28
/content/pointnetpp_xyz_cache/ycb28_test/cylinder/019_pitcher_base_sample_13.csv,019_pitcher_base,cylinder,1,13,ycb28,ycb28_test,/content/drive/MyDrive/PointNet_APS_Project_V2/data/ycb28/extracted_models/019_pitcher_base/019_pitcher_base/google_16k/textured.obj,official_ycb_download,1000,/content/drive/MyDrive/PointNet_APS_Project_V2/data/ycb28/generated_pointclouds_bbox_norm/cylinder/019_pitcher_base/019_pitcher_base_sample_13.csv,1,1,cylinder,cylinder,0.938948,True,mixed_trained_xyz,3,ycb28
/content/pointnetpp_xyz_cache/ycb28_test/cylinder/019_pitcher_base_sample_14.csv,019_pitcher_base,cylinder,1,14,ycb28,ycb28_test,/content/drive/MyDrive/PointNet_APS_Project_V2/data/ycb28/extracted_models/019_pitcher_base/019_pitcher_base/google_16k/textured.obj,official_ycb_download,1000,/content/drive/MyDrive/PointNet_APS_Project_V2/data/ycb28/generated_pointclouds_bbox_norm/cylinder/019_pitcher_base/019_pitcher_base_sample_14.csv,1,1,cylinder,cylinder,0.946413,True,mixed_trained_xyz,3,ycb28
/content/pointnetpp_xyz_cache/ycb28_test/cylinder/019_pitcher_base_sample_15.csv,019_pitcher_base,cylinder,1,15,ycb28,ycb28_test,/content/drive/MyDrive/PointNet_APS_Project_V2/data/ycb28/extracted_models/019_pitcher_base/019_pitcher_base/google_16k/textured.obj,official_ycb_download,1000,/content/drive/MyDrive/PointNet_APS_Project_V2/data/ycb28/generated_pointclouds_bbox_norm/cylinder/019_pitcher_base/019_pitcher_base_sample_15.csv,1,0,cylinder,box,0.76397246,False,mixed_trained_xyz,3,ycb28
/content/pointnetpp_xyz_cache/ycb28_test/cylinder/019_pitcher_base_sample_16.csv,019_pitcher_base,cylinder,1,16,ycb28,ycb28_test,/content/drive/MyDrive/PointNet_APS_Project_V2/data/ycb28/extracted_models/019_pitcher_base/019_pitcher_base/google_16k/textured.obj,official_ycb_download,1000,/content/drive/MyDrive/PointNet_APS_Project_V2/data/ycb28/generated_pointclouds_bbox_norm/cylinder/019_pitcher_base/019_pitcher_base_sample_16.csv,1,1,cylinder,cylinder,0.94763416,True,mixed_trained_xyz,3,ycb28
/content/pointnetpp_xyz_cache/ycb28_test/cylinder/019_pitcher_base_sample_17.csv,019_pitcher_base,cylinder,1,17,ycb28,ycb28_test,/content/drive/MyDrive/PointNet_APS_Project_V2/data/ycb28/extracted_models/019_pitcher_base/019_pitcher_base/google_16k/textured.obj,official_ycb_download,1000,/content/drive/MyDrive/PointNet_APS_Project_V2/data/ycb28/generated_pointclouds_bbox_norm/cylinder/019_pitcher_base/019_pitcher_base_sample_17.csv,1,1,cylinder,cylinder,0.97367495,True,mixed_trained_xyz,3,ycb28
/content/pointnetpp_xyz_cache/ycb28_test/cylinder/019_pitcher_base_sample_18.csv,019_pitcher_base,cylinder,1,18,ycb28,ycb28_test,/content/drive/MyDrive/PointNet_APS_Project_V2/data/ycb28/extracted_models/019_pitcher_base/019_pitcher_base/google_16k/textured.obj,official_ycb_download,1000,/content/drive/MyDrive/PointNet_APS_Project_V2/data/ycb28/generated_pointclouds_bbox_norm/cylinder/019_pitcher_base/019_pitcher_base_sample_18.csv,1,1,cylinder,cylinder,0.96024686,True,mixed_trained_xyz,3,ycb28
/content/pointnetpp_xyz_cache/ycb28_test/cylinder/019_pitcher_base_sample_19.csv,019_pitcher_base,cylinder,1,19,ycb28,ycb28_test,/content/drive/MyDrive/PointNet_APS_Project_V2/data/ycb28/extracted_models/019_pitcher_base/019_pitcher_base/google_16k/textured.obj,official_ycb_download,1000,/content/drive/MyDrive/PointNet_APS_Project_V2/data/ycb28/generated_pointclouds_bbox_norm/cylinder/019_pitcher_base/019_pitcher_base_sample_19.csv,1,1,cylinder,cylinder,0.9685819,True,mixed_trained_xyz,3,ycb28
/content/pointnetpp_xyz_cache/ycb28_test/cylinder/025_mug_sample_00.csv,025_mug,cylinder,1,0,ycb28,ycb28_test,/content/drive/MyDrive/PointNet_APS_Project_V2/data/ycb28/extracted_models/025_mug/025_mug/google_16k/textured.obj,official_ycb_download,1000,/content/drive/MyDrive/PointNet_APS_Project_V2/data/ycb28/generated_pointclouds_bbox_norm/cylinder/025_mug/025_mug_sample_00.csv,1,0,cylinder,box,0.6900999,False,mixed_trained_xyz,3,ycb28
/content/pointnetpp_xyz_cache/ycb28_test/cylinder/025_mug_sample_01.csv,025_mug,cylinder,1,1,ycb28,ycb28_test,/content/drive/MyDrive/PointNet_APS_Project_V2/data/ycb28/extracted_models/025_mug/025_mug/google_16k/textured.obj,official_ycb_download,1000,/content/drive/MyDrive/PointNet_APS_Project_V2/data/ycb28/generated_pointclouds_bbox_norm/cylinder/025_mug/025_mug_sample_01.csv,1,1,cylinder,cylinder,0.8810864,True,mixed_trained_xyz,3,ycb28
/content/pointnetpp_xyz_cache/ycb28_test/cylinder/025_mug_sample_02.csv,025_mug,cylinder,1,2,ycb28,ycb28_test,/content/drive/MyDrive/PointNet_APS_Project_V2/data/ycb28/extracted_models/025_mug/025_mug/google_16k/textured.obj,official_ycb_download,1000,/content/drive/MyDrive/PointNet_APS_Project_V2/data/ycb28/generated_pointclouds_bbox_norm/cylinder/025_mug/025_mug_sample_02.csv,1,0,cylinder,box,0.7859305,False,mixed_trained_xyz,3,ycb28
/content/pointnetpp_xyz_cache/ycb28_test/cylinder/025_mug_sample_03.csv,025_mug,cylinder,1,3,ycb28,ycb28_test,/content/drive/MyDrive/PointNet_APS_Project_V2/data/ycb28/extracted_models/025_mug/025_mug/google_16k/textured.obj,official_ycb_download,1000,/content/drive/MyDrive/PointNet_APS_Project_V2/data/ycb28/generated_pointclouds_bbox_norm/cylinder/025_mug/025_mug_sample_03.csv,1,1,cylinder,cylinder,0.67683464,True,mixed_trained_xyz,3,ycb28
/content/pointnetpp_xyz_cache/ycb28_test/cylinder/025_mug_sample_04.csv,025_mug,cylinder,1,4,ycb28,ycb28_test,/content/drive/MyDrive/PointNet_APS_Project_V2/data/ycb28/extracted_models/025_mug/025_mug/google_16k/textured.obj,official_ycb_download,1000,/content/drive/MyDrive/PointNet_APS_Project_V2/data/ycb28/generated_pointclouds_bbox_norm/cylinder/025_mug/025_mug_sample_04.csv,1,1,cylinder,cylinder,0.9301378,True,mixed_trained_xyz,3,ycb28
/content/pointnetpp_xyz_cache/ycb28_test/cylinder/025_mug_sample_05.csv,025_mug,cylinder,1,5,ycb28,ycb28_test,/content/drive/MyDrive/PointNet_APS_Project_V2/data/ycb28/extracted_models/025_mug/025_mug/google_16k/textured.obj,official_ycb_download,1000,/content/drive/MyDrive/PointNet_APS_Project_V2/data/ycb28/generated_pointclouds_bbox_norm/cylinder/025_mug/025_mug_sample_05.csv,1,1,cylinder,cylinder,0.92012846,True,mixed_trained_xyz,3,ycb28
/content/pointnetpp_xyz_cache/ycb28_test/cylinder/025_mug_sample_06.csv,025_mug,cylinder,1,6,ycb28,ycb28_test,/content/drive/MyDrive/PointNet_APS_Project_V2/data/ycb28/extracted_models/025_mug/025_mug/google_16k/textured.obj,official_ycb_download,1000,/content/drive/MyDrive/PointNet_APS_Project_V2/data/ycb28/generated_pointclouds_bbox_norm/cylinder/025_mug/025_mug_sample_06.csv,1,1,cylinder,cylinder,0.9448575,True,mixed_trained_xyz,3,ycb28
/content/pointnetpp_xyz_cache/ycb28_test/cylinder/025_mug_sample_07.csv,025_mug,cylinder,1,7,ycb28,ycb28_test,/content/drive/MyDrive/PointNet_APS_Project_V2/data/ycb28/extracted_models/025_mug/025_mug/google_16k/textured.obj,official_ycb_download,1000,/content/drive/MyDrive/PointNet_APS_Project_V2/data/ycb28/generated_pointclouds_bbox_norm/cylinder/025_mug/025_mug_sample_07.csv,1,1,cylinder,cylinder,0.92926013,True,mixed_trained_xyz,3,ycb28
/content/pointnetpp_xyz_cache/ycb28_test/cylinder/025_mug_sample_08.csv,025_mug,cylinder,1,8,ycb28,ycb28_test,/content/drive/MyDrive/PointNet_APS_Project_V2/data/ycb28/extracted_models/025_mug/025_mug/google_16k/textured.obj,official_ycb_download,1000,/content/drive/MyDrive/PointNet_APS_Project_V2/data/ycb28/generated_pointclouds_bbox_norm/cylinder/025_mug/025_mug_sample_08.csv,1,1,cylinder,cylinder,0.89451265,True,mixed_trained_xyz,3,ycb28
/content/pointnetpp_xyz_cache/ycb28_test/cylinder/025_mug_sample_09.csv,025_mug,cylinder,1,9,ycb28,ycb28_test,/content/drive/MyDrive/PointNet_APS_Project_V2/data/ycb28/extracted_models/025_mug/025_mug/google_16k/textured.obj,official_ycb_download,1000,/content/drive/MyDrive/PointNet_APS_Project_V2/data/ycb28/generated_pointclouds_bbox_norm/cylinder/025_mug/025_mug_sample_09.csv,1,1,cylinder,cylinder,0.9338402,True,mixed_trained_xyz,3,ycb28
/content/pointnetpp_xyz_cache/ycb28_test/cylinder/025_mug_sample_10.csv,025_mug,cylinder,1,10,ycb28,ycb28_test,/content/drive/MyDrive/PointNet_APS_Project_V2/data/ycb28/extracted_models/025_mug/025_mug/google_16k/textured.obj,official_ycb_download,1000,/content/drive/MyDrive/PointNet_APS_Project_V2/data/ycb28/generated_pointclouds_bbox_norm/cylinder/025_mug/025_mug_sample_10.csv,1,0,cylinder,box,0.742334,False,mixed_trained_xyz,3,ycb28
/content/pointnetpp_xyz_cache/ycb28_test/cylinder/025_mug_sample_11.csv,025_mug,cylinder,1,11,ycb28,ycb28_test,/content/drive/MyDrive/PointNet_APS_Project_V2/data/ycb28/extracted_models/025_mug/025_mug/google_16k/textured.obj,official_ycb_download,1000,/content/drive/MyDrive/PointNet_APS_Project_V2/data/ycb28/generated_pointclouds_bbox_norm/cylinder/025_mug/025_mug_sample_11.csv,1,1,cylinder,cylinder,0.8294089,True,mixed_trained_xyz,3,ycb28
/content/pointnetpp_xyz_cache/ycb28_test/cylinder/025_mug_sample_12.csv,025_mug,cylinder,1,12,ycb28,ycb28_test,/content/drive/MyDrive/PointNet_APS_Project_V2/data/ycb28/extracted_models/025_mug/025_mug/google_16k/textured.obj,official_ycb_download,1000,/content/drive/MyDrive/PointNet_APS_Project_V2/data/ycb28/generated_pointclouds_bbox_norm/cylinder/025_mug/025_mug_sample_12.csv,1,1,cylinder,cylinder,0.8740372,True,mixed_trained_xyz,3,ycb28
/content/pointnetpp_xyz_cache/ycb28_test/cylinder/025_mug_sample_13.csv,025_mug,cylinder,1,13,ycb28,ycb28_test,/content/drive/MyDrive/PointNet_APS_Project_V2/data/ycb28/extracted_models/025_mug/025_mug/google_16k/textured.obj,official_ycb_download,1000,/content/drive/MyDrive/PointNet_APS_Project_V2/data/ycb28/generated_pointclouds_bbox_norm/cylinder/025_mug/025_mug_sample_13.csv,1,0,cylinder,box,0.5176256,False,mixed_trained_xyz,3,ycb28
/content/pointnetpp_xyz_cache/ycb28_test/cylinder/025_mug_sample_14.csv,025_mug,cylinder,1,14,ycb28,ycb28_test,/content/drive/MyDrive/PointNet_APS_Project_V2/data/ycb28/extracted_models/025_mug/025_mug/google_16k/textured.obj,official_ycb_download,1000,/content/drive/MyDrive/PointNet_APS_Project_V2/data/ycb28/generated_pointclouds_bbox_norm/cylinder/025_mug/025_mug_sample_14.csv,1,1,cylinder,cylinder,0.94554025,True,mixed_trained_xyz,3,ycb28
/content/pointnetpp_xyz_cache/ycb28_test/cylinder/025_mug_sample_15.csv,025_mug,cylinder,1,15,ycb28,ycb28_test,/content/drive/MyDrive/PointNet_APS_Project_V2/data/ycb28/extracted_models/025_mug/025_mug/google_16k/textured.obj,official_ycb_download,1000,/content/drive/MyDrive/PointNet_APS_Project_V2/data/ycb28/generated_pointclouds_bbox_norm/cylinder/025_mug/025_mug_sample_15.csv,1,1,cylinder,cylinder,0.96109676,True,mixed_trained_xyz,3,ycb28
/content/pointnetpp_xyz_cache/ycb28_test/cylinder/025_mug_sample_16.csv,025_mug,cylinder,1,16,ycb28,ycb28_test,/content/drive/MyDrive/PointNet_APS_Project_V2/data/ycb28/extracted_models/025_mug/025_mug/google_16k/textured.obj,official_ycb_download,1000,/content/drive/MyDrive/PointNet_APS_Project_V2/data/ycb28/generated_pointclouds_bbox_norm/cylinder/025_mug/025_mug_sample_16.csv,1,0,cylinder,box,0.70196736,False,mixed_trained_xyz,3,ycb28
/content/pointnetpp_xyz_cache/ycb28_test/cylinder/025_mug_sample_17.csv,025_mug,cylinder,1,17,ycb28,ycb28_test,/content/drive/MyDrive/PointNet_APS_Project_V2/data/ycb28/extracted_models/025_mug/025_mug/google_16k/textured.obj,official_ycb_download,1000,/content/drive/MyDrive/PointNet_APS_Project_V2/data/ycb28/generated_pointclouds_bbox_norm/cylinder/025_mug/025_mug_sample_17.csv,1,0,cylinder,box,0.52487177,False,mixed_trained_xyz,3,ycb28
/content/pointnetpp_xyz_cache/ycb28_test/cylinder/025_mug_sample_18.csv,025_mug,cylinder,1,18,ycb28,ycb28_test,/content/drive/MyDrive/PointNet_APS_Project_V2/data/ycb28/extracted_models/025_mug/025_mug/google_16k/textured.obj,official_ycb_download,1000,/content/drive/MyDrive/PointNet_APS_Project_V2/data/ycb28/generated_pointclouds_bbox_norm/cylinder/025_mug/025_mug_sample_18.csv,1,1,cylinder,cylinder,0.9354519,True,mixed_trained_xyz,3,ycb28
/content/pointnetpp_xyz_cache/ycb28_test/cylinder/025_mug_sample_19.csv,025_mug,cylinder,1,19,ycb28,ycb28_test,/content/drive/MyDrive/PointNet_APS_Project_V2/data/ycb28/extracted_models/025_mug/025_mug/google_16k/textured.obj,official_ycb_download,1000,/content/drive/MyDrive/PointNet_APS_Project_V2/data/ycb28/generated_pointclouds_bbox_norm/cylinder/025_mug/025_mug_sample_19.csv,1,1,cylinder,cylinder,0.6387276,True,mixed_trained_xyz,3,ycb28
/content/pointnetpp_xyz_cache/ycb28_test/cylinder/040_large_marker_sample_00.csv,040_large_marker,cylinder,1,0,ycb28,ycb28_test,/content/drive/MyDrive/PointNet_APS_Project_V2/data/ycb28/extracted_models/040_large_marker/040_large_marker/google_16k/textured.obj,official_ycb_download,1000,/content/drive/MyDrive/PointNet_APS_Project_V2/data/ycb28/generated_pointclouds_bbox_norm/cylinder/040_large_marker/040_large_marker_sample_00.csv,1,0,cylinder,box,0.7344975,False,mixed_trained_xyz,3,ycb28
/content/pointnetpp_xyz_cache/ycb28_test/cylinder/040_large_marker_sample_01.csv,040_large_marker,cylinder,1,1,ycb28,ycb28_test,/content/drive/MyDrive/PointNet_APS_Project_V2/data/ycb28/extracted_models/040_large_marker/040_large_marker/google_16k/textured.obj,official_ycb_download,1000,/content/drive/MyDrive/PointNet_APS_Project_V2/data/ycb28/generated_pointclouds_bbox_norm/cylinder/040_large_marker/040_large_marker_sample_01.csv,1,0,cylinder,box,0.689641,False,mixed_trained_xyz,3,ycb28
/content/pointnetpp_xyz_cache/ycb28_test/cylinder/040_large_marker_sample_02.csv,040_large_marker,cylinder,1,2,ycb28,ycb28_test,/content/drive/MyDrive/PointNet_APS_Project_V2/data/ycb28/extracted_models/040_large_marker/040_large_marker/google_16k/textured.obj,official_ycb_download,1000,/content/drive/MyDrive/PointNet_APS_Project_V2/data/ycb28/generated_pointclouds_bbox_norm/cylinder/040_large_marker/040_large_marker_sample_02.csv,1,0,cylinder,box,0.8172237,False,mixed_trained_xyz,3,ycb28
/content/pointnetpp_xyz_cache/ycb28_test/cylinder/040_large_marker_sample_03.csv,040_large_marker,cylinder,1,3,ycb28,ycb28_test,/content/drive/MyDrive/PointNet_APS_Project_V2/data/ycb28/extracted_models/040_large_marker/040_large_marker/google_16k/textured.obj,official_ycb_download,1000,/content/drive/MyDrive/PointNet_APS_Project_V2/data/ycb28/generated_pointclouds_bbox_norm/cylinder/040_large_marker/040_large_marker_sample_03.csv,1,0,cylinder,box,0.76139444,False,mixed_trained_xyz,3,ycb28
/content/pointnetpp_xyz_cache/ycb28_test/cylinder/040_large_marker_sample_04.csv,040_large_marker,cylinder,1,4,ycb28,ycb28_test,/content/drive/MyDrive/PointNet_APS_Project_V2/data/ycb28/extracted_models/040_large_marker/040_large_marker/google_16k/textured.obj,official_ycb_download,1000,/content/drive/MyDrive/PointNet_APS_Project_V2/data/ycb28/generated_pointclouds_bbox_norm/cylinder/040_large_marker/040_large_marker_sample_04.csv,1,0,cylinder,box,0.84865975,False,mixed_trained_xyz,3,ycb28
/content/pointnetpp_xyz_cache/ycb28_test/cylinder/040_large_marker_sample_05.csv,040_large_marker,cylinder,1,5,ycb28,ycb28_test,/content/drive/MyDrive/PointNet_APS_Project_V2/data/ycb28/extracted_models/040_large_marker/040_large_marker/google_16k/textured.obj,official_ycb_download,1000,/content/drive/MyDrive/PointNet_APS_Project_V2/data/ycb28/generated_pointclouds_bbox_norm/cylinder/040_large_marker/040_large_marker_sample_05.csv,1,0,cylinder,box,0.6556169,False,mixed_trained_xyz,3,ycb28
/content/pointnetpp_xyz_cache/ycb28_test/cylinder/040_large_marker_sample_06.csv,040_large_marker,cylinder,1,6,ycb28,ycb28_test,/content/drive/MyDrive/PointNet_APS_Project_V2/data/ycb28/extracted_models/040_large_marker/040_large_marker/google_16k/textured.obj,official_ycb_download,1000,/content/drive/MyDrive/PointNet_APS_Project_V2/data/ycb28/generated_pointclouds_bbox_norm/cylinder/040_large_marker/040_large_marker_sample_06.csv,1,0,cylinder,box,0.69472486,False,mixed_trained_xyz,3,ycb28
/content/pointnetpp_xyz_cache/ycb28_test/cylinder/040_large_marker_sample_07.csv,040_large_marker,cylinder,1,7,ycb28,ycb28_test,/content/drive/MyDrive/PointNet_APS_Project_V2/data/ycb28/extracted_models/040_large_marker/040_large_marker/google_16k/textured.obj,official_ycb_download,1000,/content/drive/MyDrive/PointNet_APS_Project_V2/data/ycb28/generated_pointclouds_bbox_norm/cylinder/040_large_marker/040_large_marker_sample_07.csv,1,0,cylinder,box,0.7566661,False,mixed_trained_xyz,3,ycb28
/content/pointnetpp_xyz_cache/ycb28_test/cylinder/040_large_marker_sample_08.csv,040_large_marker,cylinder,1,8,ycb28,ycb28_test,/content/drive/MyDrive/PointNet_APS_Project_V2/data/ycb28/extracted_models/040_large_marker/040_large_marker/google_16k/textured.obj,official_ycb_download,1000,/content/drive/MyDrive/PointNet_APS_Project_V2/data/ycb28/generated_pointclouds_bbox_norm/cylinder/040_large_marker/040_large_marker_sample_08.csv,1,0,cylinder,box,0.8597625,False,mixed_trained_xyz,3,ycb28
/content/pointnetpp_xyz_cache/ycb28_test/cylinder/040_large_marker_sample_09.csv,040_large_marker,cylinder,1,9,ycb28,ycb28_test,/content/drive/MyDrive/PointNet_APS_Project_V2/data/ycb28/extracted_models/040_large_marker/040_large_marker/google_16k/textured.obj,official_ycb_download,1000,/content/drive/MyDrive/PointNet_APS_Project_V2/data/ycb28/generated_pointclouds_bbox_norm/cylinder/040_large_marker/040_large_marker_sample_09.csv,1,0,cylinder,box,0.50791866,False,mixed_trained_xyz,3,ycb28
/content/pointnetpp_xyz_cache/ycb28_test/cylinder/040_large_marker_sample_10.csv,040_large_marker,cylinder,1,10,ycb28,ycb28_test,/content/drive/MyDrive/PointNet_APS_Project_V2/data/ycb28/extracted_models/040_large_marker/040_large_marker/google_16k/textured.obj,official_ycb_download,1000,/content/drive/MyDrive/PointNet_APS_Project_V2/data/ycb28/generated_pointclouds_bbox_norm/cylinder/040_large_marker/040_large_marker_sample_10.csv,1,1,cylinder,cylinder,0.5634424,True,mixed_trained_xyz,3,ycb28
/content/pointnetpp_xyz_cache/ycb28_test/cylinder/040_large_marker_sample_11.csv,040_large_marker,cylinder,1,11,ycb28,ycb28_test,/content/drive/MyDrive/PointNet_APS_Project_V2/data/ycb28/extracted_models/040_large_marker/040_large_marker/google_16k/textured.obj,official_ycb_download,1000,/content/drive/MyDrive/PointNet_APS_Project_V2/data/ycb28/generated_pointclouds_bbox_norm/cylinder/040_large_marker/040_large_marker_sample_11.csv,1,0,cylinder,box,0.9000631,False,mixed_trained_xyz,3,ycb28
/content/pointnetpp_xyz_cache/ycb28_test/cylinder/040_large_marker_sample_12.csv,040_large_marker,cylinder,1,12,ycb28,ycb28_test,/content/drive/MyDrive/PointNet_APS_Project_V2/data/ycb28/extracted_models/040_large_marker/040_large_marker/google_16k/textured.obj,official_ycb_download,1000,/content/drive/MyDrive/PointNet_APS_Project_V2/data/ycb28/generated_pointclouds_bbox_norm/cylinder/040_large_marker/040_large_marker_sample_12.csv,1,0,cylinder,box,0.8591835,False,mixed_trained_xyz,3,ycb28
/content/pointnetpp_xyz_cache/ycb28_test/cylinder/040_large_marker_sample_13.csv,040_large_marker,cylinder,1,13,ycb28,ycb28_test,/content/drive/MyDrive/PointNet_APS_Project_V2/data/ycb28/extracted_models/040_large_marker/040_large_marker/google_16k/textured.obj,official_ycb_download,1000,/content/drive/MyDrive/PointNet_APS_Project_V2/data/ycb28/generated_pointclouds_bbox_norm/cylinder/040_large_marker/040_large_marker_sample_13.csv,1,0,cylinder,box,0.7850101,False,mixed_trained_xyz,3,ycb28
/content/pointnetpp_xyz_cache/ycb28_test/cylinder/040_large_marker_sample_14.csv,040_large_marker,cylinder,1,14,ycb28,ycb28_test,/content/drive/MyDrive/PointNet_APS_Project_V2/data/ycb28/extracted_models/040_large_marker/040_large_marker/google_16k/textured.obj,official_ycb_download,1000,/content/drive/MyDrive/PointNet_APS_Project_V2/data/ycb28/generated_pointclouds_bbox_norm/cylinder/040_large_marker/040_large_marker_sample_14.csv,1,0,cylinder,box,0.6876543,False,mixed_trained_xyz,3,ycb28
/content/pointnetpp_xyz_cache/ycb28_test/cylinder/040_large_marker_sample_15.csv,040_large_marker,cylinder,1,15,ycb28,ycb28_test,/content/drive/MyDrive/PointNet_APS_Project_V2/data/ycb28/extracted_models/040_large_marker/040_large_marker/google_16k/textured.obj,official_ycb_download,1000,/content/drive/MyDrive/PointNet_APS_Project_V2/data/ycb28/generated_pointclouds_bbox_norm/cylinder/040_large_marker/040_large_marker_sample_15.csv,1,1,cylinder,cylinder,0.49385238,True,mixed_trained_xyz,3,ycb28
/content/pointnetpp_xyz_cache/ycb28_test/cylinder/040_large_marker_sample_16.csv,040_large_marker,cylinder,1,16,ycb28,ycb28_test,/content/drive/MyDrive/PointNet_APS_Project_V2/data/ycb28/extracted_models/040_large_marker/040_large_marker/google_16k/textured.obj,official_ycb_download,1000,/content/drive/MyDrive/PointNet_APS_Project_V2/data/ycb28/generated_pointclouds_bbox_norm/cylinder/040_large_marker/040_large_marker_sample_16.csv,1,0,cylinder,box,0.53849584,False,mixed_trained_xyz,3,ycb28
/content/pointnetpp_xyz_cache/ycb28_test/cylinder/040_large_marker_sample_17.csv,040_large_marker,cylinder,1,17,ycb28,ycb28_test,/content/drive/MyDrive/PointNet_APS_Project_V2/data/ycb28/extracted_models/040_large_marker/040_large_marker/google_16k/textured.obj,official_ycb_download,1000,/content/drive/MyDrive/PointNet_APS_Project_V2/data/ycb28/generated_pointclouds_bbox_norm/cylinder/040_large_marker/040_large_marker_sample_17.csv,1,0,cylinder,box,0.88310677,False,mixed_trained_xyz,3,ycb28
/content/pointnetpp_xyz_cache/ycb28_test/cylinder/040_large_marker_sample_18.csv,040_large_marker,cylinder,1,18,ycb28,ycb28_test,/content/drive/MyDrive/PointNet_APS_Project_V2/data/ycb28/extracted_models/040_large_marker/040_large_marker/google_16k/textured.obj,official_ycb_download,1000,/content/drive/MyDrive/PointNet_APS_Project_V2/data/ycb28/generated_pointclouds_bbox_norm/cylinder/040_large_marker/040_large_marker_sample_18.csv,1,0,cylinder,box,0.8299194,False,mixed_trained_xyz,3,ycb28
/content/pointnetpp_xyz_cache/ycb28_test/cylinder/040_large_marker_sample_19.csv,040_large_marker,cylinder,1,19,ycb28,ycb28_test,/content/drive/MyDrive/PointNet_APS_Project_V2/data/ycb28/extracted_models/040_large_marker/040_large_marker/google_16k/textured.obj,official_ycb_download,1000,/content/drive/MyDrive/PointNet_APS_Project_V2/data/ycb28/generated_pointclouds_bbox_norm/cylinder/040_large_marker/040_large_marker_sample_19.csv,1,0,cylinder,box,0.836433,False,mixed_trained_xyz,3,ycb28
/content/pointnetpp_xyz_cache/ycb28_test/cylinder/065_a_cups_sample_00.csv,065_a_cups,cylinder,1,0,ycb28,ycb28_test,/content/drive/MyDrive/PointNet_APS_Project_V2/data/ycb28/extracted_models/065_a_cups/065-a_cups/google_16k/textured.obj,official_ycb_download,1000,/content/drive/MyDrive/PointNet_APS_Project_V2/data/ycb28/generated_pointclouds_bbox_norm/cylinder/065_a_cups/065_a_cups_sample_00.csv,1,1,cylinder,cylinder,0.9351666,True,mixed_trained_xyz,3,ycb28
/content/pointnetpp_xyz_cache/ycb28_test/cylinder/065_a_cups_sample_01.csv,065_a_cups,cylinder,1,1,ycb28,ycb28_test,/content/drive/MyDrive/PointNet_APS_Project_V2/data/ycb28/extracted_models/065_a_cups/065-a_cups/google_16k/textured.obj,official_ycb_download,1000,/content/drive/MyDrive/PointNet_APS_Project_V2/data/ycb28/generated_pointclouds_bbox_norm/cylinder/065_a_cups/065_a_cups_sample_01.csv,1,0,cylinder,box,0.8920509,False,mixed_trained_xyz,3,ycb28
/content/pointnetpp_xyz_cache/ycb28_test/cylinder/065_a_cups_sample_02.csv,065_a_cups,cylinder,1,2,ycb28,ycb28_test,/content/drive/MyDrive/PointNet_APS_Project_V2/data/ycb28/extracted_models/065_a_cups/065-a_cups/google_16k/textured.obj,official_ycb_download,1000,/content/drive/MyDrive/PointNet_APS_Project_V2/data/ycb28/generated_pointclouds_bbox_norm/cylinder/065_a_cups/065_a_cups_sample_02.csv,1,1,cylinder,cylinder,0.8606573,True,mixed_trained_xyz,3,ycb28
/content/pointnetpp_xyz_cache/ycb28_test/cylinder/065_a_cups_sample_03.csv,065_a_cups,cylinder,1,3,ycb28,ycb28_test,/content/drive/MyDrive/PointNet_APS_Project_V2/data/ycb28/extracted_models/065_a_cups/065-a_cups/google_16k/textured.obj,official_ycb_download,1000,/content/drive/MyDrive/PointNet_APS_Project_V2/data/ycb28/generated_pointclouds_bbox_norm/cylinder/065_a_cups/065_a_cups_sample_03.csv,1,1,cylinder,cylinder,0.93980044,True,mixed_trained_xyz,3,ycb28
/content/pointnetpp_xyz_cache/ycb28_test/cylinder/065_a_cups_sample_04.csv,065_a_cups,cylinder,1,4,ycb28,ycb28_test,/content/drive/MyDrive/PointNet_APS_Project_V2/data/ycb28/extracted_models/065_a_cups/065-a_cups/google_16k/textured.obj,official_ycb_download,1000,/content/drive/MyDrive/PointNet_APS_Project_V2/data/ycb28/generated_pointclouds_bbox_norm/cylinder/065_a_cups/065_a_cups_sample_04.csv,1,0,cylinder,box,0.677479,False,mixed_trained_xyz,3,ycb28
/content/pointnetpp_xyz_cache/ycb28_test/cylinder/065_a_cups_sample_05.csv,065_a_cups,cylinder,1,5,ycb28,ycb28_test,/content/drive/MyDrive/PointNet_APS_Project_V2/data/ycb28/extracted_models/065_a_cups/065-a_cups/google_16k/textured.obj,official_ycb_download,1000,/content/drive/MyDrive/PointNet_APS_Project_V2/data/ycb28/generated_pointclouds_bbox_norm/cylinder/065_a_cups/065_a_cups_sample_05.csv,1,1,cylinder,cylinder,0.8983546,True,mixed_trained_xyz,3,ycb28
/content/pointnetpp_xyz_cache/ycb28_test/cylinder/065_a_cups_sample_06.csv,065_a_cups,cylinder,1,6,ycb28,ycb28_test,/content/drive/MyDrive/PointNet_APS_Project_V2/data/ycb28/extracted_models/065_a_cups/065-a_cups/google_16k/textured.obj,official_ycb_download,1000,/content/drive/MyDrive/PointNet_APS_Project_V2/data/ycb28/generated_pointclouds_bbox_norm/cylinder/065_a_cups/065_a_cups_sample_06.csv,1,0,cylinder,box,0.64431304,False,mixed_trained_xyz,3,ycb28
/content/pointnetpp_xyz_cache/ycb28_test/cylinder/065_a_cups_sample_07.csv,065_a_cups,cylinder,1,7,ycb28,ycb28_test,/content/drive/MyDrive/PointNet_APS_Project_V2/data/ycb28/extracted_models/065_a_cups/065-a_cups/google_16k/textured.obj,official_ycb_download,1000,/content/drive/MyDrive/PointNet_APS_Project_V2/data/ycb28/generated_pointclouds_bbox_norm/cylinder/065_a_cups/065_a_cups_sample_07.csv,1,1,cylinder,cylinder,0.5368968,True,mixed_trained_xyz,3,ycb28
/content/pointnetpp_xyz_cache/ycb28_test/cylinder/065_a_cups_sample_08.csv,065_a_cups,cylinder,1,8,ycb28,ycb28_test,/content/drive/MyDrive/PointNet_APS_Project_V2/data/ycb28/extracted_models/065_a_cups/065-a_cups/google_16k/textured.obj,official_ycb_download,1000,/content/drive/MyDrive/PointNet_APS_Project_V2/data/ycb28/generated_pointclouds_bbox_norm/cylinder/065_a_cups/065_a_cups_sample_08.csv,1,0,cylinder,box,0.8705209,False,mixed_trained_xyz,3,ycb28
/content/pointnetpp_xyz_cache/ycb28_test/cylinder/065_a_cups_sample_09.csv,065_a_cups,cylinder,1,9,ycb28,ycb28_test,/content/drive/MyDrive/PointNet_APS_Project_V2/data/ycb28/extracted_models/065_a_cups/065-a_cups/google_16k/textured.obj,official_ycb_download,1000,/content/drive/MyDrive/PointNet_APS_Project_V2/data/ycb28/generated_pointclouds_bbox_norm/cylinder/065_a_cups/065_a_cups_sample_09.csv,1,0,cylinder,box,0.5245538,False,mixed_trained_xyz,3,ycb28
/content/pointnetpp_xyz_cache/ycb28_test/cylinder/065_a_cups_sample_10.csv,065_a_cups,cylinder,1,10,ycb28,ycb28_test,/content/drive/MyDrive/PointNet_APS_Project_V2/data/ycb28/extracted_models/065_a_cups/065-a_cups/google_16k/textured.obj,official_ycb_download,1000,/content/drive/MyDrive/PointNet_APS_Project_V2/data/ycb28/generated_pointclouds_bbox_norm/cylinder/065_a_cups/065_a_cups_sample_10.csv,1,1,cylinder,cylinder,0.63732326,True,mixed_trained_xyz,3,ycb28
/content/pointnetpp_xyz_cache/ycb28_test/cylinder/065_a_cups_sample_11.csv,065_a_cups,cylinder,1,11,ycb28,ycb28_test,/content/drive/MyDrive/PointNet_APS_Project_V2/data/ycb28/extracted_models/065_a_cups/065-a_cups/google_16k/textured.obj,official_ycb_download,1000,/content/drive/MyDrive/PointNet_APS_Project_V2/data/ycb28/generated_pointclouds_bbox_norm/cylinder/065_a_cups/065_a_cups_sample_11.csv,1,0,cylinder,box,0.7650602,False,mixed_trained_xyz,3,ycb28
/content/pointnetpp_xyz_cache/ycb28_test/cylinder/065_a_cups_sample_12.csv,065_a_cups,cylinder,1,12,ycb28,ycb28_test,/content/drive/MyDrive/PointNet_APS_Project_V2/data/ycb28/extracted_models/065_a_cups/065-a_cups/google_16k/textured.obj,official_ycb_download,1000,/content/drive/MyDrive/PointNet_APS_Project_V2/data/ycb28/generated_pointclouds_bbox_norm/cylinder/065_a_cups/065_a_cups_sample_12.csv,1,1,cylinder,cylinder,0.6910161,True,mixed_trained_xyz,3,ycb28
/content/pointnetpp_xyz_cache/ycb28_test/cylinder/065_a_cups_sample_13.csv,065_a_cups,cylinder,1,13,ycb28,ycb28_test,/content/drive/MyDrive/PointNet_APS_Project_V2/data/ycb28/extracted_models/065_a_cups/065-a_cups/google_16k/textured.obj,official_ycb_download,1000,/content/drive/MyDrive/PointNet_APS_Project_V2/data/ycb28/generated_pointclouds_bbox_norm/cylinder/065_a_cups/065_a_cups_sample_13.csv,1,0,cylinder,box,0.87859046,False,mixed_trained_xyz,3,ycb28
/content/pointnetpp_xyz_cache/ycb28_test/cylinder/065_a_cups_sample_14.csv,065_a_cups,cylinder,1,14,ycb28,ycb28_test,/content/drive/MyDrive/PointNet_APS_Project_V2/data/ycb28/extracted_models/065_a_cups/065-a_cups/google_16k/textured.obj,official_ycb_download,1000,/content/drive/MyDrive/PointNet_APS_Project_V2/data/ycb28/generated_pointclouds_bbox_norm/cylinder/065_a_cups/065_a_cups_sample_14.csv,1,1,cylinder,cylinder,0.9066862,True,mixed_trained_xyz,3,ycb28
/content/pointnetpp_xyz_cache/ycb28_test/cylinder/065_a_cups_sample_15.csv,065_a_cups,cylinder,1,15,ycb28,ycb28_test,/content/drive/MyDrive/PointNet_APS_Project_V2/data/ycb28/extracted_models/065_a_cups/065-a_cups/google_16k/textured.obj,official_ycb_download,1000,/content/drive/MyDrive/PointNet_APS_Project_V2/data/ycb28/generated_pointclouds_bbox_norm/cylinder/065_a_cups/065_a_cups_sample_15.csv,1,0,cylinder,box,0.80319107,False,mixed_trained_xyz,3,ycb28
/content/pointnetpp_xyz_cache/ycb28_test/cylinder/065_a_cups_sample_16.csv,065_a_cups,cylinder,1,16,ycb28,ycb28_test,/content/drive/MyDrive/PointNet_APS_Project_V2/data/ycb28/extracted_models/065_a_cups/065-a_cups/google_16k/textured.obj,official_ycb_download,1000,/content/drive/MyDrive/PointNet_APS_Project_V2/data/ycb28/generated_pointclouds_bbox_norm/cylinder/065_a_cups/065_a_cups_sample_16.csv,1,1,cylinder,cylinder,0.77297544,True,mixed_trained_xyz,3,ycb28
/content/pointnetpp_xyz_cache/ycb28_test/cylinder/065_a_cups_sample_17.csv,065_a_cups,cylinder,1,17,ycb28,ycb28_test,/content/drive/MyDrive/PointNet_APS_Project_V2/data/ycb28/extracted_models/065_a_cups/065-a_cups/google_16k/textured.obj,official_ycb_download,1000,/content/drive/MyDrive/PointNet_APS_Project_V2/data/ycb28/generated_pointclouds_bbox_norm/cylinder/065_a_cups/065_a_cups_sample_17.csv,1,1,cylinder,cylinder,0.70068115,True,mixed_trained_xyz,3,ycb28
/content/pointnetpp_xyz_cache/ycb28_test/cylinder/065_a_cups_sample_18.csv,065_a_cups,cylinder,1,18,ycb28,ycb28_test,/content/drive/MyDrive/PointNet_APS_Project_V2/data/ycb28/extracted_models/065_a_cups/065-a_cups/google_16k/textured.obj,official_ycb_download,1000,/content/drive/MyDrive/PointNet_APS_Project_V2/data/ycb28/generated_pointclouds_bbox_norm/cylinder/065_a_cups/065_a_cups_sample_18.csv,1,1,cylinder,cylinder,0.6369203,True,mixed_trained_xyz,3,ycb28
/content/pointnetpp_xyz_cache/ycb28_test/cylinder/065_a_cups_sample_19.csv,065_a_cups,cylinder,1,19,ycb28,ycb28_test,/content/drive/MyDrive/PointNet_APS_Project_V2/data/ycb28/extracted_models/065_a_cups/065-a_cups/google_16k/textured.obj,official_ycb_download,1000,/content/drive/MyDrive/PointNet_APS_Project_V2/data/ycb28/generated_pointclouds_bbox_norm/cylinder/065_a_cups/065_a_cups_sample_19.csv,1,1,cylinder,cylinder,0.90940803,True,mixed_trained_xyz,3,ycb28
/content/pointnetpp_xyz_cache/ycb28_test/sphere/012_strawberry_sample_00.csv,012_strawberry,sphere,2,0,ycb28,ycb28_test,/content/drive/MyDrive/PointNet_APS_Project_V2/data/ycb28/extracted_models/012_strawberry/012_strawberry/google_16k/textured.obj,official_ycb_download,1000,/content/drive/MyDrive/PointNet_APS_Project_V2/data/ycb28/generated_pointclouds_bbox_norm/sphere/012_strawberry/012_strawberry_sample_00.csv,2,2,sphere,sphere,0.9681525,True,mixed_trained_xyz,3,ycb28
/content/pointnetpp_xyz_cache/ycb28_test/sphere/012_strawberry_sample_01.csv,012_strawberry,sphere,2,1,ycb28,ycb28_test,/content/drive/MyDrive/PointNet_APS_Project_V2/data/ycb28/extracted_models/012_strawberry/012_strawberry/google_16k/textured.obj,official_ycb_download,1000,/content/drive/MyDrive/PointNet_APS_Project_V2/data/ycb28/generated_pointclouds_bbox_norm/sphere/012_strawberry/012_strawberry_sample_01.csv,2,2,sphere,sphere,0.95788294,True,mixed_trained_xyz,3,ycb28
/content/pointnetpp_xyz_cache/ycb28_test/sphere/012_strawberry_sample_02.csv,012_strawberry,sphere,2,2,ycb28,ycb28_test,/content/drive/MyDrive/PointNet_APS_Project_V2/data/ycb28/extracted_models/012_strawberry/012_strawberry/google_16k/textured.obj,official_ycb_download,1000,/content/drive/MyDrive/PointNet_APS_Project_V2/data/ycb28/generated_pointclouds_bbox_norm/sphere/012_strawberry/012_strawberry_sample_02.csv,2,2,sphere,sphere,0.9438674,True,mixed_trained_xyz,3,ycb28
/content/pointnetpp_xyz_cache/ycb28_test/sphere/012_strawberry_sample_03.csv,012_strawberry,sphere,2,3,ycb28,ycb28_test,/content/drive/MyDrive/PointNet_APS_Project_V2/data/ycb28/extracted_models/012_strawberry/012_strawberry/google_16k/textured.obj,official_ycb_download,1000,/content/drive/MyDrive/PointNet_APS_Project_V2/data/ycb28/generated_pointclouds_bbox_norm/sphere/012_strawberry/012_strawberry_sample_03.csv,2,2,sphere,sphere,0.96286327,True,mixed_trained_xyz,3,ycb28
/content/pointnetpp_xyz_cache/ycb28_test/sphere/012_strawberry_sample_04.csv,012_strawberry,sphere,2,4,ycb28,ycb28_test,/content/drive/MyDrive/PointNet_APS_Project_V2/data/ycb28/extracted_models/012_strawberry/012_strawberry/google_16k/textured.obj,official_ycb_download,1000,/content/drive/MyDrive/PointNet_APS_Project_V2/data/ycb28/generated_pointclouds_bbox_norm/sphere/012_strawberry/012_strawberry_sample_04.csv,2,2,sphere,sphere,0.9634057,True,mixed_trained_xyz,3,ycb28
/content/pointnetpp_xyz_cache/ycb28_test/sphere/012_strawberry_sample_05.csv,012_strawberry,sphere,2,5,ycb28,ycb28_test,/content/drive/MyDrive/PointNet_APS_Project_V2/data/ycb28/extracted_models/012_strawberry/012_strawberry/google_16k/textured.obj,official_ycb_download,1000,/content/drive/MyDrive/PointNet_APS_Project_V2/data/ycb28/generated_pointclouds_bbox_norm/sphere/012_strawberry/012_strawberry_sample_05.csv,2,2,sphere,sphere,0.9595161,True,mixed_trained_xyz,3,ycb28
/content/pointnetpp_xyz_cache/ycb28_test/sphere/012_strawberry_sample_06.csv,012_strawberry,sphere,2,6,ycb28,ycb28_test,/content/drive/MyDrive/PointNet_APS_Project_V2/data/ycb28/extracted_models/012_strawberry/012_strawberry/google_16k/textured.obj,official_ycb_download,1000,/content/drive/MyDrive/PointNet_APS_Project_V2/data/ycb28/generated_pointclouds_bbox_norm/sphere/012_strawberry/012_strawberry_sample_06.csv,2,2,sphere,sphere,0.9611462,True,mixed_trained_xyz,3,ycb28
/content/pointnetpp_xyz_cache/ycb28_test/sphere/012_strawberry_sample_07.csv,012_strawberry,sphere,2,7,ycb28,ycb28_test,/content/drive/MyDrive/PointNet_APS_Project_V2/data/ycb28/extracted_models/012_strawberry/012_strawberry/google_16k/textured.obj,official_ycb_download,1000,/content/drive/MyDrive/PointNet_APS_Project_V2/data/ycb28/generated_pointclouds_bbox_norm/sphere/012_strawberry/012_strawberry_sample_07.csv,2,2,sphere,sphere,0.9612588,True,mixed_trained_xyz,3,ycb28
/content/pointnetpp_xyz_cache/ycb28_test/sphere/012_strawberry_sample_08.csv,012_strawberry,sphere,2,8,ycb28,ycb28_test,/content/drive/MyDrive/PointNet_APS_Project_V2/data/ycb28/extracted_models/012_strawberry/012_strawberry/google_16k/textured.obj,official_ycb_download,1000,/content/drive/MyDrive/PointNet_APS_Project_V2/data/ycb28/generated_pointclouds_bbox_norm/sphere/012_strawberry/012_strawberry_sample_08.csv,2,2,sphere,sphere,0.9494115,True,mixed_trained_xyz,3,ycb28
/content/pointnetpp_xyz_cache/ycb28_test/sphere/012_strawberry_sample_09.csv,012_strawberry,sphere,2,9,ycb28,ycb28_test,/content/drive/MyDrive/PointNet_APS_Project_V2/data/ycb28/extracted_models/012_strawberry/012_strawberry/google_16k/textured.obj,official_ycb_download,1000,/content/drive/MyDrive/PointNet_APS_Project_V2/data/ycb28/generated_pointclouds_bbox_norm/sphere/012_strawberry/012_strawberry_sample_09.csv,2,2,sphere,sphere,0.9587524,True,mixed_trained_xyz,3,ycb28
/content/pointnetpp_xyz_cache/ycb28_test/sphere/012_strawberry_sample_10.csv,012_strawberry,sphere,2,10,ycb28,ycb28_test,/content/drive/MyDrive/PointNet_APS_Project_V2/data/ycb28/extracted_models/012_strawberry/012_strawberry/google_16k/textured.obj,official_ycb_download,1000,/content/drive/MyDrive/PointNet_APS_Project_V2/data/ycb28/generated_pointclouds_bbox_norm/sphere/012_strawberry/012_strawberry_sample_10.csv,2,2,sphere,sphere,0.96553534,True,mixed_trained_xyz,3,ycb28
/content/pointnetpp_xyz_cache/ycb28_test/sphere/012_strawberry_sample_11.csv,012_strawberry,sphere,2,11,ycb28,ycb28_test,/content/drive/MyDrive/PointNet_APS_Project_V2/data/ycb28/extracted_models/012_strawberry/012_strawberry/google_16k/textured.obj,official_ycb_download,1000,/content/drive/MyDrive/PointNet_APS_Project_V2/data/ycb28/generated_pointclouds_bbox_norm/sphere/012_strawberry/012_strawberry_sample_11.csv,2,2,sphere,sphere,0.9685905,True,mixed_trained_xyz,3,ycb28
/content/pointnetpp_xyz_cache/ycb28_test/sphere/012_strawberry_sample_12.csv,012_strawberry,sphere,2,12,ycb28,ycb28_test,/content/drive/MyDrive/PointNet_APS_Project_V2/data/ycb28/extracted_models/012_strawberry/012_strawberry/google_16k/textured.obj,official_ycb_download,1000,/content/drive/MyDrive/PointNet_APS_Project_V2/data/ycb28/generated_pointclouds_bbox_norm/sphere/012_strawberry/012_strawberry_sample_12.csv,2,2,sphere,sphere,0.9622028,True,mixed_trained_xyz,3,ycb28
/content/pointnetpp_xyz_cache/ycb28_test/sphere/012_strawberry_sample_13.csv,012_strawberry,sphere,2,13,ycb28,ycb28_test,/content/drive/MyDrive/PointNet_APS_Project_V2/data/ycb28/extracted_models/012_strawberry/012_strawberry/google_16k/textured.obj,official_ycb_download,1000,/content/drive/MyDrive/PointNet_APS_Project_V2/data/ycb28/generated_pointclouds_bbox_norm/sphere/012_strawberry/012_strawberry_sample_13.csv,2,2,sphere,sphere,0.9599237,True,mixed_trained_xyz,3,ycb28
/content/pointnetpp_xyz_cache/ycb28_test/sphere/012_strawberry_sample_14.csv,012_strawberry,sphere,2,14,ycb28,ycb28_test,/content/drive/MyDrive/PointNet_APS_Project_V2/data/ycb28/extracted_models/012_strawberry/012_strawberry/google_16k/textured.obj,official_ycb_download,1000,/content/drive/MyDrive/PointNet_APS_Project_V2/data/ycb28/generated_pointclouds_bbox_norm/sphere/012_strawberry/012_strawberry_sample_14.csv,2,2,sphere,sphere,0.960451,True,mixed_trained_xyz,3,ycb28
/content/pointnetpp_xyz_cache/ycb28_test/sphere/012_strawberry_sample_15.csv,012_strawberry,sphere,2,15,ycb28,ycb28_test,/content/drive/MyDrive/PointNet_APS_Project_V2/data/ycb28/extracted_models/012_strawberry/012_strawberry/google_16k/textured.obj,official_ycb_download,1000,/content/drive/MyDrive/PointNet_APS_Project_V2/data/ycb28/generated_pointclouds_bbox_norm/sphere/012_strawberry/012_strawberry_sample_15.csv,2,2,sphere,sphere,0.9614015,True,mixed_trained_xyz,3,ycb28
/content/pointnetpp_xyz_cache/ycb28_test/sphere/012_strawberry_sample_16.csv,012_strawberry,sphere,2,16,ycb28,ycb28_test,/content/drive/MyDrive/PointNet_APS_Project_V2/data/ycb28/extracted_models/012_strawberry/012_strawberry/google_16k/textured.obj,official_ycb_download,1000,/content/drive/MyDrive/PointNet_APS_Project_V2/data/ycb28/generated_pointclouds_bbox_norm/sphere/012_strawberry/012_strawberry_sample_16.csv,2,2,sphere,sphere,0.9590432,True,mixed_trained_xyz,3,ycb28
/content/pointnetpp_xyz_cache/ycb28_test/sphere/012_strawberry_sample_17.csv,012_strawberry,sphere,2,17,ycb28,ycb28_test,/content/drive/MyDrive/PointNet_APS_Project_V2/data/ycb28/extracted_models/012_strawberry/012_strawberry/google_16k/textured.obj,official_ycb_download,1000,/content/drive/MyDrive/PointNet_APS_Project_V2/data/ycb28/generated_pointclouds_bbox_norm/sphere/012_strawberry/012_strawberry_sample_17.csv,2,2,sphere,sphere,0.9589535,True,mixed_trained_xyz,3,ycb28
/content/pointnetpp_xyz_cache/ycb28_test/sphere/012_strawberry_sample_18.csv,012_strawberry,sphere,2,18,ycb28,ycb28_test,/content/drive/MyDrive/PointNet_APS_Project_V2/data/ycb28/extracted_models/012_strawberry/012_strawberry/google_16k/textured.obj,official_ycb_download,1000,/content/drive/MyDrive/PointNet_APS_Project_V2/data/ycb28/generated_pointclouds_bbox_norm/sphere/012_strawberry/012_strawberry_sample_18.csv,2,2,sphere,sphere,0.9598318,True,mixed_trained_xyz,3,ycb28
/content/pointnetpp_xyz_cache/ycb28_test/sphere/012_strawberry_sample_19.csv,012_strawberry,sphere,2,19,ycb28,ycb28_test,/content/drive/MyDrive/PointNet_APS_Project_V2/data/ycb28/extracted_models/012_strawberry/012_strawberry/google_16k/textured.obj,official_ycb_download,1000,/content/drive/MyDrive/PointNet_APS_Project_V2/data/ycb28/generated_pointclouds_bbox_norm/sphere/012_strawberry/012_strawberry_sample_19.csv,2,2,sphere,sphere,0.9696623,True,mixed_trained_xyz,3,ycb28
/content/pointnetpp_xyz_cache/ycb28_test/sphere/014_lemon_sample_00.csv,014_lemon,sphere,2,0,ycb28,ycb28_test,/content/drive/MyDrive/PointNet_APS_Project_V2/data/ycb28/extracted_models/014_lemon/014_lemon/google_16k/textured.obj,official_ycb_download,1000,/content/drive/MyDrive/PointNet_APS_Project_V2/data/ycb28/generated_pointclouds_bbox_norm/sphere/014_lemon/014_lemon_sample_00.csv,2,2,sphere,sphere,0.9707836,True,mixed_trained_xyz,3,ycb28
/content/pointnetpp_xyz_cache/ycb28_test/sphere/014_lemon_sample_01.csv,014_lemon,sphere,2,1,ycb28,ycb28_test,/content/drive/MyDrive/PointNet_APS_Project_V2/data/ycb28/extracted_models/014_lemon/014_lemon/google_16k/textured.obj,official_ycb_download,1000,/content/drive/MyDrive/PointNet_APS_Project_V2/data/ycb28/generated_pointclouds_bbox_norm/sphere/014_lemon/014_lemon_sample_01.csv,2,2,sphere,sphere,0.96894246,True,mixed_trained_xyz,3,ycb28
/content/pointnetpp_xyz_cache/ycb28_test/sphere/014_lemon_sample_02.csv,014_lemon,sphere,2,2,ycb28,ycb28_test,/content/drive/MyDrive/PointNet_APS_Project_V2/data/ycb28/extracted_models/014_lemon/014_lemon/google_16k/textured.obj,official_ycb_download,1000,/content/drive/MyDrive/PointNet_APS_Project_V2/data/ycb28/generated_pointclouds_bbox_norm/sphere/014_lemon/014_lemon_sample_02.csv,2,2,sphere,sphere,0.9644265,True,mixed_trained_xyz,3,ycb28
/content/pointnetpp_xyz_cache/ycb28_test/sphere/014_lemon_sample_03.csv,014_lemon,sphere,2,3,ycb28,ycb28_test,/content/drive/MyDrive/PointNet_APS_Project_V2/data/ycb28/extracted_models/014_lemon/014_lemon/google_16k/textured.obj,official_ycb_download,1000,/content/drive/MyDrive/PointNet_APS_Project_V2/data/ycb28/generated_pointclouds_bbox_norm/sphere/014_lemon/014_lemon_sample_03.csv,2,2,sphere,sphere,0.95852345,True,mixed_trained_xyz,3,ycb28
/content/pointnetpp_xyz_cache/ycb28_test/sphere/014_lemon_sample_04.csv,014_lemon,sphere,2,4,ycb28,ycb28_test,/content/drive/MyDrive/PointNet_APS_Project_V2/data/ycb28/extracted_models/014_lemon/014_lemon/google_16k/textured.obj,official_ycb_download,1000,/content/drive/MyDrive/PointNet_APS_Project_V2/data/ycb28/generated_pointclouds_bbox_norm/sphere/014_lemon/014_lemon_sample_04.csv,2,2,sphere,sphere,0.97076076,True,mixed_trained_xyz,3,ycb28
/content/pointnetpp_xyz_cache/ycb28_test/sphere/014_lemon_sample_05.csv,014_lemon,sphere,2,5,ycb28,ycb28_test,/content/drive/MyDrive/PointNet_APS_Project_V2/data/ycb28/extracted_models/014_lemon/014_lemon/google_16k/textured.obj,official_ycb_download,1000,/content/drive/MyDrive/PointNet_APS_Project_V2/data/ycb28/generated_pointclouds_bbox_norm/sphere/014_lemon/014_lemon_sample_05.csv,2,2,sphere,sphere,0.9689038,True,mixed_trained_xyz,3,ycb28
/content/pointnetpp_xyz_cache/ycb28_test/sphere/014_lemon_sample_06.csv,014_lemon,sphere,2,6,ycb28,ycb28_test,/content/drive/MyDrive/PointNet_APS_Project_V2/data/ycb28/extracted_models/014_lemon/014_lemon/google_16k/textured.obj,official_ycb_download,1000,/content/drive/MyDrive/PointNet_APS_Project_V2/data/ycb28/generated_pointclouds_bbox_norm/sphere/014_lemon/014_lemon_sample_06.csv,2,2,sphere,sphere,0.9662888,True,mixed_trained_xyz,3,ycb28
/content/pointnetpp_xyz_cache/ycb28_test/sphere/014_lemon_sample_07.csv,014_lemon,sphere,2,7,ycb28,ycb28_test,/content/drive/MyDrive/PointNet_APS_Project_V2/data/ycb28/extracted_models/014_lemon/014_lemon/google_16k/textured.obj,official_ycb_download,1000,/content/drive/MyDrive/PointNet_APS_Project_V2/data/ycb28/generated_pointclouds_bbox_norm/sphere/014_lemon/014_lemon_sample_07.csv,2,2,sphere,sphere,0.9686595,True,mixed_trained_xyz,3,ycb28
/content/pointnetpp_xyz_cache/ycb28_test/sphere/014_lemon_sample_08.csv,014_lemon,sphere,2,8,ycb28,ycb28_test,/content/drive/MyDrive/PointNet_APS_Project_V2/data/ycb28/extracted_models/014_lemon/014_lemon/google_16k/textured.obj,official_ycb_download,1000,/content/drive/MyDrive/PointNet_APS_Project_V2/data/ycb28/generated_pointclouds_bbox_norm/sphere/014_lemon/014_lemon_sample_08.csv,2,2,sphere,sphere,0.96231043,True,mixed_trained_xyz,3,ycb28
/content/pointnetpp_xyz_cache/ycb28_test/sphere/014_lemon_sample_09.csv,014_lemon,sphere,2,9,ycb28,ycb28_test,/content/drive/MyDrive/PointNet_APS_Project_V2/data/ycb28/extracted_models/014_lemon/014_lemon/google_16k/textured.obj,official_ycb_download,1000,/content/drive/MyDrive/PointNet_APS_Project_V2/data/ycb28/generated_pointclouds_bbox_norm/sphere/014_lemon/014_lemon_sample_09.csv,2,2,sphere,sphere,0.9656745,True,mixed_trained_xyz,3,ycb28
/content/pointnetpp_xyz_cache/ycb28_test/sphere/014_lemon_sample_10.csv,014_lemon,sphere,2,10,ycb28,ycb28_test,/content/drive/MyDrive/PointNet_APS_Project_V2/data/ycb28/extracted_models/014_lemon/014_lemon/google_16k/textured.obj,official_ycb_download,1000,/content/drive/MyDrive/PointNet_APS_Project_V2/data/ycb28/generated_pointclouds_bbox_norm/sphere/014_lemon/014_lemon_sample_10.csv,2,2,sphere,sphere,0.9704122,True,mixed_trained_xyz,3,ycb28
/content/pointnetpp_xyz_cache/ycb28_test/sphere/014_lemon_sample_11.csv,014_lemon,sphere,2,11,ycb28,ycb28_test,/content/drive/MyDrive/PointNet_APS_Project_V2/data/ycb28/extracted_models/014_lemon/014_lemon/google_16k/textured.obj,official_ycb_download,1000,/content/drive/MyDrive/PointNet_APS_Project_V2/data/ycb28/generated_pointclouds_bbox_norm/sphere/014_lemon/014_lemon_sample_11.csv,2,2,sphere,sphere,0.9640039,True,mixed_trained_xyz,3,ycb28
/content/pointnetpp_xyz_cache/ycb28_test/sphere/014_lemon_sample_12.csv,014_lemon,sphere,2,12,ycb28,ycb28_test,/content/drive/MyDrive/PointNet_APS_Project_V2/data/ycb28/extracted_models/014_lemon/014_lemon/google_16k/textured.obj,official_ycb_download,1000,/content/drive/MyDrive/PointNet_APS_Project_V2/data/ycb28/generated_pointclouds_bbox_norm/sphere/014_lemon/014_lemon_sample_12.csv,2,2,sphere,sphere,0.97294134,True,mixed_trained_xyz,3,ycb28
/content/pointnetpp_xyz_cache/ycb28_test/sphere/014_lemon_sample_13.csv,014_lemon,sphere,2,13,ycb28,ycb28_test,/content/drive/MyDrive/PointNet_APS_Project_V2/data/ycb28/extracted_models/014_lemon/014_lemon/google_16k/textured.obj,official_ycb_download,1000,/content/drive/MyDrive/PointNet_APS_Project_V2/data/ycb28/generated_pointclouds_bbox_norm/sphere/014_lemon/014_lemon_sample_13.csv,2,2,sphere,sphere,0.9709489,True,mixed_trained_xyz,3,ycb28
/content/pointnetpp_xyz_cache/ycb28_test/sphere/014_lemon_sample_14.csv,014_lemon,sphere,2,14,ycb28,ycb28_test,/content/drive/MyDrive/PointNet_APS_Project_V2/data/ycb28/extracted_models/014_lemon/014_lemon/google_16k/textured.obj,official_ycb_download,1000,/content/drive/MyDrive/PointNet_APS_Project_V2/data/ycb28/generated_pointclouds_bbox_norm/sphere/014_lemon/014_lemon_sample_14.csv,2,2,sphere,sphere,0.9676023,True,mixed_trained_xyz,3,ycb28
/content/pointnetpp_xyz_cache/ycb28_test/sphere/014_lemon_sample_15.csv,014_lemon,sphere,2,15,ycb28,ycb28_test,/content/drive/MyDrive/PointNet_APS_Project_V2/data/ycb28/extracted_models/014_lemon/014_lemon/google_16k/textured.obj,official_ycb_download,1000,/content/drive/MyDrive/PointNet_APS_Project_V2/data/ycb28/generated_pointclouds_bbox_norm/sphere/014_lemon/014_lemon_sample_15.csv,2,2,sphere,sphere,0.9707587,True,mixed_trained_xyz,3,ycb28
/content/pointnetpp_xyz_cache/ycb28_test/sphere/014_lemon_sample_16.csv,014_lemon,sphere,2,16,ycb28,ycb28_test,/content/drive/MyDrive/PointNet_APS_Project_V2/data/ycb28/extracted_models/014_lemon/014_lemon/google_16k/textured.obj,official_ycb_download,1000,/content/drive/MyDrive/PointNet_APS_Project_V2/data/ycb28/generated_pointclouds_bbox_norm/sphere/014_lemon/014_lemon_sample_16.csv,2,2,sphere,sphere,0.9681864,True,mixed_trained_xyz,3,ycb28
/content/pointnetpp_xyz_cache/ycb28_test/sphere/014_lemon_sample_17.csv,014_lemon,sphere,2,17,ycb28,ycb28_test,/content/drive/MyDrive/PointNet_APS_Project_V2/data/ycb28/extracted_models/014_lemon/014_lemon/google_16k/textured.obj,official_ycb_download,1000,/content/drive/MyDrive/PointNet_APS_Project_V2/data/ycb28/generated_pointclouds_bbox_norm/sphere/014_lemon/014_lemon_sample_17.csv,2,2,sphere,sphere,0.9668605,True,mixed_trained_xyz,3,ycb28
/content/pointnetpp_xyz_cache/ycb28_test/sphere/014_lemon_sample_18.csv,014_lemon,sphere,2,18,ycb28,ycb28_test,/content/drive/MyDrive/PointNet_APS_Project_V2/data/ycb28/extracted_models/014_lemon/014_lemon/google_16k/textured.obj,official_ycb_download,1000,/content/drive/MyDrive/PointNet_APS_Project_V2/data/ycb28/generated_pointclouds_bbox_norm/sphere/014_lemon/014_lemon_sample_18.csv,2,2,sphere,sphere,0.966145,True,mixed_trained_xyz,3,ycb28
/content/pointnetpp_xyz_cache/ycb28_test/sphere/014_lemon_sample_19.csv,014_lemon,sphere,2,19,ycb28,ycb28_test,/content/drive/MyDrive/PointNet_APS_Project_V2/data/ycb28/extracted_models/014_lemon/014_lemon/google_16k/textured.obj,official_ycb_download,1000,/content/drive/MyDrive/PointNet_APS_Project_V2/data/ycb28/generated_pointclouds_bbox_norm/sphere/014_lemon/014_lemon_sample_19.csv,2,2,sphere,sphere,0.9684106,True,mixed_trained_xyz,3,ycb28
/content/pointnetpp_xyz_cache/ycb28_test/sphere/015_peach_sample_00.csv,015_peach,sphere,2,0,ycb28,ycb28_test,/content/drive/MyDrive/PointNet_APS_Project_V2/data/ycb28/extracted_models/015_peach/015_peach/google_16k/textured.obj,official_ycb_download,1000,/content/drive/MyDrive/PointNet_APS_Project_V2/data/ycb28/generated_pointclouds_bbox_norm/sphere/015_peach/015_peach_sample_00.csv,2,2,sphere,sphere,0.9660297,True,mixed_trained_xyz,3,ycb28
/content/pointnetpp_xyz_cache/ycb28_test/sphere/015_peach_sample_01.csv,015_peach,sphere,2,1,ycb28,ycb28_test,/content/drive/MyDrive/PointNet_APS_Project_V2/data/ycb28/extracted_models/015_peach/015_peach/google_16k/textured.obj,official_ycb_download,1000,/content/drive/MyDrive/PointNet_APS_Project_V2/data/ycb28/generated_pointclouds_bbox_norm/sphere/015_peach/015_peach_sample_01.csv,2,2,sphere,sphere,0.9599732,True,mixed_trained_xyz,3,ycb28
/content/pointnetpp_xyz_cache/ycb28_test/sphere/015_peach_sample_02.csv,015_peach,sphere,2,2,ycb28,ycb28_test,/content/drive/MyDrive/PointNet_APS_Project_V2/data/ycb28/extracted_models/015_peach/015_peach/google_16k/textured.obj,official_ycb_download,1000,/content/drive/MyDrive/PointNet_APS_Project_V2/data/ycb28/generated_pointclouds_bbox_norm/sphere/015_peach/015_peach_sample_02.csv,2,2,sphere,sphere,0.9566435,True,mixed_trained_xyz,3,ycb28
/content/pointnetpp_xyz_cache/ycb28_test/sphere/015_peach_sample_03.csv,015_peach,sphere,2,3,ycb28,ycb28_test,/content/drive/MyDrive/PointNet_APS_Project_V2/data/ycb28/extracted_models/015_peach/015_peach/google_16k/textured.obj,official_ycb_download,1000,/content/drive/MyDrive/PointNet_APS_Project_V2/data/ycb28/generated_pointclouds_bbox_norm/sphere/015_peach/015_peach_sample_03.csv,2,2,sphere,sphere,0.9607112,True,mixed_trained_xyz,3,ycb28
/content/pointnetpp_xyz_cache/ycb28_test/sphere/015_peach_sample_04.csv,015_peach,sphere,2,4,ycb28,ycb28_test,/content/drive/MyDrive/PointNet_APS_Project_V2/data/ycb28/extracted_models/015_peach/015_peach/google_16k/textured.obj,official_ycb_download,1000,/content/drive/MyDrive/PointNet_APS_Project_V2/data/ycb28/generated_pointclouds_bbox_norm/sphere/015_peach/015_peach_sample_04.csv,2,2,sphere,sphere,0.9653997,True,mixed_trained_xyz,3,ycb28
/content/pointnetpp_xyz_cache/ycb28_test/sphere/015_peach_sample_05.csv,015_peach,sphere,2,5,ycb28,ycb28_test,/content/drive/MyDrive/PointNet_APS_Project_V2/data/ycb28/extracted_models/015_peach/015_peach/google_16k/textured.obj,official_ycb_download,1000,/content/drive/MyDrive/PointNet_APS_Project_V2/data/ycb28/generated_pointclouds_bbox_norm/sphere/015_peach/015_peach_sample_05.csv,2,2,sphere,sphere,0.96186465,True,mixed_trained_xyz,3,ycb28
/content/pointnetpp_xyz_cache/ycb28_test/sphere/015_peach_sample_06.csv,015_peach,sphere,2,6,ycb28,ycb28_test,/content/drive/MyDrive/PointNet_APS_Project_V2/data/ycb28/extracted_models/015_peach/015_peach/google_16k/textured.obj,official_ycb_download,1000,/content/drive/MyDrive/PointNet_APS_Project_V2/data/ycb28/generated_pointclouds_bbox_norm/sphere/015_peach/015_peach_sample_06.csv,2,2,sphere,sphere,0.9611646,True,mixed_trained_xyz,3,ycb28
/content/pointnetpp_xyz_cache/ycb28_test/sphere/015_peach_sample_07.csv,015_peach,sphere,2,7,ycb28,ycb28_test,/content/drive/MyDrive/PointNet_APS_Project_V2/data/ycb28/extracted_models/015_peach/015_peach/google_16k/textured.obj,official_ycb_download,1000,/content/drive/MyDrive/PointNet_APS_Project_V2/data/ycb28/generated_pointclouds_bbox_norm/sphere/015_peach/015_peach_sample_07.csv,2,2,sphere,sphere,0.9617345,True,mixed_trained_xyz,3,ycb28
/content/pointnetpp_xyz_cache/ycb28_test/sphere/015_peach_sample_08.csv,015_peach,sphere,2,8,ycb28,ycb28_test,/content/drive/MyDrive/PointNet_APS_Project_V2/data/ycb28/extracted_models/015_peach/015_peach/google_16k/textured.obj,official_ycb_download,1000,/content/drive/MyDrive/PointNet_APS_Project_V2/data/ycb28/generated_pointclouds_bbox_norm/sphere/015_peach/015_peach_sample_08.csv,2,2,sphere,sphere,0.96043164,True,mixed_trained_xyz,3,ycb28
/content/pointnetpp_xyz_cache/ycb28_test/sphere/015_peach_sample_09.csv,015_peach,sphere,2,9,ycb28,ycb28_test,/content/drive/MyDrive/PointNet_APS_Project_V2/data/ycb28/extracted_models/015_peach/015_peach/google_16k/textured.obj,official_ycb_download,1000,/content/drive/MyDrive/PointNet_APS_Project_V2/data/ycb28/generated_pointclouds_bbox_norm/sphere/015_peach/015_peach_sample_09.csv,2,2,sphere,sphere,0.9647443,True,mixed_trained_xyz,3,ycb28
/content/pointnetpp_xyz_cache/ycb28_test/sphere/015_peach_sample_10.csv,015_peach,sphere,2,10,ycb28,ycb28_test,/content/drive/MyDrive/PointNet_APS_Project_V2/data/ycb28/extracted_models/015_peach/015_peach/google_16k/textured.obj,official_ycb_download,1000,/content/drive/MyDrive/PointNet_APS_Project_V2/data/ycb28/generated_pointclouds_bbox_norm/sphere/015_peach/015_peach_sample_10.csv,2,2,sphere,sphere,0.96953726,True,mixed_trained_xyz,3,ycb28
/content/pointnetpp_xyz_cache/ycb28_test/sphere/015_peach_sample_11.csv,015_peach,sphere,2,11,ycb28,ycb28_test,/content/drive/MyDrive/PointNet_APS_Project_V2/data/ycb28/extracted_models/015_peach/015_peach/google_16k/textured.obj,official_ycb_download,1000,/content/drive/MyDrive/PointNet_APS_Project_V2/data/ycb28/generated_pointclouds_bbox_norm/sphere/015_peach/015_peach_sample_11.csv,2,2,sphere,sphere,0.9601324,True,mixed_trained_xyz,3,ycb28
/content/pointnetpp_xyz_cache/ycb28_test/sphere/015_peach_sample_12.csv,015_peach,sphere,2,12,ycb28,ycb28_test,/content/drive/MyDrive/PointNet_APS_Project_V2/data/ycb28/extracted_models/015_peach/015_peach/google_16k/textured.obj,official_ycb_download,1000,/content/drive/MyDrive/PointNet_APS_Project_V2/data/ycb28/generated_pointclouds_bbox_norm/sphere/015_peach/015_peach_sample_12.csv,2,2,sphere,sphere,0.9654848,True,mixed_trained_xyz,3,ycb28
/content/pointnetpp_xyz_cache/ycb28_test/sphere/015_peach_sample_13.csv,015_peach,sphere,2,13,ycb28,ycb28_test,/content/drive/MyDrive/PointNet_APS_Project_V2/data/ycb28/extracted_models/015_peach/015_peach/google_16k/textured.obj,official_ycb_download,1000,/content/drive/MyDrive/PointNet_APS_Project_V2/data/ycb28/generated_pointclouds_bbox_norm/sphere/015_peach/015_peach_sample_13.csv,2,2,sphere,sphere,0.95247495,True,mixed_trained_xyz,3,ycb28
/content/pointnetpp_xyz_cache/ycb28_test/sphere/015_peach_sample_14.csv,015_peach,sphere,2,14,ycb28,ycb28_test,/content/drive/MyDrive/PointNet_APS_Project_V2/data/ycb28/extracted_models/015_peach/015_peach/google_16k/textured.obj,official_ycb_download,1000,/content/drive/MyDrive/PointNet_APS_Project_V2/data/ycb28/generated_pointclouds_bbox_norm/sphere/015_peach/015_peach_sample_14.csv,2,2,sphere,sphere,0.9609602,True,mixed_trained_xyz,3,ycb28
/content/pointnetpp_xyz_cache/ycb28_test/sphere/015_peach_sample_15.csv,015_peach,sphere,2,15,ycb28,ycb28_test,/content/drive/MyDrive/PointNet_APS_Project_V2/data/ycb28/extracted_models/015_peach/015_peach/google_16k/textured.obj,official_ycb_download,1000,/content/drive/MyDrive/PointNet_APS_Project_V2/data/ycb28/generated_pointclouds_bbox_norm/sphere/015_peach/015_peach_sample_15.csv,2,2,sphere,sphere,0.9593309,True,mixed_trained_xyz,3,ycb28
/content/pointnetpp_xyz_cache/ycb28_test/sphere/015_peach_sample_16.csv,015_peach,sphere,2,16,ycb28,ycb28_test,/content/drive/MyDrive/PointNet_APS_Project_V2/data/ycb28/extracted_models/015_peach/015_peach/google_16k/textured.obj,official_ycb_download,1000,/content/drive/MyDrive/PointNet_APS_Project_V2/data/ycb28/generated_pointclouds_bbox_norm/sphere/015_peach/015_peach_sample_16.csv,2,2,sphere,sphere,0.96981376,True,mixed_trained_xyz,3,ycb28
/content/pointnetpp_xyz_cache/ycb28_test/sphere/015_peach_sample_17.csv,015_peach,sphere,2,17,ycb28,ycb28_test,/content/drive/MyDrive/PointNet_APS_Project_V2/data/ycb28/extracted_models/015_peach/015_peach/google_16k/textured.obj,official_ycb_download,1000,/content/drive/MyDrive/PointNet_APS_Project_V2/data/ycb28/generated_pointclouds_bbox_norm/sphere/015_peach/015_peach_sample_17.csv,2,2,sphere,sphere,0.96500176,True,mixed_trained_xyz,3,ycb28
/content/pointnetpp_xyz_cache/ycb28_test/sphere/015_peach_sample_18.csv,015_peach,sphere,2,18,ycb28,ycb28_test,/content/drive/MyDrive/PointNet_APS_Project_V2/data/ycb28/extracted_models/015_peach/015_peach/google_16k/textured.obj,official_ycb_download,1000,/content/drive/MyDrive/PointNet_APS_Project_V2/data/ycb28/generated_pointclouds_bbox_norm/sphere/015_peach/015_peach_sample_18.csv,2,2,sphere,sphere,0.9632647,True,mixed_trained_xyz,3,ycb28
/content/pointnetpp_xyz_cache/ycb28_test/sphere/015_peach_sample_19.csv,015_peach,sphere,2,19,ycb28,ycb28_test,/content/drive/MyDrive/PointNet_APS_Project_V2/data/ycb28/extracted_models/015_peach/015_peach/google_16k/textured.obj,official_ycb_download,1000,/content/drive/MyDrive/PointNet_APS_Project_V2/data/ycb28/generated_pointclouds_bbox_norm/sphere/015_peach/015_peach_sample_19.csv,2,2,sphere,sphere,0.96207863,True,mixed_trained_xyz,3,ycb28
/content/pointnetpp_xyz_cache/ycb28_test/sphere/017_orange_sample_00.csv,017_orange,sphere,2,0,ycb28,ycb28_test,/content/drive/MyDrive/PointNet_APS_Project_V2/data/ycb28/extracted_models/017_orange/017_orange/google_16k/textured.obj,official_ycb_download,1000,/content/drive/MyDrive/PointNet_APS_Project_V2/data/ycb28/generated_pointclouds_bbox_norm/sphere/017_orange/017_orange_sample_00.csv,2,2,sphere,sphere,0.9665092,True,mixed_trained_xyz,3,ycb28
/content/pointnetpp_xyz_cache/ycb28_test/sphere/017_orange_sample_01.csv,017_orange,sphere,2,1,ycb28,ycb28_test,/content/drive/MyDrive/PointNet_APS_Project_V2/data/ycb28/extracted_models/017_orange/017_orange/google_16k/textured.obj,official_ycb_download,1000,/content/drive/MyDrive/PointNet_APS_Project_V2/data/ycb28/generated_pointclouds_bbox_norm/sphere/017_orange/017_orange_sample_01.csv,2,2,sphere,sphere,0.96391153,True,mixed_trained_xyz,3,ycb28
/content/pointnetpp_xyz_cache/ycb28_test/sphere/017_orange_sample_02.csv,017_orange,sphere,2,2,ycb28,ycb28_test,/content/drive/MyDrive/PointNet_APS_Project_V2/data/ycb28/extracted_models/017_orange/017_orange/google_16k/textured.obj,official_ycb_download,1000,/content/drive/MyDrive/PointNet_APS_Project_V2/data/ycb28/generated_pointclouds_bbox_norm/sphere/017_orange/017_orange_sample_02.csv,2,2,sphere,sphere,0.96064615,True,mixed_trained_xyz,3,ycb28
/content/pointnetpp_xyz_cache/ycb28_test/sphere/017_orange_sample_03.csv,017_orange,sphere,2,3,ycb28,ycb28_test,/content/drive/MyDrive/PointNet_APS_Project_V2/data/ycb28/extracted_models/017_orange/017_orange/google_16k/textured.obj,official_ycb_download,1000,/content/drive/MyDrive/PointNet_APS_Project_V2/data/ycb28/generated_pointclouds_bbox_norm/sphere/017_orange/017_orange_sample_03.csv,2,2,sphere,sphere,0.96078664,True,mixed_trained_xyz,3,ycb28
/content/pointnetpp_xyz_cache/ycb28_test/sphere/017_orange_sample_04.csv,017_orange,sphere,2,4,ycb28,ycb28_test,/content/drive/MyDrive/PointNet_APS_Project_V2/data/ycb28/extracted_models/017_orange/017_orange/google_16k/textured.obj,official_ycb_download,1000,/content/drive/MyDrive/PointNet_APS_Project_V2/data/ycb28/generated_pointclouds_bbox_norm/sphere/017_orange/017_orange_sample_04.csv,2,2,sphere,sphere,0.96482575,True,mixed_trained_xyz,3,ycb28
/content/pointnetpp_xyz_cache/ycb28_test/sphere/017_orange_sample_05.csv,017_orange,sphere,2,5,ycb28,ycb28_test,/content/drive/MyDrive/PointNet_APS_Project_V2/data/ycb28/extracted_models/017_orange/017_orange/google_16k/textured.obj,official_ycb_download,1000,/content/drive/MyDrive/PointNet_APS_Project_V2/data/ycb28/generated_pointclouds_bbox_norm/sphere/017_orange/017_orange_sample_05.csv,2,2,sphere,sphere,0.96553105,True,mixed_trained_xyz,3,ycb28
/content/pointnetpp_xyz_cache/ycb28_test/sphere/017_orange_sample_06.csv,017_orange,sphere,2,6,ycb28,ycb28_test,/content/drive/MyDrive/PointNet_APS_Project_V2/data/ycb28/extracted_models/017_orange/017_orange/google_16k/textured.obj,official_ycb_download,1000,/content/drive/MyDrive/PointNet_APS_Project_V2/data/ycb28/generated_pointclouds_bbox_norm/sphere/017_orange/017_orange_sample_06.csv,2,2,sphere,sphere,0.9626072,True,mixed_trained_xyz,3,ycb28
/content/pointnetpp_xyz_cache/ycb28_test/sphere/017_orange_sample_07.csv,017_orange,sphere,2,7,ycb28,ycb28_test,/content/drive/MyDrive/PointNet_APS_Project_V2/data/ycb28/extracted_models/017_orange/017_orange/google_16k/textured.obj,official_ycb_download,1000,/content/drive/MyDrive/PointNet_APS_Project_V2/data/ycb28/generated_pointclouds_bbox_norm/sphere/017_orange/017_orange_sample_07.csv,2,2,sphere,sphere,0.96193975,True,mixed_trained_xyz,3,ycb28
/content/pointnetpp_xyz_cache/ycb28_test/sphere/017_orange_sample_08.csv,017_orange,sphere,2,8,ycb28,ycb28_test,/content/drive/MyDrive/PointNet_APS_Project_V2/data/ycb28/extracted_models/017_orange/017_orange/google_16k/textured.obj,official_ycb_download,1000,/content/drive/MyDrive/PointNet_APS_Project_V2/data/ycb28/generated_pointclouds_bbox_norm/sphere/017_orange/017_orange_sample_08.csv,2,2,sphere,sphere,0.96885353,True,mixed_trained_xyz,3,ycb28
/content/pointnetpp_xyz_cache/ycb28_test/sphere/017_orange_sample_09.csv,017_orange,sphere,2,9,ycb28,ycb28_test,/content/drive/MyDrive/PointNet_APS_Project_V2/data/ycb28/extracted_models/017_orange/017_orange/google_16k/textured.obj,official_ycb_download,1000,/content/drive/MyDrive/PointNet_APS_Project_V2/data/ycb28/generated_pointclouds_bbox_norm/sphere/017_orange/017_orange_sample_09.csv,2,2,sphere,sphere,0.9601457,True,mixed_trained_xyz,3,ycb28
/content/pointnetpp_xyz_cache/ycb28_test/sphere/017_orange_sample_10.csv,017_orange,sphere,2,10,ycb28,ycb28_test,/content/drive/MyDrive/PointNet_APS_Project_V2/data/ycb28/extracted_models/017_orange/017_orange/google_16k/textured.obj,official_ycb_download,1000,/content/drive/MyDrive/PointNet_APS_Project_V2/data/ycb28/generated_pointclouds_bbox_norm/sphere/017_orange/017_orange_sample_10.csv,2,2,sphere,sphere,0.96229774,True,mixed_trained_xyz,3,ycb28
/content/pointnetpp_xyz_cache/ycb28_test/sphere/017_orange_sample_11.csv,017_orange,sphere,2,11,ycb28,ycb28_test,/content/drive/MyDrive/PointNet_APS_Project_V2/data/ycb28/extracted_models/017_orange/017_orange/google_16k/textured.obj,official_ycb_download,1000,/content/drive/MyDrive/PointNet_APS_Project_V2/data/ycb28/generated_pointclouds_bbox_norm/sphere/017_orange/017_orange_sample_11.csv,2,2,sphere,sphere,0.96556413,True,mixed_trained_xyz,3,ycb28
/content/pointnetpp_xyz_cache/ycb28_test/sphere/017_orange_sample_12.csv,017_orange,sphere,2,12,ycb28,ycb28_test,/content/drive/MyDrive/PointNet_APS_Project_V2/data/ycb28/extracted_models/017_orange/017_orange/google_16k/textured.obj,official_ycb_download,1000,/content/drive/MyDrive/PointNet_APS_Project_V2/data/ycb28/generated_pointclouds_bbox_norm/sphere/017_orange/017_orange_sample_12.csv,2,2,sphere,sphere,0.9644863,True,mixed_trained_xyz,3,ycb28
/content/pointnetpp_xyz_cache/ycb28_test/sphere/017_orange_sample_13.csv,017_orange,sphere,2,13,ycb28,ycb28_test,/content/drive/MyDrive/PointNet_APS_Project_V2/data/ycb28/extracted_models/017_orange/017_orange/google_16k/textured.obj,official_ycb_download,1000,/content/drive/MyDrive/PointNet_APS_Project_V2/data/ycb28/generated_pointclouds_bbox_norm/sphere/017_orange/017_orange_sample_13.csv,2,2,sphere,sphere,0.9552282,True,mixed_trained_xyz,3,ycb28
/content/pointnetpp_xyz_cache/ycb28_test/sphere/017_orange_sample_14.csv,017_orange,sphere,2,14,ycb28,ycb28_test,/content/drive/MyDrive/PointNet_APS_Project_V2/data/ycb28/extracted_models/017_orange/017_orange/google_16k/textured.obj,official_ycb_download,1000,/content/drive/MyDrive/PointNet_APS_Project_V2/data/ycb28/generated_pointclouds_bbox_norm/sphere/017_orange/017_orange_sample_14.csv,2,2,sphere,sphere,0.9688562,True,mixed_trained_xyz,3,ycb28
/content/pointnetpp_xyz_cache/ycb28_test/sphere/017_orange_sample_15.csv,017_orange,sphere,2,15,ycb28,ycb28_test,/content/drive/MyDrive/PointNet_APS_Project_V2/data/ycb28/extracted_models/017_orange/017_orange/google_16k/textured.obj,official_ycb_download,1000,/content/drive/MyDrive/PointNet_APS_Project_V2/data/ycb28/generated_pointclouds_bbox_norm/sphere/017_orange/017_orange_sample_15.csv,2,2,sphere,sphere,0.96534073,True,mixed_trained_xyz,3,ycb28
/content/pointnetpp_xyz_cache/ycb28_test/sphere/017_orange_sample_16.csv,017_orange,sphere,2,16,ycb28,ycb28_test,/content/drive/MyDrive/PointNet_APS_Project_V2/data/ycb28/extracted_models/017_orange/017_orange/google_16k/textured.obj,official_ycb_download,1000,/content/drive/MyDrive/PointNet_APS_Project_V2/data/ycb28/generated_pointclouds_bbox_norm/sphere/017_orange/017_orange_sample_16.csv,2,2,sphere,sphere,0.96170574,True,mixed_trained_xyz,3,ycb28
/content/pointnetpp_xyz_cache/ycb28_test/sphere/017_orange_sample_17.csv,017_orange,sphere,2,17,ycb28,ycb28_test,/content/drive/MyDrive/PointNet_APS_Project_V2/data/ycb28/extracted_models/017_orange/017_orange/google_16k/textured.obj,official_ycb_download,1000,/content/drive/MyDrive/PointNet_APS_Project_V2/data/ycb28/generated_pointclouds_bbox_norm/sphere/017_orange/017_orange_sample_17.csv,2,2,sphere,sphere,0.9620557,True,mixed_trained_xyz,3,ycb28
/content/pointnetpp_xyz_cache/ycb28_test/sphere/017_orange_sample_18.csv,017_orange,sphere,2,18,ycb28,ycb28_test,/content/drive/MyDrive/PointNet_APS_Project_V2/data/ycb28/extracted_models/017_orange/017_orange/google_16k/textured.obj,official_ycb_download,1000,/content/drive/MyDrive/PointNet_APS_Project_V2/data/ycb28/generated_pointclouds_bbox_norm/sphere/017_orange/017_orange_sample_18.csv,2,2,sphere,sphere,0.9666148,True,mixed_trained_xyz,3,ycb28
/content/pointnetpp_xyz_cache/ycb28_test/sphere/017_orange_sample_19.csv,017_orange,sphere,2,19,ycb28,ycb28_test,/content/drive/MyDrive/PointNet_APS_Project_V2/data/ycb28/extracted_models/017_orange/017_orange/google_16k/textured.obj,official_ycb_download,1000,/content/drive/MyDrive/PointNet_APS_Project_V2/data/ycb28/generated_pointclouds_bbox_norm/sphere/017_orange/017_orange_sample_19.csv,2,2,sphere,sphere,0.9570002,True,mixed_trained_xyz,3,ycb28
/content/pointnetpp_xyz_cache/ycb28_test/sphere/018_plum_sample_00.csv,018_plum,sphere,2,0,ycb28,ycb28_test,/content/drive/MyDrive/PointNet_APS_Project_V2/data/ycb28/extracted_models/018_plum/018_plum/google_16k/textured.obj,official_ycb_download,1000,/content/drive/MyDrive/PointNet_APS_Project_V2/data/ycb28/generated_pointclouds_bbox_norm/sphere/018_plum/018_plum_sample_00.csv,2,2,sphere,sphere,0.96126246,True,mixed_trained_xyz,3,ycb28
/content/pointnetpp_xyz_cache/ycb28_test/sphere/018_plum_sample_01.csv,018_plum,sphere,2,1,ycb28,ycb28_test,/content/drive/MyDrive/PointNet_APS_Project_V2/data/ycb28/extracted_models/018_plum/018_plum/google_16k/textured.obj,official_ycb_download,1000,/content/drive/MyDrive/PointNet_APS_Project_V2/data/ycb28/generated_pointclouds_bbox_norm/sphere/018_plum/018_plum_sample_01.csv,2,2,sphere,sphere,0.96423787,True,mixed_trained_xyz,3,ycb28
/content/pointnetpp_xyz_cache/ycb28_test/sphere/018_plum_sample_02.csv,018_plum,sphere,2,2,ycb28,ycb28_test,/content/drive/MyDrive/PointNet_APS_Project_V2/data/ycb28/extracted_models/018_plum/018_plum/google_16k/textured.obj,official_ycb_download,1000,/content/drive/MyDrive/PointNet_APS_Project_V2/data/ycb28/generated_pointclouds_bbox_norm/sphere/018_plum/018_plum_sample_02.csv,2,2,sphere,sphere,0.9592649,True,mixed_trained_xyz,3,ycb28
/content/pointnetpp_xyz_cache/ycb28_test/sphere/018_plum_sample_03.csv,018_plum,sphere,2,3,ycb28,ycb28_test,/content/drive/MyDrive/PointNet_APS_Project_V2/data/ycb28/extracted_models/018_plum/018_plum/google_16k/textured.obj,official_ycb_download,1000,/content/drive/MyDrive/PointNet_APS_Project_V2/data/ycb28/generated_pointclouds_bbox_norm/sphere/018_plum/018_plum_sample_03.csv,2,2,sphere,sphere,0.9718493,True,mixed_trained_xyz,3,ycb28
/content/pointnetpp_xyz_cache/ycb28_test/sphere/018_plum_sample_04.csv,018_plum,sphere,2,4,ycb28,ycb28_test,/content/drive/MyDrive/PointNet_APS_Project_V2/data/ycb28/extracted_models/018_plum/018_plum/google_16k/textured.obj,official_ycb_download,1000,/content/drive/MyDrive/PointNet_APS_Project_V2/data/ycb28/generated_pointclouds_bbox_norm/sphere/018_plum/018_plum_sample_04.csv,2,2,sphere,sphere,0.9578544,True,mixed_trained_xyz,3,ycb28
/content/pointnetpp_xyz_cache/ycb28_test/sphere/018_plum_sample_05.csv,018_plum,sphere,2,5,ycb28,ycb28_test,/content/drive/MyDrive/PointNet_APS_Project_V2/data/ycb28/extracted_models/018_plum/018_plum/google_16k/textured.obj,official_ycb_download,1000,/content/drive/MyDrive/PointNet_APS_Project_V2/data/ycb28/generated_pointclouds_bbox_norm/sphere/018_plum/018_plum_sample_05.csv,2,2,sphere,sphere,0.96386147,True,mixed_trained_xyz,3,ycb28
/content/pointnetpp_xyz_cache/ycb28_test/sphere/018_plum_sample_06.csv,018_plum,sphere,2,6,ycb28,ycb28_test,/content/drive/MyDrive/PointNet_APS_Project_V2/data/ycb28/extracted_models/018_plum/018_plum/google_16k/textured.obj,official_ycb_download,1000,/content/drive/MyDrive/PointNet_APS_Project_V2/data/ycb28/generated_pointclouds_bbox_norm/sphere/018_plum/018_plum_sample_06.csv,2,2,sphere,sphere,0.9654488,True,mixed_trained_xyz,3,ycb28
/content/pointnetpp_xyz_cache/ycb28_test/sphere/018_plum_sample_07.csv,018_plum,sphere,2,7,ycb28,ycb28_test,/content/drive/MyDrive/PointNet_APS_Project_V2/data/ycb28/extracted_models/018_plum/018_plum/google_16k/textured.obj,official_ycb_download,1000,/content/drive/MyDrive/PointNet_APS_Project_V2/data/ycb28/generated_pointclouds_bbox_norm/sphere/018_plum/018_plum_sample_07.csv,2,2,sphere,sphere,0.95670754,True,mixed_trained_xyz,3,ycb28
/content/pointnetpp_xyz_cache/ycb28_test/sphere/018_plum_sample_08.csv,018_plum,sphere,2,8,ycb28,ycb28_test,/content/drive/MyDrive/PointNet_APS_Project_V2/data/ycb28/extracted_models/018_plum/018_plum/google_16k/textured.obj,official_ycb_download,1000,/content/drive/MyDrive/PointNet_APS_Project_V2/data/ycb28/generated_pointclouds_bbox_norm/sphere/018_plum/018_plum_sample_08.csv,2,2,sphere,sphere,0.96166986,True,mixed_trained_xyz,3,ycb28
/content/pointnetpp_xyz_cache/ycb28_test/sphere/018_plum_sample_09.csv,018_plum,sphere,2,9,ycb28,ycb28_test,/content/drive/MyDrive/PointNet_APS_Project_V2/data/ycb28/extracted_models/018_plum/018_plum/google_16k/textured.obj,official_ycb_download,1000,/content/drive/MyDrive/PointNet_APS_Project_V2/data/ycb28/generated_pointclouds_bbox_norm/sphere/018_plum/018_plum_sample_09.csv,2,2,sphere,sphere,0.96862954,True,mixed_trained_xyz,3,ycb28
/content/pointnetpp_xyz_cache/ycb28_test/sphere/018_plum_sample_10.csv,018_plum,sphere,2,10,ycb28,ycb28_test,/content/drive/MyDrive/PointNet_APS_Project_V2/data/ycb28/extracted_models/018_plum/018_plum/google_16k/textured.obj,official_ycb_download,1000,/content/drive/MyDrive/PointNet_APS_Project_V2/data/ycb28/generated_pointclouds_bbox_norm/sphere/018_plum/018_plum_sample_10.csv,2,2,sphere,sphere,0.964451,True,mixed_trained_xyz,3,ycb28
/content/pointnetpp_xyz_cache/ycb28_test/sphere/018_plum_sample_11.csv,018_plum,sphere,2,11,ycb28,ycb28_test,/content/drive/MyDrive/PointNet_APS_Project_V2/data/ycb28/extracted_models/018_plum/018_plum/google_16k/textured.obj,official_ycb_download,1000,/content/drive/MyDrive/PointNet_APS_Project_V2/data/ycb28/generated_pointclouds_bbox_norm/sphere/018_plum/018_plum_sample_11.csv,2,2,sphere,sphere,0.96428144,True,mixed_trained_xyz,3,ycb28
/content/pointnetpp_xyz_cache/ycb28_test/sphere/018_plum_sample_12.csv,018_plum,sphere,2,12,ycb28,ycb28_test,/content/drive/MyDrive/PointNet_APS_Project_V2/data/ycb28/extracted_models/018_plum/018_plum/google_16k/textured.obj,official_ycb_download,1000,/content/drive/MyDrive/PointNet_APS_Project_V2/data/ycb28/generated_pointclouds_bbox_norm/sphere/018_plum/018_plum_sample_12.csv,2,2,sphere,sphere,0.9675115,True,mixed_trained_xyz,3,ycb28
/content/pointnetpp_xyz_cache/ycb28_test/sphere/018_plum_sample_13.csv,018_plum,sphere,2,13,ycb28,ycb28_test,/content/drive/MyDrive/PointNet_APS_Project_V2/data/ycb28/extracted_models/018_plum/018_plum/google_16k/textured.obj,official_ycb_download,1000,/content/drive/MyDrive/PointNet_APS_Project_V2/data/ycb28/generated_pointclouds_bbox_norm/sphere/018_plum/018_plum_sample_13.csv,2,2,sphere,sphere,0.96542203,True,mixed_trained_xyz,3,ycb28
/content/pointnetpp_xyz_cache/ycb28_test/sphere/018_plum_sample_14.csv,018_plum,sphere,2,14,ycb28,ycb28_test,/content/drive/MyDrive/PointNet_APS_Project_V2/data/ycb28/extracted_models/018_plum/018_plum/google_16k/textured.obj,official_ycb_download,1000,/content/drive/MyDrive/PointNet_APS_Project_V2/data/ycb28/generated_pointclouds_bbox_norm/sphere/018_plum/018_plum_sample_14.csv,2,2,sphere,sphere,0.9570908,True,mixed_trained_xyz,3,ycb28
/content/pointnetpp_xyz_cache/ycb28_test/sphere/018_plum_sample_15.csv,018_plum,sphere,2,15,ycb28,ycb28_test,/content/drive/MyDrive/PointNet_APS_Project_V2/data/ycb28/extracted_models/018_plum/018_plum/google_16k/textured.obj,official_ycb_download,1000,/content/drive/MyDrive/PointNet_APS_Project_V2/data/ycb28/generated_pointclouds_bbox_norm/sphere/018_plum/018_plum_sample_15.csv,2,2,sphere,sphere,0.96355414,True,mixed_trained_xyz,3,ycb28
/content/pointnetpp_xyz_cache/ycb28_test/sphere/018_plum_sample_16.csv,018_plum,sphere,2,16,ycb28,ycb28_test,/content/drive/MyDrive/PointNet_APS_Project_V2/data/ycb28/extracted_models/018_plum/018_plum/google_16k/textured.obj,official_ycb_download,1000,/content/drive/MyDrive/PointNet_APS_Project_V2/data/ycb28/generated_pointclouds_bbox_norm/sphere/018_plum/018_plum_sample_16.csv,2,2,sphere,sphere,0.9579677,True,mixed_trained_xyz,3,ycb28
/content/pointnetpp_xyz_cache/ycb28_test/sphere/018_plum_sample_17.csv,018_plum,sphere,2,17,ycb28,ycb28_test,/content/drive/MyDrive/PointNet_APS_Project_V2/data/ycb28/extracted_models/018_plum/018_plum/google_16k/textured.obj,official_ycb_download,1000,/content/drive/MyDrive/PointNet_APS_Project_V2/data/ycb28/generated_pointclouds_bbox_norm/sphere/018_plum/018_plum_sample_17.csv,2,2,sphere,sphere,0.96368676,True,mixed_trained_xyz,3,ycb28
/content/pointnetpp_xyz_cache/ycb28_test/sphere/018_plum_sample_18.csv,018_plum,sphere,2,18,ycb28,ycb28_test,/content/drive/MyDrive/PointNet_APS_Project_V2/data/ycb28/extracted_models/018_plum/018_plum/google_16k/textured.obj,official_ycb_download,1000,/content/drive/MyDrive/PointNet_APS_Project_V2/data/ycb28/generated_pointclouds_bbox_norm/sphere/018_plum/018_plum_sample_18.csv,2,2,sphere,sphere,0.9617409,True,mixed_trained_xyz,3,ycb28
/content/pointnetpp_xyz_cache/ycb28_test/sphere/018_plum_sample_19.csv,018_plum,sphere,2,19,ycb28,ycb28_test,/content/drive/MyDrive/PointNet_APS_Project_V2/data/ycb28/extracted_models/018_plum/018_plum/google_16k/textured.obj,official_ycb_download,1000,/content/drive/MyDrive/PointNet_APS_Project_V2/data/ycb28/generated_pointclouds_bbox_norm/sphere/018_plum/018_plum_sample_19.csv,2,2,sphere,sphere,0.9560383,True,mixed_trained_xyz,3,ycb28
/content/pointnetpp_xyz_cache/ycb28_test/sphere/054_softball_sample_00.csv,054_softball,sphere,2,0,ycb28,ycb28_test,/content/drive/MyDrive/PointNet_APS_Project_V2/data/ycb28/extracted_models/054_softball/054_softball/google_16k/textured.obj,official_ycb_download,1000,/content/drive/MyDrive/PointNet_APS_Project_V2/data/ycb28/generated_pointclouds_bbox_norm/sphere/054_softball/054_softball_sample_00.csv,2,2,sphere,sphere,0.96401036,True,mixed_trained_xyz,3,ycb28
/content/pointnetpp_xyz_cache/ycb28_test/sphere/054_softball_sample_01.csv,054_softball,sphere,2,1,ycb28,ycb28_test,/content/drive/MyDrive/PointNet_APS_Project_V2/data/ycb28/extracted_models/054_softball/054_softball/google_16k/textured.obj,official_ycb_download,1000,/content/drive/MyDrive/PointNet_APS_Project_V2/data/ycb28/generated_pointclouds_bbox_norm/sphere/054_softball/054_softball_sample_01.csv,2,2,sphere,sphere,0.9699793,True,mixed_trained_xyz,3,ycb28
/content/pointnetpp_xyz_cache/ycb28_test/sphere/054_softball_sample_02.csv,054_softball,sphere,2,2,ycb28,ycb28_test,/content/drive/MyDrive/PointNet_APS_Project_V2/data/ycb28/extracted_models/054_softball/054_softball/google_16k/textured.obj,official_ycb_download,1000,/content/drive/MyDrive/PointNet_APS_Project_V2/data/ycb28/generated_pointclouds_bbox_norm/sphere/054_softball/054_softball_sample_02.csv,2,2,sphere,sphere,0.96796495,True,mixed_trained_xyz,3,ycb28
/content/pointnetpp_xyz_cache/ycb28_test/sphere/054_softball_sample_03.csv,054_softball,sphere,2,3,ycb28,ycb28_test,/content/drive/MyDrive/PointNet_APS_Project_V2/data/ycb28/extracted_models/054_softball/054_softball/google_16k/textured.obj,official_ycb_download,1000,/content/drive/MyDrive/PointNet_APS_Project_V2/data/ycb28/generated_pointclouds_bbox_norm/sphere/054_softball/054_softball_sample_03.csv,2,2,sphere,sphere,0.9603548,True,mixed_trained_xyz,3,ycb28
/content/pointnetpp_xyz_cache/ycb28_test/sphere/054_softball_sample_04.csv,054_softball,sphere,2,4,ycb28,ycb28_test,/content/drive/MyDrive/PointNet_APS_Project_V2/data/ycb28/extracted_models/054_softball/054_softball/google_16k/textured.obj,official_ycb_download,1000,/content/drive/MyDrive/PointNet_APS_Project_V2/data/ycb28/generated_pointclouds_bbox_norm/sphere/054_softball/054_softball_sample_04.csv,2,2,sphere,sphere,0.9644771,True,mixed_trained_xyz,3,ycb28
/content/pointnetpp_xyz_cache/ycb28_test/sphere/054_softball_sample_05.csv,054_softball,sphere,2,5,ycb28,ycb28_test,/content/drive/MyDrive/PointNet_APS_Project_V2/data/ycb28/extracted_models/054_softball/054_softball/google_16k/textured.obj,official_ycb_download,1000,/content/drive/MyDrive/PointNet_APS_Project_V2/data/ycb28/generated_pointclouds_bbox_norm/sphere/054_softball/054_softball_sample_05.csv,2,2,sphere,sphere,0.96742624,True,mixed_trained_xyz,3,ycb28
/content/pointnetpp_xyz_cache/ycb28_test/sphere/054_softball_sample_06.csv,054_softball,sphere,2,6,ycb28,ycb28_test,/content/drive/MyDrive/PointNet_APS_Project_V2/data/ycb28/extracted_models/054_softball/054_softball/google_16k/textured.obj,official_ycb_download,1000,/content/drive/MyDrive/PointNet_APS_Project_V2/data/ycb28/generated_pointclouds_bbox_norm/sphere/054_softball/054_softball_sample_06.csv,2,2,sphere,sphere,0.96038985,True,mixed_trained_xyz,3,ycb28
/content/pointnetpp_xyz_cache/ycb28_test/sphere/054_softball_sample_07.csv,054_softball,sphere,2,7,ycb28,ycb28_test,/content/drive/MyDrive/PointNet_APS_Project_V2/data/ycb28/extracted_models/054_softball/054_softball/google_16k/textured.obj,official_ycb_download,1000,/content/drive/MyDrive/PointNet_APS_Project_V2/data/ycb28/generated_pointclouds_bbox_norm/sphere/054_softball/054_softball_sample_07.csv,2,2,sphere,sphere,0.9664165,True,mixed_trained_xyz,3,ycb28
/content/pointnetpp_xyz_cache/ycb28_test/sphere/054_softball_sample_08.csv,054_softball,sphere,2,8,ycb28,ycb28_test,/content/drive/MyDrive/PointNet_APS_Project_V2/data/ycb28/extracted_models/054_softball/054_softball/google_16k/textured.obj,official_ycb_download,1000,/content/drive/MyDrive/PointNet_APS_Project_V2/data/ycb28/generated_pointclouds_bbox_norm/sphere/054_softball/054_softball_sample_08.csv,2,2,sphere,sphere,0.96458936,True,mixed_trained_xyz,3,ycb28
/content/pointnetpp_xyz_cache/ycb28_test/sphere/054_softball_sample_09.csv,054_softball,sphere,2,9,ycb28,ycb28_test,/content/drive/MyDrive/PointNet_APS_Project_V2/data/ycb28/extracted_models/054_softball/054_softball/google_16k/textured.obj,official_ycb_download,1000,/content/drive/MyDrive/PointNet_APS_Project_V2/data/ycb28/generated_pointclouds_bbox_norm/sphere/054_softball/054_softball_sample_09.csv,2,2,sphere,sphere,0.96290433,True,mixed_trained_xyz,3,ycb28
/content/pointnetpp_xyz_cache/ycb28_test/sphere/054_softball_sample_10.csv,054_softball,sphere,2,10,ycb28,ycb28_test,/content/drive/MyDrive/PointNet_APS_Project_V2/data/ycb28/extracted_models/054_softball/054_softball/google_16k/textured.obj,official_ycb_download,1000,/content/drive/MyDrive/PointNet_APS_Project_V2/data/ycb28/generated_pointclouds_bbox_norm/sphere/054_softball/054_softball_sample_10.csv,2,2,sphere,sphere,0.9646287,True,mixed_trained_xyz,3,ycb28
/content/pointnetpp_xyz_cache/ycb28_test/sphere/054_softball_sample_11.csv,054_softball,sphere,2,11,ycb28,ycb28_test,/content/drive/MyDrive/PointNet_APS_Project_V2/data/ycb28/extracted_models/054_softball/054_softball/google_16k/textured.obj,official_ycb_download,1000,/content/drive/MyDrive/PointNet_APS_Project_V2/data/ycb28/generated_pointclouds_bbox_norm/sphere/054_softball/054_softball_sample_11.csv,2,2,sphere,sphere,0.959228,True,mixed_trained_xyz,3,ycb28
/content/pointnetpp_xyz_cache/ycb28_test/sphere/054_softball_sample_12.csv,054_softball,sphere,2,12,ycb28,ycb28_test,/content/drive/MyDrive/PointNet_APS_Project_V2/data/ycb28/extracted_models/054_softball/054_softball/google_16k/textured.obj,official_ycb_download,1000,/content/drive/MyDrive/PointNet_APS_Project_V2/data/ycb28/generated_pointclouds_bbox_norm/sphere/054_softball/054_softball_sample_12.csv,2,2,sphere,sphere,0.96566206,True,mixed_trained_xyz,3,ycb28
/content/pointnetpp_xyz_cache/ycb28_test/sphere/054_softball_sample_13.csv,054_softball,sphere,2,13,ycb28,ycb28_test,/content/drive/MyDrive/PointNet_APS_Project_V2/data/ycb28/extracted_models/054_softball/054_softball/google_16k/textured.obj,official_ycb_download,1000,/content/drive/MyDrive/PointNet_APS_Project_V2/data/ycb28/generated_pointclouds_bbox_norm/sphere/054_softball/054_softball_sample_13.csv,2,2,sphere,sphere,0.9609714,True,mixed_trained_xyz,3,ycb28
/content/pointnetpp_xyz_cache/ycb28_test/sphere/054_softball_sample_14.csv,054_softball,sphere,2,14,ycb28,ycb28_test,/content/drive/MyDrive/PointNet_APS_Project_V2/data/ycb28/extracted_models/054_softball/054_softball/google_16k/textured.obj,official_ycb_download,1000,/content/drive/MyDrive/PointNet_APS_Project_V2/data/ycb28/generated_pointclouds_bbox_norm/sphere/054_softball/054_softball_sample_14.csv,2,2,sphere,sphere,0.96422446,True,mixed_trained_xyz,3,ycb28
/content/pointnetpp_xyz_cache/ycb28_test/sphere/054_softball_sample_15.csv,054_softball,sphere,2,15,ycb28,ycb28_test,/content/drive/MyDrive/PointNet_APS_Project_V2/data/ycb28/extracted_models/054_softball/054_softball/google_16k/textured.obj,official_ycb_download,1000,/content/drive/MyDrive/PointNet_APS_Project_V2/data/ycb28/generated_pointclouds_bbox_norm/sphere/054_softball/054_softball_sample_15.csv,2,2,sphere,sphere,0.96788514,True,mixed_trained_xyz,3,ycb28
/content/pointnetpp_xyz_cache/ycb28_test/sphere/054_softball_sample_16.csv,054_softball,sphere,2,16,ycb28,ycb28_test,/content/drive/MyDrive/PointNet_APS_Project_V2/data/ycb28/extracted_models/054_softball/054_softball/google_16k/textured.obj,official_ycb_download,1000,/content/drive/MyDrive/PointNet_APS_Project_V2/data/ycb28/generated_pointclouds_bbox_norm/sphere/054_softball/054_softball_sample_16.csv,2,2,sphere,sphere,0.95807284,True,mixed_trained_xyz,3,ycb28
/content/pointnetpp_xyz_cache/ycb28_test/sphere/054_softball_sample_17.csv,054_softball,sphere,2,17,ycb28,ycb28_test,/content/drive/MyDrive/PointNet_APS_Project_V2/data/ycb28/extracted_models/054_softball/054_softball/google_16k/textured.obj,official_ycb_download,1000,/content/drive/MyDrive/PointNet_APS_Project_V2/data/ycb28/generated_pointclouds_bbox_norm/sphere/054_softball/054_softball_sample_17.csv,2,2,sphere,sphere,0.9657033,True,mixed_trained_xyz,3,ycb28
/content/pointnetpp_xyz_cache/ycb28_test/sphere/054_softball_sample_18.csv,054_softball,sphere,2,18,ycb28,ycb28_test,/content/drive/MyDrive/PointNet_APS_Project_V2/data/ycb28/extracted_models/054_softball/054_softball/google_16k/textured.obj,official_ycb_download,1000,/content/drive/MyDrive/PointNet_APS_Project_V2/data/ycb28/generated_pointclouds_bbox_norm/sphere/054_softball/054_softball_sample_18.csv,2,2,sphere,sphere,0.96198255,True,mixed_trained_xyz,3,ycb28
/content/pointnetpp_xyz_cache/ycb28_test/sphere/054_softball_sample_19.csv,054_softball,sphere,2,19,ycb28,ycb28_test,/content/drive/MyDrive/PointNet_APS_Project_V2/data/ycb28/extracted_models/054_softball/054_softball/google_16k/textured.obj,official_ycb_download,1000,/content/drive/MyDrive/PointNet_APS_Project_V2/data/ycb28/generated_pointclouds_bbox_norm/sphere/054_softball/054_softball_sample_19.csv,2,2,sphere,sphere,0.9602717,True,mixed_trained_xyz,3,ycb28
/content/pointnetpp_xyz_cache/ycb28_test/sphere/055_baseball_sample_00.csv,055_baseball,sphere,2,0,ycb28,ycb28_test,/content/drive/MyDrive/PointNet_APS_Project_V2/data/ycb28/extracted_models/055_baseball/055_baseball/google_16k/textured.obj,official_ycb_download,1000,/content/drive/MyDrive/PointNet_APS_Project_V2/data/ycb28/generated_pointclouds_bbox_norm/sphere/055_baseball/055_baseball_sample_00.csv,2,2,sphere,sphere,0.9667145,True,mixed_trained_xyz,3,ycb28
/content/pointnetpp_xyz_cache/ycb28_test/sphere/055_baseball_sample_01.csv,055_baseball,sphere,2,1,ycb28,ycb28_test,/content/drive/MyDrive/PointNet_APS_Project_V2/data/ycb28/extracted_models/055_baseball/055_baseball/google_16k/textured.obj,official_ycb_download,1000,/content/drive/MyDrive/PointNet_APS_Project_V2/data/ycb28/generated_pointclouds_bbox_norm/sphere/055_baseball/055_baseball_sample_01.csv,2,2,sphere,sphere,0.9646619,True,mixed_trained_xyz,3,ycb28
/content/pointnetpp_xyz_cache/ycb28_test/sphere/055_baseball_sample_02.csv,055_baseball,sphere,2,2,ycb28,ycb28_test,/content/drive/MyDrive/PointNet_APS_Project_V2/data/ycb28/extracted_models/055_baseball/055_baseball/google_16k/textured.obj,official_ycb_download,1000,/content/drive/MyDrive/PointNet_APS_Project_V2/data/ycb28/generated_pointclouds_bbox_norm/sphere/055_baseball/055_baseball_sample_02.csv,2,2,sphere,sphere,0.96328205,True,mixed_trained_xyz,3,ycb28
/content/pointnetpp_xyz_cache/ycb28_test/sphere/055_baseball_sample_03.csv,055_baseball,sphere,2,3,ycb28,ycb28_test,/content/drive/MyDrive/PointNet_APS_Project_V2/data/ycb28/extracted_models/055_baseball/055_baseball/google_16k/textured.obj,official_ycb_download,1000,/content/drive/MyDrive/PointNet_APS_Project_V2/data/ycb28/generated_pointclouds_bbox_norm/sphere/055_baseball/055_baseball_sample_03.csv,2,2,sphere,sphere,0.9634197,True,mixed_trained_xyz,3,ycb28
/content/pointnetpp_xyz_cache/ycb28_test/sphere/055_baseball_sample_04.csv,055_baseball,sphere,2,4,ycb28,ycb28_test,/content/drive/MyDrive/PointNet_APS_Project_V2/data/ycb28/extracted_models/055_baseball/055_baseball/google_16k/textured.obj,official_ycb_download,1000,/content/drive/MyDrive/PointNet_APS_Project_V2/data/ycb28/generated_pointclouds_bbox_norm/sphere/055_baseball/055_baseball_sample_04.csv,2,2,sphere,sphere,0.966349,True,mixed_trained_xyz,3,ycb28
/content/pointnetpp_xyz_cache/ycb28_test/sphere/055_baseball_sample_05.csv,055_baseball,sphere,2,5,ycb28,ycb28_test,/content/drive/MyDrive/PointNet_APS_Project_V2/data/ycb28/extracted_models/055_baseball/055_baseball/google_16k/textured.obj,official_ycb_download,1000,/content/drive/MyDrive/PointNet_APS_Project_V2/data/ycb28/generated_pointclouds_bbox_norm/sphere/055_baseball/055_baseball_sample_05.csv,2,2,sphere,sphere,0.9643542,True,mixed_trained_xyz,3,ycb28
/content/pointnetpp_xyz_cache/ycb28_test/sphere/055_baseball_sample_06.csv,055_baseball,sphere,2,6,ycb28,ycb28_test,/content/drive/MyDrive/PointNet_APS_Project_V2/data/ycb28/extracted_models/055_baseball/055_baseball/google_16k/textured.obj,official_ycb_download,1000,/content/drive/MyDrive/PointNet_APS_Project_V2/data/ycb28/generated_pointclouds_bbox_norm/sphere/055_baseball/055_baseball_sample_06.csv,2,2,sphere,sphere,0.961031,True,mixed_trained_xyz,3,ycb28
/content/pointnetpp_xyz_cache/ycb28_test/sphere/055_baseball_sample_07.csv,055_baseball,sphere,2,7,ycb28,ycb28_test,/content/drive/MyDrive/PointNet_APS_Project_V2/data/ycb28/extracted_models/055_baseball/055_baseball/google_16k/textured.obj,official_ycb_download,1000,/content/drive/MyDrive/PointNet_APS_Project_V2/data/ycb28/generated_pointclouds_bbox_norm/sphere/055_baseball/055_baseball_sample_07.csv,2,2,sphere,sphere,0.9577658,True,mixed_trained_xyz,3,ycb28
/content/pointnetpp_xyz_cache/ycb28_test/sphere/055_baseball_sample_08.csv,055_baseball,sphere,2,8,ycb28,ycb28_test,/content/drive/MyDrive/PointNet_APS_Project_V2/data/ycb28/extracted_models/055_baseball/055_baseball/google_16k/textured.obj,official_ycb_download,1000,/content/drive/MyDrive/PointNet_APS_Project_V2/data/ycb28/generated_pointclouds_bbox_norm/sphere/055_baseball/055_baseball_sample_08.csv,2,2,sphere,sphere,0.96665925,True,mixed_trained_xyz,3,ycb28
/content/pointnetpp_xyz_cache/ycb28_test/sphere/055_baseball_sample_09.csv,055_baseball,sphere,2,9,ycb28,ycb28_test,/content/drive/MyDrive/PointNet_APS_Project_V2/data/ycb28/extracted_models/055_baseball/055_baseball/google_16k/textured.obj,official_ycb_download,1000,/content/drive/MyDrive/PointNet_APS_Project_V2/data/ycb28/generated_pointclouds_bbox_norm/sphere/055_baseball/055_baseball_sample_09.csv,2,2,sphere,sphere,0.9616938,True,mixed_trained_xyz,3,ycb28
/content/pointnetpp_xyz_cache/ycb28_test/sphere/055_baseball_sample_10.csv,055_baseball,sphere,2,10,ycb28,ycb28_test,/content/drive/MyDrive/PointNet_APS_Project_V2/data/ycb28/extracted_models/055_baseball/055_baseball/google_16k/textured.obj,official_ycb_download,1000,/content/drive/MyDrive/PointNet_APS_Project_V2/data/ycb28/generated_pointclouds_bbox_norm/sphere/055_baseball/055_baseball_sample_10.csv,2,2,sphere,sphere,0.9636164,True,mixed_trained_xyz,3,ycb28
/content/pointnetpp_xyz_cache/ycb28_test/sphere/055_baseball_sample_11.csv,055_baseball,sphere,2,11,ycb28,ycb28_test,/content/drive/MyDrive/PointNet_APS_Project_V2/data/ycb28/extracted_models/055_baseball/055_baseball/google_16k/textured.obj,official_ycb_download,1000,/content/drive/MyDrive/PointNet_APS_Project_V2/data/ycb28/generated_pointclouds_bbox_norm/sphere/055_baseball/055_baseball_sample_11.csv,2,2,sphere,sphere,0.96115303,True,mixed_trained_xyz,3,ycb28
/content/pointnetpp_xyz_cache/ycb28_test/sphere/055_baseball_sample_12.csv,055_baseball,sphere,2,12,ycb28,ycb28_test,/content/drive/MyDrive/PointNet_APS_Project_V2/data/ycb28/extracted_models/055_baseball/055_baseball/google_16k/textured.obj,official_ycb_download,1000,/content/drive/MyDrive/PointNet_APS_Project_V2/data/ycb28/generated_pointclouds_bbox_norm/sphere/055_baseball/055_baseball_sample_12.csv,2,2,sphere,sphere,0.9511022,True,mixed_trained_xyz,3,ycb28
/content/pointnetpp_xyz_cache/ycb28_test/sphere/055_baseball_sample_13.csv,055_baseball,sphere,2,13,ycb28,ycb28_test,/content/drive/MyDrive/PointNet_APS_Project_V2/data/ycb28/extracted_models/055_baseball/055_baseball/google_16k/textured.obj,official_ycb_download,1000,/content/drive/MyDrive/PointNet_APS_Project_V2/data/ycb28/generated_pointclouds_bbox_norm/sphere/055_baseball/055_baseball_sample_13.csv,2,2,sphere,sphere,0.9649201,True,mixed_trained_xyz,3,ycb28
/content/pointnetpp_xyz_cache/ycb28_test/sphere/055_baseball_sample_14.csv,055_baseball,sphere,2,14,ycb28,ycb28_test,/content/drive/MyDrive/PointNet_APS_Project_V2/data/ycb28/extracted_models/055_baseball/055_baseball/google_16k/textured.obj,official_ycb_download,1000,/content/drive/MyDrive/PointNet_APS_Project_V2/data/ycb28/generated_pointclouds_bbox_norm/sphere/055_baseball/055_baseball_sample_14.csv,2,2,sphere,sphere,0.9674393,True,mixed_trained_xyz,3,ycb28
/content/pointnetpp_xyz_cache/ycb28_test/sphere/055_baseball_sample_15.csv,055_baseball,sphere,2,15,ycb28,ycb28_test,/content/drive/MyDrive/PointNet_APS_Project_V2/data/ycb28/extracted_models/055_baseball/055_baseball/google_16k/textured.obj,official_ycb_download,1000,/content/drive/MyDrive/PointNet_APS_Project_V2/data/ycb28/generated_pointclouds_bbox_norm/sphere/055_baseball/055_baseball_sample_15.csv,2,2,sphere,sphere,0.9582948,True,mixed_trained_xyz,3,ycb28
/content/pointnetpp_xyz_cache/ycb28_test/sphere/055_baseball_sample_16.csv,055_baseball,sphere,2,16,ycb28,ycb28_test,/content/drive/MyDrive/PointNet_APS_Project_V2/data/ycb28/extracted_models/055_baseball/055_baseball/google_16k/textured.obj,official_ycb_download,1000,/content/drive/MyDrive/PointNet_APS_Project_V2/data/ycb28/generated_pointclouds_bbox_norm/sphere/055_baseball/055_baseball_sample_16.csv,2,2,sphere,sphere,0.9606014,True,mixed_trained_xyz,3,ycb28
/content/pointnetpp_xyz_cache/ycb28_test/sphere/055_baseball_sample_17.csv,055_baseball,sphere,2,17,ycb28,ycb28_test,/content/drive/MyDrive/PointNet_APS_Project_V2/data/ycb28/extracted_models/055_baseball/055_baseball/google_16k/textured.obj,official_ycb_download,1000,/content/drive/MyDrive/PointNet_APS_Project_V2/data/ycb28/generated_pointclouds_bbox_norm/sphere/055_baseball/055_baseball_sample_17.csv,2,2,sphere,sphere,0.9663616,True,mixed_trained_xyz,3,ycb28
/content/pointnetpp_xyz_cache/ycb28_test/sphere/055_baseball_sample_18.csv,055_baseball,sphere,2,18,ycb28,ycb28_test,/content/drive/MyDrive/PointNet_APS_Project_V2/data/ycb28/extracted_models/055_baseball/055_baseball/google_16k/textured.obj,official_ycb_download,1000,/content/drive/MyDrive/PointNet_APS_Project_V2/data/ycb28/generated_pointclouds_bbox_norm/sphere/055_baseball/055_baseball_sample_18.csv,2,2,sphere,sphere,0.9661993,True,mixed_trained_xyz,3,ycb28
/content/pointnetpp_xyz_cache/ycb28_test/sphere/055_baseball_sample_19.csv,055_baseball,sphere,2,19,ycb28,ycb28_test,/content/drive/MyDrive/PointNet_APS_Project_V2/data/ycb28/extracted_models/055_baseball/055_baseball/google_16k/textured.obj,official_ycb_download,1000,/content/drive/MyDrive/PointNet_APS_Project_V2/data/ycb28/generated_pointclouds_bbox_norm/sphere/055_baseball/055_baseball_sample_19.csv,2,2,sphere,sphere,0.96563697,True,mixed_trained_xyz,3,ycb28
/content/pointnetpp_xyz_cache/ycb28_test/sphere/056_tennis_ball_sample_00.csv,056_tennis_ball,sphere,2,0,ycb28,ycb28_test,/content/drive/MyDrive/PointNet_APS_Project_V2/data/ycb28/extracted_models/056_tennis_ball/056_tennis_ball/google_16k/textured.obj,official_ycb_download,1000,/content/drive/MyDrive/PointNet_APS_Project_V2/data/ycb28/generated_pointclouds_bbox_norm/sphere/056_tennis_ball/056_tennis_ball_sample_00.csv,2,2,sphere,sphere,0.95953125,True,mixed_trained_xyz,3,ycb28
/content/pointnetpp_xyz_cache/ycb28_test/sphere/056_tennis_ball_sample_01.csv,056_tennis_ball,sphere,2,1,ycb28,ycb28_test,/content/drive/MyDrive/PointNet_APS_Project_V2/data/ycb28/extracted_models/056_tennis_ball/056_tennis_ball/google_16k/textured.obj,official_ycb_download,1000,/content/drive/MyDrive/PointNet_APS_Project_V2/data/ycb28/generated_pointclouds_bbox_norm/sphere/056_tennis_ball/056_tennis_ball_sample_01.csv,2,2,sphere,sphere,0.9614488,True,mixed_trained_xyz,3,ycb28
/content/pointnetpp_xyz_cache/ycb28_test/sphere/056_tennis_ball_sample_02.csv,056_tennis_ball,sphere,2,2,ycb28,ycb28_test,/content/drive/MyDrive/PointNet_APS_Project_V2/data/ycb28/extracted_models/056_tennis_ball/056_tennis_ball/google_16k/textured.obj,official_ycb_download,1000,/content/drive/MyDrive/PointNet_APS_Project_V2/data/ycb28/generated_pointclouds_bbox_norm/sphere/056_tennis_ball/056_tennis_ball_sample_02.csv,2,2,sphere,sphere,0.96094096,True,mixed_trained_xyz,3,ycb28
/content/pointnetpp_xyz_cache/ycb28_test/sphere/056_tennis_ball_sample_03.csv,056_tennis_ball,sphere,2,3,ycb28,ycb28_test,/content/drive/MyDrive/PointNet_APS_Project_V2/data/ycb28/extracted_models/056_tennis_ball/056_tennis_ball/google_16k/textured.obj,official_ycb_download,1000,/content/drive/MyDrive/PointNet_APS_Project_V2/data/ycb28/generated_pointclouds_bbox_norm/sphere/056_tennis_ball/056_tennis_ball_sample_03.csv,2,2,sphere,sphere,0.96473944,True,mixed_trained_xyz,3,ycb28
/content/pointnetpp_xyz_cache/ycb28_test/sphere/056_tennis_ball_sample_04.csv,056_tennis_ball,sphere,2,4,ycb28,ycb28_test,/content/drive/MyDrive/PointNet_APS_Project_V2/data/ycb28/extracted_models/056_tennis_ball/056_tennis_ball/google_16k/textured.obj,official_ycb_download,1000,/content/drive/MyDrive/PointNet_APS_Project_V2/data/ycb28/generated_pointclouds_bbox_norm/sphere/056_tennis_ball/056_tennis_ball_sample_04.csv,2,2,sphere,sphere,0.95904034,True,mixed_trained_xyz,3,ycb28
/content/pointnetpp_xyz_cache/ycb28_test/sphere/056_tennis_ball_sample_05.csv,056_tennis_ball,sphere,2,5,ycb28,ycb28_test,/content/drive/MyDrive/PointNet_APS_Project_V2/data/ycb28/extracted_models/056_tennis_ball/056_tennis_ball/google_16k/textured.obj,official_ycb_download,1000,/content/drive/MyDrive/PointNet_APS_Project_V2/data/ycb28/generated_pointclouds_bbox_norm/sphere/056_tennis_ball/056_tennis_ball_sample_05.csv,2,2,sphere,sphere,0.9653759,True,mixed_trained_xyz,3,ycb28
/content/pointnetpp_xyz_cache/ycb28_test/sphere/056_tennis_ball_sample_06.csv,056_tennis_ball,sphere,2,6,ycb28,ycb28_test,/content/drive/MyDrive/PointNet_APS_Project_V2/data/ycb28/extracted_models/056_tennis_ball/056_tennis_ball/google_16k/textured.obj,official_ycb_download,1000,/content/drive/MyDrive/PointNet_APS_Project_V2/data/ycb28/generated_pointclouds_bbox_norm/sphere/056_tennis_ball/056_tennis_ball_sample_06.csv,2,2,sphere,sphere,0.9609893,True,mixed_trained_xyz,3,ycb28
/content/pointnetpp_xyz_cache/ycb28_test/sphere/056_tennis_ball_sample_07.csv,056_tennis_ball,sphere,2,7,ycb28,ycb28_test,/content/drive/MyDrive/PointNet_APS_Project_V2/data/ycb28/extracted_models/056_tennis_ball/056_tennis_ball/google_16k/textured.obj,official_ycb_download,1000,/content/drive/MyDrive/PointNet_APS_Project_V2/data/ycb28/generated_pointclouds_bbox_norm/sphere/056_tennis_ball/056_tennis_ball_sample_07.csv,2,2,sphere,sphere,0.96567255,True,mixed_trained_xyz,3,ycb28
/content/pointnetpp_xyz_cache/ycb28_test/sphere/056_tennis_ball_sample_08.csv,056_tennis_ball,sphere,2,8,ycb28,ycb28_test,/content/drive/MyDrive/PointNet_APS_Project_V2/data/ycb28/extracted_models/056_tennis_ball/056_tennis_ball/google_16k/textured.obj,official_ycb_download,1000,/content/drive/MyDrive/PointNet_APS_Project_V2/data/ycb28/generated_pointclouds_bbox_norm/sphere/056_tennis_ball/056_tennis_ball_sample_08.csv,2,2,sphere,sphere,0.9686696,True,mixed_trained_xyz,3,ycb28
/content/pointnetpp_xyz_cache/ycb28_test/sphere/056_tennis_ball_sample_09.csv,056_tennis_ball,sphere,2,9,ycb28,ycb28_test,/content/drive/MyDrive/PointNet_APS_Project_V2/data/ycb28/extracted_models/056_tennis_ball/056_tennis_ball/google_16k/textured.obj,official_ycb_download,1000,/content/drive/MyDrive/PointNet_APS_Project_V2/data/ycb28/generated_pointclouds_bbox_norm/sphere/056_tennis_ball/056_tennis_ball_sample_09.csv,2,2,sphere,sphere,0.96760565,True,mixed_trained_xyz,3,ycb28
/content/pointnetpp_xyz_cache/ycb28_test/sphere/056_tennis_ball_sample_10.csv,056_tennis_ball,sphere,2,10,ycb28,ycb28_test,/content/drive/MyDrive/PointNet_APS_Project_V2/data/ycb28/extracted_models/056_tennis_ball/056_tennis_ball/google_16k/textured.obj,official_ycb_download,1000,/content/drive/MyDrive/PointNet_APS_Project_V2/data/ycb28/generated_pointclouds_bbox_norm/sphere/056_tennis_ball/056_tennis_ball_sample_10.csv,2,2,sphere,sphere,0.9670551,True,mixed_trained_xyz,3,ycb28
/content/pointnetpp_xyz_cache/ycb28_test/sphere/056_tennis_ball_sample_11.csv,056_tennis_ball,sphere,2,11,ycb28,ycb28_test,/content/drive/MyDrive/PointNet_APS_Project_V2/data/ycb28/extracted_models/056_tennis_ball/056_tennis_ball/google_16k/textured.obj,official_ycb_download,1000,/content/drive/MyDrive/PointNet_APS_Project_V2/data/ycb28/generated_pointclouds_bbox_norm/sphere/056_tennis_ball/056_tennis_ball_sample_11.csv,2,2,sphere,sphere,0.9633951,True,mixed_trained_xyz,3,ycb28
/content/pointnetpp_xyz_cache/ycb28_test/sphere/056_tennis_ball_sample_12.csv,056_tennis_ball,sphere,2,12,ycb28,ycb28_test,/content/drive/MyDrive/PointNet_APS_Project_V2/data/ycb28/extracted_models/056_tennis_ball/056_tennis_ball/google_16k/textured.obj,official_ycb_download,1000,/content/drive/MyDrive/PointNet_APS_Project_V2/data/ycb28/generated_pointclouds_bbox_norm/sphere/056_tennis_ball/056_tennis_ball_sample_12.csv,2,2,sphere,sphere,0.95913684,True,mixed_trained_xyz,3,ycb28
/content/pointnetpp_xyz_cache/ycb28_test/sphere/056_tennis_ball_sample_13.csv,056_tennis_ball,sphere,2,13,ycb28,ycb28_test,/content/drive/MyDrive/PointNet_APS_Project_V2/data/ycb28/extracted_models/056_tennis_ball/056_tennis_ball/google_16k/textured.obj,official_ycb_download,1000,/content/drive/MyDrive/PointNet_APS_Project_V2/data/ycb28/generated_pointclouds_bbox_norm/sphere/056_tennis_ball/056_tennis_ball_sample_13.csv,2,2,sphere,sphere,0.9623986,True,mixed_trained_xyz,3,ycb28
/content/pointnetpp_xyz_cache/ycb28_test/sphere/056_tennis_ball_sample_14.csv,056_tennis_ball,sphere,2,14,ycb28,ycb28_test,/content/drive/MyDrive/PointNet_APS_Project_V2/data/ycb28/extracted_models/056_tennis_ball/056_tennis_ball/google_16k/textured.obj,official_ycb_download,1000,/content/drive/MyDrive/PointNet_APS_Project_V2/data/ycb28/generated_pointclouds_bbox_norm/sphere/056_tennis_ball/056_tennis_ball_sample_14.csv,2,2,sphere,sphere,0.966835,True,mixed_trained_xyz,3,ycb28
/content/pointnetpp_xyz_cache/ycb28_test/sphere/056_tennis_ball_sample_15.csv,056_tennis_ball,sphere,2,15,ycb28,ycb28_test,/content/drive/MyDrive/PointNet_APS_Project_V2/data/ycb28/extracted_models/056_tennis_ball/056_tennis_ball/google_16k/textured.obj,official_ycb_download,1000,/content/drive/MyDrive/PointNet_APS_Project_V2/data/ycb28/generated_pointclouds_bbox_norm/sphere/056_tennis_ball/056_tennis_ball_sample_15.csv,2,2,sphere,sphere,0.96677244,True,mixed_trained_xyz,3,ycb28
/content/pointnetpp_xyz_cache/ycb28_test/sphere/056_tennis_ball_sample_16.csv,056_tennis_ball,sphere,2,16,ycb28,ycb28_test,/content/drive/MyDrive/PointNet_APS_Project_V2/data/ycb28/extracted_models/056_tennis_ball/056_tennis_ball/google_16k/textured.obj,official_ycb_download,1000,/content/drive/MyDrive/PointNet_APS_Project_V2/data/ycb28/generated_pointclouds_bbox_norm/sphere/056_tennis_ball/056_tennis_ball_sample_16.csv,2,2,sphere,sphere,0.9546873,True,mixed_trained_xyz,3,ycb28
/content/pointnetpp_xyz_cache/ycb28_test/sphere/056_tennis_ball_sample_17.csv,056_tennis_ball,sphere,2,17,ycb28,ycb28_test,/content/drive/MyDrive/PointNet_APS_Project_V2/data/ycb28/extracted_models/056_tennis_ball/056_tennis_ball/google_16k/textured.obj,official_ycb_download,1000,/content/drive/MyDrive/PointNet_APS_Project_V2/data/ycb28/generated_pointclouds_bbox_norm/sphere/056_tennis_ball/056_tennis_ball_sample_17.csv,2,2,sphere,sphere,0.9674055,True,mixed_trained_xyz,3,ycb28
/content/pointnetpp_xyz_cache/ycb28_test/sphere/056_tennis_ball_sample_18.csv,056_tennis_ball,sphere,2,18,ycb28,ycb28_test,/content/drive/MyDrive/PointNet_APS_Project_V2/data/ycb28/extracted_models/056_tennis_ball/056_tennis_ball/google_16k/textured.obj,official_ycb_download,1000,/content/drive/MyDrive/PointNet_APS_Project_V2/data/ycb28/generated_pointclouds_bbox_norm/sphere/056_tennis_ball/056_tennis_ball_sample_18.csv,2,2,sphere,sphere,0.95948166,True,mixed_trained_xyz,3,ycb28
/content/pointnetpp_xyz_cache/ycb28_test/sphere/056_tennis_ball_sample_19.csv,056_tennis_ball,sphere,2,19,ycb28,ycb28_test,/content/drive/MyDrive/PointNet_APS_Project_V2/data/ycb28/extracted_models/056_tennis_ball/056_tennis_ball/google_16k/textured.obj,official_ycb_download,1000,/content/drive/MyDrive/PointNet_APS_Project_V2/data/ycb28/generated_pointclouds_bbox_norm/sphere/056_tennis_ball/056_tennis_ball_sample_19.csv,2,2,sphere,sphere,0.96396506,True,mixed_trained_xyz,3,ycb28
/content/pointnetpp_xyz_cache/ycb28_test/sphere/057_racquetball_sample_00.csv,057_racquetball,sphere,2,0,ycb28,ycb28_test,/content/drive/MyDrive/PointNet_APS_Project_V2/data/ycb28/extracted_models/057_racquetball/057_racquetball/google_16k/textured.obj,official_ycb_download,1000,/content/drive/MyDrive/PointNet_APS_Project_V2/data/ycb28/generated_pointclouds_bbox_norm/sphere/057_racquetball/057_racquetball_sample_00.csv,2,2,sphere,sphere,0.96186924,True,mixed_trained_xyz,3,ycb28
/content/pointnetpp_xyz_cache/ycb28_test/sphere/057_racquetball_sample_01.csv,057_racquetball,sphere,2,1,ycb28,ycb28_test,/content/drive/MyDrive/PointNet_APS_Project_V2/data/ycb28/extracted_models/057_racquetball/057_racquetball/google_16k/textured.obj,official_ycb_download,1000,/content/drive/MyDrive/PointNet_APS_Project_V2/data/ycb28/generated_pointclouds_bbox_norm/sphere/057_racquetball/057_racquetball_sample_01.csv,2,2,sphere,sphere,0.9635353,True,mixed_trained_xyz,3,ycb28
/content/pointnetpp_xyz_cache/ycb28_test/sphere/057_racquetball_sample_02.csv,057_racquetball,sphere,2,2,ycb28,ycb28_test,/content/drive/MyDrive/PointNet_APS_Project_V2/data/ycb28/extracted_models/057_racquetball/057_racquetball/google_16k/textured.obj,official_ycb_download,1000,/content/drive/MyDrive/PointNet_APS_Project_V2/data/ycb28/generated_pointclouds_bbox_norm/sphere/057_racquetball/057_racquetball_sample_02.csv,2,2,sphere,sphere,0.9627159,True,mixed_trained_xyz,3,ycb28
/content/pointnetpp_xyz_cache/ycb28_test/sphere/057_racquetball_sample_03.csv,057_racquetball,sphere,2,3,ycb28,ycb28_test,/content/drive/MyDrive/PointNet_APS_Project_V2/data/ycb28/extracted_models/057_racquetball/057_racquetball/google_16k/textured.obj,official_ycb_download,1000,/content/drive/MyDrive/PointNet_APS_Project_V2/data/ycb28/generated_pointclouds_bbox_norm/sphere/057_racquetball/057_racquetball_sample_03.csv,2,2,sphere,sphere,0.9695957,True,mixed_trained_xyz,3,ycb28
/content/pointnetpp_xyz_cache/ycb28_test/sphere/057_racquetball_sample_04.csv,057_racquetball,sphere,2,4,ycb28,ycb28_test,/content/drive/MyDrive/PointNet_APS_Project_V2/data/ycb28/extracted_models/057_racquetball/057_racquetball/google_16k/textured.obj,official_ycb_download,1000,/content/drive/MyDrive/PointNet_APS_Project_V2/data/ycb28/generated_pointclouds_bbox_norm/sphere/057_racquetball/057_racquetball_sample_04.csv,2,2,sphere,sphere,0.9660954,True,mixed_trained_xyz,3,ycb28
/content/pointnetpp_xyz_cache/ycb28_test/sphere/057_racquetball_sample_05.csv,057_racquetball,sphere,2,5,ycb28,ycb28_test,/content/drive/MyDrive/PointNet_APS_Project_V2/data/ycb28/extracted_models/057_racquetball/057_racquetball/google_16k/textured.obj,official_ycb_download,1000,/content/drive/MyDrive/PointNet_APS_Project_V2/data/ycb28/generated_pointclouds_bbox_norm/sphere/057_racquetball/057_racquetball_sample_05.csv,2,2,sphere,sphere,0.96638364,True,mixed_trained_xyz,3,ycb28
/content/pointnetpp_xyz_cache/ycb28_test/sphere/057_racquetball_sample_06.csv,057_racquetball,sphere,2,6,ycb28,ycb28_test,/content/drive/MyDrive/PointNet_APS_Project_V2/data/ycb28/extracted_models/057_racquetball/057_racquetball/google_16k/textured.obj,official_ycb_download,1000,/content/drive/MyDrive/PointNet_APS_Project_V2/data/ycb28/generated_pointclouds_bbox_norm/sphere/057_racquetball/057_racquetball_sample_06.csv,2,2,sphere,sphere,0.9604126,True,mixed_trained_xyz,3,ycb28
/content/pointnetpp_xyz_cache/ycb28_test/sphere/057_racquetball_sample_07.csv,057_racquetball,sphere,2,7,ycb28,ycb28_test,/content/drive/MyDrive/PointNet_APS_Project_V2/data/ycb28/extracted_models/057_racquetball/057_racquetball/google_16k/textured.obj,official_ycb_download,1000,/content/drive/MyDrive/PointNet_APS_Project_V2/data/ycb28/generated_pointclouds_bbox_norm/sphere/057_racquetball/057_racquetball_sample_07.csv,2,2,sphere,sphere,0.9688644,True,mixed_trained_xyz,3,ycb28
/content/pointnetpp_xyz_cache/ycb28_test/sphere/057_racquetball_sample_08.csv,057_racquetball,sphere,2,8,ycb28,ycb28_test,/content/drive/MyDrive/PointNet_APS_Project_V2/data/ycb28/extracted_models/057_racquetball/057_racquetball/google_16k/textured.obj,official_ycb_download,1000,/content/drive/MyDrive/PointNet_APS_Project_V2/data/ycb28/generated_pointclouds_bbox_norm/sphere/057_racquetball/057_racquetball_sample_08.csv,2,2,sphere,sphere,0.96067166,True,mixed_trained_xyz,3,ycb28
/content/pointnetpp_xyz_cache/ycb28_test/sphere/057_racquetball_sample_09.csv,057_racquetball,sphere,2,9,ycb28,ycb28_test,/content/drive/MyDrive/PointNet_APS_Project_V2/data/ycb28/extracted_models/057_racquetball/057_racquetball/google_16k/textured.obj,official_ycb_download,1000,/content/drive/MyDrive/PointNet_APS_Project_V2/data/ycb28/generated_pointclouds_bbox_norm/sphere/057_racquetball/057_racquetball_sample_09.csv,2,2,sphere,sphere,0.9619414,True,mixed_trained_xyz,3,ycb28
/content/pointnetpp_xyz_cache/ycb28_test/sphere/057_racquetball_sample_10.csv,057_racquetball,sphere,2,10,ycb28,ycb28_test,/content/drive/MyDrive/PointNet_APS_Project_V2/data/ycb28/extracted_models/057_racquetball/057_racquetball/google_16k/textured.obj,official_ycb_download,1000,/content/drive/MyDrive/PointNet_APS_Project_V2/data/ycb28/generated_pointclouds_bbox_norm/sphere/057_racquetball/057_racquetball_sample_10.csv,2,2,sphere,sphere,0.9654887,True,mixed_trained_xyz,3,ycb28
/content/pointnetpp_xyz_cache/ycb28_test/sphere/057_racquetball_sample_11.csv,057_racquetball,sphere,2,11,ycb28,ycb28_test,/content/drive/MyDrive/PointNet_APS_Project_V2/data/ycb28/extracted_models/057_racquetball/057_racquetball/google_16k/textured.obj,official_ycb_download,1000,/content/drive/MyDrive/PointNet_APS_Project_V2/data/ycb28/generated_pointclouds_bbox_norm/sphere/057_racquetball/057_racquetball_sample_11.csv,2,2,sphere,sphere,0.9653698,True,mixed_trained_xyz,3,ycb28
/content/pointnetpp_xyz_cache/ycb28_test/sphere/057_racquetball_sample_12.csv,057_racquetball,sphere,2,12,ycb28,ycb28_test,/content/drive/MyDrive/PointNet_APS_Project_V2/data/ycb28/extracted_models/057_racquetball/057_racquetball/google_16k/textured.obj,official_ycb_download,1000,/content/drive/MyDrive/PointNet_APS_Project_V2/data/ycb28/generated_pointclouds_bbox_norm/sphere/057_racquetball/057_racquetball_sample_12.csv,2,2,sphere,sphere,0.9598426,True,mixed_trained_xyz,3,ycb28
/content/pointnetpp_xyz_cache/ycb28_test/sphere/057_racquetball_sample_13.csv,057_racquetball,sphere,2,13,ycb28,ycb28_test,/content/drive/MyDrive/PointNet_APS_Project_V2/data/ycb28/extracted_models/057_racquetball/057_racquetball/google_16k/textured.obj,official_ycb_download,1000,/content/drive/MyDrive/PointNet_APS_Project_V2/data/ycb28/generated_pointclouds_bbox_norm/sphere/057_racquetball/057_racquetball_sample_13.csv,2,2,sphere,sphere,0.9635029,True,mixed_trained_xyz,3,ycb28
/content/pointnetpp_xyz_cache/ycb28_test/sphere/057_racquetball_sample_14.csv,057_racquetball,sphere,2,14,ycb28,ycb28_test,/content/drive/MyDrive/PointNet_APS_Project_V2/data/ycb28/extracted_models/057_racquetball/057_racquetball/google_16k/textured.obj,official_ycb_download,1000,/content/drive/MyDrive/PointNet_APS_Project_V2/data/ycb28/generated_pointclouds_bbox_norm/sphere/057_racquetball/057_racquetball_sample_14.csv,2,2,sphere,sphere,0.9645877,True,mixed_trained_xyz,3,ycb28
/content/pointnetpp_xyz_cache/ycb28_test/sphere/057_racquetball_sample_15.csv,057_racquetball,sphere,2,15,ycb28,ycb28_test,/content/drive/MyDrive/PointNet_APS_Project_V2/data/ycb28/extracted_models/057_racquetball/057_racquetball/google_16k/textured.obj,official_ycb_download,1000,/content/drive/MyDrive/PointNet_APS_Project_V2/data/ycb28/generated_pointclouds_bbox_norm/sphere/057_racquetball/057_racquetball_sample_15.csv,2,2,sphere,sphere,0.96485925,True,mixed_trained_xyz,3,ycb28
/content/pointnetpp_xyz_cache/ycb28_test/sphere/057_racquetball_sample_16.csv,057_racquetball,sphere,2,16,ycb28,ycb28_test,/content/drive/MyDrive/PointNet_APS_Project_V2/data/ycb28/extracted_models/057_racquetball/057_racquetball/google_16k/textured.obj,official_ycb_download,1000,/content/drive/MyDrive/PointNet_APS_Project_V2/data/ycb28/generated_pointclouds_bbox_norm/sphere/057_racquetball/057_racquetball_sample_16.csv,2,2,sphere,sphere,0.95739084,True,mixed_trained_xyz,3,ycb28
/content/pointnetpp_xyz_cache/ycb28_test/sphere/057_racquetball_sample_17.csv,057_racquetball,sphere,2,17,ycb28,ycb28_test,/content/drive/MyDrive/PointNet_APS_Project_V2/data/ycb28/extracted_models/057_racquetball/057_racquetball/google_16k/textured.obj,official_ycb_download,1000,/content/drive/MyDrive/PointNet_APS_Project_V2/data/ycb28/generated_pointclouds_bbox_norm/sphere/057_racquetball/057_racquetball_sample_17.csv,2,2,sphere,sphere,0.96615946,True,mixed_trained_xyz,3,ycb28
/content/pointnetpp_xyz_cache/ycb28_test/sphere/057_racquetball_sample_18.csv,057_racquetball,sphere,2,18,ycb28,ycb28_test,/content/drive/MyDrive/PointNet_APS_Project_V2/data/ycb28/extracted_models/057_racquetball/057_racquetball/google_16k/textured.obj,official_ycb_download,1000,/content/drive/MyDrive/PointNet_APS_Project_V2/data/ycb28/generated_pointclouds_bbox_norm/sphere/057_racquetball/057_racquetball_sample_18.csv,2,2,sphere,sphere,0.96988577,True,mixed_trained_xyz,3,ycb28
/content/pointnetpp_xyz_cache/ycb28_test/sphere/057_racquetball_sample_19.csv,057_racquetball,sphere,2,19,ycb28,ycb28_test,/content/drive/MyDrive/PointNet_APS_Project_V2/data/ycb28/extracted_models/057_racquetball/057_racquetball/google_16k/textured.obj,official_ycb_download,1000,/content/drive/MyDrive/PointNet_APS_Project_V2/data/ycb28/generated_pointclouds_bbox_norm/sphere/057_racquetball/057_racquetball_sample_19.csv,2,2,sphere,sphere,0.96267515,True,mixed_trained_xyz,3,ycb28
/content/pointnetpp_xyz_cache/ycb28_test/sphere/058_golf_ball_sample_00.csv,058_golf_ball,sphere,2,0,ycb28,ycb28_test,/content/drive/MyDrive/PointNet_APS_Project_V2/data/ycb28/extracted_models/058_golf_ball/058_golf_ball/google_16k/textured.obj,official_ycb_download,1000,/content/drive/MyDrive/PointNet_APS_Project_V2/data/ycb28/generated_pointclouds_bbox_norm/sphere/058_golf_ball/058_golf_ball_sample_00.csv,2,2,sphere,sphere,0.96658283,True,mixed_trained_xyz,3,ycb28
/content/pointnetpp_xyz_cache/ycb28_test/sphere/058_golf_ball_sample_01.csv,058_golf_ball,sphere,2,1,ycb28,ycb28_test,/content/drive/MyDrive/PointNet_APS_Project_V2/data/ycb28/extracted_models/058_golf_ball/058_golf_ball/google_16k/textured.obj,official_ycb_download,1000,/content/drive/MyDrive/PointNet_APS_Project_V2/data/ycb28/generated_pointclouds_bbox_norm/sphere/058_golf_ball/058_golf_ball_sample_01.csv,2,2,sphere,sphere,0.9542353,True,mixed_trained_xyz,3,ycb28
/content/pointnetpp_xyz_cache/ycb28_test/sphere/058_golf_ball_sample_02.csv,058_golf_ball,sphere,2,2,ycb28,ycb28_test,/content/drive/MyDrive/PointNet_APS_Project_V2/data/ycb28/extracted_models/058_golf_ball/058_golf_ball/google_16k/textured.obj,official_ycb_download,1000,/content/drive/MyDrive/PointNet_APS_Project_V2/data/ycb28/generated_pointclouds_bbox_norm/sphere/058_golf_ball/058_golf_ball_sample_02.csv,2,2,sphere,sphere,0.96654665,True,mixed_trained_xyz,3,ycb28
/content/pointnetpp_xyz_cache/ycb28_test/sphere/058_golf_ball_sample_03.csv,058_golf_ball,sphere,2,3,ycb28,ycb28_test,/content/drive/MyDrive/PointNet_APS_Project_V2/data/ycb28/extracted_models/058_golf_ball/058_golf_ball/google_16k/textured.obj,official_ycb_download,1000,/content/drive/MyDrive/PointNet_APS_Project_V2/data/ycb28/generated_pointclouds_bbox_norm/sphere/058_golf_ball/058_golf_ball_sample_03.csv,2,2,sphere,sphere,0.96164787,True,mixed_trained_xyz,3,ycb28
/content/pointnetpp_xyz_cache/ycb28_test/sphere/058_golf_ball_sample_04.csv,058_golf_ball,sphere,2,4,ycb28,ycb28_test,/content/drive/MyDrive/PointNet_APS_Project_V2/data/ycb28/extracted_models/058_golf_ball/058_golf_ball/google_16k/textured.obj,official_ycb_download,1000,/content/drive/MyDrive/PointNet_APS_Project_V2/data/ycb28/generated_pointclouds_bbox_norm/sphere/058_golf_ball/058_golf_ball_sample_04.csv,2,2,sphere,sphere,0.96889037,True,mixed_trained_xyz,3,ycb28
/content/pointnetpp_xyz_cache/ycb28_test/sphere/058_golf_ball_sample_05.csv,058_golf_ball,sphere,2,5,ycb28,ycb28_test,/content/drive/MyDrive/PointNet_APS_Project_V2/data/ycb28/extracted_models/058_golf_ball/058_golf_ball/google_16k/textured.obj,official_ycb_download,1000,/content/drive/MyDrive/PointNet_APS_Project_V2/data/ycb28/generated_pointclouds_bbox_norm/sphere/058_golf_ball/058_golf_ball_sample_05.csv,2,2,sphere,sphere,0.9634757,True,mixed_trained_xyz,3,ycb28
/content/pointnetpp_xyz_cache/ycb28_test/sphere/058_golf_ball_sample_06.csv,058_golf_ball,sphere,2,6,ycb28,ycb28_test,/content/drive/MyDrive/PointNet_APS_Project_V2/data/ycb28/extracted_models/058_golf_ball/058_golf_ball/google_16k/textured.obj,official_ycb_download,1000,/content/drive/MyDrive/PointNet_APS_Project_V2/data/ycb28/generated_pointclouds_bbox_norm/sphere/058_golf_ball/058_golf_ball_sample_06.csv,2,2,sphere,sphere,0.965256,True,mixed_trained_xyz,3,ycb28
/content/pointnetpp_xyz_cache/ycb28_test/sphere/058_golf_ball_sample_07.csv,058_golf_ball,sphere,2,7,ycb28,ycb28_test,/content/drive/MyDrive/PointNet_APS_Project_V2/data/ycb28/extracted_models/058_golf_ball/058_golf_ball/google_16k/textured.obj,official_ycb_download,1000,/content/drive/MyDrive/PointNet_APS_Project_V2/data/ycb28/generated_pointclouds_bbox_norm/sphere/058_golf_ball/058_golf_ball_sample_07.csv,2,2,sphere,sphere,0.9617852,True,mixed_trained_xyz,3,ycb28
/content/pointnetpp_xyz_cache/ycb28_test/sphere/058_golf_ball_sample_08.csv,058_golf_ball,sphere,2,8,ycb28,ycb28_test,/content/drive/MyDrive/PointNet_APS_Project_V2/data/ycb28/extracted_models/058_golf_ball/058_golf_ball/google_16k/textured.obj,official_ycb_download,1000,/content/drive/MyDrive/PointNet_APS_Project_V2/data/ycb28/generated_pointclouds_bbox_norm/sphere/058_golf_ball/058_golf_ball_sample_08.csv,2,2,sphere,sphere,0.966295,True,mixed_trained_xyz,3,ycb28
/content/pointnetpp_xyz_cache/ycb28_test/sphere/058_golf_ball_sample_09.csv,058_golf_ball,sphere,2,9,ycb28,ycb28_test,/content/drive/MyDrive/PointNet_APS_Project_V2/data/ycb28/extracted_models/058_golf_ball/058_golf_ball/google_16k/textured.obj,official_ycb_download,1000,/content/drive/MyDrive/PointNet_APS_Project_V2/data/ycb28/generated_pointclouds_bbox_norm/sphere/058_golf_ball/058_golf_ball_sample_09.csv,2,2,sphere,sphere,0.9662986,True,mixed_trained_xyz,3,ycb28
/content/pointnetpp_xyz_cache/ycb28_test/sphere/058_golf_ball_sample_10.csv,058_golf_ball,sphere,2,10,ycb28,ycb28_test,/content/drive/MyDrive/PointNet_APS_Project_V2/data/ycb28/extracted_models/058_golf_ball/058_golf_ball/google_16k/textured.obj,official_ycb_download,1000,/content/drive/MyDrive/PointNet_APS_Project_V2/data/ycb28/generated_pointclouds_bbox_norm/sphere/058_golf_ball/058_golf_ball_sample_10.csv,2,2,sphere,sphere,0.9674877,True,mixed_trained_xyz,3,ycb28
/content/pointnetpp_xyz_cache/ycb28_test/sphere/058_golf_ball_sample_11.csv,058_golf_ball,sphere,2,11,ycb28,ycb28_test,/content/drive/MyDrive/PointNet_APS_Project_V2/data/ycb28/extracted_models/058_golf_ball/058_golf_ball/google_16k/textured.obj,official_ycb_download,1000,/content/drive/MyDrive/PointNet_APS_Project_V2/data/ycb28/generated_pointclouds_bbox_norm/sphere/058_golf_ball/058_golf_ball_sample_11.csv,2,2,sphere,sphere,0.9639419,True,mixed_trained_xyz,3,ycb28
/content/pointnetpp_xyz_cache/ycb28_test/sphere/058_golf_ball_sample_12.csv,058_golf_ball,sphere,2,12,ycb28,ycb28_test,/content/drive/MyDrive/PointNet_APS_Project_V2/data/ycb28/extracted_models/058_golf_ball/058_golf_ball/google_16k/textured.obj,official_ycb_download,1000,/content/drive/MyDrive/PointNet_APS_Project_V2/data/ycb28/generated_pointclouds_bbox_norm/sphere/058_golf_ball/058_golf_ball_sample_12.csv,2,2,sphere,sphere,0.9668364,True,mixed_trained_xyz,3,ycb28
/content/pointnetpp_xyz_cache/ycb28_test/sphere/058_golf_ball_sample_13.csv,058_golf_ball,sphere,2,13,ycb28,ycb28_test,/content/drive/MyDrive/PointNet_APS_Project_V2/data/ycb28/extracted_models/058_golf_ball/058_golf_ball/google_16k/textured.obj,official_ycb_download,1000,/content/drive/MyDrive/PointNet_APS_Project_V2/data/ycb28/generated_pointclouds_bbox_norm/sphere/058_golf_ball/058_golf_ball_sample_13.csv,2,2,sphere,sphere,0.96447533,True,mixed_trained_xyz,3,ycb28
/content/pointnetpp_xyz_cache/ycb28_test/sphere/058_golf_ball_sample_14.csv,058_golf_ball,sphere,2,14,ycb28,ycb28_test,/content/drive/MyDrive/PointNet_APS_Project_V2/data/ycb28/extracted_models/058_golf_ball/058_golf_ball/google_16k/textured.obj,official_ycb_download,1000,/content/drive/MyDrive/PointNet_APS_Project_V2/data/ycb28/generated_pointclouds_bbox_norm/sphere/058_golf_ball/058_golf_ball_sample_14.csv,2,2,sphere,sphere,0.9587911,True,mixed_trained_xyz,3,ycb28
/content/pointnetpp_xyz_cache/ycb28_test/sphere/058_golf_ball_sample_15.csv,058_golf_ball,sphere,2,15,ycb28,ycb28_test,/content/drive/MyDrive/PointNet_APS_Project_V2/data/ycb28/extracted_models/058_golf_ball/058_golf_ball/google_16k/textured.obj,official_ycb_download,1000,/content/drive/MyDrive/PointNet_APS_Project_V2/data/ycb28/generated_pointclouds_bbox_norm/sphere/058_golf_ball/058_golf_ball_sample_15.csv,2,2,sphere,sphere,0.9646922,True,mixed_trained_xyz,3,ycb28
/content/pointnetpp_xyz_cache/ycb28_test/sphere/058_golf_ball_sample_16.csv,058_golf_ball,sphere,2,16,ycb28,ycb28_test,/content/drive/MyDrive/PointNet_APS_Project_V2/data/ycb28/extracted_models/058_golf_ball/058_golf_ball/google_16k/textured.obj,official_ycb_download,1000,/content/drive/MyDrive/PointNet_APS_Project_V2/data/ycb28/generated_pointclouds_bbox_norm/sphere/058_golf_ball/058_golf_ball_sample_16.csv,2,2,sphere,sphere,0.97167027,True,mixed_trained_xyz,3,ycb28
/content/pointnetpp_xyz_cache/ycb28_test/sphere/058_golf_ball_sample_17.csv,058_golf_ball,sphere,2,17,ycb28,ycb28_test,/content/drive/MyDrive/PointNet_APS_Project_V2/data/ycb28/extracted_models/058_golf_ball/058_golf_ball/google_16k/textured.obj,official_ycb_download,1000,/content/drive/MyDrive/PointNet_APS_Project_V2/data/ycb28/generated_pointclouds_bbox_norm/sphere/058_golf_ball/058_golf_ball_sample_17.csv,2,2,sphere,sphere,0.9624176,True,mixed_trained_xyz,3,ycb28
/content/pointnetpp_xyz_cache/ycb28_test/sphere/058_golf_ball_sample_18.csv,058_golf_ball,sphere,2,18,ycb28,ycb28_test,/content/drive/MyDrive/PointNet_APS_Project_V2/data/ycb28/extracted_models/058_golf_ball/058_golf_ball/google_16k/textured.obj,official_ycb_download,1000,/content/drive/MyDrive/PointNet_APS_Project_V2/data/ycb28/generated_pointclouds_bbox_norm/sphere/058_golf_ball/058_golf_ball_sample_18.csv,2,2,sphere,sphere,0.96385264,True,mixed_trained_xyz,3,ycb28
/content/pointnetpp_xyz_cache/ycb28_test/sphere/058_golf_ball_sample_19.csv,058_golf_ball,sphere,2,19,ycb28,ycb28_test,/content/drive/MyDrive/PointNet_APS_Project_V2/data/ycb28/extracted_models/058_golf_ball/058_golf_ball/google_16k/textured.obj,official_ycb_download,1000,/content/drive/MyDrive/PointNet_APS_Project_V2/data/ycb28/generated_pointclouds_bbox_norm/sphere/058_golf_ball/058_golf_ball_sample_19.csv,2,2,sphere,sphere,0.9663526,True,mixed_trained_xyz,3,ycb28
/content/pointnetpp_xyz_cache/ycb28_test/sphere/063_a_marbles_sample_00.csv,063_a_marbles,sphere,2,0,ycb28,ycb28_test,/content/drive/MyDrive/PointNet_APS_Project_V2/data/ycb28/extracted_models/063_a_marbles/063-a_marbles/google_16k/textured.obj,official_ycb_download,1000,/content/drive/MyDrive/PointNet_APS_Project_V2/data/ycb28/generated_pointclouds_bbox_norm/sphere/063_a_marbles/063_a_marbles_sample_00.csv,2,0,sphere,box,0.9554055,False,mixed_trained_xyz,3,ycb28
/content/pointnetpp_xyz_cache/ycb28_test/sphere/063_a_marbles_sample_01.csv,063_a_marbles,sphere,2,1,ycb28,ycb28_test,/content/drive/MyDrive/PointNet_APS_Project_V2/data/ycb28/extracted_models/063_a_marbles/063-a_marbles/google_16k/textured.obj,official_ycb_download,1000,/content/drive/MyDrive/PointNet_APS_Project_V2/data/ycb28/generated_pointclouds_bbox_norm/sphere/063_a_marbles/063_a_marbles_sample_01.csv,2,0,sphere,box,0.83126456,False,mixed_trained_xyz,3,ycb28
/content/pointnetpp_xyz_cache/ycb28_test/sphere/063_a_marbles_sample_02.csv,063_a_marbles,sphere,2,2,ycb28,ycb28_test,/content/drive/MyDrive/PointNet_APS_Project_V2/data/ycb28/extracted_models/063_a_marbles/063-a_marbles/google_16k/textured.obj,official_ycb_download,1000,/content/drive/MyDrive/PointNet_APS_Project_V2/data/ycb28/generated_pointclouds_bbox_norm/sphere/063_a_marbles/063_a_marbles_sample_02.csv,2,1,sphere,cylinder,0.5511237,False,mixed_trained_xyz,3,ycb28
/content/pointnetpp_xyz_cache/ycb28_test/sphere/063_a_marbles_sample_03.csv,063_a_marbles,sphere,2,3,ycb28,ycb28_test,/content/drive/MyDrive/PointNet_APS_Project_V2/data/ycb28/extracted_models/063_a_marbles/063-a_marbles/google_16k/textured.obj,official_ycb_download,1000,/content/drive/MyDrive/PointNet_APS_Project_V2/data/ycb28/generated_pointclouds_bbox_norm/sphere/063_a_marbles/063_a_marbles_sample_03.csv,2,0,sphere,box,0.5011606,False,mixed_trained_xyz,3,ycb28
/content/pointnetpp_xyz_cache/ycb28_test/sphere/063_a_marbles_sample_04.csv,063_a_marbles,sphere,2,4,ycb28,ycb28_test,/content/drive/MyDrive/PointNet_APS_Project_V2/data/ycb28/extracted_models/063_a_marbles/063-a_marbles/google_16k/textured.obj,official_ycb_download,1000,/content/drive/MyDrive/PointNet_APS_Project_V2/data/ycb28/generated_pointclouds_bbox_norm/sphere/063_a_marbles/063_a_marbles_sample_04.csv,2,1,sphere,cylinder,0.75620556,False,mixed_trained_xyz,3,ycb28
/content/pointnetpp_xyz_cache/ycb28_test/sphere/063_a_marbles_sample_05.csv,063_a_marbles,sphere,2,5,ycb28,ycb28_test,/content/drive/MyDrive/PointNet_APS_Project_V2/data/ycb28/extracted_models/063_a_marbles/063-a_marbles/google_16k/textured.obj,official_ycb_download,1000,/content/drive/MyDrive/PointNet_APS_Project_V2/data/ycb28/generated_pointclouds_bbox_norm/sphere/063_a_marbles/063_a_marbles_sample_05.csv,2,0,sphere,box,0.6046861,False,mixed_trained_xyz,3,ycb28
/content/pointnetpp_xyz_cache/ycb28_test/sphere/063_a_marbles_sample_06.csv,063_a_marbles,sphere,2,6,ycb28,ycb28_test,/content/drive/MyDrive/PointNet_APS_Project_V2/data/ycb28/extracted_models/063_a_marbles/063-a_marbles/google_16k/textured.obj,official_ycb_download,1000,/content/drive/MyDrive/PointNet_APS_Project_V2/data/ycb28/generated_pointclouds_bbox_norm/sphere/063_a_marbles/063_a_marbles_sample_06.csv,2,1,sphere,cylinder,0.8173599,False,mixed_trained_xyz,3,ycb28
/content/pointnetpp_xyz_cache/ycb28_test/sphere/063_a_marbles_sample_07.csv,063_a_marbles,sphere,2,7,ycb28,ycb28_test,/content/drive/MyDrive/PointNet_APS_Project_V2/data/ycb28/extracted_models/063_a_marbles/063-a_marbles/google_16k/textured.obj,official_ycb_download,1000,/content/drive/MyDrive/PointNet_APS_Project_V2/data/ycb28/generated_pointclouds_bbox_norm/sphere/063_a_marbles/063_a_marbles_sample_07.csv,2,0,sphere,box,0.79593295,False,mixed_trained_xyz,3,ycb28
/content/pointnetpp_xyz_cache/ycb28_test/sphere/063_a_marbles_sample_08.csv,063_a_marbles,sphere,2,8,ycb28,ycb28_test,/content/drive/MyDrive/PointNet_APS_Project_V2/data/ycb28/extracted_models/063_a_marbles/063-a_marbles/google_16k/textured.obj,official_ycb_download,1000,/content/drive/MyDrive/PointNet_APS_Project_V2/data/ycb28/generated_pointclouds_bbox_norm/sphere/063_a_marbles/063_a_marbles_sample_08.csv,2,0,sphere,box,0.74132687,False,mixed_trained_xyz,3,ycb28
/content/pointnetpp_xyz_cache/ycb28_test/sphere/063_a_marbles_sample_09.csv,063_a_marbles,sphere,2,9,ycb28,ycb28_test,/content/drive/MyDrive/PointNet_APS_Project_V2/data/ycb28/extracted_models/063_a_marbles/063-a_marbles/google_16k/textured.obj,official_ycb_download,1000,/content/drive/MyDrive/PointNet_APS_Project_V2/data/ycb28/generated_pointclouds_bbox_norm/sphere/063_a_marbles/063_a_marbles_sample_09.csv,2,0,sphere,box,0.7116203,False,mixed_trained_xyz,3,ycb28
/content/pointnetpp_xyz_cache/ycb28_test/sphere/063_a_marbles_sample_10.csv,063_a_marbles,sphere,2,10,ycb28,ycb28_test,/content/drive/MyDrive/PointNet_APS_Project_V2/data/ycb28/extracted_models/063_a_marbles/063-a_marbles/google_16k/textured.obj,official_ycb_download,1000,/content/drive/MyDrive/PointNet_APS_Project_V2/data/ycb28/generated_pointclouds_bbox_norm/sphere/063_a_marbles/063_a_marbles_sample_10.csv,2,0,sphere,box,0.6925339,False,mixed_trained_xyz,3,ycb28
/content/pointnetpp_xyz_cache/ycb28_test/sphere/063_a_marbles_sample_11.csv,063_a_marbles,sphere,2,11,ycb28,ycb28_test,/content/drive/MyDrive/PointNet_APS_Project_V2/data/ycb28/extracted_models/063_a_marbles/063-a_marbles/google_16k/textured.obj,official_ycb_download,1000,/content/drive/MyDrive/PointNet_APS_Project_V2/data/ycb28/generated_pointclouds_bbox_norm/sphere/063_a_marbles/063_a_marbles_sample_11.csv,2,1,sphere,cylinder,0.52424496,False,mixed_trained_xyz,3,ycb28
/content/pointnetpp_xyz_cache/ycb28_test/sphere/063_a_marbles_sample_12.csv,063_a_marbles,sphere,2,12,ycb28,ycb28_test,/content/drive/MyDrive/PointNet_APS_Project_V2/data/ycb28/extracted_models/063_a_marbles/063-a_marbles/google_16k/textured.obj,official_ycb_download,1000,/content/drive/MyDrive/PointNet_APS_Project_V2/data/ycb28/generated_pointclouds_bbox_norm/sphere/063_a_marbles/063_a_marbles_sample_12.csv,2,1,sphere,cylinder,0.66994405,False,mixed_trained_xyz,3,ycb28
/content/pointnetpp_xyz_cache/ycb28_test/sphere/063_a_marbles_sample_13.csv,063_a_marbles,sphere,2,13,ycb28,ycb28_test,/content/drive/MyDrive/PointNet_APS_Project_V2/data/ycb28/extracted_models/063_a_marbles/063-a_marbles/google_16k/textured.obj,official_ycb_download,1000,/content/drive/MyDrive/PointNet_APS_Project_V2/data/ycb28/generated_pointclouds_bbox_norm/sphere/063_a_marbles/063_a_marbles_sample_13.csv,2,0,sphere,box,0.93520236,False,mixed_trained_xyz,3,ycb28
/content/pointnetpp_xyz_cache/ycb28_test/sphere/063_a_marbles_sample_14.csv,063_a_marbles,sphere,2,14,ycb28,ycb28_test,/content/drive/MyDrive/PointNet_APS_Project_V2/data/ycb28/extracted_models/063_a_marbles/063-a_marbles/google_16k/textured.obj,official_ycb_download,1000,/content/drive/MyDrive/PointNet_APS_Project_V2/data/ycb28/generated_pointclouds_bbox_norm/sphere/063_a_marbles/063_a_marbles_sample_14.csv,2,1,sphere,cylinder,0.5617647,False,mixed_trained_xyz,3,ycb28
/content/pointnetpp_xyz_cache/ycb28_test/sphere/063_a_marbles_sample_15.csv,063_a_marbles,sphere,2,15,ycb28,ycb28_test,/content/drive/MyDrive/PointNet_APS_Project_V2/data/ycb28/extracted_models/063_a_marbles/063-a_marbles/google_16k/textured.obj,official_ycb_download,1000,/content/drive/MyDrive/PointNet_APS_Project_V2/data/ycb28/generated_pointclouds_bbox_norm/sphere/063_a_marbles/063_a_marbles_sample_15.csv,2,0,sphere,box,0.90206313,False,mixed_trained_xyz,3,ycb28
/content/pointnetpp_xyz_cache/ycb28_test/sphere/063_a_marbles_sample_16.csv,063_a_marbles,sphere,2,16,ycb28,ycb28_test,/content/drive/MyDrive/PointNet_APS_Project_V2/data/ycb28/extracted_models/063_a_marbles/063-a_marbles/google_16k/textured.obj,official_ycb_download,1000,/content/drive/MyDrive/PointNet_APS_Project_V2/data/ycb28/generated_pointclouds_bbox_norm/sphere/063_a_marbles/063_a_marbles_sample_16.csv,2,0,sphere,box,0.8133712,False,mixed_trained_xyz,3,ycb28
/content/pointnetpp_xyz_cache/ycb28_test/sphere/063_a_marbles_sample_17.csv,063_a_marbles,sphere,2,17,ycb28,ycb28_test,/content/drive/MyDrive/PointNet_APS_Project_V2/data/ycb28/extracted_models/063_a_marbles/063-a_marbles/google_16k/textured.obj,official_ycb_download,1000,/content/drive/MyDrive/PointNet_APS_Project_V2/data/ycb28/generated_pointclouds_bbox_norm/sphere/063_a_marbles/063_a_marbles_sample_17.csv,2,1,sphere,cylinder,0.72368854,False,mixed_trained_xyz,3,ycb28
/content/pointnetpp_xyz_cache/ycb28_test/sphere/063_a_marbles_sample_18.csv,063_a_marbles,sphere,2,18,ycb28,ycb28_test,/content/drive/MyDrive/PointNet_APS_Project_V2/data/ycb28/extracted_models/063_a_marbles/063-a_marbles/google_16k/textured.obj,official_ycb_download,1000,/content/drive/MyDrive/PointNet_APS_Project_V2/data/ycb28/generated_pointclouds_bbox_norm/sphere/063_a_marbles/063_a_marbles_sample_18.csv,2,0,sphere,box,0.83956623,False,mixed_trained_xyz,3,ycb28
/content/pointnetpp_xyz_cache/ycb28_test/sphere/063_a_marbles_sample_19.csv,063_a_marbles,sphere,2,19,ycb28,ycb28_test,/content/drive/MyDrive/PointNet_APS_Project_V2/data/ycb28/extracted_models/063_a_marbles/063-a_marbles/google_16k/textured.obj,official_ycb_download,1000,/content/drive/MyDrive/PointNet_APS_Project_V2/data/ycb28/generated_pointclouds_bbox_norm/sphere/063_a_marbles/063_a_marbles_sample_19.csv,2,1,sphere,cylinder,0.6628525,False,mixed_trained_xyz,3,ycb28
