path,object_name,class_name,label,sample_id,variant,role,source_mesh,source_type,n_points,true_label,pred_label,true_class,pred_class,confidence,correct,train_condition,run_id
/content/drive/MyDrive/PointNet_APS_Project_V2/data/ycb28/generated_pointclouds_bbox_norm/box/003_cracker_box/003_cracker_box_sample_00.csv,003_cracker_box,box,0,0,ycb28,ycb28_test,/content/drive/MyDrive/PointNet_APS_Project_V2/data/ycb28/extracted_models/003_cracker_box/003_cracker_box/google_16k/textured.obj,official_ycb_download,1000,0,1,box,cylinder,0.68160206,False,error_trained,9
/content/drive/MyDrive/PointNet_APS_Project_V2/data/ycb28/generated_pointclouds_bbox_norm/box/003_cracker_box/003_cracker_box_sample_01.csv,003_cracker_box,box,0,1,ycb28,ycb28_test,/content/drive/MyDrive/PointNet_APS_Project_V2/data/ycb28/extracted_models/003_cracker_box/003_cracker_box/google_16k/textured.obj,official_ycb_download,1000,0,1,box,cylinder,0.9361459,False,error_trained,9
/content/drive/MyDrive/PointNet_APS_Project_V2/data/ycb28/generated_pointclouds_bbox_norm/box/003_cracker_box/003_cracker_box_sample_02.csv,003_cracker_box,box,0,2,ycb28,ycb28_test,/content/drive/MyDrive/PointNet_APS_Project_V2/data/ycb28/extracted_models/003_cracker_box/003_cracker_box/google_16k/textured.obj,official_ycb_download,1000,0,1,box,cylinder,0.7139534,False,error_trained,9
/content/drive/MyDrive/PointNet_APS_Project_V2/data/ycb28/generated_pointclouds_bbox_norm/box/003_cracker_box/003_cracker_box_sample_03.csv,003_cracker_box,box,0,3,ycb28,ycb28_test,/content/drive/MyDrive/PointNet_APS_Project_V2/data/ycb28/extracted_models/003_cracker_box/003_cracker_box/google_16k/textured.obj,official_ycb_download,1000,0,1,box,cylinder,0.9755475,False,error_trained,9
/content/drive/MyDrive/PointNet_APS_Project_V2/data/ycb28/generated_pointclouds_bbox_norm/box/003_cracker_box/003_cracker_box_sample_04.csv,003_cracker_box,box,0,4,ycb28,ycb28_test,/content/drive/MyDrive/PointNet_APS_Project_V2/data/ycb28/extracted_models/003_cracker_box/003_cracker_box/google_16k/textured.obj,official_ycb_download,1000,0,1,box,cylinder,0.8747207,False,error_trained,9
/content/drive/MyDrive/PointNet_APS_Project_V2/data/ycb28/generated_pointclouds_bbox_norm/box/003_cracker_box/003_cracker_box_sample_05.csv,003_cracker_box,box,0,5,ycb28,ycb28_test,/content/drive/MyDrive/PointNet_APS_Project_V2/data/ycb28/extracted_models/003_cracker_box/003_cracker_box/google_16k/textured.obj,official_ycb_download,1000,0,1,box,cylinder,0.6794757,False,error_trained,9
/content/drive/MyDrive/PointNet_APS_Project_V2/data/ycb28/generated_pointclouds_bbox_norm/box/003_cracker_box/003_cracker_box_sample_06.csv,003_cracker_box,box,0,6,ycb28,ycb28_test,/content/drive/MyDrive/PointNet_APS_Project_V2/data/ycb28/extracted_models/003_cracker_box/003_cracker_box/google_16k/textured.obj,official_ycb_download,1000,0,1,box,cylinder,0.49634537,False,error_trained,9
/content/drive/MyDrive/PointNet_APS_Project_V2/data/ycb28/generated_pointclouds_bbox_norm/box/003_cracker_box/003_cracker_box_sample_07.csv,003_cracker_box,box,0,7,ycb28,ycb28_test,/content/drive/MyDrive/PointNet_APS_Project_V2/data/ycb28/extracted_models/003_cracker_box/003_cracker_box/google_16k/textured.obj,official_ycb_download,1000,0,1,box,cylinder,0.55199873,False,error_trained,9
/content/drive/MyDrive/PointNet_APS_Project_V2/data/ycb28/generated_pointclouds_bbox_norm/box/003_cracker_box/003_cracker_box_sample_08.csv,003_cracker_box,box,0,8,ycb28,ycb28_test,/content/drive/MyDrive/PointNet_APS_Project_V2/data/ycb28/extracted_models/003_cracker_box/003_cracker_box/google_16k/textured.obj,official_ycb_download,1000,0,1,box,cylinder,0.9730459,False,error_trained,9
/content/drive/MyDrive/PointNet_APS_Project_V2/data/ycb28/generated_pointclouds_bbox_norm/box/003_cracker_box/003_cracker_box_sample_09.csv,003_cracker_box,box,0,9,ycb28,ycb28_test,/content/drive/MyDrive/PointNet_APS_Project_V2/data/ycb28/extracted_models/003_cracker_box/003_cracker_box/google_16k/textured.obj,official_ycb_download,1000,0,0,box,box,0.54249537,True,error_trained,9
/content/drive/MyDrive/PointNet_APS_Project_V2/data/ycb28/generated_pointclouds_bbox_norm/box/003_cracker_box/003_cracker_box_sample_10.csv,003_cracker_box,box,0,10,ycb28,ycb28_test,/content/drive/MyDrive/PointNet_APS_Project_V2/data/ycb28/extracted_models/003_cracker_box/003_cracker_box/google_16k/textured.obj,official_ycb_download,1000,0,0,box,box,0.86115205,True,error_trained,9
/content/drive/MyDrive/PointNet_APS_Project_V2/data/ycb28/generated_pointclouds_bbox_norm/box/003_cracker_box/003_cracker_box_sample_11.csv,003_cracker_box,box,0,11,ycb28,ycb28_test,/content/drive/MyDrive/PointNet_APS_Project_V2/data/ycb28/extracted_models/003_cracker_box/003_cracker_box/google_16k/textured.obj,official_ycb_download,1000,0,1,box,cylinder,0.9378327,False,error_trained,9
/content/drive/MyDrive/PointNet_APS_Project_V2/data/ycb28/generated_pointclouds_bbox_norm/box/003_cracker_box/003_cracker_box_sample_12.csv,003_cracker_box,box,0,12,ycb28,ycb28_test,/content/drive/MyDrive/PointNet_APS_Project_V2/data/ycb28/extracted_models/003_cracker_box/003_cracker_box/google_16k/textured.obj,official_ycb_download,1000,0,1,box,cylinder,0.8569976,False,error_trained,9
/content/drive/MyDrive/PointNet_APS_Project_V2/data/ycb28/generated_pointclouds_bbox_norm/box/003_cracker_box/003_cracker_box_sample_13.csv,003_cracker_box,box,0,13,ycb28,ycb28_test,/content/drive/MyDrive/PointNet_APS_Project_V2/data/ycb28/extracted_models/003_cracker_box/003_cracker_box/google_16k/textured.obj,official_ycb_download,1000,0,1,box,cylinder,0.9430692,False,error_trained,9
/content/drive/MyDrive/PointNet_APS_Project_V2/data/ycb28/generated_pointclouds_bbox_norm/box/003_cracker_box/003_cracker_box_sample_14.csv,003_cracker_box,box,0,14,ycb28,ycb28_test,/content/drive/MyDrive/PointNet_APS_Project_V2/data/ycb28/extracted_models/003_cracker_box/003_cracker_box/google_16k/textured.obj,official_ycb_download,1000,0,1,box,cylinder,0.73209065,False,error_trained,9
/content/drive/MyDrive/PointNet_APS_Project_V2/data/ycb28/generated_pointclouds_bbox_norm/box/003_cracker_box/003_cracker_box_sample_15.csv,003_cracker_box,box,0,15,ycb28,ycb28_test,/content/drive/MyDrive/PointNet_APS_Project_V2/data/ycb28/extracted_models/003_cracker_box/003_cracker_box/google_16k/textured.obj,official_ycb_download,1000,0,1,box,cylinder,0.52757055,False,error_trained,9
/content/drive/MyDrive/PointNet_APS_Project_V2/data/ycb28/generated_pointclouds_bbox_norm/box/003_cracker_box/003_cracker_box_sample_16.csv,003_cracker_box,box,0,16,ycb28,ycb28_test,/content/drive/MyDrive/PointNet_APS_Project_V2/data/ycb28/extracted_models/003_cracker_box/003_cracker_box/google_16k/textured.obj,official_ycb_download,1000,0,0,box,box,0.95565176,True,error_trained,9
/content/drive/MyDrive/PointNet_APS_Project_V2/data/ycb28/generated_pointclouds_bbox_norm/box/003_cracker_box/003_cracker_box_sample_17.csv,003_cracker_box,box,0,17,ycb28,ycb28_test,/content/drive/MyDrive/PointNet_APS_Project_V2/data/ycb28/extracted_models/003_cracker_box/003_cracker_box/google_16k/textured.obj,official_ycb_download,1000,0,1,box,cylinder,0.93663543,False,error_trained,9
/content/drive/MyDrive/PointNet_APS_Project_V2/data/ycb28/generated_pointclouds_bbox_norm/box/003_cracker_box/003_cracker_box_sample_18.csv,003_cracker_box,box,0,18,ycb28,ycb28_test,/content/drive/MyDrive/PointNet_APS_Project_V2/data/ycb28/extracted_models/003_cracker_box/003_cracker_box/google_16k/textured.obj,official_ycb_download,1000,0,1,box,cylinder,0.8732799,False,error_trained,9
/content/drive/MyDrive/PointNet_APS_Project_V2/data/ycb28/generated_pointclouds_bbox_norm/box/003_cracker_box/003_cracker_box_sample_19.csv,003_cracker_box,box,0,19,ycb28,ycb28_test,/content/drive/MyDrive/PointNet_APS_Project_V2/data/ycb28/extracted_models/003_cracker_box/003_cracker_box/google_16k/textured.obj,official_ycb_download,1000,0,1,box,cylinder,0.5264044,False,error_trained,9
/content/drive/MyDrive/PointNet_APS_Project_V2/data/ycb28/generated_pointclouds_bbox_norm/box/004_sugar_box/004_sugar_box_sample_00.csv,004_sugar_box,box,0,0,ycb28,ycb28_test,/content/drive/MyDrive/PointNet_APS_Project_V2/data/ycb28/extracted_models/004_sugar_box/004_sugar_box/google_16k/textured.obj,official_ycb_download,1000,0,1,box,cylinder,0.5395594,False,error_trained,9
/content/drive/MyDrive/PointNet_APS_Project_V2/data/ycb28/generated_pointclouds_bbox_norm/box/004_sugar_box/004_sugar_box_sample_01.csv,004_sugar_box,box,0,1,ycb28,ycb28_test,/content/drive/MyDrive/PointNet_APS_Project_V2/data/ycb28/extracted_models/004_sugar_box/004_sugar_box/google_16k/textured.obj,official_ycb_download,1000,0,1,box,cylinder,0.8361477,False,error_trained,9
/content/drive/MyDrive/PointNet_APS_Project_V2/data/ycb28/generated_pointclouds_bbox_norm/box/004_sugar_box/004_sugar_box_sample_02.csv,004_sugar_box,box,0,2,ycb28,ycb28_test,/content/drive/MyDrive/PointNet_APS_Project_V2/data/ycb28/extracted_models/004_sugar_box/004_sugar_box/google_16k/textured.obj,official_ycb_download,1000,0,1,box,cylinder,0.95458156,False,error_trained,9
/content/drive/MyDrive/PointNet_APS_Project_V2/data/ycb28/generated_pointclouds_bbox_norm/box/004_sugar_box/004_sugar_box_sample_03.csv,004_sugar_box,box,0,3,ycb28,ycb28_test,/content/drive/MyDrive/PointNet_APS_Project_V2/data/ycb28/extracted_models/004_sugar_box/004_sugar_box/google_16k/textured.obj,official_ycb_download,1000,0,1,box,cylinder,0.9435396,False,error_trained,9
/content/drive/MyDrive/PointNet_APS_Project_V2/data/ycb28/generated_pointclouds_bbox_norm/box/004_sugar_box/004_sugar_box_sample_04.csv,004_sugar_box,box,0,4,ycb28,ycb28_test,/content/drive/MyDrive/PointNet_APS_Project_V2/data/ycb28/extracted_models/004_sugar_box/004_sugar_box/google_16k/textured.obj,official_ycb_download,1000,0,1,box,cylinder,0.98101497,False,error_trained,9
/content/drive/MyDrive/PointNet_APS_Project_V2/data/ycb28/generated_pointclouds_bbox_norm/box/004_sugar_box/004_sugar_box_sample_05.csv,004_sugar_box,box,0,5,ycb28,ycb28_test,/content/drive/MyDrive/PointNet_APS_Project_V2/data/ycb28/extracted_models/004_sugar_box/004_sugar_box/google_16k/textured.obj,official_ycb_download,1000,0,0,box,box,0.7233497,True,error_trained,9
/content/drive/MyDrive/PointNet_APS_Project_V2/data/ycb28/generated_pointclouds_bbox_norm/box/004_sugar_box/004_sugar_box_sample_06.csv,004_sugar_box,box,0,6,ycb28,ycb28_test,/content/drive/MyDrive/PointNet_APS_Project_V2/data/ycb28/extracted_models/004_sugar_box/004_sugar_box/google_16k/textured.obj,official_ycb_download,1000,0,1,box,cylinder,0.9493174,False,error_trained,9
/content/drive/MyDrive/PointNet_APS_Project_V2/data/ycb28/generated_pointclouds_bbox_norm/box/004_sugar_box/004_sugar_box_sample_07.csv,004_sugar_box,box,0,7,ycb28,ycb28_test,/content/drive/MyDrive/PointNet_APS_Project_V2/data/ycb28/extracted_models/004_sugar_box/004_sugar_box/google_16k/textured.obj,official_ycb_download,1000,0,1,box,cylinder,0.6580342,False,error_trained,9
/content/drive/MyDrive/PointNet_APS_Project_V2/data/ycb28/generated_pointclouds_bbox_norm/box/004_sugar_box/004_sugar_box_sample_08.csv,004_sugar_box,box,0,8,ycb28,ycb28_test,/content/drive/MyDrive/PointNet_APS_Project_V2/data/ycb28/extracted_models/004_sugar_box/004_sugar_box/google_16k/textured.obj,official_ycb_download,1000,0,0,box,box,0.61555505,True,error_trained,9
/content/drive/MyDrive/PointNet_APS_Project_V2/data/ycb28/generated_pointclouds_bbox_norm/box/004_sugar_box/004_sugar_box_sample_09.csv,004_sugar_box,box,0,9,ycb28,ycb28_test,/content/drive/MyDrive/PointNet_APS_Project_V2/data/ycb28/extracted_models/004_sugar_box/004_sugar_box/google_16k/textured.obj,official_ycb_download,1000,0,1,box,cylinder,0.8893271,False,error_trained,9
/content/drive/MyDrive/PointNet_APS_Project_V2/data/ycb28/generated_pointclouds_bbox_norm/box/004_sugar_box/004_sugar_box_sample_10.csv,004_sugar_box,box,0,10,ycb28,ycb28_test,/content/drive/MyDrive/PointNet_APS_Project_V2/data/ycb28/extracted_models/004_sugar_box/004_sugar_box/google_16k/textured.obj,official_ycb_download,1000,0,1,box,cylinder,0.82012624,False,error_trained,9
/content/drive/MyDrive/PointNet_APS_Project_V2/data/ycb28/generated_pointclouds_bbox_norm/box/004_sugar_box/004_sugar_box_sample_11.csv,004_sugar_box,box,0,11,ycb28,ycb28_test,/content/drive/MyDrive/PointNet_APS_Project_V2/data/ycb28/extracted_models/004_sugar_box/004_sugar_box/google_16k/textured.obj,official_ycb_download,1000,0,1,box,cylinder,0.9524579,False,error_trained,9
/content/drive/MyDrive/PointNet_APS_Project_V2/data/ycb28/generated_pointclouds_bbox_norm/box/004_sugar_box/004_sugar_box_sample_12.csv,004_sugar_box,box,0,12,ycb28,ycb28_test,/content/drive/MyDrive/PointNet_APS_Project_V2/data/ycb28/extracted_models/004_sugar_box/004_sugar_box/google_16k/textured.obj,official_ycb_download,1000,0,1,box,cylinder,0.67604786,False,error_trained,9
/content/drive/MyDrive/PointNet_APS_Project_V2/data/ycb28/generated_pointclouds_bbox_norm/box/004_sugar_box/004_sugar_box_sample_13.csv,004_sugar_box,box,0,13,ycb28,ycb28_test,/content/drive/MyDrive/PointNet_APS_Project_V2/data/ycb28/extracted_models/004_sugar_box/004_sugar_box/google_16k/textured.obj,official_ycb_download,1000,0,0,box,box,0.6141648,True,error_trained,9
/content/drive/MyDrive/PointNet_APS_Project_V2/data/ycb28/generated_pointclouds_bbox_norm/box/004_sugar_box/004_sugar_box_sample_14.csv,004_sugar_box,box,0,14,ycb28,ycb28_test,/content/drive/MyDrive/PointNet_APS_Project_V2/data/ycb28/extracted_models/004_sugar_box/004_sugar_box/google_16k/textured.obj,official_ycb_download,1000,0,1,box,cylinder,0.62273794,False,error_trained,9
/content/drive/MyDrive/PointNet_APS_Project_V2/data/ycb28/generated_pointclouds_bbox_norm/box/004_sugar_box/004_sugar_box_sample_15.csv,004_sugar_box,box,0,15,ycb28,ycb28_test,/content/drive/MyDrive/PointNet_APS_Project_V2/data/ycb28/extracted_models/004_sugar_box/004_sugar_box/google_16k/textured.obj,official_ycb_download,1000,0,1,box,cylinder,0.77699417,False,error_trained,9
/content/drive/MyDrive/PointNet_APS_Project_V2/data/ycb28/generated_pointclouds_bbox_norm/box/004_sugar_box/004_sugar_box_sample_16.csv,004_sugar_box,box,0,16,ycb28,ycb28_test,/content/drive/MyDrive/PointNet_APS_Project_V2/data/ycb28/extracted_models/004_sugar_box/004_sugar_box/google_16k/textured.obj,official_ycb_download,1000,0,1,box,cylinder,0.9710046,False,error_trained,9
/content/drive/MyDrive/PointNet_APS_Project_V2/data/ycb28/generated_pointclouds_bbox_norm/box/004_sugar_box/004_sugar_box_sample_17.csv,004_sugar_box,box,0,17,ycb28,ycb28_test,/content/drive/MyDrive/PointNet_APS_Project_V2/data/ycb28/extracted_models/004_sugar_box/004_sugar_box/google_16k/textured.obj,official_ycb_download,1000,0,1,box,cylinder,0.8039454,False,error_trained,9
/content/drive/MyDrive/PointNet_APS_Project_V2/data/ycb28/generated_pointclouds_bbox_norm/box/004_sugar_box/004_sugar_box_sample_18.csv,004_sugar_box,box,0,18,ycb28,ycb28_test,/content/drive/MyDrive/PointNet_APS_Project_V2/data/ycb28/extracted_models/004_sugar_box/004_sugar_box/google_16k/textured.obj,official_ycb_download,1000,0,1,box,cylinder,0.5654306,False,error_trained,9
/content/drive/MyDrive/PointNet_APS_Project_V2/data/ycb28/generated_pointclouds_bbox_norm/box/004_sugar_box/004_sugar_box_sample_19.csv,004_sugar_box,box,0,19,ycb28,ycb28_test,/content/drive/MyDrive/PointNet_APS_Project_V2/data/ycb28/extracted_models/004_sugar_box/004_sugar_box/google_16k/textured.obj,official_ycb_download,1000,0,0,box,box,0.95766956,True,error_trained,9
/content/drive/MyDrive/PointNet_APS_Project_V2/data/ycb28/generated_pointclouds_bbox_norm/box/008_pudding_box/008_pudding_box_sample_00.csv,008_pudding_box,box,0,0,ycb28,ycb28_test,/content/drive/MyDrive/PointNet_APS_Project_V2/data/ycb28/extracted_models/008_pudding_box/008_pudding_box/google_16k/textured.obj,official_ycb_download,1000,0,1,box,cylinder,0.9280296,False,error_trained,9
/content/drive/MyDrive/PointNet_APS_Project_V2/data/ycb28/generated_pointclouds_bbox_norm/box/008_pudding_box/008_pudding_box_sample_01.csv,008_pudding_box,box,0,1,ycb28,ycb28_test,/content/drive/MyDrive/PointNet_APS_Project_V2/data/ycb28/extracted_models/008_pudding_box/008_pudding_box/google_16k/textured.obj,official_ycb_download,1000,0,1,box,cylinder,0.8857804,False,error_trained,9
/content/drive/MyDrive/PointNet_APS_Project_V2/data/ycb28/generated_pointclouds_bbox_norm/box/008_pudding_box/008_pudding_box_sample_02.csv,008_pudding_box,box,0,2,ycb28,ycb28_test,/content/drive/MyDrive/PointNet_APS_Project_V2/data/ycb28/extracted_models/008_pudding_box/008_pudding_box/google_16k/textured.obj,official_ycb_download,1000,0,1,box,cylinder,0.78366846,False,error_trained,9
/content/drive/MyDrive/PointNet_APS_Project_V2/data/ycb28/generated_pointclouds_bbox_norm/box/008_pudding_box/008_pudding_box_sample_03.csv,008_pudding_box,box,0,3,ycb28,ycb28_test,/content/drive/MyDrive/PointNet_APS_Project_V2/data/ycb28/extracted_models/008_pudding_box/008_pudding_box/google_16k/textured.obj,official_ycb_download,1000,0,0,box,box,0.8207838,True,error_trained,9
/content/drive/MyDrive/PointNet_APS_Project_V2/data/ycb28/generated_pointclouds_bbox_norm/box/008_pudding_box/008_pudding_box_sample_04.csv,008_pudding_box,box,0,4,ycb28,ycb28_test,/content/drive/MyDrive/PointNet_APS_Project_V2/data/ycb28/extracted_models/008_pudding_box/008_pudding_box/google_16k/textured.obj,official_ycb_download,1000,0,1,box,cylinder,0.6692598,False,error_trained,9
/content/drive/MyDrive/PointNet_APS_Project_V2/data/ycb28/generated_pointclouds_bbox_norm/box/008_pudding_box/008_pudding_box_sample_05.csv,008_pudding_box,box,0,5,ycb28,ycb28_test,/content/drive/MyDrive/PointNet_APS_Project_V2/data/ycb28/extracted_models/008_pudding_box/008_pudding_box/google_16k/textured.obj,official_ycb_download,1000,0,1,box,cylinder,0.80709285,False,error_trained,9
/content/drive/MyDrive/PointNet_APS_Project_V2/data/ycb28/generated_pointclouds_bbox_norm/box/008_pudding_box/008_pudding_box_sample_06.csv,008_pudding_box,box,0,6,ycb28,ycb28_test,/content/drive/MyDrive/PointNet_APS_Project_V2/data/ycb28/extracted_models/008_pudding_box/008_pudding_box/google_16k/textured.obj,official_ycb_download,1000,0,1,box,cylinder,0.66358733,False,error_trained,9
/content/drive/MyDrive/PointNet_APS_Project_V2/data/ycb28/generated_pointclouds_bbox_norm/box/008_pudding_box/008_pudding_box_sample_07.csv,008_pudding_box,box,0,7,ycb28,ycb28_test,/content/drive/MyDrive/PointNet_APS_Project_V2/data/ycb28/extracted_models/008_pudding_box/008_pudding_box/google_16k/textured.obj,official_ycb_download,1000,0,1,box,cylinder,0.978678,False,error_trained,9
/content/drive/MyDrive/PointNet_APS_Project_V2/data/ycb28/generated_pointclouds_bbox_norm/box/008_pudding_box/008_pudding_box_sample_08.csv,008_pudding_box,box,0,8,ycb28,ycb28_test,/content/drive/MyDrive/PointNet_APS_Project_V2/data/ycb28/extracted_models/008_pudding_box/008_pudding_box/google_16k/textured.obj,official_ycb_download,1000,0,1,box,cylinder,0.87092954,False,error_trained,9
/content/drive/MyDrive/PointNet_APS_Project_V2/data/ycb28/generated_pointclouds_bbox_norm/box/008_pudding_box/008_pudding_box_sample_09.csv,008_pudding_box,box,0,9,ycb28,ycb28_test,/content/drive/MyDrive/PointNet_APS_Project_V2/data/ycb28/extracted_models/008_pudding_box/008_pudding_box/google_16k/textured.obj,official_ycb_download,1000,0,1,box,cylinder,0.9184152,False,error_trained,9
/content/drive/MyDrive/PointNet_APS_Project_V2/data/ycb28/generated_pointclouds_bbox_norm/box/008_pudding_box/008_pudding_box_sample_10.csv,008_pudding_box,box,0,10,ycb28,ycb28_test,/content/drive/MyDrive/PointNet_APS_Project_V2/data/ycb28/extracted_models/008_pudding_box/008_pudding_box/google_16k/textured.obj,official_ycb_download,1000,0,1,box,cylinder,0.98160917,False,error_trained,9
/content/drive/MyDrive/PointNet_APS_Project_V2/data/ycb28/generated_pointclouds_bbox_norm/box/008_pudding_box/008_pudding_box_sample_11.csv,008_pudding_box,box,0,11,ycb28,ycb28_test,/content/drive/MyDrive/PointNet_APS_Project_V2/data/ycb28/extracted_models/008_pudding_box/008_pudding_box/google_16k/textured.obj,official_ycb_download,1000,0,1,box,cylinder,0.5229582,False,error_trained,9
/content/drive/MyDrive/PointNet_APS_Project_V2/data/ycb28/generated_pointclouds_bbox_norm/box/008_pudding_box/008_pudding_box_sample_12.csv,008_pudding_box,box,0,12,ycb28,ycb28_test,/content/drive/MyDrive/PointNet_APS_Project_V2/data/ycb28/extracted_models/008_pudding_box/008_pudding_box/google_16k/textured.obj,official_ycb_download,1000,0,1,box,cylinder,0.6182382,False,error_trained,9
/content/drive/MyDrive/PointNet_APS_Project_V2/data/ycb28/generated_pointclouds_bbox_norm/box/008_pudding_box/008_pudding_box_sample_13.csv,008_pudding_box,box,0,13,ycb28,ycb28_test,/content/drive/MyDrive/PointNet_APS_Project_V2/data/ycb28/extracted_models/008_pudding_box/008_pudding_box/google_16k/textured.obj,official_ycb_download,1000,0,1,box,cylinder,0.8639246,False,error_trained,9
/content/drive/MyDrive/PointNet_APS_Project_V2/data/ycb28/generated_pointclouds_bbox_norm/box/008_pudding_box/008_pudding_box_sample_14.csv,008_pudding_box,box,0,14,ycb28,ycb28_test,/content/drive/MyDrive/PointNet_APS_Project_V2/data/ycb28/extracted_models/008_pudding_box/008_pudding_box/google_16k/textured.obj,official_ycb_download,1000,0,1,box,cylinder,0.7169835,False,error_trained,9
/content/drive/MyDrive/PointNet_APS_Project_V2/data/ycb28/generated_pointclouds_bbox_norm/box/008_pudding_box/008_pudding_box_sample_15.csv,008_pudding_box,box,0,15,ycb28,ycb28_test,/content/drive/MyDrive/PointNet_APS_Project_V2/data/ycb28/extracted_models/008_pudding_box/008_pudding_box/google_16k/textured.obj,official_ycb_download,1000,0,0,box,box,0.5875712,True,error_trained,9
/content/drive/MyDrive/PointNet_APS_Project_V2/data/ycb28/generated_pointclouds_bbox_norm/box/008_pudding_box/008_pudding_box_sample_16.csv,008_pudding_box,box,0,16,ycb28,ycb28_test,/content/drive/MyDrive/PointNet_APS_Project_V2/data/ycb28/extracted_models/008_pudding_box/008_pudding_box/google_16k/textured.obj,official_ycb_download,1000,0,1,box,cylinder,0.9593467,False,error_trained,9
/content/drive/MyDrive/PointNet_APS_Project_V2/data/ycb28/generated_pointclouds_bbox_norm/box/008_pudding_box/008_pudding_box_sample_17.csv,008_pudding_box,box,0,17,ycb28,ycb28_test,/content/drive/MyDrive/PointNet_APS_Project_V2/data/ycb28/extracted_models/008_pudding_box/008_pudding_box/google_16k/textured.obj,official_ycb_download,1000,0,1,box,cylinder,0.61737394,False,error_trained,9
/content/drive/MyDrive/PointNet_APS_Project_V2/data/ycb28/generated_pointclouds_bbox_norm/box/008_pudding_box/008_pudding_box_sample_18.csv,008_pudding_box,box,0,18,ycb28,ycb28_test,/content/drive/MyDrive/PointNet_APS_Project_V2/data/ycb28/extracted_models/008_pudding_box/008_pudding_box/google_16k/textured.obj,official_ycb_download,1000,0,1,box,cylinder,0.8755089,False,error_trained,9
/content/drive/MyDrive/PointNet_APS_Project_V2/data/ycb28/generated_pointclouds_bbox_norm/box/008_pudding_box/008_pudding_box_sample_19.csv,008_pudding_box,box,0,19,ycb28,ycb28_test,/content/drive/MyDrive/PointNet_APS_Project_V2/data/ycb28/extracted_models/008_pudding_box/008_pudding_box/google_16k/textured.obj,official_ycb_download,1000,0,1,box,cylinder,0.8717242,False,error_trained,9
/content/drive/MyDrive/PointNet_APS_Project_V2/data/ycb28/generated_pointclouds_bbox_norm/box/009_gelatin_box/009_gelatin_box_sample_00.csv,009_gelatin_box,box,0,0,ycb28,ycb28_test,/content/drive/MyDrive/PointNet_APS_Project_V2/data/ycb28/extracted_models/009_gelatin_box/009_gelatin_box/google_16k/textured.obj,official_ycb_download,1000,0,1,box,cylinder,0.81550187,False,error_trained,9
/content/drive/MyDrive/PointNet_APS_Project_V2/data/ycb28/generated_pointclouds_bbox_norm/box/009_gelatin_box/009_gelatin_box_sample_01.csv,009_gelatin_box,box,0,1,ycb28,ycb28_test,/content/drive/MyDrive/PointNet_APS_Project_V2/data/ycb28/extracted_models/009_gelatin_box/009_gelatin_box/google_16k/textured.obj,official_ycb_download,1000,0,1,box,cylinder,0.9644586,False,error_trained,9
/content/drive/MyDrive/PointNet_APS_Project_V2/data/ycb28/generated_pointclouds_bbox_norm/box/009_gelatin_box/009_gelatin_box_sample_02.csv,009_gelatin_box,box,0,2,ycb28,ycb28_test,/content/drive/MyDrive/PointNet_APS_Project_V2/data/ycb28/extracted_models/009_gelatin_box/009_gelatin_box/google_16k/textured.obj,official_ycb_download,1000,0,1,box,cylinder,0.95545053,False,error_trained,9
/content/drive/MyDrive/PointNet_APS_Project_V2/data/ycb28/generated_pointclouds_bbox_norm/box/009_gelatin_box/009_gelatin_box_sample_03.csv,009_gelatin_box,box,0,3,ycb28,ycb28_test,/content/drive/MyDrive/PointNet_APS_Project_V2/data/ycb28/extracted_models/009_gelatin_box/009_gelatin_box/google_16k/textured.obj,official_ycb_download,1000,0,1,box,cylinder,0.866235,False,error_trained,9
/content/drive/MyDrive/PointNet_APS_Project_V2/data/ycb28/generated_pointclouds_bbox_norm/box/009_gelatin_box/009_gelatin_box_sample_04.csv,009_gelatin_box,box,0,4,ycb28,ycb28_test,/content/drive/MyDrive/PointNet_APS_Project_V2/data/ycb28/extracted_models/009_gelatin_box/009_gelatin_box/google_16k/textured.obj,official_ycb_download,1000,0,0,box,box,0.787904,True,error_trained,9
/content/drive/MyDrive/PointNet_APS_Project_V2/data/ycb28/generated_pointclouds_bbox_norm/box/009_gelatin_box/009_gelatin_box_sample_05.csv,009_gelatin_box,box,0,5,ycb28,ycb28_test,/content/drive/MyDrive/PointNet_APS_Project_V2/data/ycb28/extracted_models/009_gelatin_box/009_gelatin_box/google_16k/textured.obj,official_ycb_download,1000,0,1,box,cylinder,0.9536096,False,error_trained,9
/content/drive/MyDrive/PointNet_APS_Project_V2/data/ycb28/generated_pointclouds_bbox_norm/box/009_gelatin_box/009_gelatin_box_sample_06.csv,009_gelatin_box,box,0,6,ycb28,ycb28_test,/content/drive/MyDrive/PointNet_APS_Project_V2/data/ycb28/extracted_models/009_gelatin_box/009_gelatin_box/google_16k/textured.obj,official_ycb_download,1000,0,1,box,cylinder,0.71709466,False,error_trained,9
/content/drive/MyDrive/PointNet_APS_Project_V2/data/ycb28/generated_pointclouds_bbox_norm/box/009_gelatin_box/009_gelatin_box_sample_07.csv,009_gelatin_box,box,0,7,ycb28,ycb28_test,/content/drive/MyDrive/PointNet_APS_Project_V2/data/ycb28/extracted_models/009_gelatin_box/009_gelatin_box/google_16k/textured.obj,official_ycb_download,1000,0,1,box,cylinder,0.888824,False,error_trained,9
/content/drive/MyDrive/PointNet_APS_Project_V2/data/ycb28/generated_pointclouds_bbox_norm/box/009_gelatin_box/009_gelatin_box_sample_08.csv,009_gelatin_box,box,0,8,ycb28,ycb28_test,/content/drive/MyDrive/PointNet_APS_Project_V2/data/ycb28/extracted_models/009_gelatin_box/009_gelatin_box/google_16k/textured.obj,official_ycb_download,1000,0,1,box,cylinder,0.93185663,False,error_trained,9
/content/drive/MyDrive/PointNet_APS_Project_V2/data/ycb28/generated_pointclouds_bbox_norm/box/009_gelatin_box/009_gelatin_box_sample_09.csv,009_gelatin_box,box,0,9,ycb28,ycb28_test,/content/drive/MyDrive/PointNet_APS_Project_V2/data/ycb28/extracted_models/009_gelatin_box/009_gelatin_box/google_16k/textured.obj,official_ycb_download,1000,0,1,box,cylinder,0.9202778,False,error_trained,9
/content/drive/MyDrive/PointNet_APS_Project_V2/data/ycb28/generated_pointclouds_bbox_norm/box/009_gelatin_box/009_gelatin_box_sample_10.csv,009_gelatin_box,box,0,10,ycb28,ycb28_test,/content/drive/MyDrive/PointNet_APS_Project_V2/data/ycb28/extracted_models/009_gelatin_box/009_gelatin_box/google_16k/textured.obj,official_ycb_download,1000,0,1,box,cylinder,0.81568134,False,error_trained,9
/content/drive/MyDrive/PointNet_APS_Project_V2/data/ycb28/generated_pointclouds_bbox_norm/box/009_gelatin_box/009_gelatin_box_sample_11.csv,009_gelatin_box,box,0,11,ycb28,ycb28_test,/content/drive/MyDrive/PointNet_APS_Project_V2/data/ycb28/extracted_models/009_gelatin_box/009_gelatin_box/google_16k/textured.obj,official_ycb_download,1000,0,1,box,cylinder,0.9222215,False,error_trained,9
/content/drive/MyDrive/PointNet_APS_Project_V2/data/ycb28/generated_pointclouds_bbox_norm/box/009_gelatin_box/009_gelatin_box_sample_12.csv,009_gelatin_box,box,0,12,ycb28,ycb28_test,/content/drive/MyDrive/PointNet_APS_Project_V2/data/ycb28/extracted_models/009_gelatin_box/009_gelatin_box/google_16k/textured.obj,official_ycb_download,1000,0,1,box,cylinder,0.9420216,False,error_trained,9
/content/drive/MyDrive/PointNet_APS_Project_V2/data/ycb28/generated_pointclouds_bbox_norm/box/009_gelatin_box/009_gelatin_box_sample_13.csv,009_gelatin_box,box,0,13,ycb28,ycb28_test,/content/drive/MyDrive/PointNet_APS_Project_V2/data/ycb28/extracted_models/009_gelatin_box/009_gelatin_box/google_16k/textured.obj,official_ycb_download,1000,0,1,box,cylinder,0.8428114,False,error_trained,9
/content/drive/MyDrive/PointNet_APS_Project_V2/data/ycb28/generated_pointclouds_bbox_norm/box/009_gelatin_box/009_gelatin_box_sample_14.csv,009_gelatin_box,box,0,14,ycb28,ycb28_test,/content/drive/MyDrive/PointNet_APS_Project_V2/data/ycb28/extracted_models/009_gelatin_box/009_gelatin_box/google_16k/textured.obj,official_ycb_download,1000,0,1,box,cylinder,0.91145325,False,error_trained,9
/content/drive/MyDrive/PointNet_APS_Project_V2/data/ycb28/generated_pointclouds_bbox_norm/box/009_gelatin_box/009_gelatin_box_sample_15.csv,009_gelatin_box,box,0,15,ycb28,ycb28_test,/content/drive/MyDrive/PointNet_APS_Project_V2/data/ycb28/extracted_models/009_gelatin_box/009_gelatin_box/google_16k/textured.obj,official_ycb_download,1000,0,1,box,cylinder,0.75875425,False,error_trained,9
/content/drive/MyDrive/PointNet_APS_Project_V2/data/ycb28/generated_pointclouds_bbox_norm/box/009_gelatin_box/009_gelatin_box_sample_16.csv,009_gelatin_box,box,0,16,ycb28,ycb28_test,/content/drive/MyDrive/PointNet_APS_Project_V2/data/ycb28/extracted_models/009_gelatin_box/009_gelatin_box/google_16k/textured.obj,official_ycb_download,1000,0,1,box,cylinder,0.9188373,False,error_trained,9
/content/drive/MyDrive/PointNet_APS_Project_V2/data/ycb28/generated_pointclouds_bbox_norm/box/009_gelatin_box/009_gelatin_box_sample_17.csv,009_gelatin_box,box,0,17,ycb28,ycb28_test,/content/drive/MyDrive/PointNet_APS_Project_V2/data/ycb28/extracted_models/009_gelatin_box/009_gelatin_box/google_16k/textured.obj,official_ycb_download,1000,0,1,box,cylinder,0.92735064,False,error_trained,9
/content/drive/MyDrive/PointNet_APS_Project_V2/data/ycb28/generated_pointclouds_bbox_norm/box/009_gelatin_box/009_gelatin_box_sample_18.csv,009_gelatin_box,box,0,18,ycb28,ycb28_test,/content/drive/MyDrive/PointNet_APS_Project_V2/data/ycb28/extracted_models/009_gelatin_box/009_gelatin_box/google_16k/textured.obj,official_ycb_download,1000,0,1,box,cylinder,0.9683036,False,error_trained,9
/content/drive/MyDrive/PointNet_APS_Project_V2/data/ycb28/generated_pointclouds_bbox_norm/box/009_gelatin_box/009_gelatin_box_sample_19.csv,009_gelatin_box,box,0,19,ycb28,ycb28_test,/content/drive/MyDrive/PointNet_APS_Project_V2/data/ycb28/extracted_models/009_gelatin_box/009_gelatin_box/google_16k/textured.obj,official_ycb_download,1000,0,0,box,box,0.80093193,True,error_trained,9
/content/drive/MyDrive/PointNet_APS_Project_V2/data/ycb28/generated_pointclouds_bbox_norm/box/010_potted_meat_can/010_potted_meat_can_sample_00.csv,010_potted_meat_can,box,0,0,ycb28,ycb28_test,/content/drive/MyDrive/PointNet_APS_Project_V2/data/ycb28/extracted_models/010_potted_meat_can/010_potted_meat_can/google_16k/textured.obj,official_ycb_download,1000,0,1,box,cylinder,0.74116695,False,error_trained,9
/content/drive/MyDrive/PointNet_APS_Project_V2/data/ycb28/generated_pointclouds_bbox_norm/box/010_potted_meat_can/010_potted_meat_can_sample_01.csv,010_potted_meat_can,box,0,1,ycb28,ycb28_test,/content/drive/MyDrive/PointNet_APS_Project_V2/data/ycb28/extracted_models/010_potted_meat_can/010_potted_meat_can/google_16k/textured.obj,official_ycb_download,1000,0,1,box,cylinder,0.9784963,False,error_trained,9
/content/drive/MyDrive/PointNet_APS_Project_V2/data/ycb28/generated_pointclouds_bbox_norm/box/010_potted_meat_can/010_potted_meat_can_sample_02.csv,010_potted_meat_can,box,0,2,ycb28,ycb28_test,/content/drive/MyDrive/PointNet_APS_Project_V2/data/ycb28/extracted_models/010_potted_meat_can/010_potted_meat_can/google_16k/textured.obj,official_ycb_download,1000,0,1,box,cylinder,0.9187206,False,error_trained,9
/content/drive/MyDrive/PointNet_APS_Project_V2/data/ycb28/generated_pointclouds_bbox_norm/box/010_potted_meat_can/010_potted_meat_can_sample_03.csv,010_potted_meat_can,box,0,3,ycb28,ycb28_test,/content/drive/MyDrive/PointNet_APS_Project_V2/data/ycb28/extracted_models/010_potted_meat_can/010_potted_meat_can/google_16k/textured.obj,official_ycb_download,1000,0,1,box,cylinder,0.95527226,False,error_trained,9
/content/drive/MyDrive/PointNet_APS_Project_V2/data/ycb28/generated_pointclouds_bbox_norm/box/010_potted_meat_can/010_potted_meat_can_sample_04.csv,010_potted_meat_can,box,0,4,ycb28,ycb28_test,/content/drive/MyDrive/PointNet_APS_Project_V2/data/ycb28/extracted_models/010_potted_meat_can/010_potted_meat_can/google_16k/textured.obj,official_ycb_download,1000,0,1,box,cylinder,0.9789028,False,error_trained,9
/content/drive/MyDrive/PointNet_APS_Project_V2/data/ycb28/generated_pointclouds_bbox_norm/box/010_potted_meat_can/010_potted_meat_can_sample_05.csv,010_potted_meat_can,box,0,5,ycb28,ycb28_test,/content/drive/MyDrive/PointNet_APS_Project_V2/data/ycb28/extracted_models/010_potted_meat_can/010_potted_meat_can/google_16k/textured.obj,official_ycb_download,1000,0,1,box,cylinder,0.75484025,False,error_trained,9
/content/drive/MyDrive/PointNet_APS_Project_V2/data/ycb28/generated_pointclouds_bbox_norm/box/010_potted_meat_can/010_potted_meat_can_sample_06.csv,010_potted_meat_can,box,0,6,ycb28,ycb28_test,/content/drive/MyDrive/PointNet_APS_Project_V2/data/ycb28/extracted_models/010_potted_meat_can/010_potted_meat_can/google_16k/textured.obj,official_ycb_download,1000,0,1,box,cylinder,0.9351056,False,error_trained,9
/content/drive/MyDrive/PointNet_APS_Project_V2/data/ycb28/generated_pointclouds_bbox_norm/box/010_potted_meat_can/010_potted_meat_can_sample_07.csv,010_potted_meat_can,box,0,7,ycb28,ycb28_test,/content/drive/MyDrive/PointNet_APS_Project_V2/data/ycb28/extracted_models/010_potted_meat_can/010_potted_meat_can/google_16k/textured.obj,official_ycb_download,1000,0,1,box,cylinder,0.8933175,False,error_trained,9
/content/drive/MyDrive/PointNet_APS_Project_V2/data/ycb28/generated_pointclouds_bbox_norm/box/010_potted_meat_can/010_potted_meat_can_sample_08.csv,010_potted_meat_can,box,0,8,ycb28,ycb28_test,/content/drive/MyDrive/PointNet_APS_Project_V2/data/ycb28/extracted_models/010_potted_meat_can/010_potted_meat_can/google_16k/textured.obj,official_ycb_download,1000,0,1,box,cylinder,0.88694364,False,error_trained,9
/content/drive/MyDrive/PointNet_APS_Project_V2/data/ycb28/generated_pointclouds_bbox_norm/box/010_potted_meat_can/010_potted_meat_can_sample_09.csv,010_potted_meat_can,box,0,9,ycb28,ycb28_test,/content/drive/MyDrive/PointNet_APS_Project_V2/data/ycb28/extracted_models/010_potted_meat_can/010_potted_meat_can/google_16k/textured.obj,official_ycb_download,1000,0,1,box,cylinder,0.9819696,False,error_trained,9
/content/drive/MyDrive/PointNet_APS_Project_V2/data/ycb28/generated_pointclouds_bbox_norm/box/010_potted_meat_can/010_potted_meat_can_sample_10.csv,010_potted_meat_can,box,0,10,ycb28,ycb28_test,/content/drive/MyDrive/PointNet_APS_Project_V2/data/ycb28/extracted_models/010_potted_meat_can/010_potted_meat_can/google_16k/textured.obj,official_ycb_download,1000,0,1,box,cylinder,0.98020726,False,error_trained,9
/content/drive/MyDrive/PointNet_APS_Project_V2/data/ycb28/generated_pointclouds_bbox_norm/box/010_potted_meat_can/010_potted_meat_can_sample_11.csv,010_potted_meat_can,box,0,11,ycb28,ycb28_test,/content/drive/MyDrive/PointNet_APS_Project_V2/data/ycb28/extracted_models/010_potted_meat_can/010_potted_meat_can/google_16k/textured.obj,official_ycb_download,1000,0,1,box,cylinder,0.9601164,False,error_trained,9
/content/drive/MyDrive/PointNet_APS_Project_V2/data/ycb28/generated_pointclouds_bbox_norm/box/010_potted_meat_can/010_potted_meat_can_sample_12.csv,010_potted_meat_can,box,0,12,ycb28,ycb28_test,/content/drive/MyDrive/PointNet_APS_Project_V2/data/ycb28/extracted_models/010_potted_meat_can/010_potted_meat_can/google_16k/textured.obj,official_ycb_download,1000,0,1,box,cylinder,0.6035033,False,error_trained,9
/content/drive/MyDrive/PointNet_APS_Project_V2/data/ycb28/generated_pointclouds_bbox_norm/box/010_potted_meat_can/010_potted_meat_can_sample_13.csv,010_potted_meat_can,box,0,13,ycb28,ycb28_test,/content/drive/MyDrive/PointNet_APS_Project_V2/data/ycb28/extracted_models/010_potted_meat_can/010_potted_meat_can/google_16k/textured.obj,official_ycb_download,1000,0,1,box,cylinder,0.9668181,False,error_trained,9
/content/drive/MyDrive/PointNet_APS_Project_V2/data/ycb28/generated_pointclouds_bbox_norm/box/010_potted_meat_can/010_potted_meat_can_sample_14.csv,010_potted_meat_can,box,0,14,ycb28,ycb28_test,/content/drive/MyDrive/PointNet_APS_Project_V2/data/ycb28/extracted_models/010_potted_meat_can/010_potted_meat_can/google_16k/textured.obj,official_ycb_download,1000,0,1,box,cylinder,0.8883723,False,error_trained,9
/content/drive/MyDrive/PointNet_APS_Project_V2/data/ycb28/generated_pointclouds_bbox_norm/box/010_potted_meat_can/010_potted_meat_can_sample_15.csv,010_potted_meat_can,box,0,15,ycb28,ycb28_test,/content/drive/MyDrive/PointNet_APS_Project_V2/data/ycb28/extracted_models/010_potted_meat_can/010_potted_meat_can/google_16k/textured.obj,official_ycb_download,1000,0,1,box,cylinder,0.98291,False,error_trained,9
/content/drive/MyDrive/PointNet_APS_Project_V2/data/ycb28/generated_pointclouds_bbox_norm/box/010_potted_meat_can/010_potted_meat_can_sample_16.csv,010_potted_meat_can,box,0,16,ycb28,ycb28_test,/content/drive/MyDrive/PointNet_APS_Project_V2/data/ycb28/extracted_models/010_potted_meat_can/010_potted_meat_can/google_16k/textured.obj,official_ycb_download,1000,0,1,box,cylinder,0.95367706,False,error_trained,9
/content/drive/MyDrive/PointNet_APS_Project_V2/data/ycb28/generated_pointclouds_bbox_norm/box/010_potted_meat_can/010_potted_meat_can_sample_17.csv,010_potted_meat_can,box,0,17,ycb28,ycb28_test,/content/drive/MyDrive/PointNet_APS_Project_V2/data/ycb28/extracted_models/010_potted_meat_can/010_potted_meat_can/google_16k/textured.obj,official_ycb_download,1000,0,1,box,cylinder,0.9546868,False,error_trained,9
/content/drive/MyDrive/PointNet_APS_Project_V2/data/ycb28/generated_pointclouds_bbox_norm/box/010_potted_meat_can/010_potted_meat_can_sample_18.csv,010_potted_meat_can,box,0,18,ycb28,ycb28_test,/content/drive/MyDrive/PointNet_APS_Project_V2/data/ycb28/extracted_models/010_potted_meat_can/010_potted_meat_can/google_16k/textured.obj,official_ycb_download,1000,0,1,box,cylinder,0.95982397,False,error_trained,9
/content/drive/MyDrive/PointNet_APS_Project_V2/data/ycb28/generated_pointclouds_bbox_norm/box/010_potted_meat_can/010_potted_meat_can_sample_19.csv,010_potted_meat_can,box,0,19,ycb28,ycb28_test,/content/drive/MyDrive/PointNet_APS_Project_V2/data/ycb28/extracted_models/010_potted_meat_can/010_potted_meat_can/google_16k/textured.obj,official_ycb_download,1000,0,1,box,cylinder,0.9280452,False,error_trained,9
/content/drive/MyDrive/PointNet_APS_Project_V2/data/ycb28/generated_pointclouds_bbox_norm/box/026_sponge/026_sponge_sample_00.csv,026_sponge,box,0,0,ycb28,ycb28_test,/content/drive/MyDrive/PointNet_APS_Project_V2/data/ycb28/extracted_models/026_sponge/026_sponge/google_16k/textured.obj,official_ycb_download,1000,0,1,box,cylinder,0.87372595,False,error_trained,9
/content/drive/MyDrive/PointNet_APS_Project_V2/data/ycb28/generated_pointclouds_bbox_norm/box/026_sponge/026_sponge_sample_01.csv,026_sponge,box,0,1,ycb28,ycb28_test,/content/drive/MyDrive/PointNet_APS_Project_V2/data/ycb28/extracted_models/026_sponge/026_sponge/google_16k/textured.obj,official_ycb_download,1000,0,1,box,cylinder,0.970316,False,error_trained,9
/content/drive/MyDrive/PointNet_APS_Project_V2/data/ycb28/generated_pointclouds_bbox_norm/box/026_sponge/026_sponge_sample_02.csv,026_sponge,box,0,2,ycb28,ycb28_test,/content/drive/MyDrive/PointNet_APS_Project_V2/data/ycb28/extracted_models/026_sponge/026_sponge/google_16k/textured.obj,official_ycb_download,1000,0,1,box,cylinder,0.89285266,False,error_trained,9
/content/drive/MyDrive/PointNet_APS_Project_V2/data/ycb28/generated_pointclouds_bbox_norm/box/026_sponge/026_sponge_sample_03.csv,026_sponge,box,0,3,ycb28,ycb28_test,/content/drive/MyDrive/PointNet_APS_Project_V2/data/ycb28/extracted_models/026_sponge/026_sponge/google_16k/textured.obj,official_ycb_download,1000,0,1,box,cylinder,0.81905746,False,error_trained,9
/content/drive/MyDrive/PointNet_APS_Project_V2/data/ycb28/generated_pointclouds_bbox_norm/box/026_sponge/026_sponge_sample_04.csv,026_sponge,box,0,4,ycb28,ycb28_test,/content/drive/MyDrive/PointNet_APS_Project_V2/data/ycb28/extracted_models/026_sponge/026_sponge/google_16k/textured.obj,official_ycb_download,1000,0,1,box,cylinder,0.9105612,False,error_trained,9
/content/drive/MyDrive/PointNet_APS_Project_V2/data/ycb28/generated_pointclouds_bbox_norm/box/026_sponge/026_sponge_sample_05.csv,026_sponge,box,0,5,ycb28,ycb28_test,/content/drive/MyDrive/PointNet_APS_Project_V2/data/ycb28/extracted_models/026_sponge/026_sponge/google_16k/textured.obj,official_ycb_download,1000,0,1,box,cylinder,0.9522308,False,error_trained,9
/content/drive/MyDrive/PointNet_APS_Project_V2/data/ycb28/generated_pointclouds_bbox_norm/box/026_sponge/026_sponge_sample_06.csv,026_sponge,box,0,6,ycb28,ycb28_test,/content/drive/MyDrive/PointNet_APS_Project_V2/data/ycb28/extracted_models/026_sponge/026_sponge/google_16k/textured.obj,official_ycb_download,1000,0,1,box,cylinder,0.8442074,False,error_trained,9
/content/drive/MyDrive/PointNet_APS_Project_V2/data/ycb28/generated_pointclouds_bbox_norm/box/026_sponge/026_sponge_sample_07.csv,026_sponge,box,0,7,ycb28,ycb28_test,/content/drive/MyDrive/PointNet_APS_Project_V2/data/ycb28/extracted_models/026_sponge/026_sponge/google_16k/textured.obj,official_ycb_download,1000,0,1,box,cylinder,0.9273643,False,error_trained,9
/content/drive/MyDrive/PointNet_APS_Project_V2/data/ycb28/generated_pointclouds_bbox_norm/box/026_sponge/026_sponge_sample_08.csv,026_sponge,box,0,8,ycb28,ycb28_test,/content/drive/MyDrive/PointNet_APS_Project_V2/data/ycb28/extracted_models/026_sponge/026_sponge/google_16k/textured.obj,official_ycb_download,1000,0,1,box,cylinder,0.8481252,False,error_trained,9
/content/drive/MyDrive/PointNet_APS_Project_V2/data/ycb28/generated_pointclouds_bbox_norm/box/026_sponge/026_sponge_sample_09.csv,026_sponge,box,0,9,ycb28,ycb28_test,/content/drive/MyDrive/PointNet_APS_Project_V2/data/ycb28/extracted_models/026_sponge/026_sponge/google_16k/textured.obj,official_ycb_download,1000,0,1,box,cylinder,0.98637044,False,error_trained,9
/content/drive/MyDrive/PointNet_APS_Project_V2/data/ycb28/generated_pointclouds_bbox_norm/box/026_sponge/026_sponge_sample_10.csv,026_sponge,box,0,10,ycb28,ycb28_test,/content/drive/MyDrive/PointNet_APS_Project_V2/data/ycb28/extracted_models/026_sponge/026_sponge/google_16k/textured.obj,official_ycb_download,1000,0,1,box,cylinder,0.96335566,False,error_trained,9
/content/drive/MyDrive/PointNet_APS_Project_V2/data/ycb28/generated_pointclouds_bbox_norm/box/026_sponge/026_sponge_sample_11.csv,026_sponge,box,0,11,ycb28,ycb28_test,/content/drive/MyDrive/PointNet_APS_Project_V2/data/ycb28/extracted_models/026_sponge/026_sponge/google_16k/textured.obj,official_ycb_download,1000,0,1,box,cylinder,0.8212994,False,error_trained,9
/content/drive/MyDrive/PointNet_APS_Project_V2/data/ycb28/generated_pointclouds_bbox_norm/box/026_sponge/026_sponge_sample_12.csv,026_sponge,box,0,12,ycb28,ycb28_test,/content/drive/MyDrive/PointNet_APS_Project_V2/data/ycb28/extracted_models/026_sponge/026_sponge/google_16k/textured.obj,official_ycb_download,1000,0,1,box,cylinder,0.8743298,False,error_trained,9
/content/drive/MyDrive/PointNet_APS_Project_V2/data/ycb28/generated_pointclouds_bbox_norm/box/026_sponge/026_sponge_sample_13.csv,026_sponge,box,0,13,ycb28,ycb28_test,/content/drive/MyDrive/PointNet_APS_Project_V2/data/ycb28/extracted_models/026_sponge/026_sponge/google_16k/textured.obj,official_ycb_download,1000,0,1,box,cylinder,0.9636469,False,error_trained,9
/content/drive/MyDrive/PointNet_APS_Project_V2/data/ycb28/generated_pointclouds_bbox_norm/box/026_sponge/026_sponge_sample_14.csv,026_sponge,box,0,14,ycb28,ycb28_test,/content/drive/MyDrive/PointNet_APS_Project_V2/data/ycb28/extracted_models/026_sponge/026_sponge/google_16k/textured.obj,official_ycb_download,1000,0,1,box,cylinder,0.9534765,False,error_trained,9
/content/drive/MyDrive/PointNet_APS_Project_V2/data/ycb28/generated_pointclouds_bbox_norm/box/026_sponge/026_sponge_sample_15.csv,026_sponge,box,0,15,ycb28,ycb28_test,/content/drive/MyDrive/PointNet_APS_Project_V2/data/ycb28/extracted_models/026_sponge/026_sponge/google_16k/textured.obj,official_ycb_download,1000,0,1,box,cylinder,0.95861655,False,error_trained,9
/content/drive/MyDrive/PointNet_APS_Project_V2/data/ycb28/generated_pointclouds_bbox_norm/box/026_sponge/026_sponge_sample_16.csv,026_sponge,box,0,16,ycb28,ycb28_test,/content/drive/MyDrive/PointNet_APS_Project_V2/data/ycb28/extracted_models/026_sponge/026_sponge/google_16k/textured.obj,official_ycb_download,1000,0,1,box,cylinder,0.9809568,False,error_trained,9
/content/drive/MyDrive/PointNet_APS_Project_V2/data/ycb28/generated_pointclouds_bbox_norm/box/026_sponge/026_sponge_sample_17.csv,026_sponge,box,0,17,ycb28,ycb28_test,/content/drive/MyDrive/PointNet_APS_Project_V2/data/ycb28/extracted_models/026_sponge/026_sponge/google_16k/textured.obj,official_ycb_download,1000,0,1,box,cylinder,0.8614391,False,error_trained,9
/content/drive/MyDrive/PointNet_APS_Project_V2/data/ycb28/generated_pointclouds_bbox_norm/box/026_sponge/026_sponge_sample_18.csv,026_sponge,box,0,18,ycb28,ycb28_test,/content/drive/MyDrive/PointNet_APS_Project_V2/data/ycb28/extracted_models/026_sponge/026_sponge/google_16k/textured.obj,official_ycb_download,1000,0,1,box,cylinder,0.826658,False,error_trained,9
/content/drive/MyDrive/PointNet_APS_Project_V2/data/ycb28/generated_pointclouds_bbox_norm/box/026_sponge/026_sponge_sample_19.csv,026_sponge,box,0,19,ycb28,ycb28_test,/content/drive/MyDrive/PointNet_APS_Project_V2/data/ycb28/extracted_models/026_sponge/026_sponge/google_16k/textured.obj,official_ycb_download,1000,0,1,box,cylinder,0.9295102,False,error_trained,9
/content/drive/MyDrive/PointNet_APS_Project_V2/data/ycb28/generated_pointclouds_bbox_norm/box/036_wood_block/036_wood_block_sample_00.csv,036_wood_block,box,0,0,ycb28,ycb28_test,/content/drive/MyDrive/PointNet_APS_Project_V2/data/ycb28/extracted_models/036_wood_block/036_wood_block/google_16k/textured.obj,official_ycb_download,1000,0,0,box,box,0.5704374,True,error_trained,9
/content/drive/MyDrive/PointNet_APS_Project_V2/data/ycb28/generated_pointclouds_bbox_norm/box/036_wood_block/036_wood_block_sample_01.csv,036_wood_block,box,0,1,ycb28,ycb28_test,/content/drive/MyDrive/PointNet_APS_Project_V2/data/ycb28/extracted_models/036_wood_block/036_wood_block/google_16k/textured.obj,official_ycb_download,1000,0,1,box,cylinder,0.6808421,False,error_trained,9
/content/drive/MyDrive/PointNet_APS_Project_V2/data/ycb28/generated_pointclouds_bbox_norm/box/036_wood_block/036_wood_block_sample_02.csv,036_wood_block,box,0,2,ycb28,ycb28_test,/content/drive/MyDrive/PointNet_APS_Project_V2/data/ycb28/extracted_models/036_wood_block/036_wood_block/google_16k/textured.obj,official_ycb_download,1000,0,0,box,box,0.6554954,True,error_trained,9
/content/drive/MyDrive/PointNet_APS_Project_V2/data/ycb28/generated_pointclouds_bbox_norm/box/036_wood_block/036_wood_block_sample_03.csv,036_wood_block,box,0,3,ycb28,ycb28_test,/content/drive/MyDrive/PointNet_APS_Project_V2/data/ycb28/extracted_models/036_wood_block/036_wood_block/google_16k/textured.obj,official_ycb_download,1000,0,1,box,cylinder,0.9390822,False,error_trained,9
/content/drive/MyDrive/PointNet_APS_Project_V2/data/ycb28/generated_pointclouds_bbox_norm/box/036_wood_block/036_wood_block_sample_04.csv,036_wood_block,box,0,4,ycb28,ycb28_test,/content/drive/MyDrive/PointNet_APS_Project_V2/data/ycb28/extracted_models/036_wood_block/036_wood_block/google_16k/textured.obj,official_ycb_download,1000,0,1,box,cylinder,0.73297596,False,error_trained,9
/content/drive/MyDrive/PointNet_APS_Project_V2/data/ycb28/generated_pointclouds_bbox_norm/box/036_wood_block/036_wood_block_sample_05.csv,036_wood_block,box,0,5,ycb28,ycb28_test,/content/drive/MyDrive/PointNet_APS_Project_V2/data/ycb28/extracted_models/036_wood_block/036_wood_block/google_16k/textured.obj,official_ycb_download,1000,0,0,box,box,0.8274274,True,error_trained,9
/content/drive/MyDrive/PointNet_APS_Project_V2/data/ycb28/generated_pointclouds_bbox_norm/box/036_wood_block/036_wood_block_sample_06.csv,036_wood_block,box,0,6,ycb28,ycb28_test,/content/drive/MyDrive/PointNet_APS_Project_V2/data/ycb28/extracted_models/036_wood_block/036_wood_block/google_16k/textured.obj,official_ycb_download,1000,0,0,box,box,0.54436004,True,error_trained,9
/content/drive/MyDrive/PointNet_APS_Project_V2/data/ycb28/generated_pointclouds_bbox_norm/box/036_wood_block/036_wood_block_sample_07.csv,036_wood_block,box,0,7,ycb28,ycb28_test,/content/drive/MyDrive/PointNet_APS_Project_V2/data/ycb28/extracted_models/036_wood_block/036_wood_block/google_16k/textured.obj,official_ycb_download,1000,0,1,box,cylinder,0.6252545,False,error_trained,9
/content/drive/MyDrive/PointNet_APS_Project_V2/data/ycb28/generated_pointclouds_bbox_norm/box/036_wood_block/036_wood_block_sample_08.csv,036_wood_block,box,0,8,ycb28,ycb28_test,/content/drive/MyDrive/PointNet_APS_Project_V2/data/ycb28/extracted_models/036_wood_block/036_wood_block/google_16k/textured.obj,official_ycb_download,1000,0,1,box,cylinder,0.80963975,False,error_trained,9
/content/drive/MyDrive/PointNet_APS_Project_V2/data/ycb28/generated_pointclouds_bbox_norm/box/036_wood_block/036_wood_block_sample_09.csv,036_wood_block,box,0,9,ycb28,ycb28_test,/content/drive/MyDrive/PointNet_APS_Project_V2/data/ycb28/extracted_models/036_wood_block/036_wood_block/google_16k/textured.obj,official_ycb_download,1000,0,1,box,cylinder,0.8215261,False,error_trained,9
/content/drive/MyDrive/PointNet_APS_Project_V2/data/ycb28/generated_pointclouds_bbox_norm/box/036_wood_block/036_wood_block_sample_10.csv,036_wood_block,box,0,10,ycb28,ycb28_test,/content/drive/MyDrive/PointNet_APS_Project_V2/data/ycb28/extracted_models/036_wood_block/036_wood_block/google_16k/textured.obj,official_ycb_download,1000,0,0,box,box,0.54145485,True,error_trained,9
/content/drive/MyDrive/PointNet_APS_Project_V2/data/ycb28/generated_pointclouds_bbox_norm/box/036_wood_block/036_wood_block_sample_11.csv,036_wood_block,box,0,11,ycb28,ycb28_test,/content/drive/MyDrive/PointNet_APS_Project_V2/data/ycb28/extracted_models/036_wood_block/036_wood_block/google_16k/textured.obj,official_ycb_download,1000,0,1,box,cylinder,0.9090749,False,error_trained,9
/content/drive/MyDrive/PointNet_APS_Project_V2/data/ycb28/generated_pointclouds_bbox_norm/box/036_wood_block/036_wood_block_sample_12.csv,036_wood_block,box,0,12,ycb28,ycb28_test,/content/drive/MyDrive/PointNet_APS_Project_V2/data/ycb28/extracted_models/036_wood_block/036_wood_block/google_16k/textured.obj,official_ycb_download,1000,0,1,box,cylinder,0.6784932,False,error_trained,9
/content/drive/MyDrive/PointNet_APS_Project_V2/data/ycb28/generated_pointclouds_bbox_norm/box/036_wood_block/036_wood_block_sample_13.csv,036_wood_block,box,0,13,ycb28,ycb28_test,/content/drive/MyDrive/PointNet_APS_Project_V2/data/ycb28/extracted_models/036_wood_block/036_wood_block/google_16k/textured.obj,official_ycb_download,1000,0,1,box,cylinder,0.7495483,False,error_trained,9
/content/drive/MyDrive/PointNet_APS_Project_V2/data/ycb28/generated_pointclouds_bbox_norm/box/036_wood_block/036_wood_block_sample_14.csv,036_wood_block,box,0,14,ycb28,ycb28_test,/content/drive/MyDrive/PointNet_APS_Project_V2/data/ycb28/extracted_models/036_wood_block/036_wood_block/google_16k/textured.obj,official_ycb_download,1000,0,1,box,cylinder,0.82462513,False,error_trained,9
/content/drive/MyDrive/PointNet_APS_Project_V2/data/ycb28/generated_pointclouds_bbox_norm/box/036_wood_block/036_wood_block_sample_15.csv,036_wood_block,box,0,15,ycb28,ycb28_test,/content/drive/MyDrive/PointNet_APS_Project_V2/data/ycb28/extracted_models/036_wood_block/036_wood_block/google_16k/textured.obj,official_ycb_download,1000,0,1,box,cylinder,0.935064,False,error_trained,9
/content/drive/MyDrive/PointNet_APS_Project_V2/data/ycb28/generated_pointclouds_bbox_norm/box/036_wood_block/036_wood_block_sample_16.csv,036_wood_block,box,0,16,ycb28,ycb28_test,/content/drive/MyDrive/PointNet_APS_Project_V2/data/ycb28/extracted_models/036_wood_block/036_wood_block/google_16k/textured.obj,official_ycb_download,1000,0,1,box,cylinder,0.90057623,False,error_trained,9
/content/drive/MyDrive/PointNet_APS_Project_V2/data/ycb28/generated_pointclouds_bbox_norm/box/036_wood_block/036_wood_block_sample_17.csv,036_wood_block,box,0,17,ycb28,ycb28_test,/content/drive/MyDrive/PointNet_APS_Project_V2/data/ycb28/extracted_models/036_wood_block/036_wood_block/google_16k/textured.obj,official_ycb_download,1000,0,0,box,box,0.7538835,True,error_trained,9
/content/drive/MyDrive/PointNet_APS_Project_V2/data/ycb28/generated_pointclouds_bbox_norm/box/036_wood_block/036_wood_block_sample_18.csv,036_wood_block,box,0,18,ycb28,ycb28_test,/content/drive/MyDrive/PointNet_APS_Project_V2/data/ycb28/extracted_models/036_wood_block/036_wood_block/google_16k/textured.obj,official_ycb_download,1000,0,0,box,box,0.72824943,True,error_trained,9
/content/drive/MyDrive/PointNet_APS_Project_V2/data/ycb28/generated_pointclouds_bbox_norm/box/036_wood_block/036_wood_block_sample_19.csv,036_wood_block,box,0,19,ycb28,ycb28_test,/content/drive/MyDrive/PointNet_APS_Project_V2/data/ycb28/extracted_models/036_wood_block/036_wood_block/google_16k/textured.obj,official_ycb_download,1000,0,0,box,box,0.8097585,True,error_trained,9
/content/drive/MyDrive/PointNet_APS_Project_V2/data/ycb28/generated_pointclouds_bbox_norm/box/061_foam_brick/061_foam_brick_sample_00.csv,061_foam_brick,box,0,0,ycb28,ycb28_test,/content/drive/MyDrive/PointNet_APS_Project_V2/data/ycb28/extracted_models/061_foam_brick/061_foam_brick/google_16k/textured.obj,official_ycb_download,1000,0,0,box,box,0.65607584,True,error_trained,9
/content/drive/MyDrive/PointNet_APS_Project_V2/data/ycb28/generated_pointclouds_bbox_norm/box/061_foam_brick/061_foam_brick_sample_01.csv,061_foam_brick,box,0,1,ycb28,ycb28_test,/content/drive/MyDrive/PointNet_APS_Project_V2/data/ycb28/extracted_models/061_foam_brick/061_foam_brick/google_16k/textured.obj,official_ycb_download,1000,0,1,box,cylinder,0.507317,False,error_trained,9
/content/drive/MyDrive/PointNet_APS_Project_V2/data/ycb28/generated_pointclouds_bbox_norm/box/061_foam_brick/061_foam_brick_sample_02.csv,061_foam_brick,box,0,2,ycb28,ycb28_test,/content/drive/MyDrive/PointNet_APS_Project_V2/data/ycb28/extracted_models/061_foam_brick/061_foam_brick/google_16k/textured.obj,official_ycb_download,1000,0,1,box,cylinder,0.6998044,False,error_trained,9
/content/drive/MyDrive/PointNet_APS_Project_V2/data/ycb28/generated_pointclouds_bbox_norm/box/061_foam_brick/061_foam_brick_sample_03.csv,061_foam_brick,box,0,3,ycb28,ycb28_test,/content/drive/MyDrive/PointNet_APS_Project_V2/data/ycb28/extracted_models/061_foam_brick/061_foam_brick/google_16k/textured.obj,official_ycb_download,1000,0,1,box,cylinder,0.7038408,False,error_trained,9
/content/drive/MyDrive/PointNet_APS_Project_V2/data/ycb28/generated_pointclouds_bbox_norm/box/061_foam_brick/061_foam_brick_sample_04.csv,061_foam_brick,box,0,4,ycb28,ycb28_test,/content/drive/MyDrive/PointNet_APS_Project_V2/data/ycb28/extracted_models/061_foam_brick/061_foam_brick/google_16k/textured.obj,official_ycb_download,1000,0,1,box,cylinder,0.58615637,False,error_trained,9
/content/drive/MyDrive/PointNet_APS_Project_V2/data/ycb28/generated_pointclouds_bbox_norm/box/061_foam_brick/061_foam_brick_sample_05.csv,061_foam_brick,box,0,5,ycb28,ycb28_test,/content/drive/MyDrive/PointNet_APS_Project_V2/data/ycb28/extracted_models/061_foam_brick/061_foam_brick/google_16k/textured.obj,official_ycb_download,1000,0,1,box,cylinder,0.78067935,False,error_trained,9
/content/drive/MyDrive/PointNet_APS_Project_V2/data/ycb28/generated_pointclouds_bbox_norm/box/061_foam_brick/061_foam_brick_sample_06.csv,061_foam_brick,box,0,6,ycb28,ycb28_test,/content/drive/MyDrive/PointNet_APS_Project_V2/data/ycb28/extracted_models/061_foam_brick/061_foam_brick/google_16k/textured.obj,official_ycb_download,1000,0,0,box,box,0.8113972,True,error_trained,9
/content/drive/MyDrive/PointNet_APS_Project_V2/data/ycb28/generated_pointclouds_bbox_norm/box/061_foam_brick/061_foam_brick_sample_07.csv,061_foam_brick,box,0,7,ycb28,ycb28_test,/content/drive/MyDrive/PointNet_APS_Project_V2/data/ycb28/extracted_models/061_foam_brick/061_foam_brick/google_16k/textured.obj,official_ycb_download,1000,0,1,box,cylinder,0.6513729,False,error_trained,9
/content/drive/MyDrive/PointNet_APS_Project_V2/data/ycb28/generated_pointclouds_bbox_norm/box/061_foam_brick/061_foam_brick_sample_08.csv,061_foam_brick,box,0,8,ycb28,ycb28_test,/content/drive/MyDrive/PointNet_APS_Project_V2/data/ycb28/extracted_models/061_foam_brick/061_foam_brick/google_16k/textured.obj,official_ycb_download,1000,0,1,box,cylinder,0.9077252,False,error_trained,9
/content/drive/MyDrive/PointNet_APS_Project_V2/data/ycb28/generated_pointclouds_bbox_norm/box/061_foam_brick/061_foam_brick_sample_09.csv,061_foam_brick,box,0,9,ycb28,ycb28_test,/content/drive/MyDrive/PointNet_APS_Project_V2/data/ycb28/extracted_models/061_foam_brick/061_foam_brick/google_16k/textured.obj,official_ycb_download,1000,0,1,box,cylinder,0.93257385,False,error_trained,9
/content/drive/MyDrive/PointNet_APS_Project_V2/data/ycb28/generated_pointclouds_bbox_norm/box/061_foam_brick/061_foam_brick_sample_10.csv,061_foam_brick,box,0,10,ycb28,ycb28_test,/content/drive/MyDrive/PointNet_APS_Project_V2/data/ycb28/extracted_models/061_foam_brick/061_foam_brick/google_16k/textured.obj,official_ycb_download,1000,0,0,box,box,0.9869108,True,error_trained,9
/content/drive/MyDrive/PointNet_APS_Project_V2/data/ycb28/generated_pointclouds_bbox_norm/box/061_foam_brick/061_foam_brick_sample_11.csv,061_foam_brick,box,0,11,ycb28,ycb28_test,/content/drive/MyDrive/PointNet_APS_Project_V2/data/ycb28/extracted_models/061_foam_brick/061_foam_brick/google_16k/textured.obj,official_ycb_download,1000,0,0,box,box,0.5132306,True,error_trained,9
/content/drive/MyDrive/PointNet_APS_Project_V2/data/ycb28/generated_pointclouds_bbox_norm/box/061_foam_brick/061_foam_brick_sample_12.csv,061_foam_brick,box,0,12,ycb28,ycb28_test,/content/drive/MyDrive/PointNet_APS_Project_V2/data/ycb28/extracted_models/061_foam_brick/061_foam_brick/google_16k/textured.obj,official_ycb_download,1000,0,1,box,cylinder,0.71914166,False,error_trained,9
/content/drive/MyDrive/PointNet_APS_Project_V2/data/ycb28/generated_pointclouds_bbox_norm/box/061_foam_brick/061_foam_brick_sample_13.csv,061_foam_brick,box,0,13,ycb28,ycb28_test,/content/drive/MyDrive/PointNet_APS_Project_V2/data/ycb28/extracted_models/061_foam_brick/061_foam_brick/google_16k/textured.obj,official_ycb_download,1000,0,0,box,box,0.86635387,True,error_trained,9
/content/drive/MyDrive/PointNet_APS_Project_V2/data/ycb28/generated_pointclouds_bbox_norm/box/061_foam_brick/061_foam_brick_sample_14.csv,061_foam_brick,box,0,14,ycb28,ycb28_test,/content/drive/MyDrive/PointNet_APS_Project_V2/data/ycb28/extracted_models/061_foam_brick/061_foam_brick/google_16k/textured.obj,official_ycb_download,1000,0,1,box,cylinder,0.92784894,False,error_trained,9
/content/drive/MyDrive/PointNet_APS_Project_V2/data/ycb28/generated_pointclouds_bbox_norm/box/061_foam_brick/061_foam_brick_sample_15.csv,061_foam_brick,box,0,15,ycb28,ycb28_test,/content/drive/MyDrive/PointNet_APS_Project_V2/data/ycb28/extracted_models/061_foam_brick/061_foam_brick/google_16k/textured.obj,official_ycb_download,1000,0,1,box,cylinder,0.92771727,False,error_trained,9
/content/drive/MyDrive/PointNet_APS_Project_V2/data/ycb28/generated_pointclouds_bbox_norm/box/061_foam_brick/061_foam_brick_sample_16.csv,061_foam_brick,box,0,16,ycb28,ycb28_test,/content/drive/MyDrive/PointNet_APS_Project_V2/data/ycb28/extracted_models/061_foam_brick/061_foam_brick/google_16k/textured.obj,official_ycb_download,1000,0,0,box,box,0.5326625,True,error_trained,9
/content/drive/MyDrive/PointNet_APS_Project_V2/data/ycb28/generated_pointclouds_bbox_norm/box/061_foam_brick/061_foam_brick_sample_17.csv,061_foam_brick,box,0,17,ycb28,ycb28_test,/content/drive/MyDrive/PointNet_APS_Project_V2/data/ycb28/extracted_models/061_foam_brick/061_foam_brick/google_16k/textured.obj,official_ycb_download,1000,0,0,box,box,0.7038957,True,error_trained,9
/content/drive/MyDrive/PointNet_APS_Project_V2/data/ycb28/generated_pointclouds_bbox_norm/box/061_foam_brick/061_foam_brick_sample_18.csv,061_foam_brick,box,0,18,ycb28,ycb28_test,/content/drive/MyDrive/PointNet_APS_Project_V2/data/ycb28/extracted_models/061_foam_brick/061_foam_brick/google_16k/textured.obj,official_ycb_download,1000,0,1,box,cylinder,0.6954865,False,error_trained,9
/content/drive/MyDrive/PointNet_APS_Project_V2/data/ycb28/generated_pointclouds_bbox_norm/box/061_foam_brick/061_foam_brick_sample_19.csv,061_foam_brick,box,0,19,ycb28,ycb28_test,/content/drive/MyDrive/PointNet_APS_Project_V2/data/ycb28/extracted_models/061_foam_brick/061_foam_brick/google_16k/textured.obj,official_ycb_download,1000,0,1,box,cylinder,0.92387575,False,error_trained,9
/content/drive/MyDrive/PointNet_APS_Project_V2/data/ycb28/generated_pointclouds_bbox_norm/box/077_rubiks_cube/077_rubiks_cube_sample_00.csv,077_rubiks_cube,box,0,0,ycb28,ycb28_test,/content/drive/MyDrive/PointNet_APS_Project_V2/data/ycb28/extracted_models/077_rubiks_cube/077_rubiks_cube/google_16k/textured.obj,official_ycb_download,1000,0,1,box,cylinder,0.96115595,False,error_trained,9
/content/drive/MyDrive/PointNet_APS_Project_V2/data/ycb28/generated_pointclouds_bbox_norm/box/077_rubiks_cube/077_rubiks_cube_sample_01.csv,077_rubiks_cube,box,0,1,ycb28,ycb28_test,/content/drive/MyDrive/PointNet_APS_Project_V2/data/ycb28/extracted_models/077_rubiks_cube/077_rubiks_cube/google_16k/textured.obj,official_ycb_download,1000,0,1,box,cylinder,0.75984067,False,error_trained,9
/content/drive/MyDrive/PointNet_APS_Project_V2/data/ycb28/generated_pointclouds_bbox_norm/box/077_rubiks_cube/077_rubiks_cube_sample_02.csv,077_rubiks_cube,box,0,2,ycb28,ycb28_test,/content/drive/MyDrive/PointNet_APS_Project_V2/data/ycb28/extracted_models/077_rubiks_cube/077_rubiks_cube/google_16k/textured.obj,official_ycb_download,1000,0,1,box,cylinder,0.93242425,False,error_trained,9
/content/drive/MyDrive/PointNet_APS_Project_V2/data/ycb28/generated_pointclouds_bbox_norm/box/077_rubiks_cube/077_rubiks_cube_sample_03.csv,077_rubiks_cube,box,0,3,ycb28,ycb28_test,/content/drive/MyDrive/PointNet_APS_Project_V2/data/ycb28/extracted_models/077_rubiks_cube/077_rubiks_cube/google_16k/textured.obj,official_ycb_download,1000,0,1,box,cylinder,0.9680361,False,error_trained,9
/content/drive/MyDrive/PointNet_APS_Project_V2/data/ycb28/generated_pointclouds_bbox_norm/box/077_rubiks_cube/077_rubiks_cube_sample_04.csv,077_rubiks_cube,box,0,4,ycb28,ycb28_test,/content/drive/MyDrive/PointNet_APS_Project_V2/data/ycb28/extracted_models/077_rubiks_cube/077_rubiks_cube/google_16k/textured.obj,official_ycb_download,1000,0,1,box,cylinder,0.9532638,False,error_trained,9
/content/drive/MyDrive/PointNet_APS_Project_V2/data/ycb28/generated_pointclouds_bbox_norm/box/077_rubiks_cube/077_rubiks_cube_sample_05.csv,077_rubiks_cube,box,0,5,ycb28,ycb28_test,/content/drive/MyDrive/PointNet_APS_Project_V2/data/ycb28/extracted_models/077_rubiks_cube/077_rubiks_cube/google_16k/textured.obj,official_ycb_download,1000,0,1,box,cylinder,0.975567,False,error_trained,9
/content/drive/MyDrive/PointNet_APS_Project_V2/data/ycb28/generated_pointclouds_bbox_norm/box/077_rubiks_cube/077_rubiks_cube_sample_06.csv,077_rubiks_cube,box,0,6,ycb28,ycb28_test,/content/drive/MyDrive/PointNet_APS_Project_V2/data/ycb28/extracted_models/077_rubiks_cube/077_rubiks_cube/google_16k/textured.obj,official_ycb_download,1000,0,1,box,cylinder,0.95226014,False,error_trained,9
/content/drive/MyDrive/PointNet_APS_Project_V2/data/ycb28/generated_pointclouds_bbox_norm/box/077_rubiks_cube/077_rubiks_cube_sample_07.csv,077_rubiks_cube,box,0,7,ycb28,ycb28_test,/content/drive/MyDrive/PointNet_APS_Project_V2/data/ycb28/extracted_models/077_rubiks_cube/077_rubiks_cube/google_16k/textured.obj,official_ycb_download,1000,0,1,box,cylinder,0.9557359,False,error_trained,9
/content/drive/MyDrive/PointNet_APS_Project_V2/data/ycb28/generated_pointclouds_bbox_norm/box/077_rubiks_cube/077_rubiks_cube_sample_08.csv,077_rubiks_cube,box,0,8,ycb28,ycb28_test,/content/drive/MyDrive/PointNet_APS_Project_V2/data/ycb28/extracted_models/077_rubiks_cube/077_rubiks_cube/google_16k/textured.obj,official_ycb_download,1000,0,1,box,cylinder,0.80119914,False,error_trained,9
/content/drive/MyDrive/PointNet_APS_Project_V2/data/ycb28/generated_pointclouds_bbox_norm/box/077_rubiks_cube/077_rubiks_cube_sample_09.csv,077_rubiks_cube,box,0,9,ycb28,ycb28_test,/content/drive/MyDrive/PointNet_APS_Project_V2/data/ycb28/extracted_models/077_rubiks_cube/077_rubiks_cube/google_16k/textured.obj,official_ycb_download,1000,0,1,box,cylinder,0.9608509,False,error_trained,9
/content/drive/MyDrive/PointNet_APS_Project_V2/data/ycb28/generated_pointclouds_bbox_norm/box/077_rubiks_cube/077_rubiks_cube_sample_10.csv,077_rubiks_cube,box,0,10,ycb28,ycb28_test,/content/drive/MyDrive/PointNet_APS_Project_V2/data/ycb28/extracted_models/077_rubiks_cube/077_rubiks_cube/google_16k/textured.obj,official_ycb_download,1000,0,1,box,cylinder,0.8976389,False,error_trained,9
/content/drive/MyDrive/PointNet_APS_Project_V2/data/ycb28/generated_pointclouds_bbox_norm/box/077_rubiks_cube/077_rubiks_cube_sample_11.csv,077_rubiks_cube,box,0,11,ycb28,ycb28_test,/content/drive/MyDrive/PointNet_APS_Project_V2/data/ycb28/extracted_models/077_rubiks_cube/077_rubiks_cube/google_16k/textured.obj,official_ycb_download,1000,0,1,box,cylinder,0.95626456,False,error_trained,9
/content/drive/MyDrive/PointNet_APS_Project_V2/data/ycb28/generated_pointclouds_bbox_norm/box/077_rubiks_cube/077_rubiks_cube_sample_12.csv,077_rubiks_cube,box,0,12,ycb28,ycb28_test,/content/drive/MyDrive/PointNet_APS_Project_V2/data/ycb28/extracted_models/077_rubiks_cube/077_rubiks_cube/google_16k/textured.obj,official_ycb_download,1000,0,1,box,cylinder,0.9738834,False,error_trained,9
/content/drive/MyDrive/PointNet_APS_Project_V2/data/ycb28/generated_pointclouds_bbox_norm/box/077_rubiks_cube/077_rubiks_cube_sample_13.csv,077_rubiks_cube,box,0,13,ycb28,ycb28_test,/content/drive/MyDrive/PointNet_APS_Project_V2/data/ycb28/extracted_models/077_rubiks_cube/077_rubiks_cube/google_16k/textured.obj,official_ycb_download,1000,0,1,box,cylinder,0.9712733,False,error_trained,9
/content/drive/MyDrive/PointNet_APS_Project_V2/data/ycb28/generated_pointclouds_bbox_norm/box/077_rubiks_cube/077_rubiks_cube_sample_14.csv,077_rubiks_cube,box,0,14,ycb28,ycb28_test,/content/drive/MyDrive/PointNet_APS_Project_V2/data/ycb28/extracted_models/077_rubiks_cube/077_rubiks_cube/google_16k/textured.obj,official_ycb_download,1000,0,1,box,cylinder,0.9412093,False,error_trained,9
/content/drive/MyDrive/PointNet_APS_Project_V2/data/ycb28/generated_pointclouds_bbox_norm/box/077_rubiks_cube/077_rubiks_cube_sample_15.csv,077_rubiks_cube,box,0,15,ycb28,ycb28_test,/content/drive/MyDrive/PointNet_APS_Project_V2/data/ycb28/extracted_models/077_rubiks_cube/077_rubiks_cube/google_16k/textured.obj,official_ycb_download,1000,0,1,box,cylinder,0.9502946,False,error_trained,9
/content/drive/MyDrive/PointNet_APS_Project_V2/data/ycb28/generated_pointclouds_bbox_norm/box/077_rubiks_cube/077_rubiks_cube_sample_16.csv,077_rubiks_cube,box,0,16,ycb28,ycb28_test,/content/drive/MyDrive/PointNet_APS_Project_V2/data/ycb28/extracted_models/077_rubiks_cube/077_rubiks_cube/google_16k/textured.obj,official_ycb_download,1000,0,1,box,cylinder,0.87489665,False,error_trained,9
/content/drive/MyDrive/PointNet_APS_Project_V2/data/ycb28/generated_pointclouds_bbox_norm/box/077_rubiks_cube/077_rubiks_cube_sample_17.csv,077_rubiks_cube,box,0,17,ycb28,ycb28_test,/content/drive/MyDrive/PointNet_APS_Project_V2/data/ycb28/extracted_models/077_rubiks_cube/077_rubiks_cube/google_16k/textured.obj,official_ycb_download,1000,0,1,box,cylinder,0.92452407,False,error_trained,9
/content/drive/MyDrive/PointNet_APS_Project_V2/data/ycb28/generated_pointclouds_bbox_norm/box/077_rubiks_cube/077_rubiks_cube_sample_18.csv,077_rubiks_cube,box,0,18,ycb28,ycb28_test,/content/drive/MyDrive/PointNet_APS_Project_V2/data/ycb28/extracted_models/077_rubiks_cube/077_rubiks_cube/google_16k/textured.obj,official_ycb_download,1000,0,1,box,cylinder,0.97570544,False,error_trained,9
/content/drive/MyDrive/PointNet_APS_Project_V2/data/ycb28/generated_pointclouds_bbox_norm/box/077_rubiks_cube/077_rubiks_cube_sample_19.csv,077_rubiks_cube,box,0,19,ycb28,ycb28_test,/content/drive/MyDrive/PointNet_APS_Project_V2/data/ycb28/extracted_models/077_rubiks_cube/077_rubiks_cube/google_16k/textured.obj,official_ycb_download,1000,0,1,box,cylinder,0.94489896,False,error_trained,9
/content/drive/MyDrive/PointNet_APS_Project_V2/data/ycb28/generated_pointclouds_bbox_norm/cylinder/001_chips_can/001_chips_can_sample_00.csv,001_chips_can,cylinder,1,0,ycb28,ycb28_test,/content/drive/MyDrive/PointNet_APS_Project_V2/data/ycb28/extracted_models/001_chips_can_hf_fixed_mesh/001_chips_can/poisson/textured.obj,hf_ycb_fixed_mesh_fallback,1000,1,0,cylinder,box,0.9931163,False,error_trained,9
/content/drive/MyDrive/PointNet_APS_Project_V2/data/ycb28/generated_pointclouds_bbox_norm/cylinder/001_chips_can/001_chips_can_sample_01.csv,001_chips_can,cylinder,1,1,ycb28,ycb28_test,/content/drive/MyDrive/PointNet_APS_Project_V2/data/ycb28/extracted_models/001_chips_can_hf_fixed_mesh/001_chips_can/poisson/textured.obj,hf_ycb_fixed_mesh_fallback,1000,1,0,cylinder,box,0.6640926,False,error_trained,9
/content/drive/MyDrive/PointNet_APS_Project_V2/data/ycb28/generated_pointclouds_bbox_norm/cylinder/001_chips_can/001_chips_can_sample_02.csv,001_chips_can,cylinder,1,2,ycb28,ycb28_test,/content/drive/MyDrive/PointNet_APS_Project_V2/data/ycb28/extracted_models/001_chips_can_hf_fixed_mesh/001_chips_can/poisson/textured.obj,hf_ycb_fixed_mesh_fallback,1000,1,0,cylinder,box,0.9021295,False,error_trained,9
/content/drive/MyDrive/PointNet_APS_Project_V2/data/ycb28/generated_pointclouds_bbox_norm/cylinder/001_chips_can/001_chips_can_sample_03.csv,001_chips_can,cylinder,1,3,ycb28,ycb28_test,/content/drive/MyDrive/PointNet_APS_Project_V2/data/ycb28/extracted_models/001_chips_can_hf_fixed_mesh/001_chips_can/poisson/textured.obj,hf_ycb_fixed_mesh_fallback,1000,1,0,cylinder,box,0.9810656,False,error_trained,9
/content/drive/MyDrive/PointNet_APS_Project_V2/data/ycb28/generated_pointclouds_bbox_norm/cylinder/001_chips_can/001_chips_can_sample_04.csv,001_chips_can,cylinder,1,4,ycb28,ycb28_test,/content/drive/MyDrive/PointNet_APS_Project_V2/data/ycb28/extracted_models/001_chips_can_hf_fixed_mesh/001_chips_can/poisson/textured.obj,hf_ycb_fixed_mesh_fallback,1000,1,0,cylinder,box,0.64649576,False,error_trained,9
/content/drive/MyDrive/PointNet_APS_Project_V2/data/ycb28/generated_pointclouds_bbox_norm/cylinder/001_chips_can/001_chips_can_sample_05.csv,001_chips_can,cylinder,1,5,ycb28,ycb28_test,/content/drive/MyDrive/PointNet_APS_Project_V2/data/ycb28/extracted_models/001_chips_can_hf_fixed_mesh/001_chips_can/poisson/textured.obj,hf_ycb_fixed_mesh_fallback,1000,1,0,cylinder,box,0.7814565,False,error_trained,9
/content/drive/MyDrive/PointNet_APS_Project_V2/data/ycb28/generated_pointclouds_bbox_norm/cylinder/001_chips_can/001_chips_can_sample_06.csv,001_chips_can,cylinder,1,6,ycb28,ycb28_test,/content/drive/MyDrive/PointNet_APS_Project_V2/data/ycb28/extracted_models/001_chips_can_hf_fixed_mesh/001_chips_can/poisson/textured.obj,hf_ycb_fixed_mesh_fallback,1000,1,0,cylinder,box,0.9172176,False,error_trained,9
/content/drive/MyDrive/PointNet_APS_Project_V2/data/ycb28/generated_pointclouds_bbox_norm/cylinder/001_chips_can/001_chips_can_sample_07.csv,001_chips_can,cylinder,1,7,ycb28,ycb28_test,/content/drive/MyDrive/PointNet_APS_Project_V2/data/ycb28/extracted_models/001_chips_can_hf_fixed_mesh/001_chips_can/poisson/textured.obj,hf_ycb_fixed_mesh_fallback,1000,1,0,cylinder,box,0.99489343,False,error_trained,9
/content/drive/MyDrive/PointNet_APS_Project_V2/data/ycb28/generated_pointclouds_bbox_norm/cylinder/001_chips_can/001_chips_can_sample_08.csv,001_chips_can,cylinder,1,8,ycb28,ycb28_test,/content/drive/MyDrive/PointNet_APS_Project_V2/data/ycb28/extracted_models/001_chips_can_hf_fixed_mesh/001_chips_can/poisson/textured.obj,hf_ycb_fixed_mesh_fallback,1000,1,0,cylinder,box,0.9860107,False,error_trained,9
/content/drive/MyDrive/PointNet_APS_Project_V2/data/ycb28/generated_pointclouds_bbox_norm/cylinder/001_chips_can/001_chips_can_sample_09.csv,001_chips_can,cylinder,1,9,ycb28,ycb28_test,/content/drive/MyDrive/PointNet_APS_Project_V2/data/ycb28/extracted_models/001_chips_can_hf_fixed_mesh/001_chips_can/poisson/textured.obj,hf_ycb_fixed_mesh_fallback,1000,1,0,cylinder,box,0.9821624,False,error_trained,9
/content/drive/MyDrive/PointNet_APS_Project_V2/data/ycb28/generated_pointclouds_bbox_norm/cylinder/001_chips_can/001_chips_can_sample_10.csv,001_chips_can,cylinder,1,10,ycb28,ycb28_test,/content/drive/MyDrive/PointNet_APS_Project_V2/data/ycb28/extracted_models/001_chips_can_hf_fixed_mesh/001_chips_can/poisson/textured.obj,hf_ycb_fixed_mesh_fallback,1000,1,0,cylinder,box,0.9102075,False,error_trained,9
/content/drive/MyDrive/PointNet_APS_Project_V2/data/ycb28/generated_pointclouds_bbox_norm/cylinder/001_chips_can/001_chips_can_sample_11.csv,001_chips_can,cylinder,1,11,ycb28,ycb28_test,/content/drive/MyDrive/PointNet_APS_Project_V2/data/ycb28/extracted_models/001_chips_can_hf_fixed_mesh/001_chips_can/poisson/textured.obj,hf_ycb_fixed_mesh_fallback,1000,1,0,cylinder,box,0.87345093,False,error_trained,9
/content/drive/MyDrive/PointNet_APS_Project_V2/data/ycb28/generated_pointclouds_bbox_norm/cylinder/001_chips_can/001_chips_can_sample_12.csv,001_chips_can,cylinder,1,12,ycb28,ycb28_test,/content/drive/MyDrive/PointNet_APS_Project_V2/data/ycb28/extracted_models/001_chips_can_hf_fixed_mesh/001_chips_can/poisson/textured.obj,hf_ycb_fixed_mesh_fallback,1000,1,0,cylinder,box,0.9213316,False,error_trained,9
/content/drive/MyDrive/PointNet_APS_Project_V2/data/ycb28/generated_pointclouds_bbox_norm/cylinder/001_chips_can/001_chips_can_sample_13.csv,001_chips_can,cylinder,1,13,ycb28,ycb28_test,/content/drive/MyDrive/PointNet_APS_Project_V2/data/ycb28/extracted_models/001_chips_can_hf_fixed_mesh/001_chips_can/poisson/textured.obj,hf_ycb_fixed_mesh_fallback,1000,1,0,cylinder,box,0.7987861,False,error_trained,9
/content/drive/MyDrive/PointNet_APS_Project_V2/data/ycb28/generated_pointclouds_bbox_norm/cylinder/001_chips_can/001_chips_can_sample_14.csv,001_chips_can,cylinder,1,14,ycb28,ycb28_test,/content/drive/MyDrive/PointNet_APS_Project_V2/data/ycb28/extracted_models/001_chips_can_hf_fixed_mesh/001_chips_can/poisson/textured.obj,hf_ycb_fixed_mesh_fallback,1000,1,0,cylinder,box,0.96745783,False,error_trained,9
/content/drive/MyDrive/PointNet_APS_Project_V2/data/ycb28/generated_pointclouds_bbox_norm/cylinder/001_chips_can/001_chips_can_sample_15.csv,001_chips_can,cylinder,1,15,ycb28,ycb28_test,/content/drive/MyDrive/PointNet_APS_Project_V2/data/ycb28/extracted_models/001_chips_can_hf_fixed_mesh/001_chips_can/poisson/textured.obj,hf_ycb_fixed_mesh_fallback,1000,1,0,cylinder,box,0.98740435,False,error_trained,9
/content/drive/MyDrive/PointNet_APS_Project_V2/data/ycb28/generated_pointclouds_bbox_norm/cylinder/001_chips_can/001_chips_can_sample_16.csv,001_chips_can,cylinder,1,16,ycb28,ycb28_test,/content/drive/MyDrive/PointNet_APS_Project_V2/data/ycb28/extracted_models/001_chips_can_hf_fixed_mesh/001_chips_can/poisson/textured.obj,hf_ycb_fixed_mesh_fallback,1000,1,0,cylinder,box,0.9322258,False,error_trained,9
/content/drive/MyDrive/PointNet_APS_Project_V2/data/ycb28/generated_pointclouds_bbox_norm/cylinder/001_chips_can/001_chips_can_sample_17.csv,001_chips_can,cylinder,1,17,ycb28,ycb28_test,/content/drive/MyDrive/PointNet_APS_Project_V2/data/ycb28/extracted_models/001_chips_can_hf_fixed_mesh/001_chips_can/poisson/textured.obj,hf_ycb_fixed_mesh_fallback,1000,1,0,cylinder,box,0.9350559,False,error_trained,9
/content/drive/MyDrive/PointNet_APS_Project_V2/data/ycb28/generated_pointclouds_bbox_norm/cylinder/001_chips_can/001_chips_can_sample_18.csv,001_chips_can,cylinder,1,18,ycb28,ycb28_test,/content/drive/MyDrive/PointNet_APS_Project_V2/data/ycb28/extracted_models/001_chips_can_hf_fixed_mesh/001_chips_can/poisson/textured.obj,hf_ycb_fixed_mesh_fallback,1000,1,0,cylinder,box,0.8297117,False,error_trained,9
/content/drive/MyDrive/PointNet_APS_Project_V2/data/ycb28/generated_pointclouds_bbox_norm/cylinder/001_chips_can/001_chips_can_sample_19.csv,001_chips_can,cylinder,1,19,ycb28,ycb28_test,/content/drive/MyDrive/PointNet_APS_Project_V2/data/ycb28/extracted_models/001_chips_can_hf_fixed_mesh/001_chips_can/poisson/textured.obj,hf_ycb_fixed_mesh_fallback,1000,1,0,cylinder,box,0.78792936,False,error_trained,9
/content/drive/MyDrive/PointNet_APS_Project_V2/data/ycb28/generated_pointclouds_bbox_norm/cylinder/002_master_chef_can/002_master_chef_can_sample_00.csv,002_master_chef_can,cylinder,1,0,ycb28,ycb28_test,/content/drive/MyDrive/PointNet_APS_Project_V2/data/ycb28/extracted_models/002_master_chef_can/002_master_chef_can/google_16k/textured.obj,official_ycb_download,1000,1,1,cylinder,cylinder,0.9766382,True,error_trained,9
/content/drive/MyDrive/PointNet_APS_Project_V2/data/ycb28/generated_pointclouds_bbox_norm/cylinder/002_master_chef_can/002_master_chef_can_sample_01.csv,002_master_chef_can,cylinder,1,1,ycb28,ycb28_test,/content/drive/MyDrive/PointNet_APS_Project_V2/data/ycb28/extracted_models/002_master_chef_can/002_master_chef_can/google_16k/textured.obj,official_ycb_download,1000,1,1,cylinder,cylinder,0.975997,True,error_trained,9
/content/drive/MyDrive/PointNet_APS_Project_V2/data/ycb28/generated_pointclouds_bbox_norm/cylinder/002_master_chef_can/002_master_chef_can_sample_02.csv,002_master_chef_can,cylinder,1,2,ycb28,ycb28_test,/content/drive/MyDrive/PointNet_APS_Project_V2/data/ycb28/extracted_models/002_master_chef_can/002_master_chef_can/google_16k/textured.obj,official_ycb_download,1000,1,1,cylinder,cylinder,0.9815298,True,error_trained,9
/content/drive/MyDrive/PointNet_APS_Project_V2/data/ycb28/generated_pointclouds_bbox_norm/cylinder/002_master_chef_can/002_master_chef_can_sample_03.csv,002_master_chef_can,cylinder,1,3,ycb28,ycb28_test,/content/drive/MyDrive/PointNet_APS_Project_V2/data/ycb28/extracted_models/002_master_chef_can/002_master_chef_can/google_16k/textured.obj,official_ycb_download,1000,1,1,cylinder,cylinder,0.9815245,True,error_trained,9
/content/drive/MyDrive/PointNet_APS_Project_V2/data/ycb28/generated_pointclouds_bbox_norm/cylinder/002_master_chef_can/002_master_chef_can_sample_04.csv,002_master_chef_can,cylinder,1,4,ycb28,ycb28_test,/content/drive/MyDrive/PointNet_APS_Project_V2/data/ycb28/extracted_models/002_master_chef_can/002_master_chef_can/google_16k/textured.obj,official_ycb_download,1000,1,1,cylinder,cylinder,0.98609006,True,error_trained,9
/content/drive/MyDrive/PointNet_APS_Project_V2/data/ycb28/generated_pointclouds_bbox_norm/cylinder/002_master_chef_can/002_master_chef_can_sample_05.csv,002_master_chef_can,cylinder,1,5,ycb28,ycb28_test,/content/drive/MyDrive/PointNet_APS_Project_V2/data/ycb28/extracted_models/002_master_chef_can/002_master_chef_can/google_16k/textured.obj,official_ycb_download,1000,1,1,cylinder,cylinder,0.93615615,True,error_trained,9
/content/drive/MyDrive/PointNet_APS_Project_V2/data/ycb28/generated_pointclouds_bbox_norm/cylinder/002_master_chef_can/002_master_chef_can_sample_06.csv,002_master_chef_can,cylinder,1,6,ycb28,ycb28_test,/content/drive/MyDrive/PointNet_APS_Project_V2/data/ycb28/extracted_models/002_master_chef_can/002_master_chef_can/google_16k/textured.obj,official_ycb_download,1000,1,1,cylinder,cylinder,0.9734008,True,error_trained,9
/content/drive/MyDrive/PointNet_APS_Project_V2/data/ycb28/generated_pointclouds_bbox_norm/cylinder/002_master_chef_can/002_master_chef_can_sample_07.csv,002_master_chef_can,cylinder,1,7,ycb28,ycb28_test,/content/drive/MyDrive/PointNet_APS_Project_V2/data/ycb28/extracted_models/002_master_chef_can/002_master_chef_can/google_16k/textured.obj,official_ycb_download,1000,1,1,cylinder,cylinder,0.9812851,True,error_trained,9
/content/drive/MyDrive/PointNet_APS_Project_V2/data/ycb28/generated_pointclouds_bbox_norm/cylinder/002_master_chef_can/002_master_chef_can_sample_08.csv,002_master_chef_can,cylinder,1,8,ycb28,ycb28_test,/content/drive/MyDrive/PointNet_APS_Project_V2/data/ycb28/extracted_models/002_master_chef_can/002_master_chef_can/google_16k/textured.obj,official_ycb_download,1000,1,1,cylinder,cylinder,0.975419,True,error_trained,9
/content/drive/MyDrive/PointNet_APS_Project_V2/data/ycb28/generated_pointclouds_bbox_norm/cylinder/002_master_chef_can/002_master_chef_can_sample_09.csv,002_master_chef_can,cylinder,1,9,ycb28,ycb28_test,/content/drive/MyDrive/PointNet_APS_Project_V2/data/ycb28/extracted_models/002_master_chef_can/002_master_chef_can/google_16k/textured.obj,official_ycb_download,1000,1,1,cylinder,cylinder,0.9821634,True,error_trained,9
/content/drive/MyDrive/PointNet_APS_Project_V2/data/ycb28/generated_pointclouds_bbox_norm/cylinder/002_master_chef_can/002_master_chef_can_sample_10.csv,002_master_chef_can,cylinder,1,10,ycb28,ycb28_test,/content/drive/MyDrive/PointNet_APS_Project_V2/data/ycb28/extracted_models/002_master_chef_can/002_master_chef_can/google_16k/textured.obj,official_ycb_download,1000,1,1,cylinder,cylinder,0.97701675,True,error_trained,9
/content/drive/MyDrive/PointNet_APS_Project_V2/data/ycb28/generated_pointclouds_bbox_norm/cylinder/002_master_chef_can/002_master_chef_can_sample_11.csv,002_master_chef_can,cylinder,1,11,ycb28,ycb28_test,/content/drive/MyDrive/PointNet_APS_Project_V2/data/ycb28/extracted_models/002_master_chef_can/002_master_chef_can/google_16k/textured.obj,official_ycb_download,1000,1,1,cylinder,cylinder,0.96565664,True,error_trained,9
/content/drive/MyDrive/PointNet_APS_Project_V2/data/ycb28/generated_pointclouds_bbox_norm/cylinder/002_master_chef_can/002_master_chef_can_sample_12.csv,002_master_chef_can,cylinder,1,12,ycb28,ycb28_test,/content/drive/MyDrive/PointNet_APS_Project_V2/data/ycb28/extracted_models/002_master_chef_can/002_master_chef_can/google_16k/textured.obj,official_ycb_download,1000,1,1,cylinder,cylinder,0.9852578,True,error_trained,9
/content/drive/MyDrive/PointNet_APS_Project_V2/data/ycb28/generated_pointclouds_bbox_norm/cylinder/002_master_chef_can/002_master_chef_can_sample_13.csv,002_master_chef_can,cylinder,1,13,ycb28,ycb28_test,/content/drive/MyDrive/PointNet_APS_Project_V2/data/ycb28/extracted_models/002_master_chef_can/002_master_chef_can/google_16k/textured.obj,official_ycb_download,1000,1,1,cylinder,cylinder,0.96749943,True,error_trained,9
/content/drive/MyDrive/PointNet_APS_Project_V2/data/ycb28/generated_pointclouds_bbox_norm/cylinder/002_master_chef_can/002_master_chef_can_sample_14.csv,002_master_chef_can,cylinder,1,14,ycb28,ycb28_test,/content/drive/MyDrive/PointNet_APS_Project_V2/data/ycb28/extracted_models/002_master_chef_can/002_master_chef_can/google_16k/textured.obj,official_ycb_download,1000,1,1,cylinder,cylinder,0.9554711,True,error_trained,9
/content/drive/MyDrive/PointNet_APS_Project_V2/data/ycb28/generated_pointclouds_bbox_norm/cylinder/002_master_chef_can/002_master_chef_can_sample_15.csv,002_master_chef_can,cylinder,1,15,ycb28,ycb28_test,/content/drive/MyDrive/PointNet_APS_Project_V2/data/ycb28/extracted_models/002_master_chef_can/002_master_chef_can/google_16k/textured.obj,official_ycb_download,1000,1,1,cylinder,cylinder,0.9675153,True,error_trained,9
/content/drive/MyDrive/PointNet_APS_Project_V2/data/ycb28/generated_pointclouds_bbox_norm/cylinder/002_master_chef_can/002_master_chef_can_sample_16.csv,002_master_chef_can,cylinder,1,16,ycb28,ycb28_test,/content/drive/MyDrive/PointNet_APS_Project_V2/data/ycb28/extracted_models/002_master_chef_can/002_master_chef_can/google_16k/textured.obj,official_ycb_download,1000,1,1,cylinder,cylinder,0.9748277,True,error_trained,9
/content/drive/MyDrive/PointNet_APS_Project_V2/data/ycb28/generated_pointclouds_bbox_norm/cylinder/002_master_chef_can/002_master_chef_can_sample_17.csv,002_master_chef_can,cylinder,1,17,ycb28,ycb28_test,/content/drive/MyDrive/PointNet_APS_Project_V2/data/ycb28/extracted_models/002_master_chef_can/002_master_chef_can/google_16k/textured.obj,official_ycb_download,1000,1,1,cylinder,cylinder,0.9725528,True,error_trained,9
/content/drive/MyDrive/PointNet_APS_Project_V2/data/ycb28/generated_pointclouds_bbox_norm/cylinder/002_master_chef_can/002_master_chef_can_sample_18.csv,002_master_chef_can,cylinder,1,18,ycb28,ycb28_test,/content/drive/MyDrive/PointNet_APS_Project_V2/data/ycb28/extracted_models/002_master_chef_can/002_master_chef_can/google_16k/textured.obj,official_ycb_download,1000,1,1,cylinder,cylinder,0.976548,True,error_trained,9
/content/drive/MyDrive/PointNet_APS_Project_V2/data/ycb28/generated_pointclouds_bbox_norm/cylinder/002_master_chef_can/002_master_chef_can_sample_19.csv,002_master_chef_can,cylinder,1,19,ycb28,ycb28_test,/content/drive/MyDrive/PointNet_APS_Project_V2/data/ycb28/extracted_models/002_master_chef_can/002_master_chef_can/google_16k/textured.obj,official_ycb_download,1000,1,1,cylinder,cylinder,0.9783982,True,error_trained,9
/content/drive/MyDrive/PointNet_APS_Project_V2/data/ycb28/generated_pointclouds_bbox_norm/cylinder/005_tomato_soup_can/005_tomato_soup_can_sample_00.csv,005_tomato_soup_can,cylinder,1,0,ycb28,ycb28_test,/content/drive/MyDrive/PointNet_APS_Project_V2/data/ycb28/extracted_models/005_tomato_soup_can/005_tomato_soup_can/google_16k/textured.obj,official_ycb_download,1000,1,1,cylinder,cylinder,0.9768301,True,error_trained,9
/content/drive/MyDrive/PointNet_APS_Project_V2/data/ycb28/generated_pointclouds_bbox_norm/cylinder/005_tomato_soup_can/005_tomato_soup_can_sample_01.csv,005_tomato_soup_can,cylinder,1,1,ycb28,ycb28_test,/content/drive/MyDrive/PointNet_APS_Project_V2/data/ycb28/extracted_models/005_tomato_soup_can/005_tomato_soup_can/google_16k/textured.obj,official_ycb_download,1000,1,1,cylinder,cylinder,0.9773071,True,error_trained,9
/content/drive/MyDrive/PointNet_APS_Project_V2/data/ycb28/generated_pointclouds_bbox_norm/cylinder/005_tomato_soup_can/005_tomato_soup_can_sample_02.csv,005_tomato_soup_can,cylinder,1,2,ycb28,ycb28_test,/content/drive/MyDrive/PointNet_APS_Project_V2/data/ycb28/extracted_models/005_tomato_soup_can/005_tomato_soup_can/google_16k/textured.obj,official_ycb_download,1000,1,1,cylinder,cylinder,0.97055197,True,error_trained,9
/content/drive/MyDrive/PointNet_APS_Project_V2/data/ycb28/generated_pointclouds_bbox_norm/cylinder/005_tomato_soup_can/005_tomato_soup_can_sample_03.csv,005_tomato_soup_can,cylinder,1,3,ycb28,ycb28_test,/content/drive/MyDrive/PointNet_APS_Project_V2/data/ycb28/extracted_models/005_tomato_soup_can/005_tomato_soup_can/google_16k/textured.obj,official_ycb_download,1000,1,1,cylinder,cylinder,0.96616447,True,error_trained,9
/content/drive/MyDrive/PointNet_APS_Project_V2/data/ycb28/generated_pointclouds_bbox_norm/cylinder/005_tomato_soup_can/005_tomato_soup_can_sample_04.csv,005_tomato_soup_can,cylinder,1,4,ycb28,ycb28_test,/content/drive/MyDrive/PointNet_APS_Project_V2/data/ycb28/extracted_models/005_tomato_soup_can/005_tomato_soup_can/google_16k/textured.obj,official_ycb_download,1000,1,1,cylinder,cylinder,0.96720695,True,error_trained,9
/content/drive/MyDrive/PointNet_APS_Project_V2/data/ycb28/generated_pointclouds_bbox_norm/cylinder/005_tomato_soup_can/005_tomato_soup_can_sample_05.csv,005_tomato_soup_can,cylinder,1,5,ycb28,ycb28_test,/content/drive/MyDrive/PointNet_APS_Project_V2/data/ycb28/extracted_models/005_tomato_soup_can/005_tomato_soup_can/google_16k/textured.obj,official_ycb_download,1000,1,1,cylinder,cylinder,0.97610575,True,error_trained,9
/content/drive/MyDrive/PointNet_APS_Project_V2/data/ycb28/generated_pointclouds_bbox_norm/cylinder/005_tomato_soup_can/005_tomato_soup_can_sample_06.csv,005_tomato_soup_can,cylinder,1,6,ycb28,ycb28_test,/content/drive/MyDrive/PointNet_APS_Project_V2/data/ycb28/extracted_models/005_tomato_soup_can/005_tomato_soup_can/google_16k/textured.obj,official_ycb_download,1000,1,1,cylinder,cylinder,0.98249394,True,error_trained,9
/content/drive/MyDrive/PointNet_APS_Project_V2/data/ycb28/generated_pointclouds_bbox_norm/cylinder/005_tomato_soup_can/005_tomato_soup_can_sample_07.csv,005_tomato_soup_can,cylinder,1,7,ycb28,ycb28_test,/content/drive/MyDrive/PointNet_APS_Project_V2/data/ycb28/extracted_models/005_tomato_soup_can/005_tomato_soup_can/google_16k/textured.obj,official_ycb_download,1000,1,1,cylinder,cylinder,0.9812887,True,error_trained,9
/content/drive/MyDrive/PointNet_APS_Project_V2/data/ycb28/generated_pointclouds_bbox_norm/cylinder/005_tomato_soup_can/005_tomato_soup_can_sample_08.csv,005_tomato_soup_can,cylinder,1,8,ycb28,ycb28_test,/content/drive/MyDrive/PointNet_APS_Project_V2/data/ycb28/extracted_models/005_tomato_soup_can/005_tomato_soup_can/google_16k/textured.obj,official_ycb_download,1000,1,1,cylinder,cylinder,0.98002785,True,error_trained,9
/content/drive/MyDrive/PointNet_APS_Project_V2/data/ycb28/generated_pointclouds_bbox_norm/cylinder/005_tomato_soup_can/005_tomato_soup_can_sample_09.csv,005_tomato_soup_can,cylinder,1,9,ycb28,ycb28_test,/content/drive/MyDrive/PointNet_APS_Project_V2/data/ycb28/extracted_models/005_tomato_soup_can/005_tomato_soup_can/google_16k/textured.obj,official_ycb_download,1000,1,1,cylinder,cylinder,0.9845638,True,error_trained,9
/content/drive/MyDrive/PointNet_APS_Project_V2/data/ycb28/generated_pointclouds_bbox_norm/cylinder/005_tomato_soup_can/005_tomato_soup_can_sample_10.csv,005_tomato_soup_can,cylinder,1,10,ycb28,ycb28_test,/content/drive/MyDrive/PointNet_APS_Project_V2/data/ycb28/extracted_models/005_tomato_soup_can/005_tomato_soup_can/google_16k/textured.obj,official_ycb_download,1000,1,1,cylinder,cylinder,0.97850215,True,error_trained,9
/content/drive/MyDrive/PointNet_APS_Project_V2/data/ycb28/generated_pointclouds_bbox_norm/cylinder/005_tomato_soup_can/005_tomato_soup_can_sample_11.csv,005_tomato_soup_can,cylinder,1,11,ycb28,ycb28_test,/content/drive/MyDrive/PointNet_APS_Project_V2/data/ycb28/extracted_models/005_tomato_soup_can/005_tomato_soup_can/google_16k/textured.obj,official_ycb_download,1000,1,1,cylinder,cylinder,0.9789515,True,error_trained,9
/content/drive/MyDrive/PointNet_APS_Project_V2/data/ycb28/generated_pointclouds_bbox_norm/cylinder/005_tomato_soup_can/005_tomato_soup_can_sample_12.csv,005_tomato_soup_can,cylinder,1,12,ycb28,ycb28_test,/content/drive/MyDrive/PointNet_APS_Project_V2/data/ycb28/extracted_models/005_tomato_soup_can/005_tomato_soup_can/google_16k/textured.obj,official_ycb_download,1000,1,1,cylinder,cylinder,0.9689237,True,error_trained,9
/content/drive/MyDrive/PointNet_APS_Project_V2/data/ycb28/generated_pointclouds_bbox_norm/cylinder/005_tomato_soup_can/005_tomato_soup_can_sample_13.csv,005_tomato_soup_can,cylinder,1,13,ycb28,ycb28_test,/content/drive/MyDrive/PointNet_APS_Project_V2/data/ycb28/extracted_models/005_tomato_soup_can/005_tomato_soup_can/google_16k/textured.obj,official_ycb_download,1000,1,1,cylinder,cylinder,0.9823185,True,error_trained,9
/content/drive/MyDrive/PointNet_APS_Project_V2/data/ycb28/generated_pointclouds_bbox_norm/cylinder/005_tomato_soup_can/005_tomato_soup_can_sample_14.csv,005_tomato_soup_can,cylinder,1,14,ycb28,ycb28_test,/content/drive/MyDrive/PointNet_APS_Project_V2/data/ycb28/extracted_models/005_tomato_soup_can/005_tomato_soup_can/google_16k/textured.obj,official_ycb_download,1000,1,1,cylinder,cylinder,0.98856235,True,error_trained,9
/content/drive/MyDrive/PointNet_APS_Project_V2/data/ycb28/generated_pointclouds_bbox_norm/cylinder/005_tomato_soup_can/005_tomato_soup_can_sample_15.csv,005_tomato_soup_can,cylinder,1,15,ycb28,ycb28_test,/content/drive/MyDrive/PointNet_APS_Project_V2/data/ycb28/extracted_models/005_tomato_soup_can/005_tomato_soup_can/google_16k/textured.obj,official_ycb_download,1000,1,1,cylinder,cylinder,0.98244387,True,error_trained,9
/content/drive/MyDrive/PointNet_APS_Project_V2/data/ycb28/generated_pointclouds_bbox_norm/cylinder/005_tomato_soup_can/005_tomato_soup_can_sample_16.csv,005_tomato_soup_can,cylinder,1,16,ycb28,ycb28_test,/content/drive/MyDrive/PointNet_APS_Project_V2/data/ycb28/extracted_models/005_tomato_soup_can/005_tomato_soup_can/google_16k/textured.obj,official_ycb_download,1000,1,1,cylinder,cylinder,0.9835179,True,error_trained,9
/content/drive/MyDrive/PointNet_APS_Project_V2/data/ycb28/generated_pointclouds_bbox_norm/cylinder/005_tomato_soup_can/005_tomato_soup_can_sample_17.csv,005_tomato_soup_can,cylinder,1,17,ycb28,ycb28_test,/content/drive/MyDrive/PointNet_APS_Project_V2/data/ycb28/extracted_models/005_tomato_soup_can/005_tomato_soup_can/google_16k/textured.obj,official_ycb_download,1000,1,1,cylinder,cylinder,0.9645006,True,error_trained,9
/content/drive/MyDrive/PointNet_APS_Project_V2/data/ycb28/generated_pointclouds_bbox_norm/cylinder/005_tomato_soup_can/005_tomato_soup_can_sample_18.csv,005_tomato_soup_can,cylinder,1,18,ycb28,ycb28_test,/content/drive/MyDrive/PointNet_APS_Project_V2/data/ycb28/extracted_models/005_tomato_soup_can/005_tomato_soup_can/google_16k/textured.obj,official_ycb_download,1000,1,1,cylinder,cylinder,0.9837399,True,error_trained,9
/content/drive/MyDrive/PointNet_APS_Project_V2/data/ycb28/generated_pointclouds_bbox_norm/cylinder/005_tomato_soup_can/005_tomato_soup_can_sample_19.csv,005_tomato_soup_can,cylinder,1,19,ycb28,ycb28_test,/content/drive/MyDrive/PointNet_APS_Project_V2/data/ycb28/extracted_models/005_tomato_soup_can/005_tomato_soup_can/google_16k/textured.obj,official_ycb_download,1000,1,1,cylinder,cylinder,0.9719787,True,error_trained,9
/content/drive/MyDrive/PointNet_APS_Project_V2/data/ycb28/generated_pointclouds_bbox_norm/cylinder/007_tuna_fish_can/007_tuna_fish_can_sample_00.csv,007_tuna_fish_can,cylinder,1,0,ycb28,ycb28_test,/content/drive/MyDrive/PointNet_APS_Project_V2/data/ycb28/extracted_models/007_tuna_fish_can/007_tuna_fish_can/google_16k/textured.obj,official_ycb_download,1000,1,1,cylinder,cylinder,0.9824896,True,error_trained,9
/content/drive/MyDrive/PointNet_APS_Project_V2/data/ycb28/generated_pointclouds_bbox_norm/cylinder/007_tuna_fish_can/007_tuna_fish_can_sample_01.csv,007_tuna_fish_can,cylinder,1,1,ycb28,ycb28_test,/content/drive/MyDrive/PointNet_APS_Project_V2/data/ycb28/extracted_models/007_tuna_fish_can/007_tuna_fish_can/google_16k/textured.obj,official_ycb_download,1000,1,1,cylinder,cylinder,0.98041385,True,error_trained,9
/content/drive/MyDrive/PointNet_APS_Project_V2/data/ycb28/generated_pointclouds_bbox_norm/cylinder/007_tuna_fish_can/007_tuna_fish_can_sample_02.csv,007_tuna_fish_can,cylinder,1,2,ycb28,ycb28_test,/content/drive/MyDrive/PointNet_APS_Project_V2/data/ycb28/extracted_models/007_tuna_fish_can/007_tuna_fish_can/google_16k/textured.obj,official_ycb_download,1000,1,1,cylinder,cylinder,0.9619289,True,error_trained,9
/content/drive/MyDrive/PointNet_APS_Project_V2/data/ycb28/generated_pointclouds_bbox_norm/cylinder/007_tuna_fish_can/007_tuna_fish_can_sample_03.csv,007_tuna_fish_can,cylinder,1,3,ycb28,ycb28_test,/content/drive/MyDrive/PointNet_APS_Project_V2/data/ycb28/extracted_models/007_tuna_fish_can/007_tuna_fish_can/google_16k/textured.obj,official_ycb_download,1000,1,1,cylinder,cylinder,0.9583131,True,error_trained,9
/content/drive/MyDrive/PointNet_APS_Project_V2/data/ycb28/generated_pointclouds_bbox_norm/cylinder/007_tuna_fish_can/007_tuna_fish_can_sample_04.csv,007_tuna_fish_can,cylinder,1,4,ycb28,ycb28_test,/content/drive/MyDrive/PointNet_APS_Project_V2/data/ycb28/extracted_models/007_tuna_fish_can/007_tuna_fish_can/google_16k/textured.obj,official_ycb_download,1000,1,1,cylinder,cylinder,0.9651731,True,error_trained,9
/content/drive/MyDrive/PointNet_APS_Project_V2/data/ycb28/generated_pointclouds_bbox_norm/cylinder/007_tuna_fish_can/007_tuna_fish_can_sample_05.csv,007_tuna_fish_can,cylinder,1,5,ycb28,ycb28_test,/content/drive/MyDrive/PointNet_APS_Project_V2/data/ycb28/extracted_models/007_tuna_fish_can/007_tuna_fish_can/google_16k/textured.obj,official_ycb_download,1000,1,1,cylinder,cylinder,0.8344995,True,error_trained,9
/content/drive/MyDrive/PointNet_APS_Project_V2/data/ycb28/generated_pointclouds_bbox_norm/cylinder/007_tuna_fish_can/007_tuna_fish_can_sample_06.csv,007_tuna_fish_can,cylinder,1,6,ycb28,ycb28_test,/content/drive/MyDrive/PointNet_APS_Project_V2/data/ycb28/extracted_models/007_tuna_fish_can/007_tuna_fish_can/google_16k/textured.obj,official_ycb_download,1000,1,1,cylinder,cylinder,0.85504633,True,error_trained,9
/content/drive/MyDrive/PointNet_APS_Project_V2/data/ycb28/generated_pointclouds_bbox_norm/cylinder/007_tuna_fish_can/007_tuna_fish_can_sample_07.csv,007_tuna_fish_can,cylinder,1,7,ycb28,ycb28_test,/content/drive/MyDrive/PointNet_APS_Project_V2/data/ycb28/extracted_models/007_tuna_fish_can/007_tuna_fish_can/google_16k/textured.obj,official_ycb_download,1000,1,0,cylinder,box,0.5243259,False,error_trained,9
/content/drive/MyDrive/PointNet_APS_Project_V2/data/ycb28/generated_pointclouds_bbox_norm/cylinder/007_tuna_fish_can/007_tuna_fish_can_sample_08.csv,007_tuna_fish_can,cylinder,1,8,ycb28,ycb28_test,/content/drive/MyDrive/PointNet_APS_Project_V2/data/ycb28/extracted_models/007_tuna_fish_can/007_tuna_fish_can/google_16k/textured.obj,official_ycb_download,1000,1,1,cylinder,cylinder,0.9814394,True,error_trained,9
/content/drive/MyDrive/PointNet_APS_Project_V2/data/ycb28/generated_pointclouds_bbox_norm/cylinder/007_tuna_fish_can/007_tuna_fish_can_sample_09.csv,007_tuna_fish_can,cylinder,1,9,ycb28,ycb28_test,/content/drive/MyDrive/PointNet_APS_Project_V2/data/ycb28/extracted_models/007_tuna_fish_can/007_tuna_fish_can/google_16k/textured.obj,official_ycb_download,1000,1,1,cylinder,cylinder,0.9236895,True,error_trained,9
/content/drive/MyDrive/PointNet_APS_Project_V2/data/ycb28/generated_pointclouds_bbox_norm/cylinder/007_tuna_fish_can/007_tuna_fish_can_sample_10.csv,007_tuna_fish_can,cylinder,1,10,ycb28,ycb28_test,/content/drive/MyDrive/PointNet_APS_Project_V2/data/ycb28/extracted_models/007_tuna_fish_can/007_tuna_fish_can/google_16k/textured.obj,official_ycb_download,1000,1,1,cylinder,cylinder,0.97413343,True,error_trained,9
/content/drive/MyDrive/PointNet_APS_Project_V2/data/ycb28/generated_pointclouds_bbox_norm/cylinder/007_tuna_fish_can/007_tuna_fish_can_sample_11.csv,007_tuna_fish_can,cylinder,1,11,ycb28,ycb28_test,/content/drive/MyDrive/PointNet_APS_Project_V2/data/ycb28/extracted_models/007_tuna_fish_can/007_tuna_fish_can/google_16k/textured.obj,official_ycb_download,1000,1,1,cylinder,cylinder,0.9762487,True,error_trained,9
/content/drive/MyDrive/PointNet_APS_Project_V2/data/ycb28/generated_pointclouds_bbox_norm/cylinder/007_tuna_fish_can/007_tuna_fish_can_sample_12.csv,007_tuna_fish_can,cylinder,1,12,ycb28,ycb28_test,/content/drive/MyDrive/PointNet_APS_Project_V2/data/ycb28/extracted_models/007_tuna_fish_can/007_tuna_fish_can/google_16k/textured.obj,official_ycb_download,1000,1,1,cylinder,cylinder,0.9511385,True,error_trained,9
/content/drive/MyDrive/PointNet_APS_Project_V2/data/ycb28/generated_pointclouds_bbox_norm/cylinder/007_tuna_fish_can/007_tuna_fish_can_sample_13.csv,007_tuna_fish_can,cylinder,1,13,ycb28,ycb28_test,/content/drive/MyDrive/PointNet_APS_Project_V2/data/ycb28/extracted_models/007_tuna_fish_can/007_tuna_fish_can/google_16k/textured.obj,official_ycb_download,1000,1,1,cylinder,cylinder,0.9826179,True,error_trained,9
/content/drive/MyDrive/PointNet_APS_Project_V2/data/ycb28/generated_pointclouds_bbox_norm/cylinder/007_tuna_fish_can/007_tuna_fish_can_sample_14.csv,007_tuna_fish_can,cylinder,1,14,ycb28,ycb28_test,/content/drive/MyDrive/PointNet_APS_Project_V2/data/ycb28/extracted_models/007_tuna_fish_can/007_tuna_fish_can/google_16k/textured.obj,official_ycb_download,1000,1,1,cylinder,cylinder,0.97473294,True,error_trained,9
/content/drive/MyDrive/PointNet_APS_Project_V2/data/ycb28/generated_pointclouds_bbox_norm/cylinder/007_tuna_fish_can/007_tuna_fish_can_sample_15.csv,007_tuna_fish_can,cylinder,1,15,ycb28,ycb28_test,/content/drive/MyDrive/PointNet_APS_Project_V2/data/ycb28/extracted_models/007_tuna_fish_can/007_tuna_fish_can/google_16k/textured.obj,official_ycb_download,1000,1,1,cylinder,cylinder,0.98663366,True,error_trained,9
/content/drive/MyDrive/PointNet_APS_Project_V2/data/ycb28/generated_pointclouds_bbox_norm/cylinder/007_tuna_fish_can/007_tuna_fish_can_sample_16.csv,007_tuna_fish_can,cylinder,1,16,ycb28,ycb28_test,/content/drive/MyDrive/PointNet_APS_Project_V2/data/ycb28/extracted_models/007_tuna_fish_can/007_tuna_fish_can/google_16k/textured.obj,official_ycb_download,1000,1,1,cylinder,cylinder,0.9533998,True,error_trained,9
/content/drive/MyDrive/PointNet_APS_Project_V2/data/ycb28/generated_pointclouds_bbox_norm/cylinder/007_tuna_fish_can/007_tuna_fish_can_sample_17.csv,007_tuna_fish_can,cylinder,1,17,ycb28,ycb28_test,/content/drive/MyDrive/PointNet_APS_Project_V2/data/ycb28/extracted_models/007_tuna_fish_can/007_tuna_fish_can/google_16k/textured.obj,official_ycb_download,1000,1,1,cylinder,cylinder,0.9854194,True,error_trained,9
/content/drive/MyDrive/PointNet_APS_Project_V2/data/ycb28/generated_pointclouds_bbox_norm/cylinder/007_tuna_fish_can/007_tuna_fish_can_sample_18.csv,007_tuna_fish_can,cylinder,1,18,ycb28,ycb28_test,/content/drive/MyDrive/PointNet_APS_Project_V2/data/ycb28/extracted_models/007_tuna_fish_can/007_tuna_fish_can/google_16k/textured.obj,official_ycb_download,1000,1,1,cylinder,cylinder,0.974726,True,error_trained,9
/content/drive/MyDrive/PointNet_APS_Project_V2/data/ycb28/generated_pointclouds_bbox_norm/cylinder/007_tuna_fish_can/007_tuna_fish_can_sample_19.csv,007_tuna_fish_can,cylinder,1,19,ycb28,ycb28_test,/content/drive/MyDrive/PointNet_APS_Project_V2/data/ycb28/extracted_models/007_tuna_fish_can/007_tuna_fish_can/google_16k/textured.obj,official_ycb_download,1000,1,1,cylinder,cylinder,0.9720585,True,error_trained,9
/content/drive/MyDrive/PointNet_APS_Project_V2/data/ycb28/generated_pointclouds_bbox_norm/cylinder/019_pitcher_base/019_pitcher_base_sample_00.csv,019_pitcher_base,cylinder,1,0,ycb28,ycb28_test,/content/drive/MyDrive/PointNet_APS_Project_V2/data/ycb28/extracted_models/019_pitcher_base/019_pitcher_base/google_16k/textured.obj,official_ycb_download,1000,1,1,cylinder,cylinder,0.98891383,True,error_trained,9
/content/drive/MyDrive/PointNet_APS_Project_V2/data/ycb28/generated_pointclouds_bbox_norm/cylinder/019_pitcher_base/019_pitcher_base_sample_01.csv,019_pitcher_base,cylinder,1,1,ycb28,ycb28_test,/content/drive/MyDrive/PointNet_APS_Project_V2/data/ycb28/extracted_models/019_pitcher_base/019_pitcher_base/google_16k/textured.obj,official_ycb_download,1000,1,1,cylinder,cylinder,0.9798458,True,error_trained,9
/content/drive/MyDrive/PointNet_APS_Project_V2/data/ycb28/generated_pointclouds_bbox_norm/cylinder/019_pitcher_base/019_pitcher_base_sample_02.csv,019_pitcher_base,cylinder,1,2,ycb28,ycb28_test,/content/drive/MyDrive/PointNet_APS_Project_V2/data/ycb28/extracted_models/019_pitcher_base/019_pitcher_base/google_16k/textured.obj,official_ycb_download,1000,1,1,cylinder,cylinder,0.9854532,True,error_trained,9
/content/drive/MyDrive/PointNet_APS_Project_V2/data/ycb28/generated_pointclouds_bbox_norm/cylinder/019_pitcher_base/019_pitcher_base_sample_03.csv,019_pitcher_base,cylinder,1,3,ycb28,ycb28_test,/content/drive/MyDrive/PointNet_APS_Project_V2/data/ycb28/extracted_models/019_pitcher_base/019_pitcher_base/google_16k/textured.obj,official_ycb_download,1000,1,1,cylinder,cylinder,0.98571974,True,error_trained,9
/content/drive/MyDrive/PointNet_APS_Project_V2/data/ycb28/generated_pointclouds_bbox_norm/cylinder/019_pitcher_base/019_pitcher_base_sample_04.csv,019_pitcher_base,cylinder,1,4,ycb28,ycb28_test,/content/drive/MyDrive/PointNet_APS_Project_V2/data/ycb28/extracted_models/019_pitcher_base/019_pitcher_base/google_16k/textured.obj,official_ycb_download,1000,1,1,cylinder,cylinder,0.9887456,True,error_trained,9
/content/drive/MyDrive/PointNet_APS_Project_V2/data/ycb28/generated_pointclouds_bbox_norm/cylinder/019_pitcher_base/019_pitcher_base_sample_05.csv,019_pitcher_base,cylinder,1,5,ycb28,ycb28_test,/content/drive/MyDrive/PointNet_APS_Project_V2/data/ycb28/extracted_models/019_pitcher_base/019_pitcher_base/google_16k/textured.obj,official_ycb_download,1000,1,1,cylinder,cylinder,0.9857209,True,error_trained,9
/content/drive/MyDrive/PointNet_APS_Project_V2/data/ycb28/generated_pointclouds_bbox_norm/cylinder/019_pitcher_base/019_pitcher_base_sample_06.csv,019_pitcher_base,cylinder,1,6,ycb28,ycb28_test,/content/drive/MyDrive/PointNet_APS_Project_V2/data/ycb28/extracted_models/019_pitcher_base/019_pitcher_base/google_16k/textured.obj,official_ycb_download,1000,1,1,cylinder,cylinder,0.9859169,True,error_trained,9
/content/drive/MyDrive/PointNet_APS_Project_V2/data/ycb28/generated_pointclouds_bbox_norm/cylinder/019_pitcher_base/019_pitcher_base_sample_07.csv,019_pitcher_base,cylinder,1,7,ycb28,ycb28_test,/content/drive/MyDrive/PointNet_APS_Project_V2/data/ycb28/extracted_models/019_pitcher_base/019_pitcher_base/google_16k/textured.obj,official_ycb_download,1000,1,1,cylinder,cylinder,0.9843354,True,error_trained,9
/content/drive/MyDrive/PointNet_APS_Project_V2/data/ycb28/generated_pointclouds_bbox_norm/cylinder/019_pitcher_base/019_pitcher_base_sample_08.csv,019_pitcher_base,cylinder,1,8,ycb28,ycb28_test,/content/drive/MyDrive/PointNet_APS_Project_V2/data/ycb28/extracted_models/019_pitcher_base/019_pitcher_base/google_16k/textured.obj,official_ycb_download,1000,1,1,cylinder,cylinder,0.98648435,True,error_trained,9
/content/drive/MyDrive/PointNet_APS_Project_V2/data/ycb28/generated_pointclouds_bbox_norm/cylinder/019_pitcher_base/019_pitcher_base_sample_09.csv,019_pitcher_base,cylinder,1,9,ycb28,ycb28_test,/content/drive/MyDrive/PointNet_APS_Project_V2/data/ycb28/extracted_models/019_pitcher_base/019_pitcher_base/google_16k/textured.obj,official_ycb_download,1000,1,1,cylinder,cylinder,0.98176587,True,error_trained,9
/content/drive/MyDrive/PointNet_APS_Project_V2/data/ycb28/generated_pointclouds_bbox_norm/cylinder/019_pitcher_base/019_pitcher_base_sample_10.csv,019_pitcher_base,cylinder,1,10,ycb28,ycb28_test,/content/drive/MyDrive/PointNet_APS_Project_V2/data/ycb28/extracted_models/019_pitcher_base/019_pitcher_base/google_16k/textured.obj,official_ycb_download,1000,1,1,cylinder,cylinder,0.98758614,True,error_trained,9
/content/drive/MyDrive/PointNet_APS_Project_V2/data/ycb28/generated_pointclouds_bbox_norm/cylinder/019_pitcher_base/019_pitcher_base_sample_11.csv,019_pitcher_base,cylinder,1,11,ycb28,ycb28_test,/content/drive/MyDrive/PointNet_APS_Project_V2/data/ycb28/extracted_models/019_pitcher_base/019_pitcher_base/google_16k/textured.obj,official_ycb_download,1000,1,1,cylinder,cylinder,0.9861054,True,error_trained,9
/content/drive/MyDrive/PointNet_APS_Project_V2/data/ycb28/generated_pointclouds_bbox_norm/cylinder/019_pitcher_base/019_pitcher_base_sample_12.csv,019_pitcher_base,cylinder,1,12,ycb28,ycb28_test,/content/drive/MyDrive/PointNet_APS_Project_V2/data/ycb28/extracted_models/019_pitcher_base/019_pitcher_base/google_16k/textured.obj,official_ycb_download,1000,1,1,cylinder,cylinder,0.98677677,True,error_trained,9
/content/drive/MyDrive/PointNet_APS_Project_V2/data/ycb28/generated_pointclouds_bbox_norm/cylinder/019_pitcher_base/019_pitcher_base_sample_13.csv,019_pitcher_base,cylinder,1,13,ycb28,ycb28_test,/content/drive/MyDrive/PointNet_APS_Project_V2/data/ycb28/extracted_models/019_pitcher_base/019_pitcher_base/google_16k/textured.obj,official_ycb_download,1000,1,1,cylinder,cylinder,0.9849554,True,error_trained,9
/content/drive/MyDrive/PointNet_APS_Project_V2/data/ycb28/generated_pointclouds_bbox_norm/cylinder/019_pitcher_base/019_pitcher_base_sample_14.csv,019_pitcher_base,cylinder,1,14,ycb28,ycb28_test,/content/drive/MyDrive/PointNet_APS_Project_V2/data/ycb28/extracted_models/019_pitcher_base/019_pitcher_base/google_16k/textured.obj,official_ycb_download,1000,1,1,cylinder,cylinder,0.97295606,True,error_trained,9
/content/drive/MyDrive/PointNet_APS_Project_V2/data/ycb28/generated_pointclouds_bbox_norm/cylinder/019_pitcher_base/019_pitcher_base_sample_15.csv,019_pitcher_base,cylinder,1,15,ycb28,ycb28_test,/content/drive/MyDrive/PointNet_APS_Project_V2/data/ycb28/extracted_models/019_pitcher_base/019_pitcher_base/google_16k/textured.obj,official_ycb_download,1000,1,1,cylinder,cylinder,0.97979075,True,error_trained,9
/content/drive/MyDrive/PointNet_APS_Project_V2/data/ycb28/generated_pointclouds_bbox_norm/cylinder/019_pitcher_base/019_pitcher_base_sample_16.csv,019_pitcher_base,cylinder,1,16,ycb28,ycb28_test,/content/drive/MyDrive/PointNet_APS_Project_V2/data/ycb28/extracted_models/019_pitcher_base/019_pitcher_base/google_16k/textured.obj,official_ycb_download,1000,1,1,cylinder,cylinder,0.9906453,True,error_trained,9
/content/drive/MyDrive/PointNet_APS_Project_V2/data/ycb28/generated_pointclouds_bbox_norm/cylinder/019_pitcher_base/019_pitcher_base_sample_17.csv,019_pitcher_base,cylinder,1,17,ycb28,ycb28_test,/content/drive/MyDrive/PointNet_APS_Project_V2/data/ycb28/extracted_models/019_pitcher_base/019_pitcher_base/google_16k/textured.obj,official_ycb_download,1000,1,1,cylinder,cylinder,0.9862533,True,error_trained,9
/content/drive/MyDrive/PointNet_APS_Project_V2/data/ycb28/generated_pointclouds_bbox_norm/cylinder/019_pitcher_base/019_pitcher_base_sample_18.csv,019_pitcher_base,cylinder,1,18,ycb28,ycb28_test,/content/drive/MyDrive/PointNet_APS_Project_V2/data/ycb28/extracted_models/019_pitcher_base/019_pitcher_base/google_16k/textured.obj,official_ycb_download,1000,1,1,cylinder,cylinder,0.9905584,True,error_trained,9
/content/drive/MyDrive/PointNet_APS_Project_V2/data/ycb28/generated_pointclouds_bbox_norm/cylinder/019_pitcher_base/019_pitcher_base_sample_19.csv,019_pitcher_base,cylinder,1,19,ycb28,ycb28_test,/content/drive/MyDrive/PointNet_APS_Project_V2/data/ycb28/extracted_models/019_pitcher_base/019_pitcher_base/google_16k/textured.obj,official_ycb_download,1000,1,1,cylinder,cylinder,0.97842926,True,error_trained,9
/content/drive/MyDrive/PointNet_APS_Project_V2/data/ycb28/generated_pointclouds_bbox_norm/cylinder/025_mug/025_mug_sample_00.csv,025_mug,cylinder,1,0,ycb28,ycb28_test,/content/drive/MyDrive/PointNet_APS_Project_V2/data/ycb28/extracted_models/025_mug/025_mug/google_16k/textured.obj,official_ycb_download,1000,1,1,cylinder,cylinder,0.97219706,True,error_trained,9
/content/drive/MyDrive/PointNet_APS_Project_V2/data/ycb28/generated_pointclouds_bbox_norm/cylinder/025_mug/025_mug_sample_01.csv,025_mug,cylinder,1,1,ycb28,ycb28_test,/content/drive/MyDrive/PointNet_APS_Project_V2/data/ycb28/extracted_models/025_mug/025_mug/google_16k/textured.obj,official_ycb_download,1000,1,1,cylinder,cylinder,0.9663727,True,error_trained,9
/content/drive/MyDrive/PointNet_APS_Project_V2/data/ycb28/generated_pointclouds_bbox_norm/cylinder/025_mug/025_mug_sample_02.csv,025_mug,cylinder,1,2,ycb28,ycb28_test,/content/drive/MyDrive/PointNet_APS_Project_V2/data/ycb28/extracted_models/025_mug/025_mug/google_16k/textured.obj,official_ycb_download,1000,1,1,cylinder,cylinder,0.9695822,True,error_trained,9
/content/drive/MyDrive/PointNet_APS_Project_V2/data/ycb28/generated_pointclouds_bbox_norm/cylinder/025_mug/025_mug_sample_03.csv,025_mug,cylinder,1,3,ycb28,ycb28_test,/content/drive/MyDrive/PointNet_APS_Project_V2/data/ycb28/extracted_models/025_mug/025_mug/google_16k/textured.obj,official_ycb_download,1000,1,1,cylinder,cylinder,0.9528646,True,error_trained,9
/content/drive/MyDrive/PointNet_APS_Project_V2/data/ycb28/generated_pointclouds_bbox_norm/cylinder/025_mug/025_mug_sample_04.csv,025_mug,cylinder,1,4,ycb28,ycb28_test,/content/drive/MyDrive/PointNet_APS_Project_V2/data/ycb28/extracted_models/025_mug/025_mug/google_16k/textured.obj,official_ycb_download,1000,1,1,cylinder,cylinder,0.9757538,True,error_trained,9
/content/drive/MyDrive/PointNet_APS_Project_V2/data/ycb28/generated_pointclouds_bbox_norm/cylinder/025_mug/025_mug_sample_05.csv,025_mug,cylinder,1,5,ycb28,ycb28_test,/content/drive/MyDrive/PointNet_APS_Project_V2/data/ycb28/extracted_models/025_mug/025_mug/google_16k/textured.obj,official_ycb_download,1000,1,1,cylinder,cylinder,0.9562046,True,error_trained,9
/content/drive/MyDrive/PointNet_APS_Project_V2/data/ycb28/generated_pointclouds_bbox_norm/cylinder/025_mug/025_mug_sample_06.csv,025_mug,cylinder,1,6,ycb28,ycb28_test,/content/drive/MyDrive/PointNet_APS_Project_V2/data/ycb28/extracted_models/025_mug/025_mug/google_16k/textured.obj,official_ycb_download,1000,1,1,cylinder,cylinder,0.9791549,True,error_trained,9
/content/drive/MyDrive/PointNet_APS_Project_V2/data/ycb28/generated_pointclouds_bbox_norm/cylinder/025_mug/025_mug_sample_07.csv,025_mug,cylinder,1,7,ycb28,ycb28_test,/content/drive/MyDrive/PointNet_APS_Project_V2/data/ycb28/extracted_models/025_mug/025_mug/google_16k/textured.obj,official_ycb_download,1000,1,1,cylinder,cylinder,0.936171,True,error_trained,9
/content/drive/MyDrive/PointNet_APS_Project_V2/data/ycb28/generated_pointclouds_bbox_norm/cylinder/025_mug/025_mug_sample_08.csv,025_mug,cylinder,1,8,ycb28,ycb28_test,/content/drive/MyDrive/PointNet_APS_Project_V2/data/ycb28/extracted_models/025_mug/025_mug/google_16k/textured.obj,official_ycb_download,1000,1,1,cylinder,cylinder,0.97867227,True,error_trained,9
/content/drive/MyDrive/PointNet_APS_Project_V2/data/ycb28/generated_pointclouds_bbox_norm/cylinder/025_mug/025_mug_sample_09.csv,025_mug,cylinder,1,9,ycb28,ycb28_test,/content/drive/MyDrive/PointNet_APS_Project_V2/data/ycb28/extracted_models/025_mug/025_mug/google_16k/textured.obj,official_ycb_download,1000,1,1,cylinder,cylinder,0.9788263,True,error_trained,9
/content/drive/MyDrive/PointNet_APS_Project_V2/data/ycb28/generated_pointclouds_bbox_norm/cylinder/025_mug/025_mug_sample_10.csv,025_mug,cylinder,1,10,ycb28,ycb28_test,/content/drive/MyDrive/PointNet_APS_Project_V2/data/ycb28/extracted_models/025_mug/025_mug/google_16k/textured.obj,official_ycb_download,1000,1,1,cylinder,cylinder,0.9496756,True,error_trained,9
/content/drive/MyDrive/PointNet_APS_Project_V2/data/ycb28/generated_pointclouds_bbox_norm/cylinder/025_mug/025_mug_sample_11.csv,025_mug,cylinder,1,11,ycb28,ycb28_test,/content/drive/MyDrive/PointNet_APS_Project_V2/data/ycb28/extracted_models/025_mug/025_mug/google_16k/textured.obj,official_ycb_download,1000,1,1,cylinder,cylinder,0.9561408,True,error_trained,9
/content/drive/MyDrive/PointNet_APS_Project_V2/data/ycb28/generated_pointclouds_bbox_norm/cylinder/025_mug/025_mug_sample_12.csv,025_mug,cylinder,1,12,ycb28,ycb28_test,/content/drive/MyDrive/PointNet_APS_Project_V2/data/ycb28/extracted_models/025_mug/025_mug/google_16k/textured.obj,official_ycb_download,1000,1,1,cylinder,cylinder,0.9731724,True,error_trained,9
/content/drive/MyDrive/PointNet_APS_Project_V2/data/ycb28/generated_pointclouds_bbox_norm/cylinder/025_mug/025_mug_sample_13.csv,025_mug,cylinder,1,13,ycb28,ycb28_test,/content/drive/MyDrive/PointNet_APS_Project_V2/data/ycb28/extracted_models/025_mug/025_mug/google_16k/textured.obj,official_ycb_download,1000,1,1,cylinder,cylinder,0.9762181,True,error_trained,9
/content/drive/MyDrive/PointNet_APS_Project_V2/data/ycb28/generated_pointclouds_bbox_norm/cylinder/025_mug/025_mug_sample_14.csv,025_mug,cylinder,1,14,ycb28,ycb28_test,/content/drive/MyDrive/PointNet_APS_Project_V2/data/ycb28/extracted_models/025_mug/025_mug/google_16k/textured.obj,official_ycb_download,1000,1,1,cylinder,cylinder,0.9797053,True,error_trained,9
/content/drive/MyDrive/PointNet_APS_Project_V2/data/ycb28/generated_pointclouds_bbox_norm/cylinder/025_mug/025_mug_sample_15.csv,025_mug,cylinder,1,15,ycb28,ycb28_test,/content/drive/MyDrive/PointNet_APS_Project_V2/data/ycb28/extracted_models/025_mug/025_mug/google_16k/textured.obj,official_ycb_download,1000,1,1,cylinder,cylinder,0.9706955,True,error_trained,9
/content/drive/MyDrive/PointNet_APS_Project_V2/data/ycb28/generated_pointclouds_bbox_norm/cylinder/025_mug/025_mug_sample_16.csv,025_mug,cylinder,1,16,ycb28,ycb28_test,/content/drive/MyDrive/PointNet_APS_Project_V2/data/ycb28/extracted_models/025_mug/025_mug/google_16k/textured.obj,official_ycb_download,1000,1,1,cylinder,cylinder,0.97864807,True,error_trained,9
/content/drive/MyDrive/PointNet_APS_Project_V2/data/ycb28/generated_pointclouds_bbox_norm/cylinder/025_mug/025_mug_sample_17.csv,025_mug,cylinder,1,17,ycb28,ycb28_test,/content/drive/MyDrive/PointNet_APS_Project_V2/data/ycb28/extracted_models/025_mug/025_mug/google_16k/textured.obj,official_ycb_download,1000,1,1,cylinder,cylinder,0.97550076,True,error_trained,9
/content/drive/MyDrive/PointNet_APS_Project_V2/data/ycb28/generated_pointclouds_bbox_norm/cylinder/025_mug/025_mug_sample_18.csv,025_mug,cylinder,1,18,ycb28,ycb28_test,/content/drive/MyDrive/PointNet_APS_Project_V2/data/ycb28/extracted_models/025_mug/025_mug/google_16k/textured.obj,official_ycb_download,1000,1,1,cylinder,cylinder,0.97058165,True,error_trained,9
/content/drive/MyDrive/PointNet_APS_Project_V2/data/ycb28/generated_pointclouds_bbox_norm/cylinder/025_mug/025_mug_sample_19.csv,025_mug,cylinder,1,19,ycb28,ycb28_test,/content/drive/MyDrive/PointNet_APS_Project_V2/data/ycb28/extracted_models/025_mug/025_mug/google_16k/textured.obj,official_ycb_download,1000,1,1,cylinder,cylinder,0.8641567,True,error_trained,9
/content/drive/MyDrive/PointNet_APS_Project_V2/data/ycb28/generated_pointclouds_bbox_norm/cylinder/040_large_marker/040_large_marker_sample_00.csv,040_large_marker,cylinder,1,0,ycb28,ycb28_test,/content/drive/MyDrive/PointNet_APS_Project_V2/data/ycb28/extracted_models/040_large_marker/040_large_marker/google_16k/textured.obj,official_ycb_download,1000,1,0,cylinder,box,0.60603845,False,error_trained,9
/content/drive/MyDrive/PointNet_APS_Project_V2/data/ycb28/generated_pointclouds_bbox_norm/cylinder/040_large_marker/040_large_marker_sample_01.csv,040_large_marker,cylinder,1,1,ycb28,ycb28_test,/content/drive/MyDrive/PointNet_APS_Project_V2/data/ycb28/extracted_models/040_large_marker/040_large_marker/google_16k/textured.obj,official_ycb_download,1000,1,1,cylinder,cylinder,0.7511098,True,error_trained,9
/content/drive/MyDrive/PointNet_APS_Project_V2/data/ycb28/generated_pointclouds_bbox_norm/cylinder/040_large_marker/040_large_marker_sample_02.csv,040_large_marker,cylinder,1,2,ycb28,ycb28_test,/content/drive/MyDrive/PointNet_APS_Project_V2/data/ycb28/extracted_models/040_large_marker/040_large_marker/google_16k/textured.obj,official_ycb_download,1000,1,1,cylinder,cylinder,0.8495114,True,error_trained,9
/content/drive/MyDrive/PointNet_APS_Project_V2/data/ycb28/generated_pointclouds_bbox_norm/cylinder/040_large_marker/040_large_marker_sample_03.csv,040_large_marker,cylinder,1,3,ycb28,ycb28_test,/content/drive/MyDrive/PointNet_APS_Project_V2/data/ycb28/extracted_models/040_large_marker/040_large_marker/google_16k/textured.obj,official_ycb_download,1000,1,1,cylinder,cylinder,0.81932944,True,error_trained,9
/content/drive/MyDrive/PointNet_APS_Project_V2/data/ycb28/generated_pointclouds_bbox_norm/cylinder/040_large_marker/040_large_marker_sample_04.csv,040_large_marker,cylinder,1,4,ycb28,ycb28_test,/content/drive/MyDrive/PointNet_APS_Project_V2/data/ycb28/extracted_models/040_large_marker/040_large_marker/google_16k/textured.obj,official_ycb_download,1000,1,1,cylinder,cylinder,0.72872674,True,error_trained,9
/content/drive/MyDrive/PointNet_APS_Project_V2/data/ycb28/generated_pointclouds_bbox_norm/cylinder/040_large_marker/040_large_marker_sample_05.csv,040_large_marker,cylinder,1,5,ycb28,ycb28_test,/content/drive/MyDrive/PointNet_APS_Project_V2/data/ycb28/extracted_models/040_large_marker/040_large_marker/google_16k/textured.obj,official_ycb_download,1000,1,1,cylinder,cylinder,0.88801014,True,error_trained,9
/content/drive/MyDrive/PointNet_APS_Project_V2/data/ycb28/generated_pointclouds_bbox_norm/cylinder/040_large_marker/040_large_marker_sample_06.csv,040_large_marker,cylinder,1,6,ycb28,ycb28_test,/content/drive/MyDrive/PointNet_APS_Project_V2/data/ycb28/extracted_models/040_large_marker/040_large_marker/google_16k/textured.obj,official_ycb_download,1000,1,1,cylinder,cylinder,0.8884602,True,error_trained,9
/content/drive/MyDrive/PointNet_APS_Project_V2/data/ycb28/generated_pointclouds_bbox_norm/cylinder/040_large_marker/040_large_marker_sample_07.csv,040_large_marker,cylinder,1,7,ycb28,ycb28_test,/content/drive/MyDrive/PointNet_APS_Project_V2/data/ycb28/extracted_models/040_large_marker/040_large_marker/google_16k/textured.obj,official_ycb_download,1000,1,1,cylinder,cylinder,0.81600547,True,error_trained,9
/content/drive/MyDrive/PointNet_APS_Project_V2/data/ycb28/generated_pointclouds_bbox_norm/cylinder/040_large_marker/040_large_marker_sample_08.csv,040_large_marker,cylinder,1,8,ycb28,ycb28_test,/content/drive/MyDrive/PointNet_APS_Project_V2/data/ycb28/extracted_models/040_large_marker/040_large_marker/google_16k/textured.obj,official_ycb_download,1000,1,1,cylinder,cylinder,0.6557547,True,error_trained,9
/content/drive/MyDrive/PointNet_APS_Project_V2/data/ycb28/generated_pointclouds_bbox_norm/cylinder/040_large_marker/040_large_marker_sample_09.csv,040_large_marker,cylinder,1,9,ycb28,ycb28_test,/content/drive/MyDrive/PointNet_APS_Project_V2/data/ycb28/extracted_models/040_large_marker/040_large_marker/google_16k/textured.obj,official_ycb_download,1000,1,1,cylinder,cylinder,0.92859006,True,error_trained,9
/content/drive/MyDrive/PointNet_APS_Project_V2/data/ycb28/generated_pointclouds_bbox_norm/cylinder/040_large_marker/040_large_marker_sample_10.csv,040_large_marker,cylinder,1,10,ycb28,ycb28_test,/content/drive/MyDrive/PointNet_APS_Project_V2/data/ycb28/extracted_models/040_large_marker/040_large_marker/google_16k/textured.obj,official_ycb_download,1000,1,1,cylinder,cylinder,0.9020373,True,error_trained,9
/content/drive/MyDrive/PointNet_APS_Project_V2/data/ycb28/generated_pointclouds_bbox_norm/cylinder/040_large_marker/040_large_marker_sample_11.csv,040_large_marker,cylinder,1,11,ycb28,ycb28_test,/content/drive/MyDrive/PointNet_APS_Project_V2/data/ycb28/extracted_models/040_large_marker/040_large_marker/google_16k/textured.obj,official_ycb_download,1000,1,1,cylinder,cylinder,0.9342986,True,error_trained,9
/content/drive/MyDrive/PointNet_APS_Project_V2/data/ycb28/generated_pointclouds_bbox_norm/cylinder/040_large_marker/040_large_marker_sample_12.csv,040_large_marker,cylinder,1,12,ycb28,ycb28_test,/content/drive/MyDrive/PointNet_APS_Project_V2/data/ycb28/extracted_models/040_large_marker/040_large_marker/google_16k/textured.obj,official_ycb_download,1000,1,1,cylinder,cylinder,0.73687774,True,error_trained,9
/content/drive/MyDrive/PointNet_APS_Project_V2/data/ycb28/generated_pointclouds_bbox_norm/cylinder/040_large_marker/040_large_marker_sample_13.csv,040_large_marker,cylinder,1,13,ycb28,ycb28_test,/content/drive/MyDrive/PointNet_APS_Project_V2/data/ycb28/extracted_models/040_large_marker/040_large_marker/google_16k/textured.obj,official_ycb_download,1000,1,1,cylinder,cylinder,0.8352686,True,error_trained,9
/content/drive/MyDrive/PointNet_APS_Project_V2/data/ycb28/generated_pointclouds_bbox_norm/cylinder/040_large_marker/040_large_marker_sample_14.csv,040_large_marker,cylinder,1,14,ycb28,ycb28_test,/content/drive/MyDrive/PointNet_APS_Project_V2/data/ycb28/extracted_models/040_large_marker/040_large_marker/google_16k/textured.obj,official_ycb_download,1000,1,1,cylinder,cylinder,0.6861473,True,error_trained,9
/content/drive/MyDrive/PointNet_APS_Project_V2/data/ycb28/generated_pointclouds_bbox_norm/cylinder/040_large_marker/040_large_marker_sample_15.csv,040_large_marker,cylinder,1,15,ycb28,ycb28_test,/content/drive/MyDrive/PointNet_APS_Project_V2/data/ycb28/extracted_models/040_large_marker/040_large_marker/google_16k/textured.obj,official_ycb_download,1000,1,1,cylinder,cylinder,0.8381739,True,error_trained,9
/content/drive/MyDrive/PointNet_APS_Project_V2/data/ycb28/generated_pointclouds_bbox_norm/cylinder/040_large_marker/040_large_marker_sample_16.csv,040_large_marker,cylinder,1,16,ycb28,ycb28_test,/content/drive/MyDrive/PointNet_APS_Project_V2/data/ycb28/extracted_models/040_large_marker/040_large_marker/google_16k/textured.obj,official_ycb_download,1000,1,1,cylinder,cylinder,0.731468,True,error_trained,9
/content/drive/MyDrive/PointNet_APS_Project_V2/data/ycb28/generated_pointclouds_bbox_norm/cylinder/040_large_marker/040_large_marker_sample_17.csv,040_large_marker,cylinder,1,17,ycb28,ycb28_test,/content/drive/MyDrive/PointNet_APS_Project_V2/data/ycb28/extracted_models/040_large_marker/040_large_marker/google_16k/textured.obj,official_ycb_download,1000,1,1,cylinder,cylinder,0.8638321,True,error_trained,9
/content/drive/MyDrive/PointNet_APS_Project_V2/data/ycb28/generated_pointclouds_bbox_norm/cylinder/040_large_marker/040_large_marker_sample_18.csv,040_large_marker,cylinder,1,18,ycb28,ycb28_test,/content/drive/MyDrive/PointNet_APS_Project_V2/data/ycb28/extracted_models/040_large_marker/040_large_marker/google_16k/textured.obj,official_ycb_download,1000,1,1,cylinder,cylinder,0.86681604,True,error_trained,9
/content/drive/MyDrive/PointNet_APS_Project_V2/data/ycb28/generated_pointclouds_bbox_norm/cylinder/040_large_marker/040_large_marker_sample_19.csv,040_large_marker,cylinder,1,19,ycb28,ycb28_test,/content/drive/MyDrive/PointNet_APS_Project_V2/data/ycb28/extracted_models/040_large_marker/040_large_marker/google_16k/textured.obj,official_ycb_download,1000,1,1,cylinder,cylinder,0.8506983,True,error_trained,9
/content/drive/MyDrive/PointNet_APS_Project_V2/data/ycb28/generated_pointclouds_bbox_norm/cylinder/065_a_cups/065_a_cups_sample_00.csv,065_a_cups,cylinder,1,0,ycb28,ycb28_test,/content/drive/MyDrive/PointNet_APS_Project_V2/data/ycb28/extracted_models/065_a_cups/065-a_cups/google_16k/textured.obj,official_ycb_download,1000,1,1,cylinder,cylinder,0.950683,True,error_trained,9
/content/drive/MyDrive/PointNet_APS_Project_V2/data/ycb28/generated_pointclouds_bbox_norm/cylinder/065_a_cups/065_a_cups_sample_01.csv,065_a_cups,cylinder,1,1,ycb28,ycb28_test,/content/drive/MyDrive/PointNet_APS_Project_V2/data/ycb28/extracted_models/065_a_cups/065-a_cups/google_16k/textured.obj,official_ycb_download,1000,1,1,cylinder,cylinder,0.94545627,True,error_trained,9
/content/drive/MyDrive/PointNet_APS_Project_V2/data/ycb28/generated_pointclouds_bbox_norm/cylinder/065_a_cups/065_a_cups_sample_02.csv,065_a_cups,cylinder,1,2,ycb28,ycb28_test,/content/drive/MyDrive/PointNet_APS_Project_V2/data/ycb28/extracted_models/065_a_cups/065-a_cups/google_16k/textured.obj,official_ycb_download,1000,1,1,cylinder,cylinder,0.93811095,True,error_trained,9
/content/drive/MyDrive/PointNet_APS_Project_V2/data/ycb28/generated_pointclouds_bbox_norm/cylinder/065_a_cups/065_a_cups_sample_03.csv,065_a_cups,cylinder,1,3,ycb28,ycb28_test,/content/drive/MyDrive/PointNet_APS_Project_V2/data/ycb28/extracted_models/065_a_cups/065-a_cups/google_16k/textured.obj,official_ycb_download,1000,1,1,cylinder,cylinder,0.7558179,True,error_trained,9
/content/drive/MyDrive/PointNet_APS_Project_V2/data/ycb28/generated_pointclouds_bbox_norm/cylinder/065_a_cups/065_a_cups_sample_04.csv,065_a_cups,cylinder,1,4,ycb28,ycb28_test,/content/drive/MyDrive/PointNet_APS_Project_V2/data/ycb28/extracted_models/065_a_cups/065-a_cups/google_16k/textured.obj,official_ycb_download,1000,1,1,cylinder,cylinder,0.96484864,True,error_trained,9
/content/drive/MyDrive/PointNet_APS_Project_V2/data/ycb28/generated_pointclouds_bbox_norm/cylinder/065_a_cups/065_a_cups_sample_05.csv,065_a_cups,cylinder,1,5,ycb28,ycb28_test,/content/drive/MyDrive/PointNet_APS_Project_V2/data/ycb28/extracted_models/065_a_cups/065-a_cups/google_16k/textured.obj,official_ycb_download,1000,1,1,cylinder,cylinder,0.9741432,True,error_trained,9
/content/drive/MyDrive/PointNet_APS_Project_V2/data/ycb28/generated_pointclouds_bbox_norm/cylinder/065_a_cups/065_a_cups_sample_06.csv,065_a_cups,cylinder,1,6,ycb28,ycb28_test,/content/drive/MyDrive/PointNet_APS_Project_V2/data/ycb28/extracted_models/065_a_cups/065-a_cups/google_16k/textured.obj,official_ycb_download,1000,1,1,cylinder,cylinder,0.97008765,True,error_trained,9
/content/drive/MyDrive/PointNet_APS_Project_V2/data/ycb28/generated_pointclouds_bbox_norm/cylinder/065_a_cups/065_a_cups_sample_07.csv,065_a_cups,cylinder,1,7,ycb28,ycb28_test,/content/drive/MyDrive/PointNet_APS_Project_V2/data/ycb28/extracted_models/065_a_cups/065-a_cups/google_16k/textured.obj,official_ycb_download,1000,1,1,cylinder,cylinder,0.8335357,True,error_trained,9
/content/drive/MyDrive/PointNet_APS_Project_V2/data/ycb28/generated_pointclouds_bbox_norm/cylinder/065_a_cups/065_a_cups_sample_08.csv,065_a_cups,cylinder,1,8,ycb28,ycb28_test,/content/drive/MyDrive/PointNet_APS_Project_V2/data/ycb28/extracted_models/065_a_cups/065-a_cups/google_16k/textured.obj,official_ycb_download,1000,1,1,cylinder,cylinder,0.96726316,True,error_trained,9
/content/drive/MyDrive/PointNet_APS_Project_V2/data/ycb28/generated_pointclouds_bbox_norm/cylinder/065_a_cups/065_a_cups_sample_09.csv,065_a_cups,cylinder,1,9,ycb28,ycb28_test,/content/drive/MyDrive/PointNet_APS_Project_V2/data/ycb28/extracted_models/065_a_cups/065-a_cups/google_16k/textured.obj,official_ycb_download,1000,1,1,cylinder,cylinder,0.9622826,True,error_trained,9
/content/drive/MyDrive/PointNet_APS_Project_V2/data/ycb28/generated_pointclouds_bbox_norm/cylinder/065_a_cups/065_a_cups_sample_10.csv,065_a_cups,cylinder,1,10,ycb28,ycb28_test,/content/drive/MyDrive/PointNet_APS_Project_V2/data/ycb28/extracted_models/065_a_cups/065-a_cups/google_16k/textured.obj,official_ycb_download,1000,1,1,cylinder,cylinder,0.90187645,True,error_trained,9
/content/drive/MyDrive/PointNet_APS_Project_V2/data/ycb28/generated_pointclouds_bbox_norm/cylinder/065_a_cups/065_a_cups_sample_11.csv,065_a_cups,cylinder,1,11,ycb28,ycb28_test,/content/drive/MyDrive/PointNet_APS_Project_V2/data/ycb28/extracted_models/065_a_cups/065-a_cups/google_16k/textured.obj,official_ycb_download,1000,1,1,cylinder,cylinder,0.96996397,True,error_trained,9
/content/drive/MyDrive/PointNet_APS_Project_V2/data/ycb28/generated_pointclouds_bbox_norm/cylinder/065_a_cups/065_a_cups_sample_12.csv,065_a_cups,cylinder,1,12,ycb28,ycb28_test,/content/drive/MyDrive/PointNet_APS_Project_V2/data/ycb28/extracted_models/065_a_cups/065-a_cups/google_16k/textured.obj,official_ycb_download,1000,1,1,cylinder,cylinder,0.9548394,True,error_trained,9
/content/drive/MyDrive/PointNet_APS_Project_V2/data/ycb28/generated_pointclouds_bbox_norm/cylinder/065_a_cups/065_a_cups_sample_13.csv,065_a_cups,cylinder,1,13,ycb28,ycb28_test,/content/drive/MyDrive/PointNet_APS_Project_V2/data/ycb28/extracted_models/065_a_cups/065-a_cups/google_16k/textured.obj,official_ycb_download,1000,1,1,cylinder,cylinder,0.9368233,True,error_trained,9
/content/drive/MyDrive/PointNet_APS_Project_V2/data/ycb28/generated_pointclouds_bbox_norm/cylinder/065_a_cups/065_a_cups_sample_14.csv,065_a_cups,cylinder,1,14,ycb28,ycb28_test,/content/drive/MyDrive/PointNet_APS_Project_V2/data/ycb28/extracted_models/065_a_cups/065-a_cups/google_16k/textured.obj,official_ycb_download,1000,1,1,cylinder,cylinder,0.9747611,True,error_trained,9
/content/drive/MyDrive/PointNet_APS_Project_V2/data/ycb28/generated_pointclouds_bbox_norm/cylinder/065_a_cups/065_a_cups_sample_15.csv,065_a_cups,cylinder,1,15,ycb28,ycb28_test,/content/drive/MyDrive/PointNet_APS_Project_V2/data/ycb28/extracted_models/065_a_cups/065-a_cups/google_16k/textured.obj,official_ycb_download,1000,1,1,cylinder,cylinder,0.96709454,True,error_trained,9
/content/drive/MyDrive/PointNet_APS_Project_V2/data/ycb28/generated_pointclouds_bbox_norm/cylinder/065_a_cups/065_a_cups_sample_16.csv,065_a_cups,cylinder,1,16,ycb28,ycb28_test,/content/drive/MyDrive/PointNet_APS_Project_V2/data/ycb28/extracted_models/065_a_cups/065-a_cups/google_16k/textured.obj,official_ycb_download,1000,1,1,cylinder,cylinder,0.9362555,True,error_trained,9
/content/drive/MyDrive/PointNet_APS_Project_V2/data/ycb28/generated_pointclouds_bbox_norm/cylinder/065_a_cups/065_a_cups_sample_17.csv,065_a_cups,cylinder,1,17,ycb28,ycb28_test,/content/drive/MyDrive/PointNet_APS_Project_V2/data/ycb28/extracted_models/065_a_cups/065-a_cups/google_16k/textured.obj,official_ycb_download,1000,1,1,cylinder,cylinder,0.9578684,True,error_trained,9
/content/drive/MyDrive/PointNet_APS_Project_V2/data/ycb28/generated_pointclouds_bbox_norm/cylinder/065_a_cups/065_a_cups_sample_18.csv,065_a_cups,cylinder,1,18,ycb28,ycb28_test,/content/drive/MyDrive/PointNet_APS_Project_V2/data/ycb28/extracted_models/065_a_cups/065-a_cups/google_16k/textured.obj,official_ycb_download,1000,1,1,cylinder,cylinder,0.8905442,True,error_trained,9
/content/drive/MyDrive/PointNet_APS_Project_V2/data/ycb28/generated_pointclouds_bbox_norm/cylinder/065_a_cups/065_a_cups_sample_19.csv,065_a_cups,cylinder,1,19,ycb28,ycb28_test,/content/drive/MyDrive/PointNet_APS_Project_V2/data/ycb28/extracted_models/065_a_cups/065-a_cups/google_16k/textured.obj,official_ycb_download,1000,1,1,cylinder,cylinder,0.8986347,True,error_trained,9
/content/drive/MyDrive/PointNet_APS_Project_V2/data/ycb28/generated_pointclouds_bbox_norm/sphere/012_strawberry/012_strawberry_sample_00.csv,012_strawberry,sphere,2,0,ycb28,ycb28_test,/content/drive/MyDrive/PointNet_APS_Project_V2/data/ycb28/extracted_models/012_strawberry/012_strawberry/google_16k/textured.obj,official_ycb_download,1000,2,2,sphere,sphere,0.8225382,True,error_trained,9
/content/drive/MyDrive/PointNet_APS_Project_V2/data/ycb28/generated_pointclouds_bbox_norm/sphere/012_strawberry/012_strawberry_sample_01.csv,012_strawberry,sphere,2,1,ycb28,ycb28_test,/content/drive/MyDrive/PointNet_APS_Project_V2/data/ycb28/extracted_models/012_strawberry/012_strawberry/google_16k/textured.obj,official_ycb_download,1000,2,2,sphere,sphere,0.7375511,True,error_trained,9
/content/drive/MyDrive/PointNet_APS_Project_V2/data/ycb28/generated_pointclouds_bbox_norm/sphere/012_strawberry/012_strawberry_sample_02.csv,012_strawberry,sphere,2,2,ycb28,ycb28_test,/content/drive/MyDrive/PointNet_APS_Project_V2/data/ycb28/extracted_models/012_strawberry/012_strawberry/google_16k/textured.obj,official_ycb_download,1000,2,2,sphere,sphere,0.57120204,True,error_trained,9
/content/drive/MyDrive/PointNet_APS_Project_V2/data/ycb28/generated_pointclouds_bbox_norm/sphere/012_strawberry/012_strawberry_sample_03.csv,012_strawberry,sphere,2,3,ycb28,ycb28_test,/content/drive/MyDrive/PointNet_APS_Project_V2/data/ycb28/extracted_models/012_strawberry/012_strawberry/google_16k/textured.obj,official_ycb_download,1000,2,1,sphere,cylinder,0.71911496,False,error_trained,9
/content/drive/MyDrive/PointNet_APS_Project_V2/data/ycb28/generated_pointclouds_bbox_norm/sphere/012_strawberry/012_strawberry_sample_04.csv,012_strawberry,sphere,2,4,ycb28,ycb28_test,/content/drive/MyDrive/PointNet_APS_Project_V2/data/ycb28/extracted_models/012_strawberry/012_strawberry/google_16k/textured.obj,official_ycb_download,1000,2,2,sphere,sphere,0.73359233,True,error_trained,9
/content/drive/MyDrive/PointNet_APS_Project_V2/data/ycb28/generated_pointclouds_bbox_norm/sphere/012_strawberry/012_strawberry_sample_05.csv,012_strawberry,sphere,2,5,ycb28,ycb28_test,/content/drive/MyDrive/PointNet_APS_Project_V2/data/ycb28/extracted_models/012_strawberry/012_strawberry/google_16k/textured.obj,official_ycb_download,1000,2,2,sphere,sphere,0.55165625,True,error_trained,9
/content/drive/MyDrive/PointNet_APS_Project_V2/data/ycb28/generated_pointclouds_bbox_norm/sphere/012_strawberry/012_strawberry_sample_06.csv,012_strawberry,sphere,2,6,ycb28,ycb28_test,/content/drive/MyDrive/PointNet_APS_Project_V2/data/ycb28/extracted_models/012_strawberry/012_strawberry/google_16k/textured.obj,official_ycb_download,1000,2,2,sphere,sphere,0.57753557,True,error_trained,9
/content/drive/MyDrive/PointNet_APS_Project_V2/data/ycb28/generated_pointclouds_bbox_norm/sphere/012_strawberry/012_strawberry_sample_07.csv,012_strawberry,sphere,2,7,ycb28,ycb28_test,/content/drive/MyDrive/PointNet_APS_Project_V2/data/ycb28/extracted_models/012_strawberry/012_strawberry/google_16k/textured.obj,official_ycb_download,1000,2,2,sphere,sphere,0.6069871,True,error_trained,9
/content/drive/MyDrive/PointNet_APS_Project_V2/data/ycb28/generated_pointclouds_bbox_norm/sphere/012_strawberry/012_strawberry_sample_08.csv,012_strawberry,sphere,2,8,ycb28,ycb28_test,/content/drive/MyDrive/PointNet_APS_Project_V2/data/ycb28/extracted_models/012_strawberry/012_strawberry/google_16k/textured.obj,official_ycb_download,1000,2,2,sphere,sphere,0.6985951,True,error_trained,9
/content/drive/MyDrive/PointNet_APS_Project_V2/data/ycb28/generated_pointclouds_bbox_norm/sphere/012_strawberry/012_strawberry_sample_09.csv,012_strawberry,sphere,2,9,ycb28,ycb28_test,/content/drive/MyDrive/PointNet_APS_Project_V2/data/ycb28/extracted_models/012_strawberry/012_strawberry/google_16k/textured.obj,official_ycb_download,1000,2,1,sphere,cylinder,0.5996749,False,error_trained,9
/content/drive/MyDrive/PointNet_APS_Project_V2/data/ycb28/generated_pointclouds_bbox_norm/sphere/012_strawberry/012_strawberry_sample_10.csv,012_strawberry,sphere,2,10,ycb28,ycb28_test,/content/drive/MyDrive/PointNet_APS_Project_V2/data/ycb28/extracted_models/012_strawberry/012_strawberry/google_16k/textured.obj,official_ycb_download,1000,2,2,sphere,sphere,0.6010542,True,error_trained,9
/content/drive/MyDrive/PointNet_APS_Project_V2/data/ycb28/generated_pointclouds_bbox_norm/sphere/012_strawberry/012_strawberry_sample_11.csv,012_strawberry,sphere,2,11,ycb28,ycb28_test,/content/drive/MyDrive/PointNet_APS_Project_V2/data/ycb28/extracted_models/012_strawberry/012_strawberry/google_16k/textured.obj,official_ycb_download,1000,2,2,sphere,sphere,0.80399585,True,error_trained,9
/content/drive/MyDrive/PointNet_APS_Project_V2/data/ycb28/generated_pointclouds_bbox_norm/sphere/012_strawberry/012_strawberry_sample_12.csv,012_strawberry,sphere,2,12,ycb28,ycb28_test,/content/drive/MyDrive/PointNet_APS_Project_V2/data/ycb28/extracted_models/012_strawberry/012_strawberry/google_16k/textured.obj,official_ycb_download,1000,2,2,sphere,sphere,0.82051,True,error_trained,9
/content/drive/MyDrive/PointNet_APS_Project_V2/data/ycb28/generated_pointclouds_bbox_norm/sphere/012_strawberry/012_strawberry_sample_13.csv,012_strawberry,sphere,2,13,ycb28,ycb28_test,/content/drive/MyDrive/PointNet_APS_Project_V2/data/ycb28/extracted_models/012_strawberry/012_strawberry/google_16k/textured.obj,official_ycb_download,1000,2,2,sphere,sphere,0.5920182,True,error_trained,9
/content/drive/MyDrive/PointNet_APS_Project_V2/data/ycb28/generated_pointclouds_bbox_norm/sphere/012_strawberry/012_strawberry_sample_14.csv,012_strawberry,sphere,2,14,ycb28,ycb28_test,/content/drive/MyDrive/PointNet_APS_Project_V2/data/ycb28/extracted_models/012_strawberry/012_strawberry/google_16k/textured.obj,official_ycb_download,1000,2,2,sphere,sphere,0.80751437,True,error_trained,9
/content/drive/MyDrive/PointNet_APS_Project_V2/data/ycb28/generated_pointclouds_bbox_norm/sphere/012_strawberry/012_strawberry_sample_15.csv,012_strawberry,sphere,2,15,ycb28,ycb28_test,/content/drive/MyDrive/PointNet_APS_Project_V2/data/ycb28/extracted_models/012_strawberry/012_strawberry/google_16k/textured.obj,official_ycb_download,1000,2,1,sphere,cylinder,0.77987343,False,error_trained,9
/content/drive/MyDrive/PointNet_APS_Project_V2/data/ycb28/generated_pointclouds_bbox_norm/sphere/012_strawberry/012_strawberry_sample_16.csv,012_strawberry,sphere,2,16,ycb28,ycb28_test,/content/drive/MyDrive/PointNet_APS_Project_V2/data/ycb28/extracted_models/012_strawberry/012_strawberry/google_16k/textured.obj,official_ycb_download,1000,2,2,sphere,sphere,0.87579775,True,error_trained,9
/content/drive/MyDrive/PointNet_APS_Project_V2/data/ycb28/generated_pointclouds_bbox_norm/sphere/012_strawberry/012_strawberry_sample_17.csv,012_strawberry,sphere,2,17,ycb28,ycb28_test,/content/drive/MyDrive/PointNet_APS_Project_V2/data/ycb28/extracted_models/012_strawberry/012_strawberry/google_16k/textured.obj,official_ycb_download,1000,2,1,sphere,cylinder,0.64415616,False,error_trained,9
/content/drive/MyDrive/PointNet_APS_Project_V2/data/ycb28/generated_pointclouds_bbox_norm/sphere/012_strawberry/012_strawberry_sample_18.csv,012_strawberry,sphere,2,18,ycb28,ycb28_test,/content/drive/MyDrive/PointNet_APS_Project_V2/data/ycb28/extracted_models/012_strawberry/012_strawberry/google_16k/textured.obj,official_ycb_download,1000,2,2,sphere,sphere,0.5415723,True,error_trained,9
/content/drive/MyDrive/PointNet_APS_Project_V2/data/ycb28/generated_pointclouds_bbox_norm/sphere/012_strawberry/012_strawberry_sample_19.csv,012_strawberry,sphere,2,19,ycb28,ycb28_test,/content/drive/MyDrive/PointNet_APS_Project_V2/data/ycb28/extracted_models/012_strawberry/012_strawberry/google_16k/textured.obj,official_ycb_download,1000,2,2,sphere,sphere,0.6795277,True,error_trained,9
/content/drive/MyDrive/PointNet_APS_Project_V2/data/ycb28/generated_pointclouds_bbox_norm/sphere/014_lemon/014_lemon_sample_00.csv,014_lemon,sphere,2,0,ycb28,ycb28_test,/content/drive/MyDrive/PointNet_APS_Project_V2/data/ycb28/extracted_models/014_lemon/014_lemon/google_16k/textured.obj,official_ycb_download,1000,2,2,sphere,sphere,0.9952036,True,error_trained,9
/content/drive/MyDrive/PointNet_APS_Project_V2/data/ycb28/generated_pointclouds_bbox_norm/sphere/014_lemon/014_lemon_sample_01.csv,014_lemon,sphere,2,1,ycb28,ycb28_test,/content/drive/MyDrive/PointNet_APS_Project_V2/data/ycb28/extracted_models/014_lemon/014_lemon/google_16k/textured.obj,official_ycb_download,1000,2,2,sphere,sphere,0.9983198,True,error_trained,9
/content/drive/MyDrive/PointNet_APS_Project_V2/data/ycb28/generated_pointclouds_bbox_norm/sphere/014_lemon/014_lemon_sample_02.csv,014_lemon,sphere,2,2,ycb28,ycb28_test,/content/drive/MyDrive/PointNet_APS_Project_V2/data/ycb28/extracted_models/014_lemon/014_lemon/google_16k/textured.obj,official_ycb_download,1000,2,2,sphere,sphere,0.9911142,True,error_trained,9
/content/drive/MyDrive/PointNet_APS_Project_V2/data/ycb28/generated_pointclouds_bbox_norm/sphere/014_lemon/014_lemon_sample_03.csv,014_lemon,sphere,2,3,ycb28,ycb28_test,/content/drive/MyDrive/PointNet_APS_Project_V2/data/ycb28/extracted_models/014_lemon/014_lemon/google_16k/textured.obj,official_ycb_download,1000,2,2,sphere,sphere,0.99630475,True,error_trained,9
/content/drive/MyDrive/PointNet_APS_Project_V2/data/ycb28/generated_pointclouds_bbox_norm/sphere/014_lemon/014_lemon_sample_04.csv,014_lemon,sphere,2,4,ycb28,ycb28_test,/content/drive/MyDrive/PointNet_APS_Project_V2/data/ycb28/extracted_models/014_lemon/014_lemon/google_16k/textured.obj,official_ycb_download,1000,2,2,sphere,sphere,0.98141944,True,error_trained,9
/content/drive/MyDrive/PointNet_APS_Project_V2/data/ycb28/generated_pointclouds_bbox_norm/sphere/014_lemon/014_lemon_sample_05.csv,014_lemon,sphere,2,5,ycb28,ycb28_test,/content/drive/MyDrive/PointNet_APS_Project_V2/data/ycb28/extracted_models/014_lemon/014_lemon/google_16k/textured.obj,official_ycb_download,1000,2,2,sphere,sphere,0.99834263,True,error_trained,9
/content/drive/MyDrive/PointNet_APS_Project_V2/data/ycb28/generated_pointclouds_bbox_norm/sphere/014_lemon/014_lemon_sample_06.csv,014_lemon,sphere,2,6,ycb28,ycb28_test,/content/drive/MyDrive/PointNet_APS_Project_V2/data/ycb28/extracted_models/014_lemon/014_lemon/google_16k/textured.obj,official_ycb_download,1000,2,2,sphere,sphere,0.9922978,True,error_trained,9
/content/drive/MyDrive/PointNet_APS_Project_V2/data/ycb28/generated_pointclouds_bbox_norm/sphere/014_lemon/014_lemon_sample_07.csv,014_lemon,sphere,2,7,ycb28,ycb28_test,/content/drive/MyDrive/PointNet_APS_Project_V2/data/ycb28/extracted_models/014_lemon/014_lemon/google_16k/textured.obj,official_ycb_download,1000,2,2,sphere,sphere,0.9907286,True,error_trained,9
/content/drive/MyDrive/PointNet_APS_Project_V2/data/ycb28/generated_pointclouds_bbox_norm/sphere/014_lemon/014_lemon_sample_08.csv,014_lemon,sphere,2,8,ycb28,ycb28_test,/content/drive/MyDrive/PointNet_APS_Project_V2/data/ycb28/extracted_models/014_lemon/014_lemon/google_16k/textured.obj,official_ycb_download,1000,2,2,sphere,sphere,0.9957646,True,error_trained,9
/content/drive/MyDrive/PointNet_APS_Project_V2/data/ycb28/generated_pointclouds_bbox_norm/sphere/014_lemon/014_lemon_sample_09.csv,014_lemon,sphere,2,9,ycb28,ycb28_test,/content/drive/MyDrive/PointNet_APS_Project_V2/data/ycb28/extracted_models/014_lemon/014_lemon/google_16k/textured.obj,official_ycb_download,1000,2,2,sphere,sphere,0.9861287,True,error_trained,9
/content/drive/MyDrive/PointNet_APS_Project_V2/data/ycb28/generated_pointclouds_bbox_norm/sphere/014_lemon/014_lemon_sample_10.csv,014_lemon,sphere,2,10,ycb28,ycb28_test,/content/drive/MyDrive/PointNet_APS_Project_V2/data/ycb28/extracted_models/014_lemon/014_lemon/google_16k/textured.obj,official_ycb_download,1000,2,2,sphere,sphere,0.99034625,True,error_trained,9
/content/drive/MyDrive/PointNet_APS_Project_V2/data/ycb28/generated_pointclouds_bbox_norm/sphere/014_lemon/014_lemon_sample_11.csv,014_lemon,sphere,2,11,ycb28,ycb28_test,/content/drive/MyDrive/PointNet_APS_Project_V2/data/ycb28/extracted_models/014_lemon/014_lemon/google_16k/textured.obj,official_ycb_download,1000,2,2,sphere,sphere,0.9913474,True,error_trained,9
/content/drive/MyDrive/PointNet_APS_Project_V2/data/ycb28/generated_pointclouds_bbox_norm/sphere/014_lemon/014_lemon_sample_12.csv,014_lemon,sphere,2,12,ycb28,ycb28_test,/content/drive/MyDrive/PointNet_APS_Project_V2/data/ycb28/extracted_models/014_lemon/014_lemon/google_16k/textured.obj,official_ycb_download,1000,2,2,sphere,sphere,0.982973,True,error_trained,9
/content/drive/MyDrive/PointNet_APS_Project_V2/data/ycb28/generated_pointclouds_bbox_norm/sphere/014_lemon/014_lemon_sample_13.csv,014_lemon,sphere,2,13,ycb28,ycb28_test,/content/drive/MyDrive/PointNet_APS_Project_V2/data/ycb28/extracted_models/014_lemon/014_lemon/google_16k/textured.obj,official_ycb_download,1000,2,2,sphere,sphere,0.9975725,True,error_trained,9
/content/drive/MyDrive/PointNet_APS_Project_V2/data/ycb28/generated_pointclouds_bbox_norm/sphere/014_lemon/014_lemon_sample_14.csv,014_lemon,sphere,2,14,ycb28,ycb28_test,/content/drive/MyDrive/PointNet_APS_Project_V2/data/ycb28/extracted_models/014_lemon/014_lemon/google_16k/textured.obj,official_ycb_download,1000,2,2,sphere,sphere,0.99618715,True,error_trained,9
/content/drive/MyDrive/PointNet_APS_Project_V2/data/ycb28/generated_pointclouds_bbox_norm/sphere/014_lemon/014_lemon_sample_15.csv,014_lemon,sphere,2,15,ycb28,ycb28_test,/content/drive/MyDrive/PointNet_APS_Project_V2/data/ycb28/extracted_models/014_lemon/014_lemon/google_16k/textured.obj,official_ycb_download,1000,2,2,sphere,sphere,0.99817085,True,error_trained,9
/content/drive/MyDrive/PointNet_APS_Project_V2/data/ycb28/generated_pointclouds_bbox_norm/sphere/014_lemon/014_lemon_sample_16.csv,014_lemon,sphere,2,16,ycb28,ycb28_test,/content/drive/MyDrive/PointNet_APS_Project_V2/data/ycb28/extracted_models/014_lemon/014_lemon/google_16k/textured.obj,official_ycb_download,1000,2,2,sphere,sphere,0.9941111,True,error_trained,9
/content/drive/MyDrive/PointNet_APS_Project_V2/data/ycb28/generated_pointclouds_bbox_norm/sphere/014_lemon/014_lemon_sample_17.csv,014_lemon,sphere,2,17,ycb28,ycb28_test,/content/drive/MyDrive/PointNet_APS_Project_V2/data/ycb28/extracted_models/014_lemon/014_lemon/google_16k/textured.obj,official_ycb_download,1000,2,2,sphere,sphere,0.98658377,True,error_trained,9
/content/drive/MyDrive/PointNet_APS_Project_V2/data/ycb28/generated_pointclouds_bbox_norm/sphere/014_lemon/014_lemon_sample_18.csv,014_lemon,sphere,2,18,ycb28,ycb28_test,/content/drive/MyDrive/PointNet_APS_Project_V2/data/ycb28/extracted_models/014_lemon/014_lemon/google_16k/textured.obj,official_ycb_download,1000,2,2,sphere,sphere,0.9991326,True,error_trained,9
/content/drive/MyDrive/PointNet_APS_Project_V2/data/ycb28/generated_pointclouds_bbox_norm/sphere/014_lemon/014_lemon_sample_19.csv,014_lemon,sphere,2,19,ycb28,ycb28_test,/content/drive/MyDrive/PointNet_APS_Project_V2/data/ycb28/extracted_models/014_lemon/014_lemon/google_16k/textured.obj,official_ycb_download,1000,2,2,sphere,sphere,0.9904947,True,error_trained,9
/content/drive/MyDrive/PointNet_APS_Project_V2/data/ycb28/generated_pointclouds_bbox_norm/sphere/015_peach/015_peach_sample_00.csv,015_peach,sphere,2,0,ycb28,ycb28_test,/content/drive/MyDrive/PointNet_APS_Project_V2/data/ycb28/extracted_models/015_peach/015_peach/google_16k/textured.obj,official_ycb_download,1000,2,2,sphere,sphere,0.99934095,True,error_trained,9
/content/drive/MyDrive/PointNet_APS_Project_V2/data/ycb28/generated_pointclouds_bbox_norm/sphere/015_peach/015_peach_sample_01.csv,015_peach,sphere,2,1,ycb28,ycb28_test,/content/drive/MyDrive/PointNet_APS_Project_V2/data/ycb28/extracted_models/015_peach/015_peach/google_16k/textured.obj,official_ycb_download,1000,2,2,sphere,sphere,0.99930215,True,error_trained,9
/content/drive/MyDrive/PointNet_APS_Project_V2/data/ycb28/generated_pointclouds_bbox_norm/sphere/015_peach/015_peach_sample_02.csv,015_peach,sphere,2,2,ycb28,ycb28_test,/content/drive/MyDrive/PointNet_APS_Project_V2/data/ycb28/extracted_models/015_peach/015_peach/google_16k/textured.obj,official_ycb_download,1000,2,2,sphere,sphere,0.9993574,True,error_trained,9
/content/drive/MyDrive/PointNet_APS_Project_V2/data/ycb28/generated_pointclouds_bbox_norm/sphere/015_peach/015_peach_sample_03.csv,015_peach,sphere,2,3,ycb28,ycb28_test,/content/drive/MyDrive/PointNet_APS_Project_V2/data/ycb28/extracted_models/015_peach/015_peach/google_16k/textured.obj,official_ycb_download,1000,2,2,sphere,sphere,0.9986738,True,error_trained,9
/content/drive/MyDrive/PointNet_APS_Project_V2/data/ycb28/generated_pointclouds_bbox_norm/sphere/015_peach/015_peach_sample_04.csv,015_peach,sphere,2,4,ycb28,ycb28_test,/content/drive/MyDrive/PointNet_APS_Project_V2/data/ycb28/extracted_models/015_peach/015_peach/google_16k/textured.obj,official_ycb_download,1000,2,2,sphere,sphere,0.9990897,True,error_trained,9
/content/drive/MyDrive/PointNet_APS_Project_V2/data/ycb28/generated_pointclouds_bbox_norm/sphere/015_peach/015_peach_sample_05.csv,015_peach,sphere,2,5,ycb28,ycb28_test,/content/drive/MyDrive/PointNet_APS_Project_V2/data/ycb28/extracted_models/015_peach/015_peach/google_16k/textured.obj,official_ycb_download,1000,2,2,sphere,sphere,0.99814737,True,error_trained,9
/content/drive/MyDrive/PointNet_APS_Project_V2/data/ycb28/generated_pointclouds_bbox_norm/sphere/015_peach/015_peach_sample_06.csv,015_peach,sphere,2,6,ycb28,ycb28_test,/content/drive/MyDrive/PointNet_APS_Project_V2/data/ycb28/extracted_models/015_peach/015_peach/google_16k/textured.obj,official_ycb_download,1000,2,2,sphere,sphere,0.9989203,True,error_trained,9
/content/drive/MyDrive/PointNet_APS_Project_V2/data/ycb28/generated_pointclouds_bbox_norm/sphere/015_peach/015_peach_sample_07.csv,015_peach,sphere,2,7,ycb28,ycb28_test,/content/drive/MyDrive/PointNet_APS_Project_V2/data/ycb28/extracted_models/015_peach/015_peach/google_16k/textured.obj,official_ycb_download,1000,2,2,sphere,sphere,0.9987463,True,error_trained,9
/content/drive/MyDrive/PointNet_APS_Project_V2/data/ycb28/generated_pointclouds_bbox_norm/sphere/015_peach/015_peach_sample_08.csv,015_peach,sphere,2,8,ycb28,ycb28_test,/content/drive/MyDrive/PointNet_APS_Project_V2/data/ycb28/extracted_models/015_peach/015_peach/google_16k/textured.obj,official_ycb_download,1000,2,2,sphere,sphere,0.99887735,True,error_trained,9
/content/drive/MyDrive/PointNet_APS_Project_V2/data/ycb28/generated_pointclouds_bbox_norm/sphere/015_peach/015_peach_sample_09.csv,015_peach,sphere,2,9,ycb28,ycb28_test,/content/drive/MyDrive/PointNet_APS_Project_V2/data/ycb28/extracted_models/015_peach/015_peach/google_16k/textured.obj,official_ycb_download,1000,2,2,sphere,sphere,0.99830246,True,error_trained,9
/content/drive/MyDrive/PointNet_APS_Project_V2/data/ycb28/generated_pointclouds_bbox_norm/sphere/015_peach/015_peach_sample_10.csv,015_peach,sphere,2,10,ycb28,ycb28_test,/content/drive/MyDrive/PointNet_APS_Project_V2/data/ycb28/extracted_models/015_peach/015_peach/google_16k/textured.obj,official_ycb_download,1000,2,2,sphere,sphere,0.9995105,True,error_trained,9
/content/drive/MyDrive/PointNet_APS_Project_V2/data/ycb28/generated_pointclouds_bbox_norm/sphere/015_peach/015_peach_sample_11.csv,015_peach,sphere,2,11,ycb28,ycb28_test,/content/drive/MyDrive/PointNet_APS_Project_V2/data/ycb28/extracted_models/015_peach/015_peach/google_16k/textured.obj,official_ycb_download,1000,2,2,sphere,sphere,0.998348,True,error_trained,9
/content/drive/MyDrive/PointNet_APS_Project_V2/data/ycb28/generated_pointclouds_bbox_norm/sphere/015_peach/015_peach_sample_12.csv,015_peach,sphere,2,12,ycb28,ycb28_test,/content/drive/MyDrive/PointNet_APS_Project_V2/data/ycb28/extracted_models/015_peach/015_peach/google_16k/textured.obj,official_ycb_download,1000,2,2,sphere,sphere,0.99905604,True,error_trained,9
/content/drive/MyDrive/PointNet_APS_Project_V2/data/ycb28/generated_pointclouds_bbox_norm/sphere/015_peach/015_peach_sample_13.csv,015_peach,sphere,2,13,ycb28,ycb28_test,/content/drive/MyDrive/PointNet_APS_Project_V2/data/ycb28/extracted_models/015_peach/015_peach/google_16k/textured.obj,official_ycb_download,1000,2,2,sphere,sphere,0.9995901,True,error_trained,9
/content/drive/MyDrive/PointNet_APS_Project_V2/data/ycb28/generated_pointclouds_bbox_norm/sphere/015_peach/015_peach_sample_14.csv,015_peach,sphere,2,14,ycb28,ycb28_test,/content/drive/MyDrive/PointNet_APS_Project_V2/data/ycb28/extracted_models/015_peach/015_peach/google_16k/textured.obj,official_ycb_download,1000,2,2,sphere,sphere,0.99617106,True,error_trained,9
/content/drive/MyDrive/PointNet_APS_Project_V2/data/ycb28/generated_pointclouds_bbox_norm/sphere/015_peach/015_peach_sample_15.csv,015_peach,sphere,2,15,ycb28,ycb28_test,/content/drive/MyDrive/PointNet_APS_Project_V2/data/ycb28/extracted_models/015_peach/015_peach/google_16k/textured.obj,official_ycb_download,1000,2,2,sphere,sphere,0.99833626,True,error_trained,9
/content/drive/MyDrive/PointNet_APS_Project_V2/data/ycb28/generated_pointclouds_bbox_norm/sphere/015_peach/015_peach_sample_16.csv,015_peach,sphere,2,16,ycb28,ycb28_test,/content/drive/MyDrive/PointNet_APS_Project_V2/data/ycb28/extracted_models/015_peach/015_peach/google_16k/textured.obj,official_ycb_download,1000,2,2,sphere,sphere,0.998789,True,error_trained,9
/content/drive/MyDrive/PointNet_APS_Project_V2/data/ycb28/generated_pointclouds_bbox_norm/sphere/015_peach/015_peach_sample_17.csv,015_peach,sphere,2,17,ycb28,ycb28_test,/content/drive/MyDrive/PointNet_APS_Project_V2/data/ycb28/extracted_models/015_peach/015_peach/google_16k/textured.obj,official_ycb_download,1000,2,2,sphere,sphere,0.9979736,True,error_trained,9
/content/drive/MyDrive/PointNet_APS_Project_V2/data/ycb28/generated_pointclouds_bbox_norm/sphere/015_peach/015_peach_sample_18.csv,015_peach,sphere,2,18,ycb28,ycb28_test,/content/drive/MyDrive/PointNet_APS_Project_V2/data/ycb28/extracted_models/015_peach/015_peach/google_16k/textured.obj,official_ycb_download,1000,2,2,sphere,sphere,0.99938107,True,error_trained,9
/content/drive/MyDrive/PointNet_APS_Project_V2/data/ycb28/generated_pointclouds_bbox_norm/sphere/015_peach/015_peach_sample_19.csv,015_peach,sphere,2,19,ycb28,ycb28_test,/content/drive/MyDrive/PointNet_APS_Project_V2/data/ycb28/extracted_models/015_peach/015_peach/google_16k/textured.obj,official_ycb_download,1000,2,2,sphere,sphere,0.99880826,True,error_trained,9
/content/drive/MyDrive/PointNet_APS_Project_V2/data/ycb28/generated_pointclouds_bbox_norm/sphere/017_orange/017_orange_sample_00.csv,017_orange,sphere,2,0,ycb28,ycb28_test,/content/drive/MyDrive/PointNet_APS_Project_V2/data/ycb28/extracted_models/017_orange/017_orange/google_16k/textured.obj,official_ycb_download,1000,2,2,sphere,sphere,0.99966097,True,error_trained,9
/content/drive/MyDrive/PointNet_APS_Project_V2/data/ycb28/generated_pointclouds_bbox_norm/sphere/017_orange/017_orange_sample_01.csv,017_orange,sphere,2,1,ycb28,ycb28_test,/content/drive/MyDrive/PointNet_APS_Project_V2/data/ycb28/extracted_models/017_orange/017_orange/google_16k/textured.obj,official_ycb_download,1000,2,2,sphere,sphere,0.9996582,True,error_trained,9
/content/drive/MyDrive/PointNet_APS_Project_V2/data/ycb28/generated_pointclouds_bbox_norm/sphere/017_orange/017_orange_sample_02.csv,017_orange,sphere,2,2,ycb28,ycb28_test,/content/drive/MyDrive/PointNet_APS_Project_V2/data/ycb28/extracted_models/017_orange/017_orange/google_16k/textured.obj,official_ycb_download,1000,2,2,sphere,sphere,0.9996438,True,error_trained,9
/content/drive/MyDrive/PointNet_APS_Project_V2/data/ycb28/generated_pointclouds_bbox_norm/sphere/017_orange/017_orange_sample_03.csv,017_orange,sphere,2,3,ycb28,ycb28_test,/content/drive/MyDrive/PointNet_APS_Project_V2/data/ycb28/extracted_models/017_orange/017_orange/google_16k/textured.obj,official_ycb_download,1000,2,2,sphere,sphere,0.9989906,True,error_trained,9
/content/drive/MyDrive/PointNet_APS_Project_V2/data/ycb28/generated_pointclouds_bbox_norm/sphere/017_orange/017_orange_sample_04.csv,017_orange,sphere,2,4,ycb28,ycb28_test,/content/drive/MyDrive/PointNet_APS_Project_V2/data/ycb28/extracted_models/017_orange/017_orange/google_16k/textured.obj,official_ycb_download,1000,2,2,sphere,sphere,0.9994387,True,error_trained,9
/content/drive/MyDrive/PointNet_APS_Project_V2/data/ycb28/generated_pointclouds_bbox_norm/sphere/017_orange/017_orange_sample_05.csv,017_orange,sphere,2,5,ycb28,ycb28_test,/content/drive/MyDrive/PointNet_APS_Project_V2/data/ycb28/extracted_models/017_orange/017_orange/google_16k/textured.obj,official_ycb_download,1000,2,2,sphere,sphere,0.9995912,True,error_trained,9
/content/drive/MyDrive/PointNet_APS_Project_V2/data/ycb28/generated_pointclouds_bbox_norm/sphere/017_orange/017_orange_sample_06.csv,017_orange,sphere,2,6,ycb28,ycb28_test,/content/drive/MyDrive/PointNet_APS_Project_V2/data/ycb28/extracted_models/017_orange/017_orange/google_16k/textured.obj,official_ycb_download,1000,2,2,sphere,sphere,0.99962854,True,error_trained,9
/content/drive/MyDrive/PointNet_APS_Project_V2/data/ycb28/generated_pointclouds_bbox_norm/sphere/017_orange/017_orange_sample_07.csv,017_orange,sphere,2,7,ycb28,ycb28_test,/content/drive/MyDrive/PointNet_APS_Project_V2/data/ycb28/extracted_models/017_orange/017_orange/google_16k/textured.obj,official_ycb_download,1000,2,2,sphere,sphere,0.9996841,True,error_trained,9
/content/drive/MyDrive/PointNet_APS_Project_V2/data/ycb28/generated_pointclouds_bbox_norm/sphere/017_orange/017_orange_sample_08.csv,017_orange,sphere,2,8,ycb28,ycb28_test,/content/drive/MyDrive/PointNet_APS_Project_V2/data/ycb28/extracted_models/017_orange/017_orange/google_16k/textured.obj,official_ycb_download,1000,2,2,sphere,sphere,0.9995322,True,error_trained,9
/content/drive/MyDrive/PointNet_APS_Project_V2/data/ycb28/generated_pointclouds_bbox_norm/sphere/017_orange/017_orange_sample_09.csv,017_orange,sphere,2,9,ycb28,ycb28_test,/content/drive/MyDrive/PointNet_APS_Project_V2/data/ycb28/extracted_models/017_orange/017_orange/google_16k/textured.obj,official_ycb_download,1000,2,2,sphere,sphere,0.9995943,True,error_trained,9
/content/drive/MyDrive/PointNet_APS_Project_V2/data/ycb28/generated_pointclouds_bbox_norm/sphere/017_orange/017_orange_sample_10.csv,017_orange,sphere,2,10,ycb28,ycb28_test,/content/drive/MyDrive/PointNet_APS_Project_V2/data/ycb28/extracted_models/017_orange/017_orange/google_16k/textured.obj,official_ycb_download,1000,2,2,sphere,sphere,0.9993812,True,error_trained,9
/content/drive/MyDrive/PointNet_APS_Project_V2/data/ycb28/generated_pointclouds_bbox_norm/sphere/017_orange/017_orange_sample_11.csv,017_orange,sphere,2,11,ycb28,ycb28_test,/content/drive/MyDrive/PointNet_APS_Project_V2/data/ycb28/extracted_models/017_orange/017_orange/google_16k/textured.obj,official_ycb_download,1000,2,2,sphere,sphere,0.99977165,True,error_trained,9
/content/drive/MyDrive/PointNet_APS_Project_V2/data/ycb28/generated_pointclouds_bbox_norm/sphere/017_orange/017_orange_sample_12.csv,017_orange,sphere,2,12,ycb28,ycb28_test,/content/drive/MyDrive/PointNet_APS_Project_V2/data/ycb28/extracted_models/017_orange/017_orange/google_16k/textured.obj,official_ycb_download,1000,2,2,sphere,sphere,0.99944407,True,error_trained,9
/content/drive/MyDrive/PointNet_APS_Project_V2/data/ycb28/generated_pointclouds_bbox_norm/sphere/017_orange/017_orange_sample_13.csv,017_orange,sphere,2,13,ycb28,ycb28_test,/content/drive/MyDrive/PointNet_APS_Project_V2/data/ycb28/extracted_models/017_orange/017_orange/google_16k/textured.obj,official_ycb_download,1000,2,2,sphere,sphere,0.9993043,True,error_trained,9
/content/drive/MyDrive/PointNet_APS_Project_V2/data/ycb28/generated_pointclouds_bbox_norm/sphere/017_orange/017_orange_sample_14.csv,017_orange,sphere,2,14,ycb28,ycb28_test,/content/drive/MyDrive/PointNet_APS_Project_V2/data/ycb28/extracted_models/017_orange/017_orange/google_16k/textured.obj,official_ycb_download,1000,2,2,sphere,sphere,0.9995459,True,error_trained,9
/content/drive/MyDrive/PointNet_APS_Project_V2/data/ycb28/generated_pointclouds_bbox_norm/sphere/017_orange/017_orange_sample_15.csv,017_orange,sphere,2,15,ycb28,ycb28_test,/content/drive/MyDrive/PointNet_APS_Project_V2/data/ycb28/extracted_models/017_orange/017_orange/google_16k/textured.obj,official_ycb_download,1000,2,2,sphere,sphere,0.99905723,True,error_trained,9
/content/drive/MyDrive/PointNet_APS_Project_V2/data/ycb28/generated_pointclouds_bbox_norm/sphere/017_orange/017_orange_sample_16.csv,017_orange,sphere,2,16,ycb28,ycb28_test,/content/drive/MyDrive/PointNet_APS_Project_V2/data/ycb28/extracted_models/017_orange/017_orange/google_16k/textured.obj,official_ycb_download,1000,2,2,sphere,sphere,0.9998342,True,error_trained,9
/content/drive/MyDrive/PointNet_APS_Project_V2/data/ycb28/generated_pointclouds_bbox_norm/sphere/017_orange/017_orange_sample_17.csv,017_orange,sphere,2,17,ycb28,ycb28_test,/content/drive/MyDrive/PointNet_APS_Project_V2/data/ycb28/extracted_models/017_orange/017_orange/google_16k/textured.obj,official_ycb_download,1000,2,2,sphere,sphere,0.99978226,True,error_trained,9
/content/drive/MyDrive/PointNet_APS_Project_V2/data/ycb28/generated_pointclouds_bbox_norm/sphere/017_orange/017_orange_sample_18.csv,017_orange,sphere,2,18,ycb28,ycb28_test,/content/drive/MyDrive/PointNet_APS_Project_V2/data/ycb28/extracted_models/017_orange/017_orange/google_16k/textured.obj,official_ycb_download,1000,2,2,sphere,sphere,0.9985373,True,error_trained,9
/content/drive/MyDrive/PointNet_APS_Project_V2/data/ycb28/generated_pointclouds_bbox_norm/sphere/017_orange/017_orange_sample_19.csv,017_orange,sphere,2,19,ycb28,ycb28_test,/content/drive/MyDrive/PointNet_APS_Project_V2/data/ycb28/extracted_models/017_orange/017_orange/google_16k/textured.obj,official_ycb_download,1000,2,2,sphere,sphere,0.99987674,True,error_trained,9
/content/drive/MyDrive/PointNet_APS_Project_V2/data/ycb28/generated_pointclouds_bbox_norm/sphere/018_plum/018_plum_sample_00.csv,018_plum,sphere,2,0,ycb28,ycb28_test,/content/drive/MyDrive/PointNet_APS_Project_V2/data/ycb28/extracted_models/018_plum/018_plum/google_16k/textured.obj,official_ycb_download,1000,2,2,sphere,sphere,0.99937457,True,error_trained,9
/content/drive/MyDrive/PointNet_APS_Project_V2/data/ycb28/generated_pointclouds_bbox_norm/sphere/018_plum/018_plum_sample_01.csv,018_plum,sphere,2,1,ycb28,ycb28_test,/content/drive/MyDrive/PointNet_APS_Project_V2/data/ycb28/extracted_models/018_plum/018_plum/google_16k/textured.obj,official_ycb_download,1000,2,2,sphere,sphere,0.9987569,True,error_trained,9
/content/drive/MyDrive/PointNet_APS_Project_V2/data/ycb28/generated_pointclouds_bbox_norm/sphere/018_plum/018_plum_sample_02.csv,018_plum,sphere,2,2,ycb28,ycb28_test,/content/drive/MyDrive/PointNet_APS_Project_V2/data/ycb28/extracted_models/018_plum/018_plum/google_16k/textured.obj,official_ycb_download,1000,2,2,sphere,sphere,0.9998622,True,error_trained,9
/content/drive/MyDrive/PointNet_APS_Project_V2/data/ycb28/generated_pointclouds_bbox_norm/sphere/018_plum/018_plum_sample_03.csv,018_plum,sphere,2,3,ycb28,ycb28_test,/content/drive/MyDrive/PointNet_APS_Project_V2/data/ycb28/extracted_models/018_plum/018_plum/google_16k/textured.obj,official_ycb_download,1000,2,2,sphere,sphere,0.9989323,True,error_trained,9
/content/drive/MyDrive/PointNet_APS_Project_V2/data/ycb28/generated_pointclouds_bbox_norm/sphere/018_plum/018_plum_sample_04.csv,018_plum,sphere,2,4,ycb28,ycb28_test,/content/drive/MyDrive/PointNet_APS_Project_V2/data/ycb28/extracted_models/018_plum/018_plum/google_16k/textured.obj,official_ycb_download,1000,2,2,sphere,sphere,0.9958215,True,error_trained,9
/content/drive/MyDrive/PointNet_APS_Project_V2/data/ycb28/generated_pointclouds_bbox_norm/sphere/018_plum/018_plum_sample_05.csv,018_plum,sphere,2,5,ycb28,ycb28_test,/content/drive/MyDrive/PointNet_APS_Project_V2/data/ycb28/extracted_models/018_plum/018_plum/google_16k/textured.obj,official_ycb_download,1000,2,2,sphere,sphere,0.9994717,True,error_trained,9
/content/drive/MyDrive/PointNet_APS_Project_V2/data/ycb28/generated_pointclouds_bbox_norm/sphere/018_plum/018_plum_sample_06.csv,018_plum,sphere,2,6,ycb28,ycb28_test,/content/drive/MyDrive/PointNet_APS_Project_V2/data/ycb28/extracted_models/018_plum/018_plum/google_16k/textured.obj,official_ycb_download,1000,2,2,sphere,sphere,0.99820876,True,error_trained,9
/content/drive/MyDrive/PointNet_APS_Project_V2/data/ycb28/generated_pointclouds_bbox_norm/sphere/018_plum/018_plum_sample_07.csv,018_plum,sphere,2,7,ycb28,ycb28_test,/content/drive/MyDrive/PointNet_APS_Project_V2/data/ycb28/extracted_models/018_plum/018_plum/google_16k/textured.obj,official_ycb_download,1000,2,2,sphere,sphere,0.99905914,True,error_trained,9
/content/drive/MyDrive/PointNet_APS_Project_V2/data/ycb28/generated_pointclouds_bbox_norm/sphere/018_plum/018_plum_sample_08.csv,018_plum,sphere,2,8,ycb28,ycb28_test,/content/drive/MyDrive/PointNet_APS_Project_V2/data/ycb28/extracted_models/018_plum/018_plum/google_16k/textured.obj,official_ycb_download,1000,2,2,sphere,sphere,0.9981659,True,error_trained,9
/content/drive/MyDrive/PointNet_APS_Project_V2/data/ycb28/generated_pointclouds_bbox_norm/sphere/018_plum/018_plum_sample_09.csv,018_plum,sphere,2,9,ycb28,ycb28_test,/content/drive/MyDrive/PointNet_APS_Project_V2/data/ycb28/extracted_models/018_plum/018_plum/google_16k/textured.obj,official_ycb_download,1000,2,2,sphere,sphere,0.9995402,True,error_trained,9
/content/drive/MyDrive/PointNet_APS_Project_V2/data/ycb28/generated_pointclouds_bbox_norm/sphere/018_plum/018_plum_sample_10.csv,018_plum,sphere,2,10,ycb28,ycb28_test,/content/drive/MyDrive/PointNet_APS_Project_V2/data/ycb28/extracted_models/018_plum/018_plum/google_16k/textured.obj,official_ycb_download,1000,2,2,sphere,sphere,0.99850523,True,error_trained,9
/content/drive/MyDrive/PointNet_APS_Project_V2/data/ycb28/generated_pointclouds_bbox_norm/sphere/018_plum/018_plum_sample_11.csv,018_plum,sphere,2,11,ycb28,ycb28_test,/content/drive/MyDrive/PointNet_APS_Project_V2/data/ycb28/extracted_models/018_plum/018_plum/google_16k/textured.obj,official_ycb_download,1000,2,2,sphere,sphere,0.9983248,True,error_trained,9
/content/drive/MyDrive/PointNet_APS_Project_V2/data/ycb28/generated_pointclouds_bbox_norm/sphere/018_plum/018_plum_sample_12.csv,018_plum,sphere,2,12,ycb28,ycb28_test,/content/drive/MyDrive/PointNet_APS_Project_V2/data/ycb28/extracted_models/018_plum/018_plum/google_16k/textured.obj,official_ycb_download,1000,2,2,sphere,sphere,0.99829334,True,error_trained,9
/content/drive/MyDrive/PointNet_APS_Project_V2/data/ycb28/generated_pointclouds_bbox_norm/sphere/018_plum/018_plum_sample_13.csv,018_plum,sphere,2,13,ycb28,ycb28_test,/content/drive/MyDrive/PointNet_APS_Project_V2/data/ycb28/extracted_models/018_plum/018_plum/google_16k/textured.obj,official_ycb_download,1000,2,2,sphere,sphere,0.99893135,True,error_trained,9
/content/drive/MyDrive/PointNet_APS_Project_V2/data/ycb28/generated_pointclouds_bbox_norm/sphere/018_plum/018_plum_sample_14.csv,018_plum,sphere,2,14,ycb28,ycb28_test,/content/drive/MyDrive/PointNet_APS_Project_V2/data/ycb28/extracted_models/018_plum/018_plum/google_16k/textured.obj,official_ycb_download,1000,2,2,sphere,sphere,0.99305236,True,error_trained,9
/content/drive/MyDrive/PointNet_APS_Project_V2/data/ycb28/generated_pointclouds_bbox_norm/sphere/018_plum/018_plum_sample_15.csv,018_plum,sphere,2,15,ycb28,ycb28_test,/content/drive/MyDrive/PointNet_APS_Project_V2/data/ycb28/extracted_models/018_plum/018_plum/google_16k/textured.obj,official_ycb_download,1000,2,2,sphere,sphere,0.997175,True,error_trained,9
/content/drive/MyDrive/PointNet_APS_Project_V2/data/ycb28/generated_pointclouds_bbox_norm/sphere/018_plum/018_plum_sample_16.csv,018_plum,sphere,2,16,ycb28,ycb28_test,/content/drive/MyDrive/PointNet_APS_Project_V2/data/ycb28/extracted_models/018_plum/018_plum/google_16k/textured.obj,official_ycb_download,1000,2,2,sphere,sphere,0.9982462,True,error_trained,9
/content/drive/MyDrive/PointNet_APS_Project_V2/data/ycb28/generated_pointclouds_bbox_norm/sphere/018_plum/018_plum_sample_17.csv,018_plum,sphere,2,17,ycb28,ycb28_test,/content/drive/MyDrive/PointNet_APS_Project_V2/data/ycb28/extracted_models/018_plum/018_plum/google_16k/textured.obj,official_ycb_download,1000,2,2,sphere,sphere,0.9995473,True,error_trained,9
/content/drive/MyDrive/PointNet_APS_Project_V2/data/ycb28/generated_pointclouds_bbox_norm/sphere/018_plum/018_plum_sample_18.csv,018_plum,sphere,2,18,ycb28,ycb28_test,/content/drive/MyDrive/PointNet_APS_Project_V2/data/ycb28/extracted_models/018_plum/018_plum/google_16k/textured.obj,official_ycb_download,1000,2,2,sphere,sphere,0.99727875,True,error_trained,9
/content/drive/MyDrive/PointNet_APS_Project_V2/data/ycb28/generated_pointclouds_bbox_norm/sphere/018_plum/018_plum_sample_19.csv,018_plum,sphere,2,19,ycb28,ycb28_test,/content/drive/MyDrive/PointNet_APS_Project_V2/data/ycb28/extracted_models/018_plum/018_plum/google_16k/textured.obj,official_ycb_download,1000,2,2,sphere,sphere,0.9988739,True,error_trained,9
/content/drive/MyDrive/PointNet_APS_Project_V2/data/ycb28/generated_pointclouds_bbox_norm/sphere/054_softball/054_softball_sample_00.csv,054_softball,sphere,2,0,ycb28,ycb28_test,/content/drive/MyDrive/PointNet_APS_Project_V2/data/ycb28/extracted_models/054_softball/054_softball/google_16k/textured.obj,official_ycb_download,1000,2,2,sphere,sphere,0.99931645,True,error_trained,9
/content/drive/MyDrive/PointNet_APS_Project_V2/data/ycb28/generated_pointclouds_bbox_norm/sphere/054_softball/054_softball_sample_01.csv,054_softball,sphere,2,1,ycb28,ycb28_test,/content/drive/MyDrive/PointNet_APS_Project_V2/data/ycb28/extracted_models/054_softball/054_softball/google_16k/textured.obj,official_ycb_download,1000,2,2,sphere,sphere,0.99915683,True,error_trained,9
/content/drive/MyDrive/PointNet_APS_Project_V2/data/ycb28/generated_pointclouds_bbox_norm/sphere/054_softball/054_softball_sample_02.csv,054_softball,sphere,2,2,ycb28,ycb28_test,/content/drive/MyDrive/PointNet_APS_Project_V2/data/ycb28/extracted_models/054_softball/054_softball/google_16k/textured.obj,official_ycb_download,1000,2,2,sphere,sphere,0.998774,True,error_trained,9
/content/drive/MyDrive/PointNet_APS_Project_V2/data/ycb28/generated_pointclouds_bbox_norm/sphere/054_softball/054_softball_sample_03.csv,054_softball,sphere,2,3,ycb28,ycb28_test,/content/drive/MyDrive/PointNet_APS_Project_V2/data/ycb28/extracted_models/054_softball/054_softball/google_16k/textured.obj,official_ycb_download,1000,2,2,sphere,sphere,0.99874866,True,error_trained,9
/content/drive/MyDrive/PointNet_APS_Project_V2/data/ycb28/generated_pointclouds_bbox_norm/sphere/054_softball/054_softball_sample_04.csv,054_softball,sphere,2,4,ycb28,ycb28_test,/content/drive/MyDrive/PointNet_APS_Project_V2/data/ycb28/extracted_models/054_softball/054_softball/google_16k/textured.obj,official_ycb_download,1000,2,2,sphere,sphere,0.9987356,True,error_trained,9
/content/drive/MyDrive/PointNet_APS_Project_V2/data/ycb28/generated_pointclouds_bbox_norm/sphere/054_softball/054_softball_sample_05.csv,054_softball,sphere,2,5,ycb28,ycb28_test,/content/drive/MyDrive/PointNet_APS_Project_V2/data/ycb28/extracted_models/054_softball/054_softball/google_16k/textured.obj,official_ycb_download,1000,2,2,sphere,sphere,0.99920636,True,error_trained,9
/content/drive/MyDrive/PointNet_APS_Project_V2/data/ycb28/generated_pointclouds_bbox_norm/sphere/054_softball/054_softball_sample_06.csv,054_softball,sphere,2,6,ycb28,ycb28_test,/content/drive/MyDrive/PointNet_APS_Project_V2/data/ycb28/extracted_models/054_softball/054_softball/google_16k/textured.obj,official_ycb_download,1000,2,2,sphere,sphere,0.9996474,True,error_trained,9
/content/drive/MyDrive/PointNet_APS_Project_V2/data/ycb28/generated_pointclouds_bbox_norm/sphere/054_softball/054_softball_sample_07.csv,054_softball,sphere,2,7,ycb28,ycb28_test,/content/drive/MyDrive/PointNet_APS_Project_V2/data/ycb28/extracted_models/054_softball/054_softball/google_16k/textured.obj,official_ycb_download,1000,2,2,sphere,sphere,0.99919564,True,error_trained,9
/content/drive/MyDrive/PointNet_APS_Project_V2/data/ycb28/generated_pointclouds_bbox_norm/sphere/054_softball/054_softball_sample_08.csv,054_softball,sphere,2,8,ycb28,ycb28_test,/content/drive/MyDrive/PointNet_APS_Project_V2/data/ycb28/extracted_models/054_softball/054_softball/google_16k/textured.obj,official_ycb_download,1000,2,2,sphere,sphere,0.9990089,True,error_trained,9
/content/drive/MyDrive/PointNet_APS_Project_V2/data/ycb28/generated_pointclouds_bbox_norm/sphere/054_softball/054_softball_sample_09.csv,054_softball,sphere,2,9,ycb28,ycb28_test,/content/drive/MyDrive/PointNet_APS_Project_V2/data/ycb28/extracted_models/054_softball/054_softball/google_16k/textured.obj,official_ycb_download,1000,2,2,sphere,sphere,0.9992908,True,error_trained,9
/content/drive/MyDrive/PointNet_APS_Project_V2/data/ycb28/generated_pointclouds_bbox_norm/sphere/054_softball/054_softball_sample_10.csv,054_softball,sphere,2,10,ycb28,ycb28_test,/content/drive/MyDrive/PointNet_APS_Project_V2/data/ycb28/extracted_models/054_softball/054_softball/google_16k/textured.obj,official_ycb_download,1000,2,2,sphere,sphere,0.9989267,True,error_trained,9
/content/drive/MyDrive/PointNet_APS_Project_V2/data/ycb28/generated_pointclouds_bbox_norm/sphere/054_softball/054_softball_sample_11.csv,054_softball,sphere,2,11,ycb28,ycb28_test,/content/drive/MyDrive/PointNet_APS_Project_V2/data/ycb28/extracted_models/054_softball/054_softball/google_16k/textured.obj,official_ycb_download,1000,2,2,sphere,sphere,0.99931276,True,error_trained,9
/content/drive/MyDrive/PointNet_APS_Project_V2/data/ycb28/generated_pointclouds_bbox_norm/sphere/054_softball/054_softball_sample_12.csv,054_softball,sphere,2,12,ycb28,ycb28_test,/content/drive/MyDrive/PointNet_APS_Project_V2/data/ycb28/extracted_models/054_softball/054_softball/google_16k/textured.obj,official_ycb_download,1000,2,2,sphere,sphere,0.9988341,True,error_trained,9
/content/drive/MyDrive/PointNet_APS_Project_V2/data/ycb28/generated_pointclouds_bbox_norm/sphere/054_softball/054_softball_sample_13.csv,054_softball,sphere,2,13,ycb28,ycb28_test,/content/drive/MyDrive/PointNet_APS_Project_V2/data/ycb28/extracted_models/054_softball/054_softball/google_16k/textured.obj,official_ycb_download,1000,2,2,sphere,sphere,0.9986632,True,error_trained,9
/content/drive/MyDrive/PointNet_APS_Project_V2/data/ycb28/generated_pointclouds_bbox_norm/sphere/054_softball/054_softball_sample_14.csv,054_softball,sphere,2,14,ycb28,ycb28_test,/content/drive/MyDrive/PointNet_APS_Project_V2/data/ycb28/extracted_models/054_softball/054_softball/google_16k/textured.obj,official_ycb_download,1000,2,2,sphere,sphere,0.9985234,True,error_trained,9
/content/drive/MyDrive/PointNet_APS_Project_V2/data/ycb28/generated_pointclouds_bbox_norm/sphere/054_softball/054_softball_sample_15.csv,054_softball,sphere,2,15,ycb28,ycb28_test,/content/drive/MyDrive/PointNet_APS_Project_V2/data/ycb28/extracted_models/054_softball/054_softball/google_16k/textured.obj,official_ycb_download,1000,2,2,sphere,sphere,0.99877304,True,error_trained,9
/content/drive/MyDrive/PointNet_APS_Project_V2/data/ycb28/generated_pointclouds_bbox_norm/sphere/054_softball/054_softball_sample_16.csv,054_softball,sphere,2,16,ycb28,ycb28_test,/content/drive/MyDrive/PointNet_APS_Project_V2/data/ycb28/extracted_models/054_softball/054_softball/google_16k/textured.obj,official_ycb_download,1000,2,2,sphere,sphere,0.9991122,True,error_trained,9
/content/drive/MyDrive/PointNet_APS_Project_V2/data/ycb28/generated_pointclouds_bbox_norm/sphere/054_softball/054_softball_sample_17.csv,054_softball,sphere,2,17,ycb28,ycb28_test,/content/drive/MyDrive/PointNet_APS_Project_V2/data/ycb28/extracted_models/054_softball/054_softball/google_16k/textured.obj,official_ycb_download,1000,2,2,sphere,sphere,0.99805295,True,error_trained,9
/content/drive/MyDrive/PointNet_APS_Project_V2/data/ycb28/generated_pointclouds_bbox_norm/sphere/054_softball/054_softball_sample_18.csv,054_softball,sphere,2,18,ycb28,ycb28_test,/content/drive/MyDrive/PointNet_APS_Project_V2/data/ycb28/extracted_models/054_softball/054_softball/google_16k/textured.obj,official_ycb_download,1000,2,2,sphere,sphere,0.99765176,True,error_trained,9
/content/drive/MyDrive/PointNet_APS_Project_V2/data/ycb28/generated_pointclouds_bbox_norm/sphere/054_softball/054_softball_sample_19.csv,054_softball,sphere,2,19,ycb28,ycb28_test,/content/drive/MyDrive/PointNet_APS_Project_V2/data/ycb28/extracted_models/054_softball/054_softball/google_16k/textured.obj,official_ycb_download,1000,2,2,sphere,sphere,0.9986588,True,error_trained,9
/content/drive/MyDrive/PointNet_APS_Project_V2/data/ycb28/generated_pointclouds_bbox_norm/sphere/055_baseball/055_baseball_sample_00.csv,055_baseball,sphere,2,0,ycb28,ycb28_test,/content/drive/MyDrive/PointNet_APS_Project_V2/data/ycb28/extracted_models/055_baseball/055_baseball/google_16k/textured.obj,official_ycb_download,1000,2,2,sphere,sphere,0.9995652,True,error_trained,9
/content/drive/MyDrive/PointNet_APS_Project_V2/data/ycb28/generated_pointclouds_bbox_norm/sphere/055_baseball/055_baseball_sample_01.csv,055_baseball,sphere,2,1,ycb28,ycb28_test,/content/drive/MyDrive/PointNet_APS_Project_V2/data/ycb28/extracted_models/055_baseball/055_baseball/google_16k/textured.obj,official_ycb_download,1000,2,2,sphere,sphere,0.99856997,True,error_trained,9
/content/drive/MyDrive/PointNet_APS_Project_V2/data/ycb28/generated_pointclouds_bbox_norm/sphere/055_baseball/055_baseball_sample_02.csv,055_baseball,sphere,2,2,ycb28,ycb28_test,/content/drive/MyDrive/PointNet_APS_Project_V2/data/ycb28/extracted_models/055_baseball/055_baseball/google_16k/textured.obj,official_ycb_download,1000,2,2,sphere,sphere,0.99945503,True,error_trained,9
/content/drive/MyDrive/PointNet_APS_Project_V2/data/ycb28/generated_pointclouds_bbox_norm/sphere/055_baseball/055_baseball_sample_03.csv,055_baseball,sphere,2,3,ycb28,ycb28_test,/content/drive/MyDrive/PointNet_APS_Project_V2/data/ycb28/extracted_models/055_baseball/055_baseball/google_16k/textured.obj,official_ycb_download,1000,2,2,sphere,sphere,0.9995159,True,error_trained,9
/content/drive/MyDrive/PointNet_APS_Project_V2/data/ycb28/generated_pointclouds_bbox_norm/sphere/055_baseball/055_baseball_sample_04.csv,055_baseball,sphere,2,4,ycb28,ycb28_test,/content/drive/MyDrive/PointNet_APS_Project_V2/data/ycb28/extracted_models/055_baseball/055_baseball/google_16k/textured.obj,official_ycb_download,1000,2,2,sphere,sphere,0.99950063,True,error_trained,9
/content/drive/MyDrive/PointNet_APS_Project_V2/data/ycb28/generated_pointclouds_bbox_norm/sphere/055_baseball/055_baseball_sample_05.csv,055_baseball,sphere,2,5,ycb28,ycb28_test,/content/drive/MyDrive/PointNet_APS_Project_V2/data/ycb28/extracted_models/055_baseball/055_baseball/google_16k/textured.obj,official_ycb_download,1000,2,2,sphere,sphere,0.9991037,True,error_trained,9
/content/drive/MyDrive/PointNet_APS_Project_V2/data/ycb28/generated_pointclouds_bbox_norm/sphere/055_baseball/055_baseball_sample_06.csv,055_baseball,sphere,2,6,ycb28,ycb28_test,/content/drive/MyDrive/PointNet_APS_Project_V2/data/ycb28/extracted_models/055_baseball/055_baseball/google_16k/textured.obj,official_ycb_download,1000,2,2,sphere,sphere,0.99860686,True,error_trained,9
/content/drive/MyDrive/PointNet_APS_Project_V2/data/ycb28/generated_pointclouds_bbox_norm/sphere/055_baseball/055_baseball_sample_07.csv,055_baseball,sphere,2,7,ycb28,ycb28_test,/content/drive/MyDrive/PointNet_APS_Project_V2/data/ycb28/extracted_models/055_baseball/055_baseball/google_16k/textured.obj,official_ycb_download,1000,2,2,sphere,sphere,0.9988882,True,error_trained,9
/content/drive/MyDrive/PointNet_APS_Project_V2/data/ycb28/generated_pointclouds_bbox_norm/sphere/055_baseball/055_baseball_sample_08.csv,055_baseball,sphere,2,8,ycb28,ycb28_test,/content/drive/MyDrive/PointNet_APS_Project_V2/data/ycb28/extracted_models/055_baseball/055_baseball/google_16k/textured.obj,official_ycb_download,1000,2,2,sphere,sphere,0.99853015,True,error_trained,9
/content/drive/MyDrive/PointNet_APS_Project_V2/data/ycb28/generated_pointclouds_bbox_norm/sphere/055_baseball/055_baseball_sample_09.csv,055_baseball,sphere,2,9,ycb28,ycb28_test,/content/drive/MyDrive/PointNet_APS_Project_V2/data/ycb28/extracted_models/055_baseball/055_baseball/google_16k/textured.obj,official_ycb_download,1000,2,2,sphere,sphere,0.99873525,True,error_trained,9
/content/drive/MyDrive/PointNet_APS_Project_V2/data/ycb28/generated_pointclouds_bbox_norm/sphere/055_baseball/055_baseball_sample_10.csv,055_baseball,sphere,2,10,ycb28,ycb28_test,/content/drive/MyDrive/PointNet_APS_Project_V2/data/ycb28/extracted_models/055_baseball/055_baseball/google_16k/textured.obj,official_ycb_download,1000,2,2,sphere,sphere,0.99951303,True,error_trained,9
/content/drive/MyDrive/PointNet_APS_Project_V2/data/ycb28/generated_pointclouds_bbox_norm/sphere/055_baseball/055_baseball_sample_11.csv,055_baseball,sphere,2,11,ycb28,ycb28_test,/content/drive/MyDrive/PointNet_APS_Project_V2/data/ycb28/extracted_models/055_baseball/055_baseball/google_16k/textured.obj,official_ycb_download,1000,2,2,sphere,sphere,0.99953043,True,error_trained,9
/content/drive/MyDrive/PointNet_APS_Project_V2/data/ycb28/generated_pointclouds_bbox_norm/sphere/055_baseball/055_baseball_sample_12.csv,055_baseball,sphere,2,12,ycb28,ycb28_test,/content/drive/MyDrive/PointNet_APS_Project_V2/data/ycb28/extracted_models/055_baseball/055_baseball/google_16k/textured.obj,official_ycb_download,1000,2,2,sphere,sphere,0.99925464,True,error_trained,9
/content/drive/MyDrive/PointNet_APS_Project_V2/data/ycb28/generated_pointclouds_bbox_norm/sphere/055_baseball/055_baseball_sample_13.csv,055_baseball,sphere,2,13,ycb28,ycb28_test,/content/drive/MyDrive/PointNet_APS_Project_V2/data/ycb28/extracted_models/055_baseball/055_baseball/google_16k/textured.obj,official_ycb_download,1000,2,2,sphere,sphere,0.9983972,True,error_trained,9
/content/drive/MyDrive/PointNet_APS_Project_V2/data/ycb28/generated_pointclouds_bbox_norm/sphere/055_baseball/055_baseball_sample_14.csv,055_baseball,sphere,2,14,ycb28,ycb28_test,/content/drive/MyDrive/PointNet_APS_Project_V2/data/ycb28/extracted_models/055_baseball/055_baseball/google_16k/textured.obj,official_ycb_download,1000,2,2,sphere,sphere,0.9989273,True,error_trained,9
/content/drive/MyDrive/PointNet_APS_Project_V2/data/ycb28/generated_pointclouds_bbox_norm/sphere/055_baseball/055_baseball_sample_15.csv,055_baseball,sphere,2,15,ycb28,ycb28_test,/content/drive/MyDrive/PointNet_APS_Project_V2/data/ycb28/extracted_models/055_baseball/055_baseball/google_16k/textured.obj,official_ycb_download,1000,2,2,sphere,sphere,0.9995159,True,error_trained,9
/content/drive/MyDrive/PointNet_APS_Project_V2/data/ycb28/generated_pointclouds_bbox_norm/sphere/055_baseball/055_baseball_sample_16.csv,055_baseball,sphere,2,16,ycb28,ycb28_test,/content/drive/MyDrive/PointNet_APS_Project_V2/data/ycb28/extracted_models/055_baseball/055_baseball/google_16k/textured.obj,official_ycb_download,1000,2,2,sphere,sphere,0.99943596,True,error_trained,9
/content/drive/MyDrive/PointNet_APS_Project_V2/data/ycb28/generated_pointclouds_bbox_norm/sphere/055_baseball/055_baseball_sample_17.csv,055_baseball,sphere,2,17,ycb28,ycb28_test,/content/drive/MyDrive/PointNet_APS_Project_V2/data/ycb28/extracted_models/055_baseball/055_baseball/google_16k/textured.obj,official_ycb_download,1000,2,2,sphere,sphere,0.9989039,True,error_trained,9
/content/drive/MyDrive/PointNet_APS_Project_V2/data/ycb28/generated_pointclouds_bbox_norm/sphere/055_baseball/055_baseball_sample_18.csv,055_baseball,sphere,2,18,ycb28,ycb28_test,/content/drive/MyDrive/PointNet_APS_Project_V2/data/ycb28/extracted_models/055_baseball/055_baseball/google_16k/textured.obj,official_ycb_download,1000,2,2,sphere,sphere,0.99866843,True,error_trained,9
/content/drive/MyDrive/PointNet_APS_Project_V2/data/ycb28/generated_pointclouds_bbox_norm/sphere/055_baseball/055_baseball_sample_19.csv,055_baseball,sphere,2,19,ycb28,ycb28_test,/content/drive/MyDrive/PointNet_APS_Project_V2/data/ycb28/extracted_models/055_baseball/055_baseball/google_16k/textured.obj,official_ycb_download,1000,2,2,sphere,sphere,0.99921894,True,error_trained,9
/content/drive/MyDrive/PointNet_APS_Project_V2/data/ycb28/generated_pointclouds_bbox_norm/sphere/056_tennis_ball/056_tennis_ball_sample_00.csv,056_tennis_ball,sphere,2,0,ycb28,ycb28_test,/content/drive/MyDrive/PointNet_APS_Project_V2/data/ycb28/extracted_models/056_tennis_ball/056_tennis_ball/google_16k/textured.obj,official_ycb_download,1000,2,2,sphere,sphere,0.9998166,True,error_trained,9
/content/drive/MyDrive/PointNet_APS_Project_V2/data/ycb28/generated_pointclouds_bbox_norm/sphere/056_tennis_ball/056_tennis_ball_sample_01.csv,056_tennis_ball,sphere,2,1,ycb28,ycb28_test,/content/drive/MyDrive/PointNet_APS_Project_V2/data/ycb28/extracted_models/056_tennis_ball/056_tennis_ball/google_16k/textured.obj,official_ycb_download,1000,2,2,sphere,sphere,0.9998417,True,error_trained,9
/content/drive/MyDrive/PointNet_APS_Project_V2/data/ycb28/generated_pointclouds_bbox_norm/sphere/056_tennis_ball/056_tennis_ball_sample_02.csv,056_tennis_ball,sphere,2,2,ycb28,ycb28_test,/content/drive/MyDrive/PointNet_APS_Project_V2/data/ycb28/extracted_models/056_tennis_ball/056_tennis_ball/google_16k/textured.obj,official_ycb_download,1000,2,2,sphere,sphere,0.99983084,True,error_trained,9
/content/drive/MyDrive/PointNet_APS_Project_V2/data/ycb28/generated_pointclouds_bbox_norm/sphere/056_tennis_ball/056_tennis_ball_sample_03.csv,056_tennis_ball,sphere,2,3,ycb28,ycb28_test,/content/drive/MyDrive/PointNet_APS_Project_V2/data/ycb28/extracted_models/056_tennis_ball/056_tennis_ball/google_16k/textured.obj,official_ycb_download,1000,2,2,sphere,sphere,0.9996948,True,error_trained,9
/content/drive/MyDrive/PointNet_APS_Project_V2/data/ycb28/generated_pointclouds_bbox_norm/sphere/056_tennis_ball/056_tennis_ball_sample_04.csv,056_tennis_ball,sphere,2,4,ycb28,ycb28_test,/content/drive/MyDrive/PointNet_APS_Project_V2/data/ycb28/extracted_models/056_tennis_ball/056_tennis_ball/google_16k/textured.obj,official_ycb_download,1000,2,2,sphere,sphere,0.99977297,True,error_trained,9
/content/drive/MyDrive/PointNet_APS_Project_V2/data/ycb28/generated_pointclouds_bbox_norm/sphere/056_tennis_ball/056_tennis_ball_sample_05.csv,056_tennis_ball,sphere,2,5,ycb28,ycb28_test,/content/drive/MyDrive/PointNet_APS_Project_V2/data/ycb28/extracted_models/056_tennis_ball/056_tennis_ball/google_16k/textured.obj,official_ycb_download,1000,2,2,sphere,sphere,0.99978966,True,error_trained,9
/content/drive/MyDrive/PointNet_APS_Project_V2/data/ycb28/generated_pointclouds_bbox_norm/sphere/056_tennis_ball/056_tennis_ball_sample_06.csv,056_tennis_ball,sphere,2,6,ycb28,ycb28_test,/content/drive/MyDrive/PointNet_APS_Project_V2/data/ycb28/extracted_models/056_tennis_ball/056_tennis_ball/google_16k/textured.obj,official_ycb_download,1000,2,2,sphere,sphere,0.9993333,True,error_trained,9
/content/drive/MyDrive/PointNet_APS_Project_V2/data/ycb28/generated_pointclouds_bbox_norm/sphere/056_tennis_ball/056_tennis_ball_sample_07.csv,056_tennis_ball,sphere,2,7,ycb28,ycb28_test,/content/drive/MyDrive/PointNet_APS_Project_V2/data/ycb28/extracted_models/056_tennis_ball/056_tennis_ball/google_16k/textured.obj,official_ycb_download,1000,2,2,sphere,sphere,0.9995758,True,error_trained,9
/content/drive/MyDrive/PointNet_APS_Project_V2/data/ycb28/generated_pointclouds_bbox_norm/sphere/056_tennis_ball/056_tennis_ball_sample_08.csv,056_tennis_ball,sphere,2,8,ycb28,ycb28_test,/content/drive/MyDrive/PointNet_APS_Project_V2/data/ycb28/extracted_models/056_tennis_ball/056_tennis_ball/google_16k/textured.obj,official_ycb_download,1000,2,2,sphere,sphere,0.9994978,True,error_trained,9
/content/drive/MyDrive/PointNet_APS_Project_V2/data/ycb28/generated_pointclouds_bbox_norm/sphere/056_tennis_ball/056_tennis_ball_sample_09.csv,056_tennis_ball,sphere,2,9,ycb28,ycb28_test,/content/drive/MyDrive/PointNet_APS_Project_V2/data/ycb28/extracted_models/056_tennis_ball/056_tennis_ball/google_16k/textured.obj,official_ycb_download,1000,2,2,sphere,sphere,0.9998652,True,error_trained,9
/content/drive/MyDrive/PointNet_APS_Project_V2/data/ycb28/generated_pointclouds_bbox_norm/sphere/056_tennis_ball/056_tennis_ball_sample_10.csv,056_tennis_ball,sphere,2,10,ycb28,ycb28_test,/content/drive/MyDrive/PointNet_APS_Project_V2/data/ycb28/extracted_models/056_tennis_ball/056_tennis_ball/google_16k/textured.obj,official_ycb_download,1000,2,2,sphere,sphere,0.99936956,True,error_trained,9
/content/drive/MyDrive/PointNet_APS_Project_V2/data/ycb28/generated_pointclouds_bbox_norm/sphere/056_tennis_ball/056_tennis_ball_sample_11.csv,056_tennis_ball,sphere,2,11,ycb28,ycb28_test,/content/drive/MyDrive/PointNet_APS_Project_V2/data/ycb28/extracted_models/056_tennis_ball/056_tennis_ball/google_16k/textured.obj,official_ycb_download,1000,2,2,sphere,sphere,0.99958426,True,error_trained,9
/content/drive/MyDrive/PointNet_APS_Project_V2/data/ycb28/generated_pointclouds_bbox_norm/sphere/056_tennis_ball/056_tennis_ball_sample_12.csv,056_tennis_ball,sphere,2,12,ycb28,ycb28_test,/content/drive/MyDrive/PointNet_APS_Project_V2/data/ycb28/extracted_models/056_tennis_ball/056_tennis_ball/google_16k/textured.obj,official_ycb_download,1000,2,2,sphere,sphere,0.99991,True,error_trained,9
/content/drive/MyDrive/PointNet_APS_Project_V2/data/ycb28/generated_pointclouds_bbox_norm/sphere/056_tennis_ball/056_tennis_ball_sample_13.csv,056_tennis_ball,sphere,2,13,ycb28,ycb28_test,/content/drive/MyDrive/PointNet_APS_Project_V2/data/ycb28/extracted_models/056_tennis_ball/056_tennis_ball/google_16k/textured.obj,official_ycb_download,1000,2,2,sphere,sphere,0.9997837,True,error_trained,9
/content/drive/MyDrive/PointNet_APS_Project_V2/data/ycb28/generated_pointclouds_bbox_norm/sphere/056_tennis_ball/056_tennis_ball_sample_14.csv,056_tennis_ball,sphere,2,14,ycb28,ycb28_test,/content/drive/MyDrive/PointNet_APS_Project_V2/data/ycb28/extracted_models/056_tennis_ball/056_tennis_ball/google_16k/textured.obj,official_ycb_download,1000,2,2,sphere,sphere,0.99969923,True,error_trained,9
/content/drive/MyDrive/PointNet_APS_Project_V2/data/ycb28/generated_pointclouds_bbox_norm/sphere/056_tennis_ball/056_tennis_ball_sample_15.csv,056_tennis_ball,sphere,2,15,ycb28,ycb28_test,/content/drive/MyDrive/PointNet_APS_Project_V2/data/ycb28/extracted_models/056_tennis_ball/056_tennis_ball/google_16k/textured.obj,official_ycb_download,1000,2,2,sphere,sphere,0.99972254,True,error_trained,9
/content/drive/MyDrive/PointNet_APS_Project_V2/data/ycb28/generated_pointclouds_bbox_norm/sphere/056_tennis_ball/056_tennis_ball_sample_16.csv,056_tennis_ball,sphere,2,16,ycb28,ycb28_test,/content/drive/MyDrive/PointNet_APS_Project_V2/data/ycb28/extracted_models/056_tennis_ball/056_tennis_ball/google_16k/textured.obj,official_ycb_download,1000,2,2,sphere,sphere,0.99982136,True,error_trained,9
/content/drive/MyDrive/PointNet_APS_Project_V2/data/ycb28/generated_pointclouds_bbox_norm/sphere/056_tennis_ball/056_tennis_ball_sample_17.csv,056_tennis_ball,sphere,2,17,ycb28,ycb28_test,/content/drive/MyDrive/PointNet_APS_Project_V2/data/ycb28/extracted_models/056_tennis_ball/056_tennis_ball/google_16k/textured.obj,official_ycb_download,1000,2,2,sphere,sphere,0.99971944,True,error_trained,9
/content/drive/MyDrive/PointNet_APS_Project_V2/data/ycb28/generated_pointclouds_bbox_norm/sphere/056_tennis_ball/056_tennis_ball_sample_18.csv,056_tennis_ball,sphere,2,18,ycb28,ycb28_test,/content/drive/MyDrive/PointNet_APS_Project_V2/data/ycb28/extracted_models/056_tennis_ball/056_tennis_ball/google_16k/textured.obj,official_ycb_download,1000,2,2,sphere,sphere,0.99980253,True,error_trained,9
/content/drive/MyDrive/PointNet_APS_Project_V2/data/ycb28/generated_pointclouds_bbox_norm/sphere/056_tennis_ball/056_tennis_ball_sample_19.csv,056_tennis_ball,sphere,2,19,ycb28,ycb28_test,/content/drive/MyDrive/PointNet_APS_Project_V2/data/ycb28/extracted_models/056_tennis_ball/056_tennis_ball/google_16k/textured.obj,official_ycb_download,1000,2,2,sphere,sphere,0.99966574,True,error_trained,9
/content/drive/MyDrive/PointNet_APS_Project_V2/data/ycb28/generated_pointclouds_bbox_norm/sphere/057_racquetball/057_racquetball_sample_00.csv,057_racquetball,sphere,2,0,ycb28,ycb28_test,/content/drive/MyDrive/PointNet_APS_Project_V2/data/ycb28/extracted_models/057_racquetball/057_racquetball/google_16k/textured.obj,official_ycb_download,1000,2,2,sphere,sphere,0.9998895,True,error_trained,9
/content/drive/MyDrive/PointNet_APS_Project_V2/data/ycb28/generated_pointclouds_bbox_norm/sphere/057_racquetball/057_racquetball_sample_01.csv,057_racquetball,sphere,2,1,ycb28,ycb28_test,/content/drive/MyDrive/PointNet_APS_Project_V2/data/ycb28/extracted_models/057_racquetball/057_racquetball/google_16k/textured.obj,official_ycb_download,1000,2,2,sphere,sphere,0.9997857,True,error_trained,9
/content/drive/MyDrive/PointNet_APS_Project_V2/data/ycb28/generated_pointclouds_bbox_norm/sphere/057_racquetball/057_racquetball_sample_02.csv,057_racquetball,sphere,2,2,ycb28,ycb28_test,/content/drive/MyDrive/PointNet_APS_Project_V2/data/ycb28/extracted_models/057_racquetball/057_racquetball/google_16k/textured.obj,official_ycb_download,1000,2,2,sphere,sphere,0.9998642,True,error_trained,9
/content/drive/MyDrive/PointNet_APS_Project_V2/data/ycb28/generated_pointclouds_bbox_norm/sphere/057_racquetball/057_racquetball_sample_03.csv,057_racquetball,sphere,2,3,ycb28,ycb28_test,/content/drive/MyDrive/PointNet_APS_Project_V2/data/ycb28/extracted_models/057_racquetball/057_racquetball/google_16k/textured.obj,official_ycb_download,1000,2,2,sphere,sphere,0.9997645,True,error_trained,9
/content/drive/MyDrive/PointNet_APS_Project_V2/data/ycb28/generated_pointclouds_bbox_norm/sphere/057_racquetball/057_racquetball_sample_04.csv,057_racquetball,sphere,2,4,ycb28,ycb28_test,/content/drive/MyDrive/PointNet_APS_Project_V2/data/ycb28/extracted_models/057_racquetball/057_racquetball/google_16k/textured.obj,official_ycb_download,1000,2,2,sphere,sphere,0.99943787,True,error_trained,9
/content/drive/MyDrive/PointNet_APS_Project_V2/data/ycb28/generated_pointclouds_bbox_norm/sphere/057_racquetball/057_racquetball_sample_05.csv,057_racquetball,sphere,2,5,ycb28,ycb28_test,/content/drive/MyDrive/PointNet_APS_Project_V2/data/ycb28/extracted_models/057_racquetball/057_racquetball/google_16k/textured.obj,official_ycb_download,1000,2,2,sphere,sphere,0.9998385,True,error_trained,9
/content/drive/MyDrive/PointNet_APS_Project_V2/data/ycb28/generated_pointclouds_bbox_norm/sphere/057_racquetball/057_racquetball_sample_06.csv,057_racquetball,sphere,2,6,ycb28,ycb28_test,/content/drive/MyDrive/PointNet_APS_Project_V2/data/ycb28/extracted_models/057_racquetball/057_racquetball/google_16k/textured.obj,official_ycb_download,1000,2,2,sphere,sphere,0.99986947,True,error_trained,9
/content/drive/MyDrive/PointNet_APS_Project_V2/data/ycb28/generated_pointclouds_bbox_norm/sphere/057_racquetball/057_racquetball_sample_07.csv,057_racquetball,sphere,2,7,ycb28,ycb28_test,/content/drive/MyDrive/PointNet_APS_Project_V2/data/ycb28/extracted_models/057_racquetball/057_racquetball/google_16k/textured.obj,official_ycb_download,1000,2,2,sphere,sphere,0.9998902,True,error_trained,9
/content/drive/MyDrive/PointNet_APS_Project_V2/data/ycb28/generated_pointclouds_bbox_norm/sphere/057_racquetball/057_racquetball_sample_08.csv,057_racquetball,sphere,2,8,ycb28,ycb28_test,/content/drive/MyDrive/PointNet_APS_Project_V2/data/ycb28/extracted_models/057_racquetball/057_racquetball/google_16k/textured.obj,official_ycb_download,1000,2,2,sphere,sphere,0.9999151,True,error_trained,9
/content/drive/MyDrive/PointNet_APS_Project_V2/data/ycb28/generated_pointclouds_bbox_norm/sphere/057_racquetball/057_racquetball_sample_09.csv,057_racquetball,sphere,2,9,ycb28,ycb28_test,/content/drive/MyDrive/PointNet_APS_Project_V2/data/ycb28/extracted_models/057_racquetball/057_racquetball/google_16k/textured.obj,official_ycb_download,1000,2,2,sphere,sphere,0.9999356,True,error_trained,9
/content/drive/MyDrive/PointNet_APS_Project_V2/data/ycb28/generated_pointclouds_bbox_norm/sphere/057_racquetball/057_racquetball_sample_10.csv,057_racquetball,sphere,2,10,ycb28,ycb28_test,/content/drive/MyDrive/PointNet_APS_Project_V2/data/ycb28/extracted_models/057_racquetball/057_racquetball/google_16k/textured.obj,official_ycb_download,1000,2,2,sphere,sphere,0.999848,True,error_trained,9
/content/drive/MyDrive/PointNet_APS_Project_V2/data/ycb28/generated_pointclouds_bbox_norm/sphere/057_racquetball/057_racquetball_sample_11.csv,057_racquetball,sphere,2,11,ycb28,ycb28_test,/content/drive/MyDrive/PointNet_APS_Project_V2/data/ycb28/extracted_models/057_racquetball/057_racquetball/google_16k/textured.obj,official_ycb_download,1000,2,2,sphere,sphere,0.99967766,True,error_trained,9
/content/drive/MyDrive/PointNet_APS_Project_V2/data/ycb28/generated_pointclouds_bbox_norm/sphere/057_racquetball/057_racquetball_sample_12.csv,057_racquetball,sphere,2,12,ycb28,ycb28_test,/content/drive/MyDrive/PointNet_APS_Project_V2/data/ycb28/extracted_models/057_racquetball/057_racquetball/google_16k/textured.obj,official_ycb_download,1000,2,2,sphere,sphere,0.9998543,True,error_trained,9
/content/drive/MyDrive/PointNet_APS_Project_V2/data/ycb28/generated_pointclouds_bbox_norm/sphere/057_racquetball/057_racquetball_sample_13.csv,057_racquetball,sphere,2,13,ycb28,ycb28_test,/content/drive/MyDrive/PointNet_APS_Project_V2/data/ycb28/extracted_models/057_racquetball/057_racquetball/google_16k/textured.obj,official_ycb_download,1000,2,2,sphere,sphere,0.99956733,True,error_trained,9
/content/drive/MyDrive/PointNet_APS_Project_V2/data/ycb28/generated_pointclouds_bbox_norm/sphere/057_racquetball/057_racquetball_sample_14.csv,057_racquetball,sphere,2,14,ycb28,ycb28_test,/content/drive/MyDrive/PointNet_APS_Project_V2/data/ycb28/extracted_models/057_racquetball/057_racquetball/google_16k/textured.obj,official_ycb_download,1000,2,2,sphere,sphere,0.99977416,True,error_trained,9
/content/drive/MyDrive/PointNet_APS_Project_V2/data/ycb28/generated_pointclouds_bbox_norm/sphere/057_racquetball/057_racquetball_sample_15.csv,057_racquetball,sphere,2,15,ycb28,ycb28_test,/content/drive/MyDrive/PointNet_APS_Project_V2/data/ycb28/extracted_models/057_racquetball/057_racquetball/google_16k/textured.obj,official_ycb_download,1000,2,2,sphere,sphere,0.99960464,True,error_trained,9
/content/drive/MyDrive/PointNet_APS_Project_V2/data/ycb28/generated_pointclouds_bbox_norm/sphere/057_racquetball/057_racquetball_sample_16.csv,057_racquetball,sphere,2,16,ycb28,ycb28_test,/content/drive/MyDrive/PointNet_APS_Project_V2/data/ycb28/extracted_models/057_racquetball/057_racquetball/google_16k/textured.obj,official_ycb_download,1000,2,2,sphere,sphere,0.9998342,True,error_trained,9
/content/drive/MyDrive/PointNet_APS_Project_V2/data/ycb28/generated_pointclouds_bbox_norm/sphere/057_racquetball/057_racquetball_sample_17.csv,057_racquetball,sphere,2,17,ycb28,ycb28_test,/content/drive/MyDrive/PointNet_APS_Project_V2/data/ycb28/extracted_models/057_racquetball/057_racquetball/google_16k/textured.obj,official_ycb_download,1000,2,2,sphere,sphere,0.9998636,True,error_trained,9
/content/drive/MyDrive/PointNet_APS_Project_V2/data/ycb28/generated_pointclouds_bbox_norm/sphere/057_racquetball/057_racquetball_sample_18.csv,057_racquetball,sphere,2,18,ycb28,ycb28_test,/content/drive/MyDrive/PointNet_APS_Project_V2/data/ycb28/extracted_models/057_racquetball/057_racquetball/google_16k/textured.obj,official_ycb_download,1000,2,2,sphere,sphere,0.9998299,True,error_trained,9
/content/drive/MyDrive/PointNet_APS_Project_V2/data/ycb28/generated_pointclouds_bbox_norm/sphere/057_racquetball/057_racquetball_sample_19.csv,057_racquetball,sphere,2,19,ycb28,ycb28_test,/content/drive/MyDrive/PointNet_APS_Project_V2/data/ycb28/extracted_models/057_racquetball/057_racquetball/google_16k/textured.obj,official_ycb_download,1000,2,2,sphere,sphere,0.99990416,True,error_trained,9
/content/drive/MyDrive/PointNet_APS_Project_V2/data/ycb28/generated_pointclouds_bbox_norm/sphere/058_golf_ball/058_golf_ball_sample_00.csv,058_golf_ball,sphere,2,0,ycb28,ycb28_test,/content/drive/MyDrive/PointNet_APS_Project_V2/data/ycb28/extracted_models/058_golf_ball/058_golf_ball/google_16k/textured.obj,official_ycb_download,1000,2,2,sphere,sphere,0.9997451,True,error_trained,9
/content/drive/MyDrive/PointNet_APS_Project_V2/data/ycb28/generated_pointclouds_bbox_norm/sphere/058_golf_ball/058_golf_ball_sample_01.csv,058_golf_ball,sphere,2,1,ycb28,ycb28_test,/content/drive/MyDrive/PointNet_APS_Project_V2/data/ycb28/extracted_models/058_golf_ball/058_golf_ball/google_16k/textured.obj,official_ycb_download,1000,2,2,sphere,sphere,0.999793,True,error_trained,9
/content/drive/MyDrive/PointNet_APS_Project_V2/data/ycb28/generated_pointclouds_bbox_norm/sphere/058_golf_ball/058_golf_ball_sample_02.csv,058_golf_ball,sphere,2,2,ycb28,ycb28_test,/content/drive/MyDrive/PointNet_APS_Project_V2/data/ycb28/extracted_models/058_golf_ball/058_golf_ball/google_16k/textured.obj,official_ycb_download,1000,2,2,sphere,sphere,0.99947613,True,error_trained,9
/content/drive/MyDrive/PointNet_APS_Project_V2/data/ycb28/generated_pointclouds_bbox_norm/sphere/058_golf_ball/058_golf_ball_sample_03.csv,058_golf_ball,sphere,2,3,ycb28,ycb28_test,/content/drive/MyDrive/PointNet_APS_Project_V2/data/ycb28/extracted_models/058_golf_ball/058_golf_ball/google_16k/textured.obj,official_ycb_download,1000,2,2,sphere,sphere,0.9999213,True,error_trained,9
/content/drive/MyDrive/PointNet_APS_Project_V2/data/ycb28/generated_pointclouds_bbox_norm/sphere/058_golf_ball/058_golf_ball_sample_04.csv,058_golf_ball,sphere,2,4,ycb28,ycb28_test,/content/drive/MyDrive/PointNet_APS_Project_V2/data/ycb28/extracted_models/058_golf_ball/058_golf_ball/google_16k/textured.obj,official_ycb_download,1000,2,2,sphere,sphere,0.9998454,True,error_trained,9
/content/drive/MyDrive/PointNet_APS_Project_V2/data/ycb28/generated_pointclouds_bbox_norm/sphere/058_golf_ball/058_golf_ball_sample_05.csv,058_golf_ball,sphere,2,5,ycb28,ycb28_test,/content/drive/MyDrive/PointNet_APS_Project_V2/data/ycb28/extracted_models/058_golf_ball/058_golf_ball/google_16k/textured.obj,official_ycb_download,1000,2,2,sphere,sphere,0.99985385,True,error_trained,9
/content/drive/MyDrive/PointNet_APS_Project_V2/data/ycb28/generated_pointclouds_bbox_norm/sphere/058_golf_ball/058_golf_ball_sample_06.csv,058_golf_ball,sphere,2,6,ycb28,ycb28_test,/content/drive/MyDrive/PointNet_APS_Project_V2/data/ycb28/extracted_models/058_golf_ball/058_golf_ball/google_16k/textured.obj,official_ycb_download,1000,2,2,sphere,sphere,0.9997826,True,error_trained,9
/content/drive/MyDrive/PointNet_APS_Project_V2/data/ycb28/generated_pointclouds_bbox_norm/sphere/058_golf_ball/058_golf_ball_sample_07.csv,058_golf_ball,sphere,2,7,ycb28,ycb28_test,/content/drive/MyDrive/PointNet_APS_Project_V2/data/ycb28/extracted_models/058_golf_ball/058_golf_ball/google_16k/textured.obj,official_ycb_download,1000,2,2,sphere,sphere,0.9998349,True,error_trained,9
/content/drive/MyDrive/PointNet_APS_Project_V2/data/ycb28/generated_pointclouds_bbox_norm/sphere/058_golf_ball/058_golf_ball_sample_08.csv,058_golf_ball,sphere,2,8,ycb28,ycb28_test,/content/drive/MyDrive/PointNet_APS_Project_V2/data/ycb28/extracted_models/058_golf_ball/058_golf_ball/google_16k/textured.obj,official_ycb_download,1000,2,2,sphere,sphere,0.99967766,True,error_trained,9
/content/drive/MyDrive/PointNet_APS_Project_V2/data/ycb28/generated_pointclouds_bbox_norm/sphere/058_golf_ball/058_golf_ball_sample_09.csv,058_golf_ball,sphere,2,9,ycb28,ycb28_test,/content/drive/MyDrive/PointNet_APS_Project_V2/data/ycb28/extracted_models/058_golf_ball/058_golf_ball/google_16k/textured.obj,official_ycb_download,1000,2,2,sphere,sphere,0.99968016,True,error_trained,9
/content/drive/MyDrive/PointNet_APS_Project_V2/data/ycb28/generated_pointclouds_bbox_norm/sphere/058_golf_ball/058_golf_ball_sample_10.csv,058_golf_ball,sphere,2,10,ycb28,ycb28_test,/content/drive/MyDrive/PointNet_APS_Project_V2/data/ycb28/extracted_models/058_golf_ball/058_golf_ball/google_16k/textured.obj,official_ycb_download,1000,2,2,sphere,sphere,0.99982953,True,error_trained,9
/content/drive/MyDrive/PointNet_APS_Project_V2/data/ycb28/generated_pointclouds_bbox_norm/sphere/058_golf_ball/058_golf_ball_sample_11.csv,058_golf_ball,sphere,2,11,ycb28,ycb28_test,/content/drive/MyDrive/PointNet_APS_Project_V2/data/ycb28/extracted_models/058_golf_ball/058_golf_ball/google_16k/textured.obj,official_ycb_download,1000,2,2,sphere,sphere,0.99981505,True,error_trained,9
/content/drive/MyDrive/PointNet_APS_Project_V2/data/ycb28/generated_pointclouds_bbox_norm/sphere/058_golf_ball/058_golf_ball_sample_12.csv,058_golf_ball,sphere,2,12,ycb28,ycb28_test,/content/drive/MyDrive/PointNet_APS_Project_V2/data/ycb28/extracted_models/058_golf_ball/058_golf_ball/google_16k/textured.obj,official_ycb_download,1000,2,2,sphere,sphere,0.99907506,True,error_trained,9
/content/drive/MyDrive/PointNet_APS_Project_V2/data/ycb28/generated_pointclouds_bbox_norm/sphere/058_golf_ball/058_golf_ball_sample_13.csv,058_golf_ball,sphere,2,13,ycb28,ycb28_test,/content/drive/MyDrive/PointNet_APS_Project_V2/data/ycb28/extracted_models/058_golf_ball/058_golf_ball/google_16k/textured.obj,official_ycb_download,1000,2,2,sphere,sphere,0.9998233,True,error_trained,9
/content/drive/MyDrive/PointNet_APS_Project_V2/data/ycb28/generated_pointclouds_bbox_norm/sphere/058_golf_ball/058_golf_ball_sample_14.csv,058_golf_ball,sphere,2,14,ycb28,ycb28_test,/content/drive/MyDrive/PointNet_APS_Project_V2/data/ycb28/extracted_models/058_golf_ball/058_golf_ball/google_16k/textured.obj,official_ycb_download,1000,2,2,sphere,sphere,0.99988794,True,error_trained,9
/content/drive/MyDrive/PointNet_APS_Project_V2/data/ycb28/generated_pointclouds_bbox_norm/sphere/058_golf_ball/058_golf_ball_sample_15.csv,058_golf_ball,sphere,2,15,ycb28,ycb28_test,/content/drive/MyDrive/PointNet_APS_Project_V2/data/ycb28/extracted_models/058_golf_ball/058_golf_ball/google_16k/textured.obj,official_ycb_download,1000,2,2,sphere,sphere,0.9992976,True,error_trained,9
/content/drive/MyDrive/PointNet_APS_Project_V2/data/ycb28/generated_pointclouds_bbox_norm/sphere/058_golf_ball/058_golf_ball_sample_16.csv,058_golf_ball,sphere,2,16,ycb28,ycb28_test,/content/drive/MyDrive/PointNet_APS_Project_V2/data/ycb28/extracted_models/058_golf_ball/058_golf_ball/google_16k/textured.obj,official_ycb_download,1000,2,2,sphere,sphere,0.99988556,True,error_trained,9
/content/drive/MyDrive/PointNet_APS_Project_V2/data/ycb28/generated_pointclouds_bbox_norm/sphere/058_golf_ball/058_golf_ball_sample_17.csv,058_golf_ball,sphere,2,17,ycb28,ycb28_test,/content/drive/MyDrive/PointNet_APS_Project_V2/data/ycb28/extracted_models/058_golf_ball/058_golf_ball/google_16k/textured.obj,official_ycb_download,1000,2,2,sphere,sphere,0.9998274,True,error_trained,9
/content/drive/MyDrive/PointNet_APS_Project_V2/data/ycb28/generated_pointclouds_bbox_norm/sphere/058_golf_ball/058_golf_ball_sample_18.csv,058_golf_ball,sphere,2,18,ycb28,ycb28_test,/content/drive/MyDrive/PointNet_APS_Project_V2/data/ycb28/extracted_models/058_golf_ball/058_golf_ball/google_16k/textured.obj,official_ycb_download,1000,2,2,sphere,sphere,0.9996295,True,error_trained,9
/content/drive/MyDrive/PointNet_APS_Project_V2/data/ycb28/generated_pointclouds_bbox_norm/sphere/058_golf_ball/058_golf_ball_sample_19.csv,058_golf_ball,sphere,2,19,ycb28,ycb28_test,/content/drive/MyDrive/PointNet_APS_Project_V2/data/ycb28/extracted_models/058_golf_ball/058_golf_ball/google_16k/textured.obj,official_ycb_download,1000,2,2,sphere,sphere,0.9998116,True,error_trained,9
/content/drive/MyDrive/PointNet_APS_Project_V2/data/ycb28/generated_pointclouds_bbox_norm/sphere/063_a_marbles/063_a_marbles_sample_00.csv,063_a_marbles,sphere,2,0,ycb28,ycb28_test,/content/drive/MyDrive/PointNet_APS_Project_V2/data/ycb28/extracted_models/063_a_marbles/063-a_marbles/google_16k/textured.obj,official_ycb_download,1000,2,1,sphere,cylinder,0.9811271,False,error_trained,9
/content/drive/MyDrive/PointNet_APS_Project_V2/data/ycb28/generated_pointclouds_bbox_norm/sphere/063_a_marbles/063_a_marbles_sample_01.csv,063_a_marbles,sphere,2,1,ycb28,ycb28_test,/content/drive/MyDrive/PointNet_APS_Project_V2/data/ycb28/extracted_models/063_a_marbles/063-a_marbles/google_16k/textured.obj,official_ycb_download,1000,2,1,sphere,cylinder,0.98667985,False,error_trained,9
/content/drive/MyDrive/PointNet_APS_Project_V2/data/ycb28/generated_pointclouds_bbox_norm/sphere/063_a_marbles/063_a_marbles_sample_02.csv,063_a_marbles,sphere,2,2,ycb28,ycb28_test,/content/drive/MyDrive/PointNet_APS_Project_V2/data/ycb28/extracted_models/063_a_marbles/063-a_marbles/google_16k/textured.obj,official_ycb_download,1000,2,1,sphere,cylinder,0.98325145,False,error_trained,9
/content/drive/MyDrive/PointNet_APS_Project_V2/data/ycb28/generated_pointclouds_bbox_norm/sphere/063_a_marbles/063_a_marbles_sample_03.csv,063_a_marbles,sphere,2,3,ycb28,ycb28_test,/content/drive/MyDrive/PointNet_APS_Project_V2/data/ycb28/extracted_models/063_a_marbles/063-a_marbles/google_16k/textured.obj,official_ycb_download,1000,2,1,sphere,cylinder,0.9847825,False,error_trained,9
/content/drive/MyDrive/PointNet_APS_Project_V2/data/ycb28/generated_pointclouds_bbox_norm/sphere/063_a_marbles/063_a_marbles_sample_04.csv,063_a_marbles,sphere,2,4,ycb28,ycb28_test,/content/drive/MyDrive/PointNet_APS_Project_V2/data/ycb28/extracted_models/063_a_marbles/063-a_marbles/google_16k/textured.obj,official_ycb_download,1000,2,1,sphere,cylinder,0.9792717,False,error_trained,9
/content/drive/MyDrive/PointNet_APS_Project_V2/data/ycb28/generated_pointclouds_bbox_norm/sphere/063_a_marbles/063_a_marbles_sample_05.csv,063_a_marbles,sphere,2,5,ycb28,ycb28_test,/content/drive/MyDrive/PointNet_APS_Project_V2/data/ycb28/extracted_models/063_a_marbles/063-a_marbles/google_16k/textured.obj,official_ycb_download,1000,2,1,sphere,cylinder,0.9832555,False,error_trained,9
/content/drive/MyDrive/PointNet_APS_Project_V2/data/ycb28/generated_pointclouds_bbox_norm/sphere/063_a_marbles/063_a_marbles_sample_06.csv,063_a_marbles,sphere,2,6,ycb28,ycb28_test,/content/drive/MyDrive/PointNet_APS_Project_V2/data/ycb28/extracted_models/063_a_marbles/063-a_marbles/google_16k/textured.obj,official_ycb_download,1000,2,1,sphere,cylinder,0.98779917,False,error_trained,9
/content/drive/MyDrive/PointNet_APS_Project_V2/data/ycb28/generated_pointclouds_bbox_norm/sphere/063_a_marbles/063_a_marbles_sample_07.csv,063_a_marbles,sphere,2,7,ycb28,ycb28_test,/content/drive/MyDrive/PointNet_APS_Project_V2/data/ycb28/extracted_models/063_a_marbles/063-a_marbles/google_16k/textured.obj,official_ycb_download,1000,2,1,sphere,cylinder,0.9816558,False,error_trained,9
/content/drive/MyDrive/PointNet_APS_Project_V2/data/ycb28/generated_pointclouds_bbox_norm/sphere/063_a_marbles/063_a_marbles_sample_08.csv,063_a_marbles,sphere,2,8,ycb28,ycb28_test,/content/drive/MyDrive/PointNet_APS_Project_V2/data/ycb28/extracted_models/063_a_marbles/063-a_marbles/google_16k/textured.obj,official_ycb_download,1000,2,1,sphere,cylinder,0.9849155,False,error_trained,9
/content/drive/MyDrive/PointNet_APS_Project_V2/data/ycb28/generated_pointclouds_bbox_norm/sphere/063_a_marbles/063_a_marbles_sample_09.csv,063_a_marbles,sphere,2,9,ycb28,ycb28_test,/content/drive/MyDrive/PointNet_APS_Project_V2/data/ycb28/extracted_models/063_a_marbles/063-a_marbles/google_16k/textured.obj,official_ycb_download,1000,2,1,sphere,cylinder,0.9867503,False,error_trained,9
/content/drive/MyDrive/PointNet_APS_Project_V2/data/ycb28/generated_pointclouds_bbox_norm/sphere/063_a_marbles/063_a_marbles_sample_10.csv,063_a_marbles,sphere,2,10,ycb28,ycb28_test,/content/drive/MyDrive/PointNet_APS_Project_V2/data/ycb28/extracted_models/063_a_marbles/063-a_marbles/google_16k/textured.obj,official_ycb_download,1000,2,1,sphere,cylinder,0.9873948,False,error_trained,9
/content/drive/MyDrive/PointNet_APS_Project_V2/data/ycb28/generated_pointclouds_bbox_norm/sphere/063_a_marbles/063_a_marbles_sample_11.csv,063_a_marbles,sphere,2,11,ycb28,ycb28_test,/content/drive/MyDrive/PointNet_APS_Project_V2/data/ycb28/extracted_models/063_a_marbles/063-a_marbles/google_16k/textured.obj,official_ycb_download,1000,2,1,sphere,cylinder,0.9813985,False,error_trained,9
/content/drive/MyDrive/PointNet_APS_Project_V2/data/ycb28/generated_pointclouds_bbox_norm/sphere/063_a_marbles/063_a_marbles_sample_12.csv,063_a_marbles,sphere,2,12,ycb28,ycb28_test,/content/drive/MyDrive/PointNet_APS_Project_V2/data/ycb28/extracted_models/063_a_marbles/063-a_marbles/google_16k/textured.obj,official_ycb_download,1000,2,1,sphere,cylinder,0.9720452,False,error_trained,9
/content/drive/MyDrive/PointNet_APS_Project_V2/data/ycb28/generated_pointclouds_bbox_norm/sphere/063_a_marbles/063_a_marbles_sample_13.csv,063_a_marbles,sphere,2,13,ycb28,ycb28_test,/content/drive/MyDrive/PointNet_APS_Project_V2/data/ycb28/extracted_models/063_a_marbles/063-a_marbles/google_16k/textured.obj,official_ycb_download,1000,2,1,sphere,cylinder,0.9832907,False,error_trained,9
/content/drive/MyDrive/PointNet_APS_Project_V2/data/ycb28/generated_pointclouds_bbox_norm/sphere/063_a_marbles/063_a_marbles_sample_14.csv,063_a_marbles,sphere,2,14,ycb28,ycb28_test,/content/drive/MyDrive/PointNet_APS_Project_V2/data/ycb28/extracted_models/063_a_marbles/063-a_marbles/google_16k/textured.obj,official_ycb_download,1000,2,1,sphere,cylinder,0.98610884,False,error_trained,9
/content/drive/MyDrive/PointNet_APS_Project_V2/data/ycb28/generated_pointclouds_bbox_norm/sphere/063_a_marbles/063_a_marbles_sample_15.csv,063_a_marbles,sphere,2,15,ycb28,ycb28_test,/content/drive/MyDrive/PointNet_APS_Project_V2/data/ycb28/extracted_models/063_a_marbles/063-a_marbles/google_16k/textured.obj,official_ycb_download,1000,2,1,sphere,cylinder,0.9881896,False,error_trained,9
/content/drive/MyDrive/PointNet_APS_Project_V2/data/ycb28/generated_pointclouds_bbox_norm/sphere/063_a_marbles/063_a_marbles_sample_16.csv,063_a_marbles,sphere,2,16,ycb28,ycb28_test,/content/drive/MyDrive/PointNet_APS_Project_V2/data/ycb28/extracted_models/063_a_marbles/063-a_marbles/google_16k/textured.obj,official_ycb_download,1000,2,1,sphere,cylinder,0.98652494,False,error_trained,9
/content/drive/MyDrive/PointNet_APS_Project_V2/data/ycb28/generated_pointclouds_bbox_norm/sphere/063_a_marbles/063_a_marbles_sample_17.csv,063_a_marbles,sphere,2,17,ycb28,ycb28_test,/content/drive/MyDrive/PointNet_APS_Project_V2/data/ycb28/extracted_models/063_a_marbles/063-a_marbles/google_16k/textured.obj,official_ycb_download,1000,2,1,sphere,cylinder,0.9795069,False,error_trained,9
/content/drive/MyDrive/PointNet_APS_Project_V2/data/ycb28/generated_pointclouds_bbox_norm/sphere/063_a_marbles/063_a_marbles_sample_18.csv,063_a_marbles,sphere,2,18,ycb28,ycb28_test,/content/drive/MyDrive/PointNet_APS_Project_V2/data/ycb28/extracted_models/063_a_marbles/063-a_marbles/google_16k/textured.obj,official_ycb_download,1000,2,1,sphere,cylinder,0.9841577,False,error_trained,9
/content/drive/MyDrive/PointNet_APS_Project_V2/data/ycb28/generated_pointclouds_bbox_norm/sphere/063_a_marbles/063_a_marbles_sample_19.csv,063_a_marbles,sphere,2,19,ycb28,ycb28_test,/content/drive/MyDrive/PointNet_APS_Project_V2/data/ycb28/extracted_models/063_a_marbles/063-a_marbles/google_16k/textured.obj,official_ycb_download,1000,2,1,sphere,cylinder,0.98670214,False,error_trained,9
