path,object_name,class_name,label,sample_id,variant,role,source_mesh,source_type,n_points,true_label,pred_label,true_class,pred_class,confidence,correct,train_condition,run_id
/content/drive/MyDrive/PointNet_APS_Project_V2/data/ycb28/generated_pointclouds_bbox_norm/box/003_cracker_box/003_cracker_box_sample_00.csv,003_cracker_box,box,0,0,ycb28,ycb28_test,/content/drive/MyDrive/PointNet_APS_Project_V2/data/ycb28/extracted_models/003_cracker_box/003_cracker_box/google_16k/textured.obj,official_ycb_download,1000,0,1,box,cylinder,0.8399115,False,mixed_trained,1
/content/drive/MyDrive/PointNet_APS_Project_V2/data/ycb28/generated_pointclouds_bbox_norm/box/003_cracker_box/003_cracker_box_sample_01.csv,003_cracker_box,box,0,1,ycb28,ycb28_test,/content/drive/MyDrive/PointNet_APS_Project_V2/data/ycb28/extracted_models/003_cracker_box/003_cracker_box/google_16k/textured.obj,official_ycb_download,1000,0,1,box,cylinder,0.6228154,False,mixed_trained,1
/content/drive/MyDrive/PointNet_APS_Project_V2/data/ycb28/generated_pointclouds_bbox_norm/box/003_cracker_box/003_cracker_box_sample_02.csv,003_cracker_box,box,0,2,ycb28,ycb28_test,/content/drive/MyDrive/PointNet_APS_Project_V2/data/ycb28/extracted_models/003_cracker_box/003_cracker_box/google_16k/textured.obj,official_ycb_download,1000,0,1,box,cylinder,0.7021061,False,mixed_trained,1
/content/drive/MyDrive/PointNet_APS_Project_V2/data/ycb28/generated_pointclouds_bbox_norm/box/003_cracker_box/003_cracker_box_sample_03.csv,003_cracker_box,box,0,3,ycb28,ycb28_test,/content/drive/MyDrive/PointNet_APS_Project_V2/data/ycb28/extracted_models/003_cracker_box/003_cracker_box/google_16k/textured.obj,official_ycb_download,1000,0,1,box,cylinder,0.8902796,False,mixed_trained,1
/content/drive/MyDrive/PointNet_APS_Project_V2/data/ycb28/generated_pointclouds_bbox_norm/box/003_cracker_box/003_cracker_box_sample_04.csv,003_cracker_box,box,0,4,ycb28,ycb28_test,/content/drive/MyDrive/PointNet_APS_Project_V2/data/ycb28/extracted_models/003_cracker_box/003_cracker_box/google_16k/textured.obj,official_ycb_download,1000,0,1,box,cylinder,0.75738055,False,mixed_trained,1
/content/drive/MyDrive/PointNet_APS_Project_V2/data/ycb28/generated_pointclouds_bbox_norm/box/003_cracker_box/003_cracker_box_sample_05.csv,003_cracker_box,box,0,5,ycb28,ycb28_test,/content/drive/MyDrive/PointNet_APS_Project_V2/data/ycb28/extracted_models/003_cracker_box/003_cracker_box/google_16k/textured.obj,official_ycb_download,1000,0,1,box,cylinder,0.96096,False,mixed_trained,1
/content/drive/MyDrive/PointNet_APS_Project_V2/data/ycb28/generated_pointclouds_bbox_norm/box/003_cracker_box/003_cracker_box_sample_06.csv,003_cracker_box,box,0,6,ycb28,ycb28_test,/content/drive/MyDrive/PointNet_APS_Project_V2/data/ycb28/extracted_models/003_cracker_box/003_cracker_box/google_16k/textured.obj,official_ycb_download,1000,0,1,box,cylinder,0.68048906,False,mixed_trained,1
/content/drive/MyDrive/PointNet_APS_Project_V2/data/ycb28/generated_pointclouds_bbox_norm/box/003_cracker_box/003_cracker_box_sample_07.csv,003_cracker_box,box,0,7,ycb28,ycb28_test,/content/drive/MyDrive/PointNet_APS_Project_V2/data/ycb28/extracted_models/003_cracker_box/003_cracker_box/google_16k/textured.obj,official_ycb_download,1000,0,0,box,box,0.946735,True,mixed_trained,1
/content/drive/MyDrive/PointNet_APS_Project_V2/data/ycb28/generated_pointclouds_bbox_norm/box/003_cracker_box/003_cracker_box_sample_08.csv,003_cracker_box,box,0,8,ycb28,ycb28_test,/content/drive/MyDrive/PointNet_APS_Project_V2/data/ycb28/extracted_models/003_cracker_box/003_cracker_box/google_16k/textured.obj,official_ycb_download,1000,0,0,box,box,0.53323233,True,mixed_trained,1
/content/drive/MyDrive/PointNet_APS_Project_V2/data/ycb28/generated_pointclouds_bbox_norm/box/003_cracker_box/003_cracker_box_sample_09.csv,003_cracker_box,box,0,9,ycb28,ycb28_test,/content/drive/MyDrive/PointNet_APS_Project_V2/data/ycb28/extracted_models/003_cracker_box/003_cracker_box/google_16k/textured.obj,official_ycb_download,1000,0,0,box,box,0.85491127,True,mixed_trained,1
/content/drive/MyDrive/PointNet_APS_Project_V2/data/ycb28/generated_pointclouds_bbox_norm/box/003_cracker_box/003_cracker_box_sample_10.csv,003_cracker_box,box,0,10,ycb28,ycb28_test,/content/drive/MyDrive/PointNet_APS_Project_V2/data/ycb28/extracted_models/003_cracker_box/003_cracker_box/google_16k/textured.obj,official_ycb_download,1000,0,1,box,cylinder,0.9938704,False,mixed_trained,1
/content/drive/MyDrive/PointNet_APS_Project_V2/data/ycb28/generated_pointclouds_bbox_norm/box/003_cracker_box/003_cracker_box_sample_11.csv,003_cracker_box,box,0,11,ycb28,ycb28_test,/content/drive/MyDrive/PointNet_APS_Project_V2/data/ycb28/extracted_models/003_cracker_box/003_cracker_box/google_16k/textured.obj,official_ycb_download,1000,0,1,box,cylinder,0.9735651,False,mixed_trained,1
/content/drive/MyDrive/PointNet_APS_Project_V2/data/ycb28/generated_pointclouds_bbox_norm/box/003_cracker_box/003_cracker_box_sample_12.csv,003_cracker_box,box,0,12,ycb28,ycb28_test,/content/drive/MyDrive/PointNet_APS_Project_V2/data/ycb28/extracted_models/003_cracker_box/003_cracker_box/google_16k/textured.obj,official_ycb_download,1000,0,1,box,cylinder,0.7748446,False,mixed_trained,1
/content/drive/MyDrive/PointNet_APS_Project_V2/data/ycb28/generated_pointclouds_bbox_norm/box/003_cracker_box/003_cracker_box_sample_13.csv,003_cracker_box,box,0,13,ycb28,ycb28_test,/content/drive/MyDrive/PointNet_APS_Project_V2/data/ycb28/extracted_models/003_cracker_box/003_cracker_box/google_16k/textured.obj,official_ycb_download,1000,0,0,box,box,0.9361649,True,mixed_trained,1
/content/drive/MyDrive/PointNet_APS_Project_V2/data/ycb28/generated_pointclouds_bbox_norm/box/003_cracker_box/003_cracker_box_sample_14.csv,003_cracker_box,box,0,14,ycb28,ycb28_test,/content/drive/MyDrive/PointNet_APS_Project_V2/data/ycb28/extracted_models/003_cracker_box/003_cracker_box/google_16k/textured.obj,official_ycb_download,1000,0,0,box,box,0.63101095,True,mixed_trained,1
/content/drive/MyDrive/PointNet_APS_Project_V2/data/ycb28/generated_pointclouds_bbox_norm/box/003_cracker_box/003_cracker_box_sample_15.csv,003_cracker_box,box,0,15,ycb28,ycb28_test,/content/drive/MyDrive/PointNet_APS_Project_V2/data/ycb28/extracted_models/003_cracker_box/003_cracker_box/google_16k/textured.obj,official_ycb_download,1000,0,1,box,cylinder,0.5560471,False,mixed_trained,1
/content/drive/MyDrive/PointNet_APS_Project_V2/data/ycb28/generated_pointclouds_bbox_norm/box/003_cracker_box/003_cracker_box_sample_16.csv,003_cracker_box,box,0,16,ycb28,ycb28_test,/content/drive/MyDrive/PointNet_APS_Project_V2/data/ycb28/extracted_models/003_cracker_box/003_cracker_box/google_16k/textured.obj,official_ycb_download,1000,0,0,box,box,0.9873347,True,mixed_trained,1
/content/drive/MyDrive/PointNet_APS_Project_V2/data/ycb28/generated_pointclouds_bbox_norm/box/003_cracker_box/003_cracker_box_sample_17.csv,003_cracker_box,box,0,17,ycb28,ycb28_test,/content/drive/MyDrive/PointNet_APS_Project_V2/data/ycb28/extracted_models/003_cracker_box/003_cracker_box/google_16k/textured.obj,official_ycb_download,1000,0,0,box,box,0.9580054,True,mixed_trained,1
/content/drive/MyDrive/PointNet_APS_Project_V2/data/ycb28/generated_pointclouds_bbox_norm/box/003_cracker_box/003_cracker_box_sample_18.csv,003_cracker_box,box,0,18,ycb28,ycb28_test,/content/drive/MyDrive/PointNet_APS_Project_V2/data/ycb28/extracted_models/003_cracker_box/003_cracker_box/google_16k/textured.obj,official_ycb_download,1000,0,1,box,cylinder,0.5976722,False,mixed_trained,1
/content/drive/MyDrive/PointNet_APS_Project_V2/data/ycb28/generated_pointclouds_bbox_norm/box/003_cracker_box/003_cracker_box_sample_19.csv,003_cracker_box,box,0,19,ycb28,ycb28_test,/content/drive/MyDrive/PointNet_APS_Project_V2/data/ycb28/extracted_models/003_cracker_box/003_cracker_box/google_16k/textured.obj,official_ycb_download,1000,0,0,box,box,0.66053843,True,mixed_trained,1
/content/drive/MyDrive/PointNet_APS_Project_V2/data/ycb28/generated_pointclouds_bbox_norm/box/004_sugar_box/004_sugar_box_sample_00.csv,004_sugar_box,box,0,0,ycb28,ycb28_test,/content/drive/MyDrive/PointNet_APS_Project_V2/data/ycb28/extracted_models/004_sugar_box/004_sugar_box/google_16k/textured.obj,official_ycb_download,1000,0,1,box,cylinder,0.77730495,False,mixed_trained,1
/content/drive/MyDrive/PointNet_APS_Project_V2/data/ycb28/generated_pointclouds_bbox_norm/box/004_sugar_box/004_sugar_box_sample_01.csv,004_sugar_box,box,0,1,ycb28,ycb28_test,/content/drive/MyDrive/PointNet_APS_Project_V2/data/ycb28/extracted_models/004_sugar_box/004_sugar_box/google_16k/textured.obj,official_ycb_download,1000,0,1,box,cylinder,0.50352424,False,mixed_trained,1
/content/drive/MyDrive/PointNet_APS_Project_V2/data/ycb28/generated_pointclouds_bbox_norm/box/004_sugar_box/004_sugar_box_sample_02.csv,004_sugar_box,box,0,2,ycb28,ycb28_test,/content/drive/MyDrive/PointNet_APS_Project_V2/data/ycb28/extracted_models/004_sugar_box/004_sugar_box/google_16k/textured.obj,official_ycb_download,1000,0,0,box,box,0.6529087,True,mixed_trained,1
/content/drive/MyDrive/PointNet_APS_Project_V2/data/ycb28/generated_pointclouds_bbox_norm/box/004_sugar_box/004_sugar_box_sample_03.csv,004_sugar_box,box,0,3,ycb28,ycb28_test,/content/drive/MyDrive/PointNet_APS_Project_V2/data/ycb28/extracted_models/004_sugar_box/004_sugar_box/google_16k/textured.obj,official_ycb_download,1000,0,0,box,box,0.7275717,True,mixed_trained,1
/content/drive/MyDrive/PointNet_APS_Project_V2/data/ycb28/generated_pointclouds_bbox_norm/box/004_sugar_box/004_sugar_box_sample_04.csv,004_sugar_box,box,0,4,ycb28,ycb28_test,/content/drive/MyDrive/PointNet_APS_Project_V2/data/ycb28/extracted_models/004_sugar_box/004_sugar_box/google_16k/textured.obj,official_ycb_download,1000,0,0,box,box,0.55390024,True,mixed_trained,1
/content/drive/MyDrive/PointNet_APS_Project_V2/data/ycb28/generated_pointclouds_bbox_norm/box/004_sugar_box/004_sugar_box_sample_05.csv,004_sugar_box,box,0,5,ycb28,ycb28_test,/content/drive/MyDrive/PointNet_APS_Project_V2/data/ycb28/extracted_models/004_sugar_box/004_sugar_box/google_16k/textured.obj,official_ycb_download,1000,0,0,box,box,0.6560829,True,mixed_trained,1
/content/drive/MyDrive/PointNet_APS_Project_V2/data/ycb28/generated_pointclouds_bbox_norm/box/004_sugar_box/004_sugar_box_sample_06.csv,004_sugar_box,box,0,6,ycb28,ycb28_test,/content/drive/MyDrive/PointNet_APS_Project_V2/data/ycb28/extracted_models/004_sugar_box/004_sugar_box/google_16k/textured.obj,official_ycb_download,1000,0,0,box,box,0.9779327,True,mixed_trained,1
/content/drive/MyDrive/PointNet_APS_Project_V2/data/ycb28/generated_pointclouds_bbox_norm/box/004_sugar_box/004_sugar_box_sample_07.csv,004_sugar_box,box,0,7,ycb28,ycb28_test,/content/drive/MyDrive/PointNet_APS_Project_V2/data/ycb28/extracted_models/004_sugar_box/004_sugar_box/google_16k/textured.obj,official_ycb_download,1000,0,0,box,box,0.5681146,True,mixed_trained,1
/content/drive/MyDrive/PointNet_APS_Project_V2/data/ycb28/generated_pointclouds_bbox_norm/box/004_sugar_box/004_sugar_box_sample_08.csv,004_sugar_box,box,0,8,ycb28,ycb28_test,/content/drive/MyDrive/PointNet_APS_Project_V2/data/ycb28/extracted_models/004_sugar_box/004_sugar_box/google_16k/textured.obj,official_ycb_download,1000,0,0,box,box,0.96649355,True,mixed_trained,1
/content/drive/MyDrive/PointNet_APS_Project_V2/data/ycb28/generated_pointclouds_bbox_norm/box/004_sugar_box/004_sugar_box_sample_09.csv,004_sugar_box,box,0,9,ycb28,ycb28_test,/content/drive/MyDrive/PointNet_APS_Project_V2/data/ycb28/extracted_models/004_sugar_box/004_sugar_box/google_16k/textured.obj,official_ycb_download,1000,0,1,box,cylinder,0.98284215,False,mixed_trained,1
/content/drive/MyDrive/PointNet_APS_Project_V2/data/ycb28/generated_pointclouds_bbox_norm/box/004_sugar_box/004_sugar_box_sample_10.csv,004_sugar_box,box,0,10,ycb28,ycb28_test,/content/drive/MyDrive/PointNet_APS_Project_V2/data/ycb28/extracted_models/004_sugar_box/004_sugar_box/google_16k/textured.obj,official_ycb_download,1000,0,1,box,cylinder,0.91779625,False,mixed_trained,1
/content/drive/MyDrive/PointNet_APS_Project_V2/data/ycb28/generated_pointclouds_bbox_norm/box/004_sugar_box/004_sugar_box_sample_11.csv,004_sugar_box,box,0,11,ycb28,ycb28_test,/content/drive/MyDrive/PointNet_APS_Project_V2/data/ycb28/extracted_models/004_sugar_box/004_sugar_box/google_16k/textured.obj,official_ycb_download,1000,0,1,box,cylinder,0.5972103,False,mixed_trained,1
/content/drive/MyDrive/PointNet_APS_Project_V2/data/ycb28/generated_pointclouds_bbox_norm/box/004_sugar_box/004_sugar_box_sample_12.csv,004_sugar_box,box,0,12,ycb28,ycb28_test,/content/drive/MyDrive/PointNet_APS_Project_V2/data/ycb28/extracted_models/004_sugar_box/004_sugar_box/google_16k/textured.obj,official_ycb_download,1000,0,1,box,cylinder,0.4987531,False,mixed_trained,1
/content/drive/MyDrive/PointNet_APS_Project_V2/data/ycb28/generated_pointclouds_bbox_norm/box/004_sugar_box/004_sugar_box_sample_13.csv,004_sugar_box,box,0,13,ycb28,ycb28_test,/content/drive/MyDrive/PointNet_APS_Project_V2/data/ycb28/extracted_models/004_sugar_box/004_sugar_box/google_16k/textured.obj,official_ycb_download,1000,0,1,box,cylinder,0.62388736,False,mixed_trained,1
/content/drive/MyDrive/PointNet_APS_Project_V2/data/ycb28/generated_pointclouds_bbox_norm/box/004_sugar_box/004_sugar_box_sample_14.csv,004_sugar_box,box,0,14,ycb28,ycb28_test,/content/drive/MyDrive/PointNet_APS_Project_V2/data/ycb28/extracted_models/004_sugar_box/004_sugar_box/google_16k/textured.obj,official_ycb_download,1000,0,1,box,cylinder,0.76888055,False,mixed_trained,1
/content/drive/MyDrive/PointNet_APS_Project_V2/data/ycb28/generated_pointclouds_bbox_norm/box/004_sugar_box/004_sugar_box_sample_15.csv,004_sugar_box,box,0,15,ycb28,ycb28_test,/content/drive/MyDrive/PointNet_APS_Project_V2/data/ycb28/extracted_models/004_sugar_box/004_sugar_box/google_16k/textured.obj,official_ycb_download,1000,0,1,box,cylinder,0.93430114,False,mixed_trained,1
/content/drive/MyDrive/PointNet_APS_Project_V2/data/ycb28/generated_pointclouds_bbox_norm/box/004_sugar_box/004_sugar_box_sample_16.csv,004_sugar_box,box,0,16,ycb28,ycb28_test,/content/drive/MyDrive/PointNet_APS_Project_V2/data/ycb28/extracted_models/004_sugar_box/004_sugar_box/google_16k/textured.obj,official_ycb_download,1000,0,1,box,cylinder,0.97185117,False,mixed_trained,1
/content/drive/MyDrive/PointNet_APS_Project_V2/data/ycb28/generated_pointclouds_bbox_norm/box/004_sugar_box/004_sugar_box_sample_17.csv,004_sugar_box,box,0,17,ycb28,ycb28_test,/content/drive/MyDrive/PointNet_APS_Project_V2/data/ycb28/extracted_models/004_sugar_box/004_sugar_box/google_16k/textured.obj,official_ycb_download,1000,0,1,box,cylinder,0.994994,False,mixed_trained,1
/content/drive/MyDrive/PointNet_APS_Project_V2/data/ycb28/generated_pointclouds_bbox_norm/box/004_sugar_box/004_sugar_box_sample_18.csv,004_sugar_box,box,0,18,ycb28,ycb28_test,/content/drive/MyDrive/PointNet_APS_Project_V2/data/ycb28/extracted_models/004_sugar_box/004_sugar_box/google_16k/textured.obj,official_ycb_download,1000,0,0,box,box,0.9995772,True,mixed_trained,1
/content/drive/MyDrive/PointNet_APS_Project_V2/data/ycb28/generated_pointclouds_bbox_norm/box/004_sugar_box/004_sugar_box_sample_19.csv,004_sugar_box,box,0,19,ycb28,ycb28_test,/content/drive/MyDrive/PointNet_APS_Project_V2/data/ycb28/extracted_models/004_sugar_box/004_sugar_box/google_16k/textured.obj,official_ycb_download,1000,0,0,box,box,0.64761436,True,mixed_trained,1
/content/drive/MyDrive/PointNet_APS_Project_V2/data/ycb28/generated_pointclouds_bbox_norm/box/008_pudding_box/008_pudding_box_sample_00.csv,008_pudding_box,box,0,0,ycb28,ycb28_test,/content/drive/MyDrive/PointNet_APS_Project_V2/data/ycb28/extracted_models/008_pudding_box/008_pudding_box/google_16k/textured.obj,official_ycb_download,1000,0,0,box,box,0.7521991,True,mixed_trained,1
/content/drive/MyDrive/PointNet_APS_Project_V2/data/ycb28/generated_pointclouds_bbox_norm/box/008_pudding_box/008_pudding_box_sample_01.csv,008_pudding_box,box,0,1,ycb28,ycb28_test,/content/drive/MyDrive/PointNet_APS_Project_V2/data/ycb28/extracted_models/008_pudding_box/008_pudding_box/google_16k/textured.obj,official_ycb_download,1000,0,0,box,box,0.94729245,True,mixed_trained,1
/content/drive/MyDrive/PointNet_APS_Project_V2/data/ycb28/generated_pointclouds_bbox_norm/box/008_pudding_box/008_pudding_box_sample_02.csv,008_pudding_box,box,0,2,ycb28,ycb28_test,/content/drive/MyDrive/PointNet_APS_Project_V2/data/ycb28/extracted_models/008_pudding_box/008_pudding_box/google_16k/textured.obj,official_ycb_download,1000,0,1,box,cylinder,0.9943282,False,mixed_trained,1
/content/drive/MyDrive/PointNet_APS_Project_V2/data/ycb28/generated_pointclouds_bbox_norm/box/008_pudding_box/008_pudding_box_sample_03.csv,008_pudding_box,box,0,3,ycb28,ycb28_test,/content/drive/MyDrive/PointNet_APS_Project_V2/data/ycb28/extracted_models/008_pudding_box/008_pudding_box/google_16k/textured.obj,official_ycb_download,1000,0,0,box,box,0.9740269,True,mixed_trained,1
/content/drive/MyDrive/PointNet_APS_Project_V2/data/ycb28/generated_pointclouds_bbox_norm/box/008_pudding_box/008_pudding_box_sample_04.csv,008_pudding_box,box,0,4,ycb28,ycb28_test,/content/drive/MyDrive/PointNet_APS_Project_V2/data/ycb28/extracted_models/008_pudding_box/008_pudding_box/google_16k/textured.obj,official_ycb_download,1000,0,1,box,cylinder,0.8015734,False,mixed_trained,1
/content/drive/MyDrive/PointNet_APS_Project_V2/data/ycb28/generated_pointclouds_bbox_norm/box/008_pudding_box/008_pudding_box_sample_05.csv,008_pudding_box,box,0,5,ycb28,ycb28_test,/content/drive/MyDrive/PointNet_APS_Project_V2/data/ycb28/extracted_models/008_pudding_box/008_pudding_box/google_16k/textured.obj,official_ycb_download,1000,0,1,box,cylinder,0.91851777,False,mixed_trained,1
/content/drive/MyDrive/PointNet_APS_Project_V2/data/ycb28/generated_pointclouds_bbox_norm/box/008_pudding_box/008_pudding_box_sample_06.csv,008_pudding_box,box,0,6,ycb28,ycb28_test,/content/drive/MyDrive/PointNet_APS_Project_V2/data/ycb28/extracted_models/008_pudding_box/008_pudding_box/google_16k/textured.obj,official_ycb_download,1000,0,0,box,box,0.51539403,True,mixed_trained,1
/content/drive/MyDrive/PointNet_APS_Project_V2/data/ycb28/generated_pointclouds_bbox_norm/box/008_pudding_box/008_pudding_box_sample_07.csv,008_pudding_box,box,0,7,ycb28,ycb28_test,/content/drive/MyDrive/PointNet_APS_Project_V2/data/ycb28/extracted_models/008_pudding_box/008_pudding_box/google_16k/textured.obj,official_ycb_download,1000,0,1,box,cylinder,0.98209363,False,mixed_trained,1
/content/drive/MyDrive/PointNet_APS_Project_V2/data/ycb28/generated_pointclouds_bbox_norm/box/008_pudding_box/008_pudding_box_sample_08.csv,008_pudding_box,box,0,8,ycb28,ycb28_test,/content/drive/MyDrive/PointNet_APS_Project_V2/data/ycb28/extracted_models/008_pudding_box/008_pudding_box/google_16k/textured.obj,official_ycb_download,1000,0,1,box,cylinder,0.8546434,False,mixed_trained,1
/content/drive/MyDrive/PointNet_APS_Project_V2/data/ycb28/generated_pointclouds_bbox_norm/box/008_pudding_box/008_pudding_box_sample_09.csv,008_pudding_box,box,0,9,ycb28,ycb28_test,/content/drive/MyDrive/PointNet_APS_Project_V2/data/ycb28/extracted_models/008_pudding_box/008_pudding_box/google_16k/textured.obj,official_ycb_download,1000,0,1,box,cylinder,0.9738297,False,mixed_trained,1
/content/drive/MyDrive/PointNet_APS_Project_V2/data/ycb28/generated_pointclouds_bbox_norm/box/008_pudding_box/008_pudding_box_sample_10.csv,008_pudding_box,box,0,10,ycb28,ycb28_test,/content/drive/MyDrive/PointNet_APS_Project_V2/data/ycb28/extracted_models/008_pudding_box/008_pudding_box/google_16k/textured.obj,official_ycb_download,1000,0,1,box,cylinder,0.9926474,False,mixed_trained,1
/content/drive/MyDrive/PointNet_APS_Project_V2/data/ycb28/generated_pointclouds_bbox_norm/box/008_pudding_box/008_pudding_box_sample_11.csv,008_pudding_box,box,0,11,ycb28,ycb28_test,/content/drive/MyDrive/PointNet_APS_Project_V2/data/ycb28/extracted_models/008_pudding_box/008_pudding_box/google_16k/textured.obj,official_ycb_download,1000,0,1,box,cylinder,0.76132655,False,mixed_trained,1
/content/drive/MyDrive/PointNet_APS_Project_V2/data/ycb28/generated_pointclouds_bbox_norm/box/008_pudding_box/008_pudding_box_sample_12.csv,008_pudding_box,box,0,12,ycb28,ycb28_test,/content/drive/MyDrive/PointNet_APS_Project_V2/data/ycb28/extracted_models/008_pudding_box/008_pudding_box/google_16k/textured.obj,official_ycb_download,1000,0,0,box,box,0.93082625,True,mixed_trained,1
/content/drive/MyDrive/PointNet_APS_Project_V2/data/ycb28/generated_pointclouds_bbox_norm/box/008_pudding_box/008_pudding_box_sample_13.csv,008_pudding_box,box,0,13,ycb28,ycb28_test,/content/drive/MyDrive/PointNet_APS_Project_V2/data/ycb28/extracted_models/008_pudding_box/008_pudding_box/google_16k/textured.obj,official_ycb_download,1000,0,1,box,cylinder,0.99341995,False,mixed_trained,1
/content/drive/MyDrive/PointNet_APS_Project_V2/data/ycb28/generated_pointclouds_bbox_norm/box/008_pudding_box/008_pudding_box_sample_14.csv,008_pudding_box,box,0,14,ycb28,ycb28_test,/content/drive/MyDrive/PointNet_APS_Project_V2/data/ycb28/extracted_models/008_pudding_box/008_pudding_box/google_16k/textured.obj,official_ycb_download,1000,0,1,box,cylinder,0.984626,False,mixed_trained,1
/content/drive/MyDrive/PointNet_APS_Project_V2/data/ycb28/generated_pointclouds_bbox_norm/box/008_pudding_box/008_pudding_box_sample_15.csv,008_pudding_box,box,0,15,ycb28,ycb28_test,/content/drive/MyDrive/PointNet_APS_Project_V2/data/ycb28/extracted_models/008_pudding_box/008_pudding_box/google_16k/textured.obj,official_ycb_download,1000,0,0,box,box,0.7993415,True,mixed_trained,1
/content/drive/MyDrive/PointNet_APS_Project_V2/data/ycb28/generated_pointclouds_bbox_norm/box/008_pudding_box/008_pudding_box_sample_16.csv,008_pudding_box,box,0,16,ycb28,ycb28_test,/content/drive/MyDrive/PointNet_APS_Project_V2/data/ycb28/extracted_models/008_pudding_box/008_pudding_box/google_16k/textured.obj,official_ycb_download,1000,0,1,box,cylinder,0.63671154,False,mixed_trained,1
/content/drive/MyDrive/PointNet_APS_Project_V2/data/ycb28/generated_pointclouds_bbox_norm/box/008_pudding_box/008_pudding_box_sample_17.csv,008_pudding_box,box,0,17,ycb28,ycb28_test,/content/drive/MyDrive/PointNet_APS_Project_V2/data/ycb28/extracted_models/008_pudding_box/008_pudding_box/google_16k/textured.obj,official_ycb_download,1000,0,1,box,cylinder,0.610439,False,mixed_trained,1
/content/drive/MyDrive/PointNet_APS_Project_V2/data/ycb28/generated_pointclouds_bbox_norm/box/008_pudding_box/008_pudding_box_sample_18.csv,008_pudding_box,box,0,18,ycb28,ycb28_test,/content/drive/MyDrive/PointNet_APS_Project_V2/data/ycb28/extracted_models/008_pudding_box/008_pudding_box/google_16k/textured.obj,official_ycb_download,1000,0,0,box,box,0.54077506,True,mixed_trained,1
/content/drive/MyDrive/PointNet_APS_Project_V2/data/ycb28/generated_pointclouds_bbox_norm/box/008_pudding_box/008_pudding_box_sample_19.csv,008_pudding_box,box,0,19,ycb28,ycb28_test,/content/drive/MyDrive/PointNet_APS_Project_V2/data/ycb28/extracted_models/008_pudding_box/008_pudding_box/google_16k/textured.obj,official_ycb_download,1000,0,0,box,box,0.89499956,True,mixed_trained,1
/content/drive/MyDrive/PointNet_APS_Project_V2/data/ycb28/generated_pointclouds_bbox_norm/box/009_gelatin_box/009_gelatin_box_sample_00.csv,009_gelatin_box,box,0,0,ycb28,ycb28_test,/content/drive/MyDrive/PointNet_APS_Project_V2/data/ycb28/extracted_models/009_gelatin_box/009_gelatin_box/google_16k/textured.obj,official_ycb_download,1000,0,0,box,box,0.9517331,True,mixed_trained,1
/content/drive/MyDrive/PointNet_APS_Project_V2/data/ycb28/generated_pointclouds_bbox_norm/box/009_gelatin_box/009_gelatin_box_sample_01.csv,009_gelatin_box,box,0,1,ycb28,ycb28_test,/content/drive/MyDrive/PointNet_APS_Project_V2/data/ycb28/extracted_models/009_gelatin_box/009_gelatin_box/google_16k/textured.obj,official_ycb_download,1000,0,1,box,cylinder,0.9791484,False,mixed_trained,1
/content/drive/MyDrive/PointNet_APS_Project_V2/data/ycb28/generated_pointclouds_bbox_norm/box/009_gelatin_box/009_gelatin_box_sample_02.csv,009_gelatin_box,box,0,2,ycb28,ycb28_test,/content/drive/MyDrive/PointNet_APS_Project_V2/data/ycb28/extracted_models/009_gelatin_box/009_gelatin_box/google_16k/textured.obj,official_ycb_download,1000,0,0,box,box,0.6881533,True,mixed_trained,1
/content/drive/MyDrive/PointNet_APS_Project_V2/data/ycb28/generated_pointclouds_bbox_norm/box/009_gelatin_box/009_gelatin_box_sample_03.csv,009_gelatin_box,box,0,3,ycb28,ycb28_test,/content/drive/MyDrive/PointNet_APS_Project_V2/data/ycb28/extracted_models/009_gelatin_box/009_gelatin_box/google_16k/textured.obj,official_ycb_download,1000,0,0,box,box,0.77830344,True,mixed_trained,1
/content/drive/MyDrive/PointNet_APS_Project_V2/data/ycb28/generated_pointclouds_bbox_norm/box/009_gelatin_box/009_gelatin_box_sample_04.csv,009_gelatin_box,box,0,4,ycb28,ycb28_test,/content/drive/MyDrive/PointNet_APS_Project_V2/data/ycb28/extracted_models/009_gelatin_box/009_gelatin_box/google_16k/textured.obj,official_ycb_download,1000,0,0,box,box,0.8341277,True,mixed_trained,1
/content/drive/MyDrive/PointNet_APS_Project_V2/data/ycb28/generated_pointclouds_bbox_norm/box/009_gelatin_box/009_gelatin_box_sample_05.csv,009_gelatin_box,box,0,5,ycb28,ycb28_test,/content/drive/MyDrive/PointNet_APS_Project_V2/data/ycb28/extracted_models/009_gelatin_box/009_gelatin_box/google_16k/textured.obj,official_ycb_download,1000,0,1,box,cylinder,0.988761,False,mixed_trained,1
/content/drive/MyDrive/PointNet_APS_Project_V2/data/ycb28/generated_pointclouds_bbox_norm/box/009_gelatin_box/009_gelatin_box_sample_06.csv,009_gelatin_box,box,0,6,ycb28,ycb28_test,/content/drive/MyDrive/PointNet_APS_Project_V2/data/ycb28/extracted_models/009_gelatin_box/009_gelatin_box/google_16k/textured.obj,official_ycb_download,1000,0,1,box,cylinder,0.9868339,False,mixed_trained,1
/content/drive/MyDrive/PointNet_APS_Project_V2/data/ycb28/generated_pointclouds_bbox_norm/box/009_gelatin_box/009_gelatin_box_sample_07.csv,009_gelatin_box,box,0,7,ycb28,ycb28_test,/content/drive/MyDrive/PointNet_APS_Project_V2/data/ycb28/extracted_models/009_gelatin_box/009_gelatin_box/google_16k/textured.obj,official_ycb_download,1000,0,1,box,cylinder,0.9413708,False,mixed_trained,1
/content/drive/MyDrive/PointNet_APS_Project_V2/data/ycb28/generated_pointclouds_bbox_norm/box/009_gelatin_box/009_gelatin_box_sample_08.csv,009_gelatin_box,box,0,8,ycb28,ycb28_test,/content/drive/MyDrive/PointNet_APS_Project_V2/data/ycb28/extracted_models/009_gelatin_box/009_gelatin_box/google_16k/textured.obj,official_ycb_download,1000,0,1,box,cylinder,0.99053884,False,mixed_trained,1
/content/drive/MyDrive/PointNet_APS_Project_V2/data/ycb28/generated_pointclouds_bbox_norm/box/009_gelatin_box/009_gelatin_box_sample_09.csv,009_gelatin_box,box,0,9,ycb28,ycb28_test,/content/drive/MyDrive/PointNet_APS_Project_V2/data/ycb28/extracted_models/009_gelatin_box/009_gelatin_box/google_16k/textured.obj,official_ycb_download,1000,0,1,box,cylinder,0.99578434,False,mixed_trained,1
/content/drive/MyDrive/PointNet_APS_Project_V2/data/ycb28/generated_pointclouds_bbox_norm/box/009_gelatin_box/009_gelatin_box_sample_10.csv,009_gelatin_box,box,0,10,ycb28,ycb28_test,/content/drive/MyDrive/PointNet_APS_Project_V2/data/ycb28/extracted_models/009_gelatin_box/009_gelatin_box/google_16k/textured.obj,official_ycb_download,1000,0,1,box,cylinder,0.6932988,False,mixed_trained,1
/content/drive/MyDrive/PointNet_APS_Project_V2/data/ycb28/generated_pointclouds_bbox_norm/box/009_gelatin_box/009_gelatin_box_sample_11.csv,009_gelatin_box,box,0,11,ycb28,ycb28_test,/content/drive/MyDrive/PointNet_APS_Project_V2/data/ycb28/extracted_models/009_gelatin_box/009_gelatin_box/google_16k/textured.obj,official_ycb_download,1000,0,1,box,cylinder,0.99684733,False,mixed_trained,1
/content/drive/MyDrive/PointNet_APS_Project_V2/data/ycb28/generated_pointclouds_bbox_norm/box/009_gelatin_box/009_gelatin_box_sample_12.csv,009_gelatin_box,box,0,12,ycb28,ycb28_test,/content/drive/MyDrive/PointNet_APS_Project_V2/data/ycb28/extracted_models/009_gelatin_box/009_gelatin_box/google_16k/textured.obj,official_ycb_download,1000,0,0,box,box,0.9711827,True,mixed_trained,1
/content/drive/MyDrive/PointNet_APS_Project_V2/data/ycb28/generated_pointclouds_bbox_norm/box/009_gelatin_box/009_gelatin_box_sample_13.csv,009_gelatin_box,box,0,13,ycb28,ycb28_test,/content/drive/MyDrive/PointNet_APS_Project_V2/data/ycb28/extracted_models/009_gelatin_box/009_gelatin_box/google_16k/textured.obj,official_ycb_download,1000,0,1,box,cylinder,0.71256673,False,mixed_trained,1
/content/drive/MyDrive/PointNet_APS_Project_V2/data/ycb28/generated_pointclouds_bbox_norm/box/009_gelatin_box/009_gelatin_box_sample_14.csv,009_gelatin_box,box,0,14,ycb28,ycb28_test,/content/drive/MyDrive/PointNet_APS_Project_V2/data/ycb28/extracted_models/009_gelatin_box/009_gelatin_box/google_16k/textured.obj,official_ycb_download,1000,0,0,box,box,0.6468928,True,mixed_trained,1
/content/drive/MyDrive/PointNet_APS_Project_V2/data/ycb28/generated_pointclouds_bbox_norm/box/009_gelatin_box/009_gelatin_box_sample_15.csv,009_gelatin_box,box,0,15,ycb28,ycb28_test,/content/drive/MyDrive/PointNet_APS_Project_V2/data/ycb28/extracted_models/009_gelatin_box/009_gelatin_box/google_16k/textured.obj,official_ycb_download,1000,0,1,box,cylinder,0.7226819,False,mixed_trained,1
/content/drive/MyDrive/PointNet_APS_Project_V2/data/ycb28/generated_pointclouds_bbox_norm/box/009_gelatin_box/009_gelatin_box_sample_16.csv,009_gelatin_box,box,0,16,ycb28,ycb28_test,/content/drive/MyDrive/PointNet_APS_Project_V2/data/ycb28/extracted_models/009_gelatin_box/009_gelatin_box/google_16k/textured.obj,official_ycb_download,1000,0,1,box,cylinder,0.9772709,False,mixed_trained,1
/content/drive/MyDrive/PointNet_APS_Project_V2/data/ycb28/generated_pointclouds_bbox_norm/box/009_gelatin_box/009_gelatin_box_sample_17.csv,009_gelatin_box,box,0,17,ycb28,ycb28_test,/content/drive/MyDrive/PointNet_APS_Project_V2/data/ycb28/extracted_models/009_gelatin_box/009_gelatin_box/google_16k/textured.obj,official_ycb_download,1000,0,0,box,box,0.6219266,True,mixed_trained,1
/content/drive/MyDrive/PointNet_APS_Project_V2/data/ycb28/generated_pointclouds_bbox_norm/box/009_gelatin_box/009_gelatin_box_sample_18.csv,009_gelatin_box,box,0,18,ycb28,ycb28_test,/content/drive/MyDrive/PointNet_APS_Project_V2/data/ycb28/extracted_models/009_gelatin_box/009_gelatin_box/google_16k/textured.obj,official_ycb_download,1000,0,1,box,cylinder,0.6465537,False,mixed_trained,1
/content/drive/MyDrive/PointNet_APS_Project_V2/data/ycb28/generated_pointclouds_bbox_norm/box/009_gelatin_box/009_gelatin_box_sample_19.csv,009_gelatin_box,box,0,19,ycb28,ycb28_test,/content/drive/MyDrive/PointNet_APS_Project_V2/data/ycb28/extracted_models/009_gelatin_box/009_gelatin_box/google_16k/textured.obj,official_ycb_download,1000,0,1,box,cylinder,0.99498737,False,mixed_trained,1
/content/drive/MyDrive/PointNet_APS_Project_V2/data/ycb28/generated_pointclouds_bbox_norm/box/010_potted_meat_can/010_potted_meat_can_sample_00.csv,010_potted_meat_can,box,0,0,ycb28,ycb28_test,/content/drive/MyDrive/PointNet_APS_Project_V2/data/ycb28/extracted_models/010_potted_meat_can/010_potted_meat_can/google_16k/textured.obj,official_ycb_download,1000,0,1,box,cylinder,0.8908875,False,mixed_trained,1
/content/drive/MyDrive/PointNet_APS_Project_V2/data/ycb28/generated_pointclouds_bbox_norm/box/010_potted_meat_can/010_potted_meat_can_sample_01.csv,010_potted_meat_can,box,0,1,ycb28,ycb28_test,/content/drive/MyDrive/PointNet_APS_Project_V2/data/ycb28/extracted_models/010_potted_meat_can/010_potted_meat_can/google_16k/textured.obj,official_ycb_download,1000,0,1,box,cylinder,0.98043287,False,mixed_trained,1
/content/drive/MyDrive/PointNet_APS_Project_V2/data/ycb28/generated_pointclouds_bbox_norm/box/010_potted_meat_can/010_potted_meat_can_sample_02.csv,010_potted_meat_can,box,0,2,ycb28,ycb28_test,/content/drive/MyDrive/PointNet_APS_Project_V2/data/ycb28/extracted_models/010_potted_meat_can/010_potted_meat_can/google_16k/textured.obj,official_ycb_download,1000,0,1,box,cylinder,0.9202196,False,mixed_trained,1
/content/drive/MyDrive/PointNet_APS_Project_V2/data/ycb28/generated_pointclouds_bbox_norm/box/010_potted_meat_can/010_potted_meat_can_sample_03.csv,010_potted_meat_can,box,0,3,ycb28,ycb28_test,/content/drive/MyDrive/PointNet_APS_Project_V2/data/ycb28/extracted_models/010_potted_meat_can/010_potted_meat_can/google_16k/textured.obj,official_ycb_download,1000,0,1,box,cylinder,0.6776048,False,mixed_trained,1
/content/drive/MyDrive/PointNet_APS_Project_V2/data/ycb28/generated_pointclouds_bbox_norm/box/010_potted_meat_can/010_potted_meat_can_sample_04.csv,010_potted_meat_can,box,0,4,ycb28,ycb28_test,/content/drive/MyDrive/PointNet_APS_Project_V2/data/ycb28/extracted_models/010_potted_meat_can/010_potted_meat_can/google_16k/textured.obj,official_ycb_download,1000,0,1,box,cylinder,0.95086825,False,mixed_trained,1
/content/drive/MyDrive/PointNet_APS_Project_V2/data/ycb28/generated_pointclouds_bbox_norm/box/010_potted_meat_can/010_potted_meat_can_sample_05.csv,010_potted_meat_can,box,0,5,ycb28,ycb28_test,/content/drive/MyDrive/PointNet_APS_Project_V2/data/ycb28/extracted_models/010_potted_meat_can/010_potted_meat_can/google_16k/textured.obj,official_ycb_download,1000,0,0,box,box,0.93277055,True,mixed_trained,1
/content/drive/MyDrive/PointNet_APS_Project_V2/data/ycb28/generated_pointclouds_bbox_norm/box/010_potted_meat_can/010_potted_meat_can_sample_06.csv,010_potted_meat_can,box,0,6,ycb28,ycb28_test,/content/drive/MyDrive/PointNet_APS_Project_V2/data/ycb28/extracted_models/010_potted_meat_can/010_potted_meat_can/google_16k/textured.obj,official_ycb_download,1000,0,1,box,cylinder,0.70245266,False,mixed_trained,1
/content/drive/MyDrive/PointNet_APS_Project_V2/data/ycb28/generated_pointclouds_bbox_norm/box/010_potted_meat_can/010_potted_meat_can_sample_07.csv,010_potted_meat_can,box,0,7,ycb28,ycb28_test,/content/drive/MyDrive/PointNet_APS_Project_V2/data/ycb28/extracted_models/010_potted_meat_can/010_potted_meat_can/google_16k/textured.obj,official_ycb_download,1000,0,0,box,box,0.6721127,True,mixed_trained,1
/content/drive/MyDrive/PointNet_APS_Project_V2/data/ycb28/generated_pointclouds_bbox_norm/box/010_potted_meat_can/010_potted_meat_can_sample_08.csv,010_potted_meat_can,box,0,8,ycb28,ycb28_test,/content/drive/MyDrive/PointNet_APS_Project_V2/data/ycb28/extracted_models/010_potted_meat_can/010_potted_meat_can/google_16k/textured.obj,official_ycb_download,1000,0,0,box,box,0.5383204,True,mixed_trained,1
/content/drive/MyDrive/PointNet_APS_Project_V2/data/ycb28/generated_pointclouds_bbox_norm/box/010_potted_meat_can/010_potted_meat_can_sample_09.csv,010_potted_meat_can,box,0,9,ycb28,ycb28_test,/content/drive/MyDrive/PointNet_APS_Project_V2/data/ycb28/extracted_models/010_potted_meat_can/010_potted_meat_can/google_16k/textured.obj,official_ycb_download,1000,0,1,box,cylinder,0.73425686,False,mixed_trained,1
/content/drive/MyDrive/PointNet_APS_Project_V2/data/ycb28/generated_pointclouds_bbox_norm/box/010_potted_meat_can/010_potted_meat_can_sample_10.csv,010_potted_meat_can,box,0,10,ycb28,ycb28_test,/content/drive/MyDrive/PointNet_APS_Project_V2/data/ycb28/extracted_models/010_potted_meat_can/010_potted_meat_can/google_16k/textured.obj,official_ycb_download,1000,0,1,box,cylinder,0.7248674,False,mixed_trained,1
/content/drive/MyDrive/PointNet_APS_Project_V2/data/ycb28/generated_pointclouds_bbox_norm/box/010_potted_meat_can/010_potted_meat_can_sample_11.csv,010_potted_meat_can,box,0,11,ycb28,ycb28_test,/content/drive/MyDrive/PointNet_APS_Project_V2/data/ycb28/extracted_models/010_potted_meat_can/010_potted_meat_can/google_16k/textured.obj,official_ycb_download,1000,0,1,box,cylinder,0.90901405,False,mixed_trained,1
/content/drive/MyDrive/PointNet_APS_Project_V2/data/ycb28/generated_pointclouds_bbox_norm/box/010_potted_meat_can/010_potted_meat_can_sample_12.csv,010_potted_meat_can,box,0,12,ycb28,ycb28_test,/content/drive/MyDrive/PointNet_APS_Project_V2/data/ycb28/extracted_models/010_potted_meat_can/010_potted_meat_can/google_16k/textured.obj,official_ycb_download,1000,0,1,box,cylinder,0.9879771,False,mixed_trained,1
/content/drive/MyDrive/PointNet_APS_Project_V2/data/ycb28/generated_pointclouds_bbox_norm/box/010_potted_meat_can/010_potted_meat_can_sample_13.csv,010_potted_meat_can,box,0,13,ycb28,ycb28_test,/content/drive/MyDrive/PointNet_APS_Project_V2/data/ycb28/extracted_models/010_potted_meat_can/010_potted_meat_can/google_16k/textured.obj,official_ycb_download,1000,0,1,box,cylinder,0.72108305,False,mixed_trained,1
/content/drive/MyDrive/PointNet_APS_Project_V2/data/ycb28/generated_pointclouds_bbox_norm/box/010_potted_meat_can/010_potted_meat_can_sample_14.csv,010_potted_meat_can,box,0,14,ycb28,ycb28_test,/content/drive/MyDrive/PointNet_APS_Project_V2/data/ycb28/extracted_models/010_potted_meat_can/010_potted_meat_can/google_16k/textured.obj,official_ycb_download,1000,0,1,box,cylinder,0.9314079,False,mixed_trained,1
/content/drive/MyDrive/PointNet_APS_Project_V2/data/ycb28/generated_pointclouds_bbox_norm/box/010_potted_meat_can/010_potted_meat_can_sample_15.csv,010_potted_meat_can,box,0,15,ycb28,ycb28_test,/content/drive/MyDrive/PointNet_APS_Project_V2/data/ycb28/extracted_models/010_potted_meat_can/010_potted_meat_can/google_16k/textured.obj,official_ycb_download,1000,0,1,box,cylinder,0.9115669,False,mixed_trained,1
/content/drive/MyDrive/PointNet_APS_Project_V2/data/ycb28/generated_pointclouds_bbox_norm/box/010_potted_meat_can/010_potted_meat_can_sample_16.csv,010_potted_meat_can,box,0,16,ycb28,ycb28_test,/content/drive/MyDrive/PointNet_APS_Project_V2/data/ycb28/extracted_models/010_potted_meat_can/010_potted_meat_can/google_16k/textured.obj,official_ycb_download,1000,0,1,box,cylinder,0.6384241,False,mixed_trained,1
/content/drive/MyDrive/PointNet_APS_Project_V2/data/ycb28/generated_pointclouds_bbox_norm/box/010_potted_meat_can/010_potted_meat_can_sample_17.csv,010_potted_meat_can,box,0,17,ycb28,ycb28_test,/content/drive/MyDrive/PointNet_APS_Project_V2/data/ycb28/extracted_models/010_potted_meat_can/010_potted_meat_can/google_16k/textured.obj,official_ycb_download,1000,0,1,box,cylinder,0.9757809,False,mixed_trained,1
/content/drive/MyDrive/PointNet_APS_Project_V2/data/ycb28/generated_pointclouds_bbox_norm/box/010_potted_meat_can/010_potted_meat_can_sample_18.csv,010_potted_meat_can,box,0,18,ycb28,ycb28_test,/content/drive/MyDrive/PointNet_APS_Project_V2/data/ycb28/extracted_models/010_potted_meat_can/010_potted_meat_can/google_16k/textured.obj,official_ycb_download,1000,0,1,box,cylinder,0.958968,False,mixed_trained,1
/content/drive/MyDrive/PointNet_APS_Project_V2/data/ycb28/generated_pointclouds_bbox_norm/box/010_potted_meat_can/010_potted_meat_can_sample_19.csv,010_potted_meat_can,box,0,19,ycb28,ycb28_test,/content/drive/MyDrive/PointNet_APS_Project_V2/data/ycb28/extracted_models/010_potted_meat_can/010_potted_meat_can/google_16k/textured.obj,official_ycb_download,1000,0,0,box,box,0.90420604,True,mixed_trained,1
/content/drive/MyDrive/PointNet_APS_Project_V2/data/ycb28/generated_pointclouds_bbox_norm/box/026_sponge/026_sponge_sample_00.csv,026_sponge,box,0,0,ycb28,ycb28_test,/content/drive/MyDrive/PointNet_APS_Project_V2/data/ycb28/extracted_models/026_sponge/026_sponge/google_16k/textured.obj,official_ycb_download,1000,0,1,box,cylinder,0.99045193,False,mixed_trained,1
/content/drive/MyDrive/PointNet_APS_Project_V2/data/ycb28/generated_pointclouds_bbox_norm/box/026_sponge/026_sponge_sample_01.csv,026_sponge,box,0,1,ycb28,ycb28_test,/content/drive/MyDrive/PointNet_APS_Project_V2/data/ycb28/extracted_models/026_sponge/026_sponge/google_16k/textured.obj,official_ycb_download,1000,0,1,box,cylinder,0.9980344,False,mixed_trained,1
/content/drive/MyDrive/PointNet_APS_Project_V2/data/ycb28/generated_pointclouds_bbox_norm/box/026_sponge/026_sponge_sample_02.csv,026_sponge,box,0,2,ycb28,ycb28_test,/content/drive/MyDrive/PointNet_APS_Project_V2/data/ycb28/extracted_models/026_sponge/026_sponge/google_16k/textured.obj,official_ycb_download,1000,0,1,box,cylinder,0.987058,False,mixed_trained,1
/content/drive/MyDrive/PointNet_APS_Project_V2/data/ycb28/generated_pointclouds_bbox_norm/box/026_sponge/026_sponge_sample_03.csv,026_sponge,box,0,3,ycb28,ycb28_test,/content/drive/MyDrive/PointNet_APS_Project_V2/data/ycb28/extracted_models/026_sponge/026_sponge/google_16k/textured.obj,official_ycb_download,1000,0,1,box,cylinder,0.9984909,False,mixed_trained,1
/content/drive/MyDrive/PointNet_APS_Project_V2/data/ycb28/generated_pointclouds_bbox_norm/box/026_sponge/026_sponge_sample_04.csv,026_sponge,box,0,4,ycb28,ycb28_test,/content/drive/MyDrive/PointNet_APS_Project_V2/data/ycb28/extracted_models/026_sponge/026_sponge/google_16k/textured.obj,official_ycb_download,1000,0,1,box,cylinder,0.9985885,False,mixed_trained,1
/content/drive/MyDrive/PointNet_APS_Project_V2/data/ycb28/generated_pointclouds_bbox_norm/box/026_sponge/026_sponge_sample_05.csv,026_sponge,box,0,5,ycb28,ycb28_test,/content/drive/MyDrive/PointNet_APS_Project_V2/data/ycb28/extracted_models/026_sponge/026_sponge/google_16k/textured.obj,official_ycb_download,1000,0,1,box,cylinder,0.9945531,False,mixed_trained,1
/content/drive/MyDrive/PointNet_APS_Project_V2/data/ycb28/generated_pointclouds_bbox_norm/box/026_sponge/026_sponge_sample_06.csv,026_sponge,box,0,6,ycb28,ycb28_test,/content/drive/MyDrive/PointNet_APS_Project_V2/data/ycb28/extracted_models/026_sponge/026_sponge/google_16k/textured.obj,official_ycb_download,1000,0,1,box,cylinder,0.98197216,False,mixed_trained,1
/content/drive/MyDrive/PointNet_APS_Project_V2/data/ycb28/generated_pointclouds_bbox_norm/box/026_sponge/026_sponge_sample_07.csv,026_sponge,box,0,7,ycb28,ycb28_test,/content/drive/MyDrive/PointNet_APS_Project_V2/data/ycb28/extracted_models/026_sponge/026_sponge/google_16k/textured.obj,official_ycb_download,1000,0,1,box,cylinder,0.9940599,False,mixed_trained,1
/content/drive/MyDrive/PointNet_APS_Project_V2/data/ycb28/generated_pointclouds_bbox_norm/box/026_sponge/026_sponge_sample_08.csv,026_sponge,box,0,8,ycb28,ycb28_test,/content/drive/MyDrive/PointNet_APS_Project_V2/data/ycb28/extracted_models/026_sponge/026_sponge/google_16k/textured.obj,official_ycb_download,1000,0,1,box,cylinder,0.99904364,False,mixed_trained,1
/content/drive/MyDrive/PointNet_APS_Project_V2/data/ycb28/generated_pointclouds_bbox_norm/box/026_sponge/026_sponge_sample_09.csv,026_sponge,box,0,9,ycb28,ycb28_test,/content/drive/MyDrive/PointNet_APS_Project_V2/data/ycb28/extracted_models/026_sponge/026_sponge/google_16k/textured.obj,official_ycb_download,1000,0,1,box,cylinder,0.99725014,False,mixed_trained,1
/content/drive/MyDrive/PointNet_APS_Project_V2/data/ycb28/generated_pointclouds_bbox_norm/box/026_sponge/026_sponge_sample_10.csv,026_sponge,box,0,10,ycb28,ycb28_test,/content/drive/MyDrive/PointNet_APS_Project_V2/data/ycb28/extracted_models/026_sponge/026_sponge/google_16k/textured.obj,official_ycb_download,1000,0,1,box,cylinder,0.9936824,False,mixed_trained,1
/content/drive/MyDrive/PointNet_APS_Project_V2/data/ycb28/generated_pointclouds_bbox_norm/box/026_sponge/026_sponge_sample_11.csv,026_sponge,box,0,11,ycb28,ycb28_test,/content/drive/MyDrive/PointNet_APS_Project_V2/data/ycb28/extracted_models/026_sponge/026_sponge/google_16k/textured.obj,official_ycb_download,1000,0,1,box,cylinder,0.9945878,False,mixed_trained,1
/content/drive/MyDrive/PointNet_APS_Project_V2/data/ycb28/generated_pointclouds_bbox_norm/box/026_sponge/026_sponge_sample_12.csv,026_sponge,box,0,12,ycb28,ycb28_test,/content/drive/MyDrive/PointNet_APS_Project_V2/data/ycb28/extracted_models/026_sponge/026_sponge/google_16k/textured.obj,official_ycb_download,1000,0,1,box,cylinder,0.9929804,False,mixed_trained,1
/content/drive/MyDrive/PointNet_APS_Project_V2/data/ycb28/generated_pointclouds_bbox_norm/box/026_sponge/026_sponge_sample_13.csv,026_sponge,box,0,13,ycb28,ycb28_test,/content/drive/MyDrive/PointNet_APS_Project_V2/data/ycb28/extracted_models/026_sponge/026_sponge/google_16k/textured.obj,official_ycb_download,1000,0,1,box,cylinder,0.9883003,False,mixed_trained,1
/content/drive/MyDrive/PointNet_APS_Project_V2/data/ycb28/generated_pointclouds_bbox_norm/box/026_sponge/026_sponge_sample_14.csv,026_sponge,box,0,14,ycb28,ycb28_test,/content/drive/MyDrive/PointNet_APS_Project_V2/data/ycb28/extracted_models/026_sponge/026_sponge/google_16k/textured.obj,official_ycb_download,1000,0,1,box,cylinder,0.9965084,False,mixed_trained,1
/content/drive/MyDrive/PointNet_APS_Project_V2/data/ycb28/generated_pointclouds_bbox_norm/box/026_sponge/026_sponge_sample_15.csv,026_sponge,box,0,15,ycb28,ycb28_test,/content/drive/MyDrive/PointNet_APS_Project_V2/data/ycb28/extracted_models/026_sponge/026_sponge/google_16k/textured.obj,official_ycb_download,1000,0,1,box,cylinder,0.96518797,False,mixed_trained,1
/content/drive/MyDrive/PointNet_APS_Project_V2/data/ycb28/generated_pointclouds_bbox_norm/box/026_sponge/026_sponge_sample_16.csv,026_sponge,box,0,16,ycb28,ycb28_test,/content/drive/MyDrive/PointNet_APS_Project_V2/data/ycb28/extracted_models/026_sponge/026_sponge/google_16k/textured.obj,official_ycb_download,1000,0,1,box,cylinder,0.78676957,False,mixed_trained,1
/content/drive/MyDrive/PointNet_APS_Project_V2/data/ycb28/generated_pointclouds_bbox_norm/box/026_sponge/026_sponge_sample_17.csv,026_sponge,box,0,17,ycb28,ycb28_test,/content/drive/MyDrive/PointNet_APS_Project_V2/data/ycb28/extracted_models/026_sponge/026_sponge/google_16k/textured.obj,official_ycb_download,1000,0,1,box,cylinder,0.99532074,False,mixed_trained,1
/content/drive/MyDrive/PointNet_APS_Project_V2/data/ycb28/generated_pointclouds_bbox_norm/box/026_sponge/026_sponge_sample_18.csv,026_sponge,box,0,18,ycb28,ycb28_test,/content/drive/MyDrive/PointNet_APS_Project_V2/data/ycb28/extracted_models/026_sponge/026_sponge/google_16k/textured.obj,official_ycb_download,1000,0,1,box,cylinder,0.9874019,False,mixed_trained,1
/content/drive/MyDrive/PointNet_APS_Project_V2/data/ycb28/generated_pointclouds_bbox_norm/box/026_sponge/026_sponge_sample_19.csv,026_sponge,box,0,19,ycb28,ycb28_test,/content/drive/MyDrive/PointNet_APS_Project_V2/data/ycb28/extracted_models/026_sponge/026_sponge/google_16k/textured.obj,official_ycb_download,1000,0,1,box,cylinder,0.9980404,False,mixed_trained,1
/content/drive/MyDrive/PointNet_APS_Project_V2/data/ycb28/generated_pointclouds_bbox_norm/box/036_wood_block/036_wood_block_sample_00.csv,036_wood_block,box,0,0,ycb28,ycb28_test,/content/drive/MyDrive/PointNet_APS_Project_V2/data/ycb28/extracted_models/036_wood_block/036_wood_block/google_16k/textured.obj,official_ycb_download,1000,0,0,box,box,0.9991684,True,mixed_trained,1
/content/drive/MyDrive/PointNet_APS_Project_V2/data/ycb28/generated_pointclouds_bbox_norm/box/036_wood_block/036_wood_block_sample_01.csv,036_wood_block,box,0,1,ycb28,ycb28_test,/content/drive/MyDrive/PointNet_APS_Project_V2/data/ycb28/extracted_models/036_wood_block/036_wood_block/google_16k/textured.obj,official_ycb_download,1000,0,0,box,box,0.96677566,True,mixed_trained,1
/content/drive/MyDrive/PointNet_APS_Project_V2/data/ycb28/generated_pointclouds_bbox_norm/box/036_wood_block/036_wood_block_sample_02.csv,036_wood_block,box,0,2,ycb28,ycb28_test,/content/drive/MyDrive/PointNet_APS_Project_V2/data/ycb28/extracted_models/036_wood_block/036_wood_block/google_16k/textured.obj,official_ycb_download,1000,0,0,box,box,0.88181955,True,mixed_trained,1
/content/drive/MyDrive/PointNet_APS_Project_V2/data/ycb28/generated_pointclouds_bbox_norm/box/036_wood_block/036_wood_block_sample_03.csv,036_wood_block,box,0,3,ycb28,ycb28_test,/content/drive/MyDrive/PointNet_APS_Project_V2/data/ycb28/extracted_models/036_wood_block/036_wood_block/google_16k/textured.obj,official_ycb_download,1000,0,1,box,cylinder,0.70250195,False,mixed_trained,1
/content/drive/MyDrive/PointNet_APS_Project_V2/data/ycb28/generated_pointclouds_bbox_norm/box/036_wood_block/036_wood_block_sample_04.csv,036_wood_block,box,0,4,ycb28,ycb28_test,/content/drive/MyDrive/PointNet_APS_Project_V2/data/ycb28/extracted_models/036_wood_block/036_wood_block/google_16k/textured.obj,official_ycb_download,1000,0,0,box,box,0.9993741,True,mixed_trained,1
/content/drive/MyDrive/PointNet_APS_Project_V2/data/ycb28/generated_pointclouds_bbox_norm/box/036_wood_block/036_wood_block_sample_05.csv,036_wood_block,box,0,5,ycb28,ycb28_test,/content/drive/MyDrive/PointNet_APS_Project_V2/data/ycb28/extracted_models/036_wood_block/036_wood_block/google_16k/textured.obj,official_ycb_download,1000,0,0,box,box,0.96632093,True,mixed_trained,1
/content/drive/MyDrive/PointNet_APS_Project_V2/data/ycb28/generated_pointclouds_bbox_norm/box/036_wood_block/036_wood_block_sample_06.csv,036_wood_block,box,0,6,ycb28,ycb28_test,/content/drive/MyDrive/PointNet_APS_Project_V2/data/ycb28/extracted_models/036_wood_block/036_wood_block/google_16k/textured.obj,official_ycb_download,1000,0,0,box,box,0.942803,True,mixed_trained,1
/content/drive/MyDrive/PointNet_APS_Project_V2/data/ycb28/generated_pointclouds_bbox_norm/box/036_wood_block/036_wood_block_sample_07.csv,036_wood_block,box,0,7,ycb28,ycb28_test,/content/drive/MyDrive/PointNet_APS_Project_V2/data/ycb28/extracted_models/036_wood_block/036_wood_block/google_16k/textured.obj,official_ycb_download,1000,0,0,box,box,0.9607171,True,mixed_trained,1
/content/drive/MyDrive/PointNet_APS_Project_V2/data/ycb28/generated_pointclouds_bbox_norm/box/036_wood_block/036_wood_block_sample_08.csv,036_wood_block,box,0,8,ycb28,ycb28_test,/content/drive/MyDrive/PointNet_APS_Project_V2/data/ycb28/extracted_models/036_wood_block/036_wood_block/google_16k/textured.obj,official_ycb_download,1000,0,1,box,cylinder,0.61074024,False,mixed_trained,1
/content/drive/MyDrive/PointNet_APS_Project_V2/data/ycb28/generated_pointclouds_bbox_norm/box/036_wood_block/036_wood_block_sample_09.csv,036_wood_block,box,0,9,ycb28,ycb28_test,/content/drive/MyDrive/PointNet_APS_Project_V2/data/ycb28/extracted_models/036_wood_block/036_wood_block/google_16k/textured.obj,official_ycb_download,1000,0,1,box,cylinder,0.89326185,False,mixed_trained,1
/content/drive/MyDrive/PointNet_APS_Project_V2/data/ycb28/generated_pointclouds_bbox_norm/box/036_wood_block/036_wood_block_sample_10.csv,036_wood_block,box,0,10,ycb28,ycb28_test,/content/drive/MyDrive/PointNet_APS_Project_V2/data/ycb28/extracted_models/036_wood_block/036_wood_block/google_16k/textured.obj,official_ycb_download,1000,0,0,box,box,0.9973683,True,mixed_trained,1
/content/drive/MyDrive/PointNet_APS_Project_V2/data/ycb28/generated_pointclouds_bbox_norm/box/036_wood_block/036_wood_block_sample_11.csv,036_wood_block,box,0,11,ycb28,ycb28_test,/content/drive/MyDrive/PointNet_APS_Project_V2/data/ycb28/extracted_models/036_wood_block/036_wood_block/google_16k/textured.obj,official_ycb_download,1000,0,0,box,box,0.9952212,True,mixed_trained,1
/content/drive/MyDrive/PointNet_APS_Project_V2/data/ycb28/generated_pointclouds_bbox_norm/box/036_wood_block/036_wood_block_sample_12.csv,036_wood_block,box,0,12,ycb28,ycb28_test,/content/drive/MyDrive/PointNet_APS_Project_V2/data/ycb28/extracted_models/036_wood_block/036_wood_block/google_16k/textured.obj,official_ycb_download,1000,0,1,box,cylinder,0.7543241,False,mixed_trained,1
/content/drive/MyDrive/PointNet_APS_Project_V2/data/ycb28/generated_pointclouds_bbox_norm/box/036_wood_block/036_wood_block_sample_13.csv,036_wood_block,box,0,13,ycb28,ycb28_test,/content/drive/MyDrive/PointNet_APS_Project_V2/data/ycb28/extracted_models/036_wood_block/036_wood_block/google_16k/textured.obj,official_ycb_download,1000,0,0,box,box,0.86375225,True,mixed_trained,1
/content/drive/MyDrive/PointNet_APS_Project_V2/data/ycb28/generated_pointclouds_bbox_norm/box/036_wood_block/036_wood_block_sample_14.csv,036_wood_block,box,0,14,ycb28,ycb28_test,/content/drive/MyDrive/PointNet_APS_Project_V2/data/ycb28/extracted_models/036_wood_block/036_wood_block/google_16k/textured.obj,official_ycb_download,1000,0,0,box,box,0.9984775,True,mixed_trained,1
/content/drive/MyDrive/PointNet_APS_Project_V2/data/ycb28/generated_pointclouds_bbox_norm/box/036_wood_block/036_wood_block_sample_15.csv,036_wood_block,box,0,15,ycb28,ycb28_test,/content/drive/MyDrive/PointNet_APS_Project_V2/data/ycb28/extracted_models/036_wood_block/036_wood_block/google_16k/textured.obj,official_ycb_download,1000,0,0,box,box,0.7907117,True,mixed_trained,1
/content/drive/MyDrive/PointNet_APS_Project_V2/data/ycb28/generated_pointclouds_bbox_norm/box/036_wood_block/036_wood_block_sample_16.csv,036_wood_block,box,0,16,ycb28,ycb28_test,/content/drive/MyDrive/PointNet_APS_Project_V2/data/ycb28/extracted_models/036_wood_block/036_wood_block/google_16k/textured.obj,official_ycb_download,1000,0,1,box,cylinder,0.6377893,False,mixed_trained,1
/content/drive/MyDrive/PointNet_APS_Project_V2/data/ycb28/generated_pointclouds_bbox_norm/box/036_wood_block/036_wood_block_sample_17.csv,036_wood_block,box,0,17,ycb28,ycb28_test,/content/drive/MyDrive/PointNet_APS_Project_V2/data/ycb28/extracted_models/036_wood_block/036_wood_block/google_16k/textured.obj,official_ycb_download,1000,0,0,box,box,0.99199283,True,mixed_trained,1
/content/drive/MyDrive/PointNet_APS_Project_V2/data/ycb28/generated_pointclouds_bbox_norm/box/036_wood_block/036_wood_block_sample_18.csv,036_wood_block,box,0,18,ycb28,ycb28_test,/content/drive/MyDrive/PointNet_APS_Project_V2/data/ycb28/extracted_models/036_wood_block/036_wood_block/google_16k/textured.obj,official_ycb_download,1000,0,0,box,box,0.9849278,True,mixed_trained,1
/content/drive/MyDrive/PointNet_APS_Project_V2/data/ycb28/generated_pointclouds_bbox_norm/box/036_wood_block/036_wood_block_sample_19.csv,036_wood_block,box,0,19,ycb28,ycb28_test,/content/drive/MyDrive/PointNet_APS_Project_V2/data/ycb28/extracted_models/036_wood_block/036_wood_block/google_16k/textured.obj,official_ycb_download,1000,0,0,box,box,0.91122043,True,mixed_trained,1
/content/drive/MyDrive/PointNet_APS_Project_V2/data/ycb28/generated_pointclouds_bbox_norm/box/061_foam_brick/061_foam_brick_sample_00.csv,061_foam_brick,box,0,0,ycb28,ycb28_test,/content/drive/MyDrive/PointNet_APS_Project_V2/data/ycb28/extracted_models/061_foam_brick/061_foam_brick/google_16k/textured.obj,official_ycb_download,1000,0,0,box,box,0.99935573,True,mixed_trained,1
/content/drive/MyDrive/PointNet_APS_Project_V2/data/ycb28/generated_pointclouds_bbox_norm/box/061_foam_brick/061_foam_brick_sample_01.csv,061_foam_brick,box,0,1,ycb28,ycb28_test,/content/drive/MyDrive/PointNet_APS_Project_V2/data/ycb28/extracted_models/061_foam_brick/061_foam_brick/google_16k/textured.obj,official_ycb_download,1000,0,0,box,box,0.93077534,True,mixed_trained,1
/content/drive/MyDrive/PointNet_APS_Project_V2/data/ycb28/generated_pointclouds_bbox_norm/box/061_foam_brick/061_foam_brick_sample_02.csv,061_foam_brick,box,0,2,ycb28,ycb28_test,/content/drive/MyDrive/PointNet_APS_Project_V2/data/ycb28/extracted_models/061_foam_brick/061_foam_brick/google_16k/textured.obj,official_ycb_download,1000,0,0,box,box,0.7687066,True,mixed_trained,1
/content/drive/MyDrive/PointNet_APS_Project_V2/data/ycb28/generated_pointclouds_bbox_norm/box/061_foam_brick/061_foam_brick_sample_03.csv,061_foam_brick,box,0,3,ycb28,ycb28_test,/content/drive/MyDrive/PointNet_APS_Project_V2/data/ycb28/extracted_models/061_foam_brick/061_foam_brick/google_16k/textured.obj,official_ycb_download,1000,0,0,box,box,0.9997671,True,mixed_trained,1
/content/drive/MyDrive/PointNet_APS_Project_V2/data/ycb28/generated_pointclouds_bbox_norm/box/061_foam_brick/061_foam_brick_sample_04.csv,061_foam_brick,box,0,4,ycb28,ycb28_test,/content/drive/MyDrive/PointNet_APS_Project_V2/data/ycb28/extracted_models/061_foam_brick/061_foam_brick/google_16k/textured.obj,official_ycb_download,1000,0,0,box,box,0.9976992,True,mixed_trained,1
/content/drive/MyDrive/PointNet_APS_Project_V2/data/ycb28/generated_pointclouds_bbox_norm/box/061_foam_brick/061_foam_brick_sample_05.csv,061_foam_brick,box,0,5,ycb28,ycb28_test,/content/drive/MyDrive/PointNet_APS_Project_V2/data/ycb28/extracted_models/061_foam_brick/061_foam_brick/google_16k/textured.obj,official_ycb_download,1000,0,1,box,cylinder,0.83008975,False,mixed_trained,1
/content/drive/MyDrive/PointNet_APS_Project_V2/data/ycb28/generated_pointclouds_bbox_norm/box/061_foam_brick/061_foam_brick_sample_06.csv,061_foam_brick,box,0,6,ycb28,ycb28_test,/content/drive/MyDrive/PointNet_APS_Project_V2/data/ycb28/extracted_models/061_foam_brick/061_foam_brick/google_16k/textured.obj,official_ycb_download,1000,0,0,box,box,0.7756388,True,mixed_trained,1
/content/drive/MyDrive/PointNet_APS_Project_V2/data/ycb28/generated_pointclouds_bbox_norm/box/061_foam_brick/061_foam_brick_sample_07.csv,061_foam_brick,box,0,7,ycb28,ycb28_test,/content/drive/MyDrive/PointNet_APS_Project_V2/data/ycb28/extracted_models/061_foam_brick/061_foam_brick/google_16k/textured.obj,official_ycb_download,1000,0,1,box,cylinder,0.97644097,False,mixed_trained,1
/content/drive/MyDrive/PointNet_APS_Project_V2/data/ycb28/generated_pointclouds_bbox_norm/box/061_foam_brick/061_foam_brick_sample_08.csv,061_foam_brick,box,0,8,ycb28,ycb28_test,/content/drive/MyDrive/PointNet_APS_Project_V2/data/ycb28/extracted_models/061_foam_brick/061_foam_brick/google_16k/textured.obj,official_ycb_download,1000,0,0,box,box,0.8739253,True,mixed_trained,1
/content/drive/MyDrive/PointNet_APS_Project_V2/data/ycb28/generated_pointclouds_bbox_norm/box/061_foam_brick/061_foam_brick_sample_09.csv,061_foam_brick,box,0,9,ycb28,ycb28_test,/content/drive/MyDrive/PointNet_APS_Project_V2/data/ycb28/extracted_models/061_foam_brick/061_foam_brick/google_16k/textured.obj,official_ycb_download,1000,0,1,box,cylinder,0.6870752,False,mixed_trained,1
/content/drive/MyDrive/PointNet_APS_Project_V2/data/ycb28/generated_pointclouds_bbox_norm/box/061_foam_brick/061_foam_brick_sample_10.csv,061_foam_brick,box,0,10,ycb28,ycb28_test,/content/drive/MyDrive/PointNet_APS_Project_V2/data/ycb28/extracted_models/061_foam_brick/061_foam_brick/google_16k/textured.obj,official_ycb_download,1000,0,0,box,box,0.9976821,True,mixed_trained,1
/content/drive/MyDrive/PointNet_APS_Project_V2/data/ycb28/generated_pointclouds_bbox_norm/box/061_foam_brick/061_foam_brick_sample_11.csv,061_foam_brick,box,0,11,ycb28,ycb28_test,/content/drive/MyDrive/PointNet_APS_Project_V2/data/ycb28/extracted_models/061_foam_brick/061_foam_brick/google_16k/textured.obj,official_ycb_download,1000,0,0,box,box,0.9999212,True,mixed_trained,1
/content/drive/MyDrive/PointNet_APS_Project_V2/data/ycb28/generated_pointclouds_bbox_norm/box/061_foam_brick/061_foam_brick_sample_12.csv,061_foam_brick,box,0,12,ycb28,ycb28_test,/content/drive/MyDrive/PointNet_APS_Project_V2/data/ycb28/extracted_models/061_foam_brick/061_foam_brick/google_16k/textured.obj,official_ycb_download,1000,0,0,box,box,0.974964,True,mixed_trained,1
/content/drive/MyDrive/PointNet_APS_Project_V2/data/ycb28/generated_pointclouds_bbox_norm/box/061_foam_brick/061_foam_brick_sample_13.csv,061_foam_brick,box,0,13,ycb28,ycb28_test,/content/drive/MyDrive/PointNet_APS_Project_V2/data/ycb28/extracted_models/061_foam_brick/061_foam_brick/google_16k/textured.obj,official_ycb_download,1000,0,1,box,cylinder,0.66837007,False,mixed_trained,1
/content/drive/MyDrive/PointNet_APS_Project_V2/data/ycb28/generated_pointclouds_bbox_norm/box/061_foam_brick/061_foam_brick_sample_14.csv,061_foam_brick,box,0,14,ycb28,ycb28_test,/content/drive/MyDrive/PointNet_APS_Project_V2/data/ycb28/extracted_models/061_foam_brick/061_foam_brick/google_16k/textured.obj,official_ycb_download,1000,0,1,box,cylinder,0.53324205,False,mixed_trained,1
/content/drive/MyDrive/PointNet_APS_Project_V2/data/ycb28/generated_pointclouds_bbox_norm/box/061_foam_brick/061_foam_brick_sample_15.csv,061_foam_brick,box,0,15,ycb28,ycb28_test,/content/drive/MyDrive/PointNet_APS_Project_V2/data/ycb28/extracted_models/061_foam_brick/061_foam_brick/google_16k/textured.obj,official_ycb_download,1000,0,1,box,cylinder,0.614852,False,mixed_trained,1
/content/drive/MyDrive/PointNet_APS_Project_V2/data/ycb28/generated_pointclouds_bbox_norm/box/061_foam_brick/061_foam_brick_sample_16.csv,061_foam_brick,box,0,16,ycb28,ycb28_test,/content/drive/MyDrive/PointNet_APS_Project_V2/data/ycb28/extracted_models/061_foam_brick/061_foam_brick/google_16k/textured.obj,official_ycb_download,1000,0,0,box,box,0.98871243,True,mixed_trained,1
/content/drive/MyDrive/PointNet_APS_Project_V2/data/ycb28/generated_pointclouds_bbox_norm/box/061_foam_brick/061_foam_brick_sample_17.csv,061_foam_brick,box,0,17,ycb28,ycb28_test,/content/drive/MyDrive/PointNet_APS_Project_V2/data/ycb28/extracted_models/061_foam_brick/061_foam_brick/google_16k/textured.obj,official_ycb_download,1000,0,0,box,box,0.99492776,True,mixed_trained,1
/content/drive/MyDrive/PointNet_APS_Project_V2/data/ycb28/generated_pointclouds_bbox_norm/box/061_foam_brick/061_foam_brick_sample_18.csv,061_foam_brick,box,0,18,ycb28,ycb28_test,/content/drive/MyDrive/PointNet_APS_Project_V2/data/ycb28/extracted_models/061_foam_brick/061_foam_brick/google_16k/textured.obj,official_ycb_download,1000,0,0,box,box,0.94100595,True,mixed_trained,1
/content/drive/MyDrive/PointNet_APS_Project_V2/data/ycb28/generated_pointclouds_bbox_norm/box/061_foam_brick/061_foam_brick_sample_19.csv,061_foam_brick,box,0,19,ycb28,ycb28_test,/content/drive/MyDrive/PointNet_APS_Project_V2/data/ycb28/extracted_models/061_foam_brick/061_foam_brick/google_16k/textured.obj,official_ycb_download,1000,0,0,box,box,0.7114766,True,mixed_trained,1
/content/drive/MyDrive/PointNet_APS_Project_V2/data/ycb28/generated_pointclouds_bbox_norm/box/077_rubiks_cube/077_rubiks_cube_sample_00.csv,077_rubiks_cube,box,0,0,ycb28,ycb28_test,/content/drive/MyDrive/PointNet_APS_Project_V2/data/ycb28/extracted_models/077_rubiks_cube/077_rubiks_cube/google_16k/textured.obj,official_ycb_download,1000,0,1,box,cylinder,0.96273607,False,mixed_trained,1
/content/drive/MyDrive/PointNet_APS_Project_V2/data/ycb28/generated_pointclouds_bbox_norm/box/077_rubiks_cube/077_rubiks_cube_sample_01.csv,077_rubiks_cube,box,0,1,ycb28,ycb28_test,/content/drive/MyDrive/PointNet_APS_Project_V2/data/ycb28/extracted_models/077_rubiks_cube/077_rubiks_cube/google_16k/textured.obj,official_ycb_download,1000,0,1,box,cylinder,0.9654798,False,mixed_trained,1
/content/drive/MyDrive/PointNet_APS_Project_V2/data/ycb28/generated_pointclouds_bbox_norm/box/077_rubiks_cube/077_rubiks_cube_sample_02.csv,077_rubiks_cube,box,0,2,ycb28,ycb28_test,/content/drive/MyDrive/PointNet_APS_Project_V2/data/ycb28/extracted_models/077_rubiks_cube/077_rubiks_cube/google_16k/textured.obj,official_ycb_download,1000,0,1,box,cylinder,0.97603536,False,mixed_trained,1
/content/drive/MyDrive/PointNet_APS_Project_V2/data/ycb28/generated_pointclouds_bbox_norm/box/077_rubiks_cube/077_rubiks_cube_sample_03.csv,077_rubiks_cube,box,0,3,ycb28,ycb28_test,/content/drive/MyDrive/PointNet_APS_Project_V2/data/ycb28/extracted_models/077_rubiks_cube/077_rubiks_cube/google_16k/textured.obj,official_ycb_download,1000,0,1,box,cylinder,0.88582456,False,mixed_trained,1
/content/drive/MyDrive/PointNet_APS_Project_V2/data/ycb28/generated_pointclouds_bbox_norm/box/077_rubiks_cube/077_rubiks_cube_sample_04.csv,077_rubiks_cube,box,0,4,ycb28,ycb28_test,/content/drive/MyDrive/PointNet_APS_Project_V2/data/ycb28/extracted_models/077_rubiks_cube/077_rubiks_cube/google_16k/textured.obj,official_ycb_download,1000,0,1,box,cylinder,0.71032405,False,mixed_trained,1
/content/drive/MyDrive/PointNet_APS_Project_V2/data/ycb28/generated_pointclouds_bbox_norm/box/077_rubiks_cube/077_rubiks_cube_sample_05.csv,077_rubiks_cube,box,0,5,ycb28,ycb28_test,/content/drive/MyDrive/PointNet_APS_Project_V2/data/ycb28/extracted_models/077_rubiks_cube/077_rubiks_cube/google_16k/textured.obj,official_ycb_download,1000,0,1,box,cylinder,0.9763946,False,mixed_trained,1
/content/drive/MyDrive/PointNet_APS_Project_V2/data/ycb28/generated_pointclouds_bbox_norm/box/077_rubiks_cube/077_rubiks_cube_sample_06.csv,077_rubiks_cube,box,0,6,ycb28,ycb28_test,/content/drive/MyDrive/PointNet_APS_Project_V2/data/ycb28/extracted_models/077_rubiks_cube/077_rubiks_cube/google_16k/textured.obj,official_ycb_download,1000,0,1,box,cylinder,0.71240664,False,mixed_trained,1
/content/drive/MyDrive/PointNet_APS_Project_V2/data/ycb28/generated_pointclouds_bbox_norm/box/077_rubiks_cube/077_rubiks_cube_sample_07.csv,077_rubiks_cube,box,0,7,ycb28,ycb28_test,/content/drive/MyDrive/PointNet_APS_Project_V2/data/ycb28/extracted_models/077_rubiks_cube/077_rubiks_cube/google_16k/textured.obj,official_ycb_download,1000,0,1,box,cylinder,0.70353156,False,mixed_trained,1
/content/drive/MyDrive/PointNet_APS_Project_V2/data/ycb28/generated_pointclouds_bbox_norm/box/077_rubiks_cube/077_rubiks_cube_sample_08.csv,077_rubiks_cube,box,0,8,ycb28,ycb28_test,/content/drive/MyDrive/PointNet_APS_Project_V2/data/ycb28/extracted_models/077_rubiks_cube/077_rubiks_cube/google_16k/textured.obj,official_ycb_download,1000,0,1,box,cylinder,0.6876916,False,mixed_trained,1
/content/drive/MyDrive/PointNet_APS_Project_V2/data/ycb28/generated_pointclouds_bbox_norm/box/077_rubiks_cube/077_rubiks_cube_sample_09.csv,077_rubiks_cube,box,0,9,ycb28,ycb28_test,/content/drive/MyDrive/PointNet_APS_Project_V2/data/ycb28/extracted_models/077_rubiks_cube/077_rubiks_cube/google_16k/textured.obj,official_ycb_download,1000,0,1,box,cylinder,0.9174297,False,mixed_trained,1
/content/drive/MyDrive/PointNet_APS_Project_V2/data/ycb28/generated_pointclouds_bbox_norm/box/077_rubiks_cube/077_rubiks_cube_sample_10.csv,077_rubiks_cube,box,0,10,ycb28,ycb28_test,/content/drive/MyDrive/PointNet_APS_Project_V2/data/ycb28/extracted_models/077_rubiks_cube/077_rubiks_cube/google_16k/textured.obj,official_ycb_download,1000,0,1,box,cylinder,0.7751703,False,mixed_trained,1
/content/drive/MyDrive/PointNet_APS_Project_V2/data/ycb28/generated_pointclouds_bbox_norm/box/077_rubiks_cube/077_rubiks_cube_sample_11.csv,077_rubiks_cube,box,0,11,ycb28,ycb28_test,/content/drive/MyDrive/PointNet_APS_Project_V2/data/ycb28/extracted_models/077_rubiks_cube/077_rubiks_cube/google_16k/textured.obj,official_ycb_download,1000,0,1,box,cylinder,0.8251819,False,mixed_trained,1
/content/drive/MyDrive/PointNet_APS_Project_V2/data/ycb28/generated_pointclouds_bbox_norm/box/077_rubiks_cube/077_rubiks_cube_sample_12.csv,077_rubiks_cube,box,0,12,ycb28,ycb28_test,/content/drive/MyDrive/PointNet_APS_Project_V2/data/ycb28/extracted_models/077_rubiks_cube/077_rubiks_cube/google_16k/textured.obj,official_ycb_download,1000,0,1,box,cylinder,0.992924,False,mixed_trained,1
/content/drive/MyDrive/PointNet_APS_Project_V2/data/ycb28/generated_pointclouds_bbox_norm/box/077_rubiks_cube/077_rubiks_cube_sample_13.csv,077_rubiks_cube,box,0,13,ycb28,ycb28_test,/content/drive/MyDrive/PointNet_APS_Project_V2/data/ycb28/extracted_models/077_rubiks_cube/077_rubiks_cube/google_16k/textured.obj,official_ycb_download,1000,0,1,box,cylinder,0.9062133,False,mixed_trained,1
/content/drive/MyDrive/PointNet_APS_Project_V2/data/ycb28/generated_pointclouds_bbox_norm/box/077_rubiks_cube/077_rubiks_cube_sample_14.csv,077_rubiks_cube,box,0,14,ycb28,ycb28_test,/content/drive/MyDrive/PointNet_APS_Project_V2/data/ycb28/extracted_models/077_rubiks_cube/077_rubiks_cube/google_16k/textured.obj,official_ycb_download,1000,0,1,box,cylinder,0.8423162,False,mixed_trained,1
/content/drive/MyDrive/PointNet_APS_Project_V2/data/ycb28/generated_pointclouds_bbox_norm/box/077_rubiks_cube/077_rubiks_cube_sample_15.csv,077_rubiks_cube,box,0,15,ycb28,ycb28_test,/content/drive/MyDrive/PointNet_APS_Project_V2/data/ycb28/extracted_models/077_rubiks_cube/077_rubiks_cube/google_16k/textured.obj,official_ycb_download,1000,0,1,box,cylinder,0.98911846,False,mixed_trained,1
/content/drive/MyDrive/PointNet_APS_Project_V2/data/ycb28/generated_pointclouds_bbox_norm/box/077_rubiks_cube/077_rubiks_cube_sample_16.csv,077_rubiks_cube,box,0,16,ycb28,ycb28_test,/content/drive/MyDrive/PointNet_APS_Project_V2/data/ycb28/extracted_models/077_rubiks_cube/077_rubiks_cube/google_16k/textured.obj,official_ycb_download,1000,0,0,box,box,0.9473777,True,mixed_trained,1
/content/drive/MyDrive/PointNet_APS_Project_V2/data/ycb28/generated_pointclouds_bbox_norm/box/077_rubiks_cube/077_rubiks_cube_sample_17.csv,077_rubiks_cube,box,0,17,ycb28,ycb28_test,/content/drive/MyDrive/PointNet_APS_Project_V2/data/ycb28/extracted_models/077_rubiks_cube/077_rubiks_cube/google_16k/textured.obj,official_ycb_download,1000,0,1,box,cylinder,0.9302675,False,mixed_trained,1
/content/drive/MyDrive/PointNet_APS_Project_V2/data/ycb28/generated_pointclouds_bbox_norm/box/077_rubiks_cube/077_rubiks_cube_sample_18.csv,077_rubiks_cube,box,0,18,ycb28,ycb28_test,/content/drive/MyDrive/PointNet_APS_Project_V2/data/ycb28/extracted_models/077_rubiks_cube/077_rubiks_cube/google_16k/textured.obj,official_ycb_download,1000,0,0,box,box,0.761148,True,mixed_trained,1
/content/drive/MyDrive/PointNet_APS_Project_V2/data/ycb28/generated_pointclouds_bbox_norm/box/077_rubiks_cube/077_rubiks_cube_sample_19.csv,077_rubiks_cube,box,0,19,ycb28,ycb28_test,/content/drive/MyDrive/PointNet_APS_Project_V2/data/ycb28/extracted_models/077_rubiks_cube/077_rubiks_cube/google_16k/textured.obj,official_ycb_download,1000,0,1,box,cylinder,0.9899977,False,mixed_trained,1
/content/drive/MyDrive/PointNet_APS_Project_V2/data/ycb28/generated_pointclouds_bbox_norm/cylinder/001_chips_can/001_chips_can_sample_00.csv,001_chips_can,cylinder,1,0,ycb28,ycb28_test,/content/drive/MyDrive/PointNet_APS_Project_V2/data/ycb28/extracted_models/001_chips_can_hf_fixed_mesh/001_chips_can/poisson/textured.obj,hf_ycb_fixed_mesh_fallback,1000,1,0,cylinder,box,0.99931383,False,mixed_trained,1
/content/drive/MyDrive/PointNet_APS_Project_V2/data/ycb28/generated_pointclouds_bbox_norm/cylinder/001_chips_can/001_chips_can_sample_01.csv,001_chips_can,cylinder,1,1,ycb28,ycb28_test,/content/drive/MyDrive/PointNet_APS_Project_V2/data/ycb28/extracted_models/001_chips_can_hf_fixed_mesh/001_chips_can/poisson/textured.obj,hf_ycb_fixed_mesh_fallback,1000,1,0,cylinder,box,0.99999666,False,mixed_trained,1
/content/drive/MyDrive/PointNet_APS_Project_V2/data/ycb28/generated_pointclouds_bbox_norm/cylinder/001_chips_can/001_chips_can_sample_02.csv,001_chips_can,cylinder,1,2,ycb28,ycb28_test,/content/drive/MyDrive/PointNet_APS_Project_V2/data/ycb28/extracted_models/001_chips_can_hf_fixed_mesh/001_chips_can/poisson/textured.obj,hf_ycb_fixed_mesh_fallback,1000,1,0,cylinder,box,0.9924132,False,mixed_trained,1
/content/drive/MyDrive/PointNet_APS_Project_V2/data/ycb28/generated_pointclouds_bbox_norm/cylinder/001_chips_can/001_chips_can_sample_03.csv,001_chips_can,cylinder,1,3,ycb28,ycb28_test,/content/drive/MyDrive/PointNet_APS_Project_V2/data/ycb28/extracted_models/001_chips_can_hf_fixed_mesh/001_chips_can/poisson/textured.obj,hf_ycb_fixed_mesh_fallback,1000,1,0,cylinder,box,0.998004,False,mixed_trained,1
/content/drive/MyDrive/PointNet_APS_Project_V2/data/ycb28/generated_pointclouds_bbox_norm/cylinder/001_chips_can/001_chips_can_sample_04.csv,001_chips_can,cylinder,1,4,ycb28,ycb28_test,/content/drive/MyDrive/PointNet_APS_Project_V2/data/ycb28/extracted_models/001_chips_can_hf_fixed_mesh/001_chips_can/poisson/textured.obj,hf_ycb_fixed_mesh_fallback,1000,1,0,cylinder,box,0.9999449,False,mixed_trained,1
/content/drive/MyDrive/PointNet_APS_Project_V2/data/ycb28/generated_pointclouds_bbox_norm/cylinder/001_chips_can/001_chips_can_sample_05.csv,001_chips_can,cylinder,1,5,ycb28,ycb28_test,/content/drive/MyDrive/PointNet_APS_Project_V2/data/ycb28/extracted_models/001_chips_can_hf_fixed_mesh/001_chips_can/poisson/textured.obj,hf_ycb_fixed_mesh_fallback,1000,1,0,cylinder,box,0.9999888,False,mixed_trained,1
/content/drive/MyDrive/PointNet_APS_Project_V2/data/ycb28/generated_pointclouds_bbox_norm/cylinder/001_chips_can/001_chips_can_sample_06.csv,001_chips_can,cylinder,1,6,ycb28,ycb28_test,/content/drive/MyDrive/PointNet_APS_Project_V2/data/ycb28/extracted_models/001_chips_can_hf_fixed_mesh/001_chips_can/poisson/textured.obj,hf_ycb_fixed_mesh_fallback,1000,1,0,cylinder,box,0.99998736,False,mixed_trained,1
/content/drive/MyDrive/PointNet_APS_Project_V2/data/ycb28/generated_pointclouds_bbox_norm/cylinder/001_chips_can/001_chips_can_sample_07.csv,001_chips_can,cylinder,1,7,ycb28,ycb28_test,/content/drive/MyDrive/PointNet_APS_Project_V2/data/ycb28/extracted_models/001_chips_can_hf_fixed_mesh/001_chips_can/poisson/textured.obj,hf_ycb_fixed_mesh_fallback,1000,1,0,cylinder,box,0.99986005,False,mixed_trained,1
/content/drive/MyDrive/PointNet_APS_Project_V2/data/ycb28/generated_pointclouds_bbox_norm/cylinder/001_chips_can/001_chips_can_sample_08.csv,001_chips_can,cylinder,1,8,ycb28,ycb28_test,/content/drive/MyDrive/PointNet_APS_Project_V2/data/ycb28/extracted_models/001_chips_can_hf_fixed_mesh/001_chips_can/poisson/textured.obj,hf_ycb_fixed_mesh_fallback,1000,1,0,cylinder,box,0.998563,False,mixed_trained,1
/content/drive/MyDrive/PointNet_APS_Project_V2/data/ycb28/generated_pointclouds_bbox_norm/cylinder/001_chips_can/001_chips_can_sample_09.csv,001_chips_can,cylinder,1,9,ycb28,ycb28_test,/content/drive/MyDrive/PointNet_APS_Project_V2/data/ycb28/extracted_models/001_chips_can_hf_fixed_mesh/001_chips_can/poisson/textured.obj,hf_ycb_fixed_mesh_fallback,1000,1,0,cylinder,box,0.9935748,False,mixed_trained,1
/content/drive/MyDrive/PointNet_APS_Project_V2/data/ycb28/generated_pointclouds_bbox_norm/cylinder/001_chips_can/001_chips_can_sample_10.csv,001_chips_can,cylinder,1,10,ycb28,ycb28_test,/content/drive/MyDrive/PointNet_APS_Project_V2/data/ycb28/extracted_models/001_chips_can_hf_fixed_mesh/001_chips_can/poisson/textured.obj,hf_ycb_fixed_mesh_fallback,1000,1,0,cylinder,box,0.9997869,False,mixed_trained,1
/content/drive/MyDrive/PointNet_APS_Project_V2/data/ycb28/generated_pointclouds_bbox_norm/cylinder/001_chips_can/001_chips_can_sample_11.csv,001_chips_can,cylinder,1,11,ycb28,ycb28_test,/content/drive/MyDrive/PointNet_APS_Project_V2/data/ycb28/extracted_models/001_chips_can_hf_fixed_mesh/001_chips_can/poisson/textured.obj,hf_ycb_fixed_mesh_fallback,1000,1,0,cylinder,box,0.99998856,False,mixed_trained,1
/content/drive/MyDrive/PointNet_APS_Project_V2/data/ycb28/generated_pointclouds_bbox_norm/cylinder/001_chips_can/001_chips_can_sample_12.csv,001_chips_can,cylinder,1,12,ycb28,ycb28_test,/content/drive/MyDrive/PointNet_APS_Project_V2/data/ycb28/extracted_models/001_chips_can_hf_fixed_mesh/001_chips_can/poisson/textured.obj,hf_ycb_fixed_mesh_fallback,1000,1,0,cylinder,box,0.99991417,False,mixed_trained,1
/content/drive/MyDrive/PointNet_APS_Project_V2/data/ycb28/generated_pointclouds_bbox_norm/cylinder/001_chips_can/001_chips_can_sample_13.csv,001_chips_can,cylinder,1,13,ycb28,ycb28_test,/content/drive/MyDrive/PointNet_APS_Project_V2/data/ycb28/extracted_models/001_chips_can_hf_fixed_mesh/001_chips_can/poisson/textured.obj,hf_ycb_fixed_mesh_fallback,1000,1,0,cylinder,box,0.99999213,False,mixed_trained,1
/content/drive/MyDrive/PointNet_APS_Project_V2/data/ycb28/generated_pointclouds_bbox_norm/cylinder/001_chips_can/001_chips_can_sample_14.csv,001_chips_can,cylinder,1,14,ycb28,ycb28_test,/content/drive/MyDrive/PointNet_APS_Project_V2/data/ycb28/extracted_models/001_chips_can_hf_fixed_mesh/001_chips_can/poisson/textured.obj,hf_ycb_fixed_mesh_fallback,1000,1,0,cylinder,box,0.99999464,False,mixed_trained,1
/content/drive/MyDrive/PointNet_APS_Project_V2/data/ycb28/generated_pointclouds_bbox_norm/cylinder/001_chips_can/001_chips_can_sample_15.csv,001_chips_can,cylinder,1,15,ycb28,ycb28_test,/content/drive/MyDrive/PointNet_APS_Project_V2/data/ycb28/extracted_models/001_chips_can_hf_fixed_mesh/001_chips_can/poisson/textured.obj,hf_ycb_fixed_mesh_fallback,1000,1,0,cylinder,box,0.9999851,False,mixed_trained,1
/content/drive/MyDrive/PointNet_APS_Project_V2/data/ycb28/generated_pointclouds_bbox_norm/cylinder/001_chips_can/001_chips_can_sample_16.csv,001_chips_can,cylinder,1,16,ycb28,ycb28_test,/content/drive/MyDrive/PointNet_APS_Project_V2/data/ycb28/extracted_models/001_chips_can_hf_fixed_mesh/001_chips_can/poisson/textured.obj,hf_ycb_fixed_mesh_fallback,1000,1,0,cylinder,box,0.99998665,False,mixed_trained,1
/content/drive/MyDrive/PointNet_APS_Project_V2/data/ycb28/generated_pointclouds_bbox_norm/cylinder/001_chips_can/001_chips_can_sample_17.csv,001_chips_can,cylinder,1,17,ycb28,ycb28_test,/content/drive/MyDrive/PointNet_APS_Project_V2/data/ycb28/extracted_models/001_chips_can_hf_fixed_mesh/001_chips_can/poisson/textured.obj,hf_ycb_fixed_mesh_fallback,1000,1,0,cylinder,box,0.9999733,False,mixed_trained,1
/content/drive/MyDrive/PointNet_APS_Project_V2/data/ycb28/generated_pointclouds_bbox_norm/cylinder/001_chips_can/001_chips_can_sample_18.csv,001_chips_can,cylinder,1,18,ycb28,ycb28_test,/content/drive/MyDrive/PointNet_APS_Project_V2/data/ycb28/extracted_models/001_chips_can_hf_fixed_mesh/001_chips_can/poisson/textured.obj,hf_ycb_fixed_mesh_fallback,1000,1,0,cylinder,box,0.99999046,False,mixed_trained,1
/content/drive/MyDrive/PointNet_APS_Project_V2/data/ycb28/generated_pointclouds_bbox_norm/cylinder/001_chips_can/001_chips_can_sample_19.csv,001_chips_can,cylinder,1,19,ycb28,ycb28_test,/content/drive/MyDrive/PointNet_APS_Project_V2/data/ycb28/extracted_models/001_chips_can_hf_fixed_mesh/001_chips_can/poisson/textured.obj,hf_ycb_fixed_mesh_fallback,1000,1,0,cylinder,box,0.9999906,False,mixed_trained,1
/content/drive/MyDrive/PointNet_APS_Project_V2/data/ycb28/generated_pointclouds_bbox_norm/cylinder/002_master_chef_can/002_master_chef_can_sample_00.csv,002_master_chef_can,cylinder,1,0,ycb28,ycb28_test,/content/drive/MyDrive/PointNet_APS_Project_V2/data/ycb28/extracted_models/002_master_chef_can/002_master_chef_can/google_16k/textured.obj,official_ycb_download,1000,1,1,cylinder,cylinder,0.96762574,True,mixed_trained,1
/content/drive/MyDrive/PointNet_APS_Project_V2/data/ycb28/generated_pointclouds_bbox_norm/cylinder/002_master_chef_can/002_master_chef_can_sample_01.csv,002_master_chef_can,cylinder,1,1,ycb28,ycb28_test,/content/drive/MyDrive/PointNet_APS_Project_V2/data/ycb28/extracted_models/002_master_chef_can/002_master_chef_can/google_16k/textured.obj,official_ycb_download,1000,1,1,cylinder,cylinder,0.99784565,True,mixed_trained,1
/content/drive/MyDrive/PointNet_APS_Project_V2/data/ycb28/generated_pointclouds_bbox_norm/cylinder/002_master_chef_can/002_master_chef_can_sample_02.csv,002_master_chef_can,cylinder,1,2,ycb28,ycb28_test,/content/drive/MyDrive/PointNet_APS_Project_V2/data/ycb28/extracted_models/002_master_chef_can/002_master_chef_can/google_16k/textured.obj,official_ycb_download,1000,1,1,cylinder,cylinder,0.967252,True,mixed_trained,1
/content/drive/MyDrive/PointNet_APS_Project_V2/data/ycb28/generated_pointclouds_bbox_norm/cylinder/002_master_chef_can/002_master_chef_can_sample_03.csv,002_master_chef_can,cylinder,1,3,ycb28,ycb28_test,/content/drive/MyDrive/PointNet_APS_Project_V2/data/ycb28/extracted_models/002_master_chef_can/002_master_chef_can/google_16k/textured.obj,official_ycb_download,1000,1,1,cylinder,cylinder,0.98995566,True,mixed_trained,1
/content/drive/MyDrive/PointNet_APS_Project_V2/data/ycb28/generated_pointclouds_bbox_norm/cylinder/002_master_chef_can/002_master_chef_can_sample_04.csv,002_master_chef_can,cylinder,1,4,ycb28,ycb28_test,/content/drive/MyDrive/PointNet_APS_Project_V2/data/ycb28/extracted_models/002_master_chef_can/002_master_chef_can/google_16k/textured.obj,official_ycb_download,1000,1,1,cylinder,cylinder,0.9323514,True,mixed_trained,1
/content/drive/MyDrive/PointNet_APS_Project_V2/data/ycb28/generated_pointclouds_bbox_norm/cylinder/002_master_chef_can/002_master_chef_can_sample_05.csv,002_master_chef_can,cylinder,1,5,ycb28,ycb28_test,/content/drive/MyDrive/PointNet_APS_Project_V2/data/ycb28/extracted_models/002_master_chef_can/002_master_chef_can/google_16k/textured.obj,official_ycb_download,1000,1,1,cylinder,cylinder,0.98815864,True,mixed_trained,1
/content/drive/MyDrive/PointNet_APS_Project_V2/data/ycb28/generated_pointclouds_bbox_norm/cylinder/002_master_chef_can/002_master_chef_can_sample_06.csv,002_master_chef_can,cylinder,1,6,ycb28,ycb28_test,/content/drive/MyDrive/PointNet_APS_Project_V2/data/ycb28/extracted_models/002_master_chef_can/002_master_chef_can/google_16k/textured.obj,official_ycb_download,1000,1,1,cylinder,cylinder,0.9804262,True,mixed_trained,1
/content/drive/MyDrive/PointNet_APS_Project_V2/data/ycb28/generated_pointclouds_bbox_norm/cylinder/002_master_chef_can/002_master_chef_can_sample_07.csv,002_master_chef_can,cylinder,1,7,ycb28,ycb28_test,/content/drive/MyDrive/PointNet_APS_Project_V2/data/ycb28/extracted_models/002_master_chef_can/002_master_chef_can/google_16k/textured.obj,official_ycb_download,1000,1,1,cylinder,cylinder,0.9894336,True,mixed_trained,1
/content/drive/MyDrive/PointNet_APS_Project_V2/data/ycb28/generated_pointclouds_bbox_norm/cylinder/002_master_chef_can/002_master_chef_can_sample_08.csv,002_master_chef_can,cylinder,1,8,ycb28,ycb28_test,/content/drive/MyDrive/PointNet_APS_Project_V2/data/ycb28/extracted_models/002_master_chef_can/002_master_chef_can/google_16k/textured.obj,official_ycb_download,1000,1,1,cylinder,cylinder,0.9881512,True,mixed_trained,1
/content/drive/MyDrive/PointNet_APS_Project_V2/data/ycb28/generated_pointclouds_bbox_norm/cylinder/002_master_chef_can/002_master_chef_can_sample_09.csv,002_master_chef_can,cylinder,1,9,ycb28,ycb28_test,/content/drive/MyDrive/PointNet_APS_Project_V2/data/ycb28/extracted_models/002_master_chef_can/002_master_chef_can/google_16k/textured.obj,official_ycb_download,1000,1,1,cylinder,cylinder,0.99266595,True,mixed_trained,1
/content/drive/MyDrive/PointNet_APS_Project_V2/data/ycb28/generated_pointclouds_bbox_norm/cylinder/002_master_chef_can/002_master_chef_can_sample_10.csv,002_master_chef_can,cylinder,1,10,ycb28,ycb28_test,/content/drive/MyDrive/PointNet_APS_Project_V2/data/ycb28/extracted_models/002_master_chef_can/002_master_chef_can/google_16k/textured.obj,official_ycb_download,1000,1,1,cylinder,cylinder,0.9139762,True,mixed_trained,1
/content/drive/MyDrive/PointNet_APS_Project_V2/data/ycb28/generated_pointclouds_bbox_norm/cylinder/002_master_chef_can/002_master_chef_can_sample_11.csv,002_master_chef_can,cylinder,1,11,ycb28,ycb28_test,/content/drive/MyDrive/PointNet_APS_Project_V2/data/ycb28/extracted_models/002_master_chef_can/002_master_chef_can/google_16k/textured.obj,official_ycb_download,1000,1,1,cylinder,cylinder,0.99235135,True,mixed_trained,1
/content/drive/MyDrive/PointNet_APS_Project_V2/data/ycb28/generated_pointclouds_bbox_norm/cylinder/002_master_chef_can/002_master_chef_can_sample_12.csv,002_master_chef_can,cylinder,1,12,ycb28,ycb28_test,/content/drive/MyDrive/PointNet_APS_Project_V2/data/ycb28/extracted_models/002_master_chef_can/002_master_chef_can/google_16k/textured.obj,official_ycb_download,1000,1,1,cylinder,cylinder,0.88897544,True,mixed_trained,1
/content/drive/MyDrive/PointNet_APS_Project_V2/data/ycb28/generated_pointclouds_bbox_norm/cylinder/002_master_chef_can/002_master_chef_can_sample_13.csv,002_master_chef_can,cylinder,1,13,ycb28,ycb28_test,/content/drive/MyDrive/PointNet_APS_Project_V2/data/ycb28/extracted_models/002_master_chef_can/002_master_chef_can/google_16k/textured.obj,official_ycb_download,1000,1,1,cylinder,cylinder,0.9846772,True,mixed_trained,1
/content/drive/MyDrive/PointNet_APS_Project_V2/data/ycb28/generated_pointclouds_bbox_norm/cylinder/002_master_chef_can/002_master_chef_can_sample_14.csv,002_master_chef_can,cylinder,1,14,ycb28,ycb28_test,/content/drive/MyDrive/PointNet_APS_Project_V2/data/ycb28/extracted_models/002_master_chef_can/002_master_chef_can/google_16k/textured.obj,official_ycb_download,1000,1,1,cylinder,cylinder,0.9958158,True,mixed_trained,1
/content/drive/MyDrive/PointNet_APS_Project_V2/data/ycb28/generated_pointclouds_bbox_norm/cylinder/002_master_chef_can/002_master_chef_can_sample_15.csv,002_master_chef_can,cylinder,1,15,ycb28,ycb28_test,/content/drive/MyDrive/PointNet_APS_Project_V2/data/ycb28/extracted_models/002_master_chef_can/002_master_chef_can/google_16k/textured.obj,official_ycb_download,1000,1,1,cylinder,cylinder,0.9776994,True,mixed_trained,1
/content/drive/MyDrive/PointNet_APS_Project_V2/data/ycb28/generated_pointclouds_bbox_norm/cylinder/002_master_chef_can/002_master_chef_can_sample_16.csv,002_master_chef_can,cylinder,1,16,ycb28,ycb28_test,/content/drive/MyDrive/PointNet_APS_Project_V2/data/ycb28/extracted_models/002_master_chef_can/002_master_chef_can/google_16k/textured.obj,official_ycb_download,1000,1,1,cylinder,cylinder,0.8784381,True,mixed_trained,1
/content/drive/MyDrive/PointNet_APS_Project_V2/data/ycb28/generated_pointclouds_bbox_norm/cylinder/002_master_chef_can/002_master_chef_can_sample_17.csv,002_master_chef_can,cylinder,1,17,ycb28,ycb28_test,/content/drive/MyDrive/PointNet_APS_Project_V2/data/ycb28/extracted_models/002_master_chef_can/002_master_chef_can/google_16k/textured.obj,official_ycb_download,1000,1,1,cylinder,cylinder,0.9429395,True,mixed_trained,1
/content/drive/MyDrive/PointNet_APS_Project_V2/data/ycb28/generated_pointclouds_bbox_norm/cylinder/002_master_chef_can/002_master_chef_can_sample_18.csv,002_master_chef_can,cylinder,1,18,ycb28,ycb28_test,/content/drive/MyDrive/PointNet_APS_Project_V2/data/ycb28/extracted_models/002_master_chef_can/002_master_chef_can/google_16k/textured.obj,official_ycb_download,1000,1,1,cylinder,cylinder,0.9928727,True,mixed_trained,1
/content/drive/MyDrive/PointNet_APS_Project_V2/data/ycb28/generated_pointclouds_bbox_norm/cylinder/002_master_chef_can/002_master_chef_can_sample_19.csv,002_master_chef_can,cylinder,1,19,ycb28,ycb28_test,/content/drive/MyDrive/PointNet_APS_Project_V2/data/ycb28/extracted_models/002_master_chef_can/002_master_chef_can/google_16k/textured.obj,official_ycb_download,1000,1,1,cylinder,cylinder,0.82972485,True,mixed_trained,1
/content/drive/MyDrive/PointNet_APS_Project_V2/data/ycb28/generated_pointclouds_bbox_norm/cylinder/005_tomato_soup_can/005_tomato_soup_can_sample_00.csv,005_tomato_soup_can,cylinder,1,0,ycb28,ycb28_test,/content/drive/MyDrive/PointNet_APS_Project_V2/data/ycb28/extracted_models/005_tomato_soup_can/005_tomato_soup_can/google_16k/textured.obj,official_ycb_download,1000,1,1,cylinder,cylinder,0.7813778,True,mixed_trained,1
/content/drive/MyDrive/PointNet_APS_Project_V2/data/ycb28/generated_pointclouds_bbox_norm/cylinder/005_tomato_soup_can/005_tomato_soup_can_sample_01.csv,005_tomato_soup_can,cylinder,1,1,ycb28,ycb28_test,/content/drive/MyDrive/PointNet_APS_Project_V2/data/ycb28/extracted_models/005_tomato_soup_can/005_tomato_soup_can/google_16k/textured.obj,official_ycb_download,1000,1,1,cylinder,cylinder,0.9801066,True,mixed_trained,1
/content/drive/MyDrive/PointNet_APS_Project_V2/data/ycb28/generated_pointclouds_bbox_norm/cylinder/005_tomato_soup_can/005_tomato_soup_can_sample_02.csv,005_tomato_soup_can,cylinder,1,2,ycb28,ycb28_test,/content/drive/MyDrive/PointNet_APS_Project_V2/data/ycb28/extracted_models/005_tomato_soup_can/005_tomato_soup_can/google_16k/textured.obj,official_ycb_download,1000,1,1,cylinder,cylinder,0.98788923,True,mixed_trained,1
/content/drive/MyDrive/PointNet_APS_Project_V2/data/ycb28/generated_pointclouds_bbox_norm/cylinder/005_tomato_soup_can/005_tomato_soup_can_sample_03.csv,005_tomato_soup_can,cylinder,1,3,ycb28,ycb28_test,/content/drive/MyDrive/PointNet_APS_Project_V2/data/ycb28/extracted_models/005_tomato_soup_can/005_tomato_soup_can/google_16k/textured.obj,official_ycb_download,1000,1,1,cylinder,cylinder,0.95231545,True,mixed_trained,1
/content/drive/MyDrive/PointNet_APS_Project_V2/data/ycb28/generated_pointclouds_bbox_norm/cylinder/005_tomato_soup_can/005_tomato_soup_can_sample_04.csv,005_tomato_soup_can,cylinder,1,4,ycb28,ycb28_test,/content/drive/MyDrive/PointNet_APS_Project_V2/data/ycb28/extracted_models/005_tomato_soup_can/005_tomato_soup_can/google_16k/textured.obj,official_ycb_download,1000,1,1,cylinder,cylinder,0.9919505,True,mixed_trained,1
/content/drive/MyDrive/PointNet_APS_Project_V2/data/ycb28/generated_pointclouds_bbox_norm/cylinder/005_tomato_soup_can/005_tomato_soup_can_sample_05.csv,005_tomato_soup_can,cylinder,1,5,ycb28,ycb28_test,/content/drive/MyDrive/PointNet_APS_Project_V2/data/ycb28/extracted_models/005_tomato_soup_can/005_tomato_soup_can/google_16k/textured.obj,official_ycb_download,1000,1,1,cylinder,cylinder,0.98215055,True,mixed_trained,1
/content/drive/MyDrive/PointNet_APS_Project_V2/data/ycb28/generated_pointclouds_bbox_norm/cylinder/005_tomato_soup_can/005_tomato_soup_can_sample_06.csv,005_tomato_soup_can,cylinder,1,6,ycb28,ycb28_test,/content/drive/MyDrive/PointNet_APS_Project_V2/data/ycb28/extracted_models/005_tomato_soup_can/005_tomato_soup_can/google_16k/textured.obj,official_ycb_download,1000,1,1,cylinder,cylinder,0.98499763,True,mixed_trained,1
/content/drive/MyDrive/PointNet_APS_Project_V2/data/ycb28/generated_pointclouds_bbox_norm/cylinder/005_tomato_soup_can/005_tomato_soup_can_sample_07.csv,005_tomato_soup_can,cylinder,1,7,ycb28,ycb28_test,/content/drive/MyDrive/PointNet_APS_Project_V2/data/ycb28/extracted_models/005_tomato_soup_can/005_tomato_soup_can/google_16k/textured.obj,official_ycb_download,1000,1,1,cylinder,cylinder,0.98987,True,mixed_trained,1
/content/drive/MyDrive/PointNet_APS_Project_V2/data/ycb28/generated_pointclouds_bbox_norm/cylinder/005_tomato_soup_can/005_tomato_soup_can_sample_08.csv,005_tomato_soup_can,cylinder,1,8,ycb28,ycb28_test,/content/drive/MyDrive/PointNet_APS_Project_V2/data/ycb28/extracted_models/005_tomato_soup_can/005_tomato_soup_can/google_16k/textured.obj,official_ycb_download,1000,1,1,cylinder,cylinder,0.989127,True,mixed_trained,1
/content/drive/MyDrive/PointNet_APS_Project_V2/data/ycb28/generated_pointclouds_bbox_norm/cylinder/005_tomato_soup_can/005_tomato_soup_can_sample_09.csv,005_tomato_soup_can,cylinder,1,9,ycb28,ycb28_test,/content/drive/MyDrive/PointNet_APS_Project_V2/data/ycb28/extracted_models/005_tomato_soup_can/005_tomato_soup_can/google_16k/textured.obj,official_ycb_download,1000,1,1,cylinder,cylinder,0.99337983,True,mixed_trained,1
/content/drive/MyDrive/PointNet_APS_Project_V2/data/ycb28/generated_pointclouds_bbox_norm/cylinder/005_tomato_soup_can/005_tomato_soup_can_sample_10.csv,005_tomato_soup_can,cylinder,1,10,ycb28,ycb28_test,/content/drive/MyDrive/PointNet_APS_Project_V2/data/ycb28/extracted_models/005_tomato_soup_can/005_tomato_soup_can/google_16k/textured.obj,official_ycb_download,1000,1,1,cylinder,cylinder,0.99596965,True,mixed_trained,1
/content/drive/MyDrive/PointNet_APS_Project_V2/data/ycb28/generated_pointclouds_bbox_norm/cylinder/005_tomato_soup_can/005_tomato_soup_can_sample_11.csv,005_tomato_soup_can,cylinder,1,11,ycb28,ycb28_test,/content/drive/MyDrive/PointNet_APS_Project_V2/data/ycb28/extracted_models/005_tomato_soup_can/005_tomato_soup_can/google_16k/textured.obj,official_ycb_download,1000,1,1,cylinder,cylinder,0.97049004,True,mixed_trained,1
/content/drive/MyDrive/PointNet_APS_Project_V2/data/ycb28/generated_pointclouds_bbox_norm/cylinder/005_tomato_soup_can/005_tomato_soup_can_sample_12.csv,005_tomato_soup_can,cylinder,1,12,ycb28,ycb28_test,/content/drive/MyDrive/PointNet_APS_Project_V2/data/ycb28/extracted_models/005_tomato_soup_can/005_tomato_soup_can/google_16k/textured.obj,official_ycb_download,1000,1,1,cylinder,cylinder,0.9449102,True,mixed_trained,1
/content/drive/MyDrive/PointNet_APS_Project_V2/data/ycb28/generated_pointclouds_bbox_norm/cylinder/005_tomato_soup_can/005_tomato_soup_can_sample_13.csv,005_tomato_soup_can,cylinder,1,13,ycb28,ycb28_test,/content/drive/MyDrive/PointNet_APS_Project_V2/data/ycb28/extracted_models/005_tomato_soup_can/005_tomato_soup_can/google_16k/textured.obj,official_ycb_download,1000,1,1,cylinder,cylinder,0.99356717,True,mixed_trained,1
/content/drive/MyDrive/PointNet_APS_Project_V2/data/ycb28/generated_pointclouds_bbox_norm/cylinder/005_tomato_soup_can/005_tomato_soup_can_sample_14.csv,005_tomato_soup_can,cylinder,1,14,ycb28,ycb28_test,/content/drive/MyDrive/PointNet_APS_Project_V2/data/ycb28/extracted_models/005_tomato_soup_can/005_tomato_soup_can/google_16k/textured.obj,official_ycb_download,1000,1,1,cylinder,cylinder,0.9885888,True,mixed_trained,1
/content/drive/MyDrive/PointNet_APS_Project_V2/data/ycb28/generated_pointclouds_bbox_norm/cylinder/005_tomato_soup_can/005_tomato_soup_can_sample_15.csv,005_tomato_soup_can,cylinder,1,15,ycb28,ycb28_test,/content/drive/MyDrive/PointNet_APS_Project_V2/data/ycb28/extracted_models/005_tomato_soup_can/005_tomato_soup_can/google_16k/textured.obj,official_ycb_download,1000,1,1,cylinder,cylinder,0.9962388,True,mixed_trained,1
/content/drive/MyDrive/PointNet_APS_Project_V2/data/ycb28/generated_pointclouds_bbox_norm/cylinder/005_tomato_soup_can/005_tomato_soup_can_sample_16.csv,005_tomato_soup_can,cylinder,1,16,ycb28,ycb28_test,/content/drive/MyDrive/PointNet_APS_Project_V2/data/ycb28/extracted_models/005_tomato_soup_can/005_tomato_soup_can/google_16k/textured.obj,official_ycb_download,1000,1,1,cylinder,cylinder,0.9938693,True,mixed_trained,1
/content/drive/MyDrive/PointNet_APS_Project_V2/data/ycb28/generated_pointclouds_bbox_norm/cylinder/005_tomato_soup_can/005_tomato_soup_can_sample_17.csv,005_tomato_soup_can,cylinder,1,17,ycb28,ycb28_test,/content/drive/MyDrive/PointNet_APS_Project_V2/data/ycb28/extracted_models/005_tomato_soup_can/005_tomato_soup_can/google_16k/textured.obj,official_ycb_download,1000,1,1,cylinder,cylinder,0.9956826,True,mixed_trained,1
/content/drive/MyDrive/PointNet_APS_Project_V2/data/ycb28/generated_pointclouds_bbox_norm/cylinder/005_tomato_soup_can/005_tomato_soup_can_sample_18.csv,005_tomato_soup_can,cylinder,1,18,ycb28,ycb28_test,/content/drive/MyDrive/PointNet_APS_Project_V2/data/ycb28/extracted_models/005_tomato_soup_can/005_tomato_soup_can/google_16k/textured.obj,official_ycb_download,1000,1,1,cylinder,cylinder,0.9955087,True,mixed_trained,1
/content/drive/MyDrive/PointNet_APS_Project_V2/data/ycb28/generated_pointclouds_bbox_norm/cylinder/005_tomato_soup_can/005_tomato_soup_can_sample_19.csv,005_tomato_soup_can,cylinder,1,19,ycb28,ycb28_test,/content/drive/MyDrive/PointNet_APS_Project_V2/data/ycb28/extracted_models/005_tomato_soup_can/005_tomato_soup_can/google_16k/textured.obj,official_ycb_download,1000,1,1,cylinder,cylinder,0.99563354,True,mixed_trained,1
/content/drive/MyDrive/PointNet_APS_Project_V2/data/ycb28/generated_pointclouds_bbox_norm/cylinder/007_tuna_fish_can/007_tuna_fish_can_sample_00.csv,007_tuna_fish_can,cylinder,1,0,ycb28,ycb28_test,/content/drive/MyDrive/PointNet_APS_Project_V2/data/ycb28/extracted_models/007_tuna_fish_can/007_tuna_fish_can/google_16k/textured.obj,official_ycb_download,1000,1,1,cylinder,cylinder,0.9786896,True,mixed_trained,1
/content/drive/MyDrive/PointNet_APS_Project_V2/data/ycb28/generated_pointclouds_bbox_norm/cylinder/007_tuna_fish_can/007_tuna_fish_can_sample_01.csv,007_tuna_fish_can,cylinder,1,1,ycb28,ycb28_test,/content/drive/MyDrive/PointNet_APS_Project_V2/data/ycb28/extracted_models/007_tuna_fish_can/007_tuna_fish_can/google_16k/textured.obj,official_ycb_download,1000,1,1,cylinder,cylinder,0.5851085,True,mixed_trained,1
/content/drive/MyDrive/PointNet_APS_Project_V2/data/ycb28/generated_pointclouds_bbox_norm/cylinder/007_tuna_fish_can/007_tuna_fish_can_sample_02.csv,007_tuna_fish_can,cylinder,1,2,ycb28,ycb28_test,/content/drive/MyDrive/PointNet_APS_Project_V2/data/ycb28/extracted_models/007_tuna_fish_can/007_tuna_fish_can/google_16k/textured.obj,official_ycb_download,1000,1,1,cylinder,cylinder,0.83185387,True,mixed_trained,1
/content/drive/MyDrive/PointNet_APS_Project_V2/data/ycb28/generated_pointclouds_bbox_norm/cylinder/007_tuna_fish_can/007_tuna_fish_can_sample_03.csv,007_tuna_fish_can,cylinder,1,3,ycb28,ycb28_test,/content/drive/MyDrive/PointNet_APS_Project_V2/data/ycb28/extracted_models/007_tuna_fish_can/007_tuna_fish_can/google_16k/textured.obj,official_ycb_download,1000,1,1,cylinder,cylinder,0.974033,True,mixed_trained,1
/content/drive/MyDrive/PointNet_APS_Project_V2/data/ycb28/generated_pointclouds_bbox_norm/cylinder/007_tuna_fish_can/007_tuna_fish_can_sample_04.csv,007_tuna_fish_can,cylinder,1,4,ycb28,ycb28_test,/content/drive/MyDrive/PointNet_APS_Project_V2/data/ycb28/extracted_models/007_tuna_fish_can/007_tuna_fish_can/google_16k/textured.obj,official_ycb_download,1000,1,1,cylinder,cylinder,0.9899284,True,mixed_trained,1
/content/drive/MyDrive/PointNet_APS_Project_V2/data/ycb28/generated_pointclouds_bbox_norm/cylinder/007_tuna_fish_can/007_tuna_fish_can_sample_05.csv,007_tuna_fish_can,cylinder,1,5,ycb28,ycb28_test,/content/drive/MyDrive/PointNet_APS_Project_V2/data/ycb28/extracted_models/007_tuna_fish_can/007_tuna_fish_can/google_16k/textured.obj,official_ycb_download,1000,1,1,cylinder,cylinder,0.976491,True,mixed_trained,1
/content/drive/MyDrive/PointNet_APS_Project_V2/data/ycb28/generated_pointclouds_bbox_norm/cylinder/007_tuna_fish_can/007_tuna_fish_can_sample_06.csv,007_tuna_fish_can,cylinder,1,6,ycb28,ycb28_test,/content/drive/MyDrive/PointNet_APS_Project_V2/data/ycb28/extracted_models/007_tuna_fish_can/007_tuna_fish_can/google_16k/textured.obj,official_ycb_download,1000,1,1,cylinder,cylinder,0.9807153,True,mixed_trained,1
/content/drive/MyDrive/PointNet_APS_Project_V2/data/ycb28/generated_pointclouds_bbox_norm/cylinder/007_tuna_fish_can/007_tuna_fish_can_sample_07.csv,007_tuna_fish_can,cylinder,1,7,ycb28,ycb28_test,/content/drive/MyDrive/PointNet_APS_Project_V2/data/ycb28/extracted_models/007_tuna_fish_can/007_tuna_fish_can/google_16k/textured.obj,official_ycb_download,1000,1,1,cylinder,cylinder,0.98417944,True,mixed_trained,1
/content/drive/MyDrive/PointNet_APS_Project_V2/data/ycb28/generated_pointclouds_bbox_norm/cylinder/007_tuna_fish_can/007_tuna_fish_can_sample_08.csv,007_tuna_fish_can,cylinder,1,8,ycb28,ycb28_test,/content/drive/MyDrive/PointNet_APS_Project_V2/data/ycb28/extracted_models/007_tuna_fish_can/007_tuna_fish_can/google_16k/textured.obj,official_ycb_download,1000,1,1,cylinder,cylinder,0.9520323,True,mixed_trained,1
/content/drive/MyDrive/PointNet_APS_Project_V2/data/ycb28/generated_pointclouds_bbox_norm/cylinder/007_tuna_fish_can/007_tuna_fish_can_sample_09.csv,007_tuna_fish_can,cylinder,1,9,ycb28,ycb28_test,/content/drive/MyDrive/PointNet_APS_Project_V2/data/ycb28/extracted_models/007_tuna_fish_can/007_tuna_fish_can/google_16k/textured.obj,official_ycb_download,1000,1,1,cylinder,cylinder,0.9963672,True,mixed_trained,1
/content/drive/MyDrive/PointNet_APS_Project_V2/data/ycb28/generated_pointclouds_bbox_norm/cylinder/007_tuna_fish_can/007_tuna_fish_can_sample_10.csv,007_tuna_fish_can,cylinder,1,10,ycb28,ycb28_test,/content/drive/MyDrive/PointNet_APS_Project_V2/data/ycb28/extracted_models/007_tuna_fish_can/007_tuna_fish_can/google_16k/textured.obj,official_ycb_download,1000,1,1,cylinder,cylinder,0.96139556,True,mixed_trained,1
/content/drive/MyDrive/PointNet_APS_Project_V2/data/ycb28/generated_pointclouds_bbox_norm/cylinder/007_tuna_fish_can/007_tuna_fish_can_sample_11.csv,007_tuna_fish_can,cylinder,1,11,ycb28,ycb28_test,/content/drive/MyDrive/PointNet_APS_Project_V2/data/ycb28/extracted_models/007_tuna_fish_can/007_tuna_fish_can/google_16k/textured.obj,official_ycb_download,1000,1,1,cylinder,cylinder,0.90882754,True,mixed_trained,1
/content/drive/MyDrive/PointNet_APS_Project_V2/data/ycb28/generated_pointclouds_bbox_norm/cylinder/007_tuna_fish_can/007_tuna_fish_can_sample_12.csv,007_tuna_fish_can,cylinder,1,12,ycb28,ycb28_test,/content/drive/MyDrive/PointNet_APS_Project_V2/data/ycb28/extracted_models/007_tuna_fish_can/007_tuna_fish_can/google_16k/textured.obj,official_ycb_download,1000,1,1,cylinder,cylinder,0.99534756,True,mixed_trained,1
/content/drive/MyDrive/PointNet_APS_Project_V2/data/ycb28/generated_pointclouds_bbox_norm/cylinder/007_tuna_fish_can/007_tuna_fish_can_sample_13.csv,007_tuna_fish_can,cylinder,1,13,ycb28,ycb28_test,/content/drive/MyDrive/PointNet_APS_Project_V2/data/ycb28/extracted_models/007_tuna_fish_can/007_tuna_fish_can/google_16k/textured.obj,official_ycb_download,1000,1,1,cylinder,cylinder,0.79713446,True,mixed_trained,1
/content/drive/MyDrive/PointNet_APS_Project_V2/data/ycb28/generated_pointclouds_bbox_norm/cylinder/007_tuna_fish_can/007_tuna_fish_can_sample_14.csv,007_tuna_fish_can,cylinder,1,14,ycb28,ycb28_test,/content/drive/MyDrive/PointNet_APS_Project_V2/data/ycb28/extracted_models/007_tuna_fish_can/007_tuna_fish_can/google_16k/textured.obj,official_ycb_download,1000,1,1,cylinder,cylinder,0.54738325,True,mixed_trained,1
/content/drive/MyDrive/PointNet_APS_Project_V2/data/ycb28/generated_pointclouds_bbox_norm/cylinder/007_tuna_fish_can/007_tuna_fish_can_sample_15.csv,007_tuna_fish_can,cylinder,1,15,ycb28,ycb28_test,/content/drive/MyDrive/PointNet_APS_Project_V2/data/ycb28/extracted_models/007_tuna_fish_can/007_tuna_fish_can/google_16k/textured.obj,official_ycb_download,1000,1,1,cylinder,cylinder,0.98718214,True,mixed_trained,1
/content/drive/MyDrive/PointNet_APS_Project_V2/data/ycb28/generated_pointclouds_bbox_norm/cylinder/007_tuna_fish_can/007_tuna_fish_can_sample_16.csv,007_tuna_fish_can,cylinder,1,16,ycb28,ycb28_test,/content/drive/MyDrive/PointNet_APS_Project_V2/data/ycb28/extracted_models/007_tuna_fish_can/007_tuna_fish_can/google_16k/textured.obj,official_ycb_download,1000,1,1,cylinder,cylinder,0.9843982,True,mixed_trained,1
/content/drive/MyDrive/PointNet_APS_Project_V2/data/ycb28/generated_pointclouds_bbox_norm/cylinder/007_tuna_fish_can/007_tuna_fish_can_sample_17.csv,007_tuna_fish_can,cylinder,1,17,ycb28,ycb28_test,/content/drive/MyDrive/PointNet_APS_Project_V2/data/ycb28/extracted_models/007_tuna_fish_can/007_tuna_fish_can/google_16k/textured.obj,official_ycb_download,1000,1,1,cylinder,cylinder,0.9012191,True,mixed_trained,1
/content/drive/MyDrive/PointNet_APS_Project_V2/data/ycb28/generated_pointclouds_bbox_norm/cylinder/007_tuna_fish_can/007_tuna_fish_can_sample_18.csv,007_tuna_fish_can,cylinder,1,18,ycb28,ycb28_test,/content/drive/MyDrive/PointNet_APS_Project_V2/data/ycb28/extracted_models/007_tuna_fish_can/007_tuna_fish_can/google_16k/textured.obj,official_ycb_download,1000,1,1,cylinder,cylinder,0.52691734,True,mixed_trained,1
/content/drive/MyDrive/PointNet_APS_Project_V2/data/ycb28/generated_pointclouds_bbox_norm/cylinder/007_tuna_fish_can/007_tuna_fish_can_sample_19.csv,007_tuna_fish_can,cylinder,1,19,ycb28,ycb28_test,/content/drive/MyDrive/PointNet_APS_Project_V2/data/ycb28/extracted_models/007_tuna_fish_can/007_tuna_fish_can/google_16k/textured.obj,official_ycb_download,1000,1,0,cylinder,box,0.81928915,False,mixed_trained,1
/content/drive/MyDrive/PointNet_APS_Project_V2/data/ycb28/generated_pointclouds_bbox_norm/cylinder/019_pitcher_base/019_pitcher_base_sample_00.csv,019_pitcher_base,cylinder,1,0,ycb28,ycb28_test,/content/drive/MyDrive/PointNet_APS_Project_V2/data/ycb28/extracted_models/019_pitcher_base/019_pitcher_base/google_16k/textured.obj,official_ycb_download,1000,1,1,cylinder,cylinder,0.9981255,True,mixed_trained,1
/content/drive/MyDrive/PointNet_APS_Project_V2/data/ycb28/generated_pointclouds_bbox_norm/cylinder/019_pitcher_base/019_pitcher_base_sample_01.csv,019_pitcher_base,cylinder,1,1,ycb28,ycb28_test,/content/drive/MyDrive/PointNet_APS_Project_V2/data/ycb28/extracted_models/019_pitcher_base/019_pitcher_base/google_16k/textured.obj,official_ycb_download,1000,1,1,cylinder,cylinder,0.9989894,True,mixed_trained,1
/content/drive/MyDrive/PointNet_APS_Project_V2/data/ycb28/generated_pointclouds_bbox_norm/cylinder/019_pitcher_base/019_pitcher_base_sample_02.csv,019_pitcher_base,cylinder,1,2,ycb28,ycb28_test,/content/drive/MyDrive/PointNet_APS_Project_V2/data/ycb28/extracted_models/019_pitcher_base/019_pitcher_base/google_16k/textured.obj,official_ycb_download,1000,1,1,cylinder,cylinder,0.9989435,True,mixed_trained,1
/content/drive/MyDrive/PointNet_APS_Project_V2/data/ycb28/generated_pointclouds_bbox_norm/cylinder/019_pitcher_base/019_pitcher_base_sample_03.csv,019_pitcher_base,cylinder,1,3,ycb28,ycb28_test,/content/drive/MyDrive/PointNet_APS_Project_V2/data/ycb28/extracted_models/019_pitcher_base/019_pitcher_base/google_16k/textured.obj,official_ycb_download,1000,1,1,cylinder,cylinder,0.99939656,True,mixed_trained,1
/content/drive/MyDrive/PointNet_APS_Project_V2/data/ycb28/generated_pointclouds_bbox_norm/cylinder/019_pitcher_base/019_pitcher_base_sample_04.csv,019_pitcher_base,cylinder,1,4,ycb28,ycb28_test,/content/drive/MyDrive/PointNet_APS_Project_V2/data/ycb28/extracted_models/019_pitcher_base/019_pitcher_base/google_16k/textured.obj,official_ycb_download,1000,1,1,cylinder,cylinder,0.9963768,True,mixed_trained,1
/content/drive/MyDrive/PointNet_APS_Project_V2/data/ycb28/generated_pointclouds_bbox_norm/cylinder/019_pitcher_base/019_pitcher_base_sample_05.csv,019_pitcher_base,cylinder,1,5,ycb28,ycb28_test,/content/drive/MyDrive/PointNet_APS_Project_V2/data/ycb28/extracted_models/019_pitcher_base/019_pitcher_base/google_16k/textured.obj,official_ycb_download,1000,1,1,cylinder,cylinder,0.9992786,True,mixed_trained,1
/content/drive/MyDrive/PointNet_APS_Project_V2/data/ycb28/generated_pointclouds_bbox_norm/cylinder/019_pitcher_base/019_pitcher_base_sample_06.csv,019_pitcher_base,cylinder,1,6,ycb28,ycb28_test,/content/drive/MyDrive/PointNet_APS_Project_V2/data/ycb28/extracted_models/019_pitcher_base/019_pitcher_base/google_16k/textured.obj,official_ycb_download,1000,1,1,cylinder,cylinder,0.9929079,True,mixed_trained,1
/content/drive/MyDrive/PointNet_APS_Project_V2/data/ycb28/generated_pointclouds_bbox_norm/cylinder/019_pitcher_base/019_pitcher_base_sample_07.csv,019_pitcher_base,cylinder,1,7,ycb28,ycb28_test,/content/drive/MyDrive/PointNet_APS_Project_V2/data/ycb28/extracted_models/019_pitcher_base/019_pitcher_base/google_16k/textured.obj,official_ycb_download,1000,1,1,cylinder,cylinder,0.98758847,True,mixed_trained,1
/content/drive/MyDrive/PointNet_APS_Project_V2/data/ycb28/generated_pointclouds_bbox_norm/cylinder/019_pitcher_base/019_pitcher_base_sample_08.csv,019_pitcher_base,cylinder,1,8,ycb28,ycb28_test,/content/drive/MyDrive/PointNet_APS_Project_V2/data/ycb28/extracted_models/019_pitcher_base/019_pitcher_base/google_16k/textured.obj,official_ycb_download,1000,1,1,cylinder,cylinder,0.99928075,True,mixed_trained,1
/content/drive/MyDrive/PointNet_APS_Project_V2/data/ycb28/generated_pointclouds_bbox_norm/cylinder/019_pitcher_base/019_pitcher_base_sample_09.csv,019_pitcher_base,cylinder,1,9,ycb28,ycb28_test,/content/drive/MyDrive/PointNet_APS_Project_V2/data/ycb28/extracted_models/019_pitcher_base/019_pitcher_base/google_16k/textured.obj,official_ycb_download,1000,1,1,cylinder,cylinder,0.9985916,True,mixed_trained,1
/content/drive/MyDrive/PointNet_APS_Project_V2/data/ycb28/generated_pointclouds_bbox_norm/cylinder/019_pitcher_base/019_pitcher_base_sample_10.csv,019_pitcher_base,cylinder,1,10,ycb28,ycb28_test,/content/drive/MyDrive/PointNet_APS_Project_V2/data/ycb28/extracted_models/019_pitcher_base/019_pitcher_base/google_16k/textured.obj,official_ycb_download,1000,1,1,cylinder,cylinder,0.99931586,True,mixed_trained,1
/content/drive/MyDrive/PointNet_APS_Project_V2/data/ycb28/generated_pointclouds_bbox_norm/cylinder/019_pitcher_base/019_pitcher_base_sample_11.csv,019_pitcher_base,cylinder,1,11,ycb28,ycb28_test,/content/drive/MyDrive/PointNet_APS_Project_V2/data/ycb28/extracted_models/019_pitcher_base/019_pitcher_base/google_16k/textured.obj,official_ycb_download,1000,1,1,cylinder,cylinder,0.9934215,True,mixed_trained,1
/content/drive/MyDrive/PointNet_APS_Project_V2/data/ycb28/generated_pointclouds_bbox_norm/cylinder/019_pitcher_base/019_pitcher_base_sample_12.csv,019_pitcher_base,cylinder,1,12,ycb28,ycb28_test,/content/drive/MyDrive/PointNet_APS_Project_V2/data/ycb28/extracted_models/019_pitcher_base/019_pitcher_base/google_16k/textured.obj,official_ycb_download,1000,1,1,cylinder,cylinder,0.99950385,True,mixed_trained,1
/content/drive/MyDrive/PointNet_APS_Project_V2/data/ycb28/generated_pointclouds_bbox_norm/cylinder/019_pitcher_base/019_pitcher_base_sample_13.csv,019_pitcher_base,cylinder,1,13,ycb28,ycb28_test,/content/drive/MyDrive/PointNet_APS_Project_V2/data/ycb28/extracted_models/019_pitcher_base/019_pitcher_base/google_16k/textured.obj,official_ycb_download,1000,1,1,cylinder,cylinder,0.9935504,True,mixed_trained,1
/content/drive/MyDrive/PointNet_APS_Project_V2/data/ycb28/generated_pointclouds_bbox_norm/cylinder/019_pitcher_base/019_pitcher_base_sample_14.csv,019_pitcher_base,cylinder,1,14,ycb28,ycb28_test,/content/drive/MyDrive/PointNet_APS_Project_V2/data/ycb28/extracted_models/019_pitcher_base/019_pitcher_base/google_16k/textured.obj,official_ycb_download,1000,1,1,cylinder,cylinder,0.9976489,True,mixed_trained,1
/content/drive/MyDrive/PointNet_APS_Project_V2/data/ycb28/generated_pointclouds_bbox_norm/cylinder/019_pitcher_base/019_pitcher_base_sample_15.csv,019_pitcher_base,cylinder,1,15,ycb28,ycb28_test,/content/drive/MyDrive/PointNet_APS_Project_V2/data/ycb28/extracted_models/019_pitcher_base/019_pitcher_base/google_16k/textured.obj,official_ycb_download,1000,1,1,cylinder,cylinder,0.9987495,True,mixed_trained,1
/content/drive/MyDrive/PointNet_APS_Project_V2/data/ycb28/generated_pointclouds_bbox_norm/cylinder/019_pitcher_base/019_pitcher_base_sample_16.csv,019_pitcher_base,cylinder,1,16,ycb28,ycb28_test,/content/drive/MyDrive/PointNet_APS_Project_V2/data/ycb28/extracted_models/019_pitcher_base/019_pitcher_base/google_16k/textured.obj,official_ycb_download,1000,1,1,cylinder,cylinder,0.9892669,True,mixed_trained,1
/content/drive/MyDrive/PointNet_APS_Project_V2/data/ycb28/generated_pointclouds_bbox_norm/cylinder/019_pitcher_base/019_pitcher_base_sample_17.csv,019_pitcher_base,cylinder,1,17,ycb28,ycb28_test,/content/drive/MyDrive/PointNet_APS_Project_V2/data/ycb28/extracted_models/019_pitcher_base/019_pitcher_base/google_16k/textured.obj,official_ycb_download,1000,1,1,cylinder,cylinder,0.9967699,True,mixed_trained,1
/content/drive/MyDrive/PointNet_APS_Project_V2/data/ycb28/generated_pointclouds_bbox_norm/cylinder/019_pitcher_base/019_pitcher_base_sample_18.csv,019_pitcher_base,cylinder,1,18,ycb28,ycb28_test,/content/drive/MyDrive/PointNet_APS_Project_V2/data/ycb28/extracted_models/019_pitcher_base/019_pitcher_base/google_16k/textured.obj,official_ycb_download,1000,1,1,cylinder,cylinder,0.9978629,True,mixed_trained,1
/content/drive/MyDrive/PointNet_APS_Project_V2/data/ycb28/generated_pointclouds_bbox_norm/cylinder/019_pitcher_base/019_pitcher_base_sample_19.csv,019_pitcher_base,cylinder,1,19,ycb28,ycb28_test,/content/drive/MyDrive/PointNet_APS_Project_V2/data/ycb28/extracted_models/019_pitcher_base/019_pitcher_base/google_16k/textured.obj,official_ycb_download,1000,1,1,cylinder,cylinder,0.9994599,True,mixed_trained,1
/content/drive/MyDrive/PointNet_APS_Project_V2/data/ycb28/generated_pointclouds_bbox_norm/cylinder/025_mug/025_mug_sample_00.csv,025_mug,cylinder,1,0,ycb28,ycb28_test,/content/drive/MyDrive/PointNet_APS_Project_V2/data/ycb28/extracted_models/025_mug/025_mug/google_16k/textured.obj,official_ycb_download,1000,1,1,cylinder,cylinder,0.9729988,True,mixed_trained,1
/content/drive/MyDrive/PointNet_APS_Project_V2/data/ycb28/generated_pointclouds_bbox_norm/cylinder/025_mug/025_mug_sample_01.csv,025_mug,cylinder,1,1,ycb28,ycb28_test,/content/drive/MyDrive/PointNet_APS_Project_V2/data/ycb28/extracted_models/025_mug/025_mug/google_16k/textured.obj,official_ycb_download,1000,1,1,cylinder,cylinder,0.9953336,True,mixed_trained,1
/content/drive/MyDrive/PointNet_APS_Project_V2/data/ycb28/generated_pointclouds_bbox_norm/cylinder/025_mug/025_mug_sample_02.csv,025_mug,cylinder,1,2,ycb28,ycb28_test,/content/drive/MyDrive/PointNet_APS_Project_V2/data/ycb28/extracted_models/025_mug/025_mug/google_16k/textured.obj,official_ycb_download,1000,1,1,cylinder,cylinder,0.9693732,True,mixed_trained,1
/content/drive/MyDrive/PointNet_APS_Project_V2/data/ycb28/generated_pointclouds_bbox_norm/cylinder/025_mug/025_mug_sample_03.csv,025_mug,cylinder,1,3,ycb28,ycb28_test,/content/drive/MyDrive/PointNet_APS_Project_V2/data/ycb28/extracted_models/025_mug/025_mug/google_16k/textured.obj,official_ycb_download,1000,1,1,cylinder,cylinder,0.95980793,True,mixed_trained,1
/content/drive/MyDrive/PointNet_APS_Project_V2/data/ycb28/generated_pointclouds_bbox_norm/cylinder/025_mug/025_mug_sample_04.csv,025_mug,cylinder,1,4,ycb28,ycb28_test,/content/drive/MyDrive/PointNet_APS_Project_V2/data/ycb28/extracted_models/025_mug/025_mug/google_16k/textured.obj,official_ycb_download,1000,1,1,cylinder,cylinder,0.9980354,True,mixed_trained,1
/content/drive/MyDrive/PointNet_APS_Project_V2/data/ycb28/generated_pointclouds_bbox_norm/cylinder/025_mug/025_mug_sample_05.csv,025_mug,cylinder,1,5,ycb28,ycb28_test,/content/drive/MyDrive/PointNet_APS_Project_V2/data/ycb28/extracted_models/025_mug/025_mug/google_16k/textured.obj,official_ycb_download,1000,1,1,cylinder,cylinder,0.9871093,True,mixed_trained,1
/content/drive/MyDrive/PointNet_APS_Project_V2/data/ycb28/generated_pointclouds_bbox_norm/cylinder/025_mug/025_mug_sample_06.csv,025_mug,cylinder,1,6,ycb28,ycb28_test,/content/drive/MyDrive/PointNet_APS_Project_V2/data/ycb28/extracted_models/025_mug/025_mug/google_16k/textured.obj,official_ycb_download,1000,1,1,cylinder,cylinder,0.99776316,True,mixed_trained,1
/content/drive/MyDrive/PointNet_APS_Project_V2/data/ycb28/generated_pointclouds_bbox_norm/cylinder/025_mug/025_mug_sample_07.csv,025_mug,cylinder,1,7,ycb28,ycb28_test,/content/drive/MyDrive/PointNet_APS_Project_V2/data/ycb28/extracted_models/025_mug/025_mug/google_16k/textured.obj,official_ycb_download,1000,1,1,cylinder,cylinder,0.98814744,True,mixed_trained,1
/content/drive/MyDrive/PointNet_APS_Project_V2/data/ycb28/generated_pointclouds_bbox_norm/cylinder/025_mug/025_mug_sample_08.csv,025_mug,cylinder,1,8,ycb28,ycb28_test,/content/drive/MyDrive/PointNet_APS_Project_V2/data/ycb28/extracted_models/025_mug/025_mug/google_16k/textured.obj,official_ycb_download,1000,1,1,cylinder,cylinder,0.9975412,True,mixed_trained,1
/content/drive/MyDrive/PointNet_APS_Project_V2/data/ycb28/generated_pointclouds_bbox_norm/cylinder/025_mug/025_mug_sample_09.csv,025_mug,cylinder,1,9,ycb28,ycb28_test,/content/drive/MyDrive/PointNet_APS_Project_V2/data/ycb28/extracted_models/025_mug/025_mug/google_16k/textured.obj,official_ycb_download,1000,1,1,cylinder,cylinder,0.99054587,True,mixed_trained,1
/content/drive/MyDrive/PointNet_APS_Project_V2/data/ycb28/generated_pointclouds_bbox_norm/cylinder/025_mug/025_mug_sample_10.csv,025_mug,cylinder,1,10,ycb28,ycb28_test,/content/drive/MyDrive/PointNet_APS_Project_V2/data/ycb28/extracted_models/025_mug/025_mug/google_16k/textured.obj,official_ycb_download,1000,1,1,cylinder,cylinder,0.97884595,True,mixed_trained,1
/content/drive/MyDrive/PointNet_APS_Project_V2/data/ycb28/generated_pointclouds_bbox_norm/cylinder/025_mug/025_mug_sample_11.csv,025_mug,cylinder,1,11,ycb28,ycb28_test,/content/drive/MyDrive/PointNet_APS_Project_V2/data/ycb28/extracted_models/025_mug/025_mug/google_16k/textured.obj,official_ycb_download,1000,1,1,cylinder,cylinder,0.9920055,True,mixed_trained,1
/content/drive/MyDrive/PointNet_APS_Project_V2/data/ycb28/generated_pointclouds_bbox_norm/cylinder/025_mug/025_mug_sample_12.csv,025_mug,cylinder,1,12,ycb28,ycb28_test,/content/drive/MyDrive/PointNet_APS_Project_V2/data/ycb28/extracted_models/025_mug/025_mug/google_16k/textured.obj,official_ycb_download,1000,1,1,cylinder,cylinder,0.98156,True,mixed_trained,1
/content/drive/MyDrive/PointNet_APS_Project_V2/data/ycb28/generated_pointclouds_bbox_norm/cylinder/025_mug/025_mug_sample_13.csv,025_mug,cylinder,1,13,ycb28,ycb28_test,/content/drive/MyDrive/PointNet_APS_Project_V2/data/ycb28/extracted_models/025_mug/025_mug/google_16k/textured.obj,official_ycb_download,1000,1,1,cylinder,cylinder,0.966658,True,mixed_trained,1
/content/drive/MyDrive/PointNet_APS_Project_V2/data/ycb28/generated_pointclouds_bbox_norm/cylinder/025_mug/025_mug_sample_14.csv,025_mug,cylinder,1,14,ycb28,ycb28_test,/content/drive/MyDrive/PointNet_APS_Project_V2/data/ycb28/extracted_models/025_mug/025_mug/google_16k/textured.obj,official_ycb_download,1000,1,1,cylinder,cylinder,0.9973961,True,mixed_trained,1
/content/drive/MyDrive/PointNet_APS_Project_V2/data/ycb28/generated_pointclouds_bbox_norm/cylinder/025_mug/025_mug_sample_15.csv,025_mug,cylinder,1,15,ycb28,ycb28_test,/content/drive/MyDrive/PointNet_APS_Project_V2/data/ycb28/extracted_models/025_mug/025_mug/google_16k/textured.obj,official_ycb_download,1000,1,1,cylinder,cylinder,0.9956982,True,mixed_trained,1
/content/drive/MyDrive/PointNet_APS_Project_V2/data/ycb28/generated_pointclouds_bbox_norm/cylinder/025_mug/025_mug_sample_16.csv,025_mug,cylinder,1,16,ycb28,ycb28_test,/content/drive/MyDrive/PointNet_APS_Project_V2/data/ycb28/extracted_models/025_mug/025_mug/google_16k/textured.obj,official_ycb_download,1000,1,1,cylinder,cylinder,0.97030276,True,mixed_trained,1
/content/drive/MyDrive/PointNet_APS_Project_V2/data/ycb28/generated_pointclouds_bbox_norm/cylinder/025_mug/025_mug_sample_17.csv,025_mug,cylinder,1,17,ycb28,ycb28_test,/content/drive/MyDrive/PointNet_APS_Project_V2/data/ycb28/extracted_models/025_mug/025_mug/google_16k/textured.obj,official_ycb_download,1000,1,1,cylinder,cylinder,0.9863559,True,mixed_trained,1
/content/drive/MyDrive/PointNet_APS_Project_V2/data/ycb28/generated_pointclouds_bbox_norm/cylinder/025_mug/025_mug_sample_18.csv,025_mug,cylinder,1,18,ycb28,ycb28_test,/content/drive/MyDrive/PointNet_APS_Project_V2/data/ycb28/extracted_models/025_mug/025_mug/google_16k/textured.obj,official_ycb_download,1000,1,1,cylinder,cylinder,0.99591583,True,mixed_trained,1
/content/drive/MyDrive/PointNet_APS_Project_V2/data/ycb28/generated_pointclouds_bbox_norm/cylinder/025_mug/025_mug_sample_19.csv,025_mug,cylinder,1,19,ycb28,ycb28_test,/content/drive/MyDrive/PointNet_APS_Project_V2/data/ycb28/extracted_models/025_mug/025_mug/google_16k/textured.obj,official_ycb_download,1000,1,1,cylinder,cylinder,0.998412,True,mixed_trained,1
/content/drive/MyDrive/PointNet_APS_Project_V2/data/ycb28/generated_pointclouds_bbox_norm/cylinder/040_large_marker/040_large_marker_sample_00.csv,040_large_marker,cylinder,1,0,ycb28,ycb28_test,/content/drive/MyDrive/PointNet_APS_Project_V2/data/ycb28/extracted_models/040_large_marker/040_large_marker/google_16k/textured.obj,official_ycb_download,1000,1,1,cylinder,cylinder,0.997472,True,mixed_trained,1
/content/drive/MyDrive/PointNet_APS_Project_V2/data/ycb28/generated_pointclouds_bbox_norm/cylinder/040_large_marker/040_large_marker_sample_01.csv,040_large_marker,cylinder,1,1,ycb28,ycb28_test,/content/drive/MyDrive/PointNet_APS_Project_V2/data/ycb28/extracted_models/040_large_marker/040_large_marker/google_16k/textured.obj,official_ycb_download,1000,1,1,cylinder,cylinder,0.9969163,True,mixed_trained,1
/content/drive/MyDrive/PointNet_APS_Project_V2/data/ycb28/generated_pointclouds_bbox_norm/cylinder/040_large_marker/040_large_marker_sample_02.csv,040_large_marker,cylinder,1,2,ycb28,ycb28_test,/content/drive/MyDrive/PointNet_APS_Project_V2/data/ycb28/extracted_models/040_large_marker/040_large_marker/google_16k/textured.obj,official_ycb_download,1000,1,1,cylinder,cylinder,0.9923552,True,mixed_trained,1
/content/drive/MyDrive/PointNet_APS_Project_V2/data/ycb28/generated_pointclouds_bbox_norm/cylinder/040_large_marker/040_large_marker_sample_03.csv,040_large_marker,cylinder,1,3,ycb28,ycb28_test,/content/drive/MyDrive/PointNet_APS_Project_V2/data/ycb28/extracted_models/040_large_marker/040_large_marker/google_16k/textured.obj,official_ycb_download,1000,1,1,cylinder,cylinder,0.9957912,True,mixed_trained,1
/content/drive/MyDrive/PointNet_APS_Project_V2/data/ycb28/generated_pointclouds_bbox_norm/cylinder/040_large_marker/040_large_marker_sample_04.csv,040_large_marker,cylinder,1,4,ycb28,ycb28_test,/content/drive/MyDrive/PointNet_APS_Project_V2/data/ycb28/extracted_models/040_large_marker/040_large_marker/google_16k/textured.obj,official_ycb_download,1000,1,1,cylinder,cylinder,0.9895461,True,mixed_trained,1
/content/drive/MyDrive/PointNet_APS_Project_V2/data/ycb28/generated_pointclouds_bbox_norm/cylinder/040_large_marker/040_large_marker_sample_05.csv,040_large_marker,cylinder,1,5,ycb28,ycb28_test,/content/drive/MyDrive/PointNet_APS_Project_V2/data/ycb28/extracted_models/040_large_marker/040_large_marker/google_16k/textured.obj,official_ycb_download,1000,1,1,cylinder,cylinder,0.9928396,True,mixed_trained,1
/content/drive/MyDrive/PointNet_APS_Project_V2/data/ycb28/generated_pointclouds_bbox_norm/cylinder/040_large_marker/040_large_marker_sample_06.csv,040_large_marker,cylinder,1,6,ycb28,ycb28_test,/content/drive/MyDrive/PointNet_APS_Project_V2/data/ycb28/extracted_models/040_large_marker/040_large_marker/google_16k/textured.obj,official_ycb_download,1000,1,1,cylinder,cylinder,0.9988815,True,mixed_trained,1
/content/drive/MyDrive/PointNet_APS_Project_V2/data/ycb28/generated_pointclouds_bbox_norm/cylinder/040_large_marker/040_large_marker_sample_07.csv,040_large_marker,cylinder,1,7,ycb28,ycb28_test,/content/drive/MyDrive/PointNet_APS_Project_V2/data/ycb28/extracted_models/040_large_marker/040_large_marker/google_16k/textured.obj,official_ycb_download,1000,1,1,cylinder,cylinder,0.996079,True,mixed_trained,1
/content/drive/MyDrive/PointNet_APS_Project_V2/data/ycb28/generated_pointclouds_bbox_norm/cylinder/040_large_marker/040_large_marker_sample_08.csv,040_large_marker,cylinder,1,8,ycb28,ycb28_test,/content/drive/MyDrive/PointNet_APS_Project_V2/data/ycb28/extracted_models/040_large_marker/040_large_marker/google_16k/textured.obj,official_ycb_download,1000,1,1,cylinder,cylinder,0.99784553,True,mixed_trained,1
/content/drive/MyDrive/PointNet_APS_Project_V2/data/ycb28/generated_pointclouds_bbox_norm/cylinder/040_large_marker/040_large_marker_sample_09.csv,040_large_marker,cylinder,1,9,ycb28,ycb28_test,/content/drive/MyDrive/PointNet_APS_Project_V2/data/ycb28/extracted_models/040_large_marker/040_large_marker/google_16k/textured.obj,official_ycb_download,1000,1,1,cylinder,cylinder,0.99673516,True,mixed_trained,1
/content/drive/MyDrive/PointNet_APS_Project_V2/data/ycb28/generated_pointclouds_bbox_norm/cylinder/040_large_marker/040_large_marker_sample_10.csv,040_large_marker,cylinder,1,10,ycb28,ycb28_test,/content/drive/MyDrive/PointNet_APS_Project_V2/data/ycb28/extracted_models/040_large_marker/040_large_marker/google_16k/textured.obj,official_ycb_download,1000,1,1,cylinder,cylinder,0.99634343,True,mixed_trained,1
/content/drive/MyDrive/PointNet_APS_Project_V2/data/ycb28/generated_pointclouds_bbox_norm/cylinder/040_large_marker/040_large_marker_sample_11.csv,040_large_marker,cylinder,1,11,ycb28,ycb28_test,/content/drive/MyDrive/PointNet_APS_Project_V2/data/ycb28/extracted_models/040_large_marker/040_large_marker/google_16k/textured.obj,official_ycb_download,1000,1,1,cylinder,cylinder,0.9977132,True,mixed_trained,1
/content/drive/MyDrive/PointNet_APS_Project_V2/data/ycb28/generated_pointclouds_bbox_norm/cylinder/040_large_marker/040_large_marker_sample_12.csv,040_large_marker,cylinder,1,12,ycb28,ycb28_test,/content/drive/MyDrive/PointNet_APS_Project_V2/data/ycb28/extracted_models/040_large_marker/040_large_marker/google_16k/textured.obj,official_ycb_download,1000,1,1,cylinder,cylinder,0.99565244,True,mixed_trained,1
/content/drive/MyDrive/PointNet_APS_Project_V2/data/ycb28/generated_pointclouds_bbox_norm/cylinder/040_large_marker/040_large_marker_sample_13.csv,040_large_marker,cylinder,1,13,ycb28,ycb28_test,/content/drive/MyDrive/PointNet_APS_Project_V2/data/ycb28/extracted_models/040_large_marker/040_large_marker/google_16k/textured.obj,official_ycb_download,1000,1,1,cylinder,cylinder,0.9875568,True,mixed_trained,1
/content/drive/MyDrive/PointNet_APS_Project_V2/data/ycb28/generated_pointclouds_bbox_norm/cylinder/040_large_marker/040_large_marker_sample_14.csv,040_large_marker,cylinder,1,14,ycb28,ycb28_test,/content/drive/MyDrive/PointNet_APS_Project_V2/data/ycb28/extracted_models/040_large_marker/040_large_marker/google_16k/textured.obj,official_ycb_download,1000,1,1,cylinder,cylinder,0.99829656,True,mixed_trained,1
/content/drive/MyDrive/PointNet_APS_Project_V2/data/ycb28/generated_pointclouds_bbox_norm/cylinder/040_large_marker/040_large_marker_sample_15.csv,040_large_marker,cylinder,1,15,ycb28,ycb28_test,/content/drive/MyDrive/PointNet_APS_Project_V2/data/ycb28/extracted_models/040_large_marker/040_large_marker/google_16k/textured.obj,official_ycb_download,1000,1,1,cylinder,cylinder,0.99668103,True,mixed_trained,1
/content/drive/MyDrive/PointNet_APS_Project_V2/data/ycb28/generated_pointclouds_bbox_norm/cylinder/040_large_marker/040_large_marker_sample_16.csv,040_large_marker,cylinder,1,16,ycb28,ycb28_test,/content/drive/MyDrive/PointNet_APS_Project_V2/data/ycb28/extracted_models/040_large_marker/040_large_marker/google_16k/textured.obj,official_ycb_download,1000,1,1,cylinder,cylinder,0.994503,True,mixed_trained,1
/content/drive/MyDrive/PointNet_APS_Project_V2/data/ycb28/generated_pointclouds_bbox_norm/cylinder/040_large_marker/040_large_marker_sample_17.csv,040_large_marker,cylinder,1,17,ycb28,ycb28_test,/content/drive/MyDrive/PointNet_APS_Project_V2/data/ycb28/extracted_models/040_large_marker/040_large_marker/google_16k/textured.obj,official_ycb_download,1000,1,1,cylinder,cylinder,0.9977076,True,mixed_trained,1
/content/drive/MyDrive/PointNet_APS_Project_V2/data/ycb28/generated_pointclouds_bbox_norm/cylinder/040_large_marker/040_large_marker_sample_18.csv,040_large_marker,cylinder,1,18,ycb28,ycb28_test,/content/drive/MyDrive/PointNet_APS_Project_V2/data/ycb28/extracted_models/040_large_marker/040_large_marker/google_16k/textured.obj,official_ycb_download,1000,1,1,cylinder,cylinder,0.989267,True,mixed_trained,1
/content/drive/MyDrive/PointNet_APS_Project_V2/data/ycb28/generated_pointclouds_bbox_norm/cylinder/040_large_marker/040_large_marker_sample_19.csv,040_large_marker,cylinder,1,19,ycb28,ycb28_test,/content/drive/MyDrive/PointNet_APS_Project_V2/data/ycb28/extracted_models/040_large_marker/040_large_marker/google_16k/textured.obj,official_ycb_download,1000,1,1,cylinder,cylinder,0.99007726,True,mixed_trained,1
/content/drive/MyDrive/PointNet_APS_Project_V2/data/ycb28/generated_pointclouds_bbox_norm/cylinder/065_a_cups/065_a_cups_sample_00.csv,065_a_cups,cylinder,1,0,ycb28,ycb28_test,/content/drive/MyDrive/PointNet_APS_Project_V2/data/ycb28/extracted_models/065_a_cups/065-a_cups/google_16k/textured.obj,official_ycb_download,1000,1,1,cylinder,cylinder,0.9969934,True,mixed_trained,1
/content/drive/MyDrive/PointNet_APS_Project_V2/data/ycb28/generated_pointclouds_bbox_norm/cylinder/065_a_cups/065_a_cups_sample_01.csv,065_a_cups,cylinder,1,1,ycb28,ycb28_test,/content/drive/MyDrive/PointNet_APS_Project_V2/data/ycb28/extracted_models/065_a_cups/065-a_cups/google_16k/textured.obj,official_ycb_download,1000,1,1,cylinder,cylinder,0.97070235,True,mixed_trained,1
/content/drive/MyDrive/PointNet_APS_Project_V2/data/ycb28/generated_pointclouds_bbox_norm/cylinder/065_a_cups/065_a_cups_sample_02.csv,065_a_cups,cylinder,1,2,ycb28,ycb28_test,/content/drive/MyDrive/PointNet_APS_Project_V2/data/ycb28/extracted_models/065_a_cups/065-a_cups/google_16k/textured.obj,official_ycb_download,1000,1,1,cylinder,cylinder,0.96682733,True,mixed_trained,1
/content/drive/MyDrive/PointNet_APS_Project_V2/data/ycb28/generated_pointclouds_bbox_norm/cylinder/065_a_cups/065_a_cups_sample_03.csv,065_a_cups,cylinder,1,3,ycb28,ycb28_test,/content/drive/MyDrive/PointNet_APS_Project_V2/data/ycb28/extracted_models/065_a_cups/065-a_cups/google_16k/textured.obj,official_ycb_download,1000,1,1,cylinder,cylinder,0.99444443,True,mixed_trained,1
/content/drive/MyDrive/PointNet_APS_Project_V2/data/ycb28/generated_pointclouds_bbox_norm/cylinder/065_a_cups/065_a_cups_sample_04.csv,065_a_cups,cylinder,1,4,ycb28,ycb28_test,/content/drive/MyDrive/PointNet_APS_Project_V2/data/ycb28/extracted_models/065_a_cups/065-a_cups/google_16k/textured.obj,official_ycb_download,1000,1,1,cylinder,cylinder,0.9873865,True,mixed_trained,1
/content/drive/MyDrive/PointNet_APS_Project_V2/data/ycb28/generated_pointclouds_bbox_norm/cylinder/065_a_cups/065_a_cups_sample_05.csv,065_a_cups,cylinder,1,5,ycb28,ycb28_test,/content/drive/MyDrive/PointNet_APS_Project_V2/data/ycb28/extracted_models/065_a_cups/065-a_cups/google_16k/textured.obj,official_ycb_download,1000,1,1,cylinder,cylinder,0.9946432,True,mixed_trained,1
/content/drive/MyDrive/PointNet_APS_Project_V2/data/ycb28/generated_pointclouds_bbox_norm/cylinder/065_a_cups/065_a_cups_sample_06.csv,065_a_cups,cylinder,1,6,ycb28,ycb28_test,/content/drive/MyDrive/PointNet_APS_Project_V2/data/ycb28/extracted_models/065_a_cups/065-a_cups/google_16k/textured.obj,official_ycb_download,1000,1,1,cylinder,cylinder,0.8688298,True,mixed_trained,1
/content/drive/MyDrive/PointNet_APS_Project_V2/data/ycb28/generated_pointclouds_bbox_norm/cylinder/065_a_cups/065_a_cups_sample_07.csv,065_a_cups,cylinder,1,7,ycb28,ycb28_test,/content/drive/MyDrive/PointNet_APS_Project_V2/data/ycb28/extracted_models/065_a_cups/065-a_cups/google_16k/textured.obj,official_ycb_download,1000,1,1,cylinder,cylinder,0.9900513,True,mixed_trained,1
/content/drive/MyDrive/PointNet_APS_Project_V2/data/ycb28/generated_pointclouds_bbox_norm/cylinder/065_a_cups/065_a_cups_sample_08.csv,065_a_cups,cylinder,1,8,ycb28,ycb28_test,/content/drive/MyDrive/PointNet_APS_Project_V2/data/ycb28/extracted_models/065_a_cups/065-a_cups/google_16k/textured.obj,official_ycb_download,1000,1,1,cylinder,cylinder,0.9891922,True,mixed_trained,1
/content/drive/MyDrive/PointNet_APS_Project_V2/data/ycb28/generated_pointclouds_bbox_norm/cylinder/065_a_cups/065_a_cups_sample_09.csv,065_a_cups,cylinder,1,9,ycb28,ycb28_test,/content/drive/MyDrive/PointNet_APS_Project_V2/data/ycb28/extracted_models/065_a_cups/065-a_cups/google_16k/textured.obj,official_ycb_download,1000,1,1,cylinder,cylinder,0.98048234,True,mixed_trained,1
/content/drive/MyDrive/PointNet_APS_Project_V2/data/ycb28/generated_pointclouds_bbox_norm/cylinder/065_a_cups/065_a_cups_sample_10.csv,065_a_cups,cylinder,1,10,ycb28,ycb28_test,/content/drive/MyDrive/PointNet_APS_Project_V2/data/ycb28/extracted_models/065_a_cups/065-a_cups/google_16k/textured.obj,official_ycb_download,1000,1,1,cylinder,cylinder,0.9757331,True,mixed_trained,1
/content/drive/MyDrive/PointNet_APS_Project_V2/data/ycb28/generated_pointclouds_bbox_norm/cylinder/065_a_cups/065_a_cups_sample_11.csv,065_a_cups,cylinder,1,11,ycb28,ycb28_test,/content/drive/MyDrive/PointNet_APS_Project_V2/data/ycb28/extracted_models/065_a_cups/065-a_cups/google_16k/textured.obj,official_ycb_download,1000,1,1,cylinder,cylinder,0.9199317,True,mixed_trained,1
/content/drive/MyDrive/PointNet_APS_Project_V2/data/ycb28/generated_pointclouds_bbox_norm/cylinder/065_a_cups/065_a_cups_sample_12.csv,065_a_cups,cylinder,1,12,ycb28,ycb28_test,/content/drive/MyDrive/PointNet_APS_Project_V2/data/ycb28/extracted_models/065_a_cups/065-a_cups/google_16k/textured.obj,official_ycb_download,1000,1,1,cylinder,cylinder,0.982393,True,mixed_trained,1
/content/drive/MyDrive/PointNet_APS_Project_V2/data/ycb28/generated_pointclouds_bbox_norm/cylinder/065_a_cups/065_a_cups_sample_13.csv,065_a_cups,cylinder,1,13,ycb28,ycb28_test,/content/drive/MyDrive/PointNet_APS_Project_V2/data/ycb28/extracted_models/065_a_cups/065-a_cups/google_16k/textured.obj,official_ycb_download,1000,1,1,cylinder,cylinder,0.7106889,True,mixed_trained,1
/content/drive/MyDrive/PointNet_APS_Project_V2/data/ycb28/generated_pointclouds_bbox_norm/cylinder/065_a_cups/065_a_cups_sample_14.csv,065_a_cups,cylinder,1,14,ycb28,ycb28_test,/content/drive/MyDrive/PointNet_APS_Project_V2/data/ycb28/extracted_models/065_a_cups/065-a_cups/google_16k/textured.obj,official_ycb_download,1000,1,1,cylinder,cylinder,0.98097813,True,mixed_trained,1
/content/drive/MyDrive/PointNet_APS_Project_V2/data/ycb28/generated_pointclouds_bbox_norm/cylinder/065_a_cups/065_a_cups_sample_15.csv,065_a_cups,cylinder,1,15,ycb28,ycb28_test,/content/drive/MyDrive/PointNet_APS_Project_V2/data/ycb28/extracted_models/065_a_cups/065-a_cups/google_16k/textured.obj,official_ycb_download,1000,1,1,cylinder,cylinder,0.9530849,True,mixed_trained,1
/content/drive/MyDrive/PointNet_APS_Project_V2/data/ycb28/generated_pointclouds_bbox_norm/cylinder/065_a_cups/065_a_cups_sample_16.csv,065_a_cups,cylinder,1,16,ycb28,ycb28_test,/content/drive/MyDrive/PointNet_APS_Project_V2/data/ycb28/extracted_models/065_a_cups/065-a_cups/google_16k/textured.obj,official_ycb_download,1000,1,1,cylinder,cylinder,0.98489076,True,mixed_trained,1
/content/drive/MyDrive/PointNet_APS_Project_V2/data/ycb28/generated_pointclouds_bbox_norm/cylinder/065_a_cups/065_a_cups_sample_17.csv,065_a_cups,cylinder,1,17,ycb28,ycb28_test,/content/drive/MyDrive/PointNet_APS_Project_V2/data/ycb28/extracted_models/065_a_cups/065-a_cups/google_16k/textured.obj,official_ycb_download,1000,1,1,cylinder,cylinder,0.9845471,True,mixed_trained,1
/content/drive/MyDrive/PointNet_APS_Project_V2/data/ycb28/generated_pointclouds_bbox_norm/cylinder/065_a_cups/065_a_cups_sample_18.csv,065_a_cups,cylinder,1,18,ycb28,ycb28_test,/content/drive/MyDrive/PointNet_APS_Project_V2/data/ycb28/extracted_models/065_a_cups/065-a_cups/google_16k/textured.obj,official_ycb_download,1000,1,1,cylinder,cylinder,0.9885129,True,mixed_trained,1
/content/drive/MyDrive/PointNet_APS_Project_V2/data/ycb28/generated_pointclouds_bbox_norm/cylinder/065_a_cups/065_a_cups_sample_19.csv,065_a_cups,cylinder,1,19,ycb28,ycb28_test,/content/drive/MyDrive/PointNet_APS_Project_V2/data/ycb28/extracted_models/065_a_cups/065-a_cups/google_16k/textured.obj,official_ycb_download,1000,1,1,cylinder,cylinder,0.9125864,True,mixed_trained,1
/content/drive/MyDrive/PointNet_APS_Project_V2/data/ycb28/generated_pointclouds_bbox_norm/sphere/012_strawberry/012_strawberry_sample_00.csv,012_strawberry,sphere,2,0,ycb28,ycb28_test,/content/drive/MyDrive/PointNet_APS_Project_V2/data/ycb28/extracted_models/012_strawberry/012_strawberry/google_16k/textured.obj,official_ycb_download,1000,2,1,sphere,cylinder,0.99376655,False,mixed_trained,1
/content/drive/MyDrive/PointNet_APS_Project_V2/data/ycb28/generated_pointclouds_bbox_norm/sphere/012_strawberry/012_strawberry_sample_01.csv,012_strawberry,sphere,2,1,ycb28,ycb28_test,/content/drive/MyDrive/PointNet_APS_Project_V2/data/ycb28/extracted_models/012_strawberry/012_strawberry/google_16k/textured.obj,official_ycb_download,1000,2,1,sphere,cylinder,0.9915386,False,mixed_trained,1
/content/drive/MyDrive/PointNet_APS_Project_V2/data/ycb28/generated_pointclouds_bbox_norm/sphere/012_strawberry/012_strawberry_sample_02.csv,012_strawberry,sphere,2,2,ycb28,ycb28_test,/content/drive/MyDrive/PointNet_APS_Project_V2/data/ycb28/extracted_models/012_strawberry/012_strawberry/google_16k/textured.obj,official_ycb_download,1000,2,1,sphere,cylinder,0.98379797,False,mixed_trained,1
/content/drive/MyDrive/PointNet_APS_Project_V2/data/ycb28/generated_pointclouds_bbox_norm/sphere/012_strawberry/012_strawberry_sample_03.csv,012_strawberry,sphere,2,3,ycb28,ycb28_test,/content/drive/MyDrive/PointNet_APS_Project_V2/data/ycb28/extracted_models/012_strawberry/012_strawberry/google_16k/textured.obj,official_ycb_download,1000,2,1,sphere,cylinder,0.9949692,False,mixed_trained,1
/content/drive/MyDrive/PointNet_APS_Project_V2/data/ycb28/generated_pointclouds_bbox_norm/sphere/012_strawberry/012_strawberry_sample_04.csv,012_strawberry,sphere,2,4,ycb28,ycb28_test,/content/drive/MyDrive/PointNet_APS_Project_V2/data/ycb28/extracted_models/012_strawberry/012_strawberry/google_16k/textured.obj,official_ycb_download,1000,2,1,sphere,cylinder,0.9886429,False,mixed_trained,1
/content/drive/MyDrive/PointNet_APS_Project_V2/data/ycb28/generated_pointclouds_bbox_norm/sphere/012_strawberry/012_strawberry_sample_05.csv,012_strawberry,sphere,2,5,ycb28,ycb28_test,/content/drive/MyDrive/PointNet_APS_Project_V2/data/ycb28/extracted_models/012_strawberry/012_strawberry/google_16k/textured.obj,official_ycb_download,1000,2,1,sphere,cylinder,0.9540304,False,mixed_trained,1
/content/drive/MyDrive/PointNet_APS_Project_V2/data/ycb28/generated_pointclouds_bbox_norm/sphere/012_strawberry/012_strawberry_sample_06.csv,012_strawberry,sphere,2,6,ycb28,ycb28_test,/content/drive/MyDrive/PointNet_APS_Project_V2/data/ycb28/extracted_models/012_strawberry/012_strawberry/google_16k/textured.obj,official_ycb_download,1000,2,1,sphere,cylinder,0.9496715,False,mixed_trained,1
/content/drive/MyDrive/PointNet_APS_Project_V2/data/ycb28/generated_pointclouds_bbox_norm/sphere/012_strawberry/012_strawberry_sample_07.csv,012_strawberry,sphere,2,7,ycb28,ycb28_test,/content/drive/MyDrive/PointNet_APS_Project_V2/data/ycb28/extracted_models/012_strawberry/012_strawberry/google_16k/textured.obj,official_ycb_download,1000,2,1,sphere,cylinder,0.9877258,False,mixed_trained,1
/content/drive/MyDrive/PointNet_APS_Project_V2/data/ycb28/generated_pointclouds_bbox_norm/sphere/012_strawberry/012_strawberry_sample_08.csv,012_strawberry,sphere,2,8,ycb28,ycb28_test,/content/drive/MyDrive/PointNet_APS_Project_V2/data/ycb28/extracted_models/012_strawberry/012_strawberry/google_16k/textured.obj,official_ycb_download,1000,2,1,sphere,cylinder,0.9607172,False,mixed_trained,1
/content/drive/MyDrive/PointNet_APS_Project_V2/data/ycb28/generated_pointclouds_bbox_norm/sphere/012_strawberry/012_strawberry_sample_09.csv,012_strawberry,sphere,2,9,ycb28,ycb28_test,/content/drive/MyDrive/PointNet_APS_Project_V2/data/ycb28/extracted_models/012_strawberry/012_strawberry/google_16k/textured.obj,official_ycb_download,1000,2,1,sphere,cylinder,0.98795074,False,mixed_trained,1
/content/drive/MyDrive/PointNet_APS_Project_V2/data/ycb28/generated_pointclouds_bbox_norm/sphere/012_strawberry/012_strawberry_sample_10.csv,012_strawberry,sphere,2,10,ycb28,ycb28_test,/content/drive/MyDrive/PointNet_APS_Project_V2/data/ycb28/extracted_models/012_strawberry/012_strawberry/google_16k/textured.obj,official_ycb_download,1000,2,1,sphere,cylinder,0.96280646,False,mixed_trained,1
/content/drive/MyDrive/PointNet_APS_Project_V2/data/ycb28/generated_pointclouds_bbox_norm/sphere/012_strawberry/012_strawberry_sample_11.csv,012_strawberry,sphere,2,11,ycb28,ycb28_test,/content/drive/MyDrive/PointNet_APS_Project_V2/data/ycb28/extracted_models/012_strawberry/012_strawberry/google_16k/textured.obj,official_ycb_download,1000,2,1,sphere,cylinder,0.99081516,False,mixed_trained,1
/content/drive/MyDrive/PointNet_APS_Project_V2/data/ycb28/generated_pointclouds_bbox_norm/sphere/012_strawberry/012_strawberry_sample_12.csv,012_strawberry,sphere,2,12,ycb28,ycb28_test,/content/drive/MyDrive/PointNet_APS_Project_V2/data/ycb28/extracted_models/012_strawberry/012_strawberry/google_16k/textured.obj,official_ycb_download,1000,2,1,sphere,cylinder,0.995086,False,mixed_trained,1
/content/drive/MyDrive/PointNet_APS_Project_V2/data/ycb28/generated_pointclouds_bbox_norm/sphere/012_strawberry/012_strawberry_sample_13.csv,012_strawberry,sphere,2,13,ycb28,ycb28_test,/content/drive/MyDrive/PointNet_APS_Project_V2/data/ycb28/extracted_models/012_strawberry/012_strawberry/google_16k/textured.obj,official_ycb_download,1000,2,1,sphere,cylinder,0.9918616,False,mixed_trained,1
/content/drive/MyDrive/PointNet_APS_Project_V2/data/ycb28/generated_pointclouds_bbox_norm/sphere/012_strawberry/012_strawberry_sample_14.csv,012_strawberry,sphere,2,14,ycb28,ycb28_test,/content/drive/MyDrive/PointNet_APS_Project_V2/data/ycb28/extracted_models/012_strawberry/012_strawberry/google_16k/textured.obj,official_ycb_download,1000,2,1,sphere,cylinder,0.96321297,False,mixed_trained,1
/content/drive/MyDrive/PointNet_APS_Project_V2/data/ycb28/generated_pointclouds_bbox_norm/sphere/012_strawberry/012_strawberry_sample_15.csv,012_strawberry,sphere,2,15,ycb28,ycb28_test,/content/drive/MyDrive/PointNet_APS_Project_V2/data/ycb28/extracted_models/012_strawberry/012_strawberry/google_16k/textured.obj,official_ycb_download,1000,2,1,sphere,cylinder,0.96068066,False,mixed_trained,1
/content/drive/MyDrive/PointNet_APS_Project_V2/data/ycb28/generated_pointclouds_bbox_norm/sphere/012_strawberry/012_strawberry_sample_16.csv,012_strawberry,sphere,2,16,ycb28,ycb28_test,/content/drive/MyDrive/PointNet_APS_Project_V2/data/ycb28/extracted_models/012_strawberry/012_strawberry/google_16k/textured.obj,official_ycb_download,1000,2,1,sphere,cylinder,0.98630875,False,mixed_trained,1
/content/drive/MyDrive/PointNet_APS_Project_V2/data/ycb28/generated_pointclouds_bbox_norm/sphere/012_strawberry/012_strawberry_sample_17.csv,012_strawberry,sphere,2,17,ycb28,ycb28_test,/content/drive/MyDrive/PointNet_APS_Project_V2/data/ycb28/extracted_models/012_strawberry/012_strawberry/google_16k/textured.obj,official_ycb_download,1000,2,1,sphere,cylinder,0.90564674,False,mixed_trained,1
/content/drive/MyDrive/PointNet_APS_Project_V2/data/ycb28/generated_pointclouds_bbox_norm/sphere/012_strawberry/012_strawberry_sample_18.csv,012_strawberry,sphere,2,18,ycb28,ycb28_test,/content/drive/MyDrive/PointNet_APS_Project_V2/data/ycb28/extracted_models/012_strawberry/012_strawberry/google_16k/textured.obj,official_ycb_download,1000,2,1,sphere,cylinder,0.97218823,False,mixed_trained,1
/content/drive/MyDrive/PointNet_APS_Project_V2/data/ycb28/generated_pointclouds_bbox_norm/sphere/012_strawberry/012_strawberry_sample_19.csv,012_strawberry,sphere,2,19,ycb28,ycb28_test,/content/drive/MyDrive/PointNet_APS_Project_V2/data/ycb28/extracted_models/012_strawberry/012_strawberry/google_16k/textured.obj,official_ycb_download,1000,2,1,sphere,cylinder,0.9865649,False,mixed_trained,1
/content/drive/MyDrive/PointNet_APS_Project_V2/data/ycb28/generated_pointclouds_bbox_norm/sphere/014_lemon/014_lemon_sample_00.csv,014_lemon,sphere,2,0,ycb28,ycb28_test,/content/drive/MyDrive/PointNet_APS_Project_V2/data/ycb28/extracted_models/014_lemon/014_lemon/google_16k/textured.obj,official_ycb_download,1000,2,2,sphere,sphere,0.99549246,True,mixed_trained,1
/content/drive/MyDrive/PointNet_APS_Project_V2/data/ycb28/generated_pointclouds_bbox_norm/sphere/014_lemon/014_lemon_sample_01.csv,014_lemon,sphere,2,1,ycb28,ycb28_test,/content/drive/MyDrive/PointNet_APS_Project_V2/data/ycb28/extracted_models/014_lemon/014_lemon/google_16k/textured.obj,official_ycb_download,1000,2,2,sphere,sphere,0.9984194,True,mixed_trained,1
/content/drive/MyDrive/PointNet_APS_Project_V2/data/ycb28/generated_pointclouds_bbox_norm/sphere/014_lemon/014_lemon_sample_02.csv,014_lemon,sphere,2,2,ycb28,ycb28_test,/content/drive/MyDrive/PointNet_APS_Project_V2/data/ycb28/extracted_models/014_lemon/014_lemon/google_16k/textured.obj,official_ycb_download,1000,2,2,sphere,sphere,0.9920141,True,mixed_trained,1
/content/drive/MyDrive/PointNet_APS_Project_V2/data/ycb28/generated_pointclouds_bbox_norm/sphere/014_lemon/014_lemon_sample_03.csv,014_lemon,sphere,2,3,ycb28,ycb28_test,/content/drive/MyDrive/PointNet_APS_Project_V2/data/ycb28/extracted_models/014_lemon/014_lemon/google_16k/textured.obj,official_ycb_download,1000,2,2,sphere,sphere,0.99905974,True,mixed_trained,1
/content/drive/MyDrive/PointNet_APS_Project_V2/data/ycb28/generated_pointclouds_bbox_norm/sphere/014_lemon/014_lemon_sample_04.csv,014_lemon,sphere,2,4,ycb28,ycb28_test,/content/drive/MyDrive/PointNet_APS_Project_V2/data/ycb28/extracted_models/014_lemon/014_lemon/google_16k/textured.obj,official_ycb_download,1000,2,2,sphere,sphere,0.9979505,True,mixed_trained,1
/content/drive/MyDrive/PointNet_APS_Project_V2/data/ycb28/generated_pointclouds_bbox_norm/sphere/014_lemon/014_lemon_sample_05.csv,014_lemon,sphere,2,5,ycb28,ycb28_test,/content/drive/MyDrive/PointNet_APS_Project_V2/data/ycb28/extracted_models/014_lemon/014_lemon/google_16k/textured.obj,official_ycb_download,1000,2,2,sphere,sphere,0.99827266,True,mixed_trained,1
/content/drive/MyDrive/PointNet_APS_Project_V2/data/ycb28/generated_pointclouds_bbox_norm/sphere/014_lemon/014_lemon_sample_06.csv,014_lemon,sphere,2,6,ycb28,ycb28_test,/content/drive/MyDrive/PointNet_APS_Project_V2/data/ycb28/extracted_models/014_lemon/014_lemon/google_16k/textured.obj,official_ycb_download,1000,2,2,sphere,sphere,0.9675665,True,mixed_trained,1
/content/drive/MyDrive/PointNet_APS_Project_V2/data/ycb28/generated_pointclouds_bbox_norm/sphere/014_lemon/014_lemon_sample_07.csv,014_lemon,sphere,2,7,ycb28,ycb28_test,/content/drive/MyDrive/PointNet_APS_Project_V2/data/ycb28/extracted_models/014_lemon/014_lemon/google_16k/textured.obj,official_ycb_download,1000,2,2,sphere,sphere,0.9640487,True,mixed_trained,1
/content/drive/MyDrive/PointNet_APS_Project_V2/data/ycb28/generated_pointclouds_bbox_norm/sphere/014_lemon/014_lemon_sample_08.csv,014_lemon,sphere,2,8,ycb28,ycb28_test,/content/drive/MyDrive/PointNet_APS_Project_V2/data/ycb28/extracted_models/014_lemon/014_lemon/google_16k/textured.obj,official_ycb_download,1000,2,2,sphere,sphere,0.991844,True,mixed_trained,1
/content/drive/MyDrive/PointNet_APS_Project_V2/data/ycb28/generated_pointclouds_bbox_norm/sphere/014_lemon/014_lemon_sample_09.csv,014_lemon,sphere,2,9,ycb28,ycb28_test,/content/drive/MyDrive/PointNet_APS_Project_V2/data/ycb28/extracted_models/014_lemon/014_lemon/google_16k/textured.obj,official_ycb_download,1000,2,2,sphere,sphere,0.99710757,True,mixed_trained,1
/content/drive/MyDrive/PointNet_APS_Project_V2/data/ycb28/generated_pointclouds_bbox_norm/sphere/014_lemon/014_lemon_sample_10.csv,014_lemon,sphere,2,10,ycb28,ycb28_test,/content/drive/MyDrive/PointNet_APS_Project_V2/data/ycb28/extracted_models/014_lemon/014_lemon/google_16k/textured.obj,official_ycb_download,1000,2,2,sphere,sphere,0.8531705,True,mixed_trained,1
/content/drive/MyDrive/PointNet_APS_Project_V2/data/ycb28/generated_pointclouds_bbox_norm/sphere/014_lemon/014_lemon_sample_11.csv,014_lemon,sphere,2,11,ycb28,ycb28_test,/content/drive/MyDrive/PointNet_APS_Project_V2/data/ycb28/extracted_models/014_lemon/014_lemon/google_16k/textured.obj,official_ycb_download,1000,2,2,sphere,sphere,0.9845404,True,mixed_trained,1
/content/drive/MyDrive/PointNet_APS_Project_V2/data/ycb28/generated_pointclouds_bbox_norm/sphere/014_lemon/014_lemon_sample_12.csv,014_lemon,sphere,2,12,ycb28,ycb28_test,/content/drive/MyDrive/PointNet_APS_Project_V2/data/ycb28/extracted_models/014_lemon/014_lemon/google_16k/textured.obj,official_ycb_download,1000,2,2,sphere,sphere,0.9893105,True,mixed_trained,1
/content/drive/MyDrive/PointNet_APS_Project_V2/data/ycb28/generated_pointclouds_bbox_norm/sphere/014_lemon/014_lemon_sample_13.csv,014_lemon,sphere,2,13,ycb28,ycb28_test,/content/drive/MyDrive/PointNet_APS_Project_V2/data/ycb28/extracted_models/014_lemon/014_lemon/google_16k/textured.obj,official_ycb_download,1000,2,2,sphere,sphere,0.97966135,True,mixed_trained,1
/content/drive/MyDrive/PointNet_APS_Project_V2/data/ycb28/generated_pointclouds_bbox_norm/sphere/014_lemon/014_lemon_sample_14.csv,014_lemon,sphere,2,14,ycb28,ycb28_test,/content/drive/MyDrive/PointNet_APS_Project_V2/data/ycb28/extracted_models/014_lemon/014_lemon/google_16k/textured.obj,official_ycb_download,1000,2,2,sphere,sphere,0.9489871,True,mixed_trained,1
/content/drive/MyDrive/PointNet_APS_Project_V2/data/ycb28/generated_pointclouds_bbox_norm/sphere/014_lemon/014_lemon_sample_15.csv,014_lemon,sphere,2,15,ycb28,ycb28_test,/content/drive/MyDrive/PointNet_APS_Project_V2/data/ycb28/extracted_models/014_lemon/014_lemon/google_16k/textured.obj,official_ycb_download,1000,2,2,sphere,sphere,0.97797114,True,mixed_trained,1
/content/drive/MyDrive/PointNet_APS_Project_V2/data/ycb28/generated_pointclouds_bbox_norm/sphere/014_lemon/014_lemon_sample_16.csv,014_lemon,sphere,2,16,ycb28,ycb28_test,/content/drive/MyDrive/PointNet_APS_Project_V2/data/ycb28/extracted_models/014_lemon/014_lemon/google_16k/textured.obj,official_ycb_download,1000,2,2,sphere,sphere,0.91409653,True,mixed_trained,1
/content/drive/MyDrive/PointNet_APS_Project_V2/data/ycb28/generated_pointclouds_bbox_norm/sphere/014_lemon/014_lemon_sample_17.csv,014_lemon,sphere,2,17,ycb28,ycb28_test,/content/drive/MyDrive/PointNet_APS_Project_V2/data/ycb28/extracted_models/014_lemon/014_lemon/google_16k/textured.obj,official_ycb_download,1000,2,2,sphere,sphere,0.9960173,True,mixed_trained,1
/content/drive/MyDrive/PointNet_APS_Project_V2/data/ycb28/generated_pointclouds_bbox_norm/sphere/014_lemon/014_lemon_sample_18.csv,014_lemon,sphere,2,18,ycb28,ycb28_test,/content/drive/MyDrive/PointNet_APS_Project_V2/data/ycb28/extracted_models/014_lemon/014_lemon/google_16k/textured.obj,official_ycb_download,1000,2,2,sphere,sphere,0.99973935,True,mixed_trained,1
/content/drive/MyDrive/PointNet_APS_Project_V2/data/ycb28/generated_pointclouds_bbox_norm/sphere/014_lemon/014_lemon_sample_19.csv,014_lemon,sphere,2,19,ycb28,ycb28_test,/content/drive/MyDrive/PointNet_APS_Project_V2/data/ycb28/extracted_models/014_lemon/014_lemon/google_16k/textured.obj,official_ycb_download,1000,2,2,sphere,sphere,0.99030757,True,mixed_trained,1
/content/drive/MyDrive/PointNet_APS_Project_V2/data/ycb28/generated_pointclouds_bbox_norm/sphere/015_peach/015_peach_sample_00.csv,015_peach,sphere,2,0,ycb28,ycb28_test,/content/drive/MyDrive/PointNet_APS_Project_V2/data/ycb28/extracted_models/015_peach/015_peach/google_16k/textured.obj,official_ycb_download,1000,2,2,sphere,sphere,0.99822,True,mixed_trained,1
/content/drive/MyDrive/PointNet_APS_Project_V2/data/ycb28/generated_pointclouds_bbox_norm/sphere/015_peach/015_peach_sample_01.csv,015_peach,sphere,2,1,ycb28,ycb28_test,/content/drive/MyDrive/PointNet_APS_Project_V2/data/ycb28/extracted_models/015_peach/015_peach/google_16k/textured.obj,official_ycb_download,1000,2,2,sphere,sphere,0.9984427,True,mixed_trained,1
/content/drive/MyDrive/PointNet_APS_Project_V2/data/ycb28/generated_pointclouds_bbox_norm/sphere/015_peach/015_peach_sample_02.csv,015_peach,sphere,2,2,ycb28,ycb28_test,/content/drive/MyDrive/PointNet_APS_Project_V2/data/ycb28/extracted_models/015_peach/015_peach/google_16k/textured.obj,official_ycb_download,1000,2,2,sphere,sphere,0.9997271,True,mixed_trained,1
/content/drive/MyDrive/PointNet_APS_Project_V2/data/ycb28/generated_pointclouds_bbox_norm/sphere/015_peach/015_peach_sample_03.csv,015_peach,sphere,2,3,ycb28,ycb28_test,/content/drive/MyDrive/PointNet_APS_Project_V2/data/ycb28/extracted_models/015_peach/015_peach/google_16k/textured.obj,official_ycb_download,1000,2,2,sphere,sphere,0.99878854,True,mixed_trained,1
/content/drive/MyDrive/PointNet_APS_Project_V2/data/ycb28/generated_pointclouds_bbox_norm/sphere/015_peach/015_peach_sample_04.csv,015_peach,sphere,2,4,ycb28,ycb28_test,/content/drive/MyDrive/PointNet_APS_Project_V2/data/ycb28/extracted_models/015_peach/015_peach/google_16k/textured.obj,official_ycb_download,1000,2,2,sphere,sphere,0.99948657,True,mixed_trained,1
/content/drive/MyDrive/PointNet_APS_Project_V2/data/ycb28/generated_pointclouds_bbox_norm/sphere/015_peach/015_peach_sample_05.csv,015_peach,sphere,2,5,ycb28,ycb28_test,/content/drive/MyDrive/PointNet_APS_Project_V2/data/ycb28/extracted_models/015_peach/015_peach/google_16k/textured.obj,official_ycb_download,1000,2,2,sphere,sphere,0.9995685,True,mixed_trained,1
/content/drive/MyDrive/PointNet_APS_Project_V2/data/ycb28/generated_pointclouds_bbox_norm/sphere/015_peach/015_peach_sample_06.csv,015_peach,sphere,2,6,ycb28,ycb28_test,/content/drive/MyDrive/PointNet_APS_Project_V2/data/ycb28/extracted_models/015_peach/015_peach/google_16k/textured.obj,official_ycb_download,1000,2,2,sphere,sphere,0.99998283,True,mixed_trained,1
/content/drive/MyDrive/PointNet_APS_Project_V2/data/ycb28/generated_pointclouds_bbox_norm/sphere/015_peach/015_peach_sample_07.csv,015_peach,sphere,2,7,ycb28,ycb28_test,/content/drive/MyDrive/PointNet_APS_Project_V2/data/ycb28/extracted_models/015_peach/015_peach/google_16k/textured.obj,official_ycb_download,1000,2,2,sphere,sphere,0.9994475,True,mixed_trained,1
/content/drive/MyDrive/PointNet_APS_Project_V2/data/ycb28/generated_pointclouds_bbox_norm/sphere/015_peach/015_peach_sample_08.csv,015_peach,sphere,2,8,ycb28,ycb28_test,/content/drive/MyDrive/PointNet_APS_Project_V2/data/ycb28/extracted_models/015_peach/015_peach/google_16k/textured.obj,official_ycb_download,1000,2,2,sphere,sphere,0.9955284,True,mixed_trained,1
/content/drive/MyDrive/PointNet_APS_Project_V2/data/ycb28/generated_pointclouds_bbox_norm/sphere/015_peach/015_peach_sample_09.csv,015_peach,sphere,2,9,ycb28,ycb28_test,/content/drive/MyDrive/PointNet_APS_Project_V2/data/ycb28/extracted_models/015_peach/015_peach/google_16k/textured.obj,official_ycb_download,1000,2,2,sphere,sphere,0.9999654,True,mixed_trained,1
/content/drive/MyDrive/PointNet_APS_Project_V2/data/ycb28/generated_pointclouds_bbox_norm/sphere/015_peach/015_peach_sample_10.csv,015_peach,sphere,2,10,ycb28,ycb28_test,/content/drive/MyDrive/PointNet_APS_Project_V2/data/ycb28/extracted_models/015_peach/015_peach/google_16k/textured.obj,official_ycb_download,1000,2,2,sphere,sphere,0.9999012,True,mixed_trained,1
/content/drive/MyDrive/PointNet_APS_Project_V2/data/ycb28/generated_pointclouds_bbox_norm/sphere/015_peach/015_peach_sample_11.csv,015_peach,sphere,2,11,ycb28,ycb28_test,/content/drive/MyDrive/PointNet_APS_Project_V2/data/ycb28/extracted_models/015_peach/015_peach/google_16k/textured.obj,official_ycb_download,1000,2,2,sphere,sphere,0.9999714,True,mixed_trained,1
/content/drive/MyDrive/PointNet_APS_Project_V2/data/ycb28/generated_pointclouds_bbox_norm/sphere/015_peach/015_peach_sample_12.csv,015_peach,sphere,2,12,ycb28,ycb28_test,/content/drive/MyDrive/PointNet_APS_Project_V2/data/ycb28/extracted_models/015_peach/015_peach/google_16k/textured.obj,official_ycb_download,1000,2,2,sphere,sphere,0.99901104,True,mixed_trained,1
/content/drive/MyDrive/PointNet_APS_Project_V2/data/ycb28/generated_pointclouds_bbox_norm/sphere/015_peach/015_peach_sample_13.csv,015_peach,sphere,2,13,ycb28,ycb28_test,/content/drive/MyDrive/PointNet_APS_Project_V2/data/ycb28/extracted_models/015_peach/015_peach/google_16k/textured.obj,official_ycb_download,1000,2,2,sphere,sphere,0.99984133,True,mixed_trained,1
/content/drive/MyDrive/PointNet_APS_Project_V2/data/ycb28/generated_pointclouds_bbox_norm/sphere/015_peach/015_peach_sample_14.csv,015_peach,sphere,2,14,ycb28,ycb28_test,/content/drive/MyDrive/PointNet_APS_Project_V2/data/ycb28/extracted_models/015_peach/015_peach/google_16k/textured.obj,official_ycb_download,1000,2,2,sphere,sphere,0.99997866,True,mixed_trained,1
/content/drive/MyDrive/PointNet_APS_Project_V2/data/ycb28/generated_pointclouds_bbox_norm/sphere/015_peach/015_peach_sample_15.csv,015_peach,sphere,2,15,ycb28,ycb28_test,/content/drive/MyDrive/PointNet_APS_Project_V2/data/ycb28/extracted_models/015_peach/015_peach/google_16k/textured.obj,official_ycb_download,1000,2,2,sphere,sphere,0.9999156,True,mixed_trained,1
/content/drive/MyDrive/PointNet_APS_Project_V2/data/ycb28/generated_pointclouds_bbox_norm/sphere/015_peach/015_peach_sample_16.csv,015_peach,sphere,2,16,ycb28,ycb28_test,/content/drive/MyDrive/PointNet_APS_Project_V2/data/ycb28/extracted_models/015_peach/015_peach/google_16k/textured.obj,official_ycb_download,1000,2,2,sphere,sphere,0.9994981,True,mixed_trained,1
/content/drive/MyDrive/PointNet_APS_Project_V2/data/ycb28/generated_pointclouds_bbox_norm/sphere/015_peach/015_peach_sample_17.csv,015_peach,sphere,2,17,ycb28,ycb28_test,/content/drive/MyDrive/PointNet_APS_Project_V2/data/ycb28/extracted_models/015_peach/015_peach/google_16k/textured.obj,official_ycb_download,1000,2,2,sphere,sphere,0.9999856,True,mixed_trained,1
/content/drive/MyDrive/PointNet_APS_Project_V2/data/ycb28/generated_pointclouds_bbox_norm/sphere/015_peach/015_peach_sample_18.csv,015_peach,sphere,2,18,ycb28,ycb28_test,/content/drive/MyDrive/PointNet_APS_Project_V2/data/ycb28/extracted_models/015_peach/015_peach/google_16k/textured.obj,official_ycb_download,1000,2,2,sphere,sphere,0.99997985,True,mixed_trained,1
/content/drive/MyDrive/PointNet_APS_Project_V2/data/ycb28/generated_pointclouds_bbox_norm/sphere/015_peach/015_peach_sample_19.csv,015_peach,sphere,2,19,ycb28,ycb28_test,/content/drive/MyDrive/PointNet_APS_Project_V2/data/ycb28/extracted_models/015_peach/015_peach/google_16k/textured.obj,official_ycb_download,1000,2,2,sphere,sphere,0.99974006,True,mixed_trained,1
/content/drive/MyDrive/PointNet_APS_Project_V2/data/ycb28/generated_pointclouds_bbox_norm/sphere/017_orange/017_orange_sample_00.csv,017_orange,sphere,2,0,ycb28,ycb28_test,/content/drive/MyDrive/PointNet_APS_Project_V2/data/ycb28/extracted_models/017_orange/017_orange/google_16k/textured.obj,official_ycb_download,1000,2,2,sphere,sphere,0.99994993,True,mixed_trained,1
/content/drive/MyDrive/PointNet_APS_Project_V2/data/ycb28/generated_pointclouds_bbox_norm/sphere/017_orange/017_orange_sample_01.csv,017_orange,sphere,2,1,ycb28,ycb28_test,/content/drive/MyDrive/PointNet_APS_Project_V2/data/ycb28/extracted_models/017_orange/017_orange/google_16k/textured.obj,official_ycb_download,1000,2,2,sphere,sphere,0.99996567,True,mixed_trained,1
/content/drive/MyDrive/PointNet_APS_Project_V2/data/ycb28/generated_pointclouds_bbox_norm/sphere/017_orange/017_orange_sample_02.csv,017_orange,sphere,2,2,ycb28,ycb28_test,/content/drive/MyDrive/PointNet_APS_Project_V2/data/ycb28/extracted_models/017_orange/017_orange/google_16k/textured.obj,official_ycb_download,1000,2,2,sphere,sphere,0.99975735,True,mixed_trained,1
/content/drive/MyDrive/PointNet_APS_Project_V2/data/ycb28/generated_pointclouds_bbox_norm/sphere/017_orange/017_orange_sample_03.csv,017_orange,sphere,2,3,ycb28,ycb28_test,/content/drive/MyDrive/PointNet_APS_Project_V2/data/ycb28/extracted_models/017_orange/017_orange/google_16k/textured.obj,official_ycb_download,1000,2,2,sphere,sphere,0.9999913,True,mixed_trained,1
/content/drive/MyDrive/PointNet_APS_Project_V2/data/ycb28/generated_pointclouds_bbox_norm/sphere/017_orange/017_orange_sample_04.csv,017_orange,sphere,2,4,ycb28,ycb28_test,/content/drive/MyDrive/PointNet_APS_Project_V2/data/ycb28/extracted_models/017_orange/017_orange/google_16k/textured.obj,official_ycb_download,1000,2,2,sphere,sphere,0.9999895,True,mixed_trained,1
/content/drive/MyDrive/PointNet_APS_Project_V2/data/ycb28/generated_pointclouds_bbox_norm/sphere/017_orange/017_orange_sample_05.csv,017_orange,sphere,2,5,ycb28,ycb28_test,/content/drive/MyDrive/PointNet_APS_Project_V2/data/ycb28/extracted_models/017_orange/017_orange/google_16k/textured.obj,official_ycb_download,1000,2,2,sphere,sphere,0.9999604,True,mixed_trained,1
/content/drive/MyDrive/PointNet_APS_Project_V2/data/ycb28/generated_pointclouds_bbox_norm/sphere/017_orange/017_orange_sample_06.csv,017_orange,sphere,2,6,ycb28,ycb28_test,/content/drive/MyDrive/PointNet_APS_Project_V2/data/ycb28/extracted_models/017_orange/017_orange/google_16k/textured.obj,official_ycb_download,1000,2,2,sphere,sphere,0.99995303,True,mixed_trained,1
/content/drive/MyDrive/PointNet_APS_Project_V2/data/ycb28/generated_pointclouds_bbox_norm/sphere/017_orange/017_orange_sample_07.csv,017_orange,sphere,2,7,ycb28,ycb28_test,/content/drive/MyDrive/PointNet_APS_Project_V2/data/ycb28/extracted_models/017_orange/017_orange/google_16k/textured.obj,official_ycb_download,1000,2,2,sphere,sphere,0.99998486,True,mixed_trained,1
/content/drive/MyDrive/PointNet_APS_Project_V2/data/ycb28/generated_pointclouds_bbox_norm/sphere/017_orange/017_orange_sample_08.csv,017_orange,sphere,2,8,ycb28,ycb28_test,/content/drive/MyDrive/PointNet_APS_Project_V2/data/ycb28/extracted_models/017_orange/017_orange/google_16k/textured.obj,official_ycb_download,1000,2,2,sphere,sphere,0.99979633,True,mixed_trained,1
/content/drive/MyDrive/PointNet_APS_Project_V2/data/ycb28/generated_pointclouds_bbox_norm/sphere/017_orange/017_orange_sample_09.csv,017_orange,sphere,2,9,ycb28,ycb28_test,/content/drive/MyDrive/PointNet_APS_Project_V2/data/ycb28/extracted_models/017_orange/017_orange/google_16k/textured.obj,official_ycb_download,1000,2,2,sphere,sphere,0.99996805,True,mixed_trained,1
/content/drive/MyDrive/PointNet_APS_Project_V2/data/ycb28/generated_pointclouds_bbox_norm/sphere/017_orange/017_orange_sample_10.csv,017_orange,sphere,2,10,ycb28,ycb28_test,/content/drive/MyDrive/PointNet_APS_Project_V2/data/ycb28/extracted_models/017_orange/017_orange/google_16k/textured.obj,official_ycb_download,1000,2,2,sphere,sphere,0.99998415,True,mixed_trained,1
/content/drive/MyDrive/PointNet_APS_Project_V2/data/ycb28/generated_pointclouds_bbox_norm/sphere/017_orange/017_orange_sample_11.csv,017_orange,sphere,2,11,ycb28,ycb28_test,/content/drive/MyDrive/PointNet_APS_Project_V2/data/ycb28/extracted_models/017_orange/017_orange/google_16k/textured.obj,official_ycb_download,1000,2,2,sphere,sphere,0.9999765,True,mixed_trained,1
/content/drive/MyDrive/PointNet_APS_Project_V2/data/ycb28/generated_pointclouds_bbox_norm/sphere/017_orange/017_orange_sample_12.csv,017_orange,sphere,2,12,ycb28,ycb28_test,/content/drive/MyDrive/PointNet_APS_Project_V2/data/ycb28/extracted_models/017_orange/017_orange/google_16k/textured.obj,official_ycb_download,1000,2,2,sphere,sphere,0.99977106,True,mixed_trained,1
/content/drive/MyDrive/PointNet_APS_Project_V2/data/ycb28/generated_pointclouds_bbox_norm/sphere/017_orange/017_orange_sample_13.csv,017_orange,sphere,2,13,ycb28,ycb28_test,/content/drive/MyDrive/PointNet_APS_Project_V2/data/ycb28/extracted_models/017_orange/017_orange/google_16k/textured.obj,official_ycb_download,1000,2,2,sphere,sphere,0.9999765,True,mixed_trained,1
/content/drive/MyDrive/PointNet_APS_Project_V2/data/ycb28/generated_pointclouds_bbox_norm/sphere/017_orange/017_orange_sample_14.csv,017_orange,sphere,2,14,ycb28,ycb28_test,/content/drive/MyDrive/PointNet_APS_Project_V2/data/ycb28/extracted_models/017_orange/017_orange/google_16k/textured.obj,official_ycb_download,1000,2,2,sphere,sphere,0.9999329,True,mixed_trained,1
/content/drive/MyDrive/PointNet_APS_Project_V2/data/ycb28/generated_pointclouds_bbox_norm/sphere/017_orange/017_orange_sample_15.csv,017_orange,sphere,2,15,ycb28,ycb28_test,/content/drive/MyDrive/PointNet_APS_Project_V2/data/ycb28/extracted_models/017_orange/017_orange/google_16k/textured.obj,official_ycb_download,1000,2,2,sphere,sphere,0.99998415,True,mixed_trained,1
/content/drive/MyDrive/PointNet_APS_Project_V2/data/ycb28/generated_pointclouds_bbox_norm/sphere/017_orange/017_orange_sample_16.csv,017_orange,sphere,2,16,ycb28,ycb28_test,/content/drive/MyDrive/PointNet_APS_Project_V2/data/ycb28/extracted_models/017_orange/017_orange/google_16k/textured.obj,official_ycb_download,1000,2,2,sphere,sphere,0.9999566,True,mixed_trained,1
/content/drive/MyDrive/PointNet_APS_Project_V2/data/ycb28/generated_pointclouds_bbox_norm/sphere/017_orange/017_orange_sample_17.csv,017_orange,sphere,2,17,ycb28,ycb28_test,/content/drive/MyDrive/PointNet_APS_Project_V2/data/ycb28/extracted_models/017_orange/017_orange/google_16k/textured.obj,official_ycb_download,1000,2,2,sphere,sphere,0.9999461,True,mixed_trained,1
/content/drive/MyDrive/PointNet_APS_Project_V2/data/ycb28/generated_pointclouds_bbox_norm/sphere/017_orange/017_orange_sample_18.csv,017_orange,sphere,2,18,ycb28,ycb28_test,/content/drive/MyDrive/PointNet_APS_Project_V2/data/ycb28/extracted_models/017_orange/017_orange/google_16k/textured.obj,official_ycb_download,1000,2,2,sphere,sphere,0.99996257,True,mixed_trained,1
/content/drive/MyDrive/PointNet_APS_Project_V2/data/ycb28/generated_pointclouds_bbox_norm/sphere/017_orange/017_orange_sample_19.csv,017_orange,sphere,2,19,ycb28,ycb28_test,/content/drive/MyDrive/PointNet_APS_Project_V2/data/ycb28/extracted_models/017_orange/017_orange/google_16k/textured.obj,official_ycb_download,1000,2,2,sphere,sphere,0.99997056,True,mixed_trained,1
/content/drive/MyDrive/PointNet_APS_Project_V2/data/ycb28/generated_pointclouds_bbox_norm/sphere/018_plum/018_plum_sample_00.csv,018_plum,sphere,2,0,ycb28,ycb28_test,/content/drive/MyDrive/PointNet_APS_Project_V2/data/ycb28/extracted_models/018_plum/018_plum/google_16k/textured.obj,official_ycb_download,1000,2,2,sphere,sphere,0.99470574,True,mixed_trained,1
/content/drive/MyDrive/PointNet_APS_Project_V2/data/ycb28/generated_pointclouds_bbox_norm/sphere/018_plum/018_plum_sample_01.csv,018_plum,sphere,2,1,ycb28,ycb28_test,/content/drive/MyDrive/PointNet_APS_Project_V2/data/ycb28/extracted_models/018_plum/018_plum/google_16k/textured.obj,official_ycb_download,1000,2,2,sphere,sphere,0.9791781,True,mixed_trained,1
/content/drive/MyDrive/PointNet_APS_Project_V2/data/ycb28/generated_pointclouds_bbox_norm/sphere/018_plum/018_plum_sample_02.csv,018_plum,sphere,2,2,ycb28,ycb28_test,/content/drive/MyDrive/PointNet_APS_Project_V2/data/ycb28/extracted_models/018_plum/018_plum/google_16k/textured.obj,official_ycb_download,1000,2,2,sphere,sphere,0.99929106,True,mixed_trained,1
/content/drive/MyDrive/PointNet_APS_Project_V2/data/ycb28/generated_pointclouds_bbox_norm/sphere/018_plum/018_plum_sample_03.csv,018_plum,sphere,2,3,ycb28,ycb28_test,/content/drive/MyDrive/PointNet_APS_Project_V2/data/ycb28/extracted_models/018_plum/018_plum/google_16k/textured.obj,official_ycb_download,1000,2,2,sphere,sphere,0.99846256,True,mixed_trained,1
/content/drive/MyDrive/PointNet_APS_Project_V2/data/ycb28/generated_pointclouds_bbox_norm/sphere/018_plum/018_plum_sample_04.csv,018_plum,sphere,2,4,ycb28,ycb28_test,/content/drive/MyDrive/PointNet_APS_Project_V2/data/ycb28/extracted_models/018_plum/018_plum/google_16k/textured.obj,official_ycb_download,1000,2,2,sphere,sphere,0.99210936,True,mixed_trained,1
/content/drive/MyDrive/PointNet_APS_Project_V2/data/ycb28/generated_pointclouds_bbox_norm/sphere/018_plum/018_plum_sample_05.csv,018_plum,sphere,2,5,ycb28,ycb28_test,/content/drive/MyDrive/PointNet_APS_Project_V2/data/ycb28/extracted_models/018_plum/018_plum/google_16k/textured.obj,official_ycb_download,1000,2,2,sphere,sphere,0.99992764,True,mixed_trained,1
/content/drive/MyDrive/PointNet_APS_Project_V2/data/ycb28/generated_pointclouds_bbox_norm/sphere/018_plum/018_plum_sample_06.csv,018_plum,sphere,2,6,ycb28,ycb28_test,/content/drive/MyDrive/PointNet_APS_Project_V2/data/ycb28/extracted_models/018_plum/018_plum/google_16k/textured.obj,official_ycb_download,1000,2,2,sphere,sphere,0.99995255,True,mixed_trained,1
/content/drive/MyDrive/PointNet_APS_Project_V2/data/ycb28/generated_pointclouds_bbox_norm/sphere/018_plum/018_plum_sample_07.csv,018_plum,sphere,2,7,ycb28,ycb28_test,/content/drive/MyDrive/PointNet_APS_Project_V2/data/ycb28/extracted_models/018_plum/018_plum/google_16k/textured.obj,official_ycb_download,1000,2,2,sphere,sphere,0.9941136,True,mixed_trained,1
/content/drive/MyDrive/PointNet_APS_Project_V2/data/ycb28/generated_pointclouds_bbox_norm/sphere/018_plum/018_plum_sample_08.csv,018_plum,sphere,2,8,ycb28,ycb28_test,/content/drive/MyDrive/PointNet_APS_Project_V2/data/ycb28/extracted_models/018_plum/018_plum/google_16k/textured.obj,official_ycb_download,1000,2,2,sphere,sphere,0.99993014,True,mixed_trained,1
/content/drive/MyDrive/PointNet_APS_Project_V2/data/ycb28/generated_pointclouds_bbox_norm/sphere/018_plum/018_plum_sample_09.csv,018_plum,sphere,2,9,ycb28,ycb28_test,/content/drive/MyDrive/PointNet_APS_Project_V2/data/ycb28/extracted_models/018_plum/018_plum/google_16k/textured.obj,official_ycb_download,1000,2,2,sphere,sphere,0.9990909,True,mixed_trained,1
/content/drive/MyDrive/PointNet_APS_Project_V2/data/ycb28/generated_pointclouds_bbox_norm/sphere/018_plum/018_plum_sample_10.csv,018_plum,sphere,2,10,ycb28,ycb28_test,/content/drive/MyDrive/PointNet_APS_Project_V2/data/ycb28/extracted_models/018_plum/018_plum/google_16k/textured.obj,official_ycb_download,1000,2,2,sphere,sphere,0.99672383,True,mixed_trained,1
/content/drive/MyDrive/PointNet_APS_Project_V2/data/ycb28/generated_pointclouds_bbox_norm/sphere/018_plum/018_plum_sample_11.csv,018_plum,sphere,2,11,ycb28,ycb28_test,/content/drive/MyDrive/PointNet_APS_Project_V2/data/ycb28/extracted_models/018_plum/018_plum/google_16k/textured.obj,official_ycb_download,1000,2,2,sphere,sphere,0.9940872,True,mixed_trained,1
/content/drive/MyDrive/PointNet_APS_Project_V2/data/ycb28/generated_pointclouds_bbox_norm/sphere/018_plum/018_plum_sample_12.csv,018_plum,sphere,2,12,ycb28,ycb28_test,/content/drive/MyDrive/PointNet_APS_Project_V2/data/ycb28/extracted_models/018_plum/018_plum/google_16k/textured.obj,official_ycb_download,1000,2,2,sphere,sphere,0.9999118,True,mixed_trained,1
/content/drive/MyDrive/PointNet_APS_Project_V2/data/ycb28/generated_pointclouds_bbox_norm/sphere/018_plum/018_plum_sample_13.csv,018_plum,sphere,2,13,ycb28,ycb28_test,/content/drive/MyDrive/PointNet_APS_Project_V2/data/ycb28/extracted_models/018_plum/018_plum/google_16k/textured.obj,official_ycb_download,1000,2,2,sphere,sphere,0.99792,True,mixed_trained,1
/content/drive/MyDrive/PointNet_APS_Project_V2/data/ycb28/generated_pointclouds_bbox_norm/sphere/018_plum/018_plum_sample_14.csv,018_plum,sphere,2,14,ycb28,ycb28_test,/content/drive/MyDrive/PointNet_APS_Project_V2/data/ycb28/extracted_models/018_plum/018_plum/google_16k/textured.obj,official_ycb_download,1000,2,2,sphere,sphere,0.99441105,True,mixed_trained,1
/content/drive/MyDrive/PointNet_APS_Project_V2/data/ycb28/generated_pointclouds_bbox_norm/sphere/018_plum/018_plum_sample_15.csv,018_plum,sphere,2,15,ycb28,ycb28_test,/content/drive/MyDrive/PointNet_APS_Project_V2/data/ycb28/extracted_models/018_plum/018_plum/google_16k/textured.obj,official_ycb_download,1000,2,2,sphere,sphere,0.9972887,True,mixed_trained,1
/content/drive/MyDrive/PointNet_APS_Project_V2/data/ycb28/generated_pointclouds_bbox_norm/sphere/018_plum/018_plum_sample_16.csv,018_plum,sphere,2,16,ycb28,ycb28_test,/content/drive/MyDrive/PointNet_APS_Project_V2/data/ycb28/extracted_models/018_plum/018_plum/google_16k/textured.obj,official_ycb_download,1000,2,2,sphere,sphere,0.99923396,True,mixed_trained,1
/content/drive/MyDrive/PointNet_APS_Project_V2/data/ycb28/generated_pointclouds_bbox_norm/sphere/018_plum/018_plum_sample_17.csv,018_plum,sphere,2,17,ycb28,ycb28_test,/content/drive/MyDrive/PointNet_APS_Project_V2/data/ycb28/extracted_models/018_plum/018_plum/google_16k/textured.obj,official_ycb_download,1000,2,2,sphere,sphere,0.99910647,True,mixed_trained,1
/content/drive/MyDrive/PointNet_APS_Project_V2/data/ycb28/generated_pointclouds_bbox_norm/sphere/018_plum/018_plum_sample_18.csv,018_plum,sphere,2,18,ycb28,ycb28_test,/content/drive/MyDrive/PointNet_APS_Project_V2/data/ycb28/extracted_models/018_plum/018_plum/google_16k/textured.obj,official_ycb_download,1000,2,2,sphere,sphere,0.99705976,True,mixed_trained,1
/content/drive/MyDrive/PointNet_APS_Project_V2/data/ycb28/generated_pointclouds_bbox_norm/sphere/018_plum/018_plum_sample_19.csv,018_plum,sphere,2,19,ycb28,ycb28_test,/content/drive/MyDrive/PointNet_APS_Project_V2/data/ycb28/extracted_models/018_plum/018_plum/google_16k/textured.obj,official_ycb_download,1000,2,2,sphere,sphere,0.9908274,True,mixed_trained,1
/content/drive/MyDrive/PointNet_APS_Project_V2/data/ycb28/generated_pointclouds_bbox_norm/sphere/054_softball/054_softball_sample_00.csv,054_softball,sphere,2,0,ycb28,ycb28_test,/content/drive/MyDrive/PointNet_APS_Project_V2/data/ycb28/extracted_models/054_softball/054_softball/google_16k/textured.obj,official_ycb_download,1000,2,2,sphere,sphere,0.998852,True,mixed_trained,1
/content/drive/MyDrive/PointNet_APS_Project_V2/data/ycb28/generated_pointclouds_bbox_norm/sphere/054_softball/054_softball_sample_01.csv,054_softball,sphere,2,1,ycb28,ycb28_test,/content/drive/MyDrive/PointNet_APS_Project_V2/data/ycb28/extracted_models/054_softball/054_softball/google_16k/textured.obj,official_ycb_download,1000,2,2,sphere,sphere,0.999788,True,mixed_trained,1
/content/drive/MyDrive/PointNet_APS_Project_V2/data/ycb28/generated_pointclouds_bbox_norm/sphere/054_softball/054_softball_sample_02.csv,054_softball,sphere,2,2,ycb28,ycb28_test,/content/drive/MyDrive/PointNet_APS_Project_V2/data/ycb28/extracted_models/054_softball/054_softball/google_16k/textured.obj,official_ycb_download,1000,2,2,sphere,sphere,0.9958813,True,mixed_trained,1
/content/drive/MyDrive/PointNet_APS_Project_V2/data/ycb28/generated_pointclouds_bbox_norm/sphere/054_softball/054_softball_sample_03.csv,054_softball,sphere,2,3,ycb28,ycb28_test,/content/drive/MyDrive/PointNet_APS_Project_V2/data/ycb28/extracted_models/054_softball/054_softball/google_16k/textured.obj,official_ycb_download,1000,2,2,sphere,sphere,0.9911646,True,mixed_trained,1
/content/drive/MyDrive/PointNet_APS_Project_V2/data/ycb28/generated_pointclouds_bbox_norm/sphere/054_softball/054_softball_sample_04.csv,054_softball,sphere,2,4,ycb28,ycb28_test,/content/drive/MyDrive/PointNet_APS_Project_V2/data/ycb28/extracted_models/054_softball/054_softball/google_16k/textured.obj,official_ycb_download,1000,2,2,sphere,sphere,0.9942403,True,mixed_trained,1
/content/drive/MyDrive/PointNet_APS_Project_V2/data/ycb28/generated_pointclouds_bbox_norm/sphere/054_softball/054_softball_sample_05.csv,054_softball,sphere,2,5,ycb28,ycb28_test,/content/drive/MyDrive/PointNet_APS_Project_V2/data/ycb28/extracted_models/054_softball/054_softball/google_16k/textured.obj,official_ycb_download,1000,2,2,sphere,sphere,0.9985973,True,mixed_trained,1
/content/drive/MyDrive/PointNet_APS_Project_V2/data/ycb28/generated_pointclouds_bbox_norm/sphere/054_softball/054_softball_sample_06.csv,054_softball,sphere,2,6,ycb28,ycb28_test,/content/drive/MyDrive/PointNet_APS_Project_V2/data/ycb28/extracted_models/054_softball/054_softball/google_16k/textured.obj,official_ycb_download,1000,2,2,sphere,sphere,0.9956827,True,mixed_trained,1
/content/drive/MyDrive/PointNet_APS_Project_V2/data/ycb28/generated_pointclouds_bbox_norm/sphere/054_softball/054_softball_sample_07.csv,054_softball,sphere,2,7,ycb28,ycb28_test,/content/drive/MyDrive/PointNet_APS_Project_V2/data/ycb28/extracted_models/054_softball/054_softball/google_16k/textured.obj,official_ycb_download,1000,2,2,sphere,sphere,0.9995933,True,mixed_trained,1
/content/drive/MyDrive/PointNet_APS_Project_V2/data/ycb28/generated_pointclouds_bbox_norm/sphere/054_softball/054_softball_sample_08.csv,054_softball,sphere,2,8,ycb28,ycb28_test,/content/drive/MyDrive/PointNet_APS_Project_V2/data/ycb28/extracted_models/054_softball/054_softball/google_16k/textured.obj,official_ycb_download,1000,2,2,sphere,sphere,0.9990207,True,mixed_trained,1
/content/drive/MyDrive/PointNet_APS_Project_V2/data/ycb28/generated_pointclouds_bbox_norm/sphere/054_softball/054_softball_sample_09.csv,054_softball,sphere,2,9,ycb28,ycb28_test,/content/drive/MyDrive/PointNet_APS_Project_V2/data/ycb28/extracted_models/054_softball/054_softball/google_16k/textured.obj,official_ycb_download,1000,2,2,sphere,sphere,0.9997317,True,mixed_trained,1
/content/drive/MyDrive/PointNet_APS_Project_V2/data/ycb28/generated_pointclouds_bbox_norm/sphere/054_softball/054_softball_sample_10.csv,054_softball,sphere,2,10,ycb28,ycb28_test,/content/drive/MyDrive/PointNet_APS_Project_V2/data/ycb28/extracted_models/054_softball/054_softball/google_16k/textured.obj,official_ycb_download,1000,2,2,sphere,sphere,0.99978584,True,mixed_trained,1
/content/drive/MyDrive/PointNet_APS_Project_V2/data/ycb28/generated_pointclouds_bbox_norm/sphere/054_softball/054_softball_sample_11.csv,054_softball,sphere,2,11,ycb28,ycb28_test,/content/drive/MyDrive/PointNet_APS_Project_V2/data/ycb28/extracted_models/054_softball/054_softball/google_16k/textured.obj,official_ycb_download,1000,2,2,sphere,sphere,0.9926282,True,mixed_trained,1
/content/drive/MyDrive/PointNet_APS_Project_V2/data/ycb28/generated_pointclouds_bbox_norm/sphere/054_softball/054_softball_sample_12.csv,054_softball,sphere,2,12,ycb28,ycb28_test,/content/drive/MyDrive/PointNet_APS_Project_V2/data/ycb28/extracted_models/054_softball/054_softball/google_16k/textured.obj,official_ycb_download,1000,2,2,sphere,sphere,0.9998229,True,mixed_trained,1
/content/drive/MyDrive/PointNet_APS_Project_V2/data/ycb28/generated_pointclouds_bbox_norm/sphere/054_softball/054_softball_sample_13.csv,054_softball,sphere,2,13,ycb28,ycb28_test,/content/drive/MyDrive/PointNet_APS_Project_V2/data/ycb28/extracted_models/054_softball/054_softball/google_16k/textured.obj,official_ycb_download,1000,2,2,sphere,sphere,0.9994204,True,mixed_trained,1
/content/drive/MyDrive/PointNet_APS_Project_V2/data/ycb28/generated_pointclouds_bbox_norm/sphere/054_softball/054_softball_sample_14.csv,054_softball,sphere,2,14,ycb28,ycb28_test,/content/drive/MyDrive/PointNet_APS_Project_V2/data/ycb28/extracted_models/054_softball/054_softball/google_16k/textured.obj,official_ycb_download,1000,2,2,sphere,sphere,0.9995956,True,mixed_trained,1
/content/drive/MyDrive/PointNet_APS_Project_V2/data/ycb28/generated_pointclouds_bbox_norm/sphere/054_softball/054_softball_sample_15.csv,054_softball,sphere,2,15,ycb28,ycb28_test,/content/drive/MyDrive/PointNet_APS_Project_V2/data/ycb28/extracted_models/054_softball/054_softball/google_16k/textured.obj,official_ycb_download,1000,2,2,sphere,sphere,0.99928516,True,mixed_trained,1
/content/drive/MyDrive/PointNet_APS_Project_V2/data/ycb28/generated_pointclouds_bbox_norm/sphere/054_softball/054_softball_sample_16.csv,054_softball,sphere,2,16,ycb28,ycb28_test,/content/drive/MyDrive/PointNet_APS_Project_V2/data/ycb28/extracted_models/054_softball/054_softball/google_16k/textured.obj,official_ycb_download,1000,2,2,sphere,sphere,0.9987025,True,mixed_trained,1
/content/drive/MyDrive/PointNet_APS_Project_V2/data/ycb28/generated_pointclouds_bbox_norm/sphere/054_softball/054_softball_sample_17.csv,054_softball,sphere,2,17,ycb28,ycb28_test,/content/drive/MyDrive/PointNet_APS_Project_V2/data/ycb28/extracted_models/054_softball/054_softball/google_16k/textured.obj,official_ycb_download,1000,2,2,sphere,sphere,0.99870384,True,mixed_trained,1
/content/drive/MyDrive/PointNet_APS_Project_V2/data/ycb28/generated_pointclouds_bbox_norm/sphere/054_softball/054_softball_sample_18.csv,054_softball,sphere,2,18,ycb28,ycb28_test,/content/drive/MyDrive/PointNet_APS_Project_V2/data/ycb28/extracted_models/054_softball/054_softball/google_16k/textured.obj,official_ycb_download,1000,2,2,sphere,sphere,0.9871574,True,mixed_trained,1
/content/drive/MyDrive/PointNet_APS_Project_V2/data/ycb28/generated_pointclouds_bbox_norm/sphere/054_softball/054_softball_sample_19.csv,054_softball,sphere,2,19,ycb28,ycb28_test,/content/drive/MyDrive/PointNet_APS_Project_V2/data/ycb28/extracted_models/054_softball/054_softball/google_16k/textured.obj,official_ycb_download,1000,2,2,sphere,sphere,0.9996106,True,mixed_trained,1
/content/drive/MyDrive/PointNet_APS_Project_V2/data/ycb28/generated_pointclouds_bbox_norm/sphere/055_baseball/055_baseball_sample_00.csv,055_baseball,sphere,2,0,ycb28,ycb28_test,/content/drive/MyDrive/PointNet_APS_Project_V2/data/ycb28/extracted_models/055_baseball/055_baseball/google_16k/textured.obj,official_ycb_download,1000,2,2,sphere,sphere,0.998738,True,mixed_trained,1
/content/drive/MyDrive/PointNet_APS_Project_V2/data/ycb28/generated_pointclouds_bbox_norm/sphere/055_baseball/055_baseball_sample_01.csv,055_baseball,sphere,2,1,ycb28,ycb28_test,/content/drive/MyDrive/PointNet_APS_Project_V2/data/ycb28/extracted_models/055_baseball/055_baseball/google_16k/textured.obj,official_ycb_download,1000,2,2,sphere,sphere,0.99974126,True,mixed_trained,1
/content/drive/MyDrive/PointNet_APS_Project_V2/data/ycb28/generated_pointclouds_bbox_norm/sphere/055_baseball/055_baseball_sample_02.csv,055_baseball,sphere,2,2,ycb28,ycb28_test,/content/drive/MyDrive/PointNet_APS_Project_V2/data/ycb28/extracted_models/055_baseball/055_baseball/google_16k/textured.obj,official_ycb_download,1000,2,2,sphere,sphere,0.9991627,True,mixed_trained,1
/content/drive/MyDrive/PointNet_APS_Project_V2/data/ycb28/generated_pointclouds_bbox_norm/sphere/055_baseball/055_baseball_sample_03.csv,055_baseball,sphere,2,3,ycb28,ycb28_test,/content/drive/MyDrive/PointNet_APS_Project_V2/data/ycb28/extracted_models/055_baseball/055_baseball/google_16k/textured.obj,official_ycb_download,1000,2,2,sphere,sphere,0.9994098,True,mixed_trained,1
/content/drive/MyDrive/PointNet_APS_Project_V2/data/ycb28/generated_pointclouds_bbox_norm/sphere/055_baseball/055_baseball_sample_04.csv,055_baseball,sphere,2,4,ycb28,ycb28_test,/content/drive/MyDrive/PointNet_APS_Project_V2/data/ycb28/extracted_models/055_baseball/055_baseball/google_16k/textured.obj,official_ycb_download,1000,2,2,sphere,sphere,0.9996618,True,mixed_trained,1
/content/drive/MyDrive/PointNet_APS_Project_V2/data/ycb28/generated_pointclouds_bbox_norm/sphere/055_baseball/055_baseball_sample_05.csv,055_baseball,sphere,2,5,ycb28,ycb28_test,/content/drive/MyDrive/PointNet_APS_Project_V2/data/ycb28/extracted_models/055_baseball/055_baseball/google_16k/textured.obj,official_ycb_download,1000,2,2,sphere,sphere,0.99974936,True,mixed_trained,1
/content/drive/MyDrive/PointNet_APS_Project_V2/data/ycb28/generated_pointclouds_bbox_norm/sphere/055_baseball/055_baseball_sample_06.csv,055_baseball,sphere,2,6,ycb28,ycb28_test,/content/drive/MyDrive/PointNet_APS_Project_V2/data/ycb28/extracted_models/055_baseball/055_baseball/google_16k/textured.obj,official_ycb_download,1000,2,2,sphere,sphere,0.99934036,True,mixed_trained,1
/content/drive/MyDrive/PointNet_APS_Project_V2/data/ycb28/generated_pointclouds_bbox_norm/sphere/055_baseball/055_baseball_sample_07.csv,055_baseball,sphere,2,7,ycb28,ycb28_test,/content/drive/MyDrive/PointNet_APS_Project_V2/data/ycb28/extracted_models/055_baseball/055_baseball/google_16k/textured.obj,official_ycb_download,1000,2,2,sphere,sphere,0.999928,True,mixed_trained,1
/content/drive/MyDrive/PointNet_APS_Project_V2/data/ycb28/generated_pointclouds_bbox_norm/sphere/055_baseball/055_baseball_sample_08.csv,055_baseball,sphere,2,8,ycb28,ycb28_test,/content/drive/MyDrive/PointNet_APS_Project_V2/data/ycb28/extracted_models/055_baseball/055_baseball/google_16k/textured.obj,official_ycb_download,1000,2,2,sphere,sphere,0.99929583,True,mixed_trained,1
/content/drive/MyDrive/PointNet_APS_Project_V2/data/ycb28/generated_pointclouds_bbox_norm/sphere/055_baseball/055_baseball_sample_09.csv,055_baseball,sphere,2,9,ycb28,ycb28_test,/content/drive/MyDrive/PointNet_APS_Project_V2/data/ycb28/extracted_models/055_baseball/055_baseball/google_16k/textured.obj,official_ycb_download,1000,2,2,sphere,sphere,0.99196225,True,mixed_trained,1
/content/drive/MyDrive/PointNet_APS_Project_V2/data/ycb28/generated_pointclouds_bbox_norm/sphere/055_baseball/055_baseball_sample_10.csv,055_baseball,sphere,2,10,ycb28,ycb28_test,/content/drive/MyDrive/PointNet_APS_Project_V2/data/ycb28/extracted_models/055_baseball/055_baseball/google_16k/textured.obj,official_ycb_download,1000,2,2,sphere,sphere,0.9997273,True,mixed_trained,1
/content/drive/MyDrive/PointNet_APS_Project_V2/data/ycb28/generated_pointclouds_bbox_norm/sphere/055_baseball/055_baseball_sample_11.csv,055_baseball,sphere,2,11,ycb28,ycb28_test,/content/drive/MyDrive/PointNet_APS_Project_V2/data/ycb28/extracted_models/055_baseball/055_baseball/google_16k/textured.obj,official_ycb_download,1000,2,2,sphere,sphere,0.99947447,True,mixed_trained,1
/content/drive/MyDrive/PointNet_APS_Project_V2/data/ycb28/generated_pointclouds_bbox_norm/sphere/055_baseball/055_baseball_sample_12.csv,055_baseball,sphere,2,12,ycb28,ycb28_test,/content/drive/MyDrive/PointNet_APS_Project_V2/data/ycb28/extracted_models/055_baseball/055_baseball/google_16k/textured.obj,official_ycb_download,1000,2,2,sphere,sphere,0.99975735,True,mixed_trained,1
/content/drive/MyDrive/PointNet_APS_Project_V2/data/ycb28/generated_pointclouds_bbox_norm/sphere/055_baseball/055_baseball_sample_13.csv,055_baseball,sphere,2,13,ycb28,ycb28_test,/content/drive/MyDrive/PointNet_APS_Project_V2/data/ycb28/extracted_models/055_baseball/055_baseball/google_16k/textured.obj,official_ycb_download,1000,2,2,sphere,sphere,0.99997115,True,mixed_trained,1
/content/drive/MyDrive/PointNet_APS_Project_V2/data/ycb28/generated_pointclouds_bbox_norm/sphere/055_baseball/055_baseball_sample_14.csv,055_baseball,sphere,2,14,ycb28,ycb28_test,/content/drive/MyDrive/PointNet_APS_Project_V2/data/ycb28/extracted_models/055_baseball/055_baseball/google_16k/textured.obj,official_ycb_download,1000,2,2,sphere,sphere,0.99932015,True,mixed_trained,1
/content/drive/MyDrive/PointNet_APS_Project_V2/data/ycb28/generated_pointclouds_bbox_norm/sphere/055_baseball/055_baseball_sample_15.csv,055_baseball,sphere,2,15,ycb28,ycb28_test,/content/drive/MyDrive/PointNet_APS_Project_V2/data/ycb28/extracted_models/055_baseball/055_baseball/google_16k/textured.obj,official_ycb_download,1000,2,2,sphere,sphere,0.99924767,True,mixed_trained,1
/content/drive/MyDrive/PointNet_APS_Project_V2/data/ycb28/generated_pointclouds_bbox_norm/sphere/055_baseball/055_baseball_sample_16.csv,055_baseball,sphere,2,16,ycb28,ycb28_test,/content/drive/MyDrive/PointNet_APS_Project_V2/data/ycb28/extracted_models/055_baseball/055_baseball/google_16k/textured.obj,official_ycb_download,1000,2,2,sphere,sphere,0.9996573,True,mixed_trained,1
/content/drive/MyDrive/PointNet_APS_Project_V2/data/ycb28/generated_pointclouds_bbox_norm/sphere/055_baseball/055_baseball_sample_17.csv,055_baseball,sphere,2,17,ycb28,ycb28_test,/content/drive/MyDrive/PointNet_APS_Project_V2/data/ycb28/extracted_models/055_baseball/055_baseball/google_16k/textured.obj,official_ycb_download,1000,2,2,sphere,sphere,0.999772,True,mixed_trained,1
/content/drive/MyDrive/PointNet_APS_Project_V2/data/ycb28/generated_pointclouds_bbox_norm/sphere/055_baseball/055_baseball_sample_18.csv,055_baseball,sphere,2,18,ycb28,ycb28_test,/content/drive/MyDrive/PointNet_APS_Project_V2/data/ycb28/extracted_models/055_baseball/055_baseball/google_16k/textured.obj,official_ycb_download,1000,2,2,sphere,sphere,0.99954396,True,mixed_trained,1
/content/drive/MyDrive/PointNet_APS_Project_V2/data/ycb28/generated_pointclouds_bbox_norm/sphere/055_baseball/055_baseball_sample_19.csv,055_baseball,sphere,2,19,ycb28,ycb28_test,/content/drive/MyDrive/PointNet_APS_Project_V2/data/ycb28/extracted_models/055_baseball/055_baseball/google_16k/textured.obj,official_ycb_download,1000,2,2,sphere,sphere,0.9998363,True,mixed_trained,1
/content/drive/MyDrive/PointNet_APS_Project_V2/data/ycb28/generated_pointclouds_bbox_norm/sphere/056_tennis_ball/056_tennis_ball_sample_00.csv,056_tennis_ball,sphere,2,0,ycb28,ycb28_test,/content/drive/MyDrive/PointNet_APS_Project_V2/data/ycb28/extracted_models/056_tennis_ball/056_tennis_ball/google_16k/textured.obj,official_ycb_download,1000,2,2,sphere,sphere,0.9998938,True,mixed_trained,1
/content/drive/MyDrive/PointNet_APS_Project_V2/data/ycb28/generated_pointclouds_bbox_norm/sphere/056_tennis_ball/056_tennis_ball_sample_01.csv,056_tennis_ball,sphere,2,1,ycb28,ycb28_test,/content/drive/MyDrive/PointNet_APS_Project_V2/data/ycb28/extracted_models/056_tennis_ball/056_tennis_ball/google_16k/textured.obj,official_ycb_download,1000,2,2,sphere,sphere,0.99998236,True,mixed_trained,1
/content/drive/MyDrive/PointNet_APS_Project_V2/data/ycb28/generated_pointclouds_bbox_norm/sphere/056_tennis_ball/056_tennis_ball_sample_02.csv,056_tennis_ball,sphere,2,2,ycb28,ycb28_test,/content/drive/MyDrive/PointNet_APS_Project_V2/data/ycb28/extracted_models/056_tennis_ball/056_tennis_ball/google_16k/textured.obj,official_ycb_download,1000,2,2,sphere,sphere,0.9999839,True,mixed_trained,1
/content/drive/MyDrive/PointNet_APS_Project_V2/data/ycb28/generated_pointclouds_bbox_norm/sphere/056_tennis_ball/056_tennis_ball_sample_03.csv,056_tennis_ball,sphere,2,3,ycb28,ycb28_test,/content/drive/MyDrive/PointNet_APS_Project_V2/data/ycb28/extracted_models/056_tennis_ball/056_tennis_ball/google_16k/textured.obj,official_ycb_download,1000,2,2,sphere,sphere,0.999987,True,mixed_trained,1
/content/drive/MyDrive/PointNet_APS_Project_V2/data/ycb28/generated_pointclouds_bbox_norm/sphere/056_tennis_ball/056_tennis_ball_sample_04.csv,056_tennis_ball,sphere,2,4,ycb28,ycb28_test,/content/drive/MyDrive/PointNet_APS_Project_V2/data/ycb28/extracted_models/056_tennis_ball/056_tennis_ball/google_16k/textured.obj,official_ycb_download,1000,2,2,sphere,sphere,0.99992466,True,mixed_trained,1
/content/drive/MyDrive/PointNet_APS_Project_V2/data/ycb28/generated_pointclouds_bbox_norm/sphere/056_tennis_ball/056_tennis_ball_sample_05.csv,056_tennis_ball,sphere,2,5,ycb28,ycb28_test,/content/drive/MyDrive/PointNet_APS_Project_V2/data/ycb28/extracted_models/056_tennis_ball/056_tennis_ball/google_16k/textured.obj,official_ycb_download,1000,2,2,sphere,sphere,0.9999821,True,mixed_trained,1
/content/drive/MyDrive/PointNet_APS_Project_V2/data/ycb28/generated_pointclouds_bbox_norm/sphere/056_tennis_ball/056_tennis_ball_sample_06.csv,056_tennis_ball,sphere,2,6,ycb28,ycb28_test,/content/drive/MyDrive/PointNet_APS_Project_V2/data/ycb28/extracted_models/056_tennis_ball/056_tennis_ball/google_16k/textured.obj,official_ycb_download,1000,2,2,sphere,sphere,0.9999676,True,mixed_trained,1
/content/drive/MyDrive/PointNet_APS_Project_V2/data/ycb28/generated_pointclouds_bbox_norm/sphere/056_tennis_ball/056_tennis_ball_sample_07.csv,056_tennis_ball,sphere,2,7,ycb28,ycb28_test,/content/drive/MyDrive/PointNet_APS_Project_V2/data/ycb28/extracted_models/056_tennis_ball/056_tennis_ball/google_16k/textured.obj,official_ycb_download,1000,2,2,sphere,sphere,0.9999523,True,mixed_trained,1
/content/drive/MyDrive/PointNet_APS_Project_V2/data/ycb28/generated_pointclouds_bbox_norm/sphere/056_tennis_ball/056_tennis_ball_sample_08.csv,056_tennis_ball,sphere,2,8,ycb28,ycb28_test,/content/drive/MyDrive/PointNet_APS_Project_V2/data/ycb28/extracted_models/056_tennis_ball/056_tennis_ball/google_16k/textured.obj,official_ycb_download,1000,2,2,sphere,sphere,0.9999707,True,mixed_trained,1
/content/drive/MyDrive/PointNet_APS_Project_V2/data/ycb28/generated_pointclouds_bbox_norm/sphere/056_tennis_ball/056_tennis_ball_sample_09.csv,056_tennis_ball,sphere,2,9,ycb28,ycb28_test,/content/drive/MyDrive/PointNet_APS_Project_V2/data/ycb28/extracted_models/056_tennis_ball/056_tennis_ball/google_16k/textured.obj,official_ycb_download,1000,2,2,sphere,sphere,0.9999733,True,mixed_trained,1
/content/drive/MyDrive/PointNet_APS_Project_V2/data/ycb28/generated_pointclouds_bbox_norm/sphere/056_tennis_ball/056_tennis_ball_sample_10.csv,056_tennis_ball,sphere,2,10,ycb28,ycb28_test,/content/drive/MyDrive/PointNet_APS_Project_V2/data/ycb28/extracted_models/056_tennis_ball/056_tennis_ball/google_16k/textured.obj,official_ycb_download,1000,2,2,sphere,sphere,0.99997544,True,mixed_trained,1
/content/drive/MyDrive/PointNet_APS_Project_V2/data/ycb28/generated_pointclouds_bbox_norm/sphere/056_tennis_ball/056_tennis_ball_sample_11.csv,056_tennis_ball,sphere,2,11,ycb28,ycb28_test,/content/drive/MyDrive/PointNet_APS_Project_V2/data/ycb28/extracted_models/056_tennis_ball/056_tennis_ball/google_16k/textured.obj,official_ycb_download,1000,2,2,sphere,sphere,0.99998736,True,mixed_trained,1
/content/drive/MyDrive/PointNet_APS_Project_V2/data/ycb28/generated_pointclouds_bbox_norm/sphere/056_tennis_ball/056_tennis_ball_sample_12.csv,056_tennis_ball,sphere,2,12,ycb28,ycb28_test,/content/drive/MyDrive/PointNet_APS_Project_V2/data/ycb28/extracted_models/056_tennis_ball/056_tennis_ball/google_16k/textured.obj,official_ycb_download,1000,2,2,sphere,sphere,0.9999875,True,mixed_trained,1
/content/drive/MyDrive/PointNet_APS_Project_V2/data/ycb28/generated_pointclouds_bbox_norm/sphere/056_tennis_ball/056_tennis_ball_sample_13.csv,056_tennis_ball,sphere,2,13,ycb28,ycb28_test,/content/drive/MyDrive/PointNet_APS_Project_V2/data/ycb28/extracted_models/056_tennis_ball/056_tennis_ball/google_16k/textured.obj,official_ycb_download,1000,2,2,sphere,sphere,0.9998884,True,mixed_trained,1
/content/drive/MyDrive/PointNet_APS_Project_V2/data/ycb28/generated_pointclouds_bbox_norm/sphere/056_tennis_ball/056_tennis_ball_sample_14.csv,056_tennis_ball,sphere,2,14,ycb28,ycb28_test,/content/drive/MyDrive/PointNet_APS_Project_V2/data/ycb28/extracted_models/056_tennis_ball/056_tennis_ball/google_16k/textured.obj,official_ycb_download,1000,2,2,sphere,sphere,0.999985,True,mixed_trained,1
/content/drive/MyDrive/PointNet_APS_Project_V2/data/ycb28/generated_pointclouds_bbox_norm/sphere/056_tennis_ball/056_tennis_ball_sample_15.csv,056_tennis_ball,sphere,2,15,ycb28,ycb28_test,/content/drive/MyDrive/PointNet_APS_Project_V2/data/ycb28/extracted_models/056_tennis_ball/056_tennis_ball/google_16k/textured.obj,official_ycb_download,1000,2,2,sphere,sphere,0.9999516,True,mixed_trained,1
/content/drive/MyDrive/PointNet_APS_Project_V2/data/ycb28/generated_pointclouds_bbox_norm/sphere/056_tennis_ball/056_tennis_ball_sample_16.csv,056_tennis_ball,sphere,2,16,ycb28,ycb28_test,/content/drive/MyDrive/PointNet_APS_Project_V2/data/ycb28/extracted_models/056_tennis_ball/056_tennis_ball/google_16k/textured.obj,official_ycb_download,1000,2,2,sphere,sphere,0.9999846,True,mixed_trained,1
/content/drive/MyDrive/PointNet_APS_Project_V2/data/ycb28/generated_pointclouds_bbox_norm/sphere/056_tennis_ball/056_tennis_ball_sample_17.csv,056_tennis_ball,sphere,2,17,ycb28,ycb28_test,/content/drive/MyDrive/PointNet_APS_Project_V2/data/ycb28/extracted_models/056_tennis_ball/056_tennis_ball/google_16k/textured.obj,official_ycb_download,1000,2,2,sphere,sphere,0.99997723,True,mixed_trained,1
/content/drive/MyDrive/PointNet_APS_Project_V2/data/ycb28/generated_pointclouds_bbox_norm/sphere/056_tennis_ball/056_tennis_ball_sample_18.csv,056_tennis_ball,sphere,2,18,ycb28,ycb28_test,/content/drive/MyDrive/PointNet_APS_Project_V2/data/ycb28/extracted_models/056_tennis_ball/056_tennis_ball/google_16k/textured.obj,official_ycb_download,1000,2,2,sphere,sphere,0.99999535,True,mixed_trained,1
/content/drive/MyDrive/PointNet_APS_Project_V2/data/ycb28/generated_pointclouds_bbox_norm/sphere/056_tennis_ball/056_tennis_ball_sample_19.csv,056_tennis_ball,sphere,2,19,ycb28,ycb28_test,/content/drive/MyDrive/PointNet_APS_Project_V2/data/ycb28/extracted_models/056_tennis_ball/056_tennis_ball/google_16k/textured.obj,official_ycb_download,1000,2,2,sphere,sphere,0.9999833,True,mixed_trained,1
/content/drive/MyDrive/PointNet_APS_Project_V2/data/ycb28/generated_pointclouds_bbox_norm/sphere/057_racquetball/057_racquetball_sample_00.csv,057_racquetball,sphere,2,0,ycb28,ycb28_test,/content/drive/MyDrive/PointNet_APS_Project_V2/data/ycb28/extracted_models/057_racquetball/057_racquetball/google_16k/textured.obj,official_ycb_download,1000,2,2,sphere,sphere,0.9999691,True,mixed_trained,1
/content/drive/MyDrive/PointNet_APS_Project_V2/data/ycb28/generated_pointclouds_bbox_norm/sphere/057_racquetball/057_racquetball_sample_01.csv,057_racquetball,sphere,2,1,ycb28,ycb28_test,/content/drive/MyDrive/PointNet_APS_Project_V2/data/ycb28/extracted_models/057_racquetball/057_racquetball/google_16k/textured.obj,official_ycb_download,1000,2,2,sphere,sphere,0.999987,True,mixed_trained,1
/content/drive/MyDrive/PointNet_APS_Project_V2/data/ycb28/generated_pointclouds_bbox_norm/sphere/057_racquetball/057_racquetball_sample_02.csv,057_racquetball,sphere,2,2,ycb28,ycb28_test,/content/drive/MyDrive/PointNet_APS_Project_V2/data/ycb28/extracted_models/057_racquetball/057_racquetball/google_16k/textured.obj,official_ycb_download,1000,2,2,sphere,sphere,0.99994123,True,mixed_trained,1
/content/drive/MyDrive/PointNet_APS_Project_V2/data/ycb28/generated_pointclouds_bbox_norm/sphere/057_racquetball/057_racquetball_sample_03.csv,057_racquetball,sphere,2,3,ycb28,ycb28_test,/content/drive/MyDrive/PointNet_APS_Project_V2/data/ycb28/extracted_models/057_racquetball/057_racquetball/google_16k/textured.obj,official_ycb_download,1000,2,2,sphere,sphere,0.9999925,True,mixed_trained,1
/content/drive/MyDrive/PointNet_APS_Project_V2/data/ycb28/generated_pointclouds_bbox_norm/sphere/057_racquetball/057_racquetball_sample_04.csv,057_racquetball,sphere,2,4,ycb28,ycb28_test,/content/drive/MyDrive/PointNet_APS_Project_V2/data/ycb28/extracted_models/057_racquetball/057_racquetball/google_16k/textured.obj,official_ycb_download,1000,2,2,sphere,sphere,0.99999225,True,mixed_trained,1
/content/drive/MyDrive/PointNet_APS_Project_V2/data/ycb28/generated_pointclouds_bbox_norm/sphere/057_racquetball/057_racquetball_sample_05.csv,057_racquetball,sphere,2,5,ycb28,ycb28_test,/content/drive/MyDrive/PointNet_APS_Project_V2/data/ycb28/extracted_models/057_racquetball/057_racquetball/google_16k/textured.obj,official_ycb_download,1000,2,2,sphere,sphere,0.9999943,True,mixed_trained,1
/content/drive/MyDrive/PointNet_APS_Project_V2/data/ycb28/generated_pointclouds_bbox_norm/sphere/057_racquetball/057_racquetball_sample_06.csv,057_racquetball,sphere,2,6,ycb28,ycb28_test,/content/drive/MyDrive/PointNet_APS_Project_V2/data/ycb28/extracted_models/057_racquetball/057_racquetball/google_16k/textured.obj,official_ycb_download,1000,2,2,sphere,sphere,0.9999943,True,mixed_trained,1
/content/drive/MyDrive/PointNet_APS_Project_V2/data/ycb28/generated_pointclouds_bbox_norm/sphere/057_racquetball/057_racquetball_sample_07.csv,057_racquetball,sphere,2,7,ycb28,ycb28_test,/content/drive/MyDrive/PointNet_APS_Project_V2/data/ycb28/extracted_models/057_racquetball/057_racquetball/google_16k/textured.obj,official_ycb_download,1000,2,2,sphere,sphere,0.99996436,True,mixed_trained,1
/content/drive/MyDrive/PointNet_APS_Project_V2/data/ycb28/generated_pointclouds_bbox_norm/sphere/057_racquetball/057_racquetball_sample_08.csv,057_racquetball,sphere,2,8,ycb28,ycb28_test,/content/drive/MyDrive/PointNet_APS_Project_V2/data/ycb28/extracted_models/057_racquetball/057_racquetball/google_16k/textured.obj,official_ycb_download,1000,2,2,sphere,sphere,0.99999225,True,mixed_trained,1
/content/drive/MyDrive/PointNet_APS_Project_V2/data/ycb28/generated_pointclouds_bbox_norm/sphere/057_racquetball/057_racquetball_sample_09.csv,057_racquetball,sphere,2,9,ycb28,ycb28_test,/content/drive/MyDrive/PointNet_APS_Project_V2/data/ycb28/extracted_models/057_racquetball/057_racquetball/google_16k/textured.obj,official_ycb_download,1000,2,2,sphere,sphere,0.9999875,True,mixed_trained,1
/content/drive/MyDrive/PointNet_APS_Project_V2/data/ycb28/generated_pointclouds_bbox_norm/sphere/057_racquetball/057_racquetball_sample_10.csv,057_racquetball,sphere,2,10,ycb28,ycb28_test,/content/drive/MyDrive/PointNet_APS_Project_V2/data/ycb28/extracted_models/057_racquetball/057_racquetball/google_16k/textured.obj,official_ycb_download,1000,2,2,sphere,sphere,0.9999809,True,mixed_trained,1
/content/drive/MyDrive/PointNet_APS_Project_V2/data/ycb28/generated_pointclouds_bbox_norm/sphere/057_racquetball/057_racquetball_sample_11.csv,057_racquetball,sphere,2,11,ycb28,ycb28_test,/content/drive/MyDrive/PointNet_APS_Project_V2/data/ycb28/extracted_models/057_racquetball/057_racquetball/google_16k/textured.obj,official_ycb_download,1000,2,2,sphere,sphere,0.9999927,True,mixed_trained,1
/content/drive/MyDrive/PointNet_APS_Project_V2/data/ycb28/generated_pointclouds_bbox_norm/sphere/057_racquetball/057_racquetball_sample_12.csv,057_racquetball,sphere,2,12,ycb28,ycb28_test,/content/drive/MyDrive/PointNet_APS_Project_V2/data/ycb28/extracted_models/057_racquetball/057_racquetball/google_16k/textured.obj,official_ycb_download,1000,2,2,sphere,sphere,0.9999918,True,mixed_trained,1
/content/drive/MyDrive/PointNet_APS_Project_V2/data/ycb28/generated_pointclouds_bbox_norm/sphere/057_racquetball/057_racquetball_sample_13.csv,057_racquetball,sphere,2,13,ycb28,ycb28_test,/content/drive/MyDrive/PointNet_APS_Project_V2/data/ycb28/extracted_models/057_racquetball/057_racquetball/google_16k/textured.obj,official_ycb_download,1000,2,2,sphere,sphere,0.99999034,True,mixed_trained,1
/content/drive/MyDrive/PointNet_APS_Project_V2/data/ycb28/generated_pointclouds_bbox_norm/sphere/057_racquetball/057_racquetball_sample_14.csv,057_racquetball,sphere,2,14,ycb28,ycb28_test,/content/drive/MyDrive/PointNet_APS_Project_V2/data/ycb28/extracted_models/057_racquetball/057_racquetball/google_16k/textured.obj,official_ycb_download,1000,2,2,sphere,sphere,0.99998856,True,mixed_trained,1
/content/drive/MyDrive/PointNet_APS_Project_V2/data/ycb28/generated_pointclouds_bbox_norm/sphere/057_racquetball/057_racquetball_sample_15.csv,057_racquetball,sphere,2,15,ycb28,ycb28_test,/content/drive/MyDrive/PointNet_APS_Project_V2/data/ycb28/extracted_models/057_racquetball/057_racquetball/google_16k/textured.obj,official_ycb_download,1000,2,2,sphere,sphere,0.99999547,True,mixed_trained,1
/content/drive/MyDrive/PointNet_APS_Project_V2/data/ycb28/generated_pointclouds_bbox_norm/sphere/057_racquetball/057_racquetball_sample_16.csv,057_racquetball,sphere,2,16,ycb28,ycb28_test,/content/drive/MyDrive/PointNet_APS_Project_V2/data/ycb28/extracted_models/057_racquetball/057_racquetball/google_16k/textured.obj,official_ycb_download,1000,2,2,sphere,sphere,0.9999895,True,mixed_trained,1
/content/drive/MyDrive/PointNet_APS_Project_V2/data/ycb28/generated_pointclouds_bbox_norm/sphere/057_racquetball/057_racquetball_sample_17.csv,057_racquetball,sphere,2,17,ycb28,ycb28_test,/content/drive/MyDrive/PointNet_APS_Project_V2/data/ycb28/extracted_models/057_racquetball/057_racquetball/google_16k/textured.obj,official_ycb_download,1000,2,2,sphere,sphere,0.9999894,True,mixed_trained,1
/content/drive/MyDrive/PointNet_APS_Project_V2/data/ycb28/generated_pointclouds_bbox_norm/sphere/057_racquetball/057_racquetball_sample_18.csv,057_racquetball,sphere,2,18,ycb28,ycb28_test,/content/drive/MyDrive/PointNet_APS_Project_V2/data/ycb28/extracted_models/057_racquetball/057_racquetball/google_16k/textured.obj,official_ycb_download,1000,2,2,sphere,sphere,0.99998915,True,mixed_trained,1
/content/drive/MyDrive/PointNet_APS_Project_V2/data/ycb28/generated_pointclouds_bbox_norm/sphere/057_racquetball/057_racquetball_sample_19.csv,057_racquetball,sphere,2,19,ycb28,ycb28_test,/content/drive/MyDrive/PointNet_APS_Project_V2/data/ycb28/extracted_models/057_racquetball/057_racquetball/google_16k/textured.obj,official_ycb_download,1000,2,2,sphere,sphere,0.9999615,True,mixed_trained,1
/content/drive/MyDrive/PointNet_APS_Project_V2/data/ycb28/generated_pointclouds_bbox_norm/sphere/058_golf_ball/058_golf_ball_sample_00.csv,058_golf_ball,sphere,2,0,ycb28,ycb28_test,/content/drive/MyDrive/PointNet_APS_Project_V2/data/ycb28/extracted_models/058_golf_ball/058_golf_ball/google_16k/textured.obj,official_ycb_download,1000,2,2,sphere,sphere,0.9999844,True,mixed_trained,1
/content/drive/MyDrive/PointNet_APS_Project_V2/data/ycb28/generated_pointclouds_bbox_norm/sphere/058_golf_ball/058_golf_ball_sample_01.csv,058_golf_ball,sphere,2,1,ycb28,ycb28_test,/content/drive/MyDrive/PointNet_APS_Project_V2/data/ycb28/extracted_models/058_golf_ball/058_golf_ball/google_16k/textured.obj,official_ycb_download,1000,2,2,sphere,sphere,0.99997723,True,mixed_trained,1
/content/drive/MyDrive/PointNet_APS_Project_V2/data/ycb28/generated_pointclouds_bbox_norm/sphere/058_golf_ball/058_golf_ball_sample_02.csv,058_golf_ball,sphere,2,2,ycb28,ycb28_test,/content/drive/MyDrive/PointNet_APS_Project_V2/data/ycb28/extracted_models/058_golf_ball/058_golf_ball/google_16k/textured.obj,official_ycb_download,1000,2,2,sphere,sphere,0.9999896,True,mixed_trained,1
/content/drive/MyDrive/PointNet_APS_Project_V2/data/ycb28/generated_pointclouds_bbox_norm/sphere/058_golf_ball/058_golf_ball_sample_03.csv,058_golf_ball,sphere,2,3,ycb28,ycb28_test,/content/drive/MyDrive/PointNet_APS_Project_V2/data/ycb28/extracted_models/058_golf_ball/058_golf_ball/google_16k/textured.obj,official_ycb_download,1000,2,2,sphere,sphere,0.9999902,True,mixed_trained,1
/content/drive/MyDrive/PointNet_APS_Project_V2/data/ycb28/generated_pointclouds_bbox_norm/sphere/058_golf_ball/058_golf_ball_sample_04.csv,058_golf_ball,sphere,2,4,ycb28,ycb28_test,/content/drive/MyDrive/PointNet_APS_Project_V2/data/ycb28/extracted_models/058_golf_ball/058_golf_ball/google_16k/textured.obj,official_ycb_download,1000,2,2,sphere,sphere,0.99997675,True,mixed_trained,1
/content/drive/MyDrive/PointNet_APS_Project_V2/data/ycb28/generated_pointclouds_bbox_norm/sphere/058_golf_ball/058_golf_ball_sample_05.csv,058_golf_ball,sphere,2,5,ycb28,ycb28_test,/content/drive/MyDrive/PointNet_APS_Project_V2/data/ycb28/extracted_models/058_golf_ball/058_golf_ball/google_16k/textured.obj,official_ycb_download,1000,2,2,sphere,sphere,0.99996126,True,mixed_trained,1
/content/drive/MyDrive/PointNet_APS_Project_V2/data/ycb28/generated_pointclouds_bbox_norm/sphere/058_golf_ball/058_golf_ball_sample_06.csv,058_golf_ball,sphere,2,6,ycb28,ycb28_test,/content/drive/MyDrive/PointNet_APS_Project_V2/data/ycb28/extracted_models/058_golf_ball/058_golf_ball/google_16k/textured.obj,official_ycb_download,1000,2,2,sphere,sphere,0.9999726,True,mixed_trained,1
/content/drive/MyDrive/PointNet_APS_Project_V2/data/ycb28/generated_pointclouds_bbox_norm/sphere/058_golf_ball/058_golf_ball_sample_07.csv,058_golf_ball,sphere,2,7,ycb28,ycb28_test,/content/drive/MyDrive/PointNet_APS_Project_V2/data/ycb28/extracted_models/058_golf_ball/058_golf_ball/google_16k/textured.obj,official_ycb_download,1000,2,2,sphere,sphere,0.9999318,True,mixed_trained,1
/content/drive/MyDrive/PointNet_APS_Project_V2/data/ycb28/generated_pointclouds_bbox_norm/sphere/058_golf_ball/058_golf_ball_sample_08.csv,058_golf_ball,sphere,2,8,ycb28,ycb28_test,/content/drive/MyDrive/PointNet_APS_Project_V2/data/ycb28/extracted_models/058_golf_ball/058_golf_ball/google_16k/textured.obj,official_ycb_download,1000,2,2,sphere,sphere,0.9999939,True,mixed_trained,1
/content/drive/MyDrive/PointNet_APS_Project_V2/data/ycb28/generated_pointclouds_bbox_norm/sphere/058_golf_ball/058_golf_ball_sample_09.csv,058_golf_ball,sphere,2,9,ycb28,ycb28_test,/content/drive/MyDrive/PointNet_APS_Project_V2/data/ycb28/extracted_models/058_golf_ball/058_golf_ball/google_16k/textured.obj,official_ycb_download,1000,2,2,sphere,sphere,0.9999808,True,mixed_trained,1
/content/drive/MyDrive/PointNet_APS_Project_V2/data/ycb28/generated_pointclouds_bbox_norm/sphere/058_golf_ball/058_golf_ball_sample_10.csv,058_golf_ball,sphere,2,10,ycb28,ycb28_test,/content/drive/MyDrive/PointNet_APS_Project_V2/data/ycb28/extracted_models/058_golf_ball/058_golf_ball/google_16k/textured.obj,official_ycb_download,1000,2,2,sphere,sphere,0.9999819,True,mixed_trained,1
/content/drive/MyDrive/PointNet_APS_Project_V2/data/ycb28/generated_pointclouds_bbox_norm/sphere/058_golf_ball/058_golf_ball_sample_11.csv,058_golf_ball,sphere,2,11,ycb28,ycb28_test,/content/drive/MyDrive/PointNet_APS_Project_V2/data/ycb28/extracted_models/058_golf_ball/058_golf_ball/google_16k/textured.obj,official_ycb_download,1000,2,2,sphere,sphere,0.99999046,True,mixed_trained,1
/content/drive/MyDrive/PointNet_APS_Project_V2/data/ycb28/generated_pointclouds_bbox_norm/sphere/058_golf_ball/058_golf_ball_sample_12.csv,058_golf_ball,sphere,2,12,ycb28,ycb28_test,/content/drive/MyDrive/PointNet_APS_Project_V2/data/ycb28/extracted_models/058_golf_ball/058_golf_ball/google_16k/textured.obj,official_ycb_download,1000,2,2,sphere,sphere,0.99997985,True,mixed_trained,1
/content/drive/MyDrive/PointNet_APS_Project_V2/data/ycb28/generated_pointclouds_bbox_norm/sphere/058_golf_ball/058_golf_ball_sample_13.csv,058_golf_ball,sphere,2,13,ycb28,ycb28_test,/content/drive/MyDrive/PointNet_APS_Project_V2/data/ycb28/extracted_models/058_golf_ball/058_golf_ball/google_16k/textured.obj,official_ycb_download,1000,2,2,sphere,sphere,0.9999862,True,mixed_trained,1
/content/drive/MyDrive/PointNet_APS_Project_V2/data/ycb28/generated_pointclouds_bbox_norm/sphere/058_golf_ball/058_golf_ball_sample_14.csv,058_golf_ball,sphere,2,14,ycb28,ycb28_test,/content/drive/MyDrive/PointNet_APS_Project_V2/data/ycb28/extracted_models/058_golf_ball/058_golf_ball/google_16k/textured.obj,official_ycb_download,1000,2,2,sphere,sphere,0.99997985,True,mixed_trained,1
/content/drive/MyDrive/PointNet_APS_Project_V2/data/ycb28/generated_pointclouds_bbox_norm/sphere/058_golf_ball/058_golf_ball_sample_15.csv,058_golf_ball,sphere,2,15,ycb28,ycb28_test,/content/drive/MyDrive/PointNet_APS_Project_V2/data/ycb28/extracted_models/058_golf_ball/058_golf_ball/google_16k/textured.obj,official_ycb_download,1000,2,2,sphere,sphere,0.9999752,True,mixed_trained,1
/content/drive/MyDrive/PointNet_APS_Project_V2/data/ycb28/generated_pointclouds_bbox_norm/sphere/058_golf_ball/058_golf_ball_sample_16.csv,058_golf_ball,sphere,2,16,ycb28,ycb28_test,/content/drive/MyDrive/PointNet_APS_Project_V2/data/ycb28/extracted_models/058_golf_ball/058_golf_ball/google_16k/textured.obj,official_ycb_download,1000,2,2,sphere,sphere,0.999961,True,mixed_trained,1
/content/drive/MyDrive/PointNet_APS_Project_V2/data/ycb28/generated_pointclouds_bbox_norm/sphere/058_golf_ball/058_golf_ball_sample_17.csv,058_golf_ball,sphere,2,17,ycb28,ycb28_test,/content/drive/MyDrive/PointNet_APS_Project_V2/data/ycb28/extracted_models/058_golf_ball/058_golf_ball/google_16k/textured.obj,official_ycb_download,1000,2,2,sphere,sphere,0.99994814,True,mixed_trained,1
/content/drive/MyDrive/PointNet_APS_Project_V2/data/ycb28/generated_pointclouds_bbox_norm/sphere/058_golf_ball/058_golf_ball_sample_18.csv,058_golf_ball,sphere,2,18,ycb28,ycb28_test,/content/drive/MyDrive/PointNet_APS_Project_V2/data/ycb28/extracted_models/058_golf_ball/058_golf_ball/google_16k/textured.obj,official_ycb_download,1000,2,2,sphere,sphere,0.99999,True,mixed_trained,1
/content/drive/MyDrive/PointNet_APS_Project_V2/data/ycb28/generated_pointclouds_bbox_norm/sphere/058_golf_ball/058_golf_ball_sample_19.csv,058_golf_ball,sphere,2,19,ycb28,ycb28_test,/content/drive/MyDrive/PointNet_APS_Project_V2/data/ycb28/extracted_models/058_golf_ball/058_golf_ball/google_16k/textured.obj,official_ycb_download,1000,2,2,sphere,sphere,0.9999826,True,mixed_trained,1
/content/drive/MyDrive/PointNet_APS_Project_V2/data/ycb28/generated_pointclouds_bbox_norm/sphere/063_a_marbles/063_a_marbles_sample_00.csv,063_a_marbles,sphere,2,0,ycb28,ycb28_test,/content/drive/MyDrive/PointNet_APS_Project_V2/data/ycb28/extracted_models/063_a_marbles/063-a_marbles/google_16k/textured.obj,official_ycb_download,1000,2,1,sphere,cylinder,0.9991061,False,mixed_trained,1
/content/drive/MyDrive/PointNet_APS_Project_V2/data/ycb28/generated_pointclouds_bbox_norm/sphere/063_a_marbles/063_a_marbles_sample_01.csv,063_a_marbles,sphere,2,1,ycb28,ycb28_test,/content/drive/MyDrive/PointNet_APS_Project_V2/data/ycb28/extracted_models/063_a_marbles/063-a_marbles/google_16k/textured.obj,official_ycb_download,1000,2,1,sphere,cylinder,0.9991387,False,mixed_trained,1
/content/drive/MyDrive/PointNet_APS_Project_V2/data/ycb28/generated_pointclouds_bbox_norm/sphere/063_a_marbles/063_a_marbles_sample_02.csv,063_a_marbles,sphere,2,2,ycb28,ycb28_test,/content/drive/MyDrive/PointNet_APS_Project_V2/data/ycb28/extracted_models/063_a_marbles/063-a_marbles/google_16k/textured.obj,official_ycb_download,1000,2,1,sphere,cylinder,0.99908745,False,mixed_trained,1
/content/drive/MyDrive/PointNet_APS_Project_V2/data/ycb28/generated_pointclouds_bbox_norm/sphere/063_a_marbles/063_a_marbles_sample_03.csv,063_a_marbles,sphere,2,3,ycb28,ycb28_test,/content/drive/MyDrive/PointNet_APS_Project_V2/data/ycb28/extracted_models/063_a_marbles/063-a_marbles/google_16k/textured.obj,official_ycb_download,1000,2,1,sphere,cylinder,0.9992725,False,mixed_trained,1
/content/drive/MyDrive/PointNet_APS_Project_V2/data/ycb28/generated_pointclouds_bbox_norm/sphere/063_a_marbles/063_a_marbles_sample_04.csv,063_a_marbles,sphere,2,4,ycb28,ycb28_test,/content/drive/MyDrive/PointNet_APS_Project_V2/data/ycb28/extracted_models/063_a_marbles/063-a_marbles/google_16k/textured.obj,official_ycb_download,1000,2,1,sphere,cylinder,0.99830544,False,mixed_trained,1
/content/drive/MyDrive/PointNet_APS_Project_V2/data/ycb28/generated_pointclouds_bbox_norm/sphere/063_a_marbles/063_a_marbles_sample_05.csv,063_a_marbles,sphere,2,5,ycb28,ycb28_test,/content/drive/MyDrive/PointNet_APS_Project_V2/data/ycb28/extracted_models/063_a_marbles/063-a_marbles/google_16k/textured.obj,official_ycb_download,1000,2,1,sphere,cylinder,0.9991767,False,mixed_trained,1
/content/drive/MyDrive/PointNet_APS_Project_V2/data/ycb28/generated_pointclouds_bbox_norm/sphere/063_a_marbles/063_a_marbles_sample_06.csv,063_a_marbles,sphere,2,6,ycb28,ycb28_test,/content/drive/MyDrive/PointNet_APS_Project_V2/data/ycb28/extracted_models/063_a_marbles/063-a_marbles/google_16k/textured.obj,official_ycb_download,1000,2,1,sphere,cylinder,0.9986975,False,mixed_trained,1
/content/drive/MyDrive/PointNet_APS_Project_V2/data/ycb28/generated_pointclouds_bbox_norm/sphere/063_a_marbles/063_a_marbles_sample_07.csv,063_a_marbles,sphere,2,7,ycb28,ycb28_test,/content/drive/MyDrive/PointNet_APS_Project_V2/data/ycb28/extracted_models/063_a_marbles/063-a_marbles/google_16k/textured.obj,official_ycb_download,1000,2,1,sphere,cylinder,0.9993624,False,mixed_trained,1
/content/drive/MyDrive/PointNet_APS_Project_V2/data/ycb28/generated_pointclouds_bbox_norm/sphere/063_a_marbles/063_a_marbles_sample_08.csv,063_a_marbles,sphere,2,8,ycb28,ycb28_test,/content/drive/MyDrive/PointNet_APS_Project_V2/data/ycb28/extracted_models/063_a_marbles/063-a_marbles/google_16k/textured.obj,official_ycb_download,1000,2,1,sphere,cylinder,0.99934846,False,mixed_trained,1
/content/drive/MyDrive/PointNet_APS_Project_V2/data/ycb28/generated_pointclouds_bbox_norm/sphere/063_a_marbles/063_a_marbles_sample_09.csv,063_a_marbles,sphere,2,9,ycb28,ycb28_test,/content/drive/MyDrive/PointNet_APS_Project_V2/data/ycb28/extracted_models/063_a_marbles/063-a_marbles/google_16k/textured.obj,official_ycb_download,1000,2,1,sphere,cylinder,0.9992187,False,mixed_trained,1
/content/drive/MyDrive/PointNet_APS_Project_V2/data/ycb28/generated_pointclouds_bbox_norm/sphere/063_a_marbles/063_a_marbles_sample_10.csv,063_a_marbles,sphere,2,10,ycb28,ycb28_test,/content/drive/MyDrive/PointNet_APS_Project_V2/data/ycb28/extracted_models/063_a_marbles/063-a_marbles/google_16k/textured.obj,official_ycb_download,1000,2,1,sphere,cylinder,0.99836725,False,mixed_trained,1
/content/drive/MyDrive/PointNet_APS_Project_V2/data/ycb28/generated_pointclouds_bbox_norm/sphere/063_a_marbles/063_a_marbles_sample_11.csv,063_a_marbles,sphere,2,11,ycb28,ycb28_test,/content/drive/MyDrive/PointNet_APS_Project_V2/data/ycb28/extracted_models/063_a_marbles/063-a_marbles/google_16k/textured.obj,official_ycb_download,1000,2,1,sphere,cylinder,0.9987919,False,mixed_trained,1
/content/drive/MyDrive/PointNet_APS_Project_V2/data/ycb28/generated_pointclouds_bbox_norm/sphere/063_a_marbles/063_a_marbles_sample_12.csv,063_a_marbles,sphere,2,12,ycb28,ycb28_test,/content/drive/MyDrive/PointNet_APS_Project_V2/data/ycb28/extracted_models/063_a_marbles/063-a_marbles/google_16k/textured.obj,official_ycb_download,1000,2,1,sphere,cylinder,0.9982114,False,mixed_trained,1
/content/drive/MyDrive/PointNet_APS_Project_V2/data/ycb28/generated_pointclouds_bbox_norm/sphere/063_a_marbles/063_a_marbles_sample_13.csv,063_a_marbles,sphere,2,13,ycb28,ycb28_test,/content/drive/MyDrive/PointNet_APS_Project_V2/data/ycb28/extracted_models/063_a_marbles/063-a_marbles/google_16k/textured.obj,official_ycb_download,1000,2,1,sphere,cylinder,0.99936575,False,mixed_trained,1
/content/drive/MyDrive/PointNet_APS_Project_V2/data/ycb28/generated_pointclouds_bbox_norm/sphere/063_a_marbles/063_a_marbles_sample_14.csv,063_a_marbles,sphere,2,14,ycb28,ycb28_test,/content/drive/MyDrive/PointNet_APS_Project_V2/data/ycb28/extracted_models/063_a_marbles/063-a_marbles/google_16k/textured.obj,official_ycb_download,1000,2,1,sphere,cylinder,0.9996536,False,mixed_trained,1
/content/drive/MyDrive/PointNet_APS_Project_V2/data/ycb28/generated_pointclouds_bbox_norm/sphere/063_a_marbles/063_a_marbles_sample_15.csv,063_a_marbles,sphere,2,15,ycb28,ycb28_test,/content/drive/MyDrive/PointNet_APS_Project_V2/data/ycb28/extracted_models/063_a_marbles/063-a_marbles/google_16k/textured.obj,official_ycb_download,1000,2,1,sphere,cylinder,0.9994603,False,mixed_trained,1
/content/drive/MyDrive/PointNet_APS_Project_V2/data/ycb28/generated_pointclouds_bbox_norm/sphere/063_a_marbles/063_a_marbles_sample_16.csv,063_a_marbles,sphere,2,16,ycb28,ycb28_test,/content/drive/MyDrive/PointNet_APS_Project_V2/data/ycb28/extracted_models/063_a_marbles/063-a_marbles/google_16k/textured.obj,official_ycb_download,1000,2,1,sphere,cylinder,0.9993517,False,mixed_trained,1
/content/drive/MyDrive/PointNet_APS_Project_V2/data/ycb28/generated_pointclouds_bbox_norm/sphere/063_a_marbles/063_a_marbles_sample_17.csv,063_a_marbles,sphere,2,17,ycb28,ycb28_test,/content/drive/MyDrive/PointNet_APS_Project_V2/data/ycb28/extracted_models/063_a_marbles/063-a_marbles/google_16k/textured.obj,official_ycb_download,1000,2,1,sphere,cylinder,0.99922395,False,mixed_trained,1
/content/drive/MyDrive/PointNet_APS_Project_V2/data/ycb28/generated_pointclouds_bbox_norm/sphere/063_a_marbles/063_a_marbles_sample_18.csv,063_a_marbles,sphere,2,18,ycb28,ycb28_test,/content/drive/MyDrive/PointNet_APS_Project_V2/data/ycb28/extracted_models/063_a_marbles/063-a_marbles/google_16k/textured.obj,official_ycb_download,1000,2,1,sphere,cylinder,0.99938154,False,mixed_trained,1
/content/drive/MyDrive/PointNet_APS_Project_V2/data/ycb28/generated_pointclouds_bbox_norm/sphere/063_a_marbles/063_a_marbles_sample_19.csv,063_a_marbles,sphere,2,19,ycb28,ycb28_test,/content/drive/MyDrive/PointNet_APS_Project_V2/data/ycb28/extracted_models/063_a_marbles/063-a_marbles/google_16k/textured.obj,official_ycb_download,1000,2,1,sphere,cylinder,0.99962807,False,mixed_trained,1
