-4.959567263722419739e-02,-2.647176980972290039e-01,-1.049760207533836365e-01,-9.499845653772354126e-02,-9.463963508605957031e-01,-3.087220191955566406e-01,0.000000000000000000e+00
-1.805571913719177246e-01,1.379056721925735474e-01,-1.809324622154235840e-01,-6.300053000450134277e-01,4.324180185794830322e-01,-6.450642943382263184e-01,0.000000000000000000e+00
-1.646593511104583740e-01,-2.251833826303482056e-01,-6.418725848197937012e-02,-5.927487015724182129e-01,-7.816066741943359375e-01,-1.942677497863769531e-01,0.000000000000000000e+00
-2.435394078493118286e-01,1.476617306470870972e-01,-5.363493412733078003e-02,-8.959938287734985352e-01,4.329447448253631592e-01,-9.876165539026260376e-02,0.000000000000000000e+00
-6.182948872447013855e-02,-2.438779622316360474e-01,1.324026882648468018e-01,-3.033794462680816650e-01,-7.813846468925476074e-01,5.453429222106933594e-01,0.000000000000000000e+00
7.531771808862686157e-02,-8.968999236822128296e-02,2.553344070911407471e-01,2.688809633255004883e-01,-3.059771060943603516e-01,9.132803678512573242e-01,0.000000000000000000e+00
2.678425610065460205e-01,-4.563719965517520905e-03,9.206516295671463013e-02,9.841207265853881836e-01,-4.449863918125629425e-03,1.774446517229080200e-01,0.000000000000000000e+00
-2.854716181755065918e-01,-2.160176448523998260e-02,3.747179731726646423e-02,-9.786299467086791992e-01,-8.511292934417724609e-02,1.871877312660217285e-01,0.000000000000000000e+00
5.738390982151031494e-02,-2.113383114337921143e-01,-1.821496337652206421e-01,2.448935210704803467e-01,-7.414497733116149902e-01,-6.247234940528869629e-01,0.000000000000000000e+00
5.205417796969413757e-02,-1.915989667177200317e-01,-2.064189910888671875e-01,2.334790676832199097e-01,-7.355901598930358887e-01,-6.359202861785888672e-01,0.000000000000000000e+00
1.396467983722686768e-01,-1.579749137163162231e-01,1.875061243772506714e-01,4.485861659049987793e-01,-5.358640551567077637e-01,7.152762413024902344e-01,0.000000000000000000e+00
1.932038343511521816e-03,-2.739205956459045410e-01,-7.551927119493484497e-02,1.423097103834152222e-01,-8.691580295562744141e-01,-4.736162126064300537e-01,0.000000000000000000e+00
1.831238716840744019e-02,2.898194789886474609e-01,3.136186394840478897e-03,2.421306073665618896e-02,9.989137649536132812e-01,-3.981177136301994324e-02,0.000000000000000000e+00
-1.573384255170822144e-01,-1.961734294891357422e-01,1.388079077005386353e-01,-3.775282204151153564e-01,-7.028237581253051758e-01,6.029189229011535645e-01,0.000000000000000000e+00
-2.894804626703262329e-02,-2.469183206558227539e-01,1.336511522531509399e-01,-6.354430317878723145e-02,-8.732411265373229980e-01,4.831273853778839111e-01,0.000000000000000000e+00
2.398062199354171753e-01,5.676864087581634521e-02,1.383895277976989746e-01,8.367550969123840332e-01,1.984082311391830444e-01,5.103676319122314453e-01,0.000000000000000000e+00
-1.867662370204925537e-02,-2.829464375972747803e-01,4.316180571913719177e-02,-7.175184786319732666e-02,-8.987178802490234375e-01,4.326173663139343262e-01,0.000000000000000000e+00
1.873493343591690063e-01,-1.576916314661502838e-02,-2.156359702348709106e-01,6.464112401008605957e-01,-5.742750689387321472e-02,-7.608249783515930176e-01,0.000000000000000000e+00
2.015980333089828491e-01,-1.780266463756561279e-01,8.664026856422424316e-02,7.099794745445251465e-01,-6.327988505363464355e-01,3.090222775936126709e-01,0.000000000000000000e+00
-1.457116901874542236e-01,1.502924561500549316e-01,1.929348558187484741e-01,-4.739187955856323242e-01,5.715930461883544922e-01,6.698375344276428223e-01,0.000000000000000000e+00
-2.639816403388977051e-01,1.160516217350959778e-01,-1.037579611875116825e-03,-9.134168624877929688e-01,4.063012599945068359e-01,2.426810003817081451e-02,0.000000000000000000e+00
-1.194030940532684326e-01,-2.592100203037261963e-01,7.112603168934583664e-03,-4.049805402755737305e-01,-9.135635495185852051e-01,3.731548786163330078e-02,0.000000000000000000e+00
1.490884423255920410e-01,-1.394838541746139526e-01,-1.949942409992218018e-01,4.959890246391296387e-01,-5.221570730209350586e-01,-6.937916874885559082e-01,0.000000000000000000e+00
1.874787360429763794e-01,-1.777450591325759888e-01,1.139549463987350464e-01,3.943843543529510498e-01,-8.892229199409484863e-01,2.318265289068222046e-01,0.000000000000000000e+00
-3.308265283703804016e-02,-1.999253630638122559e-01,-2.097316086292266846e-01,-1.857007294893264771e-01,-4.985109567642211914e-01,-8.467597365379333496e-01,0.000000000000000000e+00
-1.334124803543090820e-02,2.581252157688140869e-01,1.312666535377502441e-01,-2.242772839963436127e-02,6.647062897682189941e-01,7.467680573463439941e-01,0.000000000000000000e+00
-4.172115772962570190e-02,2.537462413311004639e-01,1.361384987831115723e-01,-2.643834948539733887e-01,8.977219462394714355e-01,3.524155318737030029e-01,0.000000000000000000e+00
-1.831371150910854340e-02,-7.662777602672576904e-02,2.727125585079193115e-01,-3.479239344596862793e-02,-3.195239603519439697e-01,9.469392299652099609e-01,0.000000000000000000e+00
-1.440082341432571411e-01,-1.241713985800743103e-01,-2.150621265172958374e-01,-4.792020618915557861e-01,-4.448747336864471436e-01,-7.566054463386535645e-01,0.000000000000000000e+00
8.537956327199935913e-02,-2.388423383235931396e-01,1.349290758371353149e-01,3.121675550937652588e-01,-7.245095968246459961e-01,6.145219802856445312e-01,0.000000000000000000e+00
2.192604392766952515e-01,-8.569085039198398590e-03,-1.816757917404174805e-01,7.895210981369018555e-01,-2.256829664111137390e-02,-6.133083105087280273e-01,0.000000000000000000e+00
1.840975135564804077e-01,2.050522863864898682e-01,-8.701161295175552368e-02,5.700373053550720215e-01,7.600311636924743652e-01,-3.121059536933898926e-01,0.000000000000000000e+00
-6.156960874795913696e-02,6.781543791294097900e-02,2.713809609413146973e-01,-1.569859497249126434e-02,6.808427572250366211e-01,7.322613596916198730e-01,0.000000000000000000e+00
2.151174098253250122e-01,1.891957074403762817e-01,-2.288874238729476929e-02,7.180131077766418457e-01,6.569758057594299316e-01,2.298693358898162842e-01,0.000000000000000000e+00
-1.429557651281356812e-01,-2.295171618461608887e-01,8.237090706825256348e-02,-4.433109164237976074e-01,-8.432759642601013184e-01,3.039097189903259277e-01,0.000000000000000000e+00
2.588587701320648193e-01,-1.109946742653846741e-01,-1.049002353101968765e-02,8.996153473854064941e-01,-4.352969229221343994e-01,-3.476743027567863464e-02,0.000000000000000000e+00
-2.483931481838226318e-01,-1.430704593658447266e-01,-2.262083999812602997e-02,-8.211732506752014160e-01,-5.654462575912475586e-01,-7.710368186235427856e-02,0.000000000000000000e+00
-5.696483701467514038e-02,1.591707170009613037e-01,2.341717332601547241e-01,-6.686866283416748047e-02,8.917661905288696289e-01,4.475283324718475342e-01,0.000000000000000000e+00
-1.085216030478477478e-01,2.360480427742004395e-01,-1.378111094236373901e-01,-5.234567523002624512e-01,8.065583109855651855e-01,-2.746938467025756836e-01,0.000000000000000000e+00
-1.528769824653863907e-02,2.883343398571014404e-01,7.257757708430290222e-03,-1.091268658638000488e-01,9.921116232872009277e-01,6.169181317090988159e-02,0.000000000000000000e+00
-1.851158738136291504e-01,1.880283057689666748e-01,1.080726236104965210e-01,-6.276777982711791992e-01,6.721631884574890137e-01,3.927050232887268066e-01,0.000000000000000000e+00
-2.392067909240722656e-01,-1.454693526029586792e-01,7.076489180326461792e-02,-9.422390460968017578e-01,-3.347651660442352295e-01,-1.085829734802246094e-02,0.000000000000000000e+00
-8.486936986446380615e-02,1.085391268134117126e-02,-2.755938768386840820e-01,-3.044927418231964111e-01,1.436980161815881729e-02,-9.524062871932983398e-01,0.000000000000000000e+00
2.330274134874343872e-02,-2.590350210666656494e-01,-1.194330677390098572e-01,1.254736185073852539e-01,-8.967882394790649414e-01,-4.242961108684539795e-01,0.000000000000000000e+00
-1.006653234362602234e-01,-2.570461928844451904e-01,6.186095252633094788e-02,-3.800994455814361572e-01,-8.953101634979248047e-01,2.322587668895721436e-01,0.000000000000000000e+00
2.023757547140121460e-01,-1.435771137475967407e-01,1.406437754631042480e-01,8.578795194625854492e-01,-3.133055269718170166e-01,4.072865843772888184e-01,0.000000000000000000e+00
1.653326749801635742e-01,1.688699573278427124e-01,1.575602889060974121e-01,5.904347896575927734e-01,5.544518232345581055e-01,5.864894986152648926e-01,0.000000000000000000e+00
3.936077281832695007e-02,-2.129352241754531860e-01,1.805865913629531860e-01,1.735736578702926636e-01,-7.770820856094360352e-01,6.049922704696655273e-01,0.000000000000000000e+00
1.974592804908752441e-01,8.479180932044982910e-02,1.823102682828903198e-01,7.312104105949401855e-01,2.921984791755676270e-01,6.164019703865051270e-01,0.000000000000000000e+00
2.351158112287521362e-01,8.803118020296096802e-02,-1.373535841703414917e-01,8.314965367317199707e-01,2.992228269577026367e-01,-4.680590033531188965e-01,0.000000000000000000e+00
-1.087676212191581726e-01,-2.617190778255462646e-01,2.717399783432483673e-02,-2.609037458896636963e-01,-9.394546151161193848e-01,2.221580743789672852e-01,0.000000000000000000e+00
-6.369152833940461278e-05,2.559340894222259521e-01,-1.311492323875427246e-01,3.411891311407089233e-02,8.720318675041198730e-01,-4.882584512233734131e-01,0.000000000000000000e+00
2.159162461757659912e-01,-1.640416681766510010e-01,7.742101699113845825e-02,7.337960600852966309e-01,-6.136173605918884277e-01,2.915768325328826904e-01,0.000000000000000000e+00
1.967456489801406860e-01,-2.654274925589561462e-02,1.980549097061157227e-01,7.173771262168884277e-01,-1.125550940632820129e-01,6.875328421592712402e-01,0.000000000000000000e+00
7.367525249719619751e-02,1.641333848237991333e-01,-2.311712801456451416e-01,4.675484001636505127e-01,4.060786366462707520e-01,-7.851742506027221680e-01,0.000000000000000000e+00
-7.080088555812835693e-02,-4.045277088880538940e-02,2.784769833087921143e-01,-2.589800655841827393e-01,5.352848768234252930e-01,8.039897084236145020e-01,0.000000000000000000e+00
1.215606927871704102e-01,2.571021020412445068e-01,4.108605161309242249e-02,4.566556513309478760e-01,8.617630004882812500e-01,2.209754735231399536e-01,0.000000000000000000e+00
-5.859151110053062439e-02,2.246566116809844971e-01,-1.806409955024719238e-01,-5.903100967407226562e-02,8.835046887397766113e-01,-4.646878540515899658e-01,0.000000000000000000e+00
-4.183094203472137451e-02,2.721275687217712402e-01,8.564577251672744751e-02,-1.955044567584991455e-01,9.417608976364135742e-01,2.736136317253112793e-01,0.000000000000000000e+00
9.604883193969726562e-02,-6.375028938055038452e-02,2.563689947128295898e-01,3.093591630458831787e-01,-2.066397666931152344e-01,9.282224178314208984e-01,0.000000000000000000e+00
4.588472470641136169e-02,2.094179987907409668e-01,1.893870532512664795e-01,1.504806578159332275e-01,7.169279456138610840e-01,6.807127594947814941e-01,0.000000000000000000e+00
-1.084046140313148499e-01,-2.386204898357391357e-01,1.029800847172737122e-01,-4.299095869064331055e-01,-8.473066687583923340e-01,3.118479847908020020e-01,0.000000000000000000e+00
-2.749055325984954834e-01,6.409449130296707153e-02,-7.179127633571624756e-02,-8.299142718315124512e-01,4.269150495529174805e-01,-3.591460287570953369e-01,0.000000000000000000e+00
1.585949659347534180e-01,-2.332529425621032715e-01,9.496460668742656708e-03,5.770684480667114258e-01,-8.157664537429809570e-01,3.894992545247077942e-02,0.000000000000000000e+00
1.219339221715927124e-01,-1.940127909183502197e-01,-1.653368771076202393e-01,4.369822442531585693e-01,-6.978210210800170898e-01,-5.675318241119384766e-01,0.000000000000000000e+00
1.621840447187423706e-01,-2.064141929149627686e-01,1.042157635092735291e-01,6.941946744918823242e-01,-4.932399988174438477e-01,5.242214202880859375e-01,0.000000000000000000e+00
-4.571260139346122742e-02,-2.371486872434616089e-01,1.473314762115478516e-01,-2.998011410236358643e-01,-8.340240120887756348e-01,4.631664752960205078e-01,0.000000000000000000e+00
1.160657554864883423e-01,-2.066382616758346558e-01,-1.542906910181045532e-01,4.354652762413024902e-01,-6.994840502738952637e-01,-5.666498541831970215e-01,0.000000000000000000e+00
1.563964933156967163e-01,1.787705123424530029e-01,-1.647635698318481445e-01,5.478211641311645508e-01,6.073627471923828125e-01,-5.753281116485595703e-01,0.000000000000000000e+00
-1.047671213746070862e-01,2.235752195119857788e-01,-1.645447164773941040e-01,-5.505477786064147949e-01,7.768965959548950195e-01,-3.054977059364318848e-01,0.000000000000000000e+00
4.804057627916336060e-02,2.385147958993911743e-01,1.522757261991500854e-01,1.901841312646865845e-01,8.280313014984130859e-01,5.274411439895629883e-01,0.000000000000000000e+00
7.825513184070587158e-02,-2.255622297525405884e-02,2.701497077941894531e-01,2.928174138069152832e-01,-8.058202266693115234e-02,9.527667760848999023e-01,0.000000000000000000e+00
-3.461387008428573608e-02,2.783251702785491943e-01,6.585702300071716309e-02,-1.571130305528640747e-01,9.561437368392944336e-01,2.471935600042343140e-01,0.000000000000000000e+00
5.916887521743774414e-02,-1.304227486252784729e-02,2.760003805160522461e-01,2.175286114215850830e-01,-5.278629437088966370e-02,9.746255278587341309e-01,0.000000000000000000e+00
-2.120677530765533447e-01,-7.887270301580429077e-02,1.726269125938415527e-01,-7.488760352134704590e-01,-2.756208777427673340e-01,6.026755571365356445e-01,0.000000000000000000e+00
2.406443059444427490e-01,1.473154723644256592e-01,3.976254165172576904e-02,8.538424372673034668e-01,4.964546561241149902e-01,1.564796566963195801e-01,0.000000000000000000e+00
9.521890431642532349e-03,2.363823801279067993e-01,-1.629585623741149902e-01,-3.110345453023910522e-02,8.224835991859436035e-01,-5.679377317428588867e-01,0.000000000000000000e+00
1.321074515581130981e-01,-2.177033424377441406e-01,1.252202093601226807e-01,5.542088747024536133e-01,-7.711192965507507324e-01,3.134128153324127197e-01,0.000000000000000000e+00
-1.656385958194732666e-01,1.958874464035034180e-01,1.239869147539138794e-01,-5.773687362670898438e-01,6.991754770278930664e-01,4.216621816158294678e-01,0.000000000000000000e+00
-2.429437637329101562e-01,-5.861196666955947876e-02,1.376385092735290527e-01,-8.097075223922729492e-01,-2.317772209644317627e-01,5.391225218772888184e-01,0.000000000000000000e+00
-5.093443766236305237e-02,-5.925896018743515015e-02,-2.770965695381164551e-01,-1.977977454662322998e-01,-2.401274889707565308e-01,-9.503761529922485352e-01,0.000000000000000000e+00
1.806805729866027832e-01,-8.184071630239486694e-03,-2.216732054948806763e-01,6.257293820381164551e-01,-3.998722508549690247e-02,-7.790146470069885254e-01,0.000000000000000000e+00
-2.778573930263519287e-01,-7.239978015422821045e-02,-4.583311453461647034e-02,-8.996981382369995117e-01,-3.897264599800109863e-01,-1.966126263141632080e-01,0.000000000000000000e+00
-1.710762679576873779e-01,2.300670892000198364e-01,-1.935425773262977600e-02,-6.018956899642944336e-01,7.966119647026062012e-01,-5.595457926392555237e-02,0.000000000000000000e+00
7.890596240758895874e-02,1.261924505233764648e-01,-2.524142861366271973e-01,3.088712394237518311e-01,8.124612271785736084e-02,-9.476273655891418457e-01,0.000000000000000000e+00
-1.865437030792236328e-01,-2.160823047161102295e-01,-8.025769144296646118e-03,-6.311544179916381836e-01,-7.752128839492797852e-01,-2.625075168907642365e-02,0.000000000000000000e+00
1.105258092284202576e-01,1.555586308240890503e-01,-2.181847244501113892e-01,3.975621163845062256e-01,5.703403949737548828e-01,-7.187880277633666992e-01,0.000000000000000000e+00
-1.178564205765724182e-01,1.314903348684310913e-01,2.230232357978820801e-01,-4.122329950332641602e-01,5.000798106193542480e-01,7.615669369697570801e-01,0.000000000000000000e+00
2.000744491815567017e-01,-1.460063736885786057e-03,1.971759051084518433e-01,7.247117161750793457e-01,-2.226568013429641724e-02,6.886923313140869141e-01,0.000000000000000000e+00
2.409735620021820068e-01,-3.281486406922340393e-02,-1.457957923412322998e-01,8.616406917572021484e-01,-1.247927919030189514e-01,-4.919371306896209717e-01,0.000000000000000000e+00
-2.863881587982177734e-01,-1.745369099080562592e-02,-2.183798514306545258e-02,-9.731532931327819824e-01,-2.137586027383804321e-01,8.532250672578811646e-02,0.000000000000000000e+00
1.130379661917686462e-01,1.763326972723007202e-01,1.921201199293136597e-01,4.256498813629150391e-01,5.949338674545288086e-01,6.818180084228515625e-01,0.000000000000000000e+00
-7.858178019523620605e-02,3.809734433889389038e-02,2.718115150928497314e-01,-1.909264475107192993e-01,3.789381086826324463e-01,9.055125713348388672e-01,0.000000000000000000e+00
1.307334303855895996e-01,-2.419071495532989502e-01,6.778954714536666870e-02,4.833142459392547607e-01,-8.468384146690368652e-01,2.219731062650680542e-01,0.000000000000000000e+00
8.623774349689483643e-02,-2.684612274169921875e-01,-2.887406200170516968e-02,3.432878553867340088e-01,-9.297040104866027832e-01,-1.334312111139297485e-01,0.000000000000000000e+00
-7.843988388776779175e-02,-1.181775256991386414e-01,2.506645321846008301e-01,-1.202574744820594788e-01,-4.011212587356567383e-01,9.080968499183654785e-01,0.000000000000000000e+00
9.225138276815414429e-02,-4.503464326262474060e-02,-2.733213007450103760e-01,1.916074901819229126e-01,-3.486080467700958252e-01,-9.174742698669433594e-01,0.000000000000000000e+00
1.090074628591537476e-01,-1.933823823928833008e-01,1.756339371204376221e-01,3.202229738235473633e-01,-7.485918998718261719e-01,5.805750489234924316e-01,0.000000000000000000e+00
3.265529638156294823e-03,-1.595329344272613525e-01,2.327356636524200439e-01,-4.111638292670249939e-02,-5.435096621513366699e-01,8.383952975273132324e-01,0.000000000000000000e+00
9.266028553247451782e-02,3.529368201270699501e-03,2.663716375827789307e-01,3.557057082653045654e-01,3.998257219791412354e-02,9.337424039840698242e-01,0.000000000000000000e+00
-2.131631821393966675e-01,1.482989341020584106e-01,1.176967546343803406e-01,-7.633989453315734863e-01,5.022206902503967285e-01,4.061975181102752686e-01,0.000000000000000000e+00
-2.143831178545951843e-02,-1.121937558054924011e-01,-2.652798891067504883e-01,-8.512355387210845947e-02,-3.835858404636383057e-01,-9.195737838745117188e-01,0.000000000000000000e+00
2.471210509538650513e-01,1.499398648738861084e-01,-2.278235927224159241e-02,9.165893793106079102e-01,3.718715310096740723e-01,1.468860656023025513e-01,0.000000000000000000e+00
-1.908805519342422485e-01,1.391133815050125122e-01,1.590790450572967529e-01,-6.812126636505126953e-01,4.665199816226959229e-01,5.641882419586181641e-01,0.000000000000000000e+00
-2.074371874332427979e-01,-1.878904551267623901e-01,7.398167252540588379e-02,-5.494945645332336426e-01,-7.279729843139648438e-01,4.100134968757629395e-01,0.000000000000000000e+00
2.122502960264682770e-02,1.195450201630592346e-01,2.589995563030242920e-01,1.154765933752059937e-01,4.363083243370056152e-01,8.923565745353698730e-01,0.000000000000000000e+00
-1.606024801731109619e-01,2.070481181144714355e-01,-1.379378587007522583e-01,-6.195384263992309570e-01,7.433922886848449707e-01,-2.520713806152343750e-01,0.000000000000000000e+00
-5.445780605077743530e-02,-1.776310801506042480e-01,-2.193815410137176514e-01,-1.251841783523559570e-01,-5.608741044998168945e-01,-8.183820247650146484e-01,0.000000000000000000e+00
-7.472234964370727539e-02,1.099620088934898376e-01,-2.571066617965698242e-01,-2.533342540264129639e-01,4.035941064357757568e-01,-8.791664242744445801e-01,0.000000000000000000e+00
-1.879805177450180054e-01,-6.145350262522697449e-02,2.050762772560119629e-01,-6.785721778869628906e-01,-2.061251699924468994e-01,7.050192952156066895e-01,0.000000000000000000e+00
3.478079661726951599e-02,4.094836860895156860e-02,-2.837969660758972168e-01,8.989550918340682983e-02,1.191097348928451538e-01,-9.888031482696533203e-01,0.000000000000000000e+00
-7.239337265491485596e-02,1.578450202941894531e-01,-2.314557582139968872e-01,-2.373581379652023315e-01,5.409713983535766602e-01,-8.068525195121765137e-01,0.000000000000000000e+00
2.671559751033782959e-01,9.395534545183181763e-02,3.036992996931076050e-02,9.654884338378906250e-01,2.391569763422012329e-01,1.031310856342315674e-01,0.000000000000000000e+00
-4.521803930401802063e-02,2.802420556545257568e-01,4.650174081325531006e-02,-2.050305753946304321e-01,9.683350324630737305e-01,1.424418985843658447e-01,0.000000000000000000e+00
1.141187641769647598e-02,-2.818998694419860840e-01,6.020591408014297485e-02,9.741085767745971680e-02,-9.447762966156005859e-01,3.129039108753204346e-01,0.000000000000000000e+00
4.598102718591690063e-02,1.093531101942062378e-01,2.593632936477661133e-01,2.059453278779983521e-01,3.952738940715789795e-01,8.951787948608398438e-01,0.000000000000000000e+00
1.476094424724578857e-01,-1.198354661464691162e-01,-2.098162770271301270e-01,4.776151478290557861e-01,-4.732104241847991943e-01,-7.402402758598327637e-01,0.000000000000000000e+00
4.805424436926841736e-02,-2.761177122592926025e-01,-4.931823164224624634e-02,1.765795052051544189e-01,-9.702392816543579102e-01,-1.656967848539352417e-01,0.000000000000000000e+00
2.894587256014347076e-02,-7.559336721897125244e-02,-2.760939598083496094e-01,1.417384445667266846e-01,-2.646386623382568359e-01,-9.538745284080505371e-01,0.000000000000000000e+00
-7.615347206592559814e-02,8.391460031270980835e-02,-2.663245201110839844e-01,-2.776080965995788574e-01,2.745805084705352783e-01,-9.206189513206481934e-01,0.000000000000000000e+00
-1.641985401511192322e-02,-1.084508150815963745e-01,-2.672759890556335449e-01,-8.686805516481399536e-02,-3.625958561897277832e-01,-9.278891086578369141e-01,0.000000000000000000e+00
-2.643258869647979736e-01,-7.023236155509948730e-02,8.637025952339172363e-02,-9.053249955177307129e-01,-2.593504190444946289e-01,3.363392055034637451e-01,0.000000000000000000e+00
-2.589397728443145752e-01,3.978694230318069458e-02,-1.217888891696929932e-01,-9.241228103637695312e-01,4.956463724374771118e-02,-3.788672387599945068e-01,0.000000000000000000e+00
8.446118235588073730e-02,-2.607261836528778076e-01,-7.184953242540359497e-02,3.256520330905914307e-01,-9.068564772605895996e-01,-2.675108611583709717e-01,0.000000000000000000e+00
-2.508317232131958008e-01,-5.016850680112838745e-02,-1.300755590200424194e-01,-8.714841604232788086e-01,-1.768721789121627808e-01,-4.574184417724609375e-01,0.000000000000000000e+00
-1.005963385105133057e-01,2.682582437992095947e-01,1.019671745598316193e-02,-3.640245795249938965e-01,9.302849173545837402e-01,4.534364864230155945e-02,0.000000000000000000e+00
-3.902083262801170349e-02,-2.657469213008880615e-01,8.638741075992584229e-02,-1.697494536638259888e-01,-9.213910698890686035e-01,3.496049344539642334e-01,0.000000000000000000e+00
-3.709376603364944458e-02,2.860341407358646393e-02,-2.855955660343170166e-01,-1.364758014678955078e-01,1.183953657746315002e-01,-9.835430383682250977e-01,0.000000000000000000e+00
1.980728209018707275e-01,1.833267658948898315e-01,9.271702915430068970e-02,6.678109169006347656e-01,6.528150439262390137e-01,3.575766086578369141e-01,0.000000000000000000e+00
-1.730950921773910522e-01,1.501787453889846802e-01,-1.789227277040481567e-01,-6.081368327140808105e-01,5.104653835296630859e-01,-6.079429984092712402e-01,0.000000000000000000e+00
-2.420636117458343506e-01,-1.212424039840698242e-01,9.306495636701583862e-02,-8.518283963203430176e-01,-3.810670077800750732e-01,3.594110906124114990e-01,0.000000000000000000e+00
1.897433251142501831e-01,-1.013075709342956543e-01,-1.853017508983612061e-01,6.905703544616699219e-01,-3.881910741329193115e-01,-6.102624535560607910e-01,0.000000000000000000e+00
-1.197996735572814941e-01,2.213408611714839935e-02,-2.610245048999786377e-01,-4.253987371921539307e-01,5.466071143746376038e-02,-9.033538103103637695e-01,0.000000000000000000e+00
-2.641886845231056213e-02,-5.562514066696166992e-02,2.779931724071502686e-01,3.551920503377914429e-02,-1.486932337284088135e-01,9.882452487945556641e-01,0.000000000000000000e+00
-1.038317233324050903e-01,2.122186683118343353e-02,-2.680640816688537598e-01,-3.793419003486633301e-01,5.409245938062667847e-02,-9.236740469932556152e-01,0.000000000000000000e+00
8.506133407354354858e-02,-1.963077038526535034e-01,1.838668286800384521e-01,2.696093320846557617e-01,-6.742996573448181152e-01,6.874814629554748535e-01,0.000000000000000000e+00
9.861171990633010864e-02,9.340082854032516479e-02,-2.604199051856994629e-01,4.344535470008850098e-01,5.399483814835548401e-02,-8.990743160247802734e-01,0.000000000000000000e+00
3.490472957491874695e-02,2.724251449108123779e-01,9.236116707324981689e-02,2.444835752248764038e-01,9.515857696533203125e-01,1.863124668598175049e-01,0.000000000000000000e+00
9.511277824640274048e-02,2.226305454969406128e-01,-1.554436683654785156e-01,3.273207247257232666e-01,7.824519872665405273e-01,-5.297452211380004883e-01,0.000000000000000000e+00
7.465111464262008667e-02,2.731026709079742432e-01,6.163219362497329712e-02,3.131293654441833496e-01,6.515271663665771484e-01,6.909865140914916992e-01,0.000000000000000000e+00
2.346338480710983276e-01,-1.270113885402679443e-01,-9.142614901065826416e-02,8.272333741188049316e-01,-4.816949963569641113e-01,-2.892315685749053955e-01,0.000000000000000000e+00
1.422033160924911499e-01,8.954600244760513306e-02,-2.364651113748550415e-01,5.241549015045166016e-01,3.228054046630859375e-01,-7.880725264549255371e-01,0.000000000000000000e+00
9.423556923866271973e-02,1.468938738107681274e-01,2.243565768003463745e-01,3.245328366756439209e-01,5.037363171577453613e-01,8.005799055099487305e-01,0.000000000000000000e+00
2.684673070907592773e-01,8.133012801408767700e-03,8.891867846250534058e-02,9.841207265853881836e-01,-4.449863918125629425e-03,1.774446517229080200e-01,0.000000000000000000e+00
-2.297940552234649658e-01,-2.266298606991767883e-02,1.659094095230102539e-01,-8.372321724891662598e-01,9.263084270060062408e-03,5.467691421508789062e-01,0.000000000000000000e+00
-6.944171339273452759e-02,2.279797941446304321e-01,-1.704065352678298950e-01,-6.383903622627258301e-01,6.624810099601745605e-01,-3.918885886669158936e-01,0.000000000000000000e+00
-2.727225050330162048e-02,-2.521054446697235107e-01,1.238940730690956116e-01,-7.341150194406509399e-02,-9.000250697135925293e-01,4.296109676361083984e-01,0.000000000000000000e+00
-2.194218784570693970e-01,-2.606697566807270050e-02,-1.828500479459762573e-01,-7.594903707504272461e-01,-7.315923273563385010e-02,-6.463916301727294922e-01,0.000000000000000000e+00
5.595926940441131592e-02,-2.525300979614257812e-01,1.219953224062919617e-01,2.528169453144073486e-01,-8.184890151023864746e-01,5.159063935279846191e-01,0.000000000000000000e+00
1.016561165452003479e-01,1.296556442975997925e-01,-2.384278774261474609e-01,2.447673380374908447e-01,6.855252981185913086e-01,-6.856704950332641602e-01,0.000000000000000000e+00
-2.846764400601387024e-02,4.878792539238929749e-02,-2.837105095386505127e-01,-7.446473091840744019e-02,1.775560826063156128e-01,-9.812893867492675781e-01,0.000000000000000000e+00
-5.733760818839073181e-02,-2.164399474859237671e-01,-1.838956624269485474e-01,-2.721178531646728516e-01,-7.102884650230407715e-01,-6.491857767105102539e-01,0.000000000000000000e+00
-1.263844072818756104e-01,-2.463545203208923340e-01,6.068918108940124512e-02,-5.127301216125488281e-01,-8.583596348762512207e-01,1.807170733809471130e-02,0.000000000000000000e+00
-2.745482027530670166e-01,6.735402345657348633e-02,-6.874233484268188477e-02,-8.299142718315124512e-01,4.269150495529174805e-01,-3.591460287570953369e-01,0.000000000000000000e+00
2.096092104911804199e-01,-5.090180039405822754e-02,-1.855804473161697388e-01,7.428326606750488281e-01,-2.160710394382476807e-01,-6.336504817008972168e-01,0.000000000000000000e+00
-2.093681991100311279e-01,-4.872910678386688232e-03,-1.961601525545120239e-01,-7.197268605232238770e-01,-1.324306800961494446e-02,-6.941310167312622070e-01,0.000000000000000000e+00
2.787009179592132568e-01,-1.870453543961048126e-02,4.713170230388641357e-02,9.113203883171081543e-01,4.116670489311218262e-01,5.037067923694849014e-03,0.000000000000000000e+00
-1.456391364336013794e-01,2.460224181413650513e-01,2.207839861512184143e-02,-5.066612958908081055e-01,8.536018729209899902e-01,1.210708469152450562e-01,0.000000000000000000e+00
8.883535861968994141e-02,1.534396260976791382e-01,-2.320299744606018066e-01,2.452000230550765991e-01,6.948924064636230469e-01,-6.760188341140747070e-01,0.000000000000000000e+00
-2.046093940734863281e-01,3.780889883637428284e-02,1.946874707937240601e-01,-8.101405501365661621e-01,1.120345368981361389e-01,5.754307508468627930e-01,0.000000000000000000e+00
-1.901339292526245117e-01,-1.070171445608139038e-01,1.821511387825012207e-01,-6.596272587776184082e-01,-3.723396956920623779e-01,6.528820991516113281e-01,0.000000000000000000e+00
1.672306209802627563e-01,-1.946157217025756836e-01,-1.176892220973968506e-01,6.026496291160583496e-01,-6.694249510765075684e-01,-4.343773126602172852e-01,0.000000000000000000e+00
2.609888911247253418e-01,1.175431534647941589e-01,-5.118290334939956665e-02,7.291650772094726562e-01,5.474609136581420898e-01,-4.106152355670928955e-01,0.000000000000000000e+00
-2.049105912446975708e-01,6.549251824617385864e-02,-1.919531375169754028e-01,-6.856874823570251465e-01,2.315825223922729492e-01,-6.900740861892700195e-01,0.000000000000000000e+00
1.043479517102241516e-01,1.362282875925302505e-02,-2.705544829368591309e-01,2.748688459396362305e-01,-1.109682209789752960e-02,-9.614176750183105469e-01,0.000000000000000000e+00
-1.020773351192474365e-01,-4.804635420441627502e-02,-2.634013295173645020e-01,-3.702386915683746338e-01,-1.981261968612670898e-01,-9.075623154640197754e-01,0.000000000000000000e+00
8.541921526193618774e-02,3.233767673373222351e-02,2.672709822654724121e-01,3.460492789745330811e-01,1.119905188679695129e-01,9.315084815025329590e-01,0.000000000000000000e+00
1.127696931362152100e-01,9.973262995481491089e-02,-2.516031563282012939e-01,7.821298241615295410e-01,-4.848406091332435608e-02,-6.212264299392700195e-01,0.000000000000000000e+00
-3.113479167222976685e-02,1.238593310117721558e-01,2.583251297473907471e-01,-1.574713885784149170e-01,6.168351173400878906e-01,7.711790800094604492e-01,0.000000000000000000e+00
2.384813129901885986e-01,9.421052783727645874e-02,1.189662069082260132e-01,8.244190812110900879e-01,3.446943461894989014e-01,4.489086270332336426e-01,0.000000000000000000e+00
2.657208740711212158e-01,1.077422499656677246e-01,-1.078396756201982498e-02,7.170413136482238770e-01,6.612567901611328125e-01,2.204340398311614990e-01,0.000000000000000000e+00
2.306092232465744019e-01,5.568571388721466064e-02,-1.589920818805694580e-01,8.085953593254089355e-01,1.636891812086105347e-01,-5.651366114616394043e-01,0.000000000000000000e+00
-1.504357755184173584e-01,2.211635261774063110e-01,9.858198463916778564e-02,-5.269039869308471680e-01,7.683564424514770508e-01,3.633188307285308838e-01,0.000000000000000000e+00
-1.292821913957595825e-01,-1.300837993621826172e-01,2.241045534610748291e-01,-3.636015653610229492e-01,-5.994364619255065918e-01,7.130707502365112305e-01,0.000000000000000000e+00
-1.969637274742126465e-01,1.132768616080284119e-01,1.708161085844039917e-01,-6.787723302841186523e-01,3.899013698101043701e-01,6.222901940345764160e-01,0.000000000000000000e+00
-2.707595229148864746e-01,9.506514295935630798e-03,-1.007984653115272522e-01,-8.444820642471313477e-01,-2.310788929462432861e-01,-4.831692874431610107e-01,0.000000000000000000e+00
-1.210491731762886047e-01,-2.439500391483306885e-01,-8.874125778675079346e-02,-4.382123351097106934e-01,-8.459663391113281250e-01,-3.038271069526672363e-01,0.000000000000000000e+00
-1.058839708566665649e-01,-5.196979641914367676e-02,-2.609886229038238525e-01,-3.728128075599670410e-01,-2.118520587682723999e-01,-9.033987522125244141e-01,0.000000000000000000e+00
1.449033170938491821e-01,-1.920237690210342407e-01,-1.480291634798049927e-01,5.432533621788024902e-01,-6.552823781967163086e-01,-5.248627066612243652e-01,0.000000000000000000e+00
-5.032037943601608276e-02,-2.764059007167816162e-01,4.330497235059738159e-02,-2.020223885774612427e-01,-9.459806680679321289e-01,2.535893023014068604e-01,0.000000000000000000e+00
1.180154364556074142e-02,-8.546847850084304810e-02,2.689238786697387695e-01,8.474934101104736328e-02,-2.764981389045715332e-01,9.572702646255493164e-01,0.000000000000000000e+00
-2.080320119857788086e-01,1.785861551761627197e-01,-1.019756197929382324e-01,-3.044580221176147461e-01,8.659558892250061035e-01,-3.967690765857696533e-01,0.000000000000000000e+00
7.333625853061676025e-02,1.181533262133598328e-01,2.476965039968490601e-01,3.054826855659484863e-01,3.940509557723999023e-01,8.668357133865356445e-01,0.000000000000000000e+00
-1.002013459801673889e-01,-1.671296358108520508e-01,2.062865644693374634e-01,-2.651173472404479980e-01,-5.012339353561401367e-01,8.236973285675048828e-01,0.000000000000000000e+00
2.424606680870056152e-01,-1.424450427293777466e-01,1.325414143502712250e-02,8.590824007987976074e-01,-5.116670727729797363e-01,1.319937780499458313e-02,0.000000000000000000e+00
-8.040786534547805786e-02,2.438603155314922333e-02,2.767423391342163086e-01,-5.283349156379699707e-01,1.874489039182662964e-01,8.280852437019348145e-01,0.000000000000000000e+00
1.348182708024978638e-01,-4.843434318900108337e-03,-2.545455396175384521e-01,5.765611529350280762e-01,1.774613372981548309e-02,-8.168612122535705566e-01,0.000000000000000000e+00
2.314787507057189941e-01,8.179821074008941650e-03,1.602135300636291504e-01,7.846586108207702637e-01,-1.402968913316726685e-02,6.197693347930908203e-01,0.000000000000000000e+00
8.848951011896133423e-02,-1.532120555639266968e-01,2.182812690734863281e-01,3.186108469963073730e-01,-5.535169839859008789e-01,7.694842815399169922e-01,0.000000000000000000e+00
3.914175182580947876e-02,-2.143329530954360962e-01,-1.853813380002975464e-01,2.077298611402511597e-01,-7.661888599395751953e-01,-6.081142425537109375e-01,0.000000000000000000e+00
-9.892065078020095825e-03,1.146035641431808472e-02,-2.887327969074249268e-01,-2.044990099966526031e-02,4.903101176023483276e-02,-9.985879063606262207e-01,0.000000000000000000e+00
-5.318436399102210999e-02,3.213605284690856934e-02,2.793266475200653076e-01,-6.529214978218078613e-01,2.635128609836101532e-02,7.569670677185058594e-01,0.000000000000000000e+00
-1.796437948942184448e-01,3.921186551451683044e-02,2.166177779436111450e-01,-6.445173621177673340e-01,1.248598005622625351e-02,7.644877433776855469e-01,0.000000000000000000e+00
3.439330682158470154e-02,-2.763389945030212402e-01,6.871237605810165405e-02,-1.622177809476852417e-01,-9.822921752929687500e-01,9.374133497476577759e-02,0.000000000000000000e+00
2.744777202606201172e-01,-8.813714608550071716e-03,-7.096433639526367188e-02,9.575180411338806152e-01,-3.193216398358345032e-02,-2.865999341011047363e-01,0.000000000000000000e+00
-1.037372052669525146e-01,-2.247459739446640015e-01,-1.459596902132034302e-01,-3.651351332664489746e-01,-7.762438058853149414e-01,-5.139278769493103027e-01,0.000000000000000000e+00
1.909949630498886108e-01,-2.031483203172683716e-01,4.550499841570854187e-02,6.812941431999206543e-01,-7.213738560676574707e-01,1.243302077054977417e-01,0.000000000000000000e+00
2.559690177440643311e-02,2.851244211196899414e-01,-4.353940486907958984e-02,9.224678575992584229e-02,9.836645722389221191e-01,-1.545786261558532715e-01,0.000000000000000000e+00
1.837272346019744873e-01,2.261204570531845093e-01,-3.373002260923385620e-02,6.769808530807495117e-01,7.029895186424255371e-01,-2.179511487483978271e-01,0.000000000000000000e+00
-3.241347149014472961e-02,-2.672913968563079834e-01,-9.986812621355056763e-02,1.349246501922607422e-01,-9.424849152565002441e-01,-3.058064281940460205e-01,0.000000000000000000e+00
1.864309906959533691e-01,2.019166350364685059e-01,7.668285071849822998e-02,6.499081850051879883e-01,7.093296647071838379e-01,2.728934288024902344e-01,0.000000000000000000e+00
1.771443635225296021e-01,2.119424343109130859e-01,-8.365751802921295166e-02,7.094648480415344238e-01,6.530477404594421387e-01,-2.649306952953338623e-01,0.000000000000000000e+00
1.277848184108734131e-01,2.182101458311080933e-01,-1.375738680362701416e-01,4.277673363685607910e-01,7.759630680084228516e-01,-4.635692536830902100e-01,0.000000000000000000e+00
-2.574816346168518066e-01,1.413440145552158356e-02,1.210061535239219666e-01,-8.626791834831237793e-01,8.692198991775512695e-02,4.982260763645172119e-01,0.000000000000000000e+00
-1.020760387182235718e-01,-7.788024097681045532e-02,-2.560918927192687988e-01,-3.758805692195892334e-01,-2.548421323299407959e-01,-8.909373283386230469e-01,0.000000000000000000e+00
1.629388928413391113e-01,1.537741571664810181e-01,-1.823799908161163330e-01,5.996580719947814941e-01,5.025655627250671387e-01,-6.227664351463317871e-01,0.000000000000000000e+00
-3.110150247812271118e-02,1.680275797843933105e-01,-2.344593852758407593e-01,-1.549442708492279053e-01,5.529299378395080566e-01,-8.186945319175720215e-01,0.000000000000000000e+00
1.147409006953239441e-01,2.640178203582763672e-01,3.120605461299419403e-02,5.716045498847961426e-01,7.649069428443908691e-01,2.969605624675750732e-01,0.000000000000000000e+00
-3.945860266685485840e-02,2.227570265531539917e-01,-1.822620928287506104e-01,-4.082373678684234619e-01,7.662174701690673828e-01,-4.962388575077056885e-01,0.000000000000000000e+00
2.186927646398544312e-01,1.046995297074317932e-01,1.440019458532333374e-01,7.846347093582153320e-01,3.504151999950408936e-01,5.114269852638244629e-01,0.000000000000000000e+00
7.551240175962448120e-02,2.499667555093765259e-01,1.189344376325607300e-01,2.867729961872100830e-01,8.595802187919616699e-01,4.229457676410675049e-01,0.000000000000000000e+00
2.155486494302749634e-01,7.494636625051498413e-02,-1.731823384761810303e-01,7.623599767684936523e-01,2.485565990209579468e-01,-5.975173115730285645e-01,0.000000000000000000e+00
2.211837619543075562e-01,-2.783759031444787979e-03,-1.794127523899078369e-01,7.895210981369018555e-01,-2.256829664111137390e-02,-6.133083105087280273e-01,0.000000000000000000e+00
2.388601899147033691e-01,-2.799832634627819061e-02,1.466273069381713867e-01,8.329471945762634277e-01,-8.315202593803405762e-02,5.470692515373229980e-01,0.000000000000000000e+00
2.060622274875640869e-01,1.373671144247055054e-01,1.383932381868362427e-01,7.613324522972106934e-01,4.325963258743286133e-01,4.829423427581787109e-01,0.000000000000000000e+00
-1.252848058938980103e-01,-1.423500031232833862e-01,2.142010033130645752e-01,-3.392269313335418701e-01,-6.997935175895690918e-01,6.286606192588806152e-01,0.000000000000000000e+00
2.531872987747192383e-01,5.600019916892051697e-02,-1.180910542607307434e-01,9.111632704734802246e-01,1.567773222923278809e-01,-3.810543119907379150e-01,0.000000000000000000e+00
-1.022325754165649414e-01,-2.663978934288024902e-01,-1.221530605107545853e-02,-3.792033493518829346e-01,-9.237768650054931641e-01,-5.330227687954902649e-02,0.000000000000000000e+00
1.537588685750961304e-01,2.463740110397338867e-01,-3.153594955801963806e-02,6.978408694267272949e-01,6.083662509918212891e-01,-3.780326247215270996e-01,0.000000000000000000e+00
-1.647816151380538940e-01,-1.485023796558380127e-01,1.835781633853912354e-01,-5.092275738716125488e-01,-3.404075503349304199e-01,7.904492020606994629e-01,0.000000000000000000e+00
-2.106614857912063599e-01,-1.934371590614318848e-01,1.423420663923025131e-02,-7.140220403671264648e-01,-7.000778317451477051e-01,-7.973199710249900818e-03,0.000000000000000000e+00
8.089757710695266724e-02,2.635881006717681885e-01,8.056892454624176025e-02,3.141025006771087646e-01,9.245990514755249023e-01,2.155369222164154053e-01,0.000000000000000000e+00
-8.926504850387573242e-02,3.633690997958183289e-02,-2.720822989940643311e-01,-3.240540921688079834e-01,1.176021769642829895e-01,-9.387005567550659180e-01,0.000000000000000000e+00
-5.885040760040283203e-02,1.219736784696578979e-01,2.581074833869934082e-01,-1.208506152033805847e-01,4.166663885116577148e-01,9.009907245635986328e-01,0.000000000000000000e+00
4.257834702730178833e-02,2.235900461673736572e-01,1.741546392440795898e-01,1.481812596321105957e-01,7.669188380241394043e-01,6.244019269943237305e-01,0.000000000000000000e+00
-2.408426627516746521e-02,-9.651066362857818604e-02,2.655873298645019531e-01,-3.781498596072196960e-02,-3.698440194129943848e-01,9.283239841461181641e-01,0.000000000000000000e+00
-5.113720148801803589e-02,-2.756751179695129395e-01,-7.493658363819122314e-02,-1.574517339468002319e-01,-9.872237443923950195e-01,-2.445849590003490448e-02,0.000000000000000000e+00
6.924559175968170166e-02,2.140540480613708496e-01,-1.802985817193984985e-01,2.589523196220397949e-01,7.558352351188659668e-01,-6.013790369033813477e-01,0.000000000000000000e+00
2.426881641149520874e-01,-1.238037049770355225e-01,-7.149405032396316528e-02,8.592507243156433105e-01,-4.563726186752319336e-01,-2.311108261346817017e-01,0.000000000000000000e+00
2.833986878395080566e-01,-2.280169539153575897e-02,-1.722845993936061859e-02,9.884993433952331543e-01,-7.678186148405075073e-02,-1.302829086780548096e-01,0.000000000000000000e+00
-2.467353790998458862e-01,4.956123977899551392e-02,-1.415722966194152832e-01,-8.485072851181030273e-01,1.433990895748138428e-01,-5.093840956687927246e-01,0.000000000000000000e+00
-6.521871685981750488e-02,1.986450105905532837e-01,-1.995141208171844482e-01,-3.849945068359375000e-01,5.311893224716186523e-01,-7.547298073768615723e-01,0.000000000000000000e+00
-8.590649068355560303e-02,-4.192516952753067017e-02,2.750858962535858154e-01,-2.477374374866485596e-01,-1.650421693921089172e-02,9.686866402626037598e-01,0.000000000000000000e+00
1.953027993440628052e-01,-2.002724111080169678e-01,3.813672810792922974e-02,7.018331885337829590e-01,-7.089619636535644531e-01,6.930453330278396606e-02,0.000000000000000000e+00
4.402310028672218323e-02,-2.728591263294219971e-01,8.095595240592956543e-02,3.214539885520935059e-01,-8.333366513252258301e-01,4.496858716011047363e-01,0.000000000000000000e+00
-1.146920844912528992e-01,8.815578371286392212e-02,2.449081987142562866e-01,-3.827436864376068115e-01,3.282783329486846924e-01,8.635627627372741699e-01,0.000000000000000000e+00
-1.951404064893722534e-01,2.000440210103988647e-01,-8.369489759206771851e-02,-6.689565777778625488e-01,7.411094307899475098e-01,-5.704272910952568054e-02,0.000000000000000000e+00
-2.645455598831176758e-01,-1.178270727396011353e-01,3.753113001585006714e-02,-8.235208988189697266e-01,-3.807048499584197998e-01,4.205676317214965820e-01,0.000000000000000000e+00
-3.426729142665863037e-02,-2.330722212791442871e-01,-1.688414067029953003e-01,-1.706270128488540649e-01,-9.122357964515686035e-01,-3.724409639835357666e-01,0.000000000000000000e+00
-8.606669725850224495e-04,1.111517846584320068e-01,2.655722498893737793e-01,1.548454165458679199e-01,3.332101106643676758e-01,9.300504922866821289e-01,0.000000000000000000e+00
1.453929841518402100e-01,-2.567160874605178833e-02,-2.461102157831192017e-01,5.360926389694213867e-01,-1.045966967940330505e-01,-8.376539945602416992e-01,0.000000000000000000e+00
1.801734715700149536e-01,1.322685629129409790e-01,1.732666939496994019e-01,6.424474716186523438e-01,4.403589069843292236e-01,6.271724104881286621e-01,0.000000000000000000e+00
2.266764044761657715e-01,-1.627157479524612427e-01,4.024212434887886047e-02,8.115631341934204102e-01,-5.613855123519897461e-01,1.618998199701309204e-01,0.000000000000000000e+00
1.294777244329452515e-01,-1.442151516675949097e-01,-2.048639208078384399e-01,4.580718278884887695e-01,-5.350512266159057617e-01,-7.098523378372192383e-01,0.000000000000000000e+00
1.849424839019775391e-01,1.306570470333099365e-01,1.694364994764328003e-01,6.712128520011901855e-01,4.331493973731994629e-01,6.015437245368957520e-01,0.000000000000000000e+00
2.277726083993911743e-01,9.231447428464889526e-02,-1.466892063617706299e-01,8.020889163017272949e-01,3.059852421283721924e-01,-5.128610134124755859e-01,0.000000000000000000e+00
-8.218348026275634766e-02,-2.570943534374237061e-01,-9.737864881753921509e-02,-2.862353622913360596e-01,-8.778600096702575684e-01,-3.839676380157470703e-01,0.000000000000000000e+00
-1.186318323016166687e-02,-2.073376923799514771e-01,-2.057207077741622925e-01,4.430362209677696228e-02,-7.967359423637390137e-01,-6.027014851570129395e-01,0.000000000000000000e+00
-1.396013796329498291e-02,5.612042546272277832e-02,2.825569510459899902e-01,1.451829224824905396e-01,3.866436183452606201e-01,9.107297062873840332e-01,0.000000000000000000e+00
-1.184620484709739685e-01,1.717671006917953491e-01,-2.019489109516143799e-01,-4.347984790802001953e-01,5.905244350433349609e-01,-6.798758506774902344e-01,0.000000000000000000e+00
-1.203906256705522537e-02,-2.604813873767852783e-01,1.089256182312965393e-01,-7.387862354516983032e-02,-9.010392427444458008e-01,4.273993372917175293e-01,0.000000000000000000e+00
1.903322935104370117e-01,5.006810277700424194e-02,2.012229859828948975e-01,7.018552422523498535e-01,1.544553786516189575e-01,6.953724026679992676e-01,0.000000000000000000e+00
2.322140783071517944e-01,1.636546850204467773e-01,3.025948442518711090e-02,8.111884593963623047e-01,5.662710666656494141e-01,1.459806412458419800e-01,0.000000000000000000e+00
2.281098067760467529e-02,-2.798373401165008545e-01,5.959575623273849487e-02,1.109418943524360657e-01,-8.526083230972290039e-01,5.106377601623535156e-01,0.000000000000000000e+00
7.891263067722320557e-02,-2.219198197126388550e-01,-1.581105291843414307e-01,2.887005805969238281e-01,-8.359074592590332031e-01,-4.668090641498565674e-01,0.000000000000000000e+00
-2.534343302249908447e-01,-1.133386567234992981e-01,-7.411500066518783569e-02,-8.746892809867858887e-01,-4.039819240570068359e-01,-2.678008973598480225e-01,0.000000000000000000e+00
7.966008782386779785e-02,2.555371224880218506e-01,-1.049967184662818909e-01,2.849121093750000000e-01,8.746867179870605469e-01,-3.921074271202087402e-01,0.000000000000000000e+00
-1.860809624195098877e-01,-3.543288633227348328e-02,-2.156225144863128662e-01,-6.364052295684814453e-01,-1.331147104501724243e-01,-7.597821354866027832e-01,0.000000000000000000e+00
2.303821779787540436e-02,-2.495928108692169189e-01,-1.378495842218399048e-01,1.041364222764968872e-01,-8.788345456123352051e-01,-4.656237363815307617e-01,0.000000000000000000e+00
-1.239234730601310730e-01,-1.735557317733764648e-01,1.939554959535598755e-01,-2.961421310901641846e-01,-6.528722643852233887e-01,6.971783638000488281e-01,0.000000000000000000e+00
8.264192938804626465e-02,-2.064924240112304688e-01,1.746413558721542358e-01,2.745886445045471191e-01,-6.863700151443481445e-01,6.734220385551452637e-01,0.000000000000000000e+00
-7.537650316953659058e-02,-2.392334491014480591e-01,1.308101117610931396e-01,-2.343957573175430298e-01,-9.117472767829895020e-01,3.373062312602996826e-01,0.000000000000000000e+00
-1.534194201231002808e-01,-1.655967980623245239e-01,1.768126785755157471e-01,-4.145260751247406006e-01,-1.677794754505157471e-01,8.944373726844787598e-01,0.000000000000000000e+00
1.029255837202072144e-01,9.152152389287948608e-02,2.465987801551818848e-01,3.815109133720397949e-01,2.954988181591033936e-01,8.758594989776611328e-01,0.000000000000000000e+00
-9.679143130779266357e-02,2.696907818317413330e-01,1.003290433436632156e-02,-3.256711661815643311e-01,9.451407790184020996e-01,2.544086799025535583e-02,0.000000000000000000e+00
-1.492259651422500610e-01,-4.483360052108764648e-02,2.389193177223205566e-01,-5.285045504570007324e-01,-1.450852155685424805e-01,8.364408016204833984e-01,0.000000000000000000e+00
-2.289696335792541504e-01,1.235063970088958740e-01,-1.316874176263809204e-01,-5.284514427185058594e-01,5.094692111015319824e-01,-6.791024804115295410e-01,0.000000000000000000e+00
-5.566620081663131714e-02,6.011404842138290405e-02,-2.775053679943084717e-01,-1.948120445013046265e-01,1.832386255264282227e-01,-9.635724425315856934e-01,0.000000000000000000e+00
3.893989603966474533e-03,2.823090851306915283e-01,-6.480208784341812134e-02,5.916447844356298447e-03,9.755724668502807617e-01,-2.195982784032821655e-01,0.000000000000000000e+00
1.068006530404090881e-01,4.954578727483749390e-02,2.562008500099182129e-01,4.122949838638305664e-01,1.882669925689697266e-01,8.913856744766235352e-01,0.000000000000000000e+00
2.411739975214004517e-01,1.501505523920059204e-01,2.617591992020606995e-02,8.516125679016113281e-01,5.080997943878173828e-01,1.288048624992370605e-01,0.000000000000000000e+00
2.165822871029376984e-02,1.748298555612564087e-01,2.243177294731140137e-01,1.254309713840484619e-01,6.399362087249755859e-01,7.581218481063842773e-01,0.000000000000000000e+00
8.023820072412490845e-02,-1.977952271699905396e-01,1.842993050813674927e-01,2.696093320846557617e-01,-6.742996573448181152e-01,6.874814629554748535e-01,0.000000000000000000e+00
-1.573680341243743896e-02,1.856493651866912842e-01,2.178969234228134155e-01,-1.286037862300872803e-01,4.994210302829742432e-01,8.567611575126647949e-01,0.000000000000000000e+00
-1.941508054733276367e-01,-1.800594180822372437e-01,1.145671010017395020e-01,-3.946758210659027100e-01,-1.673945784568786621e-01,9.034434556961059570e-01,0.000000000000000000e+00
-1.274014264345169067e-01,-2.511580288410186768e-01,-4.975665360689163208e-02,-4.410946071147918701e-01,-8.787919282913208008e-01,-1.820995658636093140e-01,0.000000000000000000e+00
-4.826398938894271851e-02,2.817791998386383057e-01,2.961063385009765625e-02,-2.052016705274581909e-01,9.750540256500244141e-01,8.462840318679809570e-02,0.000000000000000000e+00
-1.009998545050621033e-01,4.539947584271430969e-02,-2.666523754596710205e-01,-3.561454713344573975e-01,1.191318482160568237e-01,-9.268052577972412109e-01,0.000000000000000000e+00
-2.387248277664184570e-01,-8.852567523717880249e-02,-1.321901082992553711e-01,-8.288192152976989746e-01,-3.382979333400726318e-01,-4.456603825092315674e-01,0.000000000000000000e+00
-1.786500960588455200e-01,2.981255017220973969e-02,-2.232241332530975342e-01,-6.042565703392028809e-01,8.981011062860488892e-02,-7.917121648788452148e-01,0.000000000000000000e+00
9.395420551300048828e-02,2.193399369716644287e-01,-1.609204560518264771e-01,3.086649775505065918e-01,7.827711701393127441e-01,-5.403658151626586914e-01,0.000000000000000000e+00
2.650860249996185303e-01,3.729403764009475708e-02,-9.546419978141784668e-02,9.326708316802978516e-01,1.401300132274627686e-01,-3.323984742164611816e-01,0.000000000000000000e+00
1.616687923669815063e-01,1.047462895512580872e-01,2.068949490785598755e-01,5.696539878845214844e-01,3.895157873630523682e-01,7.237207889556884766e-01,0.000000000000000000e+00
-2.089185863733291626e-01,-1.072290912270545959e-01,1.609545350074768066e-01,-7.184133529663085938e-01,-3.612071871757507324e-01,5.944842696189880371e-01,0.000000000000000000e+00
7.393949478864669800e-02,1.591367125511169434e-01,2.238886803388595581e-01,2.765917778015136719e-01,5.704522728919982910e-01,7.733570933341979980e-01,0.000000000000000000e+00
6.136482208967208862e-02,9.738828521221876144e-05,2.759601771831512451e-01,2.221695929765701294e-01,-2.796302922070026398e-02,9.746069908142089844e-01,0.000000000000000000e+00
-8.000213652849197388e-02,2.752691507339477539e-01,8.932862430810928345e-03,-3.094797432422637939e-01,9.504223465919494629e-01,3.032564371824264526e-02,0.000000000000000000e+00
-1.872814446687698364e-01,1.463141888380050659e-01,1.574406623840332031e-01,-6.578898429870605469e-01,4.747516214847564697e-01,5.846297144889831543e-01,0.000000000000000000e+00
1.464831233024597168e-01,2.515415251255035400e-01,-5.991974379867315292e-03,3.027163147926330566e-01,8.031151890754699707e-01,5.131947398185729980e-01,0.000000000000000000e+00
-1.476987451314926147e-01,-2.261970490217208862e-01,8.428210020065307617e-02,-5.063472390174865723e-01,-8.098870515823364258e-01,2.961342334747314453e-01,0.000000000000000000e+00
1.642206013202667236e-01,1.018605474382638931e-02,-2.348686158657073975e-01,5.924246311187744141e-01,-2.808291930705308914e-03,-8.056209683418273926e-01,0.000000000000000000e+00
-9.235116839408874512e-02,2.450276315212249756e-01,1.169634610414505005e-01,-3.390913605690002441e-01,8.428860306739807129e-01,4.178040027618408203e-01,0.000000000000000000e+00
-2.000394165515899658e-01,-1.422993689775466919e-01,-1.467526704072952271e-01,-7.122030854225158691e-01,-4.989946782588958740e-01,-4.937317967414855957e-01,0.000000000000000000e+00
1.018968224525451660e-01,-2.470102608203887939e-01,-9.344811737537384033e-02,3.788549005985260010e-01,-8.750428557395935059e-01,-3.012788295745849609e-01,0.000000000000000000e+00
-2.193284928798675537e-01,1.371788084506988525e-01,-1.325407624244689941e-01,-8.445377945899963379e-01,2.572835683822631836e-01,-4.696392714977264404e-01,0.000000000000000000e+00
1.601044535636901855e-01,-1.152621507644653320e-01,-2.041613757610321045e-01,5.316442251205444336e-01,-4.403634071350097656e-01,-7.234877347946166992e-01,0.000000000000000000e+00
7.285539805889129639e-02,-1.434553265571594238e-01,-2.337003201246261597e-01,1.940842717885971069e-01,-8.023356795310974121e-01,-5.644366741180419922e-01,0.000000000000000000e+00
5.644214153289794922e-02,2.575552761554718018e-01,1.146054342389106750e-01,3.239703476428985596e-01,8.545692563056945801e-01,4.058997333049774170e-01,0.000000000000000000e+00
1.763721257448196411e-01,1.542423665523529053e-01,-1.682374924421310425e-01,6.373754739761352539e-01,5.204270482063293457e-01,-5.682500600814819336e-01,0.000000000000000000e+00
-2.215963900089263916e-01,1.287131458520889282e-01,-1.331002563238143921e-01,-8.445377945899963379e-01,2.572835683822631836e-01,-4.696392714977264404e-01,0.000000000000000000e+00
2.701289951801300049e-01,-3.387681767344474792e-02,-7.776292413473129272e-02,9.564024209976196289e-01,-1.321212351322174072e-01,-2.604579925537109375e-01,0.000000000000000000e+00
1.065336614847183228e-01,-1.661084890365600586e-01,2.004938125610351562e-01,3.732023239135742188e-01,-5.846182703971862793e-01,7.203758955001831055e-01,0.000000000000000000e+00
2.142666727304458618e-01,7.933798432350158691e-02,1.646944433450698853e-01,7.423910498619079590e-01,2.821525335311889648e-01,6.076557040214538574e-01,0.000000000000000000e+00
6.882067024707794189e-02,-1.012820303440093994e-01,-2.629129290580749512e-01,1.614804416894912720e-01,-7.431743294000625610e-02,-9.840736389160156250e-01,0.000000000000000000e+00
1.503041386604309082e-01,1.965634375810623169e-01,-1.488361805677413940e-01,5.245924592018127441e-01,6.835078001022338867e-01,-5.075626969337463379e-01,0.000000000000000000e+00
-1.031415611505508423e-01,4.101422801613807678e-02,2.617399096488952637e-01,-3.653899431228637695e-01,1.871846914291381836e-01,9.118399620056152344e-01,0.000000000000000000e+00
1.989817470312118530e-01,6.413287669420242310e-02,1.885152906179428101e-01,7.061510682106018066e-01,2.092659324407577515e-01,6.764306426048278809e-01,0.000000000000000000e+00
1.009349226951599121e-01,2.485532164573669434e-01,1.008349731564521790e-01,3.711633086204528809e-01,8.584593534469604492e-01,3.539567291736602783e-01,0.000000000000000000e+00
2.397828176617622375e-02,2.851811051368713379e-01,-4.414460808038711548e-02,9.224678575992584229e-02,9.836645722389221191e-01,-1.545786261558532715e-01,0.000000000000000000e+00
4.449222236871719360e-02,-2.558698952198028564e-01,1.218360289931297302e-01,8.258869498968124390e-02,-7.830142974853515625e-01,6.164962649345397949e-01,0.000000000000000000e+00
-2.462168633937835693e-01,7.912344485521316528e-02,-1.330595165491104126e-01,-7.698088288307189941e-01,2.705424726009368896e-01,-5.781013369560241699e-01,0.000000000000000000e+00
1.181119978427886963e-01,-2.457409203052520752e-01,-7.342006266117095947e-02,4.511726498603820801e-01,-8.556762933731079102e-01,-2.534980475902557373e-01,0.000000000000000000e+00
-7.613332569599151611e-02,-1.167730465531349182e-01,2.515711188316345215e-01,-1.433819085359573364e-01,-3.438255488872528076e-01,9.280224442481994629e-01,0.000000000000000000e+00
-2.018713355064392090e-01,-1.413275003433227539e-01,-1.450923532247543335e-01,-7.122030854225158691e-01,-4.989946782588958740e-01,-4.937317967414855957e-01,0.000000000000000000e+00
2.408376634120941162e-01,7.318995147943496704e-02,1.290496736764907837e-01,8.499343395233154297e-01,2.804016470909118652e-01,4.460790157318115234e-01,0.000000000000000000e+00
-1.455996632575988770e-01,-2.359264492988586426e-01,5.890177935361862183e-02,-4.843027293682098389e-01,-8.377504944801330566e-01,2.522398829460144043e-01,0.000000000000000000e+00
1.180789712816476822e-02,3.007263876497745514e-02,-2.868764400482177734e-01,3.719449415802955627e-02,1.179714426398277283e-01,-9.923201799392700195e-01,0.000000000000000000e+00
2.466324530541896820e-02,-2.795568704605102539e-01,-5.035574734210968018e-02,9.807114303112030029e-02,-9.810604453086853027e-01,-1.670402884483337402e-01,0.000000000000000000e+00
2.551759183406829834e-01,1.258732080459594727e-01,2.101393602788448334e-02,8.926445841789245605e-01,4.339611828327178955e-01,1.219153106212615967e-01,0.000000000000000000e+00
1.493747234344482422e-01,1.010668575763702393e-01,-2.269758135080337524e-01,5.578607916831970215e-01,3.013875186443328857e-01,-7.732767462730407715e-01,0.000000000000000000e+00
-7.282536476850509644e-02,-4.493518918752670288e-02,2.788147330284118652e-01,-3.723088204860687256e-01,7.381565123796463013e-02,9.251688122749328613e-01,0.000000000000000000e+00
-4.573924094438552856e-02,2.471623755991458893e-02,2.822712659835815430e-01,-1.589669585227966309e-01,2.353201657533645630e-01,9.588294625282287598e-01,0.000000000000000000e+00
-4.162112623453140259e-02,1.200885549187660217e-01,2.584572732448577881e-01,1.924235075712203979e-01,4.644428193569183350e-01,8.644455075263977051e-01,0.000000000000000000e+00
1.052781473845243454e-02,2.880612909793853760e-01,3.873520344495773315e-02,-7.284657657146453857e-02,9.967202544212341309e-01,-3.524321317672729492e-02,0.000000000000000000e+00
1.084269862622022629e-02,2.623709738254547119e-01,1.239172369241714478e-01,1.159075051546096802e-01,9.722827672958374023e-01,2.030557692050933838e-01,0.000000000000000000e+00
2.502948045730590820e-01,1.333897113800048828e-01,4.213323700241744518e-04,8.738870024681091309e-01,4.606296718120574951e-01,-1.553763151168823242e-01,0.000000000000000000e+00
-1.421653628349304199e-01,1.751853376626968384e-01,-1.830452829599380493e-01,-5.275364518165588379e-01,5.759197473526000977e-01,-6.245172023773193359e-01,0.000000000000000000e+00
-6.934264302253723145e-02,-2.175141572952270508e-01,1.669033467769622803e-01,-8.169462531805038452e-02,-7.293965816497802734e-01,6.791955828666687012e-01,0.000000000000000000e+00
-2.884170413017272949e-01,-3.331606090068817139e-02,-1.285001914948225021e-02,-9.641996026039123535e-01,-2.373733222484588623e-01,1.182077080011367798e-01,0.000000000000000000e+00
-2.513648867607116699e-01,-1.441053301095962524e-01,3.538114950060844421e-02,-6.708412170410156250e-01,-7.261636257171630859e-01,-1.505273133516311646e-01,0.000000000000000000e+00
5.358750000596046448e-02,1.839105784893035889e-01,-2.191674113273620605e-01,4.366277456283569336e-01,6.941696405410766602e-01,-5.722627639770507812e-01,0.000000000000000000e+00
-1.175436899065971375e-01,-2.194942384958267212e-01,1.357380896806716919e-01,-4.156787693500518799e-01,-7.941669225692749023e-01,4.432945549488067627e-01,0.000000000000000000e+00
-4.493569955229759216e-02,2.574606537818908691e-01,-1.224958896636962891e-01,-1.517316550016403198e-01,9.116568565368652344e-01,-3.819153308868408203e-01,0.000000000000000000e+00
-2.730191051959991455e-01,8.048724383115768433e-02,4.404331371188163757e-02,-9.330851435661315918e-01,3.005836009979248047e-01,1.974883824586868286e-01,0.000000000000000000e+00
1.051428820937871933e-02,-2.890747487545013428e-01,8.959771133959293365e-03,9.565991163253784180e-02,-9.907399415969848633e-01,-9.635134786367416382e-02,0.000000000000000000e+00
6.067891791462898254e-02,2.741244137287139893e-01,7.863562554121017456e-02,4.152826368808746338e-01,8.956824541091918945e-01,1.590384989976882935e-01,0.000000000000000000e+00
-1.052483096718788147e-01,-2.632508873939514160e-01,-3.468674421310424805e-02,-3.519260585308074951e-01,-9.308600425720214844e-01,-9.822227805852890015e-02,0.000000000000000000e+00
-9.751965850591659546e-02,-1.676976829767227173e-01,2.071801871061325073e-01,-4.692561030387878418e-01,-4.531299173831939697e-01,7.579392790794372559e-01,0.000000000000000000e+00
6.632310152053833008e-02,2.826746404170989990e-01,3.795824199914932251e-02,2.721574902534484863e-01,9.590680599212646484e-01,-7.822265475988388062e-02,0.000000000000000000e+00
3.461608197540044785e-03,-2.186175286769866943e-01,-1.881325989961624146e-01,5.522143840789794922e-02,-6.504624485969543457e-01,-7.575283646583557129e-01,0.000000000000000000e+00
9.519979357719421387e-02,7.464591413736343384e-02,2.553504705429077148e-01,3.543639183044433594e-01,2.414907813072204590e-01,9.033871889114379883e-01,0.000000000000000000e+00
2.306707054376602173e-01,-1.588350683450698853e-01,-2.033171616494655609e-02,8.196644783020019531e-01,-5.687228441238403320e-01,-6.858906149864196777e-02,0.000000000000000000e+00
-2.507484257221221924e-01,1.311013400554656982e-01,4.287050664424896240e-02,-8.512004017829895020e-01,4.889385700225830078e-01,1.907797455787658691e-01,0.000000000000000000e+00
1.990546435117721558e-01,2.047913074493408203e-01,2.308870106935501099e-02,7.102403640747070312e-01,6.970093846321105957e-01,9.867367148399353027e-02,0.000000000000000000e+00
9.491303563117980957e-02,-1.605932116508483887e-01,-2.124247848987579346e-01,3.850412070751190186e-01,-5.406830310821533203e-01,-7.479339241981506348e-01,0.000000000000000000e+00
4.086319729685783386e-02,-4.128769785165786743e-02,2.761407792568206787e-01,1.552466750144958496e-01,-1.789366900920867920e-01,9.715349078178405762e-01,0.000000000000000000e+00
2.684004902839660645e-01,9.667851962149143219e-03,-9.205909818410873413e-02,9.472882747650146484e-01,5.116100609302520752e-02,-3.162711560726165771e-01,0.000000000000000000e+00
-2.194589972496032715e-01,-1.024048216640949249e-02,-1.845738887786865234e-01,-7.453005313873291016e-01,-4.742823541164398193e-02,-6.650395989418029785e-01,0.000000000000000000e+00
-8.924656361341476440e-02,1.599400490522384644e-01,2.185764163732528687e-01,-3.621987402439117432e-01,6.038287878036499023e-01,7.100723981857299805e-01,0.000000000000000000e+00
-1.470596492290496826e-01,2.454453706741333008e-01,1.996344886720180511e-02,-5.348021984100341797e-01,8.375262618064880371e-01,1.119658723473548889e-01,0.000000000000000000e+00
-1.547748595476150513e-01,1.523564904928207397e-01,1.839483976364135742e-01,-5.198419690132141113e-01,5.643187165260314941e-01,6.413335800170898438e-01,0.000000000000000000e+00
2.259176522493362427e-01,-1.649025529623031616e-01,-2.346105873584747314e-02,7.984839677810668945e-01,-5.946381092071533203e-01,-9.396222978830337524e-02,0.000000000000000000e+00
-6.952211260795593262e-02,2.527443468570709229e-01,1.181415244936943054e-01,-2.452276200056076050e-01,8.898206949234008789e-01,3.848149478435516357e-01,0.000000000000000000e+00
5.885751172900199890e-02,-1.937561929225921631e-01,-2.011808007955551147e-01,3.041270673274993896e-01,-6.857473254203796387e-01,-6.612543463706970215e-01,0.000000000000000000e+00
2.768916785717010498e-01,-3.977714106440544128e-02,-4.525463655591011047e-02,9.721195101737976074e-01,-1.422908306121826172e-01,-1.863785833120346069e-01,0.000000000000000000e+00
2.190927565097808838e-01,-1.626103222370147705e-01,7.208156585693359375e-02,7.646652460098266602e-01,-5.887760519981384277e-01,2.619729936122894287e-01,0.000000000000000000e+00
1.613223105669021606e-01,2.213101685047149658e-01,7.835635542869567871e-02,5.668438673019409180e-01,7.747209668159484863e-01,2.801703512668609619e-01,0.000000000000000000e+00
1.624086499214172363e-02,2.821727991104125977e-01,-6.241831555962562561e-02,7.495791465044021606e-02,9.721841812133789062e-01,-2.218991816043853760e-01,0.000000000000000000e+00
2.609800100326538086e-01,8.362115919589996338e-02,7.490622252225875854e-02,9.103759527206420898e-01,3.053120076656341553e-01,2.792851626873016357e-01,0.000000000000000000e+00
9.875617176294326782e-02,1.736968606710433960e-01,-2.097205966711044312e-01,3.810636103153228760e-01,5.963460206985473633e-01,-7.065139412879943848e-01,0.000000000000000000e+00
-2.906240522861480713e-01,-5.481534171849489212e-03,-3.543784841895103455e-02,-9.999104142189025879e-01,1.315626781433820724e-02,2.470646752044558525e-03,0.000000000000000000e+00
-2.720725536346435547e-01,-8.731674402952194214e-02,3.834735974669456482e-02,-9.451267123222351074e-01,-3.187847435474395752e-01,7.149671018123626709e-02,0.000000000000000000e+00
-2.849179208278656006e-01,-3.003847599029541016e-02,3.613707050681114197e-02,-9.865645766258239746e-01,-9.375966340303421021e-02,1.337889879941940308e-01,0.000000000000000000e+00
1.233543232083320618e-01,2.551428079605102539e-01,4.502030089497566223e-02,4.566556513309478760e-01,8.617630004882812500e-01,2.209754735231399536e-01,0.000000000000000000e+00
1.239097211509943008e-02,-2.684568762779235840e-01,9.900052100419998169e-02,-1.135733351111412048e-01,-8.662121891975402832e-01,4.865978956222534180e-01,0.000000000000000000e+00
2.477104961872100830e-01,-2.766130492091178894e-02,1.325066089630126953e-01,8.616645336151123047e-01,-1.005364656448364258e-01,4.974199533462524414e-01,0.000000000000000000e+00
2.251833230257034302e-01,1.242022365331649780e-01,1.182042509317398071e-01,8.025504350662231445e-01,3.991791605949401855e-01,4.433608055114746094e-01,0.000000000000000000e+00
-1.685799956321716309e-01,-2.087838053703308105e-01,-9.948703646659851074e-02,-6.253390312194824219e-01,-6.972209215164184570e-01,-3.504769504070281982e-01,0.000000000000000000e+00
-1.196626648306846619e-01,-2.245026081800460815e-01,-1.321763247251510620e-01,-4.002259671688079834e-01,-7.967858314514160156e-01,-4.527156651020050049e-01,0.000000000000000000e+00
2.521490454673767090e-01,1.294510513544082642e-01,3.009813092648983002e-02,8.813092708587646484e-01,4.581506550312042236e-01,1.157237440347671509e-01,0.000000000000000000e+00
9.924601018428802490e-02,-2.592220306396484375e-01,-5.332970991730690002e-02,3.709116578102111816e-01,-9.091032743453979492e-01,-1.896201372146606445e-01,0.000000000000000000e+00
7.345745712518692017e-02,2.077753990888595581e-01,-1.863761991262435913e-01,2.589523196220397949e-01,7.558352351188659668e-01,-6.013790369033813477e-01,0.000000000000000000e+00
-1.940970495343208313e-02,-7.976331561803817749e-02,2.716142833232879639e-01,-3.479239344596862793e-02,-3.195239603519439697e-01,9.469392299652099609e-01,0.000000000000000000e+00
-6.253296136856079102e-02,3.135785460472106934e-02,-2.806379497051239014e-01,-2.150154709815979004e-01,9.278739988803863525e-02,-9.721928238868713379e-01,0.000000000000000000e+00
-1.087399721145629883e-01,-4.121622443199157715e-02,-2.620900273323059082e-01,-3.892407417297363281e-01,-1.873482018709182739e-01,-9.018826484680175781e-01,0.000000000000000000e+00
-8.130963891744613647e-02,2.501929402351379395e-01,-1.237170472741127014e-01,-1.785373538732528687e-01,9.185445904731750488e-01,-3.527041673660278320e-01,0.000000000000000000e+00
-2.517436742782592773e-01,1.044294536113739014e-01,8.576580882072448730e-02,-8.668382763862609863e-01,3.776402175426483154e-01,3.255445063114166260e-01,0.000000000000000000e+00
1.424707919359207153e-01,1.380171328783035278e-01,-2.107430547475814819e-01,5.218039155006408691e-01,4.904171228408813477e-01,-6.980054974555969238e-01,0.000000000000000000e+00
-1.957862079143524170e-01,-9.123002737760543823e-02,1.850071400403976440e-01,-6.923542022705078125e-01,-3.303664028644561768e-01,6.414855122566223145e-01,0.000000000000000000e+00
-1.930538713932037354e-01,-2.247394248843193054e-02,-2.111492007970809937e-01,-6.755726337432861328e-01,-6.525778770446777344e-02,-7.343997955322265625e-01,0.000000000000000000e+00
-2.563388943672180176e-01,8.758912235498428345e-02,-1.113679856061935425e-01,-9.395725727081298828e-01,2.378821931779384613e-02,-3.415223360061645508e-01,0.000000000000000000e+00
-2.562867105007171631e-01,-3.922768682241439819e-02,1.228637620806694031e-01,-8.708901405334472656e-01,8.171596378087997437e-02,4.846368134021759033e-01,0.000000000000000000e+00
-5.590098723769187927e-02,2.380525320768356323e-01,-1.664349287748336792e-01,-1.738736927509307861e-01,8.176060318946838379e-01,-5.488973259925842285e-01,0.000000000000000000e+00
-9.985761716961860657e-03,1.461743414402008057e-01,-2.498381286859512329e-01,-2.393539622426033020e-02,4.866911172866821289e-01,-8.732461333274841309e-01,0.000000000000000000e+00
-2.150658220052719116e-01,1.848708391189575195e-01,3.017898090183734894e-02,-7.727636694908142090e-01,6.163497567176818848e-01,1.514903157949447632e-01,0.000000000000000000e+00
1.058620586991310120e-01,-1.978828161954879761e-01,-1.720678508281707764e-01,3.873177468776702881e-01,-6.884349584579467773e-01,-6.132228970527648926e-01,0.000000000000000000e+00
-8.059597015380859375e-02,2.644672095775604248e-01,7.897564023733139038e-02,-3.083804249763488770e-01,9.231641292572021484e-01,2.294983714818954468e-01,0.000000000000000000e+00
-2.200289964675903320e-01,-9.657350927591323853e-02,1.526214778423309326e-01,-7.720457315444946289e-01,-3.230259120464324951e-01,5.473569631576538086e-01,0.000000000000000000e+00
-2.546972036361694336e-01,-9.883040934801101685e-02,8.675313740968704224e-02,-8.582347035408020020e-01,-3.597716093063354492e-01,3.660568594932556152e-01,0.000000000000000000e+00
-1.927736797370016575e-03,2.872279882431030273e-01,-3.938193991780281067e-02,7.271054666489362717e-03,9.908021092414855957e-01,-1.351233124732971191e-01,0.000000000000000000e+00
-8.405251801013946533e-02,1.735298782587051392e-01,2.101099491119384766e-01,-3.802976012229919434e-01,5.137078762054443359e-01,7.690760493278503418e-01,0.000000000000000000e+00
-5.949094519019126892e-02,-2.775617539882659912e-01,-5.046956613659858704e-02,-3.569501340389251709e-01,-9.006631970405578613e-01,-2.477748095989227295e-01,0.000000000000000000e+00
9.545203298330307007e-02,-2.288277596235275269e-01,1.416719555854797363e-01,1.535288393497467041e-01,-9.122791886329650879e-01,3.797045946121215820e-01,0.000000000000000000e+00
-1.615016758441925049e-01,1.817387640476226807e-01,1.489608585834503174e-01,-5.278146266937255859e-01,6.523249745368957520e-01,5.439519882202148438e-01,0.000000000000000000e+00
-6.652200222015380859e-02,2.328690141439437866e-01,1.556621342897415161e-01,-2.991283237934112549e-01,8.420431613922119141e-01,4.488714337348937988e-01,0.000000000000000000e+00
1.442807018756866455e-01,-2.234981954097747803e-01,-9.369835257530212402e-02,5.414843559265136719e-01,-7.171555757522583008e-01,-4.387283325195312500e-01,0.000000000000000000e+00
-2.767891883850097656e-01,4.195692390203475952e-02,-9.376099705696105957e-02,-9.283324480056762695e-01,1.729892939329147339e-01,-3.290495574474334717e-01,0.000000000000000000e+00
2.132667899131774902e-01,8.776270598173141479e-02,1.617577224969863892e-01,7.390564084053039551e-01,3.204534351825714111e-01,5.925413370132446289e-01,0.000000000000000000e+00
-1.597064584493637085e-01,2.349957674741744995e-01,-4.284754022955894470e-02,-5.544318556785583496e-01,8.248371481895446777e-01,-1.106753572821617126e-01,0.000000000000000000e+00
1.735604554414749146e-01,-1.919076144695281982e-01,-1.128948926925659180e-01,6.175479888916015625e-01,-6.920463442802429199e-01,-3.737731277942657471e-01,0.000000000000000000e+00
6.138916313648223877e-02,-2.686996161937713623e-01,6.856682151556015015e-02,6.674427390098571777e-01,-5.720225572586059570e-01,4.767708182334899902e-01,0.000000000000000000e+00
-1.119472309947013855e-01,-4.560555517673492432e-02,-2.597874104976654053e-01,-3.962757885456085205e-01,-1.896623820066452026e-01,-8.983282446861267090e-01,0.000000000000000000e+00
-1.819573044776916504e-01,-2.195576131343841553e-01,-1.547318231314420700e-02,-6.297566890716552734e-01,-7.762612700462341309e-01,-2.872174605727195740e-02,0.000000000000000000e+00
-7.412385940551757812e-02,-2.752751111984252930e-01,-2.407305128872394562e-02,-2.465070039033889771e-01,-9.584602117538452148e-01,-1.434864401817321777e-01,0.000000000000000000e+00
-2.277401387691497803e-01,-7.622127234935760498e-02,-1.570817381143569946e-01,-7.936733365058898926e-01,-2.767768204212188721e-01,-5.417354106903076172e-01,0.000000000000000000e+00
-1.480688108131289482e-03,-6.842274963855743408e-02,2.745541036128997803e-01,4.544102028012275696e-02,-2.244821190834045410e-01,9.734181761741638184e-01,0.000000000000000000e+00
-2.886113226413726807e-01,-9.934431873261928558e-03,-1.550890598446130753e-02,-9.637113809585571289e-01,-1.645006239414215088e-01,-2.102377265691757202e-01,0.000000000000000000e+00
-2.540158331394195557e-01,2.415622957050800323e-02,1.263249814510345459e-01,-9.055190086364746094e-01,5.167568475008010864e-02,4.211471378803253174e-01,0.000000000000000000e+00
-1.769886761903762817e-01,3.550736466422677040e-03,-2.257607281208038330e-01,-6.229834556579589844e-01,9.069997817277908325e-03,-7.821824550628662109e-01,0.000000000000000000e+00
-2.855875492095947266e-01,1.166681572794914246e-02,4.114315286278724670e-02,-9.766087532043457031e-01,5.087694525718688965e-02,2.089183926582336426e-01,0.000000000000000000e+00
-2.859354317188262939e-01,3.699752315878868103e-02,2.573298662900924683e-02,-9.801993966102600098e-01,1.300780475139617920e-01,1.492946147918701172e-01,0.000000000000000000e+00
1.348170638084411621e-01,1.906355470418930054e-01,1.627248227596282959e-01,4.867648780345916748e-01,6.500750780105590820e-01,5.834915041923522949e-01,0.000000000000000000e+00
1.119237095117568970e-01,-1.460515148937702179e-02,2.577644586563110352e-01,3.939279615879058838e-01,-4.436216130852699280e-02,9.180701375007629395e-01,0.000000000000000000e+00
9.277444332838058472e-02,-1.553870439529418945e-01,-2.172630578279495239e-01,3.746114075183868408e-01,-5.424129366874694824e-01,-7.519670724868774414e-01,0.000000000000000000e+00
1.905269026756286621e-01,1.640383005142211914e-01,1.327532976865768433e-01,6.750298738479614258e-01,5.483177900314331055e-01,4.936418533325195312e-01,0.000000000000000000e+00
-1.703761368989944458e-01,-7.821047306060791016e-02,-2.173617631196975708e-01,-5.763245820999145508e-01,-2.974286973476409912e-01,-7.611742019653320312e-01,0.000000000000000000e+00
1.644884049892425537e-01,-1.840932667255401611e-01,-1.365172564983367920e-01,5.922969579696655273e-01,-6.280122995376586914e-01,-5.047622323036193848e-01,0.000000000000000000e+00
9.770465083420276642e-03,5.501338746398687363e-03,-2.891447842121124268e-01,5.931876227259635925e-02,5.213392525911331177e-02,-9.968767762184143066e-01,0.000000000000000000e+00
1.636205315589904785e-01,2.154563069343566895e-01,8.925160020589828491e-02,5.778290629386901855e-01,7.496351599693298340e-01,3.227394223213195801e-01,0.000000000000000000e+00
-4.753018729388713837e-03,-1.312183588743209839e-01,2.498761415481567383e-01,-2.154413983225822449e-02,-4.752261638641357422e-01,8.795998692512512207e-01,0.000000000000000000e+00
-3.123799711465835571e-02,7.581085711717605591e-02,-2.777912616729736328e-01,-1.261293143033981323e-01,2.430058717727661133e-01,-9.617897868156433105e-01,0.000000000000000000e+00
1.214622333645820618e-01,7.723259180784225464e-02,2.425463348627090454e-01,4.507198929786682129e-01,2.555380165576934814e-01,8.553080558776855469e-01,0.000000000000000000e+00
-2.619875371456146240e-01,1.073147580027580261e-01,-7.133499532938003540e-02,-9.972461462020874023e-01,6.635543704032897949e-02,-3.312288969755172729e-02,0.000000000000000000e+00
-2.837812900543212891e-01,-5.463518202304840088e-02,1.310578547418117523e-02,-9.739747643470764160e-01,-2.024893313646316528e-01,1.018393710255622864e-01,0.000000000000000000e+00
1.535600125789642334e-01,8.225651830434799194e-02,2.224278748035430908e-01,5.320814251899719238e-01,2.449283748865127563e-01,8.104933500289916992e-01,0.000000000000000000e+00
1.797086298465728760e-01,1.848838180303573608e-01,1.208328008651733398e-01,6.291697621345520020e-01,6.539868116378784180e-01,4.200555980205535889e-01,0.000000000000000000e+00
1.821138411760330200e-01,2.017054706811904907e-01,-9.748034924268722534e-02,6.034043431282043457e-01,7.015814781188964844e-01,-3.790601789951324463e-01,0.000000000000000000e+00
-6.449127197265625000e-02,-2.295166850090026855e-01,1.549714207649230957e-01,-4.035695195198059082e-01,-7.579374909400939941e-01,5.125060081481933594e-01,0.000000000000000000e+00
-2.507616579532623291e-01,-1.415216922760009766e-01,-7.836814038455486298e-03,-6.969518065452575684e-01,-5.981363654136657715e-01,-3.955894708633422852e-01,0.000000000000000000e+00
2.612774670124053955e-01,-1.011547222733497620e-01,2.870501950383186340e-02,9.260734915733337402e-01,-3.637375831604003906e-01,1.004134193062782288e-01,0.000000000000000000e+00
-6.450313329696655273e-02,-1.419251710176467896e-01,-2.426822334527969360e-01,-2.632322013378143311e-01,-4.755812883377075195e-01,-8.393635749816894531e-01,0.000000000000000000e+00
-2.522930502891540527e-01,-1.382220983505249023e-01,5.838553607463836670e-02,-8.698306083679199219e-01,-2.779992520809173584e-01,4.075672924518585205e-01,0.000000000000000000e+00
-1.012000348418951035e-02,-2.084880471229553223e-01,1.907044649124145508e-01,-1.818467117846012115e-02,-7.424834370613098145e-01,6.696175336837768555e-01,0.000000000000000000e+00
2.094543129205703735e-01,1.984140425920486450e-01,-3.758329525589942932e-02,9.206789731979370117e-01,2.695271670818328857e-01,-2.823214232921600342e-01,0.000000000000000000e+00
1.971141546964645386e-01,-2.150367200374603271e-02,1.984953433275222778e-01,7.173771262168884277e-01,-1.125550940632820129e-01,6.875328421592712402e-01,0.000000000000000000e+00
-2.651466615498065948e-02,-3.292363509535789490e-02,2.805212438106536865e-01,-2.336973845958709717e-01,-5.818365812301635742e-01,7.790068984031677246e-01,0.000000000000000000e+00
-2.532028853893280029e-01,8.146656304597854614e-02,1.040664389729499817e-01,-8.770477175712585449e-01,3.011792302131652832e-01,3.742703795433044434e-01,0.000000000000000000e+00
-4.564607888460159302e-02,2.358007431030273438e-01,1.644530892372131348e-01,-2.015508115291595459e-01,8.748162388801574707e-01,4.405380785465240479e-01,0.000000000000000000e+00
6.869274377822875977e-02,2.816011309623718262e-01,3.437466174364089966e-02,3.599330782890319824e-01,9.281500577926635742e-01,-9.479269385337829590e-02,0.000000000000000000e+00
-2.438079565763473511e-01,6.767600425519049168e-04,-1.516658663749694824e-01,-8.384326100349426270e-01,-8.131253533065319061e-03,-5.449446439743041992e-01,0.000000000000000000e+00
-2.454450726509094238e-01,-6.148545444011688232e-02,-1.355037987232208252e-01,-8.524570465087890625e-01,-2.387463748455047607e-01,-4.650991261005401611e-01,0.000000000000000000e+00
-1.743500828742980957e-01,-1.609204709529876709e-02,-2.273815721273422241e-01,-6.224161982536315918e-01,-4.747582599520683289e-02,-7.812452316284179688e-01,0.000000000000000000e+00
-4.977947100996971130e-02,2.560762465000152588e-01,1.237674653530120850e-01,-1.857417374849319458e-01,9.465872049331665039e-01,2.635767161846160889e-01,0.000000000000000000e+00
-2.125658690929412842e-01,5.801434069871902466e-02,-1.857513785362243652e-01,-7.346801161766052246e-01,1.891312450170516968e-01,-6.515170335769653320e-01,0.000000000000000000e+00
-2.038830220699310303e-01,4.239287972450256348e-02,-1.984364837408065796e-01,-7.017529606819152832e-01,1.289926916360855103e-01,-7.006451487541198730e-01,0.000000000000000000e+00
3.730857372283935547e-02,2.684431076049804688e-01,-9.788531810045242310e-02,1.205927431583404541e-01,9.206679463386535645e-01,-3.712518215179443359e-01,0.000000000000000000e+00
1.814685910940170288e-01,-1.968929022550582886e-01,9.242188930511474609e-02,6.379851102828979492e-01,-6.999479532241821289e-01,3.210105895996093750e-01,0.000000000000000000e+00
-4.995717667043209076e-03,-2.854025959968566895e-01,-4.363396763801574707e-02,2.404788732528686523e-01,-9.694297909736633301e-01,-4.874230176210403442e-02,0.000000000000000000e+00
-8.970835059881210327e-02,1.128499582409858704e-01,-2.508604228496551514e-01,-3.045401275157928467e-01,4.095951914787292480e-01,-8.599343299865722656e-01,0.000000000000000000e+00
-1.597500443458557129e-01,8.232162892818450928e-02,2.208447605371475220e-01,-5.650666952133178711e-01,2.992128729820251465e-01,7.688766121864318848e-01,0.000000000000000000e+00
-2.077981084585189819e-01,-9.693568944931030273e-02,1.684275418519973755e-01,-7.200832962989807129e-01,-3.387184739112854004e-01,6.055987477302551270e-01,0.000000000000000000e+00
1.592014580965042114e-01,-2.261143177747726440e-01,-5.640706419944763184e-02,6.829027533531188965e-01,-7.161713242530822754e-01,-1.440224349498748779e-01,0.000000000000000000e+00
2.713992632925510406e-02,2.563272416591644287e-01,1.325769275426864624e-01,2.982095777988433838e-01,8.639082312583923340e-01,4.058738648891448975e-01,0.000000000000000000e+00
1.100912764668464661e-01,-1.570356041193008423e-01,-2.071404457092285156e-01,3.909488916397094727e-01,-5.536404252052307129e-01,-7.352831363677978516e-01,0.000000000000000000e+00
1.387787163257598877e-01,6.420025229454040527e-02,-2.466021925210952759e-01,5.162591338157653809e-01,1.678404062986373901e-01,-8.398250341415405273e-01,0.000000000000000000e+00
-2.439112216234207153e-02,1.029648333787918091e-01,-2.700228989124298096e-01,-8.070418238639831543e-02,3.285796046257019043e-01,-9.410219192504882812e-01,0.000000000000000000e+00
8.137872815132141113e-02,2.017344236373901367e-01,1.846938729286193848e-01,2.929321229457855225e-01,6.872342824935913086e-01,6.647554636001586914e-01,0.000000000000000000e+00
-2.873122394084930420e-01,-3.089089132845401764e-02,-3.716141358017921448e-02,-9.251991510391235352e-01,1.563152819871902466e-01,-3.457919955253601074e-01,0.000000000000000000e+00
-1.011886522173881531e-01,2.548178136348724365e-01,8.569924533367156982e-02,-3.504399359226226807e-01,8.838915824890136719e-01,3.097217679023742676e-01,0.000000000000000000e+00
-1.485224664211273193e-01,2.005060166120529175e-01,1.373365074396133423e-01,-5.286696553230285645e-01,7.074338793754577637e-01,4.690903127193450928e-01,0.000000000000000000e+00
5.434080958366394043e-02,2.515641450881958008e-01,1.274639517068862915e-01,2.227889597415924072e-01,8.605174422264099121e-01,4.581209719181060791e-01,0.000000000000000000e+00
6.694891303777694702e-02,-2.097189724445343018e-01,1.764094382524490356e-01,2.246059477329254150e-01,-7.271367907524108887e-01,6.487097144126892090e-01,0.000000000000000000e+00
-2.002420723438262939e-01,-1.874025315046310425e-01,9.712763875722885132e-02,-7.875565290451049805e-01,-5.562453269958496094e-01,2.652278840541839600e-01,0.000000000000000000e+00
-2.686621546745300293e-01,-6.467463821172714233e-02,-8.019178360700607300e-02,-9.624424576759338379e-01,-1.837599426507949829e-01,-1.998420357704162598e-01,0.000000000000000000e+00
1.090095862746238708e-01,8.216649293899536133e-03,-2.693017721176147461e-01,3.129689991474151611e-01,3.176021575927734375e-01,-8.950861692428588867e-01,0.000000000000000000e+00
-2.118697911500930786e-01,8.351208269596099854e-02,-1.777765154838562012e-01,-7.163200974464416504e-01,2.615297734737396240e-01,-6.469062566757202148e-01,0.000000000000000000e+00
3.657916560769081116e-02,-1.965735554695129395e-01,1.992191076278686523e-01,-7.870814949274063110e-02,-6.775724887847900391e-01,7.312322258949279785e-01,0.000000000000000000e+00
-1.819809079170227051e-01,-2.197367548942565918e-01,-9.810412302613258362e-03,-6.311544179916381836e-01,-7.752128839492797852e-01,-2.625075168907642365e-02,0.000000000000000000e+00
-2.282212227582931519e-01,-1.728581339120864868e-01,-1.086991932243108749e-02,-7.660171389579772949e-01,-6.375888586044311523e-01,-8.184271305799484253e-02,0.000000000000000000e+00
-1.693074032664299011e-02,2.826597988605499268e-01,5.642293766140937805e-02,-9.666304290294647217e-02,9.845104217529296875e-01,1.462718844413757324e-01,0.000000000000000000e+00
-4.609417542815208435e-02,1.286886334419250488e-01,2.512413263320922852e-01,2.965839207172393799e-01,7.613437771797180176e-01,5.765358805656433105e-01,0.000000000000000000e+00
-2.685859501361846924e-01,5.138710886240005493e-02,8.444617688655853271e-02,-9.295873045921325684e-01,1.791102141141891479e-01,3.221597671508789062e-01,0.000000000000000000e+00
-7.828078418970108032e-02,2.153109014034271240e-01,-1.845902800559997559e-01,-4.894951283931732178e-01,7.291365265846252441e-01,-4.782827794551849365e-01,0.000000000000000000e+00
2.695629298686981201e-01,4.274745285511016846e-02,-7.872706651687622070e-02,9.533932805061340332e-01,1.345798820257186890e-01,-2.700545489788055420e-01,0.000000000000000000e+00
-2.747659385204315186e-01,3.192092478275299072e-02,-9.961998462677001953e-02,-8.765478730201721191e-01,-2.857173420488834381e-02,-4.804659187793731689e-01,0.000000000000000000e+00
-1.119499057531356812e-01,2.277782112360000610e-01,-1.425087004899978638e-01,-7.513832449913024902e-01,3.518014550209045410e-01,-5.582642555236816406e-01,0.000000000000000000e+00
6.768754869699478149e-02,-2.336995899677276611e-01,-1.479707360267639160e-01,1.933192312717437744e-01,-8.497193455696105957e-01,-4.905147552490234375e-01,0.000000000000000000e+00
-2.237496078014373779e-01,5.154350399971008301e-02,-1.744386404752731323e-01,-7.627550363540649414e-01,1.429207473993301392e-01,-6.306967139244079590e-01,0.000000000000000000e+00
2.467601597309112549e-01,-1.053634956479072571e-01,8.775724470615386963e-02,9.577434062957763672e-01,-2.397418618202209473e-01,1.589068025350570679e-01,0.000000000000000000e+00
-6.629973649978637695e-02,-2.180707305669784546e-01,1.666716337203979492e-01,-8.169462531805038452e-02,-7.293965816497802734e-01,6.791955828666687012e-01,0.000000000000000000e+00
-1.687975786626338959e-02,2.884120345115661621e-01,-7.138593588024377823e-03,-1.034640893340110779e-01,9.946295619010925293e-01,-2.680199919268488884e-03,0.000000000000000000e+00
2.658283412456512451e-01,1.010512337088584900e-01,8.745557628571987152e-03,8.183128833770751953e-01,5.550253391265869141e-01,1.493684351444244385e-01,0.000000000000000000e+00
-2.887694835662841797e-01,-3.997192159295082092e-02,-2.301986329257488251e-02,-9.744762182235717773e-01,-1.535131037235260010e-01,1.637982130050659180e-01,0.000000000000000000e+00
7.918778061866760254e-02,2.744988203048706055e-01,-4.695729166269302368e-02,2.396354228258132935e-01,9.557471275329589844e-01,-1.706524193286895752e-01,0.000000000000000000e+00
-2.193234413862228394e-01,9.061124175786972046e-03,-1.850428283214569092e-01,-7.690461277961730957e-01,1.983692497014999390e-02,-6.388853788375854492e-01,0.000000000000000000e+00
-2.571279108524322510e-01,-1.361283063888549805e-01,-2.318415557965636253e-03,-8.433833122253417969e-01,-4.370431602001190186e-01,-3.125665187835693359e-01,0.000000000000000000e+00
-4.444146901369094849e-02,-1.376431137323379517e-01,-2.498425543308258057e-01,-1.514309197664260864e-01,-5.213646292686462402e-01,-8.397902250289916992e-01,0.000000000000000000e+00
1.810367405414581299e-01,2.571488544344902039e-02,-2.208973467350006104e-01,6.600657701492309570e-01,8.491694927215576172e-02,-7.463928461074829102e-01,0.000000000000000000e+00
-1.253413558006286621e-01,-1.908836662769317627e-01,-1.744214445352554321e-01,-4.392268061637878418e-01,-6.798294186592102051e-01,-5.872918963432312012e-01,0.000000000000000000e+00
-3.331261873245239258e-02,-1.098111085593700409e-02,2.845205664634704590e-01,6.812050938606262207e-02,2.109476625919342041e-01,9.751208424568176270e-01,0.000000000000000000e+00
-6.360843032598495483e-02,6.035721302032470703e-02,-2.757992744445800781e-01,-2.575492262840270996e-01,1.654785722494125366e-01,-9.519901275634765625e-01,0.000000000000000000e+00
-2.071125656366348267e-01,-7.036588340997695923e-02,1.820347458124160767e-01,-7.321479320526123047e-01,-2.579026818275451660e-01,6.304328441619873047e-01,0.000000000000000000e+00
-2.808096408843994141e-01,-6.955314427614212036e-02,2.722102915868163109e-03,-8.652393817901611328e-01,-4.521485567092895508e-01,2.166160941123962402e-01,0.000000000000000000e+00
-8.119260519742965698e-02,-1.954842060804367065e-01,1.893323808908462524e-01,-2.472771108150482178e-01,-6.818762421607971191e-01,6.884030699729919434e-01,0.000000000000000000e+00
-6.635183095932006836e-02,-2.582057416439056396e-01,-1.021699681878089905e-01,-2.568690478801727295e-01,-7.800284624099731445e-01,-5.705907940864562988e-01,0.000000000000000000e+00
2.634545564651489258e-01,-5.967076122760772705e-02,9.275907278060913086e-02,6.635258793830871582e-01,-6.861248016357421875e-01,2.982720434665679932e-01,0.000000000000000000e+00
2.871012985706329346e-01,9.413632564246654510e-03,-8.739678189158439636e-03,9.707543849945068359e-01,-6.873679161071777344e-02,-2.300242930650711060e-01,0.000000000000000000e+00
2.038199454545974731e-01,5.028079077601432800e-02,-1.947526633739471436e-01,7.352818250656127930e-01,1.473145037889480591e-01,-6.615580916404724121e-01,0.000000000000000000e+00
-1.250390335917472839e-02,2.252530306577682495e-01,-1.855799704790115356e-01,2.258206903934478760e-01,5.999115109443664551e-01,-7.675358057022094727e-01,0.000000000000000000e+00
-2.136757411062717438e-02,-9.653157740831375122e-02,-2.711676061153411865e-01,-6.296966969966888428e-02,-3.116740882396697998e-01,-9.481002688407897949e-01,0.000000000000000000e+00
-1.213670969009399414e-01,2.555152475833892822e-01,4.757936671376228333e-02,-4.331102669239044189e-01,8.909879326820373535e-01,1.362205445766448975e-01,0.000000000000000000e+00
-9.407692402601242065e-02,-9.030192345380783081e-02,2.539144158363342285e-01,-6.505494713783264160e-01,-2.939507067203521729e-01,7.002702355384826660e-01,0.000000000000000000e+00
1.242367923259735107e-01,-1.174983084201812744e-01,-2.253010272979736328e-01,4.341602921485900879e-01,-4.628543555736541748e-01,-7.728328704833984375e-01,0.000000000000000000e+00
2.479325234889984131e-01,-6.682656705379486084e-02,-1.179151162505149841e-01,9.022380113601684570e-01,-2.280827164649963379e-01,-3.659847080707550049e-01,0.000000000000000000e+00
2.802815474569797516e-02,-2.770913541316986084e-01,-6.063464283943176270e-02,1.094002500176429749e-01,-9.680530428886413574e-01,-2.256211936473846436e-01,0.000000000000000000e+00
2.214812487363815308e-01,1.485233306884765625e-01,9.900062531232833862e-02,7.918968796730041504e-01,4.978651404380798340e-01,3.535952568054199219e-01,0.000000000000000000e+00
2.069697380065917969e-01,-1.095708832144737244e-01,-1.588586270809173584e-01,7.322059273719787598e-01,-4.177725017070770264e-01,-5.379039049148559570e-01,0.000000000000000000e+00
1.502321809530258179e-01,-8.246193639934062958e-03,2.378016412258148193e-01,5.282916426658630371e-01,-8.716139011085033417e-03,8.490182161331176758e-01,0.000000000000000000e+00
2.809194028377532959e-01,4.275464266538619995e-02,4.097568243741989136e-02,9.114438295364379883e-01,1.987362802028656006e-01,3.602415919303894043e-01,0.000000000000000000e+00
-6.636044383049011230e-02,1.368249952793121338e-01,2.425400465726852417e-01,-3.843328058719635010e-01,4.492386281490325928e-01,8.065190315246582031e-01,0.000000000000000000e+00
4.718196112662553787e-03,1.105345413088798523e-01,2.651440203189849854e-01,1.009333729743957520e-01,2.689282894134521484e-01,9.578570127487182617e-01,0.000000000000000000e+00
-7.212366163730621338e-02,-1.364851146936416626e-01,-2.433746904134750366e-01,-2.632322013378143311e-01,-4.755812883377075195e-01,-8.393635749816894531e-01,0.000000000000000000e+00
8.123447000980377197e-02,-5.099707841873168945e-02,-2.719556987285614014e-01,3.873023390769958496e-01,-4.148961305618286133e-01,-8.233213424682617188e-01,0.000000000000000000e+00
1.319306250661611557e-02,-2.384198158979415894e-01,-1.582509428262710571e-01,1.218099147081375122e-01,-7.001810669898986816e-01,-7.034975290298461914e-01,0.000000000000000000e+00
-1.434499323368072510e-01,-1.904006004333496094e-01,-1.596669852733612061e-01,-5.366837978363037109e-01,-6.689971685409545898e-01,-5.142112970352172852e-01,0.000000000000000000e+00
1.405072808265686035e-01,-1.572696417570114136e-01,1.874948441982269287e-01,4.485861659049987793e-01,-5.358640551567077637e-01,7.152762413024902344e-01,0.000000000000000000e+00
4.409941844642162323e-03,2.366605401039123535e-01,-1.626625657081604004e-01,1.366340965032577515e-01,7.561092972755432129e-01,-6.400233507156372070e-01,0.000000000000000000e+00
-2.566703259944915771e-01,-8.243472129106521606e-02,-9.990155696868896484e-02,-8.713155388832092285e-01,-3.034007549285888672e-01,-3.856906294822692871e-01,0.000000000000000000e+00
8.214014768600463867e-02,-3.380773589015007019e-02,2.674112021923065186e-01,3.188971579074859619e-01,-1.445970237255096436e-01,9.366943240165710449e-01,0.000000000000000000e+00
7.312137633562088013e-02,-2.051686793565750122e-01,1.793423742055892944e-01,2.135731130838394165e-01,-7.079261541366577148e-01,6.732214093208312988e-01,0.000000000000000000e+00
-2.673004269599914551e-01,8.010327070951461792e-02,6.798935681581497192e-02,-9.239295721054077148e-01,2.615751922130584717e-01,2.791640162467956543e-01,0.000000000000000000e+00
1.004471033811569214e-01,1.449424177408218384e-01,2.225535213947296143e-01,3.899802863597869873e-01,4.629964232444763184e-01,7.959583401679992676e-01,0.000000000000000000e+00
-2.699879407882690430e-01,-9.572918713092803955e-02,-4.960633441805839539e-02,-7.887616157531738281e-01,-3.581833839416503906e-01,-4.995595514774322510e-01,0.000000000000000000e+00
-2.680941224098205566e-01,1.049730256199836731e-01,-2.775600180029869080e-02,-9.269137382507324219e-01,3.712604045867919922e-01,-5.474203452467918396e-02,0.000000000000000000e+00
-1.337443590164184570e-01,1.986089199781417847e-01,1.539140045642852783e-01,-4.617397785186767578e-01,6.964184641838073730e-01,5.493611693382263184e-01,0.000000000000000000e+00
-2.293945848941802979e-01,1.945572532713413239e-02,-1.722750961780548096e-01,-7.842471003532409668e-01,2.985998615622520447e-02,-6.197296380996704102e-01,0.000000000000000000e+00
-1.874891817569732666e-01,1.884612143039703369e-01,-1.310532093048095703e-01,-5.710799694061279297e-01,6.703019142150878906e-01,-4.738807976245880127e-01,0.000000000000000000e+00
-2.576436996459960938e-01,-7.807155698537826538e-02,-1.011347994208335876e-01,-8.713155388832092285e-01,-3.034007549285888672e-01,-3.856906294822692871e-01,0.000000000000000000e+00
-1.065381169319152832e-01,-5.337418988347053528e-03,2.639320492744445801e-01,-4.405832290649414062e-01,-2.057611383497714996e-02,8.974759578704833984e-01,0.000000000000000000e+00
-9.283671528100967407e-02,-2.329205125570297241e-01,1.281000673770904541e-01,-4.543044269084930420e-01,-8.582865595817565918e-01,2.386455833911895752e-01,0.000000000000000000e+00
-2.408006191253662109e-01,1.538882255554199219e-01,1.683453284204006195e-02,-8.024972677230834961e-01,5.846609473228454590e-01,1.190366744995117188e-01,0.000000000000000000e+00
-2.125394791364669800e-01,4.066921398043632507e-02,-1.898787021636962891e-01,-7.332483530044555664e-01,1.304887831211090088e-01,-6.673226952552795410e-01,0.000000000000000000e+00
1.460830867290496826e-01,-3.887539729475975037e-02,-2.440021783113479614e-01,5.399439930915832520e-01,-1.055571809411048889e-01,-8.350557684898376465e-01,0.000000000000000000e+00
-3.428169339895248413e-02,2.335298806428909302e-01,-1.699560433626174927e-01,-3.555012345314025879e-01,7.719857692718505859e-01,-5.269315242767333984e-01,0.000000000000000000e+00
1.520748287439346313e-01,-1.785797625780105591e-01,1.644025892019271851e-01,2.232998460531234741e-01,-7.355692982673645020e-01,6.395896673202514648e-01,0.000000000000000000e+00
-4.514358192682266235e-02,-2.034831792116165161e-01,1.912518292665481567e-01,-2.226328253746032715e-01,-5.700010061264038086e-01,7.909067273139953613e-01,0.000000000000000000e+00
-1.507010608911514282e-01,-2.222699224948883057e-01,-9.990739077329635620e-02,-5.345205664634704590e-01,-7.542263865470886230e-01,-3.813532590866088867e-01,0.000000000000000000e+00
-2.586051225662231445e-01,-2.712162397801876068e-02,1.194116622209548950e-01,-8.902602791786193848e-01,-1.282125413417816162e-01,4.370334148406982422e-01,0.000000000000000000e+00
-5.131095275282859802e-02,2.282182127237319946e-01,1.739632189273834229e-01,-5.667625069618225098e-01,5.051617026329040527e-01,6.508393883705139160e-01,0.000000000000000000e+00
2.514725923538208008e-01,-1.040438339114189148e-01,7.801564782857894897e-02,7.681114077568054199e-01,-5.676031708717346191e-01,2.963637411594390869e-01,0.000000000000000000e+00
7.138746231794357300e-02,-1.386689990758895874e-01,-2.418921291828155518e-01,4.258539974689483643e-01,-7.304963469505310059e-01,-5.338758826255798340e-01,0.000000000000000000e+00
3.226115182042121887e-02,-1.449223458766937256e-01,2.388527244329452515e-01,1.264870911836624146e-01,-5.431652665138244629e-01,8.300436735153198242e-01,0.000000000000000000e+00
-3.442414477467536926e-02,-1.511166691780090332e-01,-2.426440566778182983e-01,-8.934791386127471924e-02,-5.752834081649780273e-01,-8.130596280097961426e-01,0.000000000000000000e+00
9.866838157176971436e-02,-2.620669305324554443e-01,-4.038333520293235779e-02,3.896869421005249023e-01,-9.102116227149963379e-01,-1.402100771665573120e-01,0.000000000000000000e+00
-2.398647516965866089e-01,3.414630517363548279e-02,1.486086100339889526e-01,-8.189901709556579590e-01,1.543703675270080566e-01,5.526525974273681641e-01,0.000000000000000000e+00
7.053335756063461304e-02,2.164721935987472534e-01,1.734336465597152710e-01,2.595337033271789551e-01,7.366305589675903320e-01,6.245139241218566895e-01,0.000000000000000000e+00
-6.176457554101943970e-02,2.604985535144805908e-01,1.050011515617370605e-01,-2.164605259895324707e-01,9.030951857566833496e-01,3.708960711956024170e-01,0.000000000000000000e+00
1.145248785614967346e-01,-2.326127588748931885e-01,-1.140528991818428040e-01,2.640961408615112305e-01,-7.461324930191040039e-01,-6.111788153648376465e-01,0.000000000000000000e+00
7.717094570398330688e-02,2.539414167404174805e-01,-1.102844476699829102e-01,2.560949027538299561e-01,8.678212165832519531e-01,-4.257954657077789307e-01,0.000000000000000000e+00
2.660983502864837646e-01,9.963981062173843384e-02,1.856630481779575348e-02,8.424280285835266113e-01,5.382859706878662109e-01,-2.373165823519229889e-02,0.000000000000000000e+00
-1.589150577783584595e-01,2.119880355894565582e-02,2.346115559339523315e-01,-5.579493641853332520e-01,6.834496557712554932e-02,8.270559310913085938e-01,0.000000000000000000e+00
-1.264267712831497192e-01,2.172814160585403442e-01,1.346433609724044800e-01,-4.564366340637207031e-01,7.614178061485290527e-01,4.603352248668670654e-01,0.000000000000000000e+00
8.519694209098815918e-02,-4.679867252707481384e-02,-2.735989093780517578e-01,6.500206887722015381e-02,-4.444371759891510010e-01,-8.934485316276550293e-01,0.000000000000000000e+00
1.348063349723815918e-02,2.260983586311340332e-01,-1.802663356065750122e-01,2.938430756330490112e-02,9.036081433296203613e-01,-4.273509681224822998e-01,0.000000000000000000e+00
-4.776884242892265320e-02,4.457758739590644836e-02,2.817412614822387695e-01,-4.299717545509338379e-01,-9.212658554315567017e-02,8.981297016143798828e-01,0.000000000000000000e+00
-1.929438859224319458e-01,1.805283576250076294e-01,1.078075766563415527e-01,-6.756160259246826172e-01,6.372730731964111328e-01,3.707101643085479736e-01,0.000000000000000000e+00
-8.719054609537124634e-02,-1.299571841955184937e-01,-2.418562024831771851e-01,-3.193082213401794434e-01,-4.356064498424530029e-01,-8.415992259979248047e-01,0.000000000000000000e+00
-9.451021999120712280e-02,-1.597366780042648315e-01,-2.196992635726928711e-01,-3.272520005702972412e-01,-5.750072002410888672e-01,-7.498485445976257324e-01,0.000000000000000000e+00
9.703869372606277466e-02,-1.332030147314071655e-01,-2.303443402051925659e-01,4.147906601428985596e-01,-5.026440024375915527e-01,-7.584838271141052246e-01,0.000000000000000000e+00
-1.287658661603927612e-01,-1.714015454053878784e-01,-1.911897212266921997e-01,-4.416225254535675049e-01,-5.757029652595520020e-01,-6.881392598152160645e-01,0.000000000000000000e+00
2.036770880222320557e-01,2.076047211885452271e-01,-2.223613858222961426e-02,6.596130728721618652e-01,6.953406929969787598e-01,2.853278219699859619e-01,0.000000000000000000e+00
-1.958361417055130005e-01,9.054125100374221802e-02,1.850392669439315796e-01,-6.713266372680664062e-01,3.274572789669036865e-01,6.649001836776733398e-01,0.000000000000000000e+00
-1.549067348241806030e-01,-1.871878504753112793e-01,1.518090516328811646e-01,-3.749745488166809082e-01,-7.846855521202087402e-01,4.936220347881317139e-01,0.000000000000000000e+00
1.847691088914871216e-01,2.030106186866760254e-01,7.756635546684265137e-02,6.163799166679382324e-01,7.370498180389404297e-01,2.771883308887481689e-01,0.000000000000000000e+00
8.127157390117645264e-02,2.315763086080551147e-01,1.483298540115356445e-01,3.165359497070312500e-01,7.943802475929260254e-01,5.184255242347717285e-01,0.000000000000000000e+00
-1.006339415907859802e-01,3.867547214031219482e-02,2.632248401641845703e-01,-3.653899431228637695e-01,1.871846914291381836e-01,9.118399620056152344e-01,0.000000000000000000e+00
1.112425625324249268e-01,-2.486638128757476807e-01,-7.500697672367095947e-02,3.906054794788360596e-01,-8.837582468986511230e-01,-2.576794922351837158e-01,0.000000000000000000e+00
-2.147503644227981567e-01,-1.336521357297897339e-01,1.335314065217971802e-01,-6.312097907066345215e-01,-4.952659308910369873e-01,5.968968868255615234e-01,0.000000000000000000e+00
2.623443603515625000e-01,6.032377481460571289e-02,8.929204195737838745e-02,9.226700067520141602e-01,1.905682981014251709e-01,3.352070450782775879e-01,0.000000000000000000e+00
5.856315419077873230e-02,1.662075221538543701e-01,-2.353222668170928955e-01,3.331833705306053162e-02,5.612525343894958496e-01,-8.269736766815185547e-01,0.000000000000000000e+00
1.587849110364913940e-01,2.347997725009918213e-01,-6.864858418703079224e-02,2.950067818164825439e-01,8.833090662956237793e-01,-3.643296062946319580e-01,0.000000000000000000e+00
-1.023527607321739197e-02,1.084706187248229980e-01,2.675772011280059814e-01,2.201402783393859863e-01,1.542804390192031860e-01,9.631904363632202148e-01,0.000000000000000000e+00
1.340391635894775391e-01,2.372910976409912109e-01,8.521427959203720093e-02,4.848755300045013428e-01,8.222073912620544434e-01,2.981119751930236816e-01,0.000000000000000000e+00
2.406607419252395630e-01,6.724098324775695801e-02,-1.381189972162246704e-01,8.557294011116027832e-01,2.164743244647979736e-01,-4.699639081954956055e-01,0.000000000000000000e+00
2.728440761566162109e-01,5.687627196311950684e-02,-5.979110300540924072e-02,9.697371721267700195e-01,9.318834543228149414e-02,-2.256672829389572144e-01,0.000000000000000000e+00
-1.733550429344177246e-01,-1.668819487094879150e-01,1.560737341642379761e-01,-5.873216390609741211e-01,-7.039838433265686035e-01,3.993244171142578125e-01,0.000000000000000000e+00
-2.739174664020538330e-01,5.410307273268699646e-02,6.707367300987243652e-02,-9.452404379844665527e-01,1.811431050300598145e-01,2.714915573596954346e-01,0.000000000000000000e+00
2.125980705022811890e-02,-2.836616933345794678e-01,-1.242257095873355865e-02,-1.164717599749565125e-02,-9.997596740722656250e-01,-1.857376657426357269e-02,0.000000000000000000e+00
1.401983052492141724e-01,-2.171684950590133667e-01,-1.137246042490005493e-01,4.939050376415252686e-01,-7.672699093818664551e-01,-4.090900719165802002e-01,0.000000000000000000e+00
1.367324441671371460e-01,2.195967435836791992e-01,1.205571219325065613e-01,4.814422130584716797e-01,7.663387060165405273e-01,4.253685176372528076e-01,0.000000000000000000e+00
-3.550529852509498596e-02,2.684318125247955322e-01,-9.936037659645080566e-02,-1.297703981399536133e-01,9.262011051177978516e-01,-3.539930880069732666e-01,0.000000000000000000e+00
6.205002591013908386e-02,-2.648966312408447266e-01,9.008212387561798096e-02,-1.132369190454483032e-01,-9.802566170692443848e-01,1.620937883853912354e-01,0.000000000000000000e+00
1.850073337554931641e-01,1.307838130742311478e-02,2.117994278669357300e-01,6.955245733261108398e-01,5.175016075372695923e-02,7.166361808776855469e-01,0.000000000000000000e+00
2.607485353946685791e-01,1.237201020121574402e-01,-3.172996267676353455e-02,8.810696601867675781e-01,4.178324341773986816e-01,-2.216582000255584717e-01,0.000000000000000000e+00
-2.050332874059677124e-01,-1.215233728289604187e-01,-1.589941382408142090e-01,-7.071200609207153320e-01,-4.390127360820770264e-01,-5.543004870414733887e-01,0.000000000000000000e+00
3.727980330586433411e-02,5.001745000481605530e-02,2.784182429313659668e-01,1.895161122083663940e-01,1.417189091444015503e-01,9.715963006019592285e-01,0.000000000000000000e+00
-2.123584747314453125e-01,1.824688762426376343e-01,5.013031885027885437e-02,-7.719807624816894531e-01,6.019896268844604492e-01,2.040937095880508423e-01,0.000000000000000000e+00
8.515449613332748413e-02,2.731209993362426758e-01,-4.738412797451019287e-02,2.312901616096496582e-01,9.486618638038635254e-01,-2.157441824674606323e-01,0.000000000000000000e+00
-2.339561879634857178e-01,7.560999691486358643e-02,1.438411325216293335e-01,-8.225562572479248047e-01,2.397863417863845825e-01,5.156584978103637695e-01,0.000000000000000000e+00
-6.583197414875030518e-02,-8.709454536437988281e-02,-2.662619650363922119e-01,-2.319263517856597900e-01,-2.833564877510070801e-01,-9.305478334426879883e-01,0.000000000000000000e+00
-1.233655493706464767e-02,2.784888148307800293e-01,-7.774624228477478027e-02,-4.267403110861778259e-02,9.631646275520324707e-01,-2.655048966407775879e-01,0.000000000000000000e+00
-1.439663916826248169e-01,1.397827565670013428e-01,-2.089976519346237183e-01,-4.969199299812316895e-01,4.594321548938751221e-01,-7.362015247344970703e-01,0.000000000000000000e+00
-2.896354198455810547e-01,2.048915252089500427e-02,-1.314198598265647888e-02,-9.908419847488403320e-01,1.214789524674415588e-01,-5.894903838634490967e-02,0.000000000000000000e+00
-2.720899879932403564e-01,8.943390846252441406e-02,-4.771432653069496155e-02,-9.850742220878601074e-01,1.611723750829696655e-01,6.043360009789466858e-02,0.000000000000000000e+00
-6.741214543581008911e-02,2.619605064392089844e-01,-9.929139912128448486e-02,-2.271985262632369995e-01,9.197977781295776367e-01,-3.199264407157897949e-01,0.000000000000000000e+00
-2.730714082717895508e-01,9.112195670604705811e-02,-2.548441477119922638e-02,-9.471365213394165039e-01,3.152953386306762695e-01,-5.934022367000579834e-02,0.000000000000000000e+00
1.630980372428894043e-01,-1.224764287471771240e-01,1.939698606729507446e-01,5.693535804748535156e-01,-4.153814613819122314e-01,7.094327211380004883e-01,0.000000000000000000e+00
-1.862027645111083984e-01,7.498584687709808350e-02,2.014903277158737183e-01,-6.528775691986083984e-01,2.956770360469818115e-01,6.973707675933837891e-01,0.000000000000000000e+00
2.067828029394149780e-01,1.913350820541381836e-01,4.977674782276153564e-02,7.355959415435791016e-01,6.458914875984191895e-01,2.042616903781890869e-01,0.000000000000000000e+00
-2.167351543903350830e-01,1.167559698224067688e-01,1.429578363895416260e-01,-7.695214748382568359e-01,3.991377055644989014e-01,4.985235929489135742e-01,0.000000000000000000e+00
1.813527047634124756e-01,-1.581513136625289917e-01,1.547885686159133911e-01,3.728998899459838867e-01,-6.918712258338928223e-01,6.182716488838195801e-01,0.000000000000000000e+00
1.988209187984466553e-01,-7.539338897913694382e-03,-2.050212919712066650e-01,7.184650301933288574e-01,-3.923503309488296509e-02,-6.944555640220642090e-01,0.000000000000000000e+00
7.579363137483596802e-02,2.082449346780776978e-01,1.804147958755493164e-01,2.864315211772918701e-01,6.881515383720397949e-01,6.666366457939147949e-01,0.000000000000000000e+00
2.107974737882614136e-01,-8.653175830841064453e-02,-1.684523969888687134e-01,7.483616471290588379e-01,-3.133290410041809082e-01,-5.846192836761474609e-01,0.000000000000000000e+00
2.747257649898529053e-01,2.257491834461688995e-02,5.818901583552360535e-02,9.005035161972045898e-01,4.031886458396911621e-01,1.628873050212860107e-01,0.000000000000000000e+00
-1.041418090462684631e-01,1.669195443391799927e-01,-2.131417840719223022e-01,-3.252813518047332764e-01,5.555182695388793945e-01,-7.652395367622375488e-01,0.000000000000000000e+00
3.908345103263854980e-02,1.306427419185638428e-01,-2.563556730747222900e-01,-8.546335995197296143e-02,4.964247643947601318e-01,-8.638625144958496094e-01,0.000000000000000000e+00
-2.289582341909408569e-01,3.656936436891555786e-02,-1.705924421548843384e-01,-7.919701337814331055e-01,9.833431988954544067e-02,-6.025891900062561035e-01,0.000000000000000000e+00
6.368221249431371689e-03,-2.822497487068176270e-02,-2.879478037357330322e-01,1.877217739820480347e-02,-5.852179601788520813e-02,-9.981096386909484863e-01,0.000000000000000000e+00
2.710919380187988281e-01,-4.752359166741371155e-02,7.423823326826095581e-02,9.655043482780456543e-01,-1.565708965063095093e-01,-2.080551385879516602e-01,0.000000000000000000e+00
2.104599475860595703e-01,-4.905464127659797668e-02,1.787152588367462158e-01,7.531449794769287109e-01,-1.666684150695800781e-01,6.363916397094726562e-01,0.000000000000000000e+00
-1.952986866235733032e-01,2.095828503370285034e-01,7.152650039643049240e-03,-6.884803771972656250e-01,7.230458855628967285e-01,5.656345933675765991e-02,0.000000000000000000e+00
1.847779154777526855e-01,1.409416049718856812e-01,-1.699734777212142944e-01,6.771106123924255371e-01,4.637941420078277588e-01,-5.713284611701965332e-01,0.000000000000000000e+00
2.999406121671199799e-02,2.039598971605300903e-01,1.977413296699523926e-01,1.095161065459251404e-01,6.997986435890197754e-01,7.058952450752258301e-01,0.000000000000000000e+00
-2.165503352880477905e-01,1.879938542842864990e-01,-2.249382995069026947e-02,-7.414484620094299316e-01,6.698567867279052734e-01,-3.931953385472297668e-02,0.000000000000000000e+00
-1.507830526679754257e-02,1.477984935045242310e-01,-2.487933486700057983e-01,-2.393539622426033020e-02,4.866911172866821289e-01,-8.732461333274841309e-01,0.000000000000000000e+00
-1.426395177841186523e-01,-1.676236987113952637e-01,-1.839615702629089355e-01,-4.986886382102966309e-01,-5.800446867942810059e-01,-6.440945863723754883e-01,0.000000000000000000e+00
-5.588307231664657593e-02,1.997700184583663940e-01,2.035141438245773315e-01,-5.173833966255187988e-01,2.302054315805435181e-02,8.554440140724182129e-01,0.000000000000000000e+00
1.831003427505493164e-01,-4.070924967527389526e-02,-2.157199233770370483e-01,6.370523571968078613e-01,-1.640389859676361084e-01,-7.531636357307434082e-01,0.000000000000000000e+00
-2.075115740299224854e-01,-1.164273470640182495e-01,1.567309498786926270e-01,-7.477297186851501465e-01,-3.863271474838256836e-01,5.400477647781372070e-01,0.000000000000000000e+00
-4.902056418359279633e-03,2.751363515853881836e-01,9.634833037853240967e-02,-1.127572283148765564e-01,8.918154835700988770e-01,4.381220042705535889e-01,0.000000000000000000e+00
9.116221964359283447e-02,1.285479962825775146e-01,2.359085679054260254e-01,3.603805005550384521e-01,4.289194941520690918e-01,8.283441066741943359e-01,0.000000000000000000e+00
-2.005526870489120483e-01,6.649396568536758423e-02,1.908775269985198975e-01,-7.216389179229736328e-01,2.162641733884811401e-01,6.576222777366638184e-01,0.000000000000000000e+00
2.378653287887573242e-01,1.433357298374176025e-01,-7.672759145498275757e-02,7.980227470397949219e-01,5.364952087402343750e-01,-2.744678854942321777e-01,0.000000000000000000e+00
2.839832007884979248e-01,4.631389398127794266e-03,-2.379440888762474060e-02,9.868147373199462891e-01,2.855589427053928375e-02,-1.593150049448013306e-01,0.000000000000000000e+00
1.042738929390907288e-01,-2.470853328704833984e-01,9.795049577951431274e-02,5.925951600074768066e-01,-7.969506978988647461e-01,1.170495748519897461e-01,0.000000000000000000e+00
-2.352770864963531494e-01,1.556783318519592285e-01,3.926591202616691589e-02,-7.811291813850402832e-01,5.927405357360839844e-01,1.962035745382308960e-01,0.000000000000000000e+00
1.166417375206947327e-01,1.468155831098556519e-01,-2.210927009582519531e-01,4.381725788116455078e-01,5.185093283653259277e-01,-7.342702746391296387e-01,0.000000000000000000e+00
-9.233769960701465607e-03,2.262011021375656128e-01,1.830758303403854370e-01,1.428427994251251221e-01,8.557213544845581055e-01,4.973298013210296631e-01,0.000000000000000000e+00
2.761120200157165527e-01,-2.992080152034759521e-02,-5.589338764548301697e-02,9.727267026901245117e-01,-1.143717318773269653e-01,-2.017966508865356445e-01,0.000000000000000000e+00
-2.281089574098587036e-01,-1.872359961271286011e-02,1.675094366073608398e-01,-7.191511392593383789e-01,1.273052543401718140e-01,6.830922365188598633e-01,0.000000000000000000e+00
-7.382003217935562134e-02,2.758179903030395508e-01,2.685933932662010193e-02,-2.628124654293060303e-01,9.594327807426452637e-01,1.020705252885818481e-01,0.000000000000000000e+00
-1.826265901327133179e-01,1.524900496006011963e-01,1.569333225488662720e-01,-6.313774585723876953e-01,5.484203100204467773e-01,5.482679009437561035e-01,0.000000000000000000e+00
4.709718003869056702e-02,4.333592485636472702e-03,-2.851334810256958008e-01,1.778603941202163696e-01,2.034249901771545410e-02,-9.838454723358154297e-01,0.000000000000000000e+00
-2.777229249477386475e-01,-7.599783688783645630e-02,-4.321996122598648071e-02,-8.861448764801025391e-01,-1.221755966544151306e-01,-4.470127820968627930e-01,0.000000000000000000e+00
-4.884534701704978943e-02,1.533645242452621460e-01,-2.406458407640457153e-01,-1.663430929183959961e-01,5.122755169868469238e-01,-8.425579071044921875e-01,0.000000000000000000e+00
1.449763178825378418e-01,-2.414150983095169067e-01,-1.982711069285869598e-02,5.054542422294616699e-01,-8.587285280227661133e-01,-8.426974713802337646e-02,0.000000000000000000e+00
1.246411129832267761e-01,-1.206239238381385803e-01,2.201431095600128174e-01,4.583941400051116943e-01,-4.030215740203857422e-01,7.921164035797119141e-01,0.000000000000000000e+00
2.718501985073089600e-01,-5.263881757855415344e-02,5.771883577108383179e-02,9.724142551422119141e-01,2.163404822349548340e-01,-8.722021430730819702e-02,0.000000000000000000e+00
5.535865202546119690e-02,1.529170870780944824e-01,2.336982339620590210e-01,2.033800184726715088e-01,5.368518829345703125e-01,8.187958002090454102e-01,0.000000000000000000e+00
5.522904917597770691e-02,5.121695622801780701e-02,2.742661535739898682e-01,2.389595657587051392e-01,1.445998400449752808e-01,9.602026939392089844e-01,0.000000000000000000e+00
-1.744676381349563599e-01,1.362782120704650879e-01,-1.877139508724212646e-01,-6.037207841873168945e-01,4.508944153785705566e-01,-6.574309468269348145e-01,0.000000000000000000e+00
2.095330059528350830e-01,-5.615764856338500977e-02,-1.838775873184204102e-01,7.428326606750488281e-01,-2.160710394382476807e-01,-6.336504817008972168e-01,0.000000000000000000e+00
1.328955441713333130e-01,-9.931191802024841309e-03,2.477651685476303101e-01,4.627684056758880615e-01,-3.757688403129577637e-02,8.856824040412902832e-01,0.000000000000000000e+00
2.330165505409240723e-01,-1.133435741066932678e-01,-1.122757345438003540e-01,8.251152038574218750e-01,-3.966341912746429443e-01,-4.023260772228240967e-01,0.000000000000000000e+00
2.114261090755462646e-01,1.114948317408561707e-01,1.500551998615264893e-01,7.700605392456054688e-01,3.512465357780456543e-01,5.325716733932495117e-01,0.000000000000000000e+00
2.435496300458908081e-01,-1.359760016202926636e-01,-3.335711732506752014e-02,8.514303565025329590e-01,-5.143962502479553223e-01,-1.022878885269165039e-01,0.000000000000000000e+00
-1.453720331192016602e-01,2.045624107122421265e-01,-1.531616747379302979e-01,-2.582770287990570068e-01,5.982002019882202148e-01,-7.585839033126831055e-01,0.000000000000000000e+00
-1.693708077073097229e-02,-2.744804024696350098e-01,-9.254261851310729980e-02,1.962883919477462769e-01,-8.690425157546997070e-01,-4.541320800781250000e-01,0.000000000000000000e+00
2.083257883787155151e-01,-3.173105791211128235e-02,-1.917015612125396729e-01,7.497768998146057129e-01,-1.272362768650054932e-01,-6.493423581123352051e-01,0.000000000000000000e+00
5.773594602942466736e-02,1.319463551044464111e-01,2.455578595399856567e-01,2.370365709066390991e-01,4.474692940711975098e-01,8.623136878013610840e-01,0.000000000000000000e+00
-1.619818061590194702e-01,4.455177113413810730e-02,-2.334811389446258545e-01,-5.651416182518005371e-01,1.386489123106002808e-01,-8.132597208023071289e-01,0.000000000000000000e+00
4.913287237286567688e-02,2.166376113891601562e-01,-1.841021329164505005e-01,1.561921536922454834e-01,7.863394618034362793e-01,-5.977242588996887207e-01,0.000000000000000000e+00
1.756207346916198730e-01,-1.700386703014373779e-01,-1.404441893100738525e-01,6.404080986976623535e-01,-5.936287045478820801e-01,-4.873217046260833740e-01,0.000000000000000000e+00
-7.148855924606323242e-02,1.968750543892383575e-02,-2.792309820652008057e-01,-2.910719513893127441e-01,6.168177723884582520e-02,-9.547106623649597168e-01,0.000000000000000000e+00
-5.916760116815567017e-02,-2.139626592397689819e-01,-1.859119236469268799e-01,-2.551836967468261719e-01,-7.240275144577026367e-01,-6.408318281173706055e-01,0.000000000000000000e+00
9.007960557937622070e-02,1.897405385971069336e-01,1.923594325780868530e-01,3.544049859046936035e-01,6.541228294372558594e-01,6.682218313217163086e-01,0.000000000000000000e+00
-2.538225054740905762e-01,-1.181656792759895325e-01,-6.519503891468048096e-02,-8.771926164627075195e-01,-4.088365137577056885e-01,-2.517653405666351318e-01,0.000000000000000000e+00
-2.573039233684539795e-01,-4.219654947519302368e-02,1.160125136375427246e-01,-8.869942426681518555e-01,-4.334407746791839600e-01,1.592805832624435425e-01,0.000000000000000000e+00
-4.019084945321083069e-02,-2.708774507045745850e-01,7.016176730394363403e-02,-1.984923779964447021e-01,-9.346598386764526367e-01,2.949774861335754395e-01,0.000000000000000000e+00
-2.580726742744445801e-01,1.264727413654327393e-01,1.304766628891229630e-02,-8.846627473831176758e-01,4.584859907627105713e-01,8.463132381439208984e-02,0.000000000000000000e+00
-1.528822034597396851e-01,-1.852950155735015869e-01,-1.563352346420288086e-01,-5.608118176460266113e-01,-6.466486454010009766e-01,-5.170450806617736816e-01,0.000000000000000000e+00
1.355071365833282471e-01,4.867127165198326111e-02,-2.509055435657501221e-01,4.193483293056488037e-01,2.152606844902038574e-01,-8.819352984428405762e-01,0.000000000000000000e+00
1.634353548288345337e-01,2.058186531066894531e-01,-1.180660575628280640e-01,5.530698299407958984e-01,7.346065044403076172e-01,-3.930229842662811279e-01,0.000000000000000000e+00
-1.738551817834377289e-02,-2.767621278762817383e-01,-8.522247523069381714e-02,-1.087946933694183826e-03,-9.936063289642333984e-01,-1.128951683640480042e-01,0.000000000000000000e+00
-6.277751922607421875e-02,-2.774355411529541016e-01,-4.141430184245109558e-02,-3.131943345069885254e-01,-9.045111536979675293e-01,2.894285619258880615e-01,0.000000000000000000e+00
1.940373331308364868e-01,2.021161317825317383e-01,5.724769085645675659e-02,6.303832530975341797e-01,7.429253458976745605e-01,2.251195907592773438e-01,0.000000000000000000e+00
3.606375306844711304e-02,-2.059073932468891144e-02,-2.859573364257812500e-01,1.509459465742111206e-01,-3.031191602349281311e-02,-9.880771636962890625e-01,0.000000000000000000e+00
1.361226886510848999e-01,-1.379514634609222412e-01,-2.050555944442749023e-01,4.699678421020507812e-01,-5.122304558753967285e-01,-7.188534140586853027e-01,0.000000000000000000e+00
1.088415458798408508e-01,6.919308751821517944e-02,-2.656588256359100342e-01,3.696297109127044678e-01,3.278552889823913574e-01,-8.694163560867309570e-01,0.000000000000000000e+00
-1.747839599847793579e-01,6.259277462959289551e-02,-2.201399952173233032e-01,-6.103137135505676270e-01,1.833037585020065308e-01,-7.706600427627563477e-01,0.000000000000000000e+00
-1.158563941717147827e-01,-2.607160508632659912e-01,1.262783538550138474e-02,-5.802161693572998047e-01,-8.073921799659729004e-01,-1.070844233036041260e-01,0.000000000000000000e+00
-1.289214044809341431e-01,8.503296971321105957e-02,-2.443214654922485352e-01,-4.412605762481689453e-01,2.638256549835205078e-01,-8.577209115028381348e-01,0.000000000000000000e+00
2.362024337053298950e-01,-1.466160416603088379e-01,4.794064164161682129e-02,8.414414525032043457e-01,-5.113320946693420410e-01,1.746877133846282959e-01,0.000000000000000000e+00
1.378200761973857880e-02,2.881517112255096436e-01,3.456582501530647278e-02,-7.284657657146453857e-02,9.967202544212341309e-01,-3.524321317672729492e-02,0.000000000000000000e+00
-3.456417098641395569e-02,-1.947167068719863892e-01,-2.122001349925994873e-01,-1.736098527908325195e-01,-3.624640703201293945e-01,-9.156852364540100098e-01,0.000000000000000000e+00
5.112393945455551147e-02,-2.793876826763153076e-01,-2.026965655386447906e-02,2.024758607149124146e-01,-9.783155918121337891e-01,-4.361357167363166809e-02,0.000000000000000000e+00
6.200179085135459900e-02,1.830930635333061218e-02,-2.817877233028411865e-01,3.467205464839935303e-01,-2.998729646205902100e-01,-8.887412548065185547e-01,0.000000000000000000e+00
-2.862055897712707520e-01,3.896868601441383362e-02,-4.577800631523132324e-02,-8.420269489288330078e-01,5.246420502662658691e-01,-1.254644393920898438e-01,0.000000000000000000e+00
-9.653279930353164673e-02,2.491360604763031006e-01,1.046061888337135315e-01,-3.525978922843933105e-01,8.569979071617126465e-01,3.758048713207244873e-01,0.000000000000000000e+00
-2.612669467926025391e-01,3.533034771680831909e-02,-1.162405461072921753e-01,-8.933696150779724121e-01,3.163139820098876953e-01,-3.191179037094116211e-01,0.000000000000000000e+00
2.522938251495361328e-01,1.294386982917785645e-01,2.904454059898853302e-02,8.813092708587646484e-01,4.581506550312042236e-01,1.157237440347671509e-01,0.000000000000000000e+00
2.434341162443161011e-01,-7.158774882555007935e-02,1.297977119684219360e-01,7.336708307266235352e-01,-2.329125553369522095e-01,6.383407115936279297e-01,0.000000000000000000e+00
-1.747809499502182007e-01,-1.636270135641098022e-01,1.602214872837066650e-01,-6.860916018486022949e-01,-6.287178397178649902e-01,3.660495281219482422e-01,0.000000000000000000e+00
2.722155749797821045e-01,4.064838960766792297e-02,6.970892101526260376e-02,9.592434167861938477e-01,8.597510308027267456e-02,2.691846191883087158e-01,0.000000000000000000e+00
2.368007302284240723e-01,8.801253885030746460e-02,1.264079958200454712e-01,8.165887594223022461e-01,3.258149325847625732e-01,4.764739573001861572e-01,0.000000000000000000e+00
1.924427449703216553e-01,-2.046619951725006104e-01,-1.805102080106735229e-02,7.608188986778259277e-01,-6.335021257400512695e-01,-1.408179849386215210e-01,0.000000000000000000e+00
7.005048543214797974e-02,1.914257556200027466e-01,-2.055279910564422607e-01,2.154692858457565308e-01,6.988514661788940430e-01,-6.820408105850219727e-01,0.000000000000000000e+00
-2.168345451354980469e-01,-1.347400546073913574e-01,-1.291262358427047729e-01,-7.522411346435546875e-01,-4.946568608283996582e-01,-4.352560639381408691e-01,0.000000000000000000e+00
-8.434019237756729126e-02,1.366281062364578247e-01,-2.405820041894912720e-01,-2.954746484756469727e-01,4.725343585014343262e-01,-8.303048014640808105e-01,0.000000000000000000e+00
-2.175474762916564941e-01,1.085447072982788086e-01,-1.580177694559097290e-01,-7.408615350723266602e-01,3.814732730388641357e-01,-5.528130531311035156e-01,0.000000000000000000e+00
-2.048210501670837402e-01,-1.963637769222259521e-01,3.964619338512420654e-02,-6.732378602027893066e-01,-7.324749827384948730e-01,1.011493727564811707e-01,0.000000000000000000e+00
-4.149354249238967896e-02,-1.852762699127197266e-02,-2.854343950748443604e-01,-1.336870342493057251e-01,-1.139079779386520386e-01,-9.844555854797363281e-01,0.000000000000000000e+00
-8.270901441574096680e-02,1.954248398542404175e-01,-1.992139369249343872e-01,-3.514530360698699951e-01,7.081199288368225098e-01,-6.124107837677001953e-01,0.000000000000000000e+00
2.502690255641937256e-01,-3.620010614395141602e-02,-1.271653026342391968e-01,8.833435773849487305e-01,-1.664338856935501099e-01,-4.381824135780334473e-01,0.000000000000000000e+00
-2.209126800298690796e-01,1.829037070274353027e-01,-7.936665788292884827e-03,-7.751311063766479492e-01,6.311444640159606934e-01,2.878252789378166199e-02,0.000000000000000000e+00
-1.457194238901138306e-01,-2.013280838727951050e-01,1.396895647048950195e-01,-3.525149822235107422e-01,-7.452015876770019531e-01,5.660457611083984375e-01,0.000000000000000000e+00
1.488386243581771851e-01,-2.334914058446884155e-01,-5.292734131217002869e-02,4.032080769538879395e-01,-9.150390625000000000e-01,-1.125692669302225113e-02,0.000000000000000000e+00
-1.740325242280960083e-01,-1.746045500040054321e-01,-1.452192217111587524e-01,-6.273862719535827637e-01,-6.011381745338439941e-01,-4.949943125247955322e-01,0.000000000000000000e+00
5.911258608102798462e-02,-2.667731046676635742e-01,-7.890676707029342651e-02,2.306026071310043335e-01,-9.393938779830932617e-01,-2.536957263946533203e-01,0.000000000000000000e+00
1.095177158713340759e-01,-1.743091791868209839e-01,-1.935786604881286621e-01,4.139555394649505615e-01,-5.935226082801818848e-01,-6.901968717575073242e-01,0.000000000000000000e+00
1.884447485208511353e-01,6.355806440114974976e-02,-2.075640410184860229e-01,6.990659236907958984e-01,1.884772926568984985e-01,-6.897703409194946289e-01,0.000000000000000000e+00
-2.764031887054443359e-01,-7.584666460752487183e-02,9.187195450067520142e-03,-9.183026552200317383e-01,3.702780306339263916e-01,-1.400516033172607422e-01,0.000000000000000000e+00
-1.455739289522171021e-01,-1.605283170938491821e-01,-1.878164261579513550e-01,-5.199509859085083008e-01,-5.620266199111938477e-01,-6.432550549507141113e-01,0.000000000000000000e+00
-2.755638360977172852e-01,7.317879796028137207e-02,-4.630967602133750916e-02,-6.835252046585083008e-01,6.022983193397521973e-01,-4.123469889163970947e-01,0.000000000000000000e+00
-2.785411179065704346e-01,7.088984549045562744e-02,-3.925080597400665283e-02,-8.382219076156616211e-01,5.271546244621276855e-01,-1.396140754222869873e-01,0.000000000000000000e+00
-2.249794155359268188e-01,9.266997873783111572e-02,-1.572913527488708496e-01,-7.872450351715087891e-01,2.901247143745422363e-01,-5.441258549690246582e-01,0.000000000000000000e+00
-2.091448940336704254e-02,-2.404919564723968506e-01,1.463056653738021851e-01,-6.392800807952880859e-02,-8.683334589004516602e-01,4.918436706066131592e-01,0.000000000000000000e+00
-1.439565569162368774e-01,-1.575049757957458496e-01,-1.916716843843460083e-01,-5.269895195960998535e-01,-5.392737984657287598e-01,-6.568605303764343262e-01,0.000000000000000000e+00
7.858558744192123413e-02,2.425503684207797050e-03,2.712466418743133545e-01,3.244944214820861816e-01,2.425758726894855499e-02,9.455764889717102051e-01,0.000000000000000000e+00
2.464576810598373413e-01,1.392877548933029175e-01,-6.458780169486999512e-02,8.079125285148620605e-01,4.494116306304931641e-01,-3.811909258365631104e-01,0.000000000000000000e+00
2.041885256767272949e-01,-1.924552619457244873e-01,-1.757254265248775482e-02,7.138258814811706543e-01,-6.932930350303649902e-01,-9.898153692483901978e-02,0.000000000000000000e+00
-2.184676826000213623e-01,-1.805351078510284424e-01,5.035181343555450439e-02,-5.516665577888488770e-01,-7.826371192932128906e-01,2.883454859256744385e-01,0.000000000000000000e+00
-1.301669478416442871e-01,2.556059360504150391e-01,-1.072237268090248108e-02,-4.452543556690216064e-01,8.937519192695617676e-01,-5.436958372592926025e-02,0.000000000000000000e+00
2.725088000297546387e-01,6.716573983430862427e-02,4.366744682192802429e-02,9.699512124061584473e-01,1.408266723155975342e-01,1.983997374773025513e-01,0.000000000000000000e+00
2.425619214773178101e-01,-3.039952367544174194e-02,-1.436264514923095703e-01,8.616406917572021484e-01,-1.247927919030189514e-01,-4.919371306896209717e-01,0.000000000000000000e+00
2.275097370147705078e-01,1.609789282083511353e-01,-7.782335579395294189e-02,9.010831713676452637e-01,2.700718939304351807e-01,-3.392789959907531738e-01,0.000000000000000000e+00
2.216118276119232178e-01,-1.732814013957977295e-01,6.698637735098600388e-04,7.972004413604736328e-01,-6.033010482788085938e-01,-2.234434336423873901e-02,0.000000000000000000e+00
-7.994823902845382690e-02,-1.899839788675308228e-01,1.952274441719055176e-01,-2.472771108150482178e-01,-6.818762421607971191e-01,6.884030699729919434e-01,0.000000000000000000e+00
-1.302551627159118652e-01,-4.489248618483543396e-02,2.498144954442977905e-01,-4.597818255424499512e-01,-9.984815120697021484e-02,8.824006915092468262e-01,0.000000000000000000e+00
8.105357736349105835e-02,2.470759898424148560e-01,1.210523918271064758e-01,2.867729961872100830e-01,8.595802187919616699e-01,4.229457676410675049e-01,0.000000000000000000e+00
2.359606176614761353e-01,-1.303514540195465088e-01,8.888167887926101685e-02,7.482528686523437500e-01,-6.215394735336303711e-01,2.319618612527847290e-01,0.000000000000000000e+00
2.406433373689651489e-01,-4.115488752722740173e-02,-1.438184380531311035e-01,8.517494201660156250e-01,-1.640325039625167847e-01,-4.976105093955993652e-01,0.000000000000000000e+00
1.561925709247589111e-01,-2.993190102279186249e-02,-2.382681220769882202e-01,5.787996649742126465e-01,-1.023428067564964294e-01,-8.090221881866455078e-01,0.000000000000000000e+00
3.673546947538852692e-03,2.897116243839263916e-01,1.820097095333039761e-03,-4.504434764385223389e-02,9.987465143203735352e-01,2.182657085359096527e-02,0.000000000000000000e+00
-1.716510653495788574e-01,1.192310899496078491e-01,1.933826953172683716e-01,-6.177537441253662109e-01,4.128727614879608154e-01,6.692655682563781738e-01,0.000000000000000000e+00
-7.533005625009536743e-02,2.721152901649475098e-01,5.116710811853408813e-02,-2.872087061405181885e-01,9.442089796066284180e-01,1.611848324537277222e-01,0.000000000000000000e+00
1.139551680535078049e-02,-1.893109679222106934e-01,-2.209706604480743408e-01,-1.192779019474983215e-01,-8.317872881889343262e-01,-5.421279072761535645e-01,0.000000000000000000e+00
1.190005093812942505e-01,-4.681010264903306961e-03,-2.666569054126739502e-01,5.408849120140075684e-01,-7.465637475252151489e-02,-8.377767801284790039e-01,0.000000000000000000e+00
1.889747083187103271e-01,2.103733867406845093e-01,4.314341396093368530e-02,6.306138038635253906e-01,7.473128437995910645e-01,2.094033360481262207e-01,0.000000000000000000e+00
-6.637541949748992920e-02,-1.358602847903966904e-02,2.804688513278961182e-01,-3.621003776788711548e-02,1.138934940099716187e-01,9.928328394889831543e-01,0.000000000000000000e+00
2.735207672230899334e-04,2.800596654415130615e-01,8.625680953264236450e-02,-1.119518354535102844e-01,9.479955434799194336e-01,2.979450821876525879e-01,0.000000000000000000e+00
-8.816867321729660034e-02,-2.008905559778213501e-01,-1.877521425485610962e-01,-3.522965013980865479e-01,-6.562753319740295410e-01,-6.672254800796508789e-01,0.000000000000000000e+00
-1.668057441711425781e-01,-5.671618506312370300e-02,2.245582342147827148e-01,-5.941337347030639648e-01,-2.173657566308975220e-01,7.744399309158325195e-01,0.000000000000000000e+00
-2.798079252243041992e-01,-7.539082318544387817e-02,-5.321719218045473099e-03,-8.713119029998779297e-01,-4.347528815269470215e-01,2.276081740856170654e-01,0.000000000000000000e+00
8.593148738145828247e-02,-1.866107777459546924e-04,-2.787338793277740479e-01,4.610427320003509521e-01,2.205338627099990845e-01,-8.595373034477233887e-01,0.000000000000000000e+00
2.823163568973541260e-01,-3.825358301401138306e-02,4.358920082449913025e-02,9.747534990310668945e-01,-9.088552743196487427e-02,2.039496302604675293e-01,0.000000000000000000e+00
2.456408888101577759e-01,9.347379952669143677e-02,-1.128121018409729004e-01,8.891522288322448730e-01,2.736262381076812744e-01,-3.667928278446197510e-01,0.000000000000000000e+00
1.955634355545043945e-01,1.833150386810302734e-01,9.742496162652969360e-02,6.678109169006347656e-01,6.528150439262390137e-01,3.575766086578369141e-01,0.000000000000000000e+00
-1.856559514999389648e-01,1.986982673406600952e-02,-2.180929929018020630e-01,-6.548487544059753418e-01,6.058146804571151733e-02,-7.533279061317443848e-01,0.000000000000000000e+00
-2.888116538524627686e-01,2.205811440944671631e-02,1.321599539369344711e-02,-9.947609305381774902e-01,6.886045634746551514e-02,7.555747777223587036e-02,0.000000000000000000e+00
-2.512068748474121094e-01,1.300678849220275879e-01,4.347361996769905090e-02,-8.512004017829895020e-01,4.889385700225830078e-01,1.907797455787658691e-01,0.000000000000000000e+00
1.497148722410202026e-01,1.111171618103981018e-01,2.127615958452224731e-01,5.135258436203002930e-01,4.050522148609161377e-01,7.564548254013061523e-01,0.000000000000000000e+00
1.421092003583908081e-01,-2.143781483173370361e-01,-1.165476143360137939e-01,5.277910232543945312e-01,-7.489014267921447754e-01,-4.007284045219421387e-01,0.000000000000000000e+00
-2.622494399547576904e-01,1.047474071383476257e-01,-6.395019590854644775e-02,-9.927730560302734375e-01,1.177653223276138306e-01,-2.308672107756137848e-02,0.000000000000000000e+00
7.702854275703430176e-02,-2.623686492443084717e-01,8.527808636426925659e-02,5.559140443801879883e-01,-7.843669652938842773e-01,2.751873135566711426e-01,0.000000000000000000e+00
-1.032341048121452332e-01,2.295987606048583984e-01,1.358157992362976074e-01,-4.055067300796508789e-01,7.680138945579528809e-01,4.957004487514495850e-01,0.000000000000000000e+00
9.107433259487152100e-03,-2.834383845329284668e-01,3.727376461029052734e-02,-2.922275066375732422e-01,-9.540868401527404785e-01,-6.573724746704101562e-02,0.000000000000000000e+00
1.033782809972763062e-01,-1.646668612957000732e-01,-2.049636840820312500e-01,3.909488916397094727e-01,-5.536404252052307129e-01,-7.352831363677978516e-01,0.000000000000000000e+00
6.299444288015365601e-02,1.987544596195220947e-01,1.949099600315093994e-01,2.196419686079025269e-01,6.637109518051147461e-01,7.150141596794128418e-01,0.000000000000000000e+00
2.754676640033721924e-01,-2.270899154245853424e-02,7.474526762962341309e-02,8.813092708587646484e-01,-3.231972455978393555e-01,3.447282314300537109e-01,0.000000000000000000e+00
2.468995749950408936e-01,1.627055555582046509e-02,1.363459974527359009e-01,8.755522966384887695e-01,3.016504645347595215e-02,4.821807146072387695e-01,0.000000000000000000e+00
2.574009597301483154e-01,-6.666253507137298584e-02,1.075408607721328735e-01,9.352513551712036133e-01,9.590809792280197144e-02,3.407441675662994385e-01,0.000000000000000000e+00
1.167038828134536743e-01,-2.051282078027725220e-01,1.589256674051284790e-01,1.209470927715301514e-01,-6.087343692779541016e-01,7.841009497642517090e-01,0.000000000000000000e+00
2.200897485017776489e-01,1.542348712682723999e-01,9.407506883144378662e-02,7.918968796730041504e-01,4.978651404380798340e-01,3.535952568054199219e-01,0.000000000000000000e+00
-1.186176836490631104e-01,-2.559960484504699707e-01,3.446184843778610229e-02,-2.405975311994552612e-01,-9.563464522361755371e-01,1.658743470907211304e-01,0.000000000000000000e+00
-2.145299874246120453e-02,-1.639466285705566406e-01,2.287300229072570801e-01,-5.653008818626403809e-02,-5.553544163703918457e-01,8.296902179718017578e-01,0.000000000000000000e+00
-8.980397880077362061e-02,2.620373964309692383e-01,-7.816343754529953003e-02,-3.073189258575439453e-01,9.212095141410827637e-01,-2.385961413383483887e-01,0.000000000000000000e+00
8.375642448663711548e-02,-2.510530054569244385e-01,1.120554730296134949e-01,-6.755083054304122925e-02,-9.376087188720703125e-01,3.410671353340148926e-01,0.000000000000000000e+00
2.718925774097442627e-01,5.311878770589828491e-02,6.319683790206909180e-02,9.493869543075561523e-01,1.731827408075332642e-01,2.620537281036376953e-01,0.000000000000000000e+00
-2.465051561594009399e-01,1.347162723541259766e-01,-6.341056525707244873e-02,-9.490607380867004395e-01,2.573198974132537842e-01,-1.818522512912750244e-01,0.000000000000000000e+00
-2.483383715152740479e-01,-1.299169957637786865e-01,7.215303182601928711e-02,-6.596692800521850586e-01,-4.929158985614776611e-01,5.673362016677856445e-01,0.000000000000000000e+00
5.916612688452005386e-03,1.939369365572929382e-02,-2.882519066333770752e-01,3.464404866099357605e-02,7.670438289642333984e-02,-9.964517951011657715e-01,0.000000000000000000e+00
3.376405313611030579e-02,-2.403519898653030396e-01,-1.509585082530975342e-01,1.702240705490112305e-01,-8.311996459960937500e-01,-5.292739868164062500e-01,0.000000000000000000e+00
-1.156318783760070801e-01,-2.476475983858108521e-01,7.083858549594879150e-02,-5.052633881568908691e-01,-8.175127506256103516e-01,2.763726115226745605e-01,0.000000000000000000e+00
-1.043738052248954773e-01,4.051248356699943542e-02,-2.659182846546173096e-01,-3.728485405445098877e-01,1.115711480379104614e-01,-9.211600422859191895e-01,0.000000000000000000e+00
-2.294684499502182007e-01,1.689569056034088135e-01,1.852072961628437042e-02,-7.948615550994873047e-01,5.963324904441833496e-01,1.121726483106613159e-01,0.000000000000000000e+00
-1.779092252254486084e-01,-1.495150029659271240e-01,1.720260530710220337e-01,-6.591514348983764648e-01,-4.383947551250457764e-01,6.110069155693054199e-01,0.000000000000000000e+00
7.473945152014493942e-04,2.153633981943130493e-01,-1.962904483079910278e-01,-5.211552381515502930e-01,7.066584229469299316e-01,-4.785719811916351318e-01,0.000000000000000000e+00
2.603982686996459961e-01,4.024055227637290955e-02,1.034422069787979126e-01,9.148583412170410156e-01,1.355202496051788330e-01,3.803531527519226074e-01,0.000000000000000000e+00
-1.279710829257965088e-01,2.032142430543899536e-01,1.529283374547958374e-01,-4.617397785186767578e-01,6.964184641838073730e-01,5.493611693382263184e-01,0.000000000000000000e+00
4.102231189608573914e-02,-2.254792153835296631e-01,1.644868850708007812e-01,1.248024106025695801e-01,-7.775134444236755371e-01,6.163579821586608887e-01,0.000000000000000000e+00
-2.809523604810237885e-02,1.425649225711822510e-01,-2.504790127277374268e-01,-9.015057981014251709e-02,4.808748066425323486e-01,-8.721423745155334473e-01,0.000000000000000000e+00
-1.675561666488647461e-01,-1.945980787277221680e-01,1.320433765649795532e-01,-5.437017679214477539e-01,-7.387108206748962402e-01,3.983649909496307373e-01,0.000000000000000000e+00
5.307679250836372375e-02,2.881854176521301270e-01,1.241093035787343979e-02,3.035790920257568359e-01,9.388901591300964355e-01,-1.622499525547027588e-01,0.000000000000000000e+00
-1.500583589076995850e-01,-2.011115401983261108e-01,-1.383227258920669556e-01,-5.300297141075134277e-01,-6.940599679946899414e-01,-4.871850609779357910e-01,0.000000000000000000e+00
2.127760276198387146e-02,-1.520941555500030518e-01,-2.445657104253768921e-01,4.479700326919555664e-01,-2.488016337156295776e-01,-8.587319850921630859e-01,0.000000000000000000e+00
2.483036369085311890e-02,1.221633255481719971e-01,-2.613179981708526611e-01,7.973988354206085205e-02,4.377517402172088623e-01,-8.955528736114501953e-01,0.000000000000000000e+00
-3.055878542363643646e-02,2.798717916011810303e-01,6.177609786391258240e-02,-1.504192948341369629e-01,9.688392877578735352e-01,1.967852413654327393e-01,0.000000000000000000e+00
-4.359135404229164124e-02,-2.392360568046569824e-01,1.442738771438598633e-01,-9.689622372388839722e-02,-8.012452125549316406e-01,5.904381275177001953e-01,0.000000000000000000e+00
-1.777900755405426025e-02,-2.673812508583068848e-01,-1.112591773271560669e-01,-5.074389651417732239e-02,-9.775007963180541992e-01,-2.047369480133056641e-01,0.000000000000000000e+00
1.052063074894249439e-03,5.922380089759826660e-02,2.803226113319396973e-01,5.181488022208213806e-02,2.039136141538619995e-01,9.776167273521423340e-01,0.000000000000000000e+00
2.115887850522994995e-01,-3.128363192081451416e-02,-1.879295706748962402e-01,7.656531929969787598e-01,-1.302345991134643555e-01,-6.299318075180053711e-01,0.000000000000000000e+00
-8.543919026851654053e-02,9.012367576360702515e-02,2.570466399192810059e-01,-3.779954612255096436e-01,3.632789552211761475e-01,8.515561223030090332e-01,0.000000000000000000e+00
2.111417949199676514e-01,-1.598890274763107300e-01,9.467028826475143433e-02,5.521859526634216309e-01,-7.096506953239440918e-01,4.375917613506317139e-01,0.000000000000000000e+00
-6.526251137256622314e-02,1.881347745656967163e-01,2.069941014051437378e-01,-2.466141879558563232e-01,8.474163413047790527e-01,4.701775908470153809e-01,0.000000000000000000e+00
-1.957284212112426758e-01,1.710029840469360352e-01,-1.373008042573928833e-01,-8.382346630096435547e-01,3.270846605300903320e-01,-4.363235533237457275e-01,0.000000000000000000e+00
5.314952507615089417e-02,1.021384298801422119e-01,2.605659365653991699e-01,1.998507827520370483e-01,3.409359455108642578e-01,9.185980558395385742e-01,0.000000000000000000e+00
-2.849475853145122528e-02,-7.530979812145233154e-02,2.728965580463409424e-01,-1.211978569626808167e-01,-3.242622911930084229e-01,9.381711483001708984e-01,0.000000000000000000e+00
-2.669965326786041260e-01,-3.468584269285202026e-02,9.692063927650451660e-02,-9.828436374664306641e-01,2.177406474947929382e-02,1.831509470939636230e-01,0.000000000000000000e+00
3.896876052021980286e-02,-2.467733323574066162e-01,1.326313316822052002e-01,8.804719895124435425e-02,-6.833042502403259277e-01,7.248054742813110352e-01,0.000000000000000000e+00
1.802674233913421631e-01,2.024253457784652710e-01,-9.908718615770339966e-02,6.034043431282043457e-01,7.015814781188964844e-01,-3.790601789951324463e-01,0.000000000000000000e+00
4.825446009635925293e-02,-2.795295119285583496e-01,2.566353231668472290e-02,1.999888718128204346e-01,-9.783854484558105469e-01,5.259589850902557373e-02,0.000000000000000000e+00
2.320294640958309174e-02,-1.443671137094497681e-01,-2.480024844408035278e-01,1.531191766262054443e-01,-4.058664739131927490e-01,-9.010143876075744629e-01,0.000000000000000000e+00
2.329398244619369507e-01,-3.862412273883819580e-02,-1.573397815227508545e-01,8.344039916992187500e-01,-1.460487246513366699e-01,-5.314506292343139648e-01,0.000000000000000000e+00
2.025934159755706787e-01,-1.110322624444961548e-01,1.636154204607009888e-01,6.749755740165710449e-01,-2.673196494579315186e-01,6.877122521400451660e-01,0.000000000000000000e+00
-1.619121730327606201e-01,2.022083252668380737e-01,-1.459684222936630249e-01,-4.834351539611816406e-01,6.405392289161682129e-01,-5.966573357582092285e-01,0.000000000000000000e+00
9.438811987638473511e-02,-2.535641491413116455e-01,8.963998407125473022e-02,3.952977359294891357e-01,-9.067901968955993652e-01,1.465306133031845093e-01,0.000000000000000000e+00
-2.566075325012207031e-01,1.210230663418769836e-01,-8.055954426527023315e-02,-7.897549271583557129e-01,5.341752171516418457e-01,-3.015692532062530518e-01,0.000000000000000000e+00
2.362027466297149658e-01,-8.082243800163269043e-02,-1.348332166671752930e-01,8.464026451110839844e-01,-2.870679497718811035e-01,-4.485472142696380615e-01,0.000000000000000000e+00
-2.718186378479003906e-01,6.012516096234321594e-02,-8.621249347925186157e-02,-8.546161055564880371e-01,4.722319841384887695e-01,-2.159358859062194824e-01,0.000000000000000000e+00
2.370973378419876099e-01,5.383804067969322205e-02,1.439700871706008911e-01,8.367550969123840332e-01,1.984082311391830444e-01,5.103676319122314453e-01,0.000000000000000000e+00
1.359988451004028320e-01,2.569707036018371582e-01,-1.851817034184932709e-02,1.739082187414169312e-01,9.561976790428161621e-01,-2.354610711336135864e-01,0.000000000000000000e+00
-1.265214476734399796e-02,-3.933528065681457520e-02,2.808364927768707275e-01,-4.900745674967765808e-02,-2.299312949180603027e-01,9.719721674919128418e-01,0.000000000000000000e+00
-1.672201417386531830e-02,2.641119062900543213e-01,-1.141559630632400513e-01,-2.297974564135074615e-02,9.071440696716308594e-01,-4.201923608779907227e-01,0.000000000000000000e+00
2.887951731681823730e-01,1.837916299700737000e-02,-4.490741994231939316e-04,9.976787567138671875e-01,6.531371921300888062e-02,-1.926843822002410889e-02,0.000000000000000000e+00
-1.323284022510051727e-02,-1.024062186479568481e-01,-2.696518301963806152e-01,-5.589254572987556458e-02,-3.249356150627136230e-01,-9.440830945968627930e-01,0.000000000000000000e+00
2.307013273239135742e-01,-4.914868623018264771e-02,1.542128622531890869e-01,8.150873780250549316e-01,-1.223063170909881592e-01,5.662806034088134766e-01,0.000000000000000000e+00
6.124384701251983643e-02,-1.119945645332336426e-01,2.503950595855712891e-01,2.100235819816589355e-01,-4.025845229625701904e-01,8.909633755683898926e-01,0.000000000000000000e+00
-6.931240111589431763e-02,1.709167659282684326e-01,2.182390391826629639e-01,-7.337732315063476562e-01,4.245736077427864075e-02,6.780665516853332520e-01,0.000000000000000000e+00
2.536900043487548828e-01,-4.246290400624275208e-02,1.183882579207420349e-01,8.266316056251525879e-01,-2.249845564365386963e-01,5.158120989799499512e-01,0.000000000000000000e+00
1.548295170068740845e-01,-1.705297529697418213e-01,1.695983707904815674e-01,4.639615714550018311e-01,-4.845327436923980713e-01,7.415980696678161621e-01,0.000000000000000000e+00
-3.161406144499778748e-02,-2.844448089599609375e-01,1.669792272150516510e-02,-2.177471816539764404e-01,-9.718960523605346680e-01,-8.946609497070312500e-02,0.000000000000000000e+00
1.890338361263275146e-01,-3.726503625512123108e-02,-2.109883427619934082e-01,6.726890802383422852e-01,-1.556723862886428833e-01,-7.233640551567077637e-01,0.000000000000000000e+00
4.734420403838157654e-02,-9.385641664266586304e-02,-2.710632383823394775e-01,3.374667167663574219e-01,-4.556145891547203064e-02,-9.402341842651367188e-01,0.000000000000000000e+00
-8.602242916822433472e-02,-2.659732401371002197e-01,4.716147854924201965e-02,-2.837420701980590820e-01,-9.300438761711120605e-01,2.334711700677871704e-01,0.000000000000000000e+00
-1.355734914541244507e-01,1.216515973210334778e-01,2.184105813503265381e-01,-4.578017294406890869e-01,4.395727813243865967e-01,7.727828621864318848e-01,0.000000000000000000e+00
-6.009564921259880066e-02,-3.119442239403724670e-02,2.800656855106353760e-01,-1.981361657381057739e-01,-4.265505373477935791e-01,8.824945688247680664e-01,0.000000000000000000e+00
-1.807649582624435425e-01,-9.701820462942123413e-02,1.970907300710678101e-01,-6.480003595352172852e-01,-3.329105377197265625e-01,6.850299835205078125e-01,0.000000000000000000e+00
3.630440309643745422e-02,2.875641882419586182e-01,-1.006795372813940048e-02,1.192114055156707764e-01,9.871917366981506348e-01,-1.060242503881454468e-01,0.000000000000000000e+00
-2.761725485324859619e-01,-1.159968227148056030e-02,-9.375623613595962524e-02,-8.637435436248779297e-01,-2.131768465042114258e-01,-4.566210210323333740e-01,0.000000000000000000e+00
-2.828001081943511963e-01,-5.430655553936958313e-02,-2.339787967503070831e-02,-9.610910415649414062e-01,8.545774966478347778e-02,-2.626803517341613770e-01,0.000000000000000000e+00
8.604407310485839844e-02,1.077665612101554871e-01,-2.595821321010589600e-01,-3.137124329805374146e-02,6.763458251953125000e-01,-7.359158992767333984e-01,0.000000000000000000e+00
1.430041790008544922e-01,-1.938785463571548462e-01,-1.474579870700836182e-01,5.033895969390869141e-01,-6.878325939178466797e-01,-5.229581594467163086e-01,0.000000000000000000e+00
9.351088106632232666e-02,-7.688727229833602905e-02,-2.652372121810913086e-01,3.631713092327117920e-01,-2.432121783494949341e-01,-8.994189500808715820e-01,0.000000000000000000e+00
-2.186238467693328857e-01,1.125153154134750366e-01,-1.538250297307968140e-01,-7.458274364471435547e-01,3.776992857456207275e-01,-5.487118363380432129e-01,0.000000000000000000e+00
-1.932432353496551514e-01,-2.104253619909286499e-01,8.445817045867443085e-03,-6.507805585861206055e-01,-7.583474516868591309e-01,3.733350336551666260e-02,0.000000000000000000e+00
-7.855494320392608643e-02,2.058835923671722412e-01,1.841052174568176270e-01,-3.626565337181091309e-01,6.979511976242065430e-01,6.175308823585510254e-01,0.000000000000000000e+00
-1.596925407648086548e-01,-2.370209991931915283e-01,1.652104407548904419e-02,-5.564814805984497070e-01,-7.983522415161132812e-01,2.301348745822906494e-01,0.000000000000000000e+00
1.249468028545379639e-01,-1.423134002834558487e-02,2.516444623470306396e-01,4.503486752510070801e-01,-4.768901690840721130e-02,8.915782570838928223e-01,0.000000000000000000e+00
3.639812394976615906e-02,1.525926738977432251e-01,-2.487104684114456177e-01,-1.868537999689579010e-02,4.102522730827331543e-01,-9.117806553840637207e-01,0.000000000000000000e+00
-3.565749153494834900e-02,-2.270245701074600220e-01,1.669083386659622192e-01,-2.935186922550201416e-01,-7.363989949226379395e-01,6.095598936080932617e-01,0.000000000000000000e+00
-1.804311946034431458e-02,6.182167213410139084e-03,-2.887793481349945068e-01,-3.752921894192695618e-02,6.147760897874832153e-02,-9.974026679992675781e-01,0.000000000000000000e+00
-2.201405912637710571e-01,8.078086376190185547e-02,-1.696154922246932983e-01,-7.248616814613342285e-01,2.927237153053283691e-01,-6.236091256141662598e-01,0.000000000000000000e+00
2.163241654634475708e-01,1.867027133703231812e-01,-1.245446689426898956e-02,7.687954902648925781e-01,6.289964914321899414e-01,-1.153989508748054504e-01,0.000000000000000000e+00
-1.288638561964035034e-01,2.516292631626129150e-01,-5.290444195270538330e-02,-4.228762984275817871e-01,8.937540054321289062e-01,-1.495974063873291016e-01,0.000000000000000000e+00
1.360208392143249512e-01,2.173246443271636963e-01,1.252502351999282837e-01,4.896148443222045898e-01,7.526545524597167969e-01,4.402140676975250244e-01,0.000000000000000000e+00
-1.452369838953018188e-01,1.942227929830551147e-01,-1.627592593431472778e-01,-7.347760796546936035e-01,4.138938784599304199e-01,-5.373973846435546875e-01,0.000000000000000000e+00
-2.350355498492717743e-02,2.757315039634704590e-01,7.782071083784103394e-02,2.559131085872650146e-01,8.709177970886230469e-01,4.195362329483032227e-01,0.000000000000000000e+00
1.023844927549362183e-01,-2.315986007452011108e-01,1.288735866546630859e-01,1.812919229269027710e-01,-9.414501190185546875e-01,2.842620313167572021e-01,0.000000000000000000e+00
1.731893271207809448e-01,-6.414286047220230103e-02,-2.183201164007186890e-01,6.042743921279907227e-01,-2.553367018699645996e-01,-7.547553181648254395e-01,0.000000000000000000e+00
-6.188290193676948547e-02,-5.198465287685394287e-02,-2.760082185268402100e-01,-2.321904301643371582e-01,-1.899411529302597046e-01,-9.539444446563720703e-01,0.000000000000000000e+00
4.181542992591857910e-02,-2.134570926427841187e-01,1.792120188474655151e-01,1.735736578702926636e-01,-7.770820856094360352e-01,6.049922704696655273e-01,0.000000000000000000e+00
2.094701379537582397e-01,-7.554260641336441040e-02,-1.759950816631317139e-01,7.510191798210144043e-01,-2.751457691192626953e-01,-6.002207994461059570e-01,0.000000000000000000e+00
-9.135658293962478638e-02,-2.703281939029693604e-01,-1.238513644784688950e-02,-3.286779224872589111e-01,-9.424743652343750000e-01,-6.093383207917213440e-02,0.000000000000000000e+00
-2.114879935979843140e-01,-8.259318768978118896e-02,-1.758653968572616577e-01,-7.473616600036621094e-01,-2.927830517292022705e-01,-5.964298844337463379e-01,0.000000000000000000e+00
4.318392649292945862e-02,1.717167794704437256e-01,2.230916619300842285e-01,1.649965792894363403e-01,5.933770537376403809e-01,7.878323197364807129e-01,0.000000000000000000e+00
6.132195517420768738e-02,-2.334001958370208740e-01,1.510002315044403076e-01,1.009804010391235352e-01,-7.675423622131347656e-01,6.329941749572753906e-01,0.000000000000000000e+00
2.611312270164489746e-01,3.938885405659675598e-02,-1.051382943987846375e-01,9.252500534057617188e-01,1.357211619615554810e-01,-3.542486429214477539e-01,0.000000000000000000e+00
-2.477008700370788574e-01,1.159679219126701355e-01,8.231294900178909302e-02,-8.393099308013916016e-01,4.509070813655853271e-01,3.037130236625671387e-01,0.000000000000000000e+00
-1.845890581607818604e-01,-5.883580073714256287e-02,2.091058641672134399e-01,-6.785721778869628906e-01,-2.061251699924468994e-01,7.050192952156066895e-01,0.000000000000000000e+00
-2.481574267148971558e-01,4.259074851870536804e-02,1.338117420673370361e-01,-8.737486004829406738e-01,1.622875481843948364e-01,4.585042297840118408e-01,0.000000000000000000e+00
-2.062487751245498657e-01,-1.936683803796768188e-01,4.439381882548332214e-02,-6.960299611091613770e-01,-6.893258690834045410e-01,2.009280920028686523e-01,0.000000000000000000e+00
-3.100589103996753693e-02,2.302681654691696167e-01,1.749006956815719604e-01,1.575746238231658936e-01,7.845349311828613281e-01,5.997292399406433105e-01,0.000000000000000000e+00
2.437659651041030884e-01,-1.039431914687156677e-01,-9.706912934780120850e-02,8.643961548805236816e-01,-3.752249181270599365e-01,-3.347021639347076416e-01,0.000000000000000000e+00
1.531691104173660278e-01,-1.548099964857101440e-01,1.807020455598831177e-01,5.881589651107788086e-01,-4.629330933094024658e-01,6.631455421447753906e-01,0.000000000000000000e+00
-1.458802074193954468e-01,-2.175741642713546753e-01,-1.157984435558319092e-01,-5.151659250259399414e-01,-7.644039988517761230e-01,-3.876732885837554932e-01,0.000000000000000000e+00
-1.798675656318664551e-01,-2.138070762157440186e-01,5.573831498622894287e-02,-5.947996377944946289e-01,-7.776216864585876465e-01,2.037593275308609009e-01,0.000000000000000000e+00
4.351093247532844543e-02,-2.534214854240417480e-01,-1.243660449981689453e-01,1.685775220394134521e-01,-8.720946311950683594e-01,-4.593828022480010986e-01,0.000000000000000000e+00
5.505732446908950806e-02,-2.670930325984954834e-01,8.158115297555923462e-02,4.135007858276367188e-01,-8.843575119972229004e-01,2.166307717561721802e-01,0.000000000000000000e+00
3.398789092898368835e-02,-1.772829294204711914e-01,-2.254946380853652954e-01,1.930328458547592163e-01,-1.497628390789031982e-01,-9.696955084800720215e-01,0.000000000000000000e+00
-2.866195738315582275e-01,-2.847053110599517822e-02,-6.680186092853546143e-02,-9.524987936019897461e-01,-1.728971302509307861e-01,-2.507043182849884033e-01,0.000000000000000000e+00
8.670441806316375732e-02,2.493101954460144043e-01,1.125783920288085938e-01,2.836821973323822021e-01,8.672579526901245117e-01,4.091307818889617920e-01,0.000000000000000000e+00
1.707198023796081543e-01,-2.121136039495468140e-01,-7.413615286350250244e-02,6.210528612136840820e-01,-7.398289442062377930e-01,-2.587401270866394043e-01,0.000000000000000000e+00
-1.787821948528289795e-01,4.371566697955131531e-02,2.172705978155136108e-01,-6.445173621177673340e-01,1.248598005622625351e-02,7.644877433776855469e-01,0.000000000000000000e+00
5.915240198373794556e-02,-1.671698838472366333e-01,-2.234673202037811279e-01,1.486169397830963135e-01,-7.644332647323608398e-01,-6.273394227027893066e-01,0.000000000000000000e+00
-1.121063232421875000e-01,4.796077311038970947e-02,2.567432224750518799e-01,-3.905204832553863525e-01,1.832775026559829712e-01,9.021657705307006836e-01,0.000000000000000000e+00
-1.365290582180023193e-01,-1.449989378452301025e-01,-2.065023779869079590e-01,-4.765244126319885254e-01,-5.019543766975402832e-01,-7.217799425125122070e-01,0.000000000000000000e+00
1.972811669111251831e-01,-1.984437108039855957e-01,-2.753001265227794647e-02,7.349804639816284180e-01,-6.741908192634582520e-01,-7.259768247604370117e-02,0.000000000000000000e+00
2.472356334328651428e-02,-2.198368906974792480e-01,1.748970150947570801e-01,1.242639869451522827e-01,-7.769968509674072266e-01,6.171177625656127930e-01,0.000000000000000000e+00
2.577268779277801514e-01,-9.948109090328216553e-02,5.984661355614662170e-02,9.387655258178710938e-01,-3.182391822338104248e-01,1.320724338293075562e-01,0.000000000000000000e+00
1.444792747497558594e-01,-1.298064887523651123e-01,2.030263394117355347e-01,4.874854683876037598e-01,-4.191039502620697021e-01,7.659698128700256348e-01,0.000000000000000000e+00
-2.351233363151550293e-02,-8.159434795379638672e-02,2.708456814289093018e-01,-3.479239344596862793e-02,-3.195239603519439697e-01,9.469392299652099609e-01,0.000000000000000000e+00
1.075224205851554871e-01,-7.595045119524002075e-02,-2.568767666816711426e-01,5.757067203521728516e-01,-4.527384936809539795e-01,-6.808741688728332520e-01,0.000000000000000000e+00
2.277751713991165161e-01,1.786572933197021484e-01,-2.760380506515502930e-02,7.704757452011108398e-01,6.371522545814514160e-01,2.010223269462585449e-02,0.000000000000000000e+00
-1.402265727519989014e-01,2.478635609149932861e-01,3.167235851287841797e-02,-4.977290928363800049e-01,8.561549186706542969e-01,1.387965381145477295e-01,0.000000000000000000e+00
2.107990533113479614e-02,-1.982393711805343628e-01,1.978523433208465576e-01,8.188483119010925293e-02,-6.431911587715148926e-01,7.613146305084228516e-01,0.000000000000000000e+00
5.998736247420310974e-02,1.997814513742923737e-02,2.759699225425720215e-01,2.514562010765075684e-01,5.228526145219802856e-02,9.664553999900817871e-01,0.000000000000000000e+00
-4.489825293421745300e-02,1.709440201520919800e-01,2.285576313734054565e-01,2.948013599961996078e-03,4.101774692535400391e-01,9.120009541511535645e-01,0.000000000000000000e+00
1.938664168119430542e-02,-2.276626974344253540e-01,-1.751286387443542480e-01,2.698629498481750488e-01,-7.946702837944030762e-01,-5.437583923339843750e-01,0.000000000000000000e+00
1.552866399288177490e-01,1.373458802700042725e-01,-2.012376636266708374e-01,5.695897936820983887e-01,4.488594830036163330e-01,-6.885438561439514160e-01,0.000000000000000000e+00
-1.371973305940628052e-01,-1.460100710391998291e-01,2.043904364109039307e-01,-9.085210412740707397e-02,-4.785865843296051025e-01,8.733274340629577637e-01,0.000000000000000000e+00
2.403860837221145630e-01,-1.023150831460952759e-01,1.179778575897216797e-01,9.102988839149475098e-01,-3.779802024364471436e-01,1.687806844711303711e-01,0.000000000000000000e+00
2.491485923528671265e-01,9.506105631589889526e-02,9.609691053628921509e-02,8.534841537475585938e-01,3.545804917812347412e-01,3.818867206573486328e-01,0.000000000000000000e+00
2.130081355571746826e-01,2.191359363496303558e-02,-1.891484707593917847e-01,7.384167909622192383e-01,5.791304260492324829e-02,-6.718531847000122070e-01,0.000000000000000000e+00
-6.549583375453948975e-02,-2.796324789524078369e-01,3.244847524911165237e-03,-3.440701663494110107e-01,-9.379816055297851562e-01,4.249936714768409729e-02,0.000000000000000000e+00
-1.204037293791770935e-01,1.625001281499862671e-01,1.993014365434646606e-01,-4.251403808593750000e-01,5.708697438240051270e-01,7.023983597755432129e-01,0.000000000000000000e+00
4.721558094024658203e-02,-2.668115496635437012e-01,-8.814202994108200073e-02,2.143965214490890503e-01,-9.334599971771240234e-01,-2.875527739524841309e-01,0.000000000000000000e+00
-1.120541915297508240e-01,2.738396264612674713e-02,2.599467635154724121e-01,-4.109985828399658203e-01,1.198842078447341919e-01,9.037189483642578125e-01,0.000000000000000000e+00
2.005788832902908325e-01,5.427132546901702881e-02,-1.974663138389587402e-01,7.352818250656127930e-01,1.473145037889480591e-01,-6.615580916404724121e-01,0.000000000000000000e+00
2.234008759260177612e-01,9.327431023120880127e-02,1.445664316415786743e-01,7.907326221466064453e-01,3.439425230026245117e-01,5.064044594764709473e-01,0.000000000000000000e+00
1.310494542121887207e-01,2.320546954870223999e-01,1.028281003236770630e-01,4.930107295513153076e-01,7.920601367950439453e-01,3.599738776683807373e-01,0.000000000000000000e+00
1.225242204964160919e-02,1.440551728010177612e-01,-2.509725391864776611e-01,-7.723578251898288727e-03,4.932582676410675049e-01,-8.698486089706420898e-01,0.000000000000000000e+00
-2.243788838386535645e-01,1.439204216003417969e-01,1.009382754564285278e-01,-7.936636805534362793e-01,5.052645206451416016e-01,3.388299345970153809e-01,0.000000000000000000e+00
8.137606084346771240e-02,-2.165405154228210449e-01,-1.646651774644851685e-01,3.385480344295501709e-01,-7.383196949958801270e-01,-5.833260416984558105e-01,0.000000000000000000e+00
-6.627961993217468262e-02,7.429080456495285034e-02,2.678010463714599609e-01,-3.529625833034515381e-01,1.995531618595123291e-01,9.141093492507934570e-01,0.000000000000000000e+00
2.862103879451751709e-01,3.354207426309585571e-02,2.347761765122413635e-02,9.631925225257873535e-01,2.626847326755523682e-01,5.706968903541564941e-02,0.000000000000000000e+00
5.118080973625183105e-02,-1.150554567575454712e-01,-2.580777406692504883e-01,3.225147724151611328e-01,-4.895173609256744385e-01,-8.101586103439331055e-01,0.000000000000000000e+00
7.300820201635360718e-02,2.671946287155151367e-01,7.651302963495254517e-02,5.532678961753845215e-01,8.248309493064880371e-01,1.163983196020126343e-01,0.000000000000000000e+00
-9.737765043973922729e-02,-1.410264670848846436e-01,-2.312903255224227905e-01,-3.736892938613891602e-01,-5.039345622062683105e-01,-7.787209153175354004e-01,0.000000000000000000e+00
-4.323887825012207031e-02,-2.735894322395324707e-01,-8.891643583774566650e-02,-2.070011198520660400e-01,-8.638275861740112305e-01,-4.592956006526947021e-01,0.000000000000000000e+00
2.709585614502429962e-02,9.780423343181610107e-02,-2.712865471839904785e-01,9.766039252281188965e-02,3.373286128044128418e-01,-9.363075494766235352e-01,0.000000000000000000e+00
1.462890952825546265e-01,2.171372771263122559e-01,-1.193661093711853027e-01,4.899897575378417969e-01,7.727115750312805176e-01,-4.035180807113647461e-01,0.000000000000000000e+00
3.185490518808364868e-02,-1.402164548635482788e-01,-2.518591582775115967e-01,9.769538789987564087e-02,-7.678460478782653809e-01,-6.331414580345153809e-01,0.000000000000000000e+00
-1.195552945137023926e-01,-2.061986178159713745e-01,1.551162600517272949e-01,-3.961560428142547607e-01,-7.666559815406799316e-01,5.052711963653564453e-01,0.000000000000000000e+00
-3.848375380039215088e-02,8.025234937667846680e-02,2.764959037303924561e-01,-1.996648609638214111e-01,2.468883246183395386e-01,9.482510685920715332e-01,0.000000000000000000e+00
-2.008566856384277344e-01,2.043007165193557739e-01,7.022684440016746521e-03,-6.884803771972656250e-01,7.230458855628967285e-01,5.656345933675765991e-02,0.000000000000000000e+00
1.739657074213027954e-01,2.067957222461700439e-01,9.033983200788497925e-02,6.008418202400207520e-01,7.245290875434875488e-01,3.377080559730529785e-01,0.000000000000000000e+00
4.512659087777137756e-02,-2.207714915275573730e-01,-1.751851886510848999e-01,2.071571350097656250e-01,-7.689638137817382812e-01,-6.047979593276977539e-01,0.000000000000000000e+00
-3.749592229723930359e-02,2.767134010791778564e-01,-7.377690076828002930e-02,-2.000024318695068359e-01,9.474546909332275391e-01,-2.496569305658340454e-01,0.000000000000000000e+00
-4.171494022011756897e-02,-2.033730894327163696e-01,1.922962963581085205e-01,-2.226328253746032715e-01,-5.700010061264038086e-01,7.909067273139953613e-01,0.000000000000000000e+00
2.518160641193389893e-01,-8.042765408754348755e-02,1.118427291512489319e-01,7.779421210289001465e-01,-5.041731595993041992e-01,3.749872744083404541e-01,0.000000000000000000e+00
-2.468762695789337158e-01,-7.249731570482254028e-02,-1.271824538707733154e-01,-8.651930689811706543e-01,-2.510351538658142090e-01,-4.340763986110687256e-01,0.000000000000000000e+00
-2.583555877208709717e-01,7.069229334592819214e-02,9.997441619634628296e-02,-8.929879069328308105e-01,2.297340929508209229e-01,3.870334029197692871e-01,0.000000000000000000e+00
5.624732002615928650e-02,2.059204429388046265e-01,1.901930123567581177e-01,2.294418215751647949e-01,6.779011487960815430e-01,6.984314918518066406e-01,0.000000000000000000e+00
-1.647021174430847168e-01,1.736112982034683228e-01,1.548123508691787720e-01,-5.622394084930419922e-01,5.899494290351867676e-01,5.795226693153381348e-01,0.000000000000000000e+00
-2.146026492118835449e-01,4.718505963683128357e-02,1.808516979217529297e-01,-8.491381406784057617e-01,1.118647977709770203e-01,5.161886215209960938e-01,0.000000000000000000e+00
-4.563527181744575500e-03,-9.517911239527165890e-04,2.845754027366638184e-01,4.264906048774719238e-02,-4.730658605694770813e-02,9.979695081710815430e-01,0.000000000000000000e+00
-1.393455713987350464e-01,-2.456554025411605835e-01,-4.537660628557205200e-02,-5.059713721275329590e-01,-8.401851058006286621e-01,-1.951460987329483032e-01,0.000000000000000000e+00
2.517917454242706299e-01,-1.087517291307449341e-01,6.574250757694244385e-02,8.447254300117492676e-01,-4.957641959190368652e-01,2.016353309154510498e-01,0.000000000000000000e+00
1.617722958326339722e-01,-3.875011205673217773e-02,2.269060313701629639e-01,6.143545508384704590e-01,-1.622310727834701538e-01,7.721719741821289062e-01,0.000000000000000000e+00
-2.042542546987533569e-01,-1.842776089906692505e-01,9.283657371997833252e-02,-7.487491369247436523e-01,-5.692096352577209473e-01,3.396690487861633301e-01,0.000000000000000000e+00
-2.226964682340621948e-01,9.146229363977909088e-03,-1.809799522161483765e-01,-7.690461277961730957e-01,1.983692497014999390e-02,-6.388853788375854492e-01,0.000000000000000000e+00
-5.196363851428031921e-02,-2.498738765716552734e-01,-1.340991854667663574e-01,-2.133259922266006470e-01,-8.465369343757629395e-01,-4.877163171768188477e-01,0.000000000000000000e+00
9.910006076097488403e-02,3.703945130109786987e-02,2.613487541675567627e-01,3.916617929935455322e-01,1.112445592880249023e-01,9.133595824241638184e-01,0.000000000000000000e+00
1.287121176719665527e-01,-2.101592272520065308e-01,1.438301503658294678e-01,2.241515517234802246e-01,-9.584970474243164062e-01,1.761801689863204956e-01,0.000000000000000000e+00
2.306001931428909302e-01,1.595823317766189575e-01,-7.121668756008148193e-02,8.653343319892883301e-01,3.668653070926666260e-01,-3.414767384529113770e-01,0.000000000000000000e+00
-2.606420814990997314e-01,1.156303435564041138e-01,-7.366237789392471313e-02,-9.494621157646179199e-01,2.774916887283325195e-01,-1.466972082853317261e-01,0.000000000000000000e+00
1.718490421772003174e-01,2.349154055118560791e-01,-2.150260284543037415e-02,4.275458157062530518e-01,8.770079612731933594e-01,2.192296087741851807e-01,0.000000000000000000e+00
1.953044384717941284e-01,1.440203785896301270e-01,-1.546116173267364502e-01,7.085319757461547852e-01,4.552067816257476807e-01,-5.392302274703979492e-01,0.000000000000000000e+00
-4.100327938795089722e-02,2.750246226787567139e-01,-7.699763029813766479e-02,-1.950265765190124512e-01,9.370713829994201660e-01,-2.895891070365905762e-01,0.000000000000000000e+00
1.762653291225433350e-01,2.091958820819854736e-01,7.980102300643920898e-02,6.059964895248413086e-01,7.482613325119018555e-01,2.699503600597381592e-01,0.000000000000000000e+00
-1.695626527070999146e-01,1.686313301324844360e-01,-1.657101958990097046e-01,-5.746667385101318359e-01,5.500602722167968750e-01,-6.059635281562805176e-01,0.000000000000000000e+00
2.501837611198425293e-01,-1.214070990681648254e-01,4.496788978576660156e-02,8.975623250007629395e-01,-4.201955795288085938e-01,1.334825456142425537e-01,0.000000000000000000e+00
2.340267896652221680e-01,1.300088465213775635e-01,-1.025484949350357056e-01,8.239876627922058105e-01,4.358324110507965088e-01,-3.620696067810058594e-01,0.000000000000000000e+00
2.212732285261154175e-01,-3.739619627594947815e-02,1.685628294944763184e-01,7.652058601379394531e-01,-1.119282618165016174e-01,6.339811682701110840e-01,0.000000000000000000e+00
1.378555148839950562e-01,-1.628285497426986694e-01,1.849933266639709473e-01,4.485861659049987793e-01,-5.358640551567077637e-01,7.152762413024902344e-01,0.000000000000000000e+00
-2.898352146148681641e-01,-1.236428227275609970e-02,1.351610408164560795e-03,-9.988679885864257812e-01,-2.958854287862777710e-02,3.724666684865951538e-02,0.000000000000000000e+00
1.944174766540527344e-01,-1.858775019645690918e-01,8.694166690111160278e-02,7.070150375366210938e-01,-6.362898349761962891e-01,3.086501955986022949e-01,0.000000000000000000e+00
-2.245849370956420898e-02,2.518836557865142822e-01,1.466119289398193359e-01,1.926015913486480713e-01,8.475049138069152832e-01,4.946109652519226074e-01,0.000000000000000000e+00
2.684430778026580811e-01,9.232080727815628052e-02,2.211084403097629547e-02,9.654884338378906250e-01,2.391569763422012329e-01,1.031310856342315674e-01,0.000000000000000000e+00
-5.391290038824081421e-02,1.823761165142059326e-01,-2.194408476352691650e-01,-1.860829144716262817e-01,5.724728107452392578e-01,-7.985286712646484375e-01,0.000000000000000000e+00
-7.013425976037979126e-02,-2.439578920602798462e-01,1.242824420332908630e-01,-5.013865232467651367e-01,-7.661182880401611328e-01,4.020874500274658203e-01,0.000000000000000000e+00
1.214823219925165176e-02,-2.885667979717254639e-01,6.276209838688373566e-03,2.319842390716075897e-02,-9.606325626373291016e-01,-2.768518626689910889e-01,0.000000000000000000e+00
-2.733132541179656982e-01,-4.358074814081192017e-02,7.624577730894088745e-02,-9.484604597091674805e-01,-1.199327036738395691e-01,2.933238446712493896e-01,0.000000000000000000e+00
-8.818038552999496460e-02,2.308087199926376343e-01,-1.616466790437698364e-01,-1.425787955522537231e-01,7.090459465980529785e-01,-6.905976533889770508e-01,0.000000000000000000e+00
2.420215159654617310e-01,1.119286417961120605e-01,9.649404883384704590e-02,8.349796533584594727e-01,4.026393294334411621e-01,3.750874400138854980e-01,0.000000000000000000e+00
-3.625782579183578491e-02,8.942192047834396362e-02,2.710730135440826416e-01,-3.432279229164123535e-01,7.129870653152465820e-01,6.114279031753540039e-01,0.000000000000000000e+00
1.490050703287124634e-01,-2.272505611181259155e-01,8.070182800292968750e-02,5.203422904014587402e-01,-8.120890855789184570e-01,2.641121745109558105e-01,0.000000000000000000e+00
1.672298908233642578e-01,-1.971965134143829346e-01,1.177378892898559570e-01,4.275884926319122314e-01,-8.491763472557067871e-01,3.099476993083953857e-01,0.000000000000000000e+00
9.228488802909851074e-02,2.457014918327331543e-01,1.156841591000556946e-01,3.634003698825836182e-01,8.388803005218505859e-01,4.052406847476959229e-01,0.000000000000000000e+00
-7.740473002195358276e-02,-1.364665925502777100e-01,2.371101528406143188e-01,-3.704205751419067383e-01,-6.730474233627319336e-01,6.401529312133789062e-01,0.000000000000000000e+00
-2.003162726759910583e-02,-2.856731414794921875e-01,-5.012376978993415833e-02,-7.207406312227249146e-02,-9.960766434669494629e-01,-5.134781822562217712e-02,0.000000000000000000e+00
-2.052221000194549561e-01,1.747415512800216675e-01,9.323100000619888306e-02,-7.385467290878295898e-01,6.099362969398498535e-01,2.872741818428039551e-01,0.000000000000000000e+00
1.155970692634582520e-01,-4.980411753058433533e-02,-2.595550119876861572e-01,4.840854704380035400e-01,-6.600425243377685547e-01,-5.744606852531433105e-01,0.000000000000000000e+00
1.154520362615585327e-01,-1.306989192962646484e-01,-2.221134006977081299e-01,4.204433262348175049e-01,-4.841286242008209229e-01,-7.673636078834533691e-01,0.000000000000000000e+00
-7.077889889478683472e-02,1.856418102979660034e-01,-2.117271721363067627e-01,-2.534077167510986328e-01,5.820924043655395508e-01,-7.726272940635681152e-01,0.000000000000000000e+00
2.145029902458190918e-01,-1.825482100248336792e-01,2.554304199293255806e-03,8.020416498184204102e-01,-5.817078948020935059e-01,-1.354441642761230469e-01,0.000000000000000000e+00
1.405101418495178223e-01,2.515085041522979736e-01,-5.026314780116081238e-02,5.677579641342163086e-01,7.784654498100280762e-01,-2.676610946655273438e-01,0.000000000000000000e+00
1.274053901433944702e-01,-1.877006292343139648e-01,-1.684301942586898804e-01,4.686636030673980713e-01,-6.314095854759216309e-01,-6.177995800971984863e-01,0.000000000000000000e+00
-2.540650963783264160e-01,1.279241591691970825e-01,3.568029403686523438e-02,-8.660858869552612305e-01,4.702198207378387451e-01,1.696718186140060425e-01,0.000000000000000000e+00
1.175183653831481934e-01,-2.062702029943466187e-01,-1.536287218332290649e-01,4.354652762413024902e-01,-6.994840502738952637e-01,-5.666498541831970215e-01,0.000000000000000000e+00
-2.690193355083465576e-01,3.328035026788711548e-02,9.089297056198120117e-02,-9.279541373252868652e-01,1.110457256436347961e-01,3.557667136192321777e-01,0.000000000000000000e+00
2.169056534767150879e-01,1.336806714534759521e-01,1.242077648639678955e-01,7.909385561943054199e-01,4.238762557506561279e-01,4.412993490695953369e-01,0.000000000000000000e+00
1.417615413665771484e-01,1.501964330673217773e-01,-2.027161270380020142e-01,5.218039155006408691e-01,4.904171228408813477e-01,-6.980054974555969238e-01,0.000000000000000000e+00
-2.009985446929931641e-01,1.943081617355346680e-01,-7.880577445030212402e-02,-7.577500343322753906e-01,6.487695574760437012e-01,-7.009241729974746704e-02,0.000000000000000000e+00
9.368173032999038696e-02,-1.532587260007858276e-01,2.160340398550033569e-01,3.435762524604797363e-01,-5.451223850250244141e-01,7.647201418876647949e-01,0.000000000000000000e+00
-2.679155170917510986e-01,8.698837459087371826e-02,5.739670246839523315e-02,-9.019964337348937988e-01,3.492222130298614502e-01,2.538627386093139648e-01,0.000000000000000000e+00
1.411729604005813599e-01,1.692296266555786133e-01,1.788910180330276489e-01,4.925607442855834961e-01,5.936745405197143555e-01,6.363446116447448730e-01,0.000000000000000000e+00
2.233310043811798096e-01,-1.093426346778869629e-01,-1.342382729053497314e-01,7.970637679100036621e-01,-4.091725647449493408e-01,-4.441476762294769287e-01,0.000000000000000000e+00
2.715744674205780029e-01,-6.739991158246994019e-02,3.329104185104370117e-02,9.430001378059387207e-01,-1.763432919979095459e-01,2.822300791740417480e-01,0.000000000000000000e+00
2.861446440219879150e-01,6.182057783007621765e-03,-1.181135606020689011e-02,9.707543849945068359e-01,-6.873679161071777344e-02,-2.300242930650711060e-01,0.000000000000000000e+00
1.332830041646957397e-01,1.135013625025749207e-01,2.221806198358535767e-01,4.615252614021301270e-01,3.889804780483245850e-01,7.973008155822753906e-01,0.000000000000000000e+00
1.824406236410140991e-01,-1.445246487855911255e-01,1.658991426229476929e-01,4.851676523685455322e-01,-4.872241914272308350e-01,7.261025309562683105e-01,0.000000000000000000e+00
-7.739655673503875732e-02,-2.503415346145629883e-01,-1.183951348066329956e-01,-2.991490364074707031e-01,-8.377122282981872559e-01,-4.568895995616912842e-01,0.000000000000000000e+00
2.588703036308288574e-01,-1.009074971079826355e-01,4.840981587767601013e-02,9.336282610893249512e-01,-2.847965657711029053e-01,2.173226475715637207e-01,0.000000000000000000e+00
3.063742443919181824e-02,-4.506858997046947479e-03,2.819467186927795410e-01,1.515969038009643555e-01,-6.943272054195404053e-02,9.860007762908935547e-01,0.000000000000000000e+00
-1.116589531302452087e-01,-1.785915344953536987e-01,1.932847052812576294e-01,-2.751670479774475098e-01,-6.300571560859680176e-01,7.261618971824645996e-01,0.000000000000000000e+00
6.916557252407073975e-02,-6.884818524122238159e-02,-2.742203474044799805e-01,4.137087166309356689e-01,-2.712213397026062012e-01,-8.690708279609680176e-01,0.000000000000000000e+00
-3.579226881265640259e-02,-2.761993110179901123e-01,-7.544404268264770508e-02,1.225799918174743652e-01,-9.914051890373229980e-01,-4.571501910686492920e-02,0.000000000000000000e+00
-1.106304377317428589e-01,-1.818077862262725830e-01,1.904565691947937012e-01,-2.739012539386749268e-01,-6.884866952896118164e-01,6.715386509895324707e-01,0.000000000000000000e+00
-1.117678880691528320e-01,-1.753467619419097900e-01,1.963052302598953247e-01,-2.084138542413711548e-01,-6.923601627349853516e-01,6.907974481582641602e-01,0.000000000000000000e+00
-6.496600806713104248e-02,2.597465813159942627e-01,1.049637198448181152e-01,-2.164605259895324707e-01,9.030951857566833496e-01,3.708960711956024170e-01,0.000000000000000000e+00
-4.060987010598182678e-02,2.697697281837463379e-01,9.527007490396499634e-02,-2.098449766635894775e-01,9.440274238586425781e-01,2.545138299465179443e-01,0.000000000000000000e+00
-6.975458562374114990e-02,-2.331750988960266113e-01,-1.547422260046005249e-01,-2.751896083354949951e-01,-7.628971934318542480e-01,-5.850286483764648438e-01,0.000000000000000000e+00
2.804790437221527100e-01,6.712382286787033081e-02,1.465951930731534958e-02,9.521867036819458008e-01,2.804316878318786621e-01,1.212373450398445129e-01,0.000000000000000000e+00
-1.196784339845180511e-02,-2.660837471485137939e-01,-1.164202988147735596e-01,5.853079631924629211e-02,-9.311823248863220215e-01,-3.598244190216064453e-01,0.000000000000000000e+00
1.318684071302413940e-01,-2.500893175601959229e-01,4.233608487993478775e-03,5.030132532119750977e-01,-8.638194203376770020e-01,2.817219495773315430e-02,0.000000000000000000e+00
-2.673137485980987549e-01,9.278649836778640747e-02,5.095926299691200256e-02,-9.100291132926940918e-01,3.575138151645660400e-01,2.098353207111358643e-01,0.000000000000000000e+00
-6.434567272663116455e-02,-1.668357402086257935e-01,-2.256115525960922241e-01,-2.357182502746582031e-01,-5.979626774787902832e-01,-7.660793662071228027e-01,0.000000000000000000e+00
-1.183491572737693787e-01,-2.077509164810180664e-01,-1.592800766229629517e-01,-4.214756190776824951e-01,-7.328136563301086426e-01,-5.341745615005493164e-01,0.000000000000000000e+00
1.522702276706695557e-01,1.766577810049057007e-01,1.623626202344894409e-01,5.547104477882385254e-01,5.803999304771423340e-01,5.961813330650329590e-01,0.000000000000000000e+00
6.572046875953674316e-02,-1.185933873057365417e-01,2.461523264646530151e-01,2.161749601364135742e-01,-4.315183460712432861e-01,8.758198022842407227e-01,0.000000000000000000e+00
1.252618581056594849e-01,-9.663244709372520447e-03,2.516406178474426270e-01,4.280192255973815918e-01,-1.939938776195049286e-02,9.035614132881164551e-01,0.000000000000000000e+00
-2.305126935243606567e-01,-6.371413916349411011e-02,-1.587591022253036499e-01,-8.099807500839233398e-01,-2.170173823833465576e-01,-5.448253154754638672e-01,0.000000000000000000e+00
-1.150894612073898315e-01,2.496900856494903564e-01,-8.851766586303710938e-02,-3.626784086227416992e-01,8.979449272155761719e-01,-2.493175715208053589e-01,0.000000000000000000e+00
-1.155849453061819077e-02,1.797846332192420959e-02,-2.882962524890899658e-01,-3.752921894192695618e-02,6.147760897874832153e-02,-9.974026679992675781e-01,0.000000000000000000e+00
1.274867057800292969e-01,1.849261671304702759e-01,-1.818438470363616943e-01,4.122285842895507812e-01,6.549175381660461426e-01,-6.333645582199096680e-01,0.000000000000000000e+00
2.304290086030960083e-01,7.304603233933448792e-03,1.615227311849594116e-01,7.846586108207702637e-01,-1.402968913316726685e-02,6.197693347930908203e-01,0.000000000000000000e+00
2.289673238992691040e-01,5.519822612404823303e-02,1.557483971118927002e-01,7.983677387237548828e-01,2.200511842966079712e-01,5.605233907699584961e-01,0.000000000000000000e+00
