-8.853046894073486328e-01,-6.104951607994735241e-04,-2.142981737852096558e-01,-9.906757473945617676e-01,-9.715449064970016479e-02,-9.551219642162322998e-02,0.000000000000000000e+00
5.907947421073913574e-01,1.374928057193756104e-01,-4.094147384166717529e-01,1.083773896098136902e-01,-9.376012533903121948e-02,-9.896784424781799316e-01,0.000000000000000000e+00
-4.655406773090362549e-01,-9.091689437627792358e-02,4.118606448173522949e-01,-1.607101857662200928e-01,1.130821183323860168e-01,9.805022478103637695e-01,0.000000000000000000e+00
8.255507051944732666e-02,-5.485446378588676453e-02,4.699140191078186035e-01,-5.895619839429855347e-02,1.241505220532417297e-01,9.905104041099548340e-01,0.000000000000000000e+00
-2.196211069822311401e-01,-2.031672894954681396e-01,1.983509212732315063e-01,1.016519293189048767e-01,-9.753564596176147461e-01,1.958231478929519653e-01,0.000000000000000000e+00
-3.879120945930480957e-01,-1.910456568002700806e-01,3.456209301948547363e-01,1.095221564173698425e-01,-9.707372188568115234e-01,2.137150168418884277e-01,0.000000000000000000e+00
-2.696324288845062256e-01,-2.867742180824279785e-01,-3.801007866859436035e-01,1.419621407985687256e-01,-9.888073801994323730e-01,4.589956998825073242e-02,0.000000000000000000e+00
-3.332543373107910156e-01,-2.405470907688140869e-01,5.108549818396568298e-02,3.084934875369071960e-02,-9.889323711395263672e-01,1.451243460178375244e-01,0.000000000000000000e+00
2.856886684894561768e-01,-1.993645131587982178e-01,-2.087340056896209717e-01,1.377841383218765259e-01,-9.892789125442504883e-01,4.840205237269401550e-02,0.000000000000000000e+00
2.743912339210510254e-01,-1.937596201896667480e-01,-1.089405193924903870e-01,1.369438767433166504e-01,-9.851627945899963379e-01,1.034437939524650574e-01,0.000000000000000000e+00
6.966655850410461426e-01,3.405766189098358154e-01,4.282377660274505615e-02,-4.374413937330245972e-02,9.866207242012023926e-01,-1.570539623498916626e-01,0.000000000000000000e+00
-4.628379046916961670e-01,-1.437680870294570923e-01,-4.886477589607238770e-01,1.414866745471954346e-01,-1.820003986358642578e-01,-9.730659723281860352e-01,0.000000000000000000e+00
-6.091454625129699707e-01,-2.566345036029815674e-01,8.630222827196121216e-02,1.044191867113113403e-01,-9.673984646797180176e-01,2.307310551404953003e-01,0.000000000000000000e+00
4.066981375217437744e-01,-9.178663045167922974e-02,3.544349074363708496e-01,1.200005710124969482e-01,-9.614301919937133789e-01,2.474910616874694824e-01,0.000000000000000000e+00
-8.402885794639587402e-01,-7.539089024066925049e-02,-5.178282856941223145e-01,-9.755306243896484375e-01,-1.982691735029220581e-01,-9.502309560775756836e-02,0.000000000000000000e+00
-2.916473895311355591e-02,-2.499509155750274658e-01,-4.045641720294952393e-01,1.831220984458923340e-01,-9.117540717124938965e-01,-3.676558732986450195e-01,0.000000000000000000e+00
7.879330515861511230e-01,5.739585030823945999e-03,5.248237252235412598e-01,1.540284454822540283e-01,-9.215067028999328613e-01,3.565118014812469482e-01,0.000000000000000000e+00
8.307880163192749023e-01,1.836050599813461304e-01,8.598492294549942017e-02,9.753472805023193359e-01,1.977897584438323975e-01,9.786143898963928223e-02,0.000000000000000000e+00
1.688351631164550781e-01,2.130255103111267090e-01,-2.348432093858718872e-01,-1.394194215536117554e-01,9.641079306602478027e-01,-2.259603887796401978e-01,0.000000000000000000e+00
6.305031180381774902e-01,-1.467443555593490601e-01,-3.158317208290100098e-01,1.472145617008209229e-01,-9.891031384468078613e-01,-1.692672492936253548e-03,0.000000000000000000e+00
1.167612075805664062e-01,1.910825520753860474e-01,4.387387335300445557e-01,-8.876898884773254395e-02,1.777551174163818359e-01,9.800628423690795898e-01,0.000000000000000000e+00
8.756587505340576172e-01,8.486317843198776245e-02,-2.019832134246826172e-01,9.862842559814453125e-01,1.550560742616653442e-01,5.657747387886047363e-02,0.000000000000000000e+00
7.829726487398147583e-02,1.364208459854125977e-01,-4.582856595516204834e-01,-4.027932137250900269e-02,4.824424386024475098e-01,-8.750010728836059570e-01,0.000000000000000000e+00
-7.946176528930664062e-01,-3.356051743030548096e-01,-4.358740448951721191e-01,-8.585187792778015137e-01,-4.725186228752136230e-01,-1.991775035858154297e-01,0.000000000000000000e+00
8.231807500123977661e-02,-2.314989864826202393e-01,-2.788275480270385742e-01,1.603819131851196289e-01,-9.869734048843383789e-01,1.269508153200149536e-02,0.000000000000000000e+00
2.976552844047546387e-01,2.932362556457519531e-01,4.363758265972137451e-01,-1.623380035161972046e-01,5.317527651786804199e-01,8.311951756477355957e-01,0.000000000000000000e+00
-7.061588168144226074e-01,-2.734993398189544678e-01,-4.991797208786010742e-01,1.427745223045349121e-01,-1.748528331518173218e-01,-9.741878509521484375e-01,0.000000000000000000e+00
6.988999247550964355e-02,1.965819299221038818e-01,-2.377209216356277466e-01,-1.563458442687988281e-01,9.633506536483764648e-01,-2.179711908102035522e-01,0.000000000000000000e+00
-8.794487118721008301e-01,4.201029241085052490e-02,-2.143705934286117554e-01,-6.988808512687683105e-01,6.759566664695739746e-01,-2.337695807218551636e-01,0.000000000000000000e+00
-1.695087850093841553e-01,1.024818867444992065e-01,4.201631844043731689e-01,-1.122026443481445312e-01,1.338343471288681030e-01,9.846313595771789551e-01,0.000000000000000000e+00
8.392697572708129883e-01,2.652681767940521240e-01,-3.855508565902709961e-01,-3.703179657459259033e-01,7.728327512741088867e-01,-5.153582692146301270e-01,0.000000000000000000e+00
6.636780500411987305e-01,1.195136010646820068e-01,5.216606855392456055e-01,-1.362756192684173584e-01,7.077743113040924072e-02,9.881393909454345703e-01,0.000000000000000000e+00
-6.552417278289794922e-01,-1.927867978811264038e-01,4.020709097385406494e-01,-1.057693287730216980e-01,1.098949387669563293e-01,9.882995486259460449e-01,0.000000000000000000e+00
-3.148714080452919006e-02,1.479092836380004883e-01,-3.717976212501525879e-01,-1.502894908189773560e-01,9.609336256980895996e-01,-2.324211448431015015e-01,0.000000000000000000e+00
7.551496475934982300e-02,-1.639535874128341675e-01,2.309813499450683594e-01,1.173023506999015808e-01,-9.589986205101013184e-01,2.579957544803619385e-01,0.000000000000000000e+00
-7.147369980812072754e-01,-3.154683411121368408e-01,-1.585110872983932495e-01,1.646659225225448608e-01,-9.716089963912963867e-01,1.698856651782989502e-01,0.000000000000000000e+00
-2.324681431055068970e-01,2.169439196586608887e-01,2.431262284517288208e-01,-1.010352447628974915e-01,9.913482069969177246e-01,-8.378875255584716797e-02,0.000000000000000000e+00
-3.053405582904815674e-01,9.217541664838790894e-02,-4.334476292133331299e-01,-1.560544073581695557e-01,9.650483131408691406e-01,-2.105440050363540649e-01,0.000000000000000000e+00
-3.009968698024749756e-01,1.545890569686889648e-01,-1.028512567281723022e-01,-2.811909914016723633e-01,9.441340565681457520e-01,-1.718793511390686035e-01,0.000000000000000000e+00
2.961911857128143311e-01,-1.887008696794509888e-01,-8.972322940826416016e-02,1.425697803497314453e-01,-9.828416705131530762e-01,1.170303821563720703e-01,0.000000000000000000e+00
4.735809564590454102e-01,-1.696024239063262939e-01,-2.010743618011474609e-01,1.580039560794830322e-01,-9.864733815193176270e-01,4.364676401019096375e-02,0.000000000000000000e+00
4.932481348514556885e-01,3.372555673122406006e-01,2.468341588973999023e-01,-1.442715525627136230e-01,9.880191087722778320e-01,-5.480795726180076599e-02,0.000000000000000000e+00
8.556762337684631348e-01,4.450380057096481323e-02,1.159317493438720703e-01,9.819477796554565430e-01,1.595228761434555054e-01,1.016417592763900757e-01,0.000000000000000000e+00
1.889756172895431519e-01,-1.029225364327430725e-01,4.114556610584259033e-01,1.238885447382926941e-01,-9.531899690628051758e-01,2.758269011974334717e-01,0.000000000000000000e+00
-5.072669982910156250e-01,1.032195612788200378e-01,-1.677411943674087524e-01,-1.961069852113723755e-01,9.684546589851379395e-01,-1.537454724311828613e-01,0.000000000000000000e+00
7.121152430772781372e-02,-2.265441119670867920e-01,-1.589780896902084351e-01,1.354738622903823853e-01,-9.874390363693237305e-01,8.130761981010437012e-02,0.000000000000000000e+00
-5.967841744422912598e-01,8.301836997270584106e-02,-1.871550083160400391e-01,-1.753000617027282715e-01,9.733988642692565918e-01,-1.475282758474349976e-01,0.000000000000000000e+00
8.024855256080627441e-01,3.007165491580963135e-01,-2.238718718290328979e-01,1.746293343603610992e-02,9.876611232757568359e-01,-1.556294560432434082e-01,0.000000000000000000e+00
-7.068821191787719727e-01,1.354772597551345825e-01,2.906609177589416504e-01,-1.981691569089889526e-01,9.676824212074279785e-01,-1.559478193521499634e-01,0.000000000000000000e+00
1.218510121107101440e-01,2.218957841396331787e-01,-1.588204950094223022e-01,-1.657095402479171753e-01,9.667032957077026367e-01,-1.950001567602157593e-01,0.000000000000000000e+00
5.352290868759155273e-01,-2.571560814976692200e-02,-3.951899707317352295e-01,1.143903285264968872e-01,-1.702414453029632568e-01,-9.787403941154479980e-01,0.000000000000000000e+00
4.802300035953521729e-02,-2.278888970613479614e-01,-1.397350728511810303e-01,1.278498470783233643e-01,-9.861735105514526367e-01,1.054332852363586426e-01,0.000000000000000000e+00
8.230049014091491699e-01,2.415391206741333008e-01,4.718086123466491699e-02,9.745339155197143555e-01,1.998044848442077637e-01,1.017930060625076294e-01,0.000000000000000000e+00
6.686043739318847656e-01,-1.402625590562820435e-01,-2.794653773307800293e-01,1.606795787811279297e-01,-9.868602752685546875e-01,1.699675433337688446e-02,0.000000000000000000e+00
1.434803158044815063e-01,2.675591707229614258e-01,1.134369820356369019e-01,-1.645568013191223145e-01,9.797273874282836914e-01,-1.142600178718566895e-01,0.000000000000000000e+00
-2.951416969299316406e-01,3.540795668959617615e-02,-4.920697808265686035e-01,1.193796470761299133e-01,-1.200571730732917786e-01,-9.855631589889526367e-01,0.000000000000000000e+00
-4.973287582397460938e-01,1.435620486736297607e-01,7.286871969699859619e-02,-2.094781845808029175e-01,9.652027487754821777e-01,-1.565328091382980347e-01,0.000000000000000000e+00
8.222613334655761719e-01,2.890098690986633301e-01,-9.474864602088928223e-02,8.090379238128662109e-01,5.866554975509643555e-01,3.595790639519691467e-02,0.000000000000000000e+00
-5.979892611503601074e-01,1.024236455559730530e-01,-5.420736968517303467e-02,-1.355616152286529541e-01,9.764665365219116211e-01,-1.677382290363311768e-01,0.000000000000000000e+00
4.264792203903198242e-01,-1.776408404111862183e-01,-2.143716812133789062e-01,1.492437571287155151e-01,-9.884343147277832031e-01,2.690553478896617889e-02,0.000000000000000000e+00
-7.674250006675720215e-01,-2.856371402740478516e-01,-5.070420503616333008e-01,1.970422714948654175e-01,-1.230189949274063110e-01,-9.726462364196777344e-01,0.000000000000000000e+00
-2.305111289024353027e-01,-1.509351879358291626e-01,4.324409663677215576e-01,1.138053685426712036e-01,-9.529246687889099121e-01,2.810389697551727295e-01,0.000000000000000000e+00
5.736728906631469727e-01,3.423662781715393066e-01,1.529876440763473511e-01,-1.464733034372329712e-01,9.822356104850769043e-01,-1.172978058457374573e-01,0.000000000000000000e+00
-9.369938969612121582e-01,6.443512439727783203e-02,2.577488124370574951e-01,-9.824355244636535645e-01,-1.573358178138732910e-01,-1.003285795450210571e-01,0.000000000000000000e+00
-3.261775970458984375e-01,5.468452349305152893e-02,-4.979806542396545410e-01,1.352802664041519165e-01,-7.285800576210021973e-02,-9.881249666213989258e-01,0.000000000000000000e+00
-6.780370473861694336e-01,-2.289260476827621460e-01,3.136427700519561768e-01,1.274189502000808716e-01,-9.853672981262207031e-01,1.132062748074531555e-01,0.000000000000000000e+00
4.023320972919464111e-01,-1.646438539028167725e-01,-1.793433539569377899e-02,1.472049504518508911e-01,-9.813210964202880859e-01,1.238532066345214844e-01,0.000000000000000000e+00
-5.633877590298652649e-02,-3.391378372907638550e-02,4.513110518455505371e-01,-1.420928835868835449e-01,1.045606583356857300e-01,9.843153357505798340e-01,0.000000000000000000e+00
-2.398372143507003784e-01,-2.694342732429504395e-01,-2.042674273252487183e-01,5.491835996508598328e-02,-9.945589900016784668e-01,8.852335810661315918e-02,0.000000000000000000e+00
2.016977518796920776e-01,-1.162180006504058838e-01,-4.176076054573059082e-01,1.238725408911705017e-01,-1.672493368387222290e-01,-9.781018495559692383e-01,0.000000000000000000e+00
-1.831337362527847290e-01,-2.727091014385223389e-01,-3.345622122287750244e-01,1.034020483493804932e-01,-9.941140413284301758e-01,3.233092650771141052e-02,0.000000000000000000e+00
-3.378719389438629150e-01,-2.681622207164764404e-01,-1.203426793217658997e-01,1.250298041850328445e-02,-9.923925995826721191e-01,1.224767342209815979e-01,0.000000000000000000e+00
-7.128425836563110352e-01,5.563645809888839722e-02,-2.832545638084411621e-01,-4.075284674763679504e-02,9.768283963203430176e-01,-2.101082801818847656e-01,0.000000000000000000e+00
1.225968524813652039e-01,-1.078988462686538696e-01,4.228065013885498047e-01,1.211072430014610291e-01,-9.511519074440002441e-01,2.839772701263427734e-01,0.000000000000000000e+00
2.281084954738616943e-01,-1.970553696155548096e-01,-7.951315492391586304e-02,1.420720815658569336e-01,-9.828409552574157715e-01,1.176399514079093933e-01,0.000000000000000000e+00
-1.175100281834602356e-01,-2.255278974771499634e-01,1.663457043468952179e-02,1.014367863535881042e-01,-9.810429811477661133e-01,1.651218235492706299e-01,0.000000000000000000e+00
-2.952835150063037872e-02,1.935295611619949341e-01,-1.720532476902008057e-01,-1.523766219615936279e-01,9.700075984001159668e-01,-1.893847584724426270e-01,0.000000000000000000e+00
4.238645434379577637e-01,1.077323481440544128e-01,4.843861460685729980e-01,-1.725778132677078247e-01,1.148111894726753235e-01,9.782817959785461426e-01,0.000000000000000000e+00
8.390356898307800293e-01,2.028813660144805908e-01,-3.885073959827423096e-01,1.240751296281814575e-01,-1.184400543570518494e-01,-9.851788282394409180e-01,0.000000000000000000e+00
2.609328031539916992e-01,-1.057252287864685059e-01,3.693377971649169922e-01,1.256147474050521851e-01,-9.548945426940917969e-01,2.690674364566802979e-01,0.000000000000000000e+00
-3.992490470409393311e-01,1.970008760690689087e-01,3.218376040458679199e-01,-1.483812183141708374e-01,9.836023449897766113e-01,-1.025155559182167053e-01,0.000000000000000000e+00
8.435379862785339355e-01,1.748472601175308228e-01,-1.959253288805484772e-02,9.754172563552856445e-01,1.962173730134963989e-01,1.002994105219841003e-01,0.000000000000000000e+00
4.944415688514709473e-01,3.383976519107818604e-01,2.688963115215301514e-01,-1.538919806480407715e-01,9.871729612350463867e-01,-4.250603541731834412e-02,0.000000000000000000e+00
2.040437608957290649e-01,1.092969626188278198e-01,-4.467427432537078857e-01,1.071912497282028198e-01,-9.119654446840286255e-02,-9.900470972061157227e-01,0.000000000000000000e+00
-6.031689047813415527e-01,-2.236957997083663940e-01,2.952748239040374756e-01,1.040727272629737854e-01,-9.813975095748901367e-01,1.613313108682632446e-01,0.000000000000000000e+00
7.744007706642150879e-01,3.144036233425140381e-01,-1.353553384542465210e-01,3.097760491073131561e-02,9.910858869552612305e-01,-1.295728832483291626e-01,0.000000000000000000e+00
2.098910361528396606e-01,-8.464920334517955780e-03,-4.334259331226348877e-01,1.161370798945426941e-01,-1.243685036897659302e-01,-9.854159951210021973e-01,0.000000000000000000e+00
-8.131310939788818359e-01,4.442439880222082138e-03,-5.159851312637329102e-01,-1.103298813104629517e-01,9.816578626632690430e-01,-1.554837673902511597e-01,0.000000000000000000e+00
1.876186877489089966e-01,-1.980939954519271851e-01,-4.197442159056663513e-02,1.337883025407791138e-01,-9.822338819503784180e-01,1.315950006246566772e-01,0.000000000000000000e+00
-5.228390097618103027e-01,1.402768939733505249e-01,8.674982935190200806e-02,-2.132196128368377686e-01,9.645146727561950684e-01,-1.557205319404602051e-01,0.000000000000000000e+00
8.870770335197448730e-01,-1.341289561241865158e-02,-1.381981372833251953e-01,9.907076954841613770e-01,1.202008053660392761e-01,6.364021450281143188e-02,0.000000000000000000e+00
-8.691934347152709961e-01,-6.740671396255493164e-02,-2.830863595008850098e-01,-9.806354641914367676e-01,-1.612726897001266479e-01,-1.111090928316116333e-01,0.000000000000000000e+00
8.740719556808471680e-01,1.283479928970336914e-01,-3.019146025180816650e-01,9.831451177597045898e-01,1.758913993835449219e-01,4.987916722893714905e-02,0.000000000000000000e+00
-3.940702974796295166e-01,9.324752539396286011e-02,-3.531213104724884033e-01,-1.734383553266525269e-01,9.680359363555908203e-01,-1.811781227588653564e-01,0.000000000000000000e+00
5.185611844062805176e-01,3.434321284294128418e-01,2.961604595184326172e-01,-2.041038721799850464e-01,9.785360097885131836e-01,-2.844124287366867065e-02,0.000000000000000000e+00
-7.279959917068481445e-01,-2.969204783439636230e-01,-4.736416041851043701e-02,1.604554802179336548e-01,-9.695286154747009277e-01,1.851169168949127197e-01,0.000000000000000000e+00
4.747014641761779785e-01,3.036007881164550781e-01,-1.593259908258914948e-02,-1.614239513874053955e-01,9.732040762901306152e-01,-1.637561619281768799e-01,0.000000000000000000e+00
6.505616307258605957e-01,2.765057086944580078e-01,-2.549150288105010986e-01,-1.420870274305343628e-01,9.557074308395385742e-01,-2.577490508556365967e-01,0.000000000000000000e+00
7.669531106948852539e-01,2.615115344524383545e-01,4.680140018463134766e-01,9.686449766159057617e-01,2.277427464723587036e-01,9.929857403039932251e-02,0.000000000000000000e+00
7.904228568077087402e-01,3.999749198555946350e-03,5.192509293556213379e-01,1.540284454822540283e-01,-9.215067028999328613e-01,3.565118014812469482e-01,0.000000000000000000e+00
1.847720444202423096e-01,2.744856774806976318e-01,1.124380677938461304e-01,-1.694402098655700684e-01,9.791563749313354492e-01,-1.119945198297500610e-01,0.000000000000000000e+00
7.095541357994079590e-01,3.658675849437713623e-01,2.016787976026535034e-01,-9.679961204528808594e-02,9.838839769363403320e-01,-1.503400504589080811e-01,0.000000000000000000e+00
1.360105872154235840e-01,7.562994211912155151e-02,4.590286910533905029e-01,-7.749013602733612061e-02,1.405182033777236938e-01,9.870409965515136719e-01,0.000000000000000000e+00
3.731881976127624512e-01,3.192023932933807373e-01,2.913178503513336182e-01,-1.565500646829605103e-01,9.871201515197753906e-01,-3.295207396149635315e-02,0.000000000000000000e+00
-5.888056755065917969e-01,8.038458973169326782e-02,3.765377700328826904e-01,-8.597180992364883423e-02,1.290554404258728027e-01,9.879035949707031250e-01,0.000000000000000000e+00
6.622772216796875000e-01,3.231869339942932129e-01,-4.653240367770195007e-02,-9.883395582437515259e-02,9.789475798606872559e-01,-1.785873621702194214e-01,0.000000000000000000e+00
8.522141575813293457e-01,-6.095645949244499207e-02,2.512439899146556854e-02,3.237343728542327881e-01,-9.323971271514892578e-01,1.607222110033035278e-01,0.000000000000000000e+00
5.819088816642761230e-01,2.070728391408920288e-01,4.969913363456726074e-01,-1.589802950620651245e-01,1.743190735578536987e-01,9.717706441879272461e-01,0.000000000000000000e+00
5.893177986145019531e-01,-6.843209266662597656e-02,3.496753871440887451e-01,1.366149336099624634e-01,-9.633818268775939941e-01,2.307202368974685669e-01,0.000000000000000000e+00
2.504146099090576172e-01,-1.777871698141098022e-01,4.178766533732414246e-02,1.367459744215011597e-01,-9.785663485527038574e-01,1.539753675460815430e-01,0.000000000000000000e+00
7.530740499496459961e-01,3.572539687156677246e-01,3.897826969623565674e-01,9.650154709815979004e-01,2.307452559471130371e-01,1.245059892535209656e-01,0.000000000000000000e+00
5.778703689575195312e-01,3.530573546886444092e-01,2.799392342567443848e-01,-1.640571802854537964e-01,9.852750897407531738e-01,-4.814783111214637756e-02,0.000000000000000000e+00
7.466365098953247070e-01,-4.684586822986602783e-02,3.279623389244079590e-01,2.393387407064437866e-01,-9.579776525497436523e-01,1.581005007028579712e-01,0.000000000000000000e+00
6.900327801704406738e-01,3.729030787944793701e-01,3.983740210533142090e-01,-2.520687580108642578e-01,9.603116512298583984e-01,1.194273680448532104e-01,0.000000000000000000e+00
-7.742262482643127441e-01,-3.635624349117279053e-01,-3.818773627281188965e-01,3.821223974227905273e-01,-8.916529417037963867e-01,2.427705377340316772e-01,0.000000000000000000e+00
5.574583411216735840e-01,3.327867090702056885e-01,9.571585804224014282e-02,-1.469214260578155518e-01,9.812624454498291016e-01,-1.246517375111579895e-01,0.000000000000000000e+00
8.577217459678649902e-01,1.375305950641632080e-01,-8.692929148674011230e-02,9.765352010726928711e-01,1.923969984054565430e-01,9.675958007574081421e-02,0.000000000000000000e+00
6.992028951644897461e-01,-3.455137833952903748e-02,4.223181307315826416e-01,1.378291696310043335e-01,-9.592206478118896484e-01,2.467770129442214966e-01,0.000000000000000000e+00
3.197457641363143921e-02,1.031887829303741455e-01,-4.642482399940490723e-01,1.103513613343238831e-01,-4.618601500988006592e-02,-9.928189516067504883e-01,0.000000000000000000e+00
-8.971967697143554688e-01,-9.455099701881408691e-02,7.664120197296142578e-02,-9.801946282386779785e-01,-1.846752464771270752e-01,-7.150875777006149292e-02,0.000000000000000000e+00
-7.006461173295974731e-02,-1.798645704984664917e-01,2.319533228874206543e-01,1.024844646453857422e-01,-9.701523780822753906e-01,2.197756171226501465e-01,0.000000000000000000e+00
-2.857198715209960938e-01,-2.131508663296699524e-02,-4.840795099735260010e-01,1.073037981986999512e-01,-1.221528723835945129e-01,-9.866937398910522461e-01,0.000000000000000000e+00
4.924564361572265625e-01,-1.496653407812118530e-01,-1.102663390338420868e-02,1.587221175432205200e-01,-9.796904921531677246e-01,1.225311234593391418e-01,0.000000000000000000e+00
7.638952732086181641e-01,3.022073209285736084e-01,4.185736775398254395e-01,9.672277569770812988e-01,1.984692215919494629e-01,1.583678722381591797e-01,0.000000000000000000e+00
4.665849208831787109e-01,3.039898872375488281e-01,-5.698616150766611099e-03,-1.555556654930114746e-01,9.736252427101135254e-01,-1.669020652770996094e-01,0.000000000000000000e+00
-2.365770339965820312e-01,-2.747717499732971191e-01,-2.670744657516479492e-01,1.337900310754776001e-01,-9.870991110801696777e-01,8.795184642076492310e-02,0.000000000000000000e+00
-7.488706707954406738e-01,8.130689710378646851e-02,-7.392092049121856689e-02,-7.108275592327117920e-02,9.912878870964050293e-01,-1.108852848410606384e-01,0.000000000000000000e+00
8.598752617835998535e-01,2.098996192216873169e-01,-2.862083315849304199e-01,9.873600006103515625e-01,1.407616138458251953e-01,7.284493744373321533e-02,0.000000000000000000e+00
2.778881490230560303e-01,2.774241268634796143e-01,1.436799392104148865e-02,-1.566773653030395508e-01,9.777951240539550781e-01,-1.391722708940505981e-01,0.000000000000000000e+00
-7.062858343124389648e-01,1.302391737699508667e-01,2.555968463420867920e-01,-1.878004372119903564e-01,9.694347381591796875e-01,-1.578837782144546509e-01,0.000000000000000000e+00
-4.303576052188873291e-01,1.591496318578720093e-01,7.859572023153305054e-02,-2.098937481641769409e-01,9.655065536499023438e-01,-1.540835946798324585e-01,0.000000000000000000e+00
4.314928054809570312e-01,2.849739603698253632e-02,4.954505562782287598e-01,-1.546000838279724121e-01,1.316644400358200073e-01,9.791646003723144531e-01,0.000000000000000000e+00
-8.243749141693115234e-01,-2.607228457927703857e-01,-3.837622702121734619e-01,-9.745428562164306641e-01,-1.853193491697311401e-01,-1.261863559484481812e-01,0.000000000000000000e+00
2.594113647937774658e-01,1.925742924213409424e-01,-3.599951267242431641e-01,-1.264039874076843262e-01,9.582294225692749023e-01,-2.565508782863616943e-01,0.000000000000000000e+00
-6.370093822479248047e-01,-1.000673994421958923e-01,3.929104208946228027e-01,-1.124098300933837891e-01,1.113243028521537781e-01,9.874061346054077148e-01,0.000000000000000000e+00
8.952398300170898438e-01,-3.391019999980926514e-02,-2.407807558774948120e-01,9.881030321121215820e-01,1.436643898487091064e-01,5.489012226462364197e-02,0.000000000000000000e+00
7.557089626789093018e-02,2.616403400897979736e-01,1.634120345115661621e-01,-1.659137308597564697e-01,9.800305962562561035e-01,-1.096022054553031921e-01,0.000000000000000000e+00
-6.535601019859313965e-01,-2.954935133457183838e-01,-1.003020256757736206e-01,1.159505024552345276e-01,-9.772877097129821777e-01,1.773816645145416260e-01,0.000000000000000000e+00
3.860533833503723145e-01,-1.035457178950309753e-01,3.190736174583435059e-01,1.151988953351974487e-01,-9.669489860534667969e-01,2.274617850780487061e-01,0.000000000000000000e+00
-8.293604254722595215e-01,-3.853415697813034058e-02,-5.392457842826843262e-01,5.815231241285800934e-03,-7.292278110980987549e-02,-9.973206520080566406e-01,0.000000000000000000e+00
1.508039981126785278e-01,-2.207598686218261719e-01,-2.541135251522064209e-01,1.490605771541595459e-01,-9.883337020874023438e-01,3.126319125294685364e-02,0.000000000000000000e+00
-3.321133926510810852e-02,2.557339668273925781e-01,3.948690593242645264e-01,-1.725727468729019165e-01,9.298707842826843262e-01,3.248983621597290039e-01,0.000000000000000000e+00
4.771603345870971680e-01,3.224450945854187012e-01,1.097169294953346252e-01,-1.318211257457733154e-01,9.861868023872375488e-01,-1.002932488918304443e-01,0.000000000000000000e+00
-4.554089903831481934e-01,1.496918052434921265e-01,5.405449867248535156e-02,-2.128656357526779175e-01,9.644318819046020508e-01,-1.567144095897674561e-01,0.000000000000000000e+00
-3.831960260868072510e-01,-2.586597502231597900e-01,-3.453456610441207886e-02,9.089548885822296143e-02,-9.829497933387756348e-01,1.598364412784576416e-01,0.000000000000000000e+00
-7.309641838073730469e-01,-3.079277575016021729e-01,-1.025677025318145752e-01,1.596289277076721191e-01,-9.698343873023986816e-01,1.842278838157653809e-01,0.000000000000000000e+00
2.158495336771011353e-01,2.263811230659484863e-01,-2.082521617412567139e-01,-1.429327428340911865e-01,9.646312594413757324e-01,-2.214875072240829468e-01,0.000000000000000000e+00
6.371235251426696777e-01,3.111458718776702881e-01,-9.729710966348648071e-02,-1.290775984525680542e-01,9.741169810295104980e-01,-1.855669319629669189e-01,0.000000000000000000e+00
-4.752528667449951172e-01,-3.170831799507141113e-01,-3.982581794261932373e-01,1.560753881931304932e-01,-9.734247326850891113e-01,1.675850152969360352e-01,0.000000000000000000e+00
6.735609471797943115e-02,2.700358629226684570e-01,2.951154112815856934e-01,-1.583574116230010986e-01,9.866405725479125977e-01,-3.825346380472183228e-02,0.000000000000000000e+00
-9.845835715532302856e-02,1.924963891506195068e-01,-1.089912727475166321e-01,-1.542091071605682373e-01,9.741879105567932129e-01,-1.648560613393783569e-01,0.000000000000000000e+00
2.717511653900146484e-01,4.569358378648757935e-02,-4.332977533340454102e-01,9.447483718395233154e-02,-1.044606640934944153e-01,-9.900315403938293457e-01,0.000000000000000000e+00
7.851992845535278320e-01,-1.210945993661880493e-01,-2.749636471271514893e-01,1.554026752710342407e-01,-9.875535368919372559e-01,2.424973994493484497e-02,0.000000000000000000e+00
-6.758142709732055664e-01,-3.340424001216888428e-01,-3.121520280838012695e-01,1.432645022869110107e-01,-9.802120923995971680e-01,1.365996897220611572e-01,0.000000000000000000e+00
-8.075799345970153809e-01,1.078706085681915283e-01,1.474618017673492432e-01,-6.257385760545730591e-02,9.886563420295715332e-01,-1.365399211645126343e-01,0.000000000000000000e+00
-2.160077691078186035e-01,5.658398196101188660e-02,4.212953448295593262e-01,-1.119250059127807617e-01,1.299435645341873169e-01,9.851839542388916016e-01,0.000000000000000000e+00
-6.198658943176269531e-01,-1.570851057767868042e-01,-5.066222548484802246e-01,1.311128735542297363e-01,-1.529496759176254272e-01,-9.794977307319641113e-01,0.000000000000000000e+00
-3.348989039659500122e-02,1.220159754157066345e-01,-4.654131531715393066e-01,1.678051985800266266e-02,7.369275689125061035e-01,-6.757634282112121582e-01,0.000000000000000000e+00
8.614279031753540039e-01,7.486244291067123413e-02,-8.721075137145817280e-04,9.835949540138244629e-01,1.583393365144729614e-01,8.642728626728057861e-02,0.000000000000000000e+00
2.529261112213134766e-01,-1.836130172014236450e-01,2.292774734087288380e-04,1.350662410259246826e-01,-9.813203215599060059e-01,1.369947195053100586e-01,0.000000000000000000e+00
6.922117471694946289e-01,-1.351741254329681396e-01,-3.417832255363464355e-01,1.865868568420410156e-01,-9.128033518791198730e-01,-3.632841110229492188e-01,0.000000000000000000e+00
-5.382144451141357422e-01,-2.639964520931243896e-01,-4.783642292022705078e-01,1.048224493861198425e-01,-1.468443572521209717e-01,-9.835898280143737793e-01,0.000000000000000000e+00
-6.001824885606765747e-02,-1.913530081510543823e-01,1.708632260560989380e-01,1.057069972157478333e-01,-9.752597212791442871e-01,1.941507458686828613e-01,0.000000000000000000e+00
-4.372557699680328369e-01,-3.145711421966552734e-01,-4.405480921268463135e-01,1.444029808044433594e-01,-9.873365163803100586e-01,6.568375974893569946e-02,0.000000000000000000e+00
3.217467665672302246e-01,3.095274865627288818e-01,2.605022192001342773e-01,-1.641298979520797729e-01,9.851102828979492188e-01,-5.117715522646903992e-02,0.000000000000000000e+00
-2.970964014530181885e-01,9.798142313957214355e-02,-4.128129184246063232e-01,-1.560411006212234497e-01,9.657769203186035156e-01,-2.071862816810607910e-01,0.000000000000000000e+00
-6.732510328292846680e-01,3.907522559165954590e-02,-4.103746116161346436e-01,-1.057779565453529358e-01,9.817585349082946777e-01,-1.579910814762115479e-01,0.000000000000000000e+00
2.506460547447204590e-01,-2.423074841499328613e-02,4.818858206272125244e-01,-7.364027202129364014e-02,1.440808922052383423e-01,9.868220686912536621e-01,0.000000000000000000e+00
-8.273318409919738770e-01,-1.506609469652175903e-01,-4.829962551593780518e-01,-9.760207533836364746e-01,-1.939351558685302734e-01,-9.885686635971069336e-02,0.000000000000000000e+00
5.865649580955505371e-01,-5.710029229521751404e-02,3.958162963390350342e-01,1.310051977634429932e-01,-9.601383209228515625e-01,2.469252496957778931e-01,0.000000000000000000e+00
-5.563724040985107422e-02,-2.533406317234039307e-01,-3.161053657531738281e-01,1.424514949321746826e-01,-9.888229966163635254e-01,4.400689899921417236e-02,0.000000000000000000e+00
4.779159426689147949e-01,2.967995107173919678e-01,-5.830086767673492432e-02,-1.576042026281356812e-01,9.693159461021423340e-01,-1.886466592550277710e-01,0.000000000000000000e+00
3.424552679061889648e-01,2.233570516109466553e-01,-2.916815280914306641e-01,-1.290166825056076050e-01,9.566526412963867188e-01,-2.610946893692016602e-01,0.000000000000000000e+00
-8.710830807685852051e-01,1.857947744429111481e-02,-3.210629224777221680e-01,-9.926270842552185059e-01,1.881500519812107086e-02,-1.197391301393508911e-01,0.000000000000000000e+00
-8.526539802551269531e-01,-1.533955037593841553e-01,-2.893652319908142090e-01,-9.810046553611755371e-01,-1.465024650096893311e-01,-1.271489113569259644e-01,0.000000000000000000e+00
-2.162542343139648438e-01,2.223483175039291382e-01,2.761934101581573486e-01,-1.732980608940124512e-01,9.809238314628601074e-01,-8.806923031806945801e-02,0.000000000000000000e+00
5.483057498931884766e-01,2.095761895179748535e-01,-4.152972400188446045e-01,-3.191107884049415588e-02,5.224922299385070801e-01,-8.520466685295104980e-01,0.000000000000000000e+00
7.338710427284240723e-01,3.150364756584167480e-01,-1.247427165508270264e-01,-5.575855728238821030e-03,9.878650307655334473e-01,-1.552145034074783325e-01,0.000000000000000000e+00
-9.161402583122253418e-01,2.703581564128398895e-02,6.549461185932159424e-02,-9.884617328643798828e-01,-1.270557045936584473e-01,-8.246352523565292358e-02,0.000000000000000000e+00
3.907696157693862915e-02,-2.063896805047988892e-01,2.835737168788909912e-02,1.057929992675781250e-01,-9.820487499237060547e-01,1.561667025089263916e-01,0.000000000000000000e+00
-4.893296957015991211e-01,-2.371273785829544067e-01,1.453949362039566040e-01,2.960769273340702057e-02,-9.879603981971740723e-01,1.518473178148269653e-01,0.000000000000000000e+00
-1.189533397555351257e-01,-2.549216747283935547e-01,-2.068409770727157593e-01,1.495493352413177490e-01,-9.830006361007690430e-01,1.065116673707962036e-01,0.000000000000000000e+00
2.963188104331493378e-03,-2.403553873300552368e-01,-2.254847735166549683e-01,1.291862428188323975e-01,-9.894194006919860840e-01,6.603170931339263916e-02,0.000000000000000000e+00
-3.408608436584472656e-01,1.620402038097381592e-01,-2.116673253476619720e-02,-2.063566893339157104e-01,9.660409688949584961e-01,-1.555048972368240356e-01,0.000000000000000000e+00
8.250360190868377686e-02,2.213759720325469971e-01,-1.282929629087448120e-01,-1.694670170545578003e-01,9.687788486480712891e-01,-1.809654384851455688e-01,0.000000000000000000e+00
1.893516182899475098e-01,-1.675588637590408325e-01,1.468160897493362427e-01,1.190152168273925781e-01,-9.734707474708557129e-01,1.954229623079299927e-01,0.000000000000000000e+00
4.675434231758117676e-01,-1.716984063386917114e-01,-2.309421151876449585e-01,1.574522405862808228e-01,-9.872449636459350586e-01,2.358401566743850708e-02,0.000000000000000000e+00
2.929446399211883545e-01,-1.875221431255340576e-01,-7.586904615163803101e-02,1.425697803497314453e-01,-9.828416705131530762e-01,1.170303821563720703e-01,0.000000000000000000e+00
3.164578676223754883e-01,-1.953857690095901489e-01,-3.619238436222076416e-01,1.608913391828536987e-01,-9.862146973609924316e-01,-3.865923359990119934e-02,0.000000000000000000e+00
-3.065215423703193665e-02,2.503985464572906494e-01,2.330425232648849487e-01,-1.614849120378494263e-01,9.841647148132324219e-01,-7.309185713529586792e-02,0.000000000000000000e+00
-7.607483267784118652e-01,1.318317055702209473e-01,2.927429676055908203e-01,-8.949438482522964478e-02,9.830170273780822754e-01,-1.602131426334381104e-01,0.000000000000000000e+00
8.748189806938171387e-01,1.018612757325172424e-01,-2.356303781270980835e-01,9.838367700576782227e-01,1.679436415433883667e-01,6.213043257594108582e-02,0.000000000000000000e+00
-4.786246120929718018e-01,-2.873983383178710938e-01,-1.628444045782089233e-01,9.723090380430221558e-02,-9.817645549774169922e-01,1.633538156747817993e-01,0.000000000000000000e+00
1.720384955406188965e-01,-1.373965144157409668e-01,2.942705452442169189e-01,1.181923896074295044e-01,-9.627675414085388184e-01,2.431237995624542236e-01,0.000000000000000000e+00
-8.252653479576110840e-01,3.222208097577095032e-02,-3.462336659431457520e-01,-1.183232516050338745e-01,9.755887389183044434e-01,-1.850031465291976929e-01,0.000000000000000000e+00
6.850881576538085938e-01,2.924873232841491699e-01,-2.124354839324951172e-01,-1.352140009403228760e-01,9.610393643379211426e-01,-2.410819083452224731e-01,0.000000000000000000e+00
8.793827891349792480e-01,6.826049089431762695e-02,-2.214010357856750488e-01,9.862842559814453125e-01,1.550560742616653442e-01,5.657747387886047363e-02,0.000000000000000000e+00
-3.961555361747741699e-01,-2.838481962680816650e-01,-1.941279470920562744e-01,1.438508331775665283e-01,-9.790900945663452148e-01,1.438387185335159302e-01,0.000000000000000000e+00
-9.034129381179809570e-01,7.467339187860488892e-02,4.763916134834289551e-03,-7.665693163871765137e-01,6.151147484779357910e-01,-1.844052821397781372e-01,0.000000000000000000e+00
5.402951836585998535e-01,-1.608631014823913574e-01,-2.719994485378265381e-01,1.535623371601104736e-01,-9.879251122474670410e-01,2.055666595697402954e-02,0.000000000000000000e+00
1.946227103471755981e-01,-1.629987061023712158e-01,1.663216203451156616e-01,1.190152168273925781e-01,-9.734707474708557129e-01,1.954229623079299927e-01,0.000000000000000000e+00
8.237656950950622559e-01,2.129556238651275635e-01,9.696378558874130249e-02,9.756227731704711914e-01,1.963372975587844849e-01,9.804026782512664795e-02,0.000000000000000000e+00
8.504146337509155273e-01,2.282446771860122681e-01,-2.057075202465057373e-01,9.793040156364440918e-01,1.865724623203277588e-01,7.844948023557662964e-02,0.000000000000000000e+00
1.772160381078720093e-01,-1.972281932830810547e-01,-2.404883317649364471e-02,1.363863348960876465e-01,-9.832549691200256348e-01,1.208651736378669739e-01,0.000000000000000000e+00
-1.284650061279535294e-02,-3.780578076839447021e-02,4.570478498935699463e-01,-1.307706981897354126e-01,1.043080762028694153e-01,9.859101772308349609e-01,0.000000000000000000e+00
-3.574501574039459229e-01,2.036658823490142822e-01,3.446442186832427979e-01,-1.447548121213912964e-01,9.834447503089904785e-01,-1.090065091848373413e-01,0.000000000000000000e+00
-5.162582397460937500e-01,-8.526900783181190491e-03,-5.159443020820617676e-01,1.128436997532844543e-01,-2.000751495361328125e-01,-9.732606410980224609e-01,0.000000000000000000e+00
-8.245687484741210938e-01,2.592577785253524780e-02,-3.846808969974517822e-01,-1.164851337671279907e-01,9.815124273300170898e-01,-1.518700420856475830e-01,0.000000000000000000e+00
-2.160604447126388550e-01,2.159050703048706055e-01,2.066110223531723022e-01,-1.942881047725677490e-01,9.752668142318725586e-01,-1.053885221481323242e-01,0.000000000000000000e+00
-7.090801596641540527e-01,4.261283203959465027e-02,-3.652307391166687012e-01,-1.009653955698013306e-01,9.819524288177490234e-01,-1.599232703447341919e-01,0.000000000000000000e+00
8.114881515502929688e-01,3.110503852367401123e-01,-4.387606307864189148e-02,9.661996960639953613e-01,2.378158122301101685e-01,9.950799494981765747e-02,0.000000000000000000e+00
-4.250757098197937012e-01,-2.668495774269104004e-01,-6.702651083469390869e-02,5.602699890732765198e-02,-9.902703762054443359e-01,1.273796260356903076e-01,0.000000000000000000e+00
-6.699911355972290039e-01,-2.834407389163970947e-01,-2.520202472805976868e-02,1.274291574954986572e-01,-9.737843871116638184e-01,1.884296238422393799e-01,0.000000000000000000e+00
-4.674367010593414307e-01,-2.295556515455245972e-01,1.814405173063278198e-01,8.374538272619247437e-02,-9.822998642921447754e-01,1.675520390272140503e-01,0.000000000000000000e+00
5.921580195426940918e-01,1.685332208871841431e-01,-4.121796190738677979e-01,1.081729456782341003e-01,-9.200476109981536865e-02,-9.898655414581298828e-01,0.000000000000000000e+00
-4.413822591304779053e-01,1.759032160043716431e-01,2.025859802961349487e-01,-1.894295513629913330e-01,9.731237292289733887e-01,-1.309454143047332764e-01,0.000000000000000000e+00
-8.508014082908630371e-01,-2.194078117609024048e-01,3.886612951755523682e-01,2.975679188966751099e-02,5.873904377222061157e-02,9.978297948837280273e-01,0.000000000000000000e+00
-7.494926452636718750e-01,1.146840900182723999e-01,1.686449497938156128e-01,-6.623581796884536743e-02,9.883273839950561523e-01,-1.371925622224807739e-01,0.000000000000000000e+00
7.806003689765930176e-01,3.436648249626159668e-01,8.667467534542083740e-02,2.390598207712173462e-01,9.637244939804077148e-01,-1.186825484037399292e-01,0.000000000000000000e+00
1.169754285365343094e-02,7.591960579156875610e-02,4.462052285671234131e-01,-1.230444312095642090e-01,1.459351927042007446e-01,9.816124439239501953e-01,0.000000000000000000e+00
8.977228403091430664e-01,-2.704008296132087708e-02,-3.092414736747741699e-01,9.901058673858642578e-01,1.344722509384155273e-01,4.009470343589782715e-02,0.000000000000000000e+00
4.159960150718688965e-01,-7.843598723411560059e-02,3.995181024074554443e-01,1.211698949337005615e-01,-9.577163457870483398e-01,2.609545886516571045e-01,0.000000000000000000e+00
-7.958878278732299805e-01,2.487520314753055573e-02,-4.114836454391479492e-01,-1.178689226508140564e-01,9.789960384368896484e-01,-1.663539558649063110e-01,0.000000000000000000e+00
-6.710355877876281738e-01,-2.844135761260986328e-01,-2.952330932021141052e-02,1.274291574954986572e-01,-9.737843871116638184e-01,1.884296238422393799e-01,0.000000000000000000e+00
-8.396840691566467285e-01,-2.593379914760589600e-01,2.786989808082580566e-01,4.533112645149230957e-01,-8.684847950935363770e-01,2.006068229675292969e-01,0.000000000000000000e+00
-1.722995191812515259e-01,-2.581520974636077881e-01,-1.711003333330154419e-01,9.989170730113983154e-02,-9.894129633903503418e-01,1.052788347005844116e-01,0.000000000000000000e+00
1.280453950166702271e-01,2.566132843494415283e-01,4.769120365381240845e-02,-1.699272543191909790e-01,9.768380522727966309e-01,-1.300466209650039673e-01,0.000000000000000000e+00
-1.451096832752227783e-01,3.320334106683731079e-02,4.322428703308105469e-01,-1.375527530908584595e-01,1.279876828193664551e-01,9.821906089782714844e-01,0.000000000000000000e+00
7.527582049369812012e-01,8.817828260362148285e-03,5.297847986221313477e-01,1.042474061250686646e-02,-4.653955996036529541e-01,8.850414156913757324e-01,0.000000000000000000e+00
3.205613791942596436e-01,2.963925898075103760e-01,1.031853482127189636e-01,-1.585356444120407104e-01,9.792978167533874512e-01,-1.258657723665237427e-01,0.000000000000000000e+00
1.832897365093231201e-01,-1.901170164346694946e-01,2.076711691915988922e-02,1.407383233308792114e-01,-9.798809289932250977e-01,1.415135413408279419e-01,0.000000000000000000e+00
-2.488492056727409363e-03,-2.255519628524780273e-01,-7.016810774803161621e-02,1.135403290390968323e-01,-9.851163029670715332e-01,1.290520876646041870e-01,0.000000000000000000e+00
-5.399622321128845215e-01,3.259050473570823669e-02,-5.172888636589050293e-01,-8.030413836240768433e-02,6.166886091232299805e-01,-7.831004858016967773e-01,0.000000000000000000e+00
-3.288858830928802490e-01,-2.167149186134338379e-01,1.858306229114532471e-01,1.119892373681068420e-01,-9.821600914001464844e-01,1.510629206895828247e-01,0.000000000000000000e+00
6.684117913246154785e-01,3.682663291692733765e-02,-3.883047699928283691e-01,1.293764263391494751e-01,-1.522135287523269653e-01,-9.798432588577270508e-01,0.000000000000000000e+00
-3.335018455982208252e-01,-2.209483236074447632e-01,1.684013456106185913e-01,9.475890547037124634e-02,-9.873055815696716309e-01,1.274694651365280151e-01,0.000000000000000000e+00
-6.298070549964904785e-01,-2.395039945840835571e-01,2.015147358179092407e-01,8.706713467836380005e-02,-9.739587903022766113e-01,2.093409746885299683e-01,0.000000000000000000e+00
5.420634746551513672e-01,2.495372593402862549e-01,-2.960995733737945557e-01,-1.298628449440002441e-01,9.520307183265686035e-01,-2.770796120166778564e-01,0.000000000000000000e+00
-4.865341782569885254e-01,-1.263795197010040283e-01,-4.941563308238983154e-01,1.212275177240371704e-01,-1.394947320222854614e-01,-9.827741980552673340e-01,0.000000000000000000e+00
-7.778190374374389648e-01,1.243882924318313599e-01,2.511739432811737061e-01,-7.652327418327331543e-02,9.870548248291015625e-01,-1.409503668546676636e-01,0.000000000000000000e+00
-8.807959407567977905e-02,2.485236525535583496e-01,3.809151053428649902e-01,-1.528734266757965088e-01,9.882283806800842285e-01,5.864392966032028198e-03,0.000000000000000000e+00
-7.665818929672241211e-01,-1.414177566766738892e-01,3.855665922164916992e-01,-1.476674377918243408e-01,1.594375222921371460e-01,9.761014580726623535e-01,0.000000000000000000e+00
-2.088650912046432495e-01,7.365112751722335815e-02,4.198557138442993164e-01,-1.119250059127807617e-01,1.299435645341873169e-01,9.851839542388916016e-01,0.000000000000000000e+00
8.066552877426147461e-01,-1.109410896897315979e-01,-1.939007788896560669e-01,2.097785770893096924e-01,-9.625934958457946777e-01,1.714838892221450806e-01,0.000000000000000000e+00
-5.645105242729187012e-01,-2.918252646923065186e-01,-4.766151010990142822e-01,1.121974065899848938e-01,-1.680671870708465576e-01,-9.793697595596313477e-01,0.000000000000000000e+00
6.276078522205352783e-02,-3.579175844788551331e-02,-4.454626142978668213e-01,1.063335165381431580e-01,-1.319060623645782471e-01,-9.855424761772155762e-01,0.000000000000000000e+00
8.558311462402343750e-01,1.220318973064422607e-01,-3.871565312147140503e-02,9.794388413429260254e-01,1.647905856370925903e-01,1.163772642612457275e-01,0.000000000000000000e+00
3.744103908538818359e-01,3.206262886524200439e-01,4.047600328922271729e-01,-1.454577147960662842e-01,9.890108704566955566e-01,2.644826099276542664e-02,0.000000000000000000e+00
-6.331598758697509766e-01,-2.777640894055366516e-02,-5.265350937843322754e-01,9.799761325120925903e-02,-4.261334612965583801e-02,-9.942739009857177734e-01,0.000000000000000000e+00
8.467469811439514160e-01,2.582376599311828613e-01,-2.369531542062759399e-01,9.377320408821105957e-01,3.420646488666534424e-01,6.041803210973739624e-02,0.000000000000000000e+00
8.132717013359069824e-01,2.688073813915252686e-01,-3.565572500228881836e-01,-1.421934664249420166e-01,9.328801631927490234e-01,-3.309315145015716553e-01,0.000000000000000000e+00
-8.106088638305664062e-02,2.085628509521484375e-01,-3.059494867920875549e-02,-1.752472817897796631e-01,9.733793139457702637e-01,-1.477197259664535522e-01,0.000000000000000000e+00
3.186804056167602539e-01,2.913683652877807617e-01,4.416741132736206055e-01,-1.669405102729797363e-01,5.451436638832092285e-01,8.215529322624206543e-01,0.000000000000000000e+00
-5.077781081199645996e-01,-2.773768007755279541e-01,-8.816107362508773804e-02,9.032846242189407349e-02,-9.791696071624755859e-01,1.818451583385467529e-01,0.000000000000000000e+00
-7.000540494918823242e-01,8.057373762130737305e-02,-1.211618185043334961e-01,-3.946926153730601072e-04,9.821996092796325684e-01,-1.878396868705749512e-01,0.000000000000000000e+00
6.211691498756408691e-01,2.855482697486877441e-01,-2.045641690492630005e-01,-1.278249919414520264e-01,9.626737236976623535e-01,-2.385793775320053101e-01,0.000000000000000000e+00
3.002901673316955566e-01,2.299820482730865479e-01,-2.435641139745712280e-01,-1.394911259412765503e-01,9.612979888916015625e-01,-2.375888079404830933e-01,0.000000000000000000e+00
6.977073550224304199e-01,2.856965363025665283e-01,5.032665729522705078e-01,-4.218634963035583496e-01,1.338540911674499512e-01,8.967242240905761719e-01,0.000000000000000000e+00
1.204362884163856506e-01,1.727057993412017822e-01,-3.632540702819824219e-01,-1.396230161190032959e-01,9.560329318046569824e-01,-2.578885257244110107e-01,0.000000000000000000e+00
7.988601177930831909e-02,2.023359984159469604e-01,-2.194559872150421143e-01,-1.521263271570205688e-01,9.642764329910278320e-01,-2.168606519699096680e-01,0.000000000000000000e+00
-3.132531642913818359e-01,1.072122007608413696e-01,4.033838212490081787e-01,-2.008821219205856323e-01,1.171467974781990051e-01,9.725857377052307129e-01,0.000000000000000000e+00
6.819948554039001465e-01,-1.324237436056137085e-01,-1.637096107006072998e-01,1.695113927125930786e-01,-9.828018546104431152e-01,7.325565069913864136e-02,0.000000000000000000e+00
4.818606078624725342e-01,-1.534158140420913696e-01,-2.728779986500740051e-02,1.587221175432205200e-01,-9.796904921531677246e-01,1.225311234593391418e-01,0.000000000000000000e+00
-6.154127717018127441e-01,-2.972747683525085449e-01,-1.350519210100173950e-01,1.159505024552345276e-01,-9.772877097129821777e-01,1.773816645145416260e-01,0.000000000000000000e+00
1.602441221475601196e-01,2.471177875995635986e-01,-5.396133661270141602e-02,-1.644908934831619263e-01,9.744341373443603516e-01,-1.530388742685317993e-01,0.000000000000000000e+00
4.600144326686859131e-01,2.828897833824157715e-01,-1.157078966498374939e-01,-1.456041038036346436e-01,9.683341979980468750e-01,-2.028011530637741089e-01,0.000000000000000000e+00
3.591604232788085938e-01,1.163905784487724304e-01,-4.314134120941162109e-01,9.290568530559539795e-02,-9.188040345907211304e-02,-9.914265275001525879e-01,0.000000000000000000e+00
7.402696609497070312e-01,9.036702662706375122e-02,5.327702760696411133e-01,-1.124411672353744507e-01,2.559552527964115143e-02,9.933286905288696289e-01,0.000000000000000000e+00
-6.402428746223449707e-01,1.448139399290084839e-01,2.641456723213195801e-01,-1.998062133789062500e-01,9.671125411987304688e-01,-1.573873162269592285e-01,0.000000000000000000e+00
8.943076133728027344e-01,-1.046139672398567200e-01,-3.145152032375335693e-01,1.190576851367950439e-01,-9.912337064743041992e-01,5.727963894605636597e-02,0.000000000000000000e+00
-7.989667057991027832e-01,8.770924806594848633e-02,1.537724863737821579e-03,-6.746565550565719604e-02,9.885634183883666992e-01,-1.348732560873031616e-01,0.000000000000000000e+00
4.456564784049987793e-01,-1.757101714611053467e-01,-3.290686905384063721e-01,1.569540500640869141e-01,-9.875945448875427246e-01,-4.735127557069063187e-03,0.000000000000000000e+00
-6.575810313224792480e-01,-4.174968600273132324e-02,3.843301832675933838e-01,-8.601574599742889404e-02,1.090538799762725830e-01,9.903072714805603027e-01,0.000000000000000000e+00
-2.556285262107849121e-01,1.975312680006027222e-01,1.078654080629348755e-01,-1.826113611459732056e-01,9.731739163398742676e-01,-1.399487257003784180e-01,0.000000000000000000e+00
-7.351946830749511719e-01,1.889937743544578552e-02,-4.870098829269409180e-01,-1.212402135133743286e-01,9.767183661460876465e-01,-1.769803613424301147e-01,0.000000000000000000e+00
5.973118543624877930e-01,1.060346956364810467e-03,-3.921371400356292725e-01,1.389985233545303345e-01,-1.468238383531570435e-01,-9.793478250503540039e-01,0.000000000000000000e+00
7.570118308067321777e-01,1.545788496732711792e-01,5.275604724884033203e-01,2.937052547931671143e-01,1.575938761234283447e-01,9.428156614303588867e-01,0.000000000000000000e+00
-8.105611205101013184e-01,-2.632164657115936279e-01,-4.721738994121551514e-01,-9.853206872940063477e-01,-1.226013079285621643e-01,-1.187940910458564758e-01,0.000000000000000000e+00
4.668335020542144775e-01,2.874086201190948486e-01,4.631271064281463623e-01,-1.344398111104965210e-01,1.837674826383590698e-01,9.737327694892883301e-01,0.000000000000000000e+00
2.346773445606231689e-01,2.881949245929718018e-01,1.638139486312866211e-01,-1.628869324922561646e-01,9.823454022407531738e-01,-9.200727194547653198e-02,0.000000000000000000e+00
5.213257670402526855e-02,-1.092126891016960144e-01,4.500186741352081299e-01,9.144251048564910889e-02,-9.144257307052612305e-01,3.942891061305999756e-01,0.000000000000000000e+00
6.055805683135986328e-01,3.523884117603302002e-01,4.471489191055297852e-01,-1.535391509532928467e-01,9.427059292793273926e-01,2.961946427822113037e-01,0.000000000000000000e+00
-8.193349838256835938e-01,-2.369935661554336548e-01,-4.337753653526306152e-01,-9.802855849266052246e-01,-9.744606167078018188e-02,-1.718849837779998779e-01,0.000000000000000000e+00
-7.379258871078491211e-01,-3.178265392780303955e-01,-1.495216041803359985e-01,1.646659225225448608e-01,-9.716089963912963867e-01,1.698856651782989502e-01,0.000000000000000000e+00
-8.800166249275207520e-01,-8.835013210773468018e-02,-1.434264481067657471e-01,-9.794609546661376953e-01,-1.777150183916091919e-01,-9.525575488805770874e-02,0.000000000000000000e+00
8.277167677879333496e-01,-3.415167704224586487e-02,2.494590431451797485e-01,3.154151737689971924e-01,-9.392107129096984863e-01,1.356337815523147583e-01,0.000000000000000000e+00
6.122775375843048096e-03,7.156369090080261230e-02,-4.634989202022552490e-01,1.037348955869674683e-01,-8.988122642040252686e-02,-9.905354380607604980e-01,0.000000000000000000e+00
7.797127962112426758e-01,3.468360900878906250e-01,1.517048925161361694e-01,8.584963679313659668e-01,5.096536278724670410e-01,5.689608305692672729e-02,0.000000000000000000e+00
3.532041311264038086e-01,-1.846251338720321655e-01,-1.371522247791290283e-01,1.464518904685974121e-01,-9.860470890998840332e-01,7.913895696401596069e-02,0.000000000000000000e+00
-8.005563616752624512e-01,1.069582253694534302e-01,3.521470129489898682e-01,-1.590446233749389648e-01,2.566243410110473633e-01,9.533355832099914551e-01,0.000000000000000000e+00
3.462448716163635254e-01,2.026531696319580078e-01,-3.663946390151977539e-01,-1.274780482053756714e-01,9.528118371963500977e-01,-2.754975557327270508e-01,0.000000000000000000e+00
-9.103957414627075195e-01,-7.900597527623176575e-03,5.675894767045974731e-02,-9.858704209327697754e-01,-1.488328278064727783e-01,-7.686565071344375610e-02,0.000000000000000000e+00
-9.117488861083984375e-01,-4.485373944044113159e-02,1.652246117591857910e-01,-9.846060276031494141e-01,-1.620082408189773560e-01,-6.560692191123962402e-02,0.000000000000000000e+00
-1.076084896922111511e-01,2.162052690982818604e-01,5.367252975702285767e-02,-1.784339994192123413e-01,9.744632840156555176e-01,-1.363181769847869873e-01,0.000000000000000000e+00
7.604961991310119629e-01,1.360203772783279419e-01,-3.910363912582397461e-01,1.163644790649414062e-01,-1.078533381223678589e-01,-9.873332381248474121e-01,0.000000000000000000e+00
-3.988480865955352783e-01,-1.949194967746734619e-01,3.336294889450073242e-01,1.095221564173698425e-01,-9.707372188568115234e-01,2.137150168418884277e-01,0.000000000000000000e+00
-1.593991219997406006e-01,-1.532663106918334961e-01,3.875281214714050293e-01,1.127435564994812012e-01,-9.624563455581665039e-01,2.469143718481063843e-01,0.000000000000000000e+00
-4.796600043773651123e-01,-3.758521343115717173e-04,3.988319039344787598e-01,-1.455455869436264038e-01,1.235275268554687500e-01,9.816096425056457520e-01,0.000000000000000000e+00
7.354206442832946777e-01,-1.111491248011589050e-01,-6.339319050312042236e-02,2.185656577348709106e-01,-9.669600129127502441e-01,1.312149018049240112e-01,0.000000000000000000e+00
-6.012876033782958984e-01,-3.013741075992584229e-01,-1.689199805259704590e-01,1.240954324603080750e-01,-9.777076840400695801e-01,1.693753153085708618e-01,0.000000000000000000e+00
-8.740502595901489258e-01,-1.970376670360565186e-01,-1.373377628624439240e-02,-9.789538979530334473e-01,-1.844285577535629272e-01,-8.738064020872116089e-02,0.000000000000000000e+00
8.025595545768737793e-01,3.179610669612884521e-01,-9.019470214843750000e-02,3.463300466537475586e-01,9.339179396629333496e-01,-8.861595392227172852e-02,0.000000000000000000e+00
-6.307315826416015625e-01,-3.383298814296722412e-01,-4.724639356136322021e-01,1.614502072334289551e-01,-6.877187490463256836e-01,-7.077971100807189941e-01,0.000000000000000000e+00
1.680970191955566406e-01,1.590590626001358032e-01,4.491299092769622803e-01,-8.602338284254074097e-02,1.497448086738586426e-01,9.849753379821777344e-01,0.000000000000000000e+00
1.823238842189311981e-02,1.434845775365829468e-01,4.368845820426940918e-01,-1.149212121963500977e-01,1.557977497577667236e-01,9.810811281204223633e-01,0.000000000000000000e+00
1.579972207546234131e-01,-2.106664627790451050e-01,-1.172021850943565369e-01,1.151753664016723633e-01,-9.883538484573364258e-01,9.945532679557800293e-02,0.000000000000000000e+00
-5.938056707382202148e-01,1.035992205142974854e-01,-5.076650157570838928e-02,-1.891185790300369263e-01,9.697762131690979004e-01,-1.541696190834045410e-01,0.000000000000000000e+00
8.233241438865661621e-01,-6.268480420112609863e-02,7.304291427135467529e-02,3.264757692813873291e-01,-9.313331842422485352e-01,1.613447070121765137e-01,0.000000000000000000e+00
6.774156093597412109e-01,-1.330841034650802612e-01,-3.502087891101837158e-01,1.993124485015869141e-01,-7.561240196228027344e-01,-6.233385801315307617e-01,0.000000000000000000e+00
4.945838451385498047e-01,-9.844747930765151978e-02,2.788571119308471680e-01,1.329072564840316772e-01,-9.714162945747375488e-01,1.966875642538070679e-01,0.000000000000000000e+00
-1.795682460069656372e-01,1.115366518497467041e-01,-4.329643249511718750e-01,-1.494890004396438599e-01,9.574226140975952148e-01,-2.469715327024459839e-01,0.000000000000000000e+00
-2.059192508459091187e-01,-2.040772885084152222e-01,1.866861730813980103e-01,1.024522483348846436e-01,-9.755792617797851562e-01,1.942901611328125000e-01,0.000000000000000000e+00
-9.447411298751831055e-01,8.852437883615493774e-02,3.106491565704345703e-01,-9.810819625854492188e-01,8.889082074165344238e-02,-1.719784736633300781e-01,0.000000000000000000e+00
7.461605668067932129e-01,1.079166904091835022e-01,5.327733159065246582e-01,-1.018219217658042908e-01,5.169059708714485168e-02,9.934588074684143066e-01,0.000000000000000000e+00
-8.417617678642272949e-01,-2.643393278121948242e-01,-2.163388729095458984e-01,-9.733354449272155762e-01,-2.120207101106643677e-01,-8.755161613225936890e-02,0.000000000000000000e+00
7.658421397209167480e-01,2.703647315502166748e-01,4.585465788841247559e-01,9.686449766159057617e-01,2.277427464723587036e-01,9.929857403039932251e-02,0.000000000000000000e+00
-1.746504455804824829e-01,-2.113642841577529907e-01,1.320262104272842407e-01,1.007271707057952881e-01,-9.781070947647094727e-01,1.821004599332809448e-01,0.000000000000000000e+00
-3.874237537384033203e-01,1.159579977393150330e-01,-2.379267960786819458e-01,-2.056560218334197998e-01,9.626461267471313477e-01,-1.761192381381988525e-01,0.000000000000000000e+00
8.996682763099670410e-01,-5.842109397053718567e-02,-2.579468488693237305e-01,9.893658161163330078e-01,1.378333866596221924e-01,4.644616320729255676e-02,0.000000000000000000e+00
-6.786601543426513672e-01,-1.377743035554885864e-01,-5.170066356658935547e-01,1.398635357618331909e-01,-1.398568004369735718e-01,-9.802439808845520020e-01,0.000000000000000000e+00
7.128636837005615234e-01,2.999521195888519287e-01,-1.966745853424072266e-01,-9.964279085397720337e-02,9.733784198760986328e-01,-2.064115107059478760e-01,0.000000000000000000e+00
6.081710457801818848e-01,-1.481843143701553345e-01,-2.184600085020065308e-01,1.549053043127059937e-01,-9.868662357330322266e-01,4.581849277019500732e-02,0.000000000000000000e+00
-4.444190114736557007e-02,2.247628569602966309e-01,4.150486588478088379e-01,-1.355487257242202759e-01,2.267371267080307007e-01,9.644774794578552246e-01,0.000000000000000000e+00
1.910315603017807007e-01,-1.569205522537231445e-01,1.981227099895477295e-01,1.173687055706977844e-01,-9.720288515090942383e-01,2.034319043159484863e-01,0.000000000000000000e+00
7.207039594650268555e-01,2.855781614780426025e-01,-2.591607868671417236e-01,-1.438629776239395142e-01,9.530483484268188477e-01,-2.664625048637390137e-01,0.000000000000000000e+00
-4.341710209846496582e-01,-3.114195168018341064e-01,-4.095513820648193359e-01,1.524503976106643677e-01,-9.877753257751464844e-01,-3.253927081823348999e-02,0.000000000000000000e+00
7.308601737022399902e-01,1.755947917699813843e-01,5.265376567840576172e-01,-1.293945014476776123e-01,9.053120762109756470e-02,9.874518513679504395e-01,0.000000000000000000e+00
2.690907120704650879e-01,-1.487998962402343750e-01,1.887139230966567993e-01,1.324560791254043579e-01,-9.713329672813415527e-01,1.974022835493087769e-01,0.000000000000000000e+00
5.690317228436470032e-02,-1.317639946937561035e-01,3.670769333839416504e-01,1.096273809671401978e-01,-9.584192037582397461e-01,2.634662687778472900e-01,0.000000000000000000e+00
6.350861787796020508e-01,-1.751613244414329529e-02,5.060543417930603027e-01,1.425483077764511108e-01,-9.180344939231872559e-01,3.699901103973388672e-01,0.000000000000000000e+00
2.831476330757141113e-01,-1.874953359365463257e-01,-6.370898336172103882e-02,1.425697803497314453e-01,-9.828416705131530762e-01,1.170303821563720703e-01,0.000000000000000000e+00
1.610325723886489868e-01,-2.200590372085571289e-01,-3.143074214458465576e-01,1.454455703496932983e-01,-9.892879128456115723e-01,1.244881376624107361e-02,0.000000000000000000e+00
4.118510484695434570e-01,-5.959139019250869751e-02,4.659751653671264648e-01,1.175974383950233459e-01,-9.535455703735351562e-01,2.773476839065551758e-01,0.000000000000000000e+00
7.116798162460327148e-01,-1.029145643115043640e-01,2.841427363455295563e-02,2.242472022771835327e-01,-9.638333320617675781e-01,1.440088301897048950e-01,0.000000000000000000e+00
-2.528896927833557129e-01,-2.813641428947448730e-01,-3.174935877323150635e-01,6.628660112619400024e-02,-9.968741536140441895e-01,4.298836365342140198e-02,0.000000000000000000e+00
6.334613561630249023e-01,-8.273009955883026123e-02,2.529275417327880859e-01,1.652574539184570312e-01,-9.679471850395202637e-01,1.891248524188995361e-01,0.000000000000000000e+00
-9.275492429733276367e-01,3.158408403396606445e-02,2.065796107053756714e-01,-9.825249314308166504e-01,-1.698009818792343140e-01,-7.623918354511260986e-02,0.000000000000000000e+00
-8.586035370826721191e-01,9.295002371072769165e-02,7.251709699630737305e-02,-9.011129289865493774e-02,9.849359393119812012e-01,-1.475843489170074463e-01,0.000000000000000000e+00
4.689584374427795410e-01,-1.712090820074081421e-01,-2.211135625839233398e-01,1.589649468660354614e-01,-9.863867759704589844e-01,4.208600148558616638e-02,0.000000000000000000e+00
-1.458628475666046143e-01,-1.078772917389869690e-01,4.498163163661956787e-01,-1.101990640163421631e-01,1.990645229816436768e-01,9.737707376480102539e-01,0.000000000000000000e+00
-6.285830140113830566e-01,3.263545408844947815e-02,-4.825007319450378418e-01,-9.655772894620895386e-02,9.857994914054870605e-01,-1.373899430036544800e-01,0.000000000000000000e+00
-3.331286013126373291e-01,-1.758708804845809937e-01,-4.677272439002990723e-01,1.173241436481475830e-01,-1.540827453136444092e-01,-9.810675382614135742e-01,0.000000000000000000e+00
-7.923408411443233490e-03,-3.867352148517966270e-03,4.540311694145202637e-01,-1.285965889692306519e-01,1.085493788123130798e-01,9.857382774353027344e-01,0.000000000000000000e+00
4.608103036880493164e-01,1.839331723749637604e-02,5.007936358451843262e-01,-1.432490199804306030e-01,1.128958463668823242e-01,9.832264184951782227e-01,0.000000000000000000e+00
1.041179969906806946e-01,2.239502221345901489e-01,-1.322078704833984375e-01,-1.382792145013809204e-01,9.733480811119079590e-01,-1.829545199871063232e-01,0.000000000000000000e+00
-8.383144736289978027e-01,-2.551149427890777588e-01,-2.730906605720520020e-01,-9.733971953392028809e-01,-2.059608548879623413e-01,-1.003894954919815063e-01,0.000000000000000000e+00
-5.161515474319458008e-01,1.106927022337913513e-01,-1.068617776036262512e-01,-2.087873220443725586e-01,9.670554995536804199e-01,-1.456419229507446289e-01,0.000000000000000000e+00
6.565104126930236816e-01,-1.400182396173477173e-01,-2.111963331699371338e-01,1.682019531726837158e-01,-9.839181303977966309e-01,6.011017411947250366e-02,0.000000000000000000e+00
6.045091748237609863e-01,-1.483417749404907227e-01,-3.500682711601257324e-01,1.814937293529510498e-01,-8.797084093093872070e-01,-4.395147264003753662e-01,0.000000000000000000e+00
-9.240447729825973511e-02,1.958057433366775513e-01,-9.545002877712249756e-02,-1.858251541852951050e-01,9.684016704559326172e-01,-1.663347035646438599e-01,0.000000000000000000e+00
-3.979882597923278809e-01,7.169219851493835449e-02,3.978362381458282471e-01,-1.092632785439491272e-01,1.377525180578231812e-01,9.844215512275695801e-01,0.000000000000000000e+00
-4.247307777404785156e-01,-4.632971435785293579e-02,-4.977082908153533936e-01,1.240097731351852417e-01,-1.569574177265167236e-01,-9.797887206077575684e-01,0.000000000000000000e+00
2.335114777088165283e-01,-2.089965343475341797e-01,-3.470942378044128418e-01,1.589827686548233032e-01,-9.871587753295898438e-01,-1.555608306080102921e-02,0.000000000000000000e+00
-9.141440391540527344e-01,-9.368416666984558105e-02,3.115800321102142334e-01,-9.937073588371276855e-01,-9.182181209325790405e-02,-6.414394825696945190e-02,0.000000000000000000e+00
-4.142610132694244385e-01,-1.511176377534866333e-01,4.260502755641937256e-01,-1.220519468188285828e-01,2.253784537315368652e-01,9.665960073471069336e-01,0.000000000000000000e+00
2.961325347423553467e-01,5.156980082392692566e-02,-4.315678775310516357e-01,9.523940086364746094e-02,-1.032299250364303589e-01,-9.900873899459838867e-01,0.000000000000000000e+00
-4.504680335521697998e-01,-1.925176233053207397e-01,3.730831146240234375e-01,6.156062707304954529e-02,-9.908969998359680176e-01,1.197224035859107971e-01,0.000000000000000000e+00
5.421043559908866882e-02,2.414326965808868408e-01,2.951885201036930084e-02,-1.687010973691940308e-01,9.761062264442443848e-01,-1.369545757770538330e-01,0.000000000000000000e+00
-1.749969869852066040e-01,-1.562758982181549072e-01,-4.526409506797790527e-01,1.578726470470428467e-01,-1.503578126430511475e-01,-9.759450554847717285e-01,0.000000000000000000e+00
7.713635563850402832e-01,-1.114378124475479126e-01,-1.285397708415985107e-01,2.291497886180877686e-01,-9.649645090103149414e-01,1.278041601181030273e-01,0.000000000000000000e+00
6.866229772567749023e-01,3.559061586856842041e-01,1.454499959945678711e-01,-7.741077989339828491e-02,9.862657785415649414e-01,-1.459020078182220459e-01,0.000000000000000000e+00
5.601166561245918274e-02,2.614883184432983398e-01,4.125381708145141602e-01,-1.665166169404983521e-01,5.956947803497314453e-01,7.857607603073120117e-01,0.000000000000000000e+00
-3.248658776283264160e-01,1.094920411705970764e-01,-3.345348238945007324e-01,-1.580418795347213745e-01,9.690245389938354492e-01,-1.897741556167602539e-01,0.000000000000000000e+00
-3.538073301315307617e-01,-2.327685505151748657e-01,1.087587103247642517e-01,5.237374454736709595e-02,-9.875627756118774414e-01,1.482457071542739868e-01,0.000000000000000000e+00
-9.007311463356018066e-01,-3.991284966468811035e-02,3.599749207496643066e-01,-3.842571377754211426e-01,1.202894225716590881e-01,9.153561592102050781e-01,0.000000000000000000e+00
-2.055664956569671631e-01,1.137221828103065491e-01,-4.063475728034973145e-01,-1.398721635341644287e-01,9.629422426223754883e-01,-2.306035012006759644e-01,0.000000000000000000e+00
9.621779620647430420e-02,-1.877288818359375000e-01,9.796264767646789551e-02,1.342122554779052734e-01,-9.749910831451416016e-01,1.771425306797027588e-01,0.000000000000000000e+00
-8.532094359397888184e-01,-2.361456155776977539e-01,-1.619630455970764160e-01,-9.719737768173217773e-01,-2.200511097908020020e-01,-8.273173123598098755e-02,0.000000000000000000e+00
4.930020868778228760e-01,2.645340263843536377e-01,-2.165385037660598755e-01,-1.218320131301879883e-01,9.613797068595886230e-01,-2.467915415763854980e-01,0.000000000000000000e+00
-1.918479651212692261e-01,1.510572284460067749e-01,-2.447269409894943237e-01,-1.374764442443847656e-01,9.745623469352722168e-01,-1.769986003637313843e-01,0.000000000000000000e+00
-1.070918366312980652e-01,7.218646258115768433e-02,4.319370388984680176e-01,-1.176636815071105957e-01,1.362201720476150513e-01,9.836662411689758301e-01,0.000000000000000000e+00
8.926279544830322266e-01,-1.035692095756530762e-01,-3.263309001922607422e-01,1.484069824218750000e-01,-9.125126600265502930e-01,-3.811771273612976074e-01,0.000000000000000000e+00
-2.763915657997131348e-01,1.069442033767700195e-01,-3.783346414566040039e-01,-7.474792003631591797e-02,9.751833677291870117e-01,-2.083990126848220825e-01,0.000000000000000000e+00
6.380738019943237305e-01,-6.005172431468963623e-02,-3.752934336662292480e-01,1.282408088445663452e-01,-1.941361576318740845e-01,-9.725561141967773438e-01,0.000000000000000000e+00
-4.058945178985595703e-01,-3.090644478797912598e-01,-4.273923933506011963e-01,1.436082422733306885e-01,-9.891446828842163086e-01,3.113598190248012543e-02,0.000000000000000000e+00
-5.089372396469116211e-01,-3.055525422096252441e-01,-2.670280337333679199e-01,1.120256334543228149e-01,-9.842788577079772949e-01,1.365479230880737305e-01,0.000000000000000000e+00
-9.083141088485717773e-01,-1.793007999658584595e-01,3.513294756412506104e-01,-9.828041791915893555e-01,-1.754021793603897095e-01,-5.770673602819442749e-02,0.000000000000000000e+00
4.914394021034240723e-02,-2.584913000464439392e-02,4.630670249462127686e-01,-8.639349043369293213e-02,9.680554270744323730e-02,9.915466904640197754e-01,0.000000000000000000e+00
8.448821306228637695e-01,1.348473429679870605e-01,4.329255968332290649e-02,9.772285819053649902e-01,1.875920295715332031e-01,9.916434437036514282e-02,0.000000000000000000e+00
3.574063777923583984e-01,-1.898271739482879639e-01,-2.658784389495849609e-01,1.582991629838943481e-01,-9.872847795486450195e-01,1.449672784656286240e-02,0.000000000000000000e+00
1.482055783271789551e-01,1.911168992519378662e-01,-3.103431761264801025e-01,-1.391375213861465454e-01,9.544941186904907227e-01,-2.637835741043090820e-01,0.000000000000000000e+00
-6.984581947326660156e-01,5.737384781241416931e-03,3.753603696823120117e-01,-1.002689599990844727e-01,7.388347387313842773e-02,9.922133684158325195e-01,0.000000000000000000e+00
1.016675159335136414e-01,1.464433223009109497e-01,-4.489086568355560303e-01,-1.253680586814880371e-01,9.551023840904235840e-01,-2.684442400932312012e-01,0.000000000000000000e+00
3.755686283111572266e-01,2.350611090660095215e-01,-2.656634449958801270e-01,-1.361750364303588867e-01,9.582211971282958984e-01,-2.515322864055633545e-01,0.000000000000000000e+00
-5.896210670471191406e-01,-1.305341720581054688e-01,4.019500017166137695e-01,-1.190919205546379089e-01,1.149334684014320374e-01,9.862086176872253418e-01,0.000000000000000000e+00
4.969017803668975830e-01,-1.678742021322250366e-01,-3.102517426013946533e-01,1.574501544237136841e-01,-9.874632358551025391e-01,-1.121666468679904938e-02,0.000000000000000000e+00
-8.444234728813171387e-01,-2.816692888736724854e-01,-1.397549360990524292e-01,-9.655339121818542480e-01,-2.477890551090240479e-01,-7.965473830699920654e-02,0.000000000000000000e+00
6.335754394531250000e-01,-8.122891187667846680e-02,2.605109810829162598e-01,1.652574539184570312e-01,-9.679471850395202637e-01,1.891248524188995361e-01,0.000000000000000000e+00
-3.587467968463897705e-02,-1.009905338287353516e-01,-4.466081857681274414e-01,9.875825792551040649e-02,-1.498576849699020386e-01,-9.837629199028015137e-01,0.000000000000000000e+00
-8.742111921310424805e-01,-1.572636663913726807e-01,-8.160601556301116943e-02,-9.862070083618164062e-01,-1.281601786613464355e-01,-1.047412902116775513e-01,0.000000000000000000e+00
-4.606530964374542236e-01,-1.917042732238769531e-01,3.832365572452545166e-01,7.812532782554626465e-02,-9.731865525245666504e-01,2.163432091474533081e-01,0.000000000000000000e+00
-3.473799228668212891e-01,1.843732893466949463e-01,1.409148424863815308e-01,-1.143208816647529602e-01,9.819368124008178711e-01,-1.507674753665924072e-01,0.000000000000000000e+00
9.669547528028488159e-02,1.132134627550840378e-02,4.645427763462066650e-01,-2.050734311342239380e-01,1.639409735798835754e-02,9.786092638969421387e-01,0.000000000000000000e+00
2.503667771816253662e-01,1.354789733886718750e-01,4.580826759338378906e-01,-5.576460435986518860e-02,1.498774737119674683e-01,9.871307015419006348e-01,0.000000000000000000e+00
7.393156886100769043e-01,3.305256664752960205e-01,-2.725759334862232208e-02,-6.211194396018981934e-02,9.853360652923583984e-01,-1.589181721210479736e-01,0.000000000000000000e+00
8.436458110809326172e-01,1.409870535135269165e-01,4.386135935783386230e-02,9.772285819053649902e-01,1.875920295715332031e-01,9.916434437036514282e-02,0.000000000000000000e+00
3.427490293979644775e-01,-1.922446936368942261e-01,-2.701539397239685059e-01,1.602082699537277222e-01,-9.869898557662963867e-01,1.357668545097112656e-02,0.000000000000000000e+00
-4.648234546184539795e-01,-2.884813547134399414e-01,-1.784466654062271118e-01,9.038311988115310669e-02,-9.875236153602600098e-01,1.289497166872024536e-01,0.000000000000000000e+00
5.935026407241821289e-01,1.395515799522399902e-01,-4.093132317066192627e-01,1.083773896098136902e-01,-9.376012533903121948e-02,-9.896784424781799316e-01,0.000000000000000000e+00
-1.405368596315383911e-01,-7.403940707445144653e-02,-4.614159464836120605e-01,1.034274101257324219e-01,-1.377129554748535156e-01,-9.850572943687438965e-01,0.000000000000000000e+00
-7.304099798202514648e-01,-4.292446747422218323e-02,-5.342183113098144531e-01,8.801265060901641846e-02,-9.435045719146728516e-02,-9.916409254074096680e-01,0.000000000000000000e+00
4.526006877422332764e-01,3.979813307523727417e-02,-4.145788252353668213e-01,1.039092168211936951e-01,-1.112896278500556946e-01,-9.883407950401306152e-01,0.000000000000000000e+00
8.619441986083984375e-01,8.961772173643112183e-02,-3.788974136114120483e-02,9.719521999359130859e-01,1.978773772716522217e-01,1.270961314439773560e-01,0.000000000000000000e+00
3.082779049873352051e-01,3.101388216018676758e-01,3.548549115657806396e-01,-1.522662788629531860e-01,9.881158471107482910e-01,-2.102568745613098145e-02,0.000000000000000000e+00
-5.049587488174438477e-01,-3.080238103866577148e-01,-2.878360450267791748e-01,1.002288460731506348e-01,-9.769183993339538574e-01,1.886388808488845825e-01,0.000000000000000000e+00
2.332443147897720337e-01,2.967607676982879639e-01,3.033095896244049072e-01,-1.615563780069351196e-01,9.863489270210266113e-01,-3.186396509408950806e-02,0.000000000000000000e+00
1.450565457344055176e-01,-1.086331903934478760e-01,4.108052551746368408e-01,1.185243502259254456e-01,-9.513823390007019043e-01,2.842949330806732178e-01,0.000000000000000000e+00
-2.158079147338867188e-01,4.778293520212173462e-02,4.224428832530975342e-01,-1.130927354097366333e-01,1.203818619251251221e-01,9.862647652626037598e-01,0.000000000000000000e+00
8.328440785408020020e-01,2.609636187553405762e-01,-8.836350589990615845e-02,9.739833474159240723e-01,2.065420299768447876e-01,9.325677901506423950e-02,0.000000000000000000e+00
2.382891774177551270e-01,2.541853189468383789e-01,-8.849236369132995605e-02,-1.728256493806838989e-01,9.690733551979064941e-01,-1.761481761932373047e-01,0.000000000000000000e+00
7.359395623207092285e-01,-1.293234229087829590e-01,-2.684785425662994385e-01,1.596353948116302490e-01,-9.868410229682922363e-01,2.571621164679527283e-02,0.000000000000000000e+00
-1.034794822335243225e-01,4.287979379296302795e-02,4.363650083541870117e-01,-1.204995065927505493e-01,1.303640455007553101e-01,9.841163754463195801e-01,0.000000000000000000e+00
-3.664510846138000488e-01,-2.178513705730438232e-01,2.011349201202392578e-01,5.086185783147811890e-02,-9.833229184150695801e-01,1.746113300323486328e-01,0.000000000000000000e+00
1.364534944295883179e-01,-1.987119168043136597e-01,1.102777896448969841e-03,1.339688748121261597e-01,-9.793498516082763672e-01,1.514139622449874878e-01,0.000000000000000000e+00
6.067022085189819336e-01,2.938686907291412354e-01,-1.600556075572967529e-01,-1.248572692275047302e-01,9.674444198608398438e-01,-2.201407253742218018e-01,0.000000000000000000e+00
-9.387425146996974945e-03,1.471182405948638916e-01,-3.880160748958587646e-01,-1.465926170349121094e-01,9.528208374977111816e-01,-2.657876610755920410e-01,0.000000000000000000e+00
-3.853730261325836182e-01,-8.891767263412475586e-02,-4.869021475315093994e-01,1.220934912562370300e-01,-1.452605724334716797e-01,-9.818311929702758789e-01,0.000000000000000000e+00
-1.160745099186897278e-01,2.175192683935165405e-01,7.394484430551528931e-02,-1.740972995758056641e-01,9.754073023796081543e-01,-1.351691633462905884e-01,0.000000000000000000e+00
7.760080099105834961e-01,8.905112743377685547e-02,-3.836890161037445068e-01,1.131473407149314880e-01,-1.357764452695846558e-01,-9.842572808265686035e-01,0.000000000000000000e+00
6.661479473114013672e-01,2.362599074840545654e-01,-3.912087976932525635e-01,-1.346917003393173218e-01,9.363170862197875977e-01,-3.242968320846557617e-01,0.000000000000000000e+00
9.493579715490341187e-02,-1.362286359071731567e-01,-4.266827106475830078e-01,1.083203926682472229e-01,-1.699764430522918701e-01,-9.794767498970031738e-01,0.000000000000000000e+00
3.595170974731445312e-01,-1.529649049043655396e-01,9.990619868040084839e-02,1.272087246179580688e-01,-9.785725474357604980e-01,1.619066148996353149e-01,0.000000000000000000e+00
7.320772409439086914e-01,3.801060020923614502e-01,3.838311731815338135e-01,9.367153048515319824e-02,9.923743009567260742e-01,8.011795580387115479e-02,0.000000000000000000e+00
-8.167716860771179199e-01,4.493535310029983521e-02,-2.693914771080017090e-01,-7.103405892848968506e-02,9.719038605690002441e-01,-2.244038581848144531e-01,0.000000000000000000e+00
1.975405067205429077e-01,-1.849374771118164062e-01,4.095287248492240906e-02,1.352573782205581665e-01,-9.782704114913940430e-01,1.571381688117980957e-01,0.000000000000000000e+00
-7.449669241905212402e-01,-2.861734330654144287e-01,2.784475497901439667e-02,2.064813971519470215e-01,-9.617585539817810059e-01,1.799610406160354614e-01,0.000000000000000000e+00
7.653919458389282227e-01,3.881194815039634705e-02,5.361100435256958008e-01,-1.263942718505859375e-01,-3.207122907042503357e-02,9.914615154266357422e-01,0.000000000000000000e+00
-1.370308101177215576e-01,-2.650707662105560303e-01,-3.142484426498413086e-01,1.339001804590225220e-01,-9.897726774215698242e-01,4.920103400945663452e-02,0.000000000000000000e+00
2.510305345058441162e-01,-1.962418667972087860e-02,-4.273586571216583252e-01,9.724403917789459229e-02,-1.381068080663681030e-01,-9.856318235397338867e-01,0.000000000000000000e+00
-6.570361852645874023e-01,7.609135657548904419e-02,-1.770071685314178467e-01,-1.393667906522750854e-01,9.725688695907592773e-01,-1.862437278032302856e-01,0.000000000000000000e+00
-2.539848983287811279e-01,1.903022378683090210e-01,5.480335280299186707e-02,-1.912937611341476440e-01,9.710454940795898438e-01,-1.430991142988204956e-01,0.000000000000000000e+00
-1.282621920108795166e-01,4.905841499567031860e-02,4.325120449066162109e-01,-1.204995065927505493e-01,1.303640455007553101e-01,9.841163754463195801e-01,0.000000000000000000e+00
-7.576272487640380859e-01,1.020760685205459595e-01,8.167836815118789673e-02,-8.735393732786178589e-02,9.863646626472473145e-01,-1.394778043031692505e-01,0.000000000000000000e+00
9.036051109433174133e-03,-2.386652827262878418e-01,-2.120413184165954590e-01,1.291862428188323975e-01,-9.894194006919860840e-01,6.603170931339263916e-02,0.000000000000000000e+00
3.190428018569946289e-02,-1.845138669013977051e-01,1.558061391115188599e-01,1.064120531082153320e-01,-9.748980402946472168e-01,1.955767869949340820e-01,0.000000000000000000e+00
3.481420874595642090e-02,2.463563233613967896e-01,9.119737148284912109e-02,-1.701602637767791748e-01,9.775764346122741699e-01,-1.240556091070175171e-01,0.000000000000000000e+00
-7.993826270103454590e-02,-2.308948487043380737e-01,-4.501809179782867432e-02,1.087212786078453064e-01,-9.838693141937255859e-01,1.420592069625854492e-01,0.000000000000000000e+00
7.673615217208862305e-01,2.199165076017379761e-01,5.043341517448425293e-01,4.196705222129821777e-01,2.737616598606109619e-01,8.654081225395202637e-01,0.000000000000000000e+00
-6.069377660751342773e-01,-2.483461499214172363e-01,1.343384236097335815e-01,9.672139585018157959e-02,-9.804962873458862305e-01,1.710905432701110840e-01,0.000000000000000000e+00
3.154398798942565918e-01,1.720608323812484741e-01,-4.373130202293395996e-01,2.552377060055732727e-02,5.316334366798400879e-01,-8.465898633003234863e-01,0.000000000000000000e+00
2.535934746265411377e-01,2.871287763118743896e-01,1.206253618001937866e-01,-1.645786762237548828e-01,9.796779751777648926e-01,-1.146511286497116089e-01,0.000000000000000000e+00
1.319035440683364868e-01,-2.353087440133094788e-02,4.718319773674011230e-01,-9.157955646514892578e-02,5.907344073057174683e-02,9.940440058708190918e-01,0.000000000000000000e+00
7.467823624610900879e-01,-9.765639156103134155e-02,7.720093708485364914e-03,2.428129017353057861e-01,-9.573302865028381348e-01,1.567184329032897949e-01,0.000000000000000000e+00
-8.170791864395141602e-01,-2.214962244033813477e-01,-4.577679038047790527e-01,-9.808536171913146973e-01,-1.256694048643112183e-01,-1.487727612257003784e-01,0.000000000000000000e+00
2.064430713653564453e-01,1.142514348030090332e-01,4.585610628128051758e-01,-5.888393521308898926e-02,1.511683762073516846e-01,9.867526292800903320e-01,0.000000000000000000e+00
8.614538908004760742e-01,-4.346717149019241333e-02,8.535058051347732544e-02,7.138513326644897461e-01,-6.793218255043029785e-01,1.701120436191558838e-01,0.000000000000000000e+00
-2.610493004322052002e-01,-1.871485710144042969e-01,2.960347533226013184e-01,1.125045195221900940e-01,-9.704890847206115723e-01,2.132923752069473267e-01,0.000000000000000000e+00
5.566796660423278809e-02,1.047360077500343323e-01,4.467909038066864014e-01,-2.637237310409545898e-02,1.504717916250228882e-01,9.882624745368957520e-01,0.000000000000000000e+00
4.740274325013160706e-02,-1.784376800060272217e-01,1.773319989442825317e-01,1.114546433091163635e-01,-9.754142165184020996e-01,1.901182532310485840e-01,0.000000000000000000e+00
-3.477151691913604736e-01,6.845036894083023071e-02,-4.979145228862762451e-01,-6.343355774879455566e-02,6.946507692337036133e-01,-7.165448069572448730e-01,0.000000000000000000e+00
-4.313619434833526611e-01,1.888163089752197266e-01,2.919512391090393066e-01,-1.580084562301635742e-01,9.810407161712646484e-01,-1.122161969542503357e-01,0.000000000000000000e+00
-1.530322283506393433e-01,-2.664152681827545166e-01,-2.992885410785675049e-01,1.268565058708190918e-01,-9.902170896530151367e-01,5.811650305986404419e-02,0.000000000000000000e+00
-1.730952411890029907e-01,-2.730843126773834229e-01,-3.949849009513854980e-01,1.460725367069244385e-01,-9.888073801994323730e-01,3.037734329700469971e-02,0.000000000000000000e+00
4.552569985389709473e-01,1.380347311496734619e-01,-4.239367246627807617e-01,1.045359447598457336e-01,-1.130114272236824036e-01,-9.880792498588562012e-01,0.000000000000000000e+00
-8.764687776565551758e-01,5.374233424663543701e-02,-1.699502915143966675e-01,-3.136648535728454590e-01,9.295431375503540039e-01,-1.938140839338302612e-01,0.000000000000000000e+00
8.787059187889099121e-01,-4.455967992544174194e-02,-3.948307409882545471e-02,9.917300343513488770e-01,-2.128813229501247406e-02,1.265634745359420776e-01,0.000000000000000000e+00
-8.351277112960815430e-01,-1.241330057382583618e-01,-4.597468376159667969e-01,-9.690162539482116699e-01,-2.233232557773590088e-01,-1.055190116167068481e-01,0.000000000000000000e+00
-6.745299100875854492e-01,-1.631659120321273804e-01,-5.127946138381958008e-01,1.398635357618331909e-01,-1.398568004369735718e-01,-9.802439808845520020e-01,0.000000000000000000e+00
-1.338711678981781006e-01,2.163108885288238525e-01,8.814691752195358276e-02,-1.740972995758056641e-01,9.754073023796081543e-01,-1.351691633462905884e-01,0.000000000000000000e+00
-9.457310289144515991e-02,1.084734275937080383e-01,-4.741531312465667725e-01,-7.593319751322269440e-04,5.045880675315856934e-01,-8.633598685264587402e-01,0.000000000000000000e+00
8.537451028823852539e-01,-6.896065175533294678e-02,-2.314800769090652466e-02,3.224928379058837891e-01,-9.319512844085693359e-01,1.657262742519378662e-01,0.000000000000000000e+00
2.778414785861968994e-01,8.320087194442749023e-02,4.674575626850128174e-01,-7.023216784000396729e-02,1.437424272298812866e-01,9.871198534965515137e-01,0.000000000000000000e+00
-3.549175560474395752e-01,1.936217993497848511e-01,2.277321070432662964e-01,-6.792178750038146973e-02,9.919916391372680664e-01,-1.064857468008995056e-01,0.000000000000000000e+00
-7.346134781837463379e-01,1.044721081852912903e-01,8.903388679027557373e-02,-9.442183375358581543e-02,9.873912334442138672e-01,-1.270555555820465088e-01,0.000000000000000000e+00
-5.094168186187744141e-01,-2.976206243038177490e-01,-2.111609727144241333e-01,1.253586411476135254e-01,-9.798165559768676758e-01,1.557072103023529053e-01,0.000000000000000000e+00
7.792299985885620117e-01,-9.200398623943328857e-02,-1.409937720745801926e-02,2.804513275623321533e-01,-9.424023628234863281e-01,1.822767406702041626e-01,0.000000000000000000e+00
-7.273641824722290039e-01,1.357329189777374268e-01,3.071621656417846680e-01,-2.178704366087913513e-02,9.891717433929443359e-01,-1.451364606618881226e-01,0.000000000000000000e+00
3.297045081853866577e-02,1.123556271195411682e-01,-4.647286832332611084e-01,9.818669408559799194e-02,-6.653559952974319458e-02,-9.929412603378295898e-01,0.000000000000000000e+00
7.893416881561279297e-01,1.323524713516235352e-01,5.130254626274108887e-01,8.733144402503967285e-01,2.122783362865447998e-01,4.384743869304656982e-01,0.000000000000000000e+00
-6.151853799819946289e-01,-3.206447064876556396e-01,-2.795294523239135742e-01,1.411771327257156372e-01,-9.792649149894714355e-01,1.452901363372802734e-01,0.000000000000000000e+00
8.950119018554687500e-01,-2.040330506861209869e-02,-2.707258164882659912e-01,9.897331595420837402e-01,1.343273371458053589e-01,4.883015155792236328e-02,0.000000000000000000e+00
-2.965663075447082520e-01,1.743821948766708374e-01,3.718482563272118568e-03,-2.743489146232604980e-01,9.483120441436767578e-01,-1.594895273447036743e-01,0.000000000000000000e+00
-6.049295067787170410e-01,-3.402548730373382568e-01,-4.542557895183563232e-01,1.647204905748367310e-01,-9.851422309875488281e-01,4.860010743141174316e-02,0.000000000000000000e+00
-1.488086134195327759e-01,-2.683301270008087158e-01,-3.536129295825958252e-01,1.424282491207122803e-01,-9.894425272941589355e-01,2.678844891488552094e-02,0.000000000000000000e+00
-1.221832036972045898e-01,1.450786292552947998e-01,-3.260246813297271729e-01,-1.377895176410675049e-01,9.665071964263916016e-01,-2.165129780769348145e-01,0.000000000000000000e+00
6.743424534797668457e-01,3.283543884754180908e-01,-2.323496527969837189e-02,-9.791845828294754028e-02,9.813797473907470703e-01,-1.652445197105407715e-01,0.000000000000000000e+00
5.483870506286621094e-01,-1.538516581058502197e-01,-1.638884097337722778e-01,3.193588852882385254e-01,-9.234932661056518555e-01,2.125324457883834839e-01,0.000000000000000000e+00
-8.592133224010467529e-02,1.355934143066406250e-01,-3.883990645408630371e-01,-1.428807228803634644e-01,9.616883397102355957e-01,-2.339672893285751343e-01,0.000000000000000000e+00
7.259196043014526367e-01,3.150317370891571045e-01,-1.238896101713180542e-01,-5.836878716945648193e-02,9.844747185707092285e-01,-1.655373722314834595e-01,0.000000000000000000e+00
-2.069750875234603882e-01,-2.484971582889556885e-01,-4.398585259914398193e-01,9.282590448856353760e-02,-1.074963063001632690e-01,-9.898625612258911133e-01,0.000000000000000000e+00
3.363934457302093506e-01,4.534763470292091370e-02,-4.268752038478851318e-01,9.542880207300186157e-02,-1.152540966868400574e-01,-9.887415170669555664e-01,0.000000000000000000e+00
-5.355809256434440613e-02,-1.522048115730285645e-01,-4.403703212738037109e-01,1.115999817848205566e-01,-1.708011329174041748e-01,-9.789649844169616699e-01,0.000000000000000000e+00
6.604243516921997070e-01,3.210060000419616699e-01,-5.754757300019264221e-02,-1.136445701122283936e-01,9.784196615219116211e-01,-1.725684702396392822e-01,0.000000000000000000e+00
-3.717565834522247314e-01,-2.129741311073303223e-01,2.298183292150497437e-01,2.943384274840354919e-02,-9.787108898162841797e-01,2.031221389770507812e-01,0.000000000000000000e+00
-7.791724205017089844e-01,-2.599486410617828369e-01,2.000226676464080811e-01,2.063169628381729126e-01,-9.576304554939270020e-01,2.009408771991729736e-01,0.000000000000000000e+00
2.047899365425109863e-01,-7.784647494554519653e-02,4.785332977771759033e-01,6.684596091508865356e-02,-7.893100380897521973e-01,6.103452444076538086e-01,0.000000000000000000e+00
6.859226822853088379e-01,1.277849078178405762e-01,-3.979591727256774902e-01,1.017987579107284546e-01,-1.114332824945449829e-01,-9.885442256927490234e-01,0.000000000000000000e+00
2.982947975397109985e-02,2.637955546379089355e-01,2.903317809104919434e-01,-1.613385379314422607e-01,9.860684871673583984e-01,-4.048168659210205078e-02,0.000000000000000000e+00
-3.773484528064727783e-01,1.475081890821456909e-01,3.897967338562011719e-01,-1.119980365037918091e-01,1.736680865287780762e-01,9.784149527549743652e-01,0.000000000000000000e+00
8.213580250740051270e-01,1.489730924367904663e-01,2.395468801259994507e-01,9.735060334205627441e-01,2.009644657373428345e-01,1.090840473771095276e-01,0.000000000000000000e+00
8.170425295829772949e-01,-1.122742965817451477e-01,-2.245666831731796265e-01,2.299423962831497192e-01,-9.692028164863586426e-01,8.816117793321609497e-02,0.000000000000000000e+00
7.892497181892395020e-01,2.494292110204696655e-01,3.194832205772399902e-01,9.669223427772521973e-01,2.250722795724868774e-01,1.200151890516281128e-01,0.000000000000000000e+00
-8.518175482749938965e-01,-1.888690441846847534e-01,-2.556393742561340332e-01,-9.835656285285949707e-01,-1.441946774721145630e-01,-1.086577475070953369e-01,0.000000000000000000e+00
1.243653520941734314e-02,-1.550303846597671509e-01,2.991633117198944092e-01,1.103993877768516541e-01,-9.625290632247924805e-01,2.476887851953506470e-01,0.000000000000000000e+00
-2.092567831277847290e-01,4.795262217521667480e-02,4.231517910957336426e-01,-1.096230447292327881e-01,1.250721365213394165e-01,9.860728979110717773e-01,0.000000000000000000e+00
8.378858566284179688e-01,1.379339583218097687e-02,2.972163259983062744e-01,9.845358729362487793e-01,1.363309472799301147e-01,1.100134998559951782e-01,0.000000000000000000e+00
1.355891674757003784e-01,1.828434318304061890e-01,4.419262409210205078e-01,-9.174773097038269043e-02,1.705720722675323486e-01,9.810644984245300293e-01,0.000000000000000000e+00
7.658990025520324707e-01,1.915736347436904907e-01,-3.957891166210174561e-01,1.096070557832717896e-01,-9.285898506641387939e-02,-9.896279573440551758e-01,0.000000000000000000e+00
-1.714423894882202148e-01,1.901312321424484253e-01,4.061943292617797852e-01,-1.087239906191825867e-01,1.421442478895187378e-01,9.838567376136779785e-01,0.000000000000000000e+00
1.434836536645889282e-01,-2.179344147443771362e-01,-1.819901466369628906e-01,1.756257116794586182e-01,-9.778109788894653320e-01,1.141986846923828125e-01,0.000000000000000000e+00
8.042542338371276855e-01,1.035227477550506592e-01,4.476431012153625488e-01,9.710376858711242676e-01,2.014333456754684448e-01,1.284926533699035645e-01,0.000000000000000000e+00
-9.139353632926940918e-01,-3.649837523698806763e-02,1.762277632951736450e-01,-9.830254316329956055e-01,-1.685373038053512573e-01,-7.249975949525833130e-02,0.000000000000000000e+00
8.896255493164062500e-01,-2.017178200185298920e-02,-1.660993397235870361e-01,9.926608204841613770e-01,9.877637028694152832e-02,6.976932287216186523e-02,0.000000000000000000e+00
3.860943913459777832e-01,3.225093185901641846e-01,3.995265662670135498e-01,-1.485141664743423462e-01,9.885442852973937988e-01,2.690291404724121094e-02,0.000000000000000000e+00
-8.800780177116394043e-01,7.969231158494949341e-02,-8.788552135229110718e-03,6.882505957037210464e-03,9.910585880279541016e-01,-1.332498937845230103e-01,0.000000000000000000e+00
-9.648425132036209106e-02,-1.922069340944290161e-01,1.864004433155059814e-01,1.055826544761657715e-01,-9.752381443977355957e-01,1.943267732858657837e-01,0.000000000000000000e+00
-5.839547514915466309e-01,1.540787816047668457e-01,2.501094043254852295e-01,-2.015591710805892944e-01,9.669081568717956543e-01,-1.564048975706100464e-01,0.000000000000000000e+00
7.417426109313964844e-01,2.462879940867424011e-02,-3.781501352787017822e-01,1.047698333859443665e-01,-1.674062013626098633e-01,-9.803052544593811035e-01,0.000000000000000000e+00
-3.497706651687622070e-01,-2.896921522915363312e-02,4.167885482311248779e-01,-1.281000822782516479e-01,1.102377176284790039e-01,9.856155514717102051e-01,0.000000000000000000e+00
6.804244518280029297e-01,3.538267612457275391e-01,1.346824467182159424e-01,-7.741077989339828491e-02,9.862657785415649414e-01,-1.459020078182220459e-01,0.000000000000000000e+00
-8.427888154983520508e-01,-7.107152789831161499e-02,-5.025805830955505371e-01,-9.724965095520019531e-01,-2.075825482606887817e-01,-1.056408435106277466e-01,0.000000000000000000e+00
2.851562500000000000e-01,9.964857250452041626e-02,-4.373817443847656250e-01,1.067365333437919617e-01,-9.907035529613494873e-02,-9.893393516540527344e-01,0.000000000000000000e+00
-1.389325261116027832e-01,-1.166559532284736633e-01,4.513423740863800049e-01,-9.149710834026336670e-02,1.100812852382659912e-02,9.957444667816162109e-01,0.000000000000000000e+00
-3.361107110977172852e-01,-2.927322089672088623e-01,-3.394660353660583496e-01,1.832135170698165894e-01,-9.789187312126159668e-01,9.028221666812896729e-02,0.000000000000000000e+00
-1.668675690889358521e-01,-2.711754143238067627e-01,-4.197259247303009033e-01,1.820948421955108643e-01,-9.751556515693664551e-01,-1.261464208364486694e-01,0.000000000000000000e+00
-2.771519720554351807e-01,4.946850240230560303e-02,4.153359532356262207e-01,-6.574755162000656128e-02,1.389087885618209839e-01,9.881202578544616699e-01,0.000000000000000000e+00
-3.259000182151794434e-01,1.357955783605575562e-01,-1.951685398817062378e-01,-2.140205353498458862e-01,9.597529768943786621e-01,-1.818500459194183350e-01,0.000000000000000000e+00
-7.314655184745788574e-01,-3.563645482063293457e-01,-4.451787173748016357e-01,1.500868797302246094e-02,-9.970617890357971191e-01,7.511655986309051514e-02,0.000000000000000000e+00
-5.584963560104370117e-01,7.249041646718978882e-02,-2.993699908256530762e-01,-1.681742072105407715e-01,9.733358621597290039e-01,-1.559957712888717651e-01,0.000000000000000000e+00
-5.861032695975154638e-05,-2.197743356227874756e-01,-3.071216493844985962e-02,1.131216958165168762e-01,-9.831335544586181641e-01,1.437077969312667847e-01,0.000000000000000000e+00
-8.408169150352478027e-01,4.524072632193565369e-02,-2.540868818759918213e-01,-1.008169278502464294e-01,9.855836033821105957e-01,-1.358708292245864868e-01,0.000000000000000000e+00
-4.754332005977630615e-01,-1.918773353099822998e-01,-4.828384220600128174e-01,1.283701807260513306e-01,-2.782687246799468994e-01,-9.518863558769226074e-01,0.000000000000000000e+00
8.711544424295425415e-02,2.736665010452270508e-01,3.089492321014404297e-01,-1.505410373210906982e-01,9.880154132843017578e-01,-3.410143032670021057e-02,0.000000000000000000e+00
-3.019556999206542969e-01,-2.040697932243347168e-01,2.369235306978225708e-01,8.264148235321044922e-02,-9.780796170234680176e-01,1.911299526691436768e-01,0.000000000000000000e+00
-5.698623061180114746e-01,5.554148182272911072e-02,-3.893961310386657715e-01,-1.756335496902465820e-01,9.704311490058898926e-01,-1.655783802270889282e-01,0.000000000000000000e+00
3.915733397006988525e-01,-1.651548445224761963e-01,-9.947850368916988373e-03,1.379381418228149414e-01,-9.808843135833740234e-01,1.372553557157516479e-01,0.000000000000000000e+00
-8.892160058021545410e-01,-2.144031226634979248e-01,2.328297048807144165e-01,-9.350152611732482910e-01,-3.449567258358001709e-01,-8.216635882854461670e-02,0.000000000000000000e+00
7.339853048324584961e-02,2.065415531396865845e-01,-1.949591487646102905e-01,-1.606348454952239990e-01,9.664463400840759277e-01,-2.004441767930984497e-01,0.000000000000000000e+00
-7.159153223037719727e-01,-3.196015357971191406e-01,-1.810660064220428467e-01,1.652116626501083374e-01,-9.716062545776367188e-01,1.693705171346664429e-01,0.000000000000000000e+00
2.342191189527511597e-01,2.607833147048950195e-01,-4.634348303079605103e-02,-1.598377525806427002e-01,9.751235246658325195e-01,-1.535774618387222290e-01,0.000000000000000000e+00
-4.537208080291748047e-01,-1.975530683994293213e-01,3.485727012157440186e-01,1.424126178026199341e-01,-9.699589014053344727e-01,1.972267627716064453e-01,0.000000000000000000e+00
-9.223511815071105957e-01,-7.969722151756286621e-03,2.234676480293273926e-01,-9.824874401092529297e-01,-1.709109097719192505e-01,-7.421533018350601196e-02,0.000000000000000000e+00
-8.073247075080871582e-01,-1.557838618755340576e-01,-5.229350328445434570e-01,-4.206056594848632812e-01,-1.893541067838668823e-01,-8.872631788253784180e-01,0.000000000000000000e+00
-5.190662145614624023e-01,9.140461683273315430e-02,-2.275303900241851807e-01,-1.950459480285644531e-01,9.689989089965820312e-01,-1.516517251729965210e-01,0.000000000000000000e+00
-8.442555665969848633e-01,-2.670216262340545654e-01,-1.826055198907852173e-01,-9.717200398445129395e-01,-2.194410711526870728e-01,-8.721125125885009766e-02,0.000000000000000000e+00
5.818226337432861328e-01,3.302312791347503662e-01,4.685946404933929443e-01,-1.439097672700881958e-01,3.200733959674835205e-01,9.363989233970642090e-01,0.000000000000000000e+00
3.190229833126068115e-01,2.274899929761886597e-01,-2.646353542804718018e-01,-1.238237693905830383e-01,9.613573551177978516e-01,-2.458855509757995605e-01,0.000000000000000000e+00
7.149426639080047607e-02,-2.227734923362731934e-01,-1.207389310002326965e-01,1.324717402458190918e-01,-9.857255816459655762e-01,1.039053052663803101e-01,0.000000000000000000e+00
2.560060620307922363e-01,2.476359158754348755e-01,-1.368767023086547852e-01,-1.617221534252166748e-01,9.661797881126403809e-01,-2.008546590805053711e-01,0.000000000000000000e+00
-5.488092899322509766e-01,-2.067164629697799683e-01,3.617225885391235352e-01,1.203143596649169922e-01,-9.780627489089965820e-01,1.700520962476730347e-01,0.000000000000000000e+00
-1.531110107898712158e-01,4.760583862662315369e-02,4.294999837875366211e-01,-1.162537932395935059e-01,1.171177327632904053e-01,9.862902760505676270e-01,0.000000000000000000e+00
-1.611912548542022705e-01,1.837689429521560669e-01,-9.559281915426254272e-02,-1.985077559947967529e-01,9.665715098381042480e-01,-1.622779667377471924e-01,0.000000000000000000e+00
-7.805225253105163574e-01,-2.933058440685272217e-01,3.397776186466217041e-02,2.416881620883941650e-01,-9.545347094535827637e-01,1.745002269744873047e-01,0.000000000000000000e+00
-5.838281512260437012e-01,-6.371006369590759277e-02,-5.165358781814575195e-01,1.286836862564086914e-01,-1.574608683586120605e-01,-9.791049957275390625e-01,0.000000000000000000e+00
4.581004679203033447e-01,-1.485010981559753418e-01,3.792910650372505188e-02,1.425093412399291992e-01,-9.761299490928649902e-01,1.638946831226348877e-01,0.000000000000000000e+00
6.535893678665161133e-01,2.383466511964797974e-01,5.037721395492553711e-01,-1.948996484279632568e-01,2.163126617670059204e-01,9.566728472709655762e-01,0.000000000000000000e+00
-3.165839016437530518e-01,1.575383991003036499e-01,-6.764379888772964478e-02,-7.743971794843673706e-02,9.807432889938354492e-01,-1.792923510074615479e-01,0.000000000000000000e+00
-3.443595170974731445e-01,9.301364421844482422e-02,-3.981660306453704834e-01,-1.613880693912506104e-01,9.683510065078735352e-01,-1.903948634862899780e-01,0.000000000000000000e+00
5.141083598136901855e-01,2.049107424682006240e-04,5.099343061447143555e-01,-1.204032450914382935e-01,5.982483923435211182e-02,9.909207820892333984e-01,0.000000000000000000e+00
2.625112831592559814e-01,-4.006407037377357483e-02,4.853950142860412598e-01,-8.999966084957122803e-02,1.535243839025497437e-01,9.840377569198608398e-01,0.000000000000000000e+00
-5.660853981971740723e-01,-2.771583795547485352e-01,-5.433436110615730286e-02,1.039654687047004700e-01,-9.803123474121093750e-01,1.678656935691833496e-01,0.000000000000000000e+00
-4.257992506027221680e-01,1.953224092721939087e-01,3.459370434284210205e-01,-1.563582718372344971e-01,9.857473373413085938e-01,-6.208259239792823792e-02,0.000000000000000000e+00
-4.490234255790710449e-01,-2.641785442829132080e-01,-3.835770487785339355e-02,7.359538972377777100e-02,-9.807785153388977051e-01,1.807131618261337280e-01,0.000000000000000000e+00
4.152331650257110596e-01,2.572844326496124268e-01,4.613770246505737305e-01,-1.375123560428619385e-01,1.662903428077697754e-01,9.764414429664611816e-01,0.000000000000000000e+00
7.519484311342239380e-02,-2.103439122438430786e-01,-2.853451669216156006e-02,1.248362213373184204e-01,-9.857113361358642578e-01,1.130889803171157837e-01,0.000000000000000000e+00
7.541708350181579590e-01,2.828605473041534424e-01,-2.830334603786468506e-01,-8.464974164962768555e-02,9.594249129295349121e-01,-2.689576148986816406e-01,0.000000000000000000e+00
-7.877250909805297852e-01,1.255000084638595581e-01,2.643620073795318604e-01,-7.613882422447204590e-02,9.871786832809448242e-01,-1.402893811464309692e-01,0.000000000000000000e+00
-1.970567852258682251e-01,3.608650341629981995e-02,4.261643886566162109e-01,-1.243027672171592712e-01,1.326113343238830566e-01,9.833428263664245605e-01,0.000000000000000000e+00
-8.671819567680358887e-01,-2.666934132575988770e-01,3.123261034488677979e-01,-9.453629702329635620e-02,-9.799783825874328613e-01,1.752293109893798828e-01,0.000000000000000000e+00
-8.092965483665466309e-01,1.178588122129440308e-01,2.214482426643371582e-01,-6.972435861825942993e-02,9.887073040008544922e-01,-1.326513141393661499e-01,0.000000000000000000e+00
8.366467952728271484e-01,9.881670586764812469e-03,3.099882304668426514e-01,9.916015267372131348e-01,5.131738632917404175e-02,1.187137141823768616e-01,0.000000000000000000e+00
-6.724042892456054688e-01,8.361495286226272583e-02,-1.030034050345420837e-01,-1.424760818481445312e-01,9.883212447166442871e-01,-5.405304580926895142e-02,0.000000000000000000e+00
-5.892338156700134277e-01,-2.572577595710754395e-01,7.234252244234085083e-02,9.891726821660995483e-02,-9.792082905769348145e-01,1.771058440208435059e-01,0.000000000000000000e+00
-8.137524127960205078e-02,1.649593114852905273e-01,-2.661862969398498535e-01,-1.468980163335800171e-01,9.673879742622375488e-01,-2.063527852296829224e-01,0.000000000000000000e+00
7.020128369331359863e-01,3.321855068206787109e-01,4.997639656066894531e-01,-3.966894745826721191e-01,1.169878691434860229e-01,9.104676246643066406e-01,0.000000000000000000e+00
-8.996911644935607910e-01,4.136755689978599548e-02,-7.848583906888961792e-02,-9.706288576126098633e-01,1.990277916193008423e-01,-1.351574659347534180e-01,0.000000000000000000e+00
-3.815230727195739746e-01,-1.707350611686706543e-01,-4.740378856658935547e-01,1.131964474916458130e-01,-1.345238536596298218e-01,-9.844236373901367188e-01,0.000000000000000000e+00
-6.632323265075683594e-01,-3.038002848625183105e-01,-1.369413286447525024e-01,1.406690627336502075e-01,-9.727281928062438965e-01,1.844235062599182129e-01,0.000000000000000000e+00
-7.795915007591247559e-01,-3.634856343269348145e-01,-3.874635398387908936e-01,-4.235098958015441895e-01,-8.935651779174804688e-01,-1.489318013191223145e-01,0.000000000000000000e+00
5.893220901489257812e-01,-1.530464440584182739e-01,-2.980461418628692627e-01,1.630636155605316162e-01,-9.865541458129882812e-01,1.100945658981800079e-02,0.000000000000000000e+00
-5.716440677642822266e-01,1.026913300156593323e-01,-8.571761101484298706e-02,-1.897278875112533569e-01,9.713572859764099121e-01,-1.430676579475402832e-01,0.000000000000000000e+00
4.047060012817382812e-01,-1.693036593496799469e-02,-4.119814038276672363e-01,1.104709580540657043e-01,-1.450870782136917114e-01,-9.832323789596557617e-01,0.000000000000000000e+00
-4.680930376052856445e-01,1.675266027450561523e-01,3.757721185684204102e-01,-1.607375890016555786e-01,3.314059376716613770e-01,9.296953678131103516e-01,0.000000000000000000e+00
2.244147360324859619e-01,-1.501235663890838623e-01,2.102682143449783325e-01,1.246565580368041992e-01,-9.704211950302124023e-01,2.067447453737258911e-01,0.000000000000000000e+00
-8.091989755630493164e-01,2.044961787760257721e-02,-4.282039105892181396e-01,-1.136288866400718689e-01,9.795567989349365234e-01,-1.660029888153076172e-01,0.000000000000000000e+00
-5.770106911659240723e-01,-2.386349588632583618e-01,1.809935271739959717e-01,1.079818010330200195e-01,-9.641417860984802246e-01,2.424264252185821533e-01,0.000000000000000000e+00
-7.843438386917114258e-01,-1.018622741103172302e-01,3.799735009670257568e-01,-5.963624641299247742e-02,1.259670108556747437e-01,9.902402758598327637e-01,0.000000000000000000e+00
5.744171142578125000e-01,1.937697827816009521e-01,-4.167026877403259277e-01,1.263169050216674805e-01,-1.296563148498535156e-01,-9.834802150726318359e-01,0.000000000000000000e+00
-4.399827420711517334e-01,-2.731982171535491943e-01,-9.686525911092758179e-02,1.046623662114143372e-01,-9.798771142959594727e-01,1.699606627225875854e-01,0.000000000000000000e+00
1.326516922563314438e-02,7.077862322330474854e-02,4.471660256385803223e-01,-1.230444312095642090e-01,1.459351927042007446e-01,9.816124439239501953e-01,0.000000000000000000e+00
8.701550960540771484e-01,1.617589294910430908e-01,-3.298771083354949951e-01,9.847306609153747559e-01,1.528829783201217651e-01,8.326036483049392700e-02,0.000000000000000000e+00
8.295138478279113770e-01,2.093757688999176025e-01,-3.903305530548095703e-01,9.655824303627014160e-02,-9.288591891527175903e-02,-9.909837245941162109e-01,0.000000000000000000e+00
-7.467948198318481445e-01,1.271884590387344360e-01,2.552331387996673584e-01,-6.871725618839263916e-02,9.880527257919311523e-01,-1.379485130310058594e-01,0.000000000000000000e+00
7.977033853530883789e-01,3.034915924072265625e-01,-2.057437896728515625e-01,3.809630125761032104e-02,9.886096119880676270e-01,-1.456010639667510986e-01,0.000000000000000000e+00
-4.905598461627960205e-01,-3.282453492283821106e-02,4.024385809898376465e-01,-5.657817423343658447e-02,1.225359290838241577e-01,9.908500909805297852e-01,0.000000000000000000e+00
-8.504544496536254883e-01,-2.217673957347869873e-01,-2.195370644330978394e-01,-9.818789362907409668e-01,-1.676315367221832275e-01,-8.839348703622817993e-02,0.000000000000000000e+00
-8.990753293037414551e-01,9.153630584478378296e-02,7.390505820512771606e-02,9.315469861030578613e-02,9.807210564613342285e-01,-1.717801690101623535e-01,0.000000000000000000e+00
-5.173289179801940918e-01,1.018521487712860107e-01,-1.635203063488006592e-01,-1.961069852113723755e-01,9.684546589851379395e-01,-1.537454724311828613e-01,0.000000000000000000e+00
1.027796790003776550e-01,-2.110763639211654663e-01,-4.118657708168029785e-01,1.350110769271850586e-01,-3.404704332351684570e-01,-9.305116534233093262e-01,0.000000000000000000e+00
4.240210056304931641e-01,-1.587281674146652222e-01,2.249478129670023918e-03,1.488798707723617554e-01,-9.795671701431274414e-01,1.352145969867706299e-01,0.000000000000000000e+00
1.659533679485321045e-01,9.726756811141967773e-02,4.583142697811126709e-01,-8.446435630321502686e-02,1.490675210952758789e-01,9.852129817008972168e-01,0.000000000000000000e+00
-2.238117009401321411e-01,-1.525450348854064941e-01,-4.578274786472320557e-01,5.250556021928787231e-02,-1.902821958065032959e-01,-9.803243875503540039e-01,0.000000000000000000e+00
9.073773622512817383e-01,-9.175688028335571289e-02,-3.063547611236572266e-01,9.838556647300720215e-01,-1.345474123954772949e-01,1.180045455694198608e-01,0.000000000000000000e+00
-7.553524374961853027e-01,-2.894980609416961670e-01,2.206080220639705658e-02,2.146860063076019287e-01,-9.593306779861450195e-01,1.832880526781082153e-01,0.000000000000000000e+00
-4.774582386016845703e-01,7.338116317987442017e-02,3.895206153392791748e-01,-1.580623835325241089e-01,1.314800381660461426e-01,9.786364436149597168e-01,0.000000000000000000e+00
-8.306233584880828857e-02,-1.317161917686462402e-01,-4.469482302665710449e-01,1.017670780420303345e-01,-1.606839895248413086e-01,-9.817454218864440918e-01,0.000000000000000000e+00
3.601844608783721924e-01,-6.469590216875076294e-02,4.700278937816619873e-01,1.276331841945648193e-01,-9.667260050773620605e-01,2.216992825269699097e-01,0.000000000000000000e+00
4.009771347045898438e-01,-1.052284240722656250e-01,3.035559058189392090e-01,1.331431716680526733e-01,-9.635160565376281738e-01,2.321847528219223022e-01,0.000000000000000000e+00
-5.246305838227272034e-02,-1.757273077964782715e-01,2.420085072517395020e-01,1.024844646453857422e-01,-9.701523780822753906e-01,2.197756171226501465e-01,0.000000000000000000e+00
4.802050888538360596e-01,-1.141473650932312012e-01,2.158438265323638916e-01,1.562657356262207031e-01,-9.677935838699340820e-01,1.973743587732315063e-01,0.000000000000000000e+00
1.611754745244979858e-01,2.773291468620300293e-01,1.782363951206207275e-01,-1.699796915054321289e-01,9.814397096633911133e-01,-8.878624439239501953e-02,0.000000000000000000e+00
8.955764770507812500e-01,-1.201065443456172943e-02,-3.073583543300628662e-01,9.898176789283752441e-01,1.368052959442138672e-01,3.930934146046638489e-02,0.000000000000000000e+00
-9.184578657150268555e-01,4.884359426796436310e-03,1.438865363597869873e-01,-9.846561551094055176e-01,-1.600130945444107056e-01,-6.962843239307403564e-02,0.000000000000000000e+00
-1.863007992506027222e-01,1.544448882341384888e-01,-2.303828299045562744e-01,-1.374764442443847656e-01,9.745623469352722168e-01,-1.769986003637313843e-01,0.000000000000000000e+00
7.045239210128784180e-01,3.722139000892639160e-01,4.201766550540924072e-01,-2.773085534572601318e-01,9.605596661567687988e-01,-2.061754837632179260e-02,0.000000000000000000e+00
-3.489944934844970703e-01,-2.186053097248077393e-01,1.887473165988922119e-01,1.368434876203536987e-01,-9.738297462463378906e-01,1.814646720886230469e-01,0.000000000000000000e+00
8.089193105697631836e-01,2.953227758407592773e-01,6.228633597493171692e-02,9.151754379272460938e-01,3.975091874599456787e-01,6.663618236780166626e-02,0.000000000000000000e+00
-3.635736703872680664e-01,-2.350174933671951294e-01,9.807740151882171631e-02,1.095824018120765686e-01,-9.777911901473999023e-01,1.786506921052932739e-01,0.000000000000000000e+00
-7.130075097084045410e-01,1.032009348273277283e-01,6.420658528804779053e-02,-5.990835279226303101e-02,9.966704845428466797e-01,-5.530811101198196411e-02,0.000000000000000000e+00
-8.776547312736511230e-01,1.224440708756446838e-01,3.223082721233367920e-01,-1.047021076083183289e-01,9.642898440361022949e-01,2.432747483253479004e-01,0.000000000000000000e+00
7.980642318725585938e-01,2.970497906208038330e-01,1.621976792812347412e-01,9.637532830238342285e-01,2.466994673013687134e-01,1.015822738409042358e-01,0.000000000000000000e+00
8.832986354827880859e-01,-4.634099081158638000e-02,-7.929838448762893677e-02,9.938862919807434082e-01,-2.508822269737720490e-02,1.075205132365226746e-01,0.000000000000000000e+00
-5.373429507017135620e-02,-2.047338783740997314e-01,9.727297723293304443e-02,1.039449498057365417e-01,-9.778513908386230469e-01,1.816646605730056763e-01,0.000000000000000000e+00
7.639897465705871582e-01,4.168060421943664551e-02,-3.784042298793792725e-01,1.105083003640174866e-01,-1.462076157331466675e-01,-9.830622076988220215e-01,0.000000000000000000e+00
-5.214738249778747559e-01,-3.149254918098449707e-01,-3.304175734519958496e-01,1.147683933377265930e-01,-9.825975894927978516e-01,1.460484862327575684e-01,0.000000000000000000e+00
2.288648635149002075e-01,1.925161480903625488e-01,-3.458683788776397705e-01,-1.292704939842224121e-01,9.542894959449768066e-01,-2.694823145866394043e-01,0.000000000000000000e+00
2.503285109996795654e-01,-1.158278957009315491e-01,3.378538489341735840e-01,1.213899180293083191e-01,-9.583150744438171387e-01,2.586438953876495361e-01,0.000000000000000000e+00
-2.005767375230789185e-01,-9.303794056177139282e-02,4.407009482383728027e-01,-1.572036892175674438e-01,5.330421403050422668e-02,9.861266016960144043e-01,0.000000000000000000e+00
-6.216630935668945312e-01,-3.040806651115417480e-01,-1.696549952030181885e-01,1.214297190308570862e-01,-9.788183569908142090e-01,1.648315489292144775e-01,0.000000000000000000e+00
-6.785505414009094238e-01,9.333692491054534912e-02,-3.167873620986938477e-02,7.824168354272842407e-02,9.728571176528930664e-01,-2.177779823541641235e-01,0.000000000000000000e+00
-4.251335263252258301e-01,-2.922210395336151123e-01,-2.318964302539825439e-01,9.143795073032379150e-02,-9.908713698387145996e-01,9.906099736690521240e-02,0.000000000000000000e+00
1.272152084857225418e-02,-2.350469827651977539e-01,-1.716113388538360596e-01,1.219389438629150391e-01,-9.896195530891418457e-01,7.605272531509399414e-02,0.000000000000000000e+00
-6.767526268959045410e-01,-2.276841551065444946e-01,3.220283091068267822e-01,1.270230561494827271e-01,-9.822683930397033691e-01,1.378912180662155151e-01,0.000000000000000000e+00
-7.531881928443908691e-01,-2.640153169631958008e-01,1.516230404376983643e-01,2.195713222026824951e-01,-9.564306735992431641e-01,1.924287974834442139e-01,0.000000000000000000e+00
-2.020947486162185669e-01,1.918137520551681519e-01,4.946088418364524841e-03,-1.383385211229324341e-01,9.799728989601135254e-01,-1.432324051856994629e-01,0.000000000000000000e+00
-8.459076881408691406e-01,-2.016755193471908569e-01,-2.882733643054962158e-01,-9.826588034629821777e-01,-1.331042498350143433e-01,-1.290925294160842896e-01,0.000000000000000000e+00
8.320239782333374023e-01,2.896733283996582031e-01,-2.118192017078399658e-01,9.536944627761840820e-01,2.873937189579010010e-01,8.872300386428833008e-02,0.000000000000000000e+00
-5.006380081176757812e-01,1.144260019063949585e-01,3.807195127010345459e-01,-2.823179773986339569e-02,1.488320529460906982e-01,9.884594082832336426e-01,0.000000000000000000e+00
7.696824073791503906e-01,2.977910041809082031e-01,-2.343827188014984131e-01,-1.708793044090270996e-01,9.579711556434631348e-01,-2.304159402847290039e-01,0.000000000000000000e+00
8.556610345840454102e-01,7.632706314325332642e-03,1.561014056205749512e-01,9.916345477104187012e-01,3.603914752602577209e-02,1.239441186189651489e-01,0.000000000000000000e+00
-4.378991425037384033e-01,1.467552334070205688e-01,1.199263427406549454e-02,-2.062454521656036377e-01,9.662187099456787109e-01,-1.545451730489730835e-01,0.000000000000000000e+00
-3.657254874706268311e-01,-2.819450497627258301e-01,-1.997584551572799683e-01,9.475959092378616333e-02,-9.856251478195190430e-01,1.398703306913375854e-01,0.000000000000000000e+00
-1.096819117665290833e-01,2.074321731925010681e-02,4.381076991558074951e-01,-1.020232662558555603e-01,1.259481757879257202e-01,9.867767095565795898e-01,0.000000000000000000e+00
-5.275470018386840820e-01,-2.246507108211517334e-01,2.414078116416931152e-01,8.251704275608062744e-02,-9.819312691688537598e-01,1.702994257211685181e-01,0.000000000000000000e+00
-7.354225516319274902e-01,-1.571684926748275757e-01,3.898577988147735596e-01,-5.254336073994636536e-02,-1.329165548086166382e-01,9.897335171699523926e-01,0.000000000000000000e+00
-9.089919924736022949e-01,-9.073231369256973267e-02,3.561641871929168701e-01,-3.779481947422027588e-01,8.927313238382339478e-02,9.215126037597656250e-01,0.000000000000000000e+00
4.646963775157928467e-01,1.559984833002090454e-01,-4.243072867393493652e-01,1.081069037318229675e-01,-6.206372752785682678e-02,-9.922000765800476074e-01,0.000000000000000000e+00
-2.347609847784042358e-01,1.881762892007827759e-01,1.474301330745220184e-02,-1.871523410081863403e-01,9.679443240165710449e-01,-1.675046533346176147e-01,0.000000000000000000e+00
-4.603212475776672363e-01,-5.612829700112342834e-02,4.084851741790771484e-01,-1.286959201097488403e-01,1.251859068870544434e-01,9.837508797645568848e-01,0.000000000000000000e+00
3.578203022480010986e-01,2.546112835407257080e-01,-1.765023022890090942e-01,-1.437124460935592651e-01,9.652772545814514160e-01,-2.181434333324432373e-01,0.000000000000000000e+00
6.185986399650573730e-01,3.528518080711364746e-01,1.897550225257873535e-01,-1.581271290779113770e-01,9.810060858726501465e-01,-1.123516336083412170e-01,0.000000000000000000e+00
-2.440318018198013306e-01,-2.374904900789260864e-01,2.514979802072048187e-02,4.826082661747932434e-02,-9.823223352432250977e-01,1.808692663908004761e-01,0.000000000000000000e+00
5.399872660636901855e-01,1.383983939886093140e-01,5.003247857093811035e-01,-1.709723323583602905e-01,1.238720789551734924e-01,9.774580001831054688e-01,0.000000000000000000e+00
-5.175338312983512878e-02,2.054989933967590332e-01,-8.335700631141662598e-02,-1.788553148508071899e-01,9.714046716690063477e-01,-1.561527997255325317e-01,0.000000000000000000e+00
8.664336204528808594e-01,8.028007298707962036e-02,-6.664008647203445435e-02,9.810328483581542969e-01,1.691977083683013916e-01,9.458693116903305054e-02,0.000000000000000000e+00
-7.931285500526428223e-01,8.851693570613861084e-02,4.537368658930063248e-03,-6.746565550565719604e-02,9.885634183883666992e-01,-1.348732560873031616e-01,0.000000000000000000e+00
-4.782209396362304688e-01,1.414818465709686279e-01,3.471650928258895874e-02,-2.039901912212371826e-01,9.660061597824096680e-01,-1.588082462549209595e-01,0.000000000000000000e+00
8.617067933082580566e-01,-4.448574036359786987e-03,1.092206090688705444e-01,9.935876727104187012e-01,3.138427063822746277e-02,1.086209267377853394e-01,0.000000000000000000e+00
-3.251582086086273193e-01,-2.759836018085479736e-01,-1.848375499248504639e-01,9.540940821170806885e-02,-9.862862229347229004e-01,1.346719264984130859e-01,0.000000000000000000e+00
7.372620105743408203e-01,-5.122608318924903870e-02,3.147500157356262207e-01,2.026174515485763550e-01,-9.651300311088562012e-01,1.657415181398391724e-01,0.000000000000000000e+00
-2.122345268726348877e-01,-1.365159600973129272e-01,4.439051449298858643e-01,-4.406067728996276855e-02,-3.062847554683685303e-01,9.509196877479553223e-01,0.000000000000000000e+00
5.253046154975891113e-01,-1.612210571765899658e-01,-3.565604388713836670e-01,1.476835757493972778e-01,-9.154665470123291016e-01,-3.743134140968322754e-01,0.000000000000000000e+00
-5.921886563301086426e-01,-1.887874901294708252e-01,4.096076190471649170e-01,-1.171946302056312561e-01,1.418703049421310425e-01,9.829233288764953613e-01,0.000000000000000000e+00
-1.215114071965217590e-01,-2.062532454729080200e-01,1.276919543743133545e-01,1.040871590375900269e-01,-9.775671362876892090e-01,1.831074357032775879e-01,0.000000000000000000e+00
7.884742021560668945e-01,3.404672816395759583e-02,5.373857617378234863e-01,3.145796358585357666e-01,9.246259182691574097e-02,9.447170495986938477e-01,0.000000000000000000e+00
-4.055553376674652100e-01,1.260320991277694702e-01,3.891374766826629639e-01,-1.109457537531852722e-01,1.445525139570236206e-01,9.832576513290405273e-01,0.000000000000000000e+00
1.473137550055980682e-02,-2.311831265687942505e-01,-1.322317570447921753e-01,1.188573166728019714e-01,-9.877765774726867676e-01,1.008484289050102234e-01,0.000000000000000000e+00
-7.405835986137390137e-01,1.164570748805999756e-01,1.770580857992172241e-01,-7.090383023023605347e-02,9.878603219985961914e-01,-1.382196545600891113e-01,0.000000000000000000e+00
-8.244194984436035156e-01,-3.089531958103179932e-01,-2.938770353794097900e-01,-9.691299796104431152e-01,-2.289148569107055664e-01,-9.156978875398635864e-02,0.000000000000000000e+00
1.617396920919418335e-01,-1.944831311702728271e-01,1.068717893213033676e-02,1.226302608847618103e-01,-9.799709916114807129e-01,1.569034457206726074e-01,0.000000000000000000e+00
8.184438347816467285e-01,2.989833652973175049e-01,-8.492771536111831665e-02,9.599419832229614258e-01,2.646017968654632568e-01,9.218049794435501099e-02,0.000000000000000000e+00
-8.067958354949951172e-01,-3.344572782516479492e-01,-3.810953795909881592e-01,-9.320555329322814941e-01,-3.320167958736419678e-01,-1.450424641370773315e-01,0.000000000000000000e+00
4.885987639427185059e-01,-1.452769041061401367e-01,-3.763825297355651855e-01,1.294843256473541260e-01,-2.790255546569824219e-01,-9.515138268470764160e-01,0.000000000000000000e+00
-6.970370411872863770e-01,-3.507704734802246094e-01,-4.766505956649780273e-01,1.762396097183227539e-01,-7.650985121726989746e-01,-6.193253397941589355e-01,0.000000000000000000e+00
5.465794801712036133e-01,-8.382815867662429810e-02,3.111642599105834961e-01,1.398968398571014404e-01,-9.627549052238464355e-01,2.313694357872009277e-01,0.000000000000000000e+00
2.667303383350372314e-02,-2.230991423130035400e-01,-7.759289443492889404e-02,1.179616227746009827e-01,-9.846382141113281250e-01,1.287348121404647827e-01,0.000000000000000000e+00
2.418898195028305054e-01,-1.165508329868316650e-01,3.391357958316802979e-01,1.213899180293083191e-01,-9.583150744438171387e-01,2.586438953876495361e-01,0.000000000000000000e+00
8.334977030754089355e-01,1.059798896312713623e-01,2.076847851276397705e-01,9.756578207015991211e-01,1.942162811756134033e-01,1.018421575427055359e-01,0.000000000000000000e+00
6.368891000747680664e-01,-8.682429045438766479e-02,2.283853888511657715e-01,1.666457504034042358e-01,-9.686050415039062500e-01,1.844816505908966064e-01,0.000000000000000000e+00
6.911044716835021973e-01,6.065433099865913391e-02,5.279210805892944336e-01,-1.111502051353454590e-01,4.627328366041183472e-02,9.927257299423217773e-01,0.000000000000000000e+00
-4.132497012615203857e-01,-2.068042606115341187e-01,2.809605598449707031e-01,5.227311700582504272e-02,-9.838206171989440918e-01,1.713607013225555420e-01,0.000000000000000000e+00
6.863039731979370117e-01,1.172676384449005127e-01,-3.967343568801879883e-01,1.017987579107284546e-01,-1.114332824945449829e-01,-9.885442256927490234e-01,0.000000000000000000e+00
-3.528954982757568359e-01,-1.241115704178810120e-01,-4.778714478015899658e-01,1.110335513949394226e-01,-1.432844698429107666e-01,-9.834333062171936035e-01,0.000000000000000000e+00
3.697384893894195557e-01,-1.025672107934951782e-01,3.308504521846771240e-01,1.181963533163070679e-01,-9.603868126869201660e-01,2.523624897003173828e-01,0.000000000000000000e+00
7.540202736854553223e-01,-1.137262210249900818e-01,-1.147219017148017883e-01,2.291497886180877686e-01,-9.649645090103149414e-01,1.278041601181030273e-01,0.000000000000000000e+00
5.070480704307556152e-01,5.038873106241226196e-02,5.044428110122680664e-01,-1.425029784440994263e-01,8.418779075145721436e-02,9.862075448036193848e-01,0.000000000000000000e+00
7.463541030883789062e-01,2.483947426080703735e-01,-3.881164193153381348e-01,-1.265686452388763428e-01,9.313480854034423828e-01,-3.414251506328582764e-01,0.000000000000000000e+00
8.393661677837371826e-02,1.530776619911193848e-01,-4.167514741420745850e-01,-1.164450868964195251e-01,9.570550322532653809e-01,-2.654923200607299805e-01,0.000000000000000000e+00
2.603863179683685303e-01,1.619901061058044434e-01,4.548358619213104248e-01,-7.722485065460205078e-02,1.465004384517669678e-01,9.861916303634643555e-01,0.000000000000000000e+00
-7.750150561332702637e-01,9.268370270729064941e-02,2.300449460744857788e-02,-6.137634813785552979e-02,9.948059916496276855e-01,-8.120328933000564575e-02,0.000000000000000000e+00
-8.086359500885009766e-01,-2.878463864326477051e-01,-4.553757011890411377e-01,-9.606974720954895020e-01,-2.314025759696960449e-01,-1.533400714397430420e-01,0.000000000000000000e+00
-2.127038538455963135e-01,-2.401819974184036255e-01,-1.369717158377170563e-02,1.060927212238311768e-01,-9.820220470428466797e-01,1.561313569545745850e-01,0.000000000000000000e+00
-7.067619562149047852e-01,-3.056204319000244141e-01,-1.117305979132652283e-01,1.616603881120681763e-01,-9.708263278007507324e-01,1.770937591791152954e-01,0.000000000000000000e+00
4.845764338970184326e-01,1.866419613361358643e-01,-4.244608283042907715e-01,1.234252527356147766e-01,-4.797612503170967102e-02,-9.911934733390808105e-01,0.000000000000000000e+00
2.109889388084411621e-01,-1.850317269563674927e-01,-4.028806686401367188e-01,1.354483813047409058e-01,-2.384885102510452271e-01,-9.616532325744628906e-01,0.000000000000000000e+00
6.999722123146057129e-01,-1.349912285804748535e-01,-2.704962193965911865e-01,1.481994092464447021e-01,-9.886824488639831543e-01,2.332335710525512695e-02,0.000000000000000000e+00
-6.780021190643310547e-01,5.817180871963500977e-02,-2.836101949214935303e-01,-1.017430201172828674e-01,9.834967851638793945e-01,-1.496077924966812134e-01,0.000000000000000000e+00
-3.657866120338439941e-01,1.649538278579711914e-01,2.983434870839118958e-02,-1.974510103464126587e-01,9.685422778129577637e-01,-1.514562070369720459e-01,0.000000000000000000e+00
6.733832359313964844e-01,2.603998184204101562e-01,-3.201473057270050049e-01,-1.379837393760681152e-01,9.489963650703430176e-01,-2.834896445274353027e-01,0.000000000000000000e+00
-5.128946304321289062e-01,-2.955717146396636963e-01,-1.959757208824157715e-01,9.903710335493087769e-02,-9.816044569015502930e-01,1.632311046123504639e-01,0.000000000000000000e+00
8.813921213150024414e-01,9.407642483711242676e-02,-3.297919034957885742e-01,9.869372844696044922e-01,1.540908217430114746e-01,4.701885208487510681e-02,0.000000000000000000e+00
8.631916642189025879e-01,1.518889963626861572e-01,-1.884430646896362305e-01,9.832662940025329590e-01,1.695913821458816528e-01,6.652976572513580322e-02,0.000000000000000000e+00
-4.683149755001068115e-01,1.100295558571815491e-01,-1.754232943058013916e-01,-1.941963136196136475e-01,9.685755968093872070e-01,-1.553999930620193481e-01,0.000000000000000000e+00
3.370050340890884399e-02,-1.559126526117324829e-01,2.862701714038848877e-01,1.099071204662322998e-01,-9.626053571701049805e-01,2.476111799478530884e-01,0.000000000000000000e+00
-8.014228940010070801e-01,-3.131023645401000977e-01,-4.543169140815734863e-01,-9.173150062561035156e-01,-3.580229878425598145e-01,-1.742201745510101318e-01,0.000000000000000000e+00
3.058558702468872070e-01,-8.261677622795104980e-02,4.302047193050384521e-01,1.175813302397727966e-01,-9.525516629219055176e-01,2.807488441467285156e-01,0.000000000000000000e+00
-7.474794387817382812e-01,7.832365483045578003e-02,-1.001376286149024963e-01,-4.863226786255836487e-02,9.926043152809143066e-01,-1.112276390194892883e-01,0.000000000000000000e+00
-4.604325816035270691e-02,1.737223565578460693e-01,-2.535591423511505127e-01,-1.662452816963195801e-01,9.640797376632690430e-01,-2.071540951728820801e-01,0.000000000000000000e+00
-4.745529592037200928e-01,-1.632874045753851533e-04,-5.105538368225097656e-01,1.544934660196304321e-01,-1.054093614220619202e-01,-9.823546409606933594e-01,0.000000000000000000e+00
2.883648872375488281e-01,3.076971173286437988e-01,3.969191014766693115e-01,-1.449312567710876465e-01,9.885221123695373535e-01,-4.264881461858749390e-02,0.000000000000000000e+00
-2.109498679637908936e-01,1.224937289953231812e-01,-3.633348345756530762e-01,-1.478249430656433105e-01,9.669399857521057129e-01,-2.077855914831161499e-01,0.000000000000000000e+00
-6.975724101066589355e-01,-3.181645870208740234e-01,-1.896456331014633179e-01,1.406270563602447510e-01,-9.758763313293457031e-01,1.670013368129730225e-01,0.000000000000000000e+00
-7.910385727882385254e-01,-1.987014710903167725e-01,-5.208444595336914062e-01,-1.556450426578521729e-01,-1.319009810686111450e-01,-9.789671897888183594e-01,0.000000000000000000e+00
-5.217738151550292969e-01,-2.485534846782684326e-01,9.271559119224548340e-02,6.149883940815925598e-02,-9.903587102890014648e-01,1.241271868348121643e-01,0.000000000000000000e+00
2.070147544145584106e-01,2.712722420692443848e-01,5.610971525311470032e-02,-1.570064276456832886e-01,9.802315831184387207e-01,-1.203953251242637634e-01,0.000000000000000000e+00
-2.949185669422149658e-02,-2.499586790800094604e-01,-3.345699906349182129e-01,1.535338908433914185e-01,-9.878843426704406738e-01,2.262523025274276733e-02,0.000000000000000000e+00
8.209739327430725098e-01,2.877023518085479736e-01,-3.930482640862464905e-02,9.370386004447937012e-01,3.397374749183654785e-01,8.085228502750396729e-02,0.000000000000000000e+00
-4.131400287151336670e-01,-3.097046017646789551e-01,-4.438745975494384766e-01,1.599410027265548706e-01,-8.974654078483581543e-01,-4.110653400421142578e-01,0.000000000000000000e+00
7.598894238471984863e-01,1.232571154832839966e-01,5.318008661270141602e-01,9.187212586402893066e-02,1.135985478758811951e-01,9.892698526382446289e-01,0.000000000000000000e+00
4.709950089454650879e-01,-1.045262739062309265e-01,2.682184576988220215e-01,1.419333070516586304e-01,-9.662911891937255859e-01,2.147935777902603149e-01,0.000000000000000000e+00
6.543871760368347168e-01,-2.201221138238906860e-02,4.855785667896270752e-01,1.331010162830352783e-01,-9.498891234397888184e-01,2.828334867954254150e-01,0.000000000000000000e+00
-2.677180469036102295e-01,-2.863244116306304932e-01,-3.763314485549926758e-01,1.419621407985687256e-01,-9.888073801994323730e-01,4.589956998825073242e-02,0.000000000000000000e+00
-4.426590502262115479e-01,-8.276598155498504639e-02,-4.948660731315612793e-01,1.186557263135910034e-01,-1.088097915053367615e-01,-9.869555234909057617e-01,0.000000000000000000e+00
5.226110219955444336e-01,-1.219167783856391907e-01,1.392115950584411621e-01,1.606967300176620483e-01,-9.733986258506774902e-01,1.633145064115524292e-01,0.000000000000000000e+00
2.853132970631122589e-02,-2.403352707624435425e-01,-3.036557734012603760e-01,1.496139168739318848e-01,-9.883833527565002441e-01,2.672203443944454193e-02,0.000000000000000000e+00
-3.257122039794921875e-01,1.582380086183547974e-01,-5.684585869312286377e-02,-9.358030557632446289e-02,9.858168363571166992e-01,-1.393123567104339600e-01,0.000000000000000000e+00
3.199245333671569824e-01,1.808709651231765747e-01,-4.274366497993469238e-01,-1.128422766923904419e-01,9.526687264442443848e-01,-2.822923362255096436e-01,0.000000000000000000e+00
-9.619519859552383423e-02,-2.233642786741256714e-01,1.631664857268333435e-02,1.094710752367973328e-01,-9.801326394081115723e-01,1.653967946767807007e-01,0.000000000000000000e+00
8.273314237594604492e-01,2.870355248451232910e-01,-3.077621459960937500e-01,-1.071392521262168884e-01,9.718852043151855469e-01,-2.096672654151916504e-01,0.000000000000000000e+00
-8.467800617218017578e-01,-2.918942272663116455e-01,-6.880210340023040771e-02,-9.646896719932556152e-01,-2.582347095012664795e-01,-5.185293033719062805e-02,0.000000000000000000e+00
7.366233468055725098e-01,2.841502726078033447e-01,-2.725395858287811279e-01,-1.112426593899726868e-01,9.616100788116455078e-01,-2.508607208728790283e-01,0.000000000000000000e+00
-3.918850421905517578e-01,1.055184155702590942e-01,3.936957418918609619e-01,-1.109457537531852722e-01,1.445525139570236206e-01,9.832576513290405273e-01,0.000000000000000000e+00
-8.513352274894714355e-01,-1.283511668443679810e-01,-3.316132724285125732e-01,-9.721344709396362305e-01,-1.845326870679855347e-01,-1.445762962102890015e-01,0.000000000000000000e+00
-3.192240595817565918e-01,-6.307526677846908569e-02,-4.824568331241607666e-01,1.115615442395210266e-01,-1.283382773399353027e-01,-9.854356050491333008e-01,0.000000000000000000e+00
7.941017746925354004e-01,3.049885928630828857e-01,1.805269718170166016e-01,9.643909335136413574e-01,2.449853569269180298e-01,9.966108202934265137e-02,0.000000000000000000e+00
5.918005704879760742e-01,-1.413944959640502930e-01,-3.621488213539123535e-01,1.460996270179748535e-01,-4.308314323425292969e-01,-8.905274868011474609e-01,0.000000000000000000e+00
-9.414501786231994629e-01,6.961647421121597290e-02,3.298865258693695068e-01,-2.772562503814697266e-01,1.508258879184722900e-01,9.488838315010070801e-01,0.000000000000000000e+00
-1.515940874814987183e-01,1.353381127119064331e-01,-3.461382687091827393e-01,-1.858277618885040283e-01,9.586780667304992676e-01,-2.154167294502258301e-01,0.000000000000000000e+00
2.904341518878936768e-01,-9.743565320968627930e-02,3.854422569274902344e-01,1.203472763299942017e-01,-9.553116559982299805e-01,2.699929177761077881e-01,0.000000000000000000e+00
-1.434320062398910522e-01,-2.380272299051284790e-01,-4.600128158926963806e-02,1.060552224516868591e-01,-9.824733734130859375e-01,1.532916277647018433e-01,0.000000000000000000e+00
-7.192248702049255371e-01,-5.178624298423528671e-03,-5.356168150901794434e-01,8.433004468679428101e-02,-1.004954241216182709e-02,-9.963871836662292480e-01,0.000000000000000000e+00
7.460652589797973633e-01,3.090841472148895264e-01,4.938091635704040527e-01,8.780810236930847168e-01,2.271802574396133423e-01,4.211447238922119141e-01,0.000000000000000000e+00
1.073638275265693665e-01,1.150830760598182678e-01,-4.576454758644104004e-01,7.560060918331146240e-02,-7.583304494619369507e-02,-9.942504167556762695e-01,0.000000000000000000e+00
6.005535125732421875e-01,3.563351929187774658e-01,2.639188468456268311e-01,-1.771794706583023071e-01,9.831494688987731934e-01,-4.499559476971626282e-02,0.000000000000000000e+00
8.079193532466888428e-02,1.718526631593704224e-01,-3.456028103828430176e-01,-1.335240900516510010e-01,9.568397402763366699e-01,-2.581260800361633301e-01,0.000000000000000000e+00
-3.134184479713439941e-01,-4.131764173507690430e-02,4.224580526351928711e-01,-2.084599733352661133e-01,1.035810932517051697e-01,9.725304245948791504e-01,0.000000000000000000e+00
5.948829650878906250e-01,-1.335036903619766235e-01,-2.219813503324985504e-02,1.730012744665145874e-01,-9.776757955551147461e-01,1.192503422498703003e-01,0.000000000000000000e+00
-2.098711133003234863e-01,2.127691507339477539e-01,1.677611470222473145e-01,-1.944859772920608521e-01,9.740562438964843750e-01,-1.157137379050254822e-01,0.000000000000000000e+00
6.756659746170043945e-01,3.452885448932647705e-01,8.104055374860763550e-02,-9.907329827547073364e-02,9.823020100593566895e-01,-1.589567959308624268e-01,0.000000000000000000e+00
5.041136741638183594e-01,1.575412303209304810e-01,4.914469718933105469e-01,-1.751784384250640869e-01,1.291151046752929688e-01,9.760336875915527344e-01,0.000000000000000000e+00
-5.865182280540466309e-01,1.465754061937332153e-01,2.074446976184844971e-01,-2.029724419116973877e-01,9.660453796386718750e-01,-1.598702371120452881e-01,0.000000000000000000e+00
8.551736474037170410e-01,1.532989740371704102e-01,-3.783717751502990723e-01,3.537083268165588379e-01,-8.849950879812240601e-02,-9.311596155166625977e-01,0.000000000000000000e+00
-1.410218477249145508e-01,2.099388986825942993e-01,5.178781598806381226e-02,-1.797146648168563843e-01,9.732165932655334473e-01,-1.433599591255187988e-01,0.000000000000000000e+00
8.888635039329528809e-01,-3.943771868944168091e-02,-1.312171518802642822e-01,9.957038164138793945e-01,5.162966623902320862e-02,7.686553150415420532e-02,0.000000000000000000e+00
-3.329669833183288574e-01,1.624077260494232178e-01,3.915239572525024414e-01,-7.556150108575820923e-02,8.016616106033325195e-02,9.939134120941162109e-01,0.000000000000000000e+00
-7.713092565536499023e-01,-2.251618504524230957e-01,-5.160911679267883301e-01,1.262973248958587646e-01,-1.104787513613700867e-01,-9.858211874961853027e-01,0.000000000000000000e+00
4.118508696556091309e-01,3.241713941097259521e-01,2.604615986347198486e-01,-1.899225115776062012e-01,9.809883236885070801e-01,-3.989205136895179749e-02,0.000000000000000000e+00
1.087963730096817017e-01,-1.957566440105438232e-01,4.251505061984062195e-02,1.165316998958587646e-01,-9.795798063278198242e-01,1.638407558202743530e-01,0.000000000000000000e+00
-6.165046691894531250e-01,-8.235214650630950928e-02,-5.177212357521057129e-01,1.104296892881393433e-01,-1.549777984619140625e-01,-9.817266464233398438e-01,0.000000000000000000e+00
-8.905702233314514160e-01,6.966728717088699341e-02,-6.051759794354438782e-02,-4.917758107185363770e-01,8.424685001373291016e-01,-2.200075387954711914e-01,0.000000000000000000e+00
-6.217482686042785645e-01,9.258962422609329224e-02,3.722901940345764160e-01,-7.054249197244644165e-02,1.275936663150787354e-01,9.893147349357604980e-01,0.000000000000000000e+00
1.549843251705169678e-01,2.411831021308898926e-01,-8.466137200593948364e-02,-1.445962041616439819e-01,9.754824042320251465e-01,-1.659096628427505493e-01,0.000000000000000000e+00
8.127114772796630859e-01,3.111473517492413521e-03,4.865093827247619629e-01,7.899972796440124512e-01,-5.848439335823059082e-01,1.840159446001052856e-01,0.000000000000000000e+00
9.347825497388839722e-02,-3.670164197683334351e-02,4.693814814090728760e-01,-6.976723670959472656e-03,-1.432325574569404125e-03,9.999746084213256836e-01,0.000000000000000000e+00
2.862767577171325684e-01,3.067612051963806152e-01,3.611113429069519043e-01,-1.650404036045074463e-01,9.858434200286865234e-01,2.957034111022949219e-02,0.000000000000000000e+00
-1.988124400377273560e-01,-1.979624629020690918e-01,2.134733200073242188e-01,1.016519293189048767e-01,-9.753564596176147461e-01,1.958231478929519653e-01,0.000000000000000000e+00
-8.139851093292236328e-01,-2.356545627117156982e-01,3.838056623935699463e-01,9.890238754451274872e-03,-7.183952927589416504e-01,6.955648064613342285e-01,0.000000000000000000e+00
-6.758294105529785156e-01,7.591762393712997437e-02,-1.575495004653930664e-01,-1.215001642704010010e-01,9.851241707801818848e-01,-1.215238720178604126e-01,0.000000000000000000e+00
5.120326280593872070e-01,1.452601701021194458e-01,4.944869577884674072e-01,-1.740131974220275879e-01,1.292548030614852905e-01,9.762236475944519043e-01,0.000000000000000000e+00
-5.534682869911193848e-01,-2.147968299686908722e-02,3.927536904811859131e-01,-1.050489246845245361e-01,1.185160800814628601e-01,9.873796701431274414e-01,0.000000000000000000e+00
5.367527008056640625e-01,-7.336358726024627686e-02,3.591886758804321289e-01,1.326127499341964722e-01,-9.597529172897338867e-01,2.475645244121551514e-01,0.000000000000000000e+00
1.973892450332641602e-01,-1.517001390457153320e-01,2.190348058938980103e-01,1.235775500535964966e-01,-9.704583287239074707e-01,2.072177380323410034e-01,0.000000000000000000e+00
-6.317017674446105957e-01,-9.008632600307464600e-02,-5.182848572731018066e-01,1.193051785230636597e-01,-1.430981457233428955e-01,-9.824913144111633301e-01,0.000000000000000000e+00
-5.304008126258850098e-01,-2.405410110950469971e-01,1.433402150869369507e-01,7.597843557596206665e-02,-9.840064048767089844e-01,1.611169129610061646e-01,0.000000000000000000e+00
-7.349400520324707031e-01,6.870523095130920410e-02,3.666828572750091553e-01,-8.307985216379165649e-02,8.256840705871582031e-02,9.931163787841796875e-01,0.000000000000000000e+00
-9.279999881982803345e-02,2.360020130872726440e-01,1.932527869939804077e-01,-1.595187336206436157e-01,9.816151261329650879e-01,-1.048115566372871399e-01,0.000000000000000000e+00
-8.987753987312316895e-01,5.324261263012886047e-02,-7.935569435358047485e-02,-9.930712580680847168e-01,3.700560424476861954e-03,-1.174555867910385132e-01,0.000000000000000000e+00
-7.986221313476562500e-01,-3.779441863298416138e-02,3.715256750583648682e-01,-4.219937697052955627e-02,8.379811048507690430e-02,9.955888390541076660e-01,0.000000000000000000e+00
-8.465594053268432617e-01,-2.776890695095062256e-01,2.379554510116577148e-01,7.216964364051818848e-01,-6.554680466651916504e-01,2.225217521190643311e-01,0.000000000000000000e+00
-1.778733134269714355e-01,-1.453714668750762939e-01,4.296328425407409668e-01,1.255381703376770020e-01,-9.385112524032592773e-01,3.216159939765930176e-01,0.000000000000000000e+00
1.390958726406097412e-01,-1.287744939327239990e-01,3.421273231506347656e-01,1.191184446215629578e-01,-9.577606320381164551e-01,2.617352008819580078e-01,0.000000000000000000e+00
8.629247546195983887e-01,1.463823318481445312e-01,-1.702373921871185303e-01,9.824466109275817871e-01,1.756104081869125366e-01,6.292571872472763062e-02,0.000000000000000000e+00
6.048977375030517578e-01,5.480865016579627991e-03,-3.917232155799865723e-01,1.389985233545303345e-01,-1.468238383531570435e-01,-9.793478250503540039e-01,0.000000000000000000e+00
5.265476703643798828e-01,-1.625833362340927124e-01,-2.519753873348236084e-01,1.535623371601104736e-01,-9.879251122474670410e-01,2.055666595697402954e-02,0.000000000000000000e+00
-2.047206014394760132e-01,-2.035683542490005493e-01,-4.475307762622833252e-01,1.118563488125801086e-01,-1.632854938507080078e-01,-9.802173376083374023e-01,0.000000000000000000e+00
-8.295708298683166504e-01,-2.972159683704376221e-01,8.547367155551910400e-02,2.956496477127075195e-01,-9.344610571861267090e-01,1.984284669160842896e-01,0.000000000000000000e+00
8.093207478523254395e-01,3.040914237499237061e-01,-6.778087699785828590e-04,9.715344309806823730e-01,2.245458960533142090e-01,7.549816370010375977e-02,0.000000000000000000e+00
-3.650042712688446045e-01,-1.727130860090255737e-01,4.161436855792999268e-01,1.190825104713439941e-01,-9.529194831848144531e-01,2.788616120815277100e-01,0.000000000000000000e+00
3.719505071640014648e-01,-1.509165614843368530e-01,1.023604869842529297e-01,1.298837363719940186e-01,-9.772110581398010254e-01,1.678949743509292603e-01,0.000000000000000000e+00
-1.047969534993171692e-01,2.033063322305679321e-01,4.118426144123077393e-01,-1.060264259576797485e-01,1.371981501579284668e-01,9.848527908325195312e-01,0.000000000000000000e+00
7.167254686355590820e-01,1.584877669811248779e-01,5.262448787689208984e-01,-1.294963806867599487e-01,8.938530832529067993e-02,9.875428676605224609e-01,0.000000000000000000e+00
6.391587201505899429e-03,-1.683342158794403076e-01,2.460335344076156616e-01,1.096121221780776978e-01,-9.687001705169677734e-01,2.227222472429275513e-01,0.000000000000000000e+00
2.476845383644104004e-01,-9.684731066226959229e-02,4.066832959651947021e-01,1.178898587822914124e-01,-9.521471261978149414e-01,2.819890081882476807e-01,0.000000000000000000e+00
-2.648862898349761963e-01,-2.338276356458663940e-01,5.743531137704849243e-02,9.565140306949615479e-02,-9.849075675010681152e-01,1.442495137453079224e-01,0.000000000000000000e+00
-8.904618620872497559e-01,-1.978865712881088257e-01,1.811451166868209839e-01,-9.686115980148315430e-01,-2.314495295286178589e-01,-9.067896753549575806e-02,0.000000000000000000e+00
5.109823346138000488e-01,3.226070106029510498e-01,7.158008217811584473e-02,-1.335590630769729614e-01,9.808167219161987305e-01,-1.419877558946609497e-01,0.000000000000000000e+00
-4.852745831012725830e-01,-2.448305040597915649e-01,9.198725968599319458e-02,4.859536886215209961e-02,-9.892429709434509277e-01,1.379741430282592773e-01,0.000000000000000000e+00
6.826006770133972168e-01,2.704444229602813721e-01,-2.919321060180664062e-01,-1.372895091772079468e-01,9.465457797050476074e-01,-2.918948829174041748e-01,0.000000000000000000e+00
8.335611820220947266e-01,8.655799180269241333e-02,2.406534552574157715e-01,9.776197671890258789e-01,1.787381619215011597e-01,1.109607294201850891e-01,0.000000000000000000e+00
5.203989148139953613e-01,2.787179052829742432e-01,-1.741413176059722900e-01,-1.304223686456680298e-01,9.661040902137756348e-01,-2.227843403816223145e-01,0.000000000000000000e+00
5.918766856193542480e-01,-1.347231268882751465e-01,-2.783437632024288177e-02,1.730012744665145874e-01,-9.776757955551147461e-01,1.192503422498703003e-01,0.000000000000000000e+00
5.909191966056823730e-01,-1.047462821006774902e-01,1.714378744363784790e-01,1.667237579822540283e-01,-9.713813066482543945e-01,1.691789478063583374e-01,0.000000000000000000e+00
4.779150784015655518e-01,-5.440542474389076233e-03,5.058477520942687988e-01,-1.267613023519515991e-01,1.133015900850296021e-01,9.854412078857421875e-01,0.000000000000000000e+00
-3.915588557720184326e-01,3.832217678427696228e-02,-5.043249130249023438e-01,1.142270788550376892e-01,-1.259095817804336548e-01,-9.854435324668884277e-01,0.000000000000000000e+00
7.378191947937011719e-01,3.142983913421630859e-01,5.045241117477416992e-01,7.085174918174743652e-01,1.716557294130325317e-01,6.844978332519531250e-01,0.000000000000000000e+00
-7.978092879056930542e-02,-1.412485688924789429e-01,3.949372768402099609e-01,1.230418905615806580e-01,-9.590783715248107910e-01,2.550086677074432373e-01,0.000000000000000000e+00
5.002282857894897461e-01,-1.185701712965965271e-01,1.777404695749282837e-01,1.506917774677276611e-01,-9.723610877990722656e-01,1.783419549465179443e-01,0.000000000000000000e+00
-4.318358302116394043e-01,9.224992245435714722e-02,-3.215101957321166992e-01,-1.866289526224136353e-01,9.673879742622375488e-01,-1.712605804204940796e-01,0.000000000000000000e+00
-5.448554754257202148e-01,-2.208992689847946167e-01,2.709752619266510010e-01,2.348370291292667389e-02,-9.860048890113830566e-01,1.650542616844177246e-01,0.000000000000000000e+00
4.056963920593261719e-01,-7.550774514675140381e-02,4.140895307064056396e-01,1.195341646671295166e-01,-9.529683589935302734e-01,2.785011529922485352e-01,0.000000000000000000e+00
6.120063662528991699e-01,7.904106378555297852e-02,-4.009178280830383301e-01,1.258945614099502563e-01,-1.198474168777465820e-01,-9.847777485847473145e-01,0.000000000000000000e+00
-1.421259250491857529e-02,-2.463723272085189819e-01,-2.929162085056304932e-01,1.518660932779312134e-01,-9.877742528915405273e-01,3.519470244646072388e-02,0.000000000000000000e+00
-3.814998567104339600e-01,-2.858737111091613770e-01,-2.180706560611724854e-01,7.802923768758773804e-02,-9.868341684341430664e-01,1.416675895452499390e-01,0.000000000000000000e+00
1.001537218689918518e-01,-9.913950413465499878e-02,4.608493745326995850e-01,8.462860435247421265e-02,-8.476203083992004395e-01,5.238108634948730469e-01,0.000000000000000000e+00
1.155021488666534424e-01,-3.590657934546470642e-02,-4.399921894073486328e-01,9.942592680454254150e-02,-1.399448513984680176e-01,-9.851547479629516602e-01,0.000000000000000000e+00
6.336079239845275879e-01,1.896526664495468140e-02,5.230851769447326660e-01,-1.068908795714378357e-01,2.837409637868404388e-02,9.938657879829406738e-01,0.000000000000000000e+00
7.821566462516784668e-01,3.415486514568328857e-01,1.610731035470962524e-01,8.614565134048461914e-01,5.039920806884765625e-01,6.232720613479614258e-02,0.000000000000000000e+00
6.227698922157287598e-01,-8.624927140772342682e-03,5.198059082031250000e-01,-6.108707282692193985e-03,-5.105238556861877441e-01,8.598418831825256348e-01,0.000000000000000000e+00
3.744675517082214355e-01,3.538045659661293030e-02,-4.220195412635803223e-01,9.960247576236724854e-02,-1.108822748064994812e-01,-9.888298511505126953e-01,0.000000000000000000e+00
-3.003590703010559082e-01,-1.702868640422821045e-01,3.899022042751312256e-01,1.211920976638793945e-01,-9.669263958930969238e-01,2.244232892990112305e-01,0.000000000000000000e+00
-8.964453935623168945e-01,-1.244364306330680847e-02,-9.356051683425903320e-02,-9.865648746490478516e-01,-1.318176388740539551e-01,-9.650836884975433350e-02,0.000000000000000000e+00
3.422316610813140869e-01,1.880463659763336182e-01,4.601247310638427734e-01,-1.524459719657897949e-01,1.235652789473533630e-01,9.805569052696228027e-01,0.000000000000000000e+00
7.218606024980545044e-02,-2.190388441085815430e-01,-9.040816873311996460e-02,1.302876025438308716e-01,-9.831836819648742676e-01,1.279647648334503174e-01,0.000000000000000000e+00
1.102615520358085632e-01,-7.394786179065704346e-02,-4.351833462715148926e-01,1.034170985221862793e-01,-1.352891474962234497e-01,-9.853942394256591797e-01,0.000000000000000000e+00
-5.930460691452026367e-01,-2.229854166507720947e-01,2.930659949779510498e-01,1.040727272629737854e-01,-9.813975095748901367e-01,1.613313108682632446e-01,0.000000000000000000e+00
-7.261640429496765137e-01,3.058802336454391479e-02,-4.260506033897399902e-01,-1.087297573685646057e-01,9.799972772598266602e-01,-1.666829288005828857e-01,0.000000000000000000e+00
5.293537378311157227e-01,-6.966342031955718994e-02,3.774967789649963379e-01,1.326127499341964722e-01,-9.597529172897338867e-01,2.475645244121551514e-01,0.000000000000000000e+00
2.336723506450653076e-01,2.336250394582748413e-01,4.424197971820831299e-01,-8.232568949460983276e-02,1.503170728683471680e-01,9.852041602134704590e-01,0.000000000000000000e+00
4.552225470542907715e-01,-5.640785675495862961e-04,-4.088490903377532959e-01,1.096900105476379395e-01,-1.419921815395355225e-01,-9.837715029716491699e-01,0.000000000000000000e+00
-7.252958416938781738e-01,1.187340840697288513e-01,3.613430857658386230e-01,-1.239601522684097290e-01,3.355043530464172363e-01,9.338472485542297363e-01,0.000000000000000000e+00
6.564757227897644043e-01,6.930334866046905518e-02,5.233448743820190430e-01,-1.161065697669982910e-01,4.525996372103691101e-02,9.922050237655639648e-01,0.000000000000000000e+00
6.457141041755676270e-01,-2.116247825324535370e-02,-3.816962242126464844e-01,1.315229535102844238e-01,-1.727182865142822266e-01,-9.761506319046020508e-01,0.000000000000000000e+00
-3.611943423748016357e-01,-4.662291146814823151e-03,4.126567840576171875e-01,-1.278067678213119507e-01,1.416188478469848633e-01,9.816361665725708008e-01,0.000000000000000000e+00
-6.362220048904418945e-01,-2.654655575752258301e-01,5.313171446323394775e-02,5.042916536331176758e-02,-9.868575334548950195e-01,1.535222977399826050e-01,0.000000000000000000e+00
-3.477486968040466309e-02,-2.065318077802658081e-02,-4.574779570102691650e-01,1.076503917574882507e-01,-1.191840469837188721e-01,-9.870190024375915527e-01,0.000000000000000000e+00
6.645547747611999512e-01,-1.178326681256294250e-01,-3.394435858353972435e-03,1.954659968614578247e-01,-9.706010222434997559e-01,1.404519081115722656e-01,0.000000000000000000e+00
-9.379189014434814453e-01,3.316873684525489807e-02,3.289732933044433594e-01,-9.772622585296630859e-01,-1.945708543062210083e-01,-8.426577597856521606e-02,0.000000000000000000e+00
5.133664011955261230e-01,-1.654527336359024048e-01,-2.906508147716522217e-01,1.555853188037872314e-01,-9.878146052360534668e-01,-3.939258400350809097e-03,0.000000000000000000e+00
7.729286551475524902e-01,3.025797605514526367e-01,3.576254844665527344e-01,9.747722148895263672e-01,1.747488677501678467e-01,1.388593912124633789e-01,0.000000000000000000e+00
6.707979440689086914e-01,-1.337338089942932129e-01,-3.513570725917816162e-01,1.819189190864562988e-01,-7.659528255462646484e-01,-6.166212558746337891e-01,0.000000000000000000e+00
5.560059845447540283e-02,2.687675058841705322e-01,3.110578060150146484e-01,-1.574328988790512085e-01,9.867799282073974609e-01,-3.847340121865272522e-02,0.000000000000000000e+00
-4.715101122856140137e-01,-2.354958802461624146e-01,1.478374749422073364e-01,7.523456215858459473e-02,-9.853376746177673340e-01,1.531322002410888672e-01,0.000000000000000000e+00
5.365671515464782715e-01,1.317450255155563354e-01,5.005697607994079590e-01,-1.709723323583602905e-01,1.238720789551734924e-01,9.774580001831054688e-01,0.000000000000000000e+00
-8.700572848320007324e-01,-2.241720706224441528e-01,9.821860119700431824e-03,-9.569441676139831543e-01,-2.828328311443328857e-01,-6.529501825571060181e-02,0.000000000000000000e+00
8.021199703216552734e-01,-6.971327215433120728e-02,7.539899647235870361e-02,3.252039253711700439e-01,-9.334136247634887695e-01,1.515962630510330200e-01,0.000000000000000000e+00
5.725716352462768555e-01,-8.104101568460464478e-02,3.064385950565338135e-01,1.455872505903244019e-01,-9.640598893165588379e-01,2.222451567649841309e-01,0.000000000000000000e+00
6.072508692741394043e-01,2.200478166341781616e-01,4.988822638988494873e-01,-1.662292629480361938e-01,1.913929134607315063e-01,9.673348069190979004e-01,0.000000000000000000e+00
-8.502509593963623047e-01,-1.843978166580200195e-01,-2.727548480033874512e-01,-9.830645918846130371e-01,-1.320668458938598633e-01,-1.270523816347122192e-01,0.000000000000000000e+00
1.279262006282806396e-01,-2.243091315031051636e-01,-2.667425274848937988e-01,1.436475813388824463e-01,-9.895480275154113770e-01,1.265388261526823044e-02,0.000000000000000000e+00
-2.474666386842727661e-01,-6.021565198898315430e-02,4.321273565292358398e-01,-1.300853788852691650e-01,1.046696901321411133e-01,9.859625101089477539e-01,0.000000000000000000e+00
-5.525055527687072754e-01,-2.225604951381683350e-01,2.644549310207366943e-01,1.725555509328842163e-01,-9.723519086837768555e-01,1.573413908481597900e-01,0.000000000000000000e+00
-4.696409702301025391e-01,-2.772242724895477295e-01,-1.059023514389991760e-01,7.305863499641418457e-02,-9.820882678031921387e-01,1.736809313297271729e-01,0.000000000000000000e+00
6.793060302734375000e-01,-1.198531761765480042e-01,-3.906965628266334534e-02,1.878737807273864746e-01,-9.750482439994812012e-01,1.182557269930839539e-01,0.000000000000000000e+00
7.125497609376907349e-02,2.247819006443023682e-01,-9.867461770772933960e-02,-1.798188835382461548e-01,9.694132804870605469e-01,-1.670419573783874512e-01,0.000000000000000000e+00
-9.185264110565185547e-01,2.772693894803524017e-02,9.334899485111236572e-02,-9.854231476783752441e-01,-1.563764065504074097e-01,-6.698971986770629883e-02,0.000000000000000000e+00
5.620633959770202637e-01,3.487038314342498779e-01,4.057618677616119385e-01,-1.464339345693588257e-01,9.892055392265319824e-01,-5.436516832560300827e-03,0.000000000000000000e+00
4.390557408332824707e-01,2.374609559774398804e-01,-2.898558378219604492e-01,-1.325732171535491943e-01,9.557051658630371094e-01,-2.627774477005004883e-01,0.000000000000000000e+00
4.006359279155731201e-01,2.027361840009689331e-01,4.676546752452850342e-01,-1.591769009828567505e-01,1.324024498462677002e-01,9.783313870429992676e-01,0.000000000000000000e+00
-3.661719262599945068e-01,1.212512627243995667e-01,3.942739665508270264e-01,-1.136534065008163452e-01,1.476626396179199219e-01,9.824859499931335449e-01,0.000000000000000000e+00
8.815910220146179199e-01,-7.111831009387969971e-02,-3.437712788581848145e-01,8.908923715353012085e-03,-1.197668612003326416e-01,-9.927620887756347656e-01,0.000000000000000000e+00
8.430377840995788574e-01,-4.436976090073585510e-02,1.425473242998123169e-01,4.517796039581298828e-01,-8.790171146392822266e-01,1.523945629596710205e-01,0.000000000000000000e+00
4.055392146110534668e-01,5.853512138128280640e-02,4.872852563858032227e-01,-1.648844927549362183e-01,1.309196203947067261e-01,9.775853753089904785e-01,0.000000000000000000e+00
8.912976980209350586e-01,8.938299492001533508e-03,-2.761590778827667236e-01,9.897331595420837402e-01,1.343273371458053589e-01,4.883015155792236328e-02,0.000000000000000000e+00
1.220681220293045044e-01,2.083057910203933716e-01,-2.227604091167449951e-01,-1.628138720989227295e-01,9.633537530899047852e-01,-2.131694555282592773e-01,0.000000000000000000e+00
-1.050597950816154480e-01,-1.976340264081954956e-01,1.637722700834274292e-01,1.034630686044692993e-01,-9.754949808120727539e-01,1.941776573657989502e-01,0.000000000000000000e+00
7.663265466690063477e-01,4.743331670761108398e-02,-3.789971172809600830e-01,1.105083003640174866e-01,-1.462076157331466675e-01,-9.830622076988220215e-01,0.000000000000000000e+00
-3.260238841176033020e-02,2.488383054733276367e-01,2.169863134622573853e-01,-1.448715478181838989e-01,9.856776595115661621e-01,-8.632364869117736816e-02,0.000000000000000000e+00
6.039826869964599609e-01,3.449896350502967834e-02,5.189419388771057129e-01,-1.356487870216369629e-01,5.456116795539855957e-02,9.892535209655761719e-01,0.000000000000000000e+00
-8.853592872619628906e-01,-3.962248563766479492e-02,-1.671632677316665649e-01,-9.855818152427673340e-01,-1.372013986110687256e-01,-9.901661425828933716e-02,0.000000000000000000e+00
1.181098446249961853e-01,2.528453767299652100e-01,3.229166567325592041e-02,-1.682782918214797974e-01,9.767264127731323242e-01,-1.329958140850067139e-01,0.000000000000000000e+00
6.704166531562805176e-01,-1.296724975109100342e-01,-1.095514297485351562e-01,1.770920455455780029e-01,-9.797216653823852539e-01,9.372211247682571411e-02,0.000000000000000000e+00
8.512669205665588379e-01,2.454555928707122803e-01,-2.550101578235626221e-01,9.794332981109619141e-01,1.804066151380538940e-01,9.035398811101913452e-02,0.000000000000000000e+00
5.662703514099121094e-01,3.595991060137748718e-02,-4.010105729103088379e-01,1.125114336609840393e-01,-1.286646872758865356e-01,-9.852850437164306641e-01,0.000000000000000000e+00
8.123391866683959961e-01,-6.172196194529533386e-02,1.005663201212882996e-01,3.164890706539154053e-01,-9.329494833946228027e-01,1.715806722640991211e-01,0.000000000000000000e+00
5.647988915443420410e-01,3.234888911247253418e-01,2.595748566091060638e-02,-1.375815421342849731e-01,9.788003563880920410e-01,-1.517272740602493286e-01,0.000000000000000000e+00
-7.743491232395172119e-02,-2.534860670566558838e-01,-2.583698928356170654e-01,1.363395005464553833e-01,-9.882401227951049805e-01,6.923116743564605713e-02,0.000000000000000000e+00
2.873747348785400391e-01,6.192664057016372681e-02,-4.334900081157684326e-01,9.457616508007049561e-02,-1.021390333771705627e-01,-9.902641177177429199e-01,0.000000000000000000e+00
2.571719288825988770e-01,-2.354259788990020752e-02,4.823290705680847168e-01,-8.999966084957122803e-02,1.535243839025497437e-01,9.840377569198608398e-01,0.000000000000000000e+00
-3.713081777095794678e-01,1.220483854413032532e-01,-2.201969772577285767e-01,-1.705067455768585205e-01,9.699210524559020996e-01,-1.737256348133087158e-01,0.000000000000000000e+00
3.669570684432983398e-01,1.021078005433082581e-01,4.749813973903656006e-01,-1.736341416835784912e-01,1.245838850736618042e-01,9.768981933593750000e-01,0.000000000000000000e+00
-8.931142091751098633e-01,-1.076372787356376648e-01,5.142981931567192078e-02,-9.883252978324890137e-01,-1.266939640045166016e-01,-8.462708443403244019e-02,0.000000000000000000e+00
-1.852406412363052368e-01,-1.735309660434722900e-01,-4.508809149265289307e-01,3.562309965491294861e-02,-2.075819373130798340e-01,-9.775688052177429199e-01,0.000000000000000000e+00
4.406577944755554199e-01,2.791757583618164062e-01,4.610668718814849854e-01,-1.344398111104965210e-01,1.837674826383590698e-01,9.737327694892883301e-01,0.000000000000000000e+00
2.659932374954223633e-01,1.636424362659454346e-01,-4.424638748168945312e-01,-1.378266979008913040e-02,6.144466996192932129e-01,-7.888379096984863281e-01,0.000000000000000000e+00
-2.108165323734283447e-01,2.211364954710006714e-01,2.486815452575683594e-01,-1.915445923805236816e-01,9.771933555603027344e-01,-9.167259931564331055e-02,0.000000000000000000e+00
1.050213500857353210e-01,2.294526994228363037e-01,-1.031412854790687561e-01,-1.887143105268478394e-01,9.682669043540954590e-01,-1.638479828834533691e-01,0.000000000000000000e+00
5.491192340850830078e-01,-1.434354484081268311e-01,-3.683595657348632812e-01,1.407898217439651489e-01,-2.906177043914794922e-01,-9.464246034622192383e-01,0.000000000000000000e+00
1.167811304330825806e-01,-1.769610196352005005e-01,1.426699310541152954e-01,1.263727545738220215e-01,-9.717390537261962891e-01,1.993819177150726318e-01,0.000000000000000000e+00
-2.785512208938598633e-01,1.698772758245468140e-01,3.972865045070648193e-01,-1.163513660430908203e-01,1.712960153818130493e-01,9.783251285552978516e-01,0.000000000000000000e+00
5.657258033752441406e-01,3.490528166294097900e-01,4.227419495582580566e-01,-1.530932188034057617e-01,9.864341020584106445e-01,5.924726650118827820e-02,0.000000000000000000e+00
-4.728197455406188965e-01,-1.910998672246932983e-01,3.923631310462951660e-01,2.041119486093521118e-01,-9.628049135208129883e-01,1.770453453063964844e-01,0.000000000000000000e+00
1.041241083294153214e-02,5.402033403515815735e-02,4.492354094982147217e-01,-1.081487536430358887e-01,1.208752691745758057e-01,9.867588281631469727e-01,0.000000000000000000e+00
5.214322805404663086e-01,3.112706840038299561e-01,4.655500054359436035e-01,-1.534761488437652588e-01,3.553714156150817871e-01,9.220391511917114258e-01,0.000000000000000000e+00
8.596227169036865234e-01,1.532868146896362305e-01,-1.440700441598892212e-01,9.787399172782897949e-01,1.860700398683547974e-01,8.629088848829269409e-02,0.000000000000000000e+00
2.218813449144363403e-01,-3.256915882229804993e-02,-4.287345707416534424e-01,1.249128207564353943e-01,-1.251913756132125854e-01,-9.842377305030822754e-01,0.000000000000000000e+00
8.394812941551208496e-01,-1.254505128599703312e-03,2.910404503345489502e-01,9.921684861183166504e-01,4.823929071426391602e-02,1.152158156037330627e-01,0.000000000000000000e+00
4.228844940662384033e-01,-1.742044091224670410e-01,-1.420398056507110596e-01,1.445829123258590698e-01,-9.862411618232727051e-01,8.015096187591552734e-02,0.000000000000000000e+00
-6.614907979965209961e-01,-2.377566993236541748e-01,2.370729595422744751e-01,1.037598401308059692e-01,-9.825579524040222168e-01,1.543171852827072144e-01,0.000000000000000000e+00
-5.783437490463256836e-01,-2.932651713490486145e-02,3.910490274429321289e-01,-1.050489246845245361e-01,1.185160800814628601e-01,9.873796701431274414e-01,0.000000000000000000e+00
6.654668599367141724e-02,-1.494727879762649536e-01,2.964536845684051514e-01,1.160765960812568665e-01,-9.611947536468505859e-01,2.502616643905639648e-01,0.000000000000000000e+00
-5.411340594291687012e-01,-2.235835641622543335e-01,2.536164522171020508e-01,3.517181053757667542e-02,-9.870740771293640137e-01,1.563576459884643555e-01,0.000000000000000000e+00
6.095715165138244629e-01,-7.613157480955123901e-02,3.036270737648010254e-01,1.459873169660568237e-01,-9.652888774871826172e-01,2.165757715702056885e-01,0.000000000000000000e+00
-7.846694588661193848e-01,-1.156779676675796509e-01,3.817113637924194336e-01,-5.963624641299247742e-02,1.259670108556747437e-01,9.902402758598327637e-01,0.000000000000000000e+00
8.523954153060913086e-01,9.384292364120483398e-02,5.219719186425209045e-02,9.737647771835327148e-01,2.040695995092391968e-01,1.006866395473480225e-01,0.000000000000000000e+00
-7.959692478179931641e-01,3.802390769124031067e-02,-3.322626650333404541e-01,-1.323871910572052002e-01,9.811645746231079102e-01,-1.406757533550262451e-01,0.000000000000000000e+00
4.224188923835754395e-01,-1.297045499086380005e-01,1.798459142446517944e-01,1.292181909084320068e-01,-9.721245765686035156e-01,1.956437379121780396e-01,0.000000000000000000e+00
1.881404072046279907e-01,1.750814914703369141e-01,-3.895832598209381104e-01,-1.279605180025100708e-01,9.613389372825622559e-01,-2.438309192657470703e-01,0.000000000000000000e+00
-9.074138998985290527e-01,-1.298794597387313843e-01,2.598263621330261230e-01,-9.933617115020751953e-01,-7.808202505111694336e-02,-8.447306603193283081e-02,0.000000000000000000e+00
-9.371933341026306152e-01,3.277309611439704895e-02,3.213830292224884033e-01,-9.782122373580932617e-01,-1.902513802051544189e-01,-8.309802412986755371e-02,0.000000000000000000e+00
7.394427061080932617e-01,3.036139905452728271e-01,-1.897352784872055054e-01,-4.449134692549705505e-02,9.787482619285583496e-01,-2.001807093620300293e-01,0.000000000000000000e+00
8.353378772735595703e-01,-7.214107364416122437e-02,-5.263662431389093399e-03,3.179327845573425293e-01,-9.327630400657653809e-01,1.699173003435134888e-01,0.000000000000000000e+00
4.355749189853668213e-01,1.070608571171760559e-01,-4.232092201709747314e-01,9.432579576969146729e-02,-8.337236195802688599e-02,-9.920442104339599609e-01,0.000000000000000000e+00
-9.227144122123718262e-01,3.850619867444038391e-02,1.284179836511611938e-01,-9.844412803649902344e-01,-1.592491418123245239e-01,-7.426330447196960449e-02,0.000000000000000000e+00
4.154560565948486328e-01,2.859359085559844971e-01,-6.680938601493835449e-02,-1.349749714136123657e-01,9.749696254730224609e-01,-1.766803860664367676e-01,0.000000000000000000e+00
-3.630093336105346680e-01,-2.256774008274078369e-01,1.557123959064483643e-01,1.016967594623565674e-01,-9.782688021659851074e-01,1.806872189044952393e-01,0.000000000000000000e+00
-9.107028245925903320e-01,5.312641710042953491e-02,1.546742022037506104e-02,-9.656065702438354492e-01,2.203147411346435547e-01,-1.380773931741714478e-01,0.000000000000000000e+00
-5.440306663513183594e-01,1.493498980998992920e-01,1.702549755573272705e-01,-2.064883857965469360e-01,9.653292894363403320e-01,-1.596930474042892456e-01,0.000000000000000000e+00
6.911771297454833984e-01,1.256406754255294800e-01,5.252901911735534668e-01,-1.278984695672988892e-01,4.754325747489929199e-02,9.906470775604248047e-01,0.000000000000000000e+00
-5.688012242317199707e-01,-2.229010462760925293e-01,2.782465815544128418e-01,1.048520132899284363e-01,-9.871230721473693848e-01,1.208060458302497864e-01,0.000000000000000000e+00
-7.252814769744873047e-01,-4.690090939402580261e-02,3.790349662303924561e-01,-2.117766253650188446e-02,1.193472519516944885e-01,9.926266670227050781e-01,0.000000000000000000e+00
-2.527986466884613037e-02,1.064446493983268738e-01,-4.704277217388153076e-01,9.918678551912307739e-02,-4.026795551180839539e-02,-9.942537546157836914e-01,0.000000000000000000e+00
3.615991175174713135e-01,2.598467171192169189e-01,-1.557759195566177368e-01,-1.433521360158920288e-01,9.655066728591918945e-01,-2.173638641834259033e-01,0.000000000000000000e+00
-1.012337803840637207e-01,9.386067092418670654e-02,-4.773392975330352783e-01,1.165503785014152527e-01,6.063671316951513290e-03,-9.931662678718566895e-01,0.000000000000000000e+00
1.061717197299003601e-01,1.873593479394912720e-01,-3.000071644783020020e-01,-1.474160403013229370e-01,9.580853581428527832e-01,-2.456440031528472900e-01,0.000000000000000000e+00
-4.350502490997314453e-01,-2.986243665218353271e-01,-2.741222083568572998e-01,1.220587864518165588e-01,-9.791122078895568848e-01,1.626067161560058594e-01,0.000000000000000000e+00
-1.966697424650192261e-01,4.751130193471908569e-02,-4.826515614986419678e-01,1.231524944305419922e-01,-1.173271387815475464e-01,-9.854277372360229492e-01,0.000000000000000000e+00
1.838944554328918457e-01,7.038854062557220459e-02,-4.451823830604553223e-01,9.332886338233947754e-02,-9.889268875122070312e-02,-9.907118678092956543e-01,0.000000000000000000e+00
5.709162354469299316e-01,-1.132944673299789429e-01,1.414784342050552368e-01,1.700299978256225586e-01,-9.724588394165039062e-01,1.594164371490478516e-01,0.000000000000000000e+00
-7.043249011039733887e-01,1.201282069087028503e-01,1.839869916439056396e-01,-1.377481967210769653e-01,9.799306392669677734e-01,-1.440879106521606445e-01,0.000000000000000000e+00
-1.054347306489944458e-02,-1.068713068962097168e-01,4.618450403213500977e-01,-4.805318638682365417e-02,-3.710274100303649902e-01,9.273777604103088379e-01,0.000000000000000000e+00
-6.851295828819274902e-01,-3.324099481105804443e-01,-2.906680703163146973e-01,1.432645022869110107e-01,-9.802120923995971680e-01,1.365996897220611572e-01,0.000000000000000000e+00
6.528833508491516113e-01,1.076095551252365112e-01,-3.993532955646514893e-01,1.157203540205955505e-01,-1.102306544780731201e-01,-9.871463775634765625e-01,0.000000000000000000e+00
-4.911729395389556885e-01,-1.454832106828689575e-01,4.159116148948669434e-01,-1.487070024013519287e-01,1.148357689380645752e-01,9.821909070014953613e-01,0.000000000000000000e+00
8.474390506744384766e-01,6.784944236278533936e-02,1.534631550312042236e-01,9.718129038810729980e-01,1.947370469570159912e-01,1.328800618648529053e-01,0.000000000000000000e+00
-6.547946482896804810e-02,2.171350270509719849e-01,7.234336342662572861e-03,-1.698371618986129761e-01,9.756249189376831055e-01,-1.389652639627456665e-01,0.000000000000000000e+00
-9.038951992988586426e-01,1.369736716151237488e-02,-4.806589707732200623e-02,-9.883327484130859375e-01,-1.141386032104492188e-01,-1.008503884077072144e-01,0.000000000000000000e+00
7.078655809164047241e-02,2.334264218807220459e-01,-4.403865337371826172e-02,-1.660971939563751221e-01,9.748522639274597168e-01,-1.485757678747177124e-01,0.000000000000000000e+00
-8.319393396377563477e-01,-1.705112308263778687e-01,-4.106442928314208984e-01,-9.752116799354553223e-01,-1.746600419282913208e-01,-1.358530819416046143e-01,0.000000000000000000e+00
4.364391565322875977e-01,3.227231800556182861e-01,1.726558953523635864e-01,-1.496627777814865112e-01,9.846207499504089355e-01,-9.012766182422637939e-02,0.000000000000000000e+00
1.436071842908859253e-01,-1.864431053400039673e-01,7.262834161520004272e-02,1.083791330456733704e-01,-9.785369038581848145e-01,1.752696931362152100e-01,0.000000000000000000e+00
-9.231575727462768555e-01,-4.218633100390434265e-02,3.246048390865325928e-01,-9.812209606170654297e-01,-1.858870387077331543e-01,-5.149199441075325012e-02,0.000000000000000000e+00
4.539315998554229736e-01,-6.033113971352577209e-02,-3.988956212997436523e-01,1.143820062279701233e-01,-1.869841665029525757e-01,-9.756811261177062988e-01,0.000000000000000000e+00
-2.159271687269210815e-01,-1.405245810747146606e-01,4.424428939819335938e-01,-4.406067728996276855e-02,-3.062847554683685303e-01,9.509196877479553223e-01,0.000000000000000000e+00
-2.995971441268920898e-01,2.255361527204513550e-02,4.168377518653869629e-01,-2.375438064336776733e-01,8.318562060594558716e-02,9.678083658218383789e-01,0.000000000000000000e+00
-8.632320165634155273e-01,-2.665538489818572998e-01,1.486152559518814087e-01,-9.245496988296508789e-01,-3.774625062942504883e-01,-5.224806070327758789e-02,0.000000000000000000e+00
6.036632657051086426e-01,2.156910896301269531e-01,4.990937411785125732e-01,-1.686571836471557617e-01,1.775700300931930542e-01,9.695481657981872559e-01,0.000000000000000000e+00
5.011268258094787598e-01,7.571150362491607666e-02,5.007871389389038086e-01,-1.567315310239791870e-01,1.076043844223022461e-01,9.817619323730468750e-01,0.000000000000000000e+00
8.841134905815124512e-01,7.538575679063796997e-02,-3.254745900630950928e-01,9.868636727333068848e-01,1.546223908662796021e-01,4.681890457868576050e-02,0.000000000000000000e+00
8.345593214035034180e-01,4.842462390661239624e-02,2.843284606933593750e-01,9.840359687805175781e-01,1.352589577436447144e-01,1.156643405556678772e-01,0.000000000000000000e+00
8.985643386840820312e-01,-2.776397392153739929e-02,-3.303726613521575928e-01,9.895807504653930664e-01,1.398461610078811646e-01,3.424820303916931152e-02,0.000000000000000000e+00
-2.032684087753295898e-01,-1.543363332748413086e-01,4.049929380416870117e-01,1.220902055501937866e-01,-9.631708264350891113e-01,2.395744770765304565e-01,0.000000000000000000e+00
-6.704027652740478516e-01,5.920872837305068970e-02,-2.819617092609405518e-01,-1.017430201172828674e-01,9.834967851638793945e-01,-1.496077924966812134e-01,0.000000000000000000e+00
7.830120325088500977e-01,2.193139195442199707e-01,-3.960044085979461670e-01,1.512008458375930786e-01,-1.156447380781173706e-01,-9.817151427268981934e-01,0.000000000000000000e+00
-5.955041646957397461e-01,-2.113905847072601318e-01,3.679270446300506592e-01,1.427429169416427612e-01,-9.778511524200439453e-01,1.530739665031433105e-01,0.000000000000000000e+00
5.045419335365295410e-01,-1.663906574249267578e-01,-2.591216564178466797e-01,1.674049645662307739e-01,-9.856460690498352051e-01,2.184871025383472443e-02,0.000000000000000000e+00
-6.741082668304443359e-01,9.840454161167144775e-02,5.558688659220933914e-03,-1.109101250767707825e-01,9.848999977111816406e-01,-1.329319477081298828e-01,0.000000000000000000e+00
6.877030730247497559e-01,3.476037085056304932e-01,9.056795388460159302e-02,-6.237991154193878174e-02,9.845328927040100098e-01,-1.637186110019683838e-01,0.000000000000000000e+00
5.628326535224914551e-01,2.835579514503479004e-01,4.780633151531219482e-01,-1.456774175167083740e-01,2.395336329936981201e-01,9.598967432975769043e-01,0.000000000000000000e+00
-8.679285049438476562e-01,-7.667548209428787231e-02,-2.795038819313049316e-01,-9.752452373504638672e-01,-1.873338818550109863e-01,-1.174850240349769592e-01,0.000000000000000000e+00
-9.879994392395019531e-02,-2.368332594633102417e-01,-4.299244284629821777e-01,1.229418441653251648e-01,-2.040466219186782837e-01,-9.712107181549072266e-01,0.000000000000000000e+00
-3.902011811733245850e-01,1.584334820508956909e-01,2.130326628684997559e-02,-2.085418701171875000e-01,9.659848809242248535e-01,-1.529167294502258301e-01,0.000000000000000000e+00
-4.197219014167785645e-01,-2.971716523170471191e-01,-2.759685814380645752e-01,1.024880185723304749e-01,-9.804299473762512207e-01,1.680872142314910889e-01,0.000000000000000000e+00
-8.263990283012390137e-01,-1.804096698760986328e-01,3.862357437610626221e-01,-6.831942498683929443e-02,1.202903017401695251e-01,9.903851151466369629e-01,0.000000000000000000e+00
7.606217265129089355e-01,2.934220135211944580e-01,-2.458276897668838501e-01,-1.708793044090270996e-01,9.579711556434631348e-01,-2.304159402847290039e-01,0.000000000000000000e+00
-7.292473316192626953e-02,1.193138733506202698e-01,-4.627455174922943115e-01,-1.313155889511108398e-01,9.632627964019775391e-01,-2.342669218778610229e-01,0.000000000000000000e+00
-8.275055289268493652e-01,-1.673211604356765747e-01,-4.516302049160003662e-01,-9.760949611663818359e-01,-1.863994896411895752e-01,-1.117759197950363159e-01,0.000000000000000000e+00
8.344308137893676758e-01,7.169064134359359741e-02,2.554267644882202148e-01,9.806426167488098145e-01,1.562834829092025757e-01,1.179642081260681152e-01,0.000000000000000000e+00
-2.827292084693908691e-01,-1.522913724184036255e-01,-4.654859006404876709e-01,1.171577945351600647e-01,-1.460475772619247437e-01,-9.823157191276550293e-01,0.000000000000000000e+00
-2.863726913928985596e-01,-2.309278249740600586e-01,8.820142596960067749e-02,7.545159012079238892e-02,-9.804771542549133301e-01,1.815808713436126709e-01,0.000000000000000000e+00
-7.323076725006103516e-01,9.900405257940292358e-02,4.864766076207160950e-02,-4.646832123398780823e-02,9.713053703308105469e-01,-2.332522571086883545e-01,0.000000000000000000e+00
2.888475311920046806e-03,1.898048520088195801e-01,-2.180748432874679565e-01,-1.809852123260498047e-01,9.616795778274536133e-01,-2.059531658887863159e-01,0.000000000000000000e+00
-5.654797554016113281e-01,1.596580259501934052e-02,3.869455158710479736e-01,-1.056018769741058350e-01,1.196250841021537781e-01,9.871869683265686035e-01,0.000000000000000000e+00
5.374757647514343262e-01,2.099194191396236420e-02,-4.023609161376953125e-01,1.166849359869956970e-01,-1.428575813770294189e-01,-9.828409552574157715e-01,0.000000000000000000e+00
-1.988951861858367920e-01,2.095292061567306519e-01,1.249059885740280151e-01,-1.891266852617263794e-01,9.734620451927185059e-01,-1.288517415523529053e-01,0.000000000000000000e+00
2.368290275335311890e-01,2.993243634700775146e-01,3.835765719413757324e-01,-1.507052928209304810e-01,9.877202510833740234e-01,-4.118989780545234680e-02,0.000000000000000000e+00
2.055514156818389893e-01,-5.609508603811264038e-02,-4.272778928279876709e-01,1.221145391464233398e-01,-1.544675230979919434e-01,-9.804222583770751953e-01,0.000000000000000000e+00
4.137599766254425049e-01,3.256647884845733643e-01,2.948195934295654297e-01,-1.730362623929977417e-01,9.846909046173095703e-01,-2.103058435022830963e-02,0.000000000000000000e+00
7.545734643936157227e-01,-1.265573501586914062e-01,-3.235160708427429199e-01,1.758125573396682739e-01,-9.841810464859008789e-01,-2.185356803238391876e-02,0.000000000000000000e+00
-8.454451560974121094e-01,-2.717325389385223389e-01,-1.575688719749450684e-01,-9.710558056831359863e-01,-2.228683233261108398e-01,-8.590901643037796021e-02,0.000000000000000000e+00
-1.730557680130004883e-01,1.938895285129547119e-01,-1.944926381111145020e-02,-2.016997933387756348e-01,9.672012329101562500e-01,-1.543989032506942749e-01,0.000000000000000000e+00
-1.122132390737533569e-01,-1.332188844680786133e-01,4.402529299259185791e-01,1.176109760999679565e-01,-9.388345479965209961e-01,3.236624002456665039e-01,0.000000000000000000e+00
3.951990976929664612e-03,-2.437870353460311890e-01,-2.976862490177154541e-01,1.410669833421707153e-01,-9.894734025001525879e-01,3.228758275508880615e-02,0.000000000000000000e+00
-9.147505164146423340e-01,-6.066700071096420288e-02,2.487741857767105103e-01,-9.818498492240905762e-01,-1.773173809051513672e-01,-6.730101257562637329e-02,0.000000000000000000e+00
-8.464202284812927246e-01,-8.615472912788391113e-02,3.732659220695495605e-01,-8.663327991962432861e-02,1.278417855501174927e-01,9.880036115646362305e-01,0.000000000000000000e+00
-6.648645997047424316e-01,-2.697626352310180664e-01,4.452310502529144287e-02,1.791757196187973022e-01,-9.741919636726379395e-01,1.372808963060379028e-01,0.000000000000000000e+00
-7.991375923156738281e-01,-3.432630002498626709e-01,-3.960989415645599365e-01,-8.510313630104064941e-01,-4.789321422576904297e-01,-2.153360098600387573e-01,0.000000000000000000e+00
9.457663632929325104e-03,-1.443253010511398315e-01,3.417326509952545166e-01,1.182783097028732300e-01,-9.593824744224548340e-01,2.561161816120147705e-01,0.000000000000000000e+00
2.819328010082244873e-01,3.040757775306701660e-01,2.810331284999847412e-01,-1.531867682933807373e-01,9.875063896179199219e-01,-3.694454953074455261e-02,0.000000000000000000e+00
-8.249719142913818359e-01,-3.325788378715515137e-01,-2.113070487976074219e-01,-7.926613688468933105e-01,-6.095992922782897949e-01,-8.755845017731189728e-03,0.000000000000000000e+00
-1.219448447227478027e-01,-6.211884692311286926e-02,4.466383457183837891e-01,-9.980944544076919556e-02,1.058149933815002441e-01,9.893640875816345215e-01,0.000000000000000000e+00
-3.935458958148956299e-01,1.839549392461776733e-01,1.954636424779891968e-01,-1.763880997896194458e-01,9.760237932205200195e-01,-1.275334060192108154e-01,0.000000000000000000e+00
4.202989339828491211e-01,-1.783806681632995605e-01,-2.081474363803863525e-01,1.564269661903381348e-01,-9.866450428962707520e-01,4.541164264082908630e-02,0.000000000000000000e+00
-4.734870493412017822e-01,1.867896616458892822e-01,3.329668939113616943e-01,-1.519652158021926880e-01,9.771124720573425293e-01,-1.488549560308456421e-01,0.000000000000000000e+00
-1.982035189867019653e-01,1.139490231871604919e-01,-4.099391102790832520e-01,-1.437498480081558228e-01,9.662999510765075684e-01,-2.135423570871353149e-01,0.000000000000000000e+00
8.561578989028930664e-01,5.963363125920295715e-02,8.338555693626403809e-02,9.767570495605468750e-01,1.921442449092864990e-01,9.500636160373687744e-02,0.000000000000000000e+00
-3.869889378547668457e-01,1.197965964674949646e-01,-2.171229571104049683e-01,-1.792927831411361694e-01,9.696111679077148438e-01,-1.664581447839736938e-01,0.000000000000000000e+00
-1.936548650264739990e-01,-2.545503675937652588e-01,-1.247051805257797241e-01,1.211216226220130920e-01,-9.836127758026123047e-01,1.335496455430984497e-01,0.000000000000000000e+00
-8.700233101844787598e-01,-1.956208348274230957e-01,-6.243595108389854431e-02,-9.790827035903930664e-01,-1.844023019075393677e-01,-8.598159998655319214e-02,0.000000000000000000e+00
-8.109804391860961914e-01,-2.401475310325622559e-01,3.617021739482879639e-01,-6.377588026225566864e-03,-9.999796152114868164e-01,2.126257459167391062e-04,0.000000000000000000e+00
7.039406895637512207e-01,-1.193437576293945312e-01,-7.387316226959228516e-02,1.865275353193283081e-01,-9.750421643257141113e-01,1.204172372817993164e-01,0.000000000000000000e+00
5.146198272705078125e-01,3.191659748554229736e-01,4.520762339234352112e-02,-1.275468021631240845e-01,9.803848266601562500e-01,-1.502576917409896851e-01,0.000000000000000000e+00
-4.737957566976547241e-02,-5.863478779792785645e-02,-4.538891911506652832e-01,1.052421107888221741e-01,-1.346274018287658691e-01,-9.852916002273559570e-01,0.000000000000000000e+00
-7.037734389305114746e-01,8.546683937311172485e-02,-8.412367850542068481e-02,-1.515260636806488037e-01,9.856151342391967773e-01,-7.485116273164749146e-02,0.000000000000000000e+00
-8.642333745956420898e-01,-1.296881139278411865e-01,-2.263365387916564941e-01,-9.795386195182800293e-01,-1.636438965797424316e-01,-1.171527728438377380e-01,0.000000000000000000e+00
-1.693475395441055298e-01,-2.642796635627746582e-01,-2.376145273447036743e-01,1.478911340236663818e-01,-9.861698150634765625e-01,7.481497526168823242e-02,0.000000000000000000e+00
2.693773992359638214e-02,2.630728185176849365e-01,2.842516005039215088e-01,-1.613385379314422607e-01,9.860684871673583984e-01,-4.048168659210205078e-02,0.000000000000000000e+00
-2.780267000198364258e-01,-1.003269702196121216e-01,4.336913228034973145e-01,-2.992194332182407379e-02,3.603373840451240540e-02,9.989024996757507324e-01,0.000000000000000000e+00
6.868662834167480469e-01,-5.838453769683837891e-02,-3.690313994884490967e-01,1.366571485996246338e-01,-1.887381672859191895e-01,-9.724724888801574707e-01,0.000000000000000000e+00
-8.580758571624755859e-01,-1.731911003589630127e-01,-2.196580320596694946e-01,-9.836595654487609863e-01,-1.415744125843048096e-01,-1.112231761217117310e-01,0.000000000000000000e+00
5.016404986381530762e-01,-1.065382286906242371e-01,2.372136861085891724e-01,1.589255481958389282e-01,-9.612351059913635254e-01,2.253214865922927856e-01,0.000000000000000000e+00
