1.980948001146316528e-01,-2.297083735466003418e-01,5.248605087399482727e-02,4.249402582645416260e-01,-4.850038886070251465e-01,7.643278241157531738e-01,0.000000000000000000e+00
-1.382070332765579224e-01,-1.015167608857154846e-01,-1.821944713592529297e-01,-3.534487187862396240e-01,-3.396559357643127441e-01,-8.716121912002563477e-01,0.000000000000000000e+00
-2.309112995862960815e-01,-3.856416419148445129e-02,-1.578229069709777832e-01,-5.193923711776733398e-01,-3.401937186717987061e-01,-7.839003801345825195e-01,0.000000000000000000e+00
-1.290184557437896729e-01,-2.408579550683498383e-02,-2.055804729461669922e-01,-2.394321709871292114e-01,-1.338893175125122070e-02,-9.708207845687866211e-01,0.000000000000000000e+00
-1.378511935472488403e-01,-1.466605812311172485e-01,1.887166649103164673e-01,-5.335121154785156250e-01,-4.783570468425750732e-01,6.975237727165222168e-01,0.000000000000000000e+00
3.584650158882141113e-02,-1.210763491690158844e-02,2.550788223743438721e-01,1.392209678888320923e-01,-3.047052919864654541e-01,9.422166347503662109e-01,0.000000000000000000e+00
-9.300622344017028809e-02,1.839579194784164429e-01,1.784941405057907104e-01,-3.072801828384399414e-01,5.376729369163513184e-01,7.851666808128356934e-01,0.000000000000000000e+00
-2.562815546989440918e-01,-9.919349104166030884e-02,5.924769118428230286e-02,-8.465025424957275391e-01,-4.625705778598785400e-01,2.635563015937805176e-01,0.000000000000000000e+00
-1.011552810668945312e-01,2.560742497444152832e-01,-4.541515186429023743e-02,-3.703884482383728027e-01,8.312525153160095215e-01,-4.145258665084838867e-01,0.000000000000000000e+00
5.657856538891792297e-02,-4.730804823338985443e-03,-2.412628978490829468e-01,2.311473190784454346e-01,-9.284815192222595215e-02,-9.684782624244689941e-01,0.000000000000000000e+00
-1.316637247800827026e-01,2.447399646043777466e-01,-3.516755625605583191e-02,-5.123524069786071777e-01,7.960307002067565918e-01,-3.222268223762512207e-01,0.000000000000000000e+00
2.362219989299774170e-01,9.728858619928359985e-02,6.991331279277801514e-02,9.428100585937500000e-01,3.210911452770233154e-01,-8.949683606624603271e-02,0.000000000000000000e+00
1.589895486831665039e-01,-1.517321616411209106e-01,-1.626960039138793945e-01,5.267428755760192871e-01,-4.847413897514343262e-01,-6.982604861259460449e-01,0.000000000000000000e+00
-8.538892865180969238e-02,4.480215162038803101e-02,2.456730157136917114e-01,1.456389576196670532e-01,2.622210979461669922e-01,9.539545774459838867e-01,0.000000000000000000e+00
-1.788743436336517334e-01,4.372483491897583008e-02,-1.885856688022613525e-01,-3.400567173957824707e-01,3.919349983334541321e-02,-9.395878314971923828e-01,0.000000000000000000e+00
-1.287210583686828613e-01,-2.505784034729003906e-01,1.621715165674686432e-02,-3.055045306682586670e-01,-9.458964467048645020e-01,-1.093019917607307434e-01,0.000000000000000000e+00
-2.574357688426971436e-01,1.262620389461517334e-01,1.555999927222728729e-02,-8.092946410179138184e-01,5.872209072113037109e-01,-1.462145335972309113e-02,0.000000000000000000e+00
-2.728534303605556488e-02,1.898889541625976562e-01,-1.566648632287979126e-01,-3.254237771034240723e-01,6.988300085067749023e-01,-6.369740962982177734e-01,0.000000000000000000e+00
2.308017164468765259e-01,-2.019890546798706055e-01,-5.464610084891319275e-02,8.964189887046813965e-01,-1.960032880306243896e-01,-3.975119292736053467e-01,0.000000000000000000e+00
1.875954866409301758e-01,7.761152833700180054e-02,1.988937705755233765e-01,5.434941649436950684e-01,2.496345937252044678e-01,8.014341592788696289e-01,0.000000000000000000e+00
1.982793211936950684e-02,2.984409928321838379e-01,2.739324048161506653e-02,8.658520132303237915e-02,9.945871829986572266e-01,-5.743993073701858521e-02,0.000000000000000000e+00
6.263112276792526245e-02,8.969549834728240967e-02,2.490185052156448364e-01,2.305682301521301270e-01,1.534798890352249146e-01,9.608757495880126953e-01,0.000000000000000000e+00
8.680874854326248169e-02,-2.691818773746490479e-01,-1.195791736245155334e-01,6.158417090773582458e-02,-3.900192081928253174e-01,-9.187450408935546875e-01,0.000000000000000000e+00
-1.495689600706100464e-01,2.485144138336181641e-02,-2.045238018035888672e-01,-5.387542247772216797e-01,-9.036438912153244019e-02,-8.376026153564453125e-01,0.000000000000000000e+00
2.068201005458831787e-01,-2.471826076507568359e-01,1.889535598456859589e-02,7.155728340148925781e-01,-4.255773127079010010e-01,5.539309382438659668e-01,0.000000000000000000e+00
-9.223960340023040771e-02,1.208619773387908936e-02,-2.272527515888214111e-01,-3.544832766056060791e-01,-1.821912676095962524e-01,-9.171411991119384766e-01,0.000000000000000000e+00
1.096355095505714417e-01,2.821840345859527588e-02,-2.214585244655609131e-01,7.176992893218994141e-01,2.575503662228584290e-03,-6.963483691215515137e-01,0.000000000000000000e+00
8.738885074853897095e-02,-3.261170163750648499e-02,-2.444735467433929443e-01,1.503970772027969360e-01,1.219356060028076172e-01,-9.810771942138671875e-01,0.000000000000000000e+00
2.371358722448348999e-01,9.642032533884048462e-02,7.642546296119689941e-02,9.428100585937500000e-01,3.210911452770233154e-01,-8.949683606624603271e-02,0.000000000000000000e+00
2.093429565429687500e-01,2.422037161886692047e-02,1.806927323341369629e-01,5.240190625190734863e-01,-1.434264183044433594e-01,8.395432829856872559e-01,0.000000000000000000e+00
-9.303691238164901733e-02,-2.561071813106536865e-01,-9.730269014835357666e-02,-4.900709092617034912e-01,-7.625783085823059082e-01,-4.222615659236907959e-01,0.000000000000000000e+00
1.404676139354705811e-01,1.944229453802108765e-01,-1.200296953320503235e-01,6.835294365882873535e-01,7.093960642814636230e-01,-1.718859821557998657e-01,0.000000000000000000e+00
-1.352982670068740845e-01,6.386336684226989746e-02,2.366796582937240601e-01,-7.498363852500915527e-01,-4.757368937134742737e-02,6.599107384681701660e-01,0.000000000000000000e+00
-2.419398399069905281e-03,2.973044812679290771e-01,7.427340745925903320e-02,-9.858525544404983521e-02,9.829586148262023926e-01,1.551557481288909912e-01,0.000000000000000000e+00
7.568128407001495361e-02,1.041747480630874634e-01,-2.195939719676971436e-01,2.431161850690841675e-01,2.649004459381103516e-01,-9.331250190734863281e-01,0.000000000000000000e+00
1.193520277738571167e-01,2.084777317941188812e-02,-2.199752330780029297e-01,1.736914366483688354e-01,2.971237301826477051e-01,-9.389082789421081543e-01,0.000000000000000000e+00
2.374736815690994263e-01,-5.777096957899630070e-04,-8.579782396554946899e-02,9.109817743301391602e-01,1.246317848563194275e-01,-3.931655585765838623e-01,0.000000000000000000e+00
1.026429119519889355e-03,-1.997114568948745728e-01,1.574227809906005859e-01,-1.129561886191368103e-01,-6.565127968788146973e-01,7.458094954490661621e-01,0.000000000000000000e+00
-1.816086918115615845e-01,6.301321834325790405e-02,-1.794245690107345581e-01,-5.737683773040771484e-01,5.183122158050537109e-01,-6.341468691825866699e-01,0.000000000000000000e+00
-2.222343981266021729e-01,-7.455327361822128296e-02,-1.520452797412872314e-01,-6.634711027145385742e-01,-3.222107887268066406e-01,-6.752675771713256836e-01,0.000000000000000000e+00
-2.195737510919570923e-02,5.481062829494476318e-02,2.507987022399902344e-01,-1.646284610033035278e-01,3.661689162254333496e-01,9.158699512481689453e-01,0.000000000000000000e+00
1.479770392179489136e-01,1.841804236173629761e-01,-1.298452466726303101e-01,5.318329930305480957e-01,4.110203981399536133e-01,-7.404160499572753906e-01,0.000000000000000000e+00
-1.598755121231079102e-01,-2.380087822675704956e-01,-1.437390409409999847e-02,-4.327788949012756348e-01,-8.969874382019042969e-01,9.008885174989700317e-02,0.000000000000000000e+00
-1.666218936443328857e-01,1.028783246874809265e-01,-1.636627465486526489e-01,-5.516816377639770508e-01,5.217264890670776367e-01,-6.507294774055480957e-01,0.000000000000000000e+00
8.470590412616729736e-02,1.288352310657501221e-01,-2.010188847780227661e-01,4.246751666069030762e-01,7.268778085708618164e-01,-5.397218465805053711e-01,0.000000000000000000e+00
1.513871550559997559e-02,1.324919909238815308e-01,2.391501069068908691e-01,1.847008019685745239e-01,2.599717676639556885e-01,9.477870464324951172e-01,0.000000000000000000e+00
1.635133326053619385e-01,-3.138648271560668945e-01,-6.404428929090499878e-02,6.384589076042175293e-01,-5.175778269767761230e-01,-5.696344971656799316e-01,0.000000000000000000e+00
1.954733431339263916e-01,-1.054543908685445786e-02,-1.717585325241088867e-01,9.416822195053100586e-01,-1.751361973583698273e-02,-3.360474407672882080e-01,0.000000000000000000e+00
-2.590469717979431152e-01,3.032216988503932953e-02,-1.192811056971549988e-01,-8.972901105880737305e-01,2.833615541458129883e-01,-3.384917974472045898e-01,0.000000000000000000e+00
9.732455760240554810e-02,2.708023190498352051e-01,-1.344117149710655212e-02,3.829115331172943115e-01,9.192127585411071777e-01,-9.179695695638656616e-02,0.000000000000000000e+00
-1.375548988580703735e-01,7.745901495218276978e-02,-2.015011608600616455e-01,-3.899613916873931885e-01,3.055264651775360107e-01,-8.686677813529968262e-01,0.000000000000000000e+00
2.122603952884674072e-01,6.963665038347244263e-02,-1.318560838699340820e-01,8.771487474441528320e-01,3.991306573152542114e-02,-4.785572588443756104e-01,0.000000000000000000e+00
-3.012201748788356781e-02,-2.947185933589935303e-01,4.017316550016403198e-02,-1.629238426685333252e-01,-9.168973565101623535e-01,3.643557429313659668e-01,0.000000000000000000e+00
-2.622214853763580322e-01,-8.987842500209808350e-02,5.875352025032043457e-02,-7.536904811859130859e-01,-5.437566041946411133e-01,3.691603839397430420e-01,0.000000000000000000e+00
1.818128824234008789e-01,-1.312069147825241089e-01,-1.407216936349868774e-01,5.645190477371215820e-01,7.827296853065490723e-02,-8.217003941535949707e-01,0.000000000000000000e+00
2.520407438278198242e-01,-1.204752251505851746e-01,8.557756990194320679e-02,8.679134845733642578e-01,-2.056686282157897949e-01,4.521355926990509033e-01,0.000000000000000000e+00
6.087917089462280273e-02,2.875636219978332520e-01,6.328704208135604858e-02,3.601377904415130615e-01,9.171962141990661621e-01,1.704462617635726929e-01,0.000000000000000000e+00
-6.359071284532546997e-02,-1.444341987371444702e-01,-1.920481175184249878e-01,-4.528376087546348572e-02,-4.129925966262817383e-01,-9.096078872680664062e-01,0.000000000000000000e+00
1.212179660797119141e-01,2.101115435361862183e-01,1.616745740175247192e-01,4.383862912654876709e-01,7.119344472885131836e-01,5.486044287681579590e-01,0.000000000000000000e+00
-3.207718580961227417e-02,-1.970345377922058105e-01,-1.640055030584335327e-01,1.328110843896865845e-01,-6.835545897483825684e-01,-7.177146673202514648e-01,0.000000000000000000e+00
2.026497572660446167e-01,1.868122369050979614e-01,-1.786147244274616241e-02,7.433282136917114258e-01,6.543297767639160156e-01,-1.389810740947723389e-01,0.000000000000000000e+00
1.454624384641647339e-01,2.210759371519088745e-01,-8.361961692571640015e-02,2.163113206624984741e-01,4.518365263938903809e-01,-8.654785752296447754e-01,0.000000000000000000e+00
-2.211740314960479736e-01,-1.156438142061233521e-01,1.121724769473075867e-01,-6.939683556556701660e-01,-5.644650459289550781e-01,4.469755589962005615e-01,0.000000000000000000e+00
-2.668289244174957275e-01,3.705830872058868408e-02,8.289574086666107178e-02,-7.192548513412475586e-01,4.606767594814300537e-01,5.200474858283996582e-01,0.000000000000000000e+00
-1.994037628173828125e-01,-2.005368769168853760e-01,-6.246859952807426453e-02,-7.362377643585205078e-01,-4.694537520408630371e-01,-4.874085783958435059e-01,0.000000000000000000e+00
-1.065800264477729797e-01,-2.413026541471481323e-01,-1.110728457570075989e-01,-5.964837670326232910e-01,-7.658650279045104980e-01,-2.401204556226730347e-01,0.000000000000000000e+00
-2.311114668846130371e-01,-1.541122645139694214e-01,-5.975740402936935425e-02,-9.093624949455261230e-01,-4.153055548667907715e-01,2.410767599940299988e-02,0.000000000000000000e+00
-4.726004600524902344e-02,2.896952033042907715e-01,5.393783375620841980e-02,-3.998002409934997559e-01,8.656766414642333984e-01,3.012701272964477539e-01,0.000000000000000000e+00
2.487624809145927429e-02,2.593193948268890381e-01,-7.758603990077972412e-02,1.504779607057571411e-01,8.628364205360412598e-01,-4.825657010078430176e-01,0.000000000000000000e+00
6.203010305762290955e-02,2.651819884777069092e-01,-6.624423712491989136e-02,-1.618441008031368256e-02,7.929458022117614746e-01,-6.090772151947021484e-01,0.000000000000000000e+00
-2.729989886283874512e-01,1.672822982072830200e-02,8.242134749889373779e-02,-9.076316356658935547e-01,1.699140071868896484e-01,3.838411271572113037e-01,0.000000000000000000e+00
1.653041541576385498e-01,-2.297224849462509155e-01,8.004861325025558472e-02,2.957395315170288086e-01,-6.726713180541992188e-01,6.782709360122680664e-01,0.000000000000000000e+00
-2.497403472661972046e-01,-3.135249018669128418e-02,1.454809010028839111e-01,-8.222247958183288574e-01,-1.390698254108428955e-01,5.519112348556518555e-01,0.000000000000000000e+00
-2.128158658742904663e-01,-3.085394017398357391e-02,-1.748414188623428345e-01,-3.838368058204650879e-01,-7.690114434808492661e-03,-9.233689308166503906e-01,0.000000000000000000e+00
2.677406668663024902e-01,-9.922885149717330933e-02,1.267225574702024460e-02,9.692794680595397949e-01,4.552167281508445740e-02,-2.417128682136535645e-01,0.000000000000000000e+00
2.622168362140655518e-01,-4.886793717741966248e-02,-2.247357554733753204e-02,9.422864317893981934e-01,6.555516272783279419e-02,-3.283273577690124512e-01,0.000000000000000000e+00
-9.284774214029312134e-02,2.520471215248107910e-01,8.685359358787536621e-02,-1.032782271504402161e-01,4.896789789199829102e-01,8.657644391059875488e-01,0.000000000000000000e+00
-1.087818443775177002e-01,-1.965088397264480591e-01,-1.554363220930099487e-01,-6.326311230659484863e-01,-4.780969321727752686e-01,-6.092628240585327148e-01,0.000000000000000000e+00
-2.408135086297988892e-01,-6.543157249689102173e-02,1.443585157394409180e-01,-6.419339179992675781e-01,-3.903219997882843018e-01,6.599769592285156250e-01,0.000000000000000000e+00
-2.952035963535308838e-01,2.829941734671592712e-02,4.996038600802421570e-02,-8.606098294258117676e-01,-6.306432187557220459e-02,5.053449869155883789e-01,0.000000000000000000e+00
-1.872883886098861694e-01,1.588216237723827362e-02,2.027342915534973145e-01,-7.266191244125366211e-01,1.875829696655273438e-01,6.609366536140441895e-01,0.000000000000000000e+00
-6.511887907981872559e-02,-8.060242980718612671e-02,2.429957389831542969e-01,-3.397805988788604736e-02,-5.211752057075500488e-01,8.527730703353881836e-01,0.000000000000000000e+00
1.657797992229461670e-01,-1.953181475400924683e-01,-1.317064613103866577e-01,4.767957925796508789e-01,-6.760071516036987305e-01,-5.618541836738586426e-01,0.000000000000000000e+00
2.217622101306915283e-01,1.477176994085311890e-01,6.518694013357162476e-02,6.604047417640686035e-01,7.090348601341247559e-01,2.472551912069320679e-01,0.000000000000000000e+00
-2.787001430988311768e-01,-6.124626100063323975e-02,-5.454770103096961975e-02,-9.243805408477783203e-01,-3.652746379375457764e-01,-1.099777370691299438e-01,0.000000000000000000e+00
-2.444901317358016968e-01,8.722468279302120209e-03,1.529062986373901367e-01,-8.439276218414306641e-01,2.575443685054779053e-01,4.705922305583953857e-01,0.000000000000000000e+00
5.553851649165153503e-02,2.126901894807815552e-01,1.883514672517776489e-01,6.587237864732742310e-02,7.160056829452514648e-01,6.949796676635742188e-01,0.000000000000000000e+00
7.246737927198410034e-02,-1.952729374170303345e-01,-1.732069104909896851e-01,4.899720102548599243e-02,-5.596181750297546387e-01,-8.273009061813354492e-01,0.000000000000000000e+00
-2.914510071277618408e-01,-2.498766407370567322e-02,-4.877158254384994507e-02,-9.823795557022094727e-01,-1.849528700113296509e-01,2.688647620379924774e-02,0.000000000000000000e+00
2.262637019157409668e-01,7.903096079826354980e-02,1.281247287988662720e-01,7.491698265075683594e-01,5.287919044494628906e-01,3.989031016826629639e-01,0.000000000000000000e+00
9.961660206317901611e-02,2.382679432630538940e-01,1.320455223321914673e-01,3.576644062995910645e-01,8.413054943084716797e-01,4.053162336349487305e-01,0.000000000000000000e+00
-2.694803476333618164e-01,-9.413673728704452515e-02,-3.344490751624107361e-02,-8.784868121147155762e-01,-4.271279871463775635e-01,-2.140620946884155273e-01,0.000000000000000000e+00
-1.139134317636489868e-01,-1.963250637054443359e-01,1.546810567378997803e-01,-3.504499793052673340e-01,-4.291995763778686523e-01,8.324497342109680176e-01,0.000000000000000000e+00
-1.738573908805847168e-01,1.210927367210388184e-01,-1.363625079393386841e-01,-3.418437540531158447e-01,8.360587358474731445e-01,-4.291254281997680664e-01,0.000000000000000000e+00
1.556729525327682495e-01,2.280291356146335602e-02,2.294664233922958374e-01,4.313886463642120361e-01,-2.568272352218627930e-01,8.648373484611511230e-01,0.000000000000000000e+00
-7.602813839912414551e-02,-8.687119930982589722e-02,-2.229451239109039307e-01,-5.035839676856994629e-01,-4.331137537956237793e-01,-7.475397586822509766e-01,0.000000000000000000e+00
-1.735089570283889771e-01,7.845481485128402710e-02,1.791445016860961914e-01,-4.950093924999237061e-01,4.984682202339172363e-01,7.116847038269042969e-01,0.000000000000000000e+00
4.558090120553970337e-02,-7.406931370496749878e-02,-2.453687489032745361e-01,1.860118657350540161e-01,-3.247370123863220215e-01,-9.273324608802795410e-01,0.000000000000000000e+00
1.876923739910125732e-01,6.566555798053741455e-02,2.023010998964309692e-01,5.887609720230102539e-01,2.242387831211090088e-01,7.765806317329406738e-01,0.000000000000000000e+00
-1.186218485236167908e-01,2.192486226558685303e-01,1.370775997638702393e-01,-4.851426184177398682e-01,6.274077296257019043e-01,6.090945005416870117e-01,0.000000000000000000e+00
-2.156352549791336060e-01,6.735068559646606445e-02,1.714791655540466309e-01,-4.718612134456634521e-01,2.243031561374664307e-01,8.526635169982910156e-01,0.000000000000000000e+00
2.304539084434509277e-01,-2.895373664796352386e-02,-9.710063785314559937e-02,9.175363183021545410e-01,-2.826815545558929443e-01,-2.796753346920013428e-01,0.000000000000000000e+00
-5.980990082025527954e-02,1.622600108385086060e-01,-1.904379576444625854e-01,-7.735696434974670410e-02,7.752122879028320312e-01,-6.269464492797851562e-01,0.000000000000000000e+00
-2.697224318981170654e-01,3.497841954231262207e-02,-9.087765216827392578e-02,-7.983947992324829102e-01,4.478805065155029297e-01,-4.024534821510314941e-01,0.000000000000000000e+00
3.385513275861740112e-02,-3.357469141483306885e-01,-1.692998595535755157e-02,-5.020235180854797363e-01,-8.612388968467712402e-01,7.899379730224609375e-02,0.000000000000000000e+00
-2.936127781867980957e-01,5.063217505812644958e-02,4.618337377905845642e-02,-8.948124051094055176e-01,3.266056776046752930e-01,3.043674230575561523e-01,0.000000000000000000e+00
-8.015193790197372437e-02,-2.291131764650344849e-01,1.243408396840095520e-01,-2.366497367620468140e-01,-8.070400357246398926e-01,5.410020947456359863e-01,0.000000000000000000e+00
-2.413448840379714966e-01,7.314953207969665527e-02,-1.142163127660751343e-01,-8.101760149002075195e-01,4.511705338954925537e-01,-3.742458820343017578e-01,0.000000000000000000e+00
9.353767335414886475e-02,2.144695520401000977e-01,-1.108302101492881775e-01,1.773184835910797119e-01,9.235815405845642090e-01,-3.399342894554138184e-01,0.000000000000000000e+00
1.689879298210144043e-01,1.431759893894195557e-01,-1.376326829195022583e-01,8.693935871124267578e-01,2.338282614946365356e-01,-4.352920353412628174e-01,0.000000000000000000e+00
-1.097042709589004517e-01,2.139186114072799683e-01,-1.214166730642318726e-01,-2.722499072551727295e-01,8.833867311477661133e-01,-3.814549744129180908e-01,0.000000000000000000e+00
-1.547960937023162842e-01,-2.314925342798233032e-01,-6.903400272130966187e-02,-2.287962287664413452e-01,-9.734708666801452637e-01,-2.600295003503561020e-03,0.000000000000000000e+00
2.544424831867218018e-01,-7.474276423454284668e-02,9.818591177463531494e-02,7.425357103347778320e-01,6.544090807437896729e-03,6.697745323181152344e-01,0.000000000000000000e+00
1.387026160955429077e-01,2.318627685308456421e-01,-8.107435703277587891e-02,5.290399789810180664e-01,3.972466588020324707e-01,-7.498745322227478027e-01,0.000000000000000000e+00
-1.660942882299423218e-01,1.354102492332458496e-01,-1.248873919248580933e-01,-6.388114690780639648e-01,4.032855927944183350e-01,-6.551951169967651367e-01,0.000000000000000000e+00
-2.465160787105560303e-01,3.267475217580795288e-02,-1.396718323230743408e-01,-7.597433328628540039e-01,2.408194988965988159e-01,-6.039834618568420410e-01,0.000000000000000000e+00
1.240905895829200745e-01,-4.146545007824897766e-02,2.299568802118301392e-01,3.962939083576202393e-01,-3.621699810028076172e-01,8.436729311943054199e-01,0.000000000000000000e+00
1.997185200452804565e-01,1.778543293476104736e-01,5.651479214429855347e-02,8.710392117500305176e-01,1.135921403765678406e-01,4.778990745544433594e-01,0.000000000000000000e+00
-1.904350221157073975e-01,-2.509452402591705322e-02,-1.847045123577117920e-01,-3.144186437129974365e-01,-1.027104165405035019e-02,-9.492288827896118164e-01,0.000000000000000000e+00
1.723883152008056641e-01,-3.142456412315368652e-01,-2.672457136213779449e-02,6.567479968070983887e-01,-6.154269576072692871e-01,4.358115196228027344e-01,0.000000000000000000e+00
1.346675157546997070e-01,-1.322782039642333984e-01,1.851094663143157959e-01,1.787521988153457642e-01,-4.086411893367767334e-01,8.950195908546447754e-01,0.000000000000000000e+00
1.038809493184089661e-02,2.479246556758880615e-01,1.525672078132629395e-01,-4.503445327281951904e-02,6.830488443374633789e-01,7.289829850196838379e-01,0.000000000000000000e+00
-2.819658443331718445e-02,-1.802502721548080444e-01,1.736891418695449829e-01,-1.294710338115692139e-01,-6.279428005218505859e-01,7.674145698547363281e-01,0.000000000000000000e+00
-1.051649749279022217e-01,8.417489379644393921e-02,2.452762126922607422e-01,9.558262676000595093e-02,3.362267911434173584e-01,9.369180798530578613e-01,0.000000000000000000e+00
-3.528807312250137329e-02,4.862810019403696060e-03,-2.447759658098220825e-01,-8.623748272657394409e-02,1.507946550846099854e-01,-9.847964644432067871e-01,0.000000000000000000e+00
-2.270000614225864410e-02,2.014720439910888672e-01,-1.467590630054473877e-01,-2.769197225570678711e-01,6.319122910499572754e-01,-7.238800525665283203e-01,0.000000000000000000e+00
-5.329902842640876770e-02,2.128916084766387939e-01,-1.296463608741760254e-01,1.411792933940887451e-01,5.907474160194396973e-01,-7.944091558456420898e-01,0.000000000000000000e+00
-1.872651576995849609e-01,1.132524665445089340e-02,-1.904321312904357910e-01,-2.593919336795806885e-01,2.771907746791839600e-01,-9.251384139060974121e-01,0.000000000000000000e+00
2.551283538341522217e-01,-1.357863843441009521e-01,-2.302417531609535217e-02,9.796638488769531250e-01,-1.886068880558013916e-01,-6.845535337924957275e-02,0.000000000000000000e+00
-5.119089782238006592e-02,2.808498144149780273e-01,7.845204323530197144e-02,-6.907759308815002441e-01,7.225046753883361816e-01,-2.855910733342170715e-02,0.000000000000000000e+00
2.232921123504638672e-01,8.241499960422515869e-02,-1.140708327293395996e-01,8.167490959167480469e-01,-9.455564618110656738e-02,-5.691925287246704102e-01,0.000000000000000000e+00
-1.688267588615417480e-01,3.668690845370292664e-02,2.124993205070495605e-01,-4.829154610633850098e-01,4.154526293277740479e-01,7.708383202552795410e-01,0.000000000000000000e+00
-4.650849848985671997e-03,2.878446578979492188e-01,1.019294708967208862e-01,-2.673459053039550781e-02,8.724009990692138672e-01,4.880591630935668945e-01,0.000000000000000000e+00
1.164407059550285339e-01,-3.165907412767410278e-02,-2.346848845481872559e-01,4.738697111606597900e-01,1.980744898319244385e-01,-8.580291271209716797e-01,0.000000000000000000e+00
-1.688336133956909180e-01,2.117049843072891235e-01,-4.681693762540817261e-02,-6.307304501533508301e-01,7.348161339759826660e-01,-2.494481056928634644e-01,0.000000000000000000e+00
1.896433830261230469e-01,1.968096941709518433e-01,2.707002125680446625e-02,6.731121540069580078e-01,7.097603082656860352e-01,-2.077505886554718018e-01,0.000000000000000000e+00
5.921989679336547852e-02,-6.473959982395172119e-02,-2.463891804218292236e-01,1.333062499761581421e-01,-3.538421392440795898e-01,-9.257565736770629883e-01,0.000000000000000000e+00
1.916681528091430664e-01,-2.516731852665543556e-03,-1.796763986349105835e-01,8.040839433670043945e-01,-2.630252577364444733e-02,-5.939337015151977539e-01,0.000000000000000000e+00
-2.288936227560043335e-01,1.569680869579315186e-01,-8.485220372676849365e-03,-8.142232894897460938e-01,5.624372959136962891e-01,-1.438914090394973755e-01,0.000000000000000000e+00
2.416081726551055908e-01,-6.280606985092163086e-02,1.201002299785614014e-01,9.398673772811889648e-01,-7.434186339378356934e-02,3.333505094051361084e-01,0.000000000000000000e+00
1.465223729610443115e-01,2.284323424100875854e-01,-2.364543452858924866e-02,8.510469794273376465e-01,1.743006333708763123e-02,5.248002409934997559e-01,0.000000000000000000e+00
-2.198391258716583252e-01,-1.406676024198532104e-01,7.950241118669509888e-02,-7.047514319419860840e-01,-5.572935342788696289e-01,4.390323162078857422e-01,0.000000000000000000e+00
1.200016215443611145e-02,1.749871224164962769e-01,-1.864742189645767212e-01,-1.102438271045684814e-01,7.057570219039916992e-01,-6.998237967491149902e-01,0.000000000000000000e+00
1.499339789152145386e-01,-4.255347885191440582e-03,2.301996499300003052e-01,4.745180010795593262e-01,-8.230079710483551025e-02,8.763899207115173340e-01,0.000000000000000000e+00
-8.841498941183090210e-02,-1.437820643186569214e-01,-1.874351352453231812e-01,-2.919394373893737793e-01,-2.515546679496765137e-01,-9.227630496025085449e-01,0.000000000000000000e+00
3.456029295921325684e-02,2.972143590450286865e-01,4.804034158587455750e-02,1.880760043859481812e-01,9.820312261581420898e-01,1.555851008743047714e-02,0.000000000000000000e+00
-8.440817892551422119e-02,-2.233080118894577026e-01,-1.452802717685699463e-01,-2.962563745677471161e-02,-5.358033776283264160e-01,-8.438228964805603027e-01,0.000000000000000000e+00
7.984077185392379761e-02,-1.874091923236846924e-01,1.575194448232650757e-01,1.122234165668487549e-01,-6.042398810386657715e-01,7.888599634170532227e-01,0.000000000000000000e+00
1.459836512804031372e-01,1.771218478679656982e-01,1.816992312669754028e-01,5.027136206626892090e-01,2.905015647411346436e-01,8.141792416572570801e-01,0.000000000000000000e+00
9.468100219964981079e-02,3.824403136968612671e-02,2.546569705009460449e-01,6.371337175369262695e-02,2.138232439756393433e-01,9.747924208641052246e-01,0.000000000000000000e+00
-2.329221516847610474e-01,1.183344721794128418e-01,-7.706787437200546265e-02,-9.916920661926269531e-01,1.155858710408210754e-01,5.645139887928962708e-02,0.000000000000000000e+00
1.174579188227653503e-01,2.617097198963165283e-01,-1.958424970507621765e-02,3.702692091464996338e-01,9.270711541175842285e-01,-5.864987149834632874e-02,0.000000000000000000e+00
-1.695772111415863037e-01,-2.019654214382171631e-01,8.395361155271530151e-02,-6.699401140213012695e-01,-6.720562577247619629e-01,3.154689371585845947e-01,0.000000000000000000e+00
5.887308716773986816e-02,-1.579159349203109741e-01,1.861552298069000244e-01,1.741897612810134888e-01,-5.964848399162292480e-01,7.834945917129516602e-01,0.000000000000000000e+00
-2.281748503446578979e-01,1.581360846757888794e-01,3.816588595509529114e-02,-7.388813495635986328e-01,6.490140557289123535e-01,1.812047213315963745e-01,0.000000000000000000e+00
1.400696635246276855e-01,1.977125108242034912e-01,1.307211965322494507e-01,7.840573787689208984e-01,6.106523275375366211e-01,-1.111654564738273621e-01,0.000000000000000000e+00
-1.705195903778076172e-01,3.323144093155860901e-02,2.133011519908905029e-01,-4.829154610633850098e-01,4.154526293277740479e-01,7.708383202552795410e-01,0.000000000000000000e+00
-2.890859544277191162e-01,-4.710996150970458984e-02,-4.176988080143928528e-02,-9.018225669860839844e-01,-3.940478563308715820e-01,-1.773197352886199951e-01,0.000000000000000000e+00
-6.934372335672378540e-02,1.367664188146591187e-01,-2.114931344985961914e-01,-2.811805345118045807e-02,5.694248080253601074e-01,-8.215624094009399414e-01,0.000000000000000000e+00
8.365700393915176392e-02,-1.887966692447662354e-01,1.559137850999832153e-01,1.122234165668487549e-01,-6.042398810386657715e-01,7.888599634170532227e-01,0.000000000000000000e+00
-2.696435749530792236e-01,-3.166954591870307922e-02,1.118205860257148743e-01,-9.340356588363647461e-01,-1.037856936454772949e-01,3.417687416076660156e-01,0.000000000000000000e+00
2.544041275978088379e-01,-1.228966638445854187e-01,7.786389440298080444e-02,9.077896475791931152e-01,-2.463372349739074707e-01,3.394641876220703125e-01,0.000000000000000000e+00
9.859316051006317139e-02,-2.087899446487426758e-01,-1.577179431915283203e-01,1.407492458820343018e-01,-5.146142840385437012e-01,-8.457906246185302734e-01,0.000000000000000000e+00
2.614430487155914307e-01,-8.797518163919448853e-02,-2.352733537554740906e-02,9.920620918273925781e-01,5.870138481259346008e-02,-1.112070456147193909e-01,0.000000000000000000e+00
1.125573962926864624e-01,-2.646274864673614502e-01,7.859268784523010254e-02,2.384689450263977051e-01,-5.874442458152770996e-01,7.733316421508789062e-01,0.000000000000000000e+00
-3.345840424299240112e-02,-1.234185844659805298e-01,2.148097753524780273e-01,5.365665629506111145e-02,-5.393364429473876953e-01,8.403791785240173340e-01,0.000000000000000000e+00
-2.751377820968627930e-01,-8.234011381864547729e-02,-4.786578938364982605e-02,-9.704731702804565430e-01,-2.187293618917465210e-01,-1.016824692487716675e-01,0.000000000000000000e+00
5.888640508055686951e-02,2.386143356561660767e-01,-8.452978730201721191e-02,1.526731904596090317e-02,5.414315462112426758e-01,-8.406062126159667969e-01,0.000000000000000000e+00
1.948592811822891235e-01,9.312647581100463867e-02,-1.348002701997756958e-01,7.556791901588439941e-01,4.201754331588745117e-01,-5.023958086967468262e-01,0.000000000000000000e+00
-2.364416122436523438e-01,1.278318017721176147e-01,-2.019765786826610565e-02,-5.064272284507751465e-01,1.831018179655075073e-01,-8.426180481910705566e-01,0.000000000000000000e+00
-2.556115090847015381e-01,-9.660827368497848511e-02,-7.778190821409225464e-02,-9.052810668945312500e-01,-1.914941966533660889e-01,-3.792045712471008301e-01,0.000000000000000000e+00
-6.106718257069587708e-02,-7.580737024545669556e-02,-2.330362647771835327e-01,-3.689027130603790283e-01,-2.479386776685714722e-01,-8.957886099815368652e-01,0.000000000000000000e+00
1.979748010635375977e-01,8.868386596441268921e-02,1.771343797445297241e-01,9.039486646652221680e-01,3.974164426326751709e-01,1.579144001007080078e-01,0.000000000000000000e+00
-1.609799861907958984e-01,-1.434378623962402344e-01,1.697010546922683716e-01,-5.717909932136535645e-01,-6.648476719856262207e-01,4.806585013866424561e-01,0.000000000000000000e+00
1.473447680473327637e-01,-3.197676539421081543e-01,-7.123062014579772949e-02,4.209504723548889160e-01,-5.674083232879638672e-01,-7.077065110206604004e-01,0.000000000000000000e+00
7.078963518142700195e-02,2.613346874713897705e-01,1.172191426157951355e-01,3.812041878700256348e-01,7.387567162513732910e-01,5.558074712753295898e-01,0.000000000000000000e+00
-1.255688220262527466e-01,1.445335000753402710e-01,-1.890490055084228516e-01,-7.389998435974121094e-01,2.795954607427120209e-02,-6.731251478195190430e-01,0.000000000000000000e+00
2.362279891967773438e-01,1.055701076984405518e-01,4.823354259133338928e-02,9.252897500991821289e-01,1.934379786252975464e-01,3.262218236923217773e-01,0.000000000000000000e+00
-2.927098572254180908e-01,6.605804432183504105e-03,-3.431784687563776970e-03,-9.371644258499145508e-01,3.446090221405029297e-01,-5.447491630911827087e-02,0.000000000000000000e+00
1.551503837108612061e-01,-9.363546967506408691e-02,-1.941521614789962769e-01,6.845336556434631348e-01,-1.085160598158836365e-01,-7.208591699600219727e-01,0.000000000000000000e+00
1.053145825862884521e-01,5.168419703841209412e-02,2.475431859493255615e-01,5.249931812286376953e-01,3.636715412139892578e-01,7.694966793060302734e-01,0.000000000000000000e+00
-9.373007714748382568e-02,8.601871877908706665e-02,2.427425533533096313e-01,3.642833828926086426e-01,1.619501113891601562e-01,9.170985817909240723e-01,0.000000000000000000e+00
-1.004507020115852356e-01,4.362691659480333328e-03,2.509270608425140381e-01,-1.618454754352569580e-01,6.405364722013473511e-02,9.847350716590881348e-01,0.000000000000000000e+00
2.565833032131195068e-01,-2.329780533909797668e-02,1.016316339373588562e-01,9.772556424140930176e-01,7.675932347774505615e-02,1.976852864027023315e-01,0.000000000000000000e+00
-1.578814983367919922e-01,1.618106514215469360e-01,1.498086601495742798e-01,-5.462539792060852051e-01,5.160762071609497070e-01,6.597514152526855469e-01,0.000000000000000000e+00
1.573460102081298828e-01,8.465854078531265259e-02,-1.828139871358871460e-01,5.244481563568115234e-01,3.540849089622497559e-01,-7.743242383003234863e-01,0.000000000000000000e+00
2.665147483348846436e-01,-8.588349819183349609e-02,6.215361505746841431e-02,8.748817443847656250e-01,4.046232104301452637e-01,2.661991715431213379e-01,0.000000000000000000e+00
1.981533616781234741e-01,5.479286611080169678e-02,1.868518441915512085e-01,7.833650708198547363e-01,4.374091923236846924e-01,4.416019916534423828e-01,0.000000000000000000e+00
2.174079567193984985e-01,1.344280242919921875e-01,-9.138828516006469727e-02,6.324729919433593750e-01,1.851173490285873413e-01,-7.521365880966186523e-01,0.000000000000000000e+00
1.534830629825592041e-01,-1.622854918241500854e-01,-1.594232618808746338e-01,4.926066100597381592e-01,-3.698314428329467773e-01,-7.877584695816040039e-01,0.000000000000000000e+00
2.012032866477966309e-01,1.974445022642612457e-02,1.850324273109436035e-01,5.567869544029235840e-01,-1.874877810478210449e-01,8.092197775840759277e-01,0.000000000000000000e+00
-8.164333179593086243e-03,-6.646081060171127319e-02,-2.477819621562957764e-01,-1.968993991613388062e-01,-5.490875244140625000e-02,-9.788848757743835449e-01,0.000000000000000000e+00
-5.044592171907424927e-02,2.097130417823791504e-01,1.735982149839401245e-01,-2.043705284595489502e-01,5.910260677337646484e-01,7.803338170051574707e-01,0.000000000000000000e+00
-1.604747176170349121e-01,-2.345842272043228149e-01,9.705061092972755432e-03,-5.175279974937438965e-01,-8.549307584762573242e-01,3.547121956944465637e-02,0.000000000000000000e+00
-2.373918294906616211e-01,6.569455564022064209e-02,-1.310372948646545410e-01,-7.795640826225280762e-01,2.477932870388031006e-01,-5.752202272415161133e-01,0.000000000000000000e+00
1.719248890876770020e-01,-1.704580523073673248e-02,2.156693935394287109e-01,6.196237206459045410e-01,-6.380096822977066040e-02,7.823016643524169922e-01,0.000000000000000000e+00
9.313491731882095337e-02,1.456591188907623291e-01,2.069288641214370728e-01,6.387420892715454102e-01,3.339158892631530762e-01,6.931873559951782227e-01,0.000000000000000000e+00
-6.905040889978408813e-02,-1.864422261714935303e-01,-1.705653518438339233e-01,-2.540197074413299561e-01,-4.238452613353729248e-01,-8.693843483924865723e-01,0.000000000000000000e+00
-2.484783530235290527e-01,-1.115755066275596619e-01,5.942569673061370850e-02,-7.852955460548400879e-01,-5.197901725769042969e-01,3.363466262817382812e-01,0.000000000000000000e+00
-2.353797405958175659e-01,2.406696602702140808e-02,1.641058176755905151e-01,-9.419114589691162109e-01,-1.187569573521614075e-01,3.141648471355438232e-01,0.000000000000000000e+00
2.176603376865386963e-01,1.585293412208557129e-01,-6.661325693130493164e-02,9.143508672714233398e-01,3.878975808620452881e-01,-1.161807700991630554e-01,0.000000000000000000e+00
1.571806371212005615e-01,2.083768695592880249e-01,8.280035853385925293e-02,4.373706877231597900e-01,7.070336341857910156e-01,5.557069778442382812e-01,0.000000000000000000e+00
-6.820525228977203369e-02,-2.066684216260910034e-01,1.497749090194702148e-01,1.864944547414779663e-01,-7.269511818885803223e-01,6.608795523643493652e-01,0.000000000000000000e+00
7.595160603523254395e-02,2.655225098133087158e-01,-6.258885562419891357e-02,9.903485327959060669e-02,9.385507702827453613e-01,-3.306275904178619385e-01,0.000000000000000000e+00
-1.144497394561767578e-01,1.026486158370971680e-01,-2.123956084251403809e-01,-6.785538196563720703e-01,9.809710830450057983e-02,-7.279708981513977051e-01,0.000000000000000000e+00
1.585588604211807251e-01,-3.117974996566772461e-01,-6.965440511703491211e-02,5.337080359458923340e-01,-4.855372309684753418e-01,-6.923938989639282227e-01,0.000000000000000000e+00
-2.589961700141429901e-02,-2.299965023994445801e-01,-1.418549716472625732e-01,5.147206783294677734e-02,-5.425810217857360840e-01,-8.384249806404113770e-01,0.000000000000000000e+00
-2.657322883605957031e-01,8.234396576881408691e-02,7.182890921831130981e-02,-7.594246864318847656e-01,4.124749600887298584e-01,5.031287670135498047e-01,0.000000000000000000e+00
-4.133781418204307556e-02,-2.931726574897766113e-01,3.607231006026268005e-02,-3.501551449298858643e-01,-8.064201474189758301e-01,4.765269160270690918e-01,0.000000000000000000e+00
-2.801904082298278809e-01,1.175868883728981018e-02,7.427696138620376587e-02,-7.135201096534729004e-01,4.444648921489715576e-01,5.416087508201599121e-01,0.000000000000000000e+00
1.855726391077041626e-01,7.444835454225540161e-02,2.012508511543273926e-01,5.434941649436950684e-01,2.496345937252044678e-01,8.014341592788696289e-01,0.000000000000000000e+00
8.845446258783340454e-02,4.297441244125366211e-02,-2.294791191816329956e-01,1.855111569166183472e-01,1.072833389043807983e-01,-9.767680764198303223e-01,0.000000000000000000e+00
-1.260916702449321747e-03,2.793685793876647949e-01,-4.277087748050689697e-02,6.516463309526443481e-02,8.899677395820617676e-01,-4.513435959815979004e-01,0.000000000000000000e+00
-3.234746865928173065e-03,2.684714198112487793e-01,-6.387083977460861206e-02,-1.279888208955526352e-02,8.997008204460144043e-01,-4.363193809986114502e-01,0.000000000000000000e+00
-2.785151265561580658e-02,-3.369142115116119385e-02,-2.463793754577636719e-01,-1.124162971973419189e-01,-2.023762315511703491e-01,-9.728342294692993164e-01,0.000000000000000000e+00
1.429970711469650269e-01,-1.749024987220764160e-01,-1.602538079023361206e-01,5.043926835060119629e-01,-2.198648005723953247e-01,-8.350134491920471191e-01,0.000000000000000000e+00
-1.047765687108039856e-01,-2.462685108184814453e-01,9.232103824615478516e-02,-4.589687287807464600e-01,-7.554344534873962402e-01,4.676178991794586182e-01,0.000000000000000000e+00
1.140099912881851196e-01,-1.329533457756042480e-01,1.916139125823974609e-01,2.981863617897033691e-01,-6.000248193740844727e-01,7.423308491706848145e-01,0.000000000000000000e+00
-1.832378357648849487e-01,-1.490637511014938354e-01,-1.381684690713882446e-01,-6.013929843902587891e-01,-4.232619702816009521e-01,-6.776251196861267090e-01,0.000000000000000000e+00
-1.763667613267898560e-01,-7.174675166606903076e-02,-1.804581582546234131e-01,-3.053899407386779785e-01,-3.435671329498291016e-01,-8.880870342254638672e-01,0.000000000000000000e+00
1.430852860212326050e-01,3.974179271608591080e-03,-2.130653113126754761e-01,3.576815128326416016e-01,2.099397033452987671e-01,-9.099391698837280273e-01,0.000000000000000000e+00
-2.154685705900192261e-01,1.201046183705329895e-01,-1.259419918060302734e-01,-3.028232753276824951e-01,3.759028017520904541e-01,-8.757826089859008789e-01,0.000000000000000000e+00
2.784634567797183990e-02,-4.628857597708702087e-02,2.475395798683166504e-01,3.710604012012481689e-01,-2.795944809913635254e-01,8.855174183845520020e-01,0.000000000000000000e+00
2.609409987926483154e-01,-8.506980538368225098e-02,8.854512870311737061e-02,9.610739350318908691e-01,3.438973100855946541e-03,2.762699425220489502e-01,0.000000000000000000e+00
1.011868491768836975e-01,-7.370307296514511108e-02,2.200858294963836670e-01,2.079609930515289307e-01,-5.616564750671386719e-01,8.008084893226623535e-01,0.000000000000000000e+00
1.731946766376495361e-01,9.418705850839614868e-02,-1.627390086650848389e-01,6.562746167182922363e-01,2.766616046428680420e-01,-7.019701004028320312e-01,0.000000000000000000e+00
1.213234364986419678e-01,-2.804470658302307129e-01,-1.111179590225219727e-01,1.783734261989593506e-01,-5.218712687492370605e-01,-8.341662287712097168e-01,0.000000000000000000e+00
1.584329754114151001e-01,-2.618972361087799072e-01,-1.072292029857635498e-01,2.585080862045288086e-01,-2.179757803678512573e-01,-9.410951733589172363e-01,0.000000000000000000e+00
1.235302388668060303e-01,2.600368261337280273e-01,4.146487638354301453e-02,3.887057304382324219e-01,9.167082309722900391e-01,9.248739480972290039e-02,0.000000000000000000e+00
7.214034348726272583e-02,1.456363052129745483e-01,2.163348495960235596e-01,-3.645091056823730469e-01,6.263913512229919434e-01,6.890333294868469238e-01,0.000000000000000000e+00
2.088694274425506592e-02,-2.217855155467987061e-01,-1.506258398294448853e-01,-1.801128983497619629e-01,-4.775800108909606934e-01,-8.599283099174499512e-01,0.000000000000000000e+00
-2.342432439327239990e-01,1.026717573404312134e-01,-9.126469492912292480e-02,-9.761981368064880371e-01,-1.551916748285293579e-01,1.515015512704849243e-01,0.000000000000000000e+00
-1.061293482780456543e-01,-2.683543264865875244e-01,1.480496488511562347e-02,-5.813441276550292969e-01,-8.132541775703430176e-01,2.562463656067848206e-02,0.000000000000000000e+00
-1.113054156303405762e-01,2.241319566965103149e-01,1.373700499534606934e-01,-4.769731163978576660e-01,6.716657876968383789e-01,5.668877363204956055e-01,0.000000000000000000e+00
-2.632654607295989990e-01,-5.830804631114006042e-02,1.008426770567893982e-01,-8.848052024841308594e-01,-3.890036046504974365e-01,2.565071582794189453e-01,0.000000000000000000e+00
-2.993423342704772949e-01,2.323809266090393066e-02,4.152611643075942993e-02,-9.313946962356567383e-01,-3.424592614173889160e-01,1.233919337391853333e-01,0.000000000000000000e+00
-4.245486482977867126e-02,4.348426684737205505e-02,-2.433152198791503906e-01,1.267846766859292984e-02,4.429939761757850647e-02,-9.989378452301025391e-01,0.000000000000000000e+00
-1.791834980249404907e-01,2.148840725421905518e-01,4.752536304295063019e-03,-7.305456995964050293e-01,6.629378199577331543e-01,-1.637571752071380615e-01,0.000000000000000000e+00
-2.257966399192810059e-01,-1.830580085515975952e-02,1.740146726369857788e-01,-5.991162657737731934e-01,1.472412347793579102e-01,7.870068550109863281e-01,0.000000000000000000e+00
1.859264522790908813e-01,-2.006359994411468506e-01,9.570951759815216064e-02,5.222828984260559082e-01,-6.156656742095947266e-01,5.900647044181823730e-01,0.000000000000000000e+00
-8.342575281858444214e-02,2.117782533168792725e-01,-1.458149254322052002e-01,-1.033923476934432983e-01,8.780838251113891602e-01,-4.672031700611114502e-01,0.000000000000000000e+00
5.035170912742614746e-02,6.483044475317001343e-02,-2.323397696018218994e-01,-1.093835011124610901e-01,1.275866180658340454e-01,-9.857773184776306152e-01,0.000000000000000000e+00
2.630623877048492432e-01,-9.782321006059646606e-02,-3.278962336480617523e-03,9.859271049499511719e-01,5.744249001145362854e-02,-1.569971442222595215e-01,0.000000000000000000e+00
2.123052477836608887e-01,-1.402058452367782593e-01,-1.044258177280426025e-01,7.566179633140563965e-01,-1.576124280691146851e-01,-6.345766782760620117e-01,0.000000000000000000e+00
1.934669017791748047e-01,-2.206446975469589233e-02,-1.707313954830169678e-01,8.621701002120971680e-01,-3.152671456336975098e-01,-3.965720236301422119e-01,0.000000000000000000e+00
-5.463133752346038818e-02,-2.806559205055236816e-01,5.997680872678756714e-02,-3.116426989436149597e-02,-9.385770559310913086e-01,3.436596095561981201e-01,0.000000000000000000e+00
-1.660845242440700531e-02,2.529598772525787354e-01,-9.533011168241500854e-02,-3.782624378800392151e-02,9.083918333053588867e-01,-4.164054393768310547e-01,0.000000000000000000e+00
-1.013504043221473694e-01,-6.577942520380020142e-03,2.501634955406188965e-01,-8.824703097343444824e-02,-9.052693098783493042e-02,9.919764995574951172e-01,0.000000000000000000e+00
1.467873156070709229e-01,-1.258614063262939453e-01,1.804677844047546387e-01,6.367633938789367676e-01,-1.482824385166168213e-01,7.566668391227722168e-01,0.000000000000000000e+00
1.042226254940032959e-01,-3.826823830604553223e-02,-2.401171475648880005e-01,3.214829564094543457e-01,-1.290193647146224976e-01,-9.380846023559570312e-01,0.000000000000000000e+00
5.172754451632499695e-02,1.605208069086074829e-01,2.039573192596435547e-01,-4.977399483323097229e-02,3.131018280982971191e-01,9.484143257141113281e-01,0.000000000000000000e+00
-1.586437374353408813e-01,5.676793307065963745e-02,-1.952180862426757812e-01,-3.629128634929656982e-01,2.922194302082061768e-01,-8.848175406455993652e-01,0.000000000000000000e+00
1.323157250881195068e-01,8.821103721857070923e-02,-1.960842758417129517e-01,4.574780762195587158e-01,-2.208160161972045898e-01,-8.613675832748413086e-01,0.000000000000000000e+00
-1.894083023071289062e-01,-2.007325291633605957e-01,3.441994264721870422e-02,-7.808833122253417969e-01,-5.215278267860412598e-01,3.438458442687988281e-01,0.000000000000000000e+00
2.030692994594573975e-01,-1.246315985918045044e-01,1.483449041843414307e-01,8.272220492362976074e-01,-7.314278185367584229e-02,5.570940971374511719e-01,0.000000000000000000e+00
3.715148195624351501e-02,-2.092172354459762573e-01,1.457242369651794434e-01,8.489182591438293457e-02,-6.807706356048583984e-01,7.275608181953430176e-01,0.000000000000000000e+00
-1.555262655019760132e-01,2.257343530654907227e-01,6.079703941941261292e-02,-3.170934617519378662e-01,8.894904851913452148e-01,3.290264010429382324e-01,0.000000000000000000e+00
-1.145478188991546631e-01,1.846552640199661255e-01,1.674487441778182983e-01,-4.338814616203308105e-01,4.921108484268188477e-01,7.547011375427246094e-01,0.000000000000000000e+00
-1.086053624749183655e-01,-9.666009247303009033e-02,-1.966234147548675537e-01,-4.877968132495880127e-01,-1.846157908439636230e-01,-8.532122969627380371e-01,0.000000000000000000e+00
-2.729839682579040527e-01,-3.764498978853225708e-02,9.630133956670761108e-02,-8.506681323051452637e-01,-3.842816948890686035e-01,3.587357699871063232e-01,0.000000000000000000e+00
-2.764757573604583740e-01,3.204881399869918823e-02,6.947516649961471558e-02,-8.206496238708496094e-01,2.138691246509552002e-01,5.299001336097717285e-01,0.000000000000000000e+00
-1.394392829388380051e-02,-1.460584104061126709e-01,-2.129107117652893066e-01,-2.521412670612335205e-01,-8.076174259185791016e-01,-5.330843329429626465e-01,0.000000000000000000e+00
-2.923023104667663574e-01,5.430467054247856140e-02,4.580506309866905212e-02,-8.853492140769958496e-01,3.492061197757720947e-01,3.069395124912261963e-01,0.000000000000000000e+00
4.443707689642906189e-02,6.078938767313957214e-02,-2.322064936161041260e-01,-1.093835011124610901e-01,1.275866180658340454e-01,-9.857773184776306152e-01,0.000000000000000000e+00
-1.571649461984634399e-01,2.070730179548263550e-01,1.091353893280029297e-01,-6.717054247856140137e-01,5.574079155921936035e-01,4.879633784294128418e-01,0.000000000000000000e+00
-2.102511525154113770e-01,1.212591119110584259e-02,1.891104727983474731e-01,-7.638485431671142578e-01,-3.573301061987876892e-02,6.444055438041687012e-01,0.000000000000000000e+00
1.521773636341094971e-01,-8.818244934082031250e-02,-1.977008730173110962e-01,7.623023986816406250e-01,-1.243070363998413086e-01,-6.351714730262756348e-01,0.000000000000000000e+00
-1.591962873935699463e-01,-1.612584888935089111e-01,-1.548508703708648682e-01,-5.938901901245117188e-01,-2.921243011951446533e-01,-7.496384382247924805e-01,0.000000000000000000e+00
-2.928313016891479492e-01,-4.269650578498840332e-02,4.046085756272077560e-03,-9.824709892272949219e-01,-1.852073222398757935e-01,2.119098044931888580e-02,0.000000000000000000e+00
9.585519880056381226e-02,1.762146204710006714e-01,-1.625377982854843140e-01,2.684244811534881592e-01,7.790254354476928711e-01,-5.666283369064331055e-01,0.000000000000000000e+00
2.250001579523086548e-01,2.584628760814666748e-02,-1.209502443671226501e-01,6.940249800682067871e-01,-1.699656695127487183e-01,-6.996006369590759277e-01,0.000000000000000000e+00
-2.272837013006210327e-01,-1.601367741823196411e-01,-4.636317491531372070e-02,-8.839367628097534180e-01,-4.617778360843658447e-01,7.360027730464935303e-02,0.000000000000000000e+00
-3.428993001580238342e-02,-1.297792047262191772e-01,-2.195999324321746826e-01,-4.198197126388549805e-01,-2.699732780456542969e-01,-8.665251731872558594e-01,0.000000000000000000e+00
-1.563980579376220703e-01,-2.202589809894561768e-01,7.984477281570434570e-02,-6.056072711944580078e-01,-7.927693128585815430e-01,6.896843016147613525e-02,0.000000000000000000e+00
4.710314422845840454e-02,-2.158236950635910034e-01,-1.554055958986282349e-01,1.917275935411453247e-01,-7.530755996704101562e-01,-6.293787956237792969e-01,0.000000000000000000e+00
1.172012612223625183e-01,2.600029706954956055e-01,-3.961472958326339722e-02,3.769899606704711914e-01,9.218078851699829102e-01,-9.027041494846343994e-02,0.000000000000000000e+00
-1.153524145483970642e-01,1.420416533946990967e-01,-2.044422179460525513e-01,-5.672610998153686523e-01,2.554018236696720123e-02,-8.231418728828430176e-01,0.000000000000000000e+00
2.388349920511245728e-01,6.612376868724822998e-02,9.220643341541290283e-02,9.768774509429931641e-01,2.124124914407730103e-01,-2.431720681488513947e-02,0.000000000000000000e+00
-2.495073825120925903e-01,-1.315649896860122681e-01,3.405845491215586662e-03,-8.024322390556335449e-01,-5.705708265304565430e-01,1.747898012399673462e-01,0.000000000000000000e+00
-4.787346348166465759e-02,1.560977995395660400e-01,-1.976856291294097900e-01,-1.092263460159301758e-01,6.673637032508850098e-01,-7.366785407066345215e-01,0.000000000000000000e+00
1.393722444772720337e-01,2.011512815952301025e-01,-1.084017679095268250e-01,6.247121691703796387e-01,5.624435544013977051e-01,-5.416566729545593262e-01,0.000000000000000000e+00
1.705920994281768799e-01,-1.267720609903335571e-01,-1.594356298446655273e-01,7.803799510002136230e-01,-3.392012119293212891e-01,-5.253091454505920410e-01,0.000000000000000000e+00
1.308714002370834351e-01,-1.832025945186614990e-01,1.537951976060867310e-01,3.796226680278778076e-01,-7.373984456062316895e-01,5.586861371994018555e-01,0.000000000000000000e+00
-1.454964727163314819e-01,1.100961193442344666e-01,2.010245025157928467e-01,-5.839792490005493164e-01,5.156025290489196777e-01,6.269946098327636719e-01,0.000000000000000000e+00
1.456663608551025391e-01,-3.516798466444015503e-02,2.193155139684677124e-01,4.142693579196929932e-01,-3.029512763023376465e-01,8.582548499107360840e-01,0.000000000000000000e+00
1.949354112148284912e-01,-8.595529198646545410e-02,1.658088713884353638e-01,6.168909072875976562e-01,-2.201518267393112183e-01,7.556313872337341309e-01,0.000000000000000000e+00
2.304941415786743164e-01,-7.932464778423309326e-02,-8.421806246042251587e-02,7.612614035606384277e-01,-1.206157729029655457e-01,-6.371286511421203613e-01,0.000000000000000000e+00
-1.100581884384155273e-01,1.509305089712142944e-02,-2.209020107984542847e-01,-4.520744085311889648e-01,1.738736182451248169e-01,-8.748695254325866699e-01,0.000000000000000000e+00
-8.822514116764068604e-02,-1.197540536522865295e-01,-1.950794756412506104e-01,-4.216266274452209473e-01,-3.666651248931884766e-01,-8.293296694755554199e-01,0.000000000000000000e+00
2.533271014690399170e-01,5.902682431042194366e-03,-1.238038018345832825e-02,9.489424228668212891e-01,2.550226449966430664e-01,1.856655776500701904e-01,0.000000000000000000e+00
3.608833765611052513e-03,2.989735305309295654e-01,1.611455529928207397e-02,8.474856615066528320e-02,9.913744926452636719e-01,-9.997125715017318726e-02,0.000000000000000000e+00
1.082836911082267761e-01,2.631524503231048584e-01,-4.150855913758277893e-02,3.522202968597412109e-01,9.251506924629211426e-01,-1.415524631738662720e-01,0.000000000000000000e+00
-1.195190250873565674e-01,-8.613272011280059814e-02,-1.879945099353790283e-01,-3.645238280296325684e-01,-2.467755824327468872e-01,-8.978998661041259766e-01,0.000000000000000000e+00
-6.412792205810546875e-02,2.789852619171142578e-01,-3.265034779906272888e-02,-2.564072906970977783e-01,8.498688936233520508e-01,-4.604108631610870361e-01,0.000000000000000000e+00
7.677533477544784546e-02,2.532418370246887207e-01,1.241369545459747314e-01,3.701544702053070068e-01,7.597785592079162598e-01,5.345299243927001953e-01,0.000000000000000000e+00
-4.412566486280411482e-04,8.988601714372634888e-02,-2.305697202682495117e-01,2.588524520397186279e-01,-5.947266519069671631e-02,-9.640842080116271973e-01,0.000000000000000000e+00
-2.591009438037872314e-01,6.914773583412170410e-02,8.175924420356750488e-02,-5.822424888610839844e-01,-8.572650700807571411e-02,8.084829449653625488e-01,0.000000000000000000e+00
8.201415091753005981e-02,-3.416934013366699219e-01,5.833699833601713181e-03,-5.102878808975219727e-02,-9.236158728599548340e-01,3.799076378345489502e-01,0.000000000000000000e+00
-1.118880975991487503e-02,2.097509242594242096e-02,-2.475455850362777710e-01,1.431202292442321777e-01,4.906931892037391663e-02,-9.884881377220153809e-01,0.000000000000000000e+00
1.993290781974792480e-01,-2.048016339540481567e-01,7.876819372177124023e-02,5.209395885467529297e-01,-6.776005625724792480e-01,5.191140770912170410e-01,0.000000000000000000e+00
-2.161959409713745117e-01,1.402966827154159546e-01,-1.064703390002250671e-01,-7.573828101158142090e-01,5.460696816444396973e-01,-3.580211699008941650e-01,0.000000000000000000e+00
8.482851088047027588e-02,-3.244510889053344727e-01,2.919380739331245422e-02,9.811132401227951050e-02,-6.838489770889282227e-01,7.229970693588256836e-01,0.000000000000000000e+00
6.085926294326782227e-02,4.238918796181678772e-02,2.608191370964050293e-01,1.763357594609260559e-02,2.104923315346240997e-02,9.996229410171508789e-01,0.000000000000000000e+00
-1.302194744348526001e-01,1.072242558002471924e-01,2.158294171094894409e-01,-4.937394261360168457e-01,5.643858313560485840e-01,6.615814566612243652e-01,0.000000000000000000e+00
-1.703492552042007446e-02,2.906003221869468689e-02,-2.463648021221160889e-01,-1.014325618743896484e-01,1.309381723403930664e-01,-9.861879348754882812e-01,0.000000000000000000e+00
-4.012598656117916107e-03,-2.371926009654998779e-01,-1.365427970886230469e-01,-6.749217957258224487e-02,-6.552246809005737305e-01,-7.524130344390869141e-01,0.000000000000000000e+00
-1.887708753347396851e-01,-1.845933049917221069e-01,7.624747604131698608e-02,-4.887535274028778076e-01,-7.135632634162902832e-01,5.019436478614807129e-01,0.000000000000000000e+00
2.448647022247314453e-01,-2.587058208882808685e-02,-7.153831422328948975e-02,9.329496026039123535e-01,-1.156621798872947693e-01,-3.409211933612823486e-01,0.000000000000000000e+00
8.185859769582748413e-02,1.823169589042663574e-01,1.974819600582122803e-01,6.433374434709548950e-02,-8.409150876104831696e-03,9.978930354118347168e-01,0.000000000000000000e+00
-2.536082267761230469e-01,-1.904321461915969849e-02,-1.401683390140533447e-01,-6.709460020065307617e-01,-2.193577438592910767e-01,-7.083175182342529297e-01,0.000000000000000000e+00
1.490428745746612549e-01,-2.242535948753356934e-01,-1.313705891370773315e-01,3.380285799503326416e-01,-3.988821208477020264e-01,-8.524258136749267578e-01,0.000000000000000000e+00
-2.085085958242416382e-01,-1.923464536666870117e-01,-7.115775253623723984e-03,-7.093232870101928711e-01,-6.952372789382934570e-01,1.162135228514671326e-01,0.000000000000000000e+00
9.888383746147155762e-02,4.872666671872138977e-02,2.523612082004547119e-01,3.981013596057891846e-02,1.734900623559951782e-01,9.840306639671325684e-01,0.000000000000000000e+00
-1.670351475477218628e-01,1.958677023649215698e-01,-8.288687467575073242e-02,-5.582112669944763184e-01,5.456868410110473633e-01,-6.250008344650268555e-01,0.000000000000000000e+00
-1.437610387802124023e-01,-1.677353382110595703e-01,-1.592732667922973633e-01,-3.035087287425994873e-01,-3.166225254535675049e-01,-8.986838459968566895e-01,0.000000000000000000e+00
2.460849136114120483e-01,-1.039398089051246643e-01,1.087101623415946960e-01,7.170251011848449707e-01,-3.513595759868621826e-01,6.020144820213317871e-01,0.000000000000000000e+00
1.226662769913673401e-01,1.422131061553955078e-01,-1.752063184976577759e-01,5.514625310897827148e-01,1.531291753053665161e-01,-8.200247287750244141e-01,0.000000000000000000e+00
2.516903355717658997e-02,-2.445223033428192139e-01,-1.318587064743041992e-01,-3.033630363643169403e-02,-6.537135839462280273e-01,-7.561337947845458984e-01,0.000000000000000000e+00
-2.346544712781906128e-01,1.534564048051834106e-01,2.589880116283893585e-02,-7.770736217498779297e-01,6.248138546943664551e-01,7.592245191335678101e-02,0.000000000000000000e+00
1.362392753362655640e-01,2.395063936710357666e-01,-7.516029477119445801e-02,4.473244845867156982e-01,6.861913800239562988e-01,-5.736219882965087891e-01,0.000000000000000000e+00
-1.633672267198562622e-01,-2.347965836524963379e-01,-4.102907329797744751e-02,-5.989372730255126953e-01,-7.910313010215759277e-01,-1.246741563081741333e-01,0.000000000000000000e+00
-1.625497639179229736e-01,-1.170672327280044556e-01,1.927859932184219360e-01,-5.161326527595520020e-01,-4.981111288070678711e-01,6.967728137969970703e-01,0.000000000000000000e+00
-1.303712558001279831e-02,-1.908473074436187744e-01,1.630495041608810425e-01,1.353569626808166504e-01,-6.625691056251525879e-01,7.366686463356018066e-01,0.000000000000000000e+00
1.517189890146255493e-01,2.255691885948181152e-01,1.076359534636139870e-03,5.805705189704895020e-01,8.117015957832336426e-01,-6.386232376098632812e-02,0.000000000000000000e+00
-2.685425281524658203e-01,-9.390341490507125854e-02,1.846850663423538208e-02,-9.088732600212097168e-01,-4.161979556083679199e-01,-2.699292264878749847e-02,0.000000000000000000e+00
9.718766063451766968e-02,-9.785854071378707886e-02,2.176388055086135864e-01,3.895588517189025879e-01,-4.066503942012786865e-01,8.263651132583618164e-01,0.000000000000000000e+00
5.290657747536897659e-03,-1.913848519325256348e-02,2.578138113021850586e-01,-9.864646941423416138e-02,-1.018117070198059082e-01,9.899006485939025879e-01,0.000000000000000000e+00
2.010257244110107422e-01,9.017916396260261536e-03,-1.571207344532012939e-01,8.949490189552307129e-01,-2.128388732671737671e-01,-3.921298682689666748e-01,0.000000000000000000e+00
6.511005759239196777e-02,2.449461072683334351e-01,-8.192278444766998291e-02,-1.108382269740104675e-01,2.132094800472259521e-01,-9.706990122795104980e-01,0.000000000000000000e+00
1.579977124929428101e-01,-1.723774671554565430e-01,1.457070112228393555e-01,1.800327450037002563e-01,-7.221854329109191895e-01,6.678596138954162598e-01,0.000000000000000000e+00
-1.363641917705535889e-01,1.092921793460845947e-01,-1.882915645837783813e-01,-6.094198822975158691e-01,4.034958183765411377e-01,-6.824943423271179199e-01,0.000000000000000000e+00
-2.616092562675476074e-01,1.069351732730865479e-01,5.465697124600410461e-02,-8.076846003532409668e-01,4.562233388423919678e-01,3.735048174858093262e-01,0.000000000000000000e+00
4.248880222439765930e-02,-2.734897434711456299e-01,8.028740435838699341e-02,1.593853980302810669e-01,-8.212420940399169922e-01,5.478665232658386230e-01,0.000000000000000000e+00
2.204635888338088989e-01,-6.784725189208984375e-02,-9.895005822181701660e-02,9.195355772972106934e-01,-1.515046954154968262e-01,-3.626301884651184082e-01,0.000000000000000000e+00
9.116543829441070557e-02,2.747210562229156494e-01,-1.258696313016116619e-03,3.814508616924285889e-01,9.171891808509826660e-01,-1.151486933231353760e-01,0.000000000000000000e+00
-1.024321839213371277e-01,2.492856681346893311e-01,-5.745358392596244812e-02,-3.813245296478271484e-01,8.172640204429626465e-01,-4.320545792579650879e-01,0.000000000000000000e+00
-1.350925117731094360e-01,-2.137505263090133667e-01,-1.247356310486793518e-01,-5.626991391181945801e-01,-7.421205639839172363e-01,-3.641795217990875244e-01,0.000000000000000000e+00
-1.692636758089065552e-01,4.449908062815666199e-02,-1.930385380983352661e-01,-4.748386740684509277e-01,1.244451105594635010e-02,-8.799848556518554688e-01,0.000000000000000000e+00
-2.728643417358398438e-01,-3.193682804703712463e-02,-1.126234903931617737e-01,-8.952781558036804199e-01,-1.627179235219955444e-01,-4.147287011146545410e-01,0.000000000000000000e+00
6.098921224474906921e-02,2.093352973461151123e-01,1.907339841127395630e-01,1.289058774709701538e-01,5.387148857116699219e-01,8.325680494308471680e-01,0.000000000000000000e+00
-6.500828266143798828e-02,2.647452056407928467e-01,7.555164396762847900e-02,-4.071886837482452393e-01,7.429577708244323730e-01,5.312354564666748047e-01,0.000000000000000000e+00
2.381888478994369507e-01,-2.787930145859718323e-02,1.336531788110733032e-01,9.468980431556701660e-01,2.693499028682708740e-01,1.755982637405395508e-01,0.000000000000000000e+00
-8.143380284309387207e-02,1.019185632467269897e-01,2.336797267198562622e-01,5.913403034210205078e-01,1.252678334712982178e-01,7.966333031654357910e-01,0.000000000000000000e+00
1.340139955282211304e-01,1.564494669437408447e-01,1.932063847780227661e-01,3.397049903869628906e-01,4.381860196590423584e-01,8.322220444679260254e-01,0.000000000000000000e+00
2.428357303142547607e-01,2.403210662305355072e-02,1.309845447540283203e-01,9.646487236022949219e-01,9.666431695222854614e-02,2.451709955930709839e-01,0.000000000000000000e+00
-1.971787214279174805e-01,-2.086306810379028320e-01,-4.145393520593643188e-02,-7.030310034751892090e-01,-7.072693705558776855e-01,7.427943497896194458e-02,0.000000000000000000e+00
7.973885536193847656e-02,-5.570663511753082275e-02,-2.446051985025405884e-01,2.234199643135070801e-01,-1.236813962459564209e-01,-9.668435454368591309e-01,0.000000000000000000e+00
-1.742345988750457764e-01,1.873588413000106812e-01,1.071148142218589783e-01,-7.220906615257263184e-01,5.542387366294860840e-01,4.140102565288543701e-01,0.000000000000000000e+00
-7.610733807086944580e-02,-2.067002207040786743e-01,1.516011506319046021e-01,7.039591437205672264e-04,-7.488036751747131348e-01,6.627914905548095703e-01,0.000000000000000000e+00
-1.187287196516990662e-01,8.478399366140365601e-02,-2.094210088253021240e-01,-7.460066080093383789e-01,7.458195090293884277e-02,-6.617489457130432129e-01,0.000000000000000000e+00
1.642890572547912598e-01,2.179093956947326660e-01,-4.418782889842987061e-02,4.912681579589843750e-01,8.637140393257141113e-01,-1.124885454773902893e-01,0.000000000000000000e+00
-1.624178886413574219e-01,3.570975363254547119e-02,-1.973609477281570435e-01,-4.982450306415557861e-01,6.143465638160705566e-02,-8.648570179939270020e-01,0.000000000000000000e+00
2.260533124208450317e-01,-1.600184738636016846e-01,1.004778444766998291e-01,8.652297258377075195e-01,-3.718849718570709229e-01,3.362722992897033691e-01,0.000000000000000000e+00
1.641953438520431519e-01,-4.103718325495719910e-02,-1.962354630231857300e-01,6.753479242324829102e-01,-4.058078229427337646e-01,-6.158125996589660645e-01,0.000000000000000000e+00
-1.429370194673538208e-01,1.662162318825721741e-02,2.317799329757690430e-01,-4.613684415817260742e-01,5.621919631958007812e-01,6.863521933555603027e-01,0.000000000000000000e+00
2.174708396196365356e-01,9.776333719491958618e-02,1.411651521921157837e-01,9.635198712348937988e-01,2.556305825710296631e-01,7.926180213689804077e-02,0.000000000000000000e+00
2.410312443971633911e-01,-1.433198153972625732e-01,-5.592653527855873108e-02,9.352333545684814453e-01,-2.054659426212310791e-01,-2.883094549179077148e-01,0.000000000000000000e+00
-2.384297363460063934e-02,-3.118178248405456543e-01,-3.424479812383651733e-02,-3.621888756752014160e-01,-9.292293190956115723e-01,7.315786182880401611e-02,0.000000000000000000e+00
1.524680107831954956e-01,2.227499336004257202e-01,3.424341976642608643e-02,6.515792012214660645e-01,7.484877705574035645e-01,-1.233312264084815979e-01,0.000000000000000000e+00
2.324254950508475304e-03,4.524333775043487549e-02,2.580940723419189453e-01,5.982851609587669373e-02,2.317142188549041748e-01,9.709423780441284180e-01,0.000000000000000000e+00
-4.015750065445899963e-02,2.156942039728164673e-01,-1.288423091173171997e-01,-2.395894825458526611e-01,8.687971532344818115e-02,-9.669792056083679199e-01,0.000000000000000000e+00
-1.606076657772064209e-01,2.215281873941421509e-01,-3.855431452393531799e-02,-6.547389030456542969e-01,7.173470258712768555e-01,-2.381810545921325684e-01,0.000000000000000000e+00
2.141316086053848267e-01,-1.736488938331604004e-01,-8.923795074224472046e-02,9.063023924827575684e-01,-1.489936411380767822e-01,-3.954957425594329834e-01,0.000000000000000000e+00
-2.559699416160583496e-01,4.275350645184516907e-02,-1.087588369846343994e-01,-8.465893268585205078e-01,5.278773307800292969e-01,-6.805945187807083130e-02,0.000000000000000000e+00
1.881240606307983398e-01,1.894275546073913574e-01,-9.238032996654510498e-02,6.485716104507446289e-01,5.982506871223449707e-01,-4.705857932567596436e-01,0.000000000000000000e+00
-7.568340748548507690e-02,-5.330493673682212830e-02,2.518264949321746826e-01,-2.266267836093902588e-01,-9.530053287744522095e-02,9.693080782890319824e-01,0.000000000000000000e+00
-1.509879976511001587e-01,1.807159334421157837e-01,-1.201883852481842041e-01,-9.485260248184204102e-01,1.180043220520019531e-01,-2.938934862613677979e-01,0.000000000000000000e+00
-2.705845236778259277e-01,-8.888042718172073364e-02,-5.531262233853340149e-02,-8.694205284118652344e-01,-4.914618134498596191e-01,-5.072670802474021912e-02,0.000000000000000000e+00
-2.832264602184295654e-01,-6.419140100479125977e-02,-3.413033857941627502e-02,-8.773916363716125488e-01,-4.349148571491241455e-01,-2.025660574436187744e-01,0.000000000000000000e+00
5.143451318144798279e-02,2.768899798393249512e-01,-3.718430176377296448e-02,1.281339526176452637e-01,9.435802102088928223e-01,-3.053490221500396729e-01,0.000000000000000000e+00
-1.804994493722915649e-01,-7.657820358872413635e-03,-1.932717114686965942e-01,-2.494392991065979004e-01,-1.012821123003959656e-01,-9.630793929100036621e-01,0.000000000000000000e+00
-8.596067875623703003e-02,-1.741765253245830536e-02,2.532019317150115967e-01,-1.736054569482803345e-01,-2.137607336044311523e-01,9.613363146781921387e-01,0.000000000000000000e+00
3.991402313113212585e-02,2.582133412361145020e-01,1.379178017377853394e-01,2.573390305042266846e-01,7.209036350250244141e-01,6.434862613677978516e-01,0.000000000000000000e+00
7.088738679885864258e-02,2.514098882675170898e-01,-8.120511472225189209e-02,-1.671541035175323486e-01,1.838042289018630981e-01,-9.686462283134460449e-01,0.000000000000000000e+00
9.598746895790100098e-02,-1.672135591506958008e-01,1.700475066900253296e-01,1.281652003526687622e-01,-6.874731183052062988e-01,7.148107886314392090e-01,0.000000000000000000e+00
2.624166309833526611e-01,-9.257465600967407227e-03,6.067753210663795471e-02,9.636818170547485352e-01,-2.575770616531372070e-01,-7.050783932209014893e-02,0.000000000000000000e+00
-1.263965368270874023e-01,-2.246512323617935181e-01,-1.167057007551193237e-01,-4.998512864112854004e-01,-7.614226937294006348e-01,-4.127761721611022949e-01,0.000000000000000000e+00
-2.155250161886215210e-01,-8.031532168388366699e-02,1.659767329692840576e-01,-7.636879682540893555e-01,-5.328256487846374512e-01,3.645237088203430176e-01,0.000000000000000000e+00
-1.641377806663513184e-02,1.467262357473373413e-01,-2.090817242860794067e-01,-1.928648948669433594e-01,7.634664773941040039e-01,-6.163781881332397461e-01,0.000000000000000000e+00
-2.460374981164932251e-01,-1.004208177328109741e-01,8.802163600921630859e-02,-6.165866851806640625e-01,-6.137142181396484375e-01,4.931285083293914795e-01,0.000000000000000000e+00
4.120859876275062561e-02,-2.395566403865814209e-01,1.170051544904708862e-01,1.458335369825363159e-01,-7.588331103324890137e-01,6.347478628158569336e-01,0.000000000000000000e+00
-1.711824387311935425e-01,-1.517427116632461548e-01,-1.478091329336166382e-01,-5.936170816421508789e-01,-4.947713017463684082e-01,-6.346811652183532715e-01,0.000000000000000000e+00
2.037041820585727692e-02,-3.209688067436218262e-01,-6.663335114717483521e-02,-1.787186264991760254e-01,-9.185401797294616699e-01,-3.526239097118377686e-01,0.000000000000000000e+00
1.448207199573516846e-01,-3.365765213966369629e-01,-4.666321724653244019e-02,3.941979110240936279e-01,-8.871398568153381348e-01,-2.399810701608657837e-01,0.000000000000000000e+00
-1.685388684272766113e-01,-2.444709464907646179e-02,2.283583879470825195e-01,-5.187625288963317871e-01,1.139882355928421021e-01,8.472851514816284180e-01,0.000000000000000000e+00
-1.236611232161521912e-01,-2.024217694997787476e-01,1.447187662124633789e-01,-5.143800377845764160e-01,-6.932750344276428223e-01,5.047602057456970215e-01,0.000000000000000000e+00
-4.145084321498870850e-02,-6.233995407819747925e-02,2.469884008169174194e-01,4.569792747497558594e-02,-3.363530635833740234e-01,9.406265616416931152e-01,0.000000000000000000e+00
-1.457488089799880981e-01,1.274685561656951904e-01,1.875895112752914429e-01,-5.304054021835327148e-01,5.287242531776428223e-01,6.626618504524230957e-01,0.000000000000000000e+00
5.292646959424018860e-02,2.710602283477783203e-01,1.161034479737281799e-01,3.395261168479919434e-01,7.403482198715209961e-01,5.801780223846435547e-01,0.000000000000000000e+00
-5.255955085158348083e-02,-9.109631925821304321e-02,2.347548902034759521e-01,-6.621039006859064102e-03,-4.943648278713226318e-01,8.692293167114257812e-01,0.000000000000000000e+00
-2.955870032310485840e-01,-2.436465350911021233e-03,2.918210066854953766e-02,-9.617288112640380859e-01,-7.110689580440521240e-02,2.646157145500183105e-01,0.000000000000000000e+00
-2.014750838279724121e-01,-1.899140477180480957e-01,3.236798197031021118e-02,-5.787281394004821777e-01,-7.136430144309997559e-01,3.946990668773651123e-01,0.000000000000000000e+00
1.758733093738555908e-01,-2.872812747955322266e-01,-7.562299072742462158e-02,7.001760005950927734e-01,-4.213205873966217041e-01,-5.764048099517822266e-01,0.000000000000000000e+00
-2.242644727230072021e-01,1.502374410629272461e-01,-3.640075027942657471e-02,-9.676452279090881348e-01,-5.503882467746734619e-02,2.462385743856430054e-01,0.000000000000000000e+00
1.628736220300197601e-02,2.561185359954833984e-01,1.442316472530364990e-01,6.897816061973571777e-02,7.192890048027038574e-01,6.912780404090881348e-01,0.000000000000000000e+00
-7.090797647833824158e-03,-2.906910479068756104e-01,5.385467410087585449e-02,-1.936419010162353516e-01,-9.027498960494995117e-01,3.841164410114288330e-01,0.000000000000000000e+00
1.527773439884185791e-01,-9.350271522998809814e-02,-1.963754743337631226e-01,6.595815420150756836e-01,-7.379998266696929932e-02,-7.480011582374572754e-01,0.000000000000000000e+00
5.921936035156250000e-02,-2.953673005104064941e-01,-1.026219651103019714e-01,-3.514416813850402832e-01,-7.263588905334472656e-01,-5.906704068183898926e-01,0.000000000000000000e+00
2.654004693031311035e-01,-1.150342747569084167e-01,3.228457644581794739e-04,9.724714159965515137e-01,7.076776027679443359e-02,-2.220162451267242432e-01,0.000000000000000000e+00
2.065804004669189453e-01,-2.559517920017242432e-01,9.983432479202747345e-03,6.567733883857727051e-01,-6.451112031936645508e-01,3.904872536659240723e-01,0.000000000000000000e+00
2.342578023672103882e-01,1.053627803921699524e-01,7.196123152971267700e-02,9.740563631057739258e-01,2.196381539106369019e-01,-5.452733486890792847e-02,0.000000000000000000e+00
3.336065635085105896e-02,-3.328614532947540283e-01,-5.128982011228799820e-03,-4.276932775974273682e-01,-8.858695626258850098e-01,1.797598600387573242e-01,0.000000000000000000e+00
1.622141450643539429e-01,2.213280946016311646e-01,-5.647774785757064819e-02,5.649784207344055176e-01,8.211622238159179688e-01,-8.057253807783126831e-02,0.000000000000000000e+00
-2.447681576013565063e-01,-1.245747357606887817e-01,4.821360483765602112e-02,-9.051730632781982422e-01,-4.199129343032836914e-01,6.583978235721588135e-02,0.000000000000000000e+00
-2.520563006401062012e-01,7.922969013452529907e-02,-5.917457863688468933e-02,-6.674022674560546875e-01,6.380668878555297852e-01,-3.839854896068572998e-01,0.000000000000000000e+00
2.501491308212280273e-01,1.014073006808757782e-02,-5.029456689953804016e-02,8.994807004928588867e-01,-1.903110593557357788e-01,-3.933397531509399414e-01,0.000000000000000000e+00
1.398533880710601807e-01,2.362941801548004150e-01,-7.602392882108688354e-02,4.862349629402160645e-01,6.588736176490783691e-01,-5.739870667457580566e-01,0.000000000000000000e+00
5.476076900959014893e-02,-3.363028168678283691e-01,-4.732443392276763916e-02,-2.965589165687561035e-01,-8.403846621513366699e-01,-4.536588788032531738e-01,0.000000000000000000e+00
1.723140478134155273e-02,1.729332804679870605e-01,-1.894725859165191650e-01,-7.483017444610595703e-02,7.697290182113647461e-01,-6.339697837829589844e-01,0.000000000000000000e+00
-2.312196195125579834e-01,1.578971445560455322e-01,2.450907044112682343e-02,-7.770736217498779297e-01,6.248138546943664551e-01,7.592245191335678101e-02,0.000000000000000000e+00
-1.967542469501495361e-01,7.990199327468872070e-02,-1.553809344768524170e-01,-5.992837548255920410e-01,3.233041465282440186e-01,-7.323478460311889648e-01,0.000000000000000000e+00
-2.344414442777633667e-01,1.149694621562957764e-01,-9.434165060520172119e-02,-9.276573657989501953e-01,2.911365330219268799e-01,-2.338618338108062744e-01,0.000000000000000000e+00
-6.921333074569702148e-02,1.593379974365234375e-01,2.036405205726623535e-01,-2.445583194494247437e-01,4.714602828025817871e-01,8.472995162010192871e-01,0.000000000000000000e+00
9.657206386327743530e-02,-9.206964820623397827e-02,-2.251227200031280518e-01,4.271480813622474670e-02,-5.557916760444641113e-01,-8.302235007286071777e-01,0.000000000000000000e+00
-1.686691045761108398e-01,-4.015397280454635620e-02,-1.874433755874633789e-01,-3.199836909770965576e-01,-2.924897372722625732e-01,-9.011438488960266113e-01,0.000000000000000000e+00
1.615532934665679932e-01,2.097677141427993774e-01,7.681374996900558472e-02,5.108935832977294922e-01,4.508070051670074463e-01,7.319568395614624023e-01,0.000000000000000000e+00
-1.024968847632408142e-01,-5.967704206705093384e-02,-2.154873609542846680e-01,-5.312328934669494629e-01,-3.127370178699493408e-01,-7.873926162719726562e-01,0.000000000000000000e+00
1.545697152614593506e-01,-1.387075781822204590e-01,-1.709683984518051147e-01,6.837342381477355957e-01,-2.376449480652809143e-02,-7.293440699577331543e-01,0.000000000000000000e+00
-1.668749898672103882e-01,3.792639181483536959e-04,2.245719730854034424e-01,-2.438651621341705322e-01,3.145121634006500244e-01,9.173940420150756836e-01,0.000000000000000000e+00
1.180031523108482361e-01,-3.474319875240325928e-01,-1.924947276711463928e-02,1.677837669849395752e-01,-9.832198023796081543e-01,7.160626351833343506e-02,0.000000000000000000e+00
-2.578756213188171387e-02,-1.820304840803146362e-01,1.725821346044540405e-01,-2.898463606834411621e-02,-6.604997515678405762e-01,7.502666115760803223e-01,0.000000000000000000e+00
-9.256128221750259399e-02,2.735587954521179199e-01,6.066169962286949158e-02,-3.853794038295745850e-01,8.698473572731018066e-01,3.079745471477508545e-01,0.000000000000000000e+00
4.781782254576683044e-02,2.096161991357803345e-01,1.905830800533294678e-01,-1.763066798448562622e-01,3.457768857479095459e-01,9.216042160987854004e-01,0.000000000000000000e+00
2.418632507324218750e-01,6.037339940667152405e-02,1.098949164152145386e-01,9.704006910324096680e-01,2.002026140689849854e-01,1.350608617067337036e-01,0.000000000000000000e+00
-6.196182221174240112e-02,-1.124783307313919067e-01,2.184968292713165283e-01,-9.013765305280685425e-02,-3.953802585601806641e-01,9.140840768814086914e-01,0.000000000000000000e+00
6.888367980718612671e-02,-1.476179212331771851e-01,-2.022859901189804077e-01,-3.316069394350051880e-02,-5.997034907341003418e-01,-7.995349168777465820e-01,0.000000000000000000e+00
-1.569380462169647217e-01,1.267537176609039307e-01,1.782135218381881714e-01,-6.123020052909851074e-01,3.372830450534820557e-01,7.150709033012390137e-01,0.000000000000000000e+00
1.697973757982254028e-01,-6.698960810899734497e-02,2.008340656757354736e-01,4.447434544563293457e-01,-2.965393662452697754e-01,8.451435565948486328e-01,0.000000000000000000e+00
2.544917166233062744e-01,5.709517281502485275e-03,-1.806737296283245087e-02,9.489424228668212891e-01,2.550226449966430664e-01,1.856655776500701904e-01,0.000000000000000000e+00
-1.618908941745758057e-01,2.279274612665176392e-01,-1.333238556981086731e-02,-6.550902724266052246e-01,7.288634777069091797e-01,-1.990346759557723999e-01,0.000000000000000000e+00
1.014932757243514061e-03,2.604499459266662598e-01,-8.025471866130828857e-02,5.169287696480751038e-02,8.950115442276000977e-01,-4.430374205112457275e-01,0.000000000000000000e+00
1.256462931632995605e-01,1.099899187684059143e-01,2.253263741731643677e-01,1.744108796119689941e-01,3.179832696914672852e-01,9.319160580635070801e-01,0.000000000000000000e+00
-1.769873797893524170e-01,-2.125308811664581299e-01,5.502352491021156311e-02,-6.580899953842163086e-01,-7.040234804153442383e-01,2.669616937637329102e-01,0.000000000000000000e+00
1.147990077733993530e-01,-1.222501881420612335e-02,2.423400282859802246e-01,3.467231392860412598e-01,-9.332723915576934814e-02,9.333129525184631348e-01,0.000000000000000000e+00
-2.118304520845413208e-01,-1.626921445131301880e-01,5.668237432837486267e-02,-6.819029450416564941e-01,-7.031906247138977051e-01,2.013240605592727661e-01,0.000000000000000000e+00
-1.053789556026458740e-01,2.273342311382293701e-01,-9.615841507911682129e-02,-3.456438183784484863e-01,8.302319049835205078e-01,-4.373160004615783691e-01,0.000000000000000000e+00
2.421991527080535889e-01,6.104400008916854858e-02,1.041933149099349976e-01,9.822517633438110352e-01,1.769858151674270630e-01,-6.210869550704956055e-02,0.000000000000000000e+00
-2.771843075752258301e-01,-8.189290761947631836e-02,2.122964523732662201e-02,-7.145175933837890625e-01,-6.961541771888732910e-01,6.952664256095886230e-02,0.000000000000000000e+00
9.989620000123977661e-02,-3.333170115947723389e-01,1.825946755707263947e-02,9.878360480070114136e-02,-6.947802305221557617e-01,7.124059796333312988e-01,0.000000000000000000e+00
-6.411617994308471680e-02,2.170537859201431274e-01,1.641517728567123413e-01,-2.183250933885574341e-01,6.094006896018981934e-01,7.622106075286865234e-01,0.000000000000000000e+00
1.780695319175720215e-01,-2.185779958963394165e-01,8.358290046453475952e-02,6.051512956619262695e-01,-7.258300781250000000e-01,3.270514905452728271e-01,0.000000000000000000e+00
1.651143282651901245e-01,-3.110016584396362305e-01,1.064607780426740646e-02,6.781815886497497559e-01,-4.801733791828155518e-01,5.563301444053649902e-01,0.000000000000000000e+00
1.657589338719844818e-02,-1.812711060047149658e-01,-1.869396865367889404e-01,-1.363715380430221558e-01,-6.778262853622436523e-01,-7.224640846252441406e-01,0.000000000000000000e+00
2.011136561632156372e-01,1.806166768074035645e-01,8.986397646367549896e-03,5.380043387413024902e-01,7.066882252693176270e-01,4.595030844211578369e-01,0.000000000000000000e+00
-2.310906946659088135e-01,1.585163325071334839e-01,1.964408904314041138e-02,-7.397722601890563965e-01,6.715571880340576172e-01,-4.180875420570373535e-02,0.000000000000000000e+00
-2.613949477672576904e-01,8.798532187938690186e-02,7.406479865312576294e-02,-7.786568999290466309e-01,3.949937820434570312e-01,4.875175654888153076e-01,0.000000000000000000e+00
1.067591905593872070e-01,2.146960347890853882e-01,1.648025065660476685e-01,3.133198320865631104e-01,7.826182842254638672e-01,5.379026532173156738e-01,0.000000000000000000e+00
6.072182953357696533e-02,-3.321947753429412842e-01,-5.894022434949874878e-02,-2.574459612369537354e-01,-8.818024992942810059e-01,-3.951530754566192627e-01,0.000000000000000000e+00
1.923504620790481567e-01,-1.665145307779312134e-01,-1.172416284680366516e-01,7.084327936172485352e-01,-3.836491107940673828e-01,-5.923987627029418945e-01,0.000000000000000000e+00
6.890717893838882446e-02,-1.057106107473373413e-01,-2.285634428262710571e-01,2.207503914833068848e-01,-4.487805962562561035e-01,-8.659476041793823242e-01,0.000000000000000000e+00
-2.094683796167373657e-01,1.573075503110885620e-01,-9.056193381547927856e-02,-6.909547448158264160e-01,6.503915190696716309e-01,-3.155509233474731445e-01,0.000000000000000000e+00
-1.071063131093978882e-01,1.403175443410873413e-01,2.025980204343795776e-01,-4.089079797267913818e-01,5.241124629974365234e-01,7.470611333847045898e-01,0.000000000000000000e+00
2.012171745300292969e-01,1.852830648422241211e-01,2.845086273737251759e-04,5.674042105674743652e-01,8.115614056587219238e-01,1.393576711416244507e-01,0.000000000000000000e+00
-7.396659255027770996e-02,-6.014502793550491333e-02,2.510707974433898926e-01,-1.127823963761329651e-01,-3.067467808723449707e-01,9.450854659080505371e-01,0.000000000000000000e+00
2.824579179286956787e-02,-1.859417706727981567e-01,-1.847217977046966553e-01,-1.205715909600257874e-01,-6.718161106109619141e-01,-7.308389544486999512e-01,0.000000000000000000e+00
-1.577158109284937382e-03,2.340639233589172363e-01,-1.411141902208328247e-01,-6.605736911296844482e-02,8.161387443542480469e-01,-5.740678906440734863e-01,0.000000000000000000e+00
-1.626717485487461090e-02,2.601416707038879395e-01,-8.039587736129760742e-02,-2.771092206239700317e-02,8.916893601417541504e-01,-4.517988264560699463e-01,0.000000000000000000e+00
-1.552165299654006958e-01,1.035363972187042236e-01,-1.701776087284088135e-01,-3.981978297233581543e-01,5.260796546936035156e-01,-7.514510750770568848e-01,0.000000000000000000e+00
1.000045090913772583e-01,-1.526826173067092896e-01,-1.915934979915618896e-01,3.644575774669647217e-01,-2.865242958068847656e-01,-8.860443234443664551e-01,0.000000000000000000e+00
-1.533489674329757690e-01,-1.791004836559295654e-01,1.399169266223907471e-01,-5.847487449645996094e-01,-6.642704606056213379e-01,4.656324982643127441e-01,0.000000000000000000e+00
4.609237611293792725e-02,9.363976120948791504e-02,-2.277316451072692871e-01,1.704317778348922729e-01,4.619040489196777344e-01,-8.704008460044860840e-01,0.000000000000000000e+00
2.514505572617053986e-02,2.750541269779205322e-01,-4.756940156221389771e-02,5.587135627865791321e-02,8.976796865463256836e-01,-4.370922446250915527e-01,0.000000000000000000e+00
-2.112269103527069092e-01,1.689276397228240967e-01,6.548093259334564209e-02,-7.898430824279785156e-01,5.283719301223754883e-01,3.114016056060791016e-01,0.000000000000000000e+00
2.222308963537216187e-01,1.438387483358383179e-01,-7.773099094629287720e-02,9.543396830558776855e-01,2.627373635768890381e-01,-1.421438604593276978e-01,0.000000000000000000e+00
7.829070836305618286e-02,1.941393762826919556e-01,-1.441191881895065308e-01,1.271616667509078979e-01,7.048935890197753906e-01,-6.978215575218200684e-01,0.000000000000000000e+00
1.209008693695068359e-01,1.684567183256149292e-01,-1.654203683137893677e-01,8.677951991558074951e-02,6.471134424209594727e-01,-7.574387788772583008e-01,0.000000000000000000e+00
1.825451403856277466e-01,1.645928770303726196e-01,-1.144171580672264099e-01,8.144084215164184570e-01,5.238065123558044434e-01,-2.497311830520629883e-01,0.000000000000000000e+00
1.465564072132110596e-01,2.342963814735412598e-01,8.129878342151641846e-02,5.470992922782897949e-01,6.370995044708251953e-01,5.429425239562988281e-01,0.000000000000000000e+00
-6.162380054593086243e-02,-1.639016270637512207e-01,-1.811384707689285278e-01,-8.024357259273529053e-02,-4.160204231739044189e-01,-9.058079123497009277e-01,0.000000000000000000e+00
-2.712158560752868652e-01,9.660068154335021973e-02,4.639356210827827454e-02,-8.312162160873413086e-01,4.489600956439971924e-01,3.278940320014953613e-01,0.000000000000000000e+00
1.137355118989944458e-01,2.505210638046264648e-01,-7.606714218854904175e-02,3.295576572418212891e-01,8.031361103057861328e-01,-4.963508546352386475e-01,0.000000000000000000e+00
-1.173451915383338928e-02,-1.555694788694381714e-01,1.925476789474487305e-01,1.099000424146652222e-01,-5.634766817092895508e-01,8.187893629074096680e-01,0.000000000000000000e+00
1.483889520168304443e-01,1.253882944583892822e-01,2.073169946670532227e-01,3.242933154106140137e-01,5.024061203002929688e-01,8.015123009681701660e-01,0.000000000000000000e+00
-2.664730250835418701e-01,-5.914894118905067444e-02,9.477604180574417114e-02,-7.242377996444702148e-01,-2.557955980300903320e-01,6.403501033782958984e-01,0.000000000000000000e+00
7.275737076997756958e-02,-3.364852070808410645e-01,1.038136333227157593e-02,-2.179110348224639893e-01,-7.624931335449218750e-01,6.091953516006469727e-01,0.000000000000000000e+00
-1.001205742359161377e-01,8.447520434856414795e-02,2.446538209915161133e-01,9.558262676000595093e-02,3.362267911434173584e-01,9.369180798530578613e-01,0.000000000000000000e+00
-1.634178310632705688e-01,1.050255894660949707e-01,-1.646660417318344116e-01,-5.506393313407897949e-01,5.106447339057922363e-01,-6.603319644927978516e-01,0.000000000000000000e+00
-2.101484984159469604e-01,-3.390444442629814148e-02,1.910227090120315552e-01,-6.262203454971313477e-01,-2.643657848238945007e-02,7.791978120803833008e-01,0.000000000000000000e+00
2.232776582241058350e-01,5.550861358642578125e-02,-1.113213598728179932e-01,8.818030953407287598e-01,1.430170238018035889e-01,-4.494101107120513916e-01,0.000000000000000000e+00
-6.418482214212417603e-02,-2.415712475776672363e-01,1.107431724667549133e-01,-1.643381118774414062e-01,-7.262693047523498535e-01,6.674771904945373535e-01,0.000000000000000000e+00
-1.323101073503494263e-01,6.349059939384460449e-02,2.395263612270355225e-01,-6.667199134826660156e-01,-1.079075969755649567e-03,7.453076243400573730e-01,0.000000000000000000e+00
-1.365529149770736694e-01,1.114569827914237976e-01,-1.867983192205429077e-01,-6.195120215415954590e-01,4.452475607395172119e-01,-6.464978456497192383e-01,0.000000000000000000e+00
1.361914351582527161e-02,1.155472770333290100e-01,2.425501197576522827e-01,1.384458988904953003e-01,2.798151411116123199e-02,9.899746179580688477e-01,0.000000000000000000e+00
1.813600659370422363e-01,1.889334768056869507e-01,-9.979537874460220337e-02,5.282680988311767578e-01,4.390292465686798096e-01,-7.267641425132751465e-01,0.000000000000000000e+00
1.555649638175964355e-01,-3.890702128410339355e-02,-2.062194496393203735e-01,5.339919328689575195e-01,-3.095344267785549164e-02,-8.449227809906005859e-01,0.000000000000000000e+00
-2.390337735414505005e-02,-1.593558639287948608e-01,1.912700682878494263e-01,-7.885452359914779663e-02,-4.160058200359344482e-01,9.059365987777709961e-01,0.000000000000000000e+00
-1.197955235838890076e-01,1.536134183406829834e-01,1.866242140531539917e-01,-4.566420614719390869e-01,5.193924903869628906e-01,7.222946286201477051e-01,0.000000000000000000e+00
-3.116943687200546265e-02,-1.675855219364166260e-01,1.854019016027450562e-01,4.738978669047355652e-02,-6.086352467536926270e-01,7.920336723327636719e-01,0.000000000000000000e+00
-4.584781453013420105e-02,2.883722484111785889e-01,-2.326350472867488861e-02,-1.605453789234161377e-01,8.932983279228210449e-01,-4.198134243488311768e-01,0.000000000000000000e+00
2.095668315887451172e-01,8.226943318732082844e-04,1.797915101051330566e-01,6.980617046356201172e-01,-1.009612977504730225e-01,7.088841199874877930e-01,0.000000000000000000e+00
1.202448010444641113e-01,-1.598976254463195801e-01,1.704919785261154175e-01,2.254307717084884644e-01,-4.976413249969482422e-01,8.375763297080993652e-01,0.000000000000000000e+00
2.563685551285743713e-02,2.314754873514175415e-01,-1.441899687051773071e-01,3.464228808879852295e-01,8.262609243392944336e-01,-4.441666603088378906e-01,0.000000000000000000e+00
1.950919926166534424e-01,1.264258921146392822e-01,1.741138845682144165e-01,6.491838693618774414e-01,1.653585582971572876e-01,7.424398064613342285e-01,0.000000000000000000e+00
-8.333688974380493164e-02,5.758554860949516296e-02,-2.327512353658676147e-01,-2.789124846458435059e-01,4.543358087539672852e-02,-9.592411518096923828e-01,0.000000000000000000e+00
7.049599289894104004e-02,-1.132942736148834229e-01,2.140026092529296875e-01,-1.262627989053726196e-01,-4.683451056480407715e-01,8.744773268699645996e-01,0.000000000000000000e+00
1.287085353396832943e-03,-1.539790928363800049e-01,1.924910396337509155e-01,1.058917492628097534e-01,-7.450733780860900879e-01,6.585230231285095215e-01,0.000000000000000000e+00
6.078652665019035339e-02,-1.244209632277488708e-01,-2.163832038640975952e-01,2.779293954372406006e-01,-6.385728716850280762e-01,-7.176210284233093262e-01,0.000000000000000000e+00
7.926952093839645386e-02,2.232413291931152344e-01,-1.050915643572807312e-01,2.878556847572326660e-01,8.541159629821777344e-01,-4.331569969654083252e-01,0.000000000000000000e+00
-9.059499204158782959e-02,3.502444177865982056e-02,2.484252899885177612e-01,2.497601695358753204e-02,3.568281233310699463e-01,9.338361024856567383e-01,0.000000000000000000e+00
-2.685201466083526611e-01,7.314451038837432861e-02,7.393331825733184814e-02,-7.365946173667907715e-01,2.517779767513275146e-01,6.277230381965637207e-01,0.000000000000000000e+00
-1.551406830549240112e-01,-7.898221164941787720e-02,-1.839280277490615845e-01,-2.703863382339477539e-01,-1.490624397993087769e-01,-9.511422514915466309e-01,0.000000000000000000e+00
9.949035942554473877e-02,-1.141482070088386536e-01,-2.147221863269805908e-01,1.974761635065078735e-01,-2.353483736515045166e-01,-9.516376852989196777e-01,0.000000000000000000e+00
-2.946222722530364990e-01,4.776931833475828171e-03,4.030218720436096191e-02,-9.999384880065917969e-01,4.470324201975017786e-04,1.108069997280836105e-02,0.000000000000000000e+00
-2.206702232360839844e-01,1.439371109008789062e-01,8.285804837942123413e-02,-7.120983004570007324e-01,5.373711585998535156e-01,4.518277049064636230e-01,0.000000000000000000e+00
-6.371426582336425781e-02,-2.822084426879882812e-01,-7.703475654125213623e-02,-3.159616887569427490e-01,-7.473296523094177246e-01,-5.845225453376770020e-01,0.000000000000000000e+00
1.291582137346267700e-01,-2.799452245235443115e-01,-1.097436621785163879e-01,2.919701039791107178e-01,-4.207831025123596191e-01,-8.588917255401611328e-01,0.000000000000000000e+00
-7.545661181211471558e-02,-1.922155022621154785e-01,-1.666299402713775635e-01,-1.317155510187149048e-01,-3.310300111770629883e-01,-9.343822002410888672e-01,0.000000000000000000e+00
-2.748437821865081787e-01,9.525201469659805298e-02,3.796060383319854736e-02,-8.343753814697265625e-01,4.792521893978118896e-01,2.722775042057037354e-01,0.000000000000000000e+00
5.421482771635055542e-02,-2.699066884815692902e-03,2.576670348644256592e-01,-1.021585240960121155e-01,-1.775188446044921875e-01,9.788006544113159180e-01,0.000000000000000000e+00
1.212765201926231384e-01,1.572514921426773071e-01,1.954083591699600220e-01,5.789335351437330246e-03,5.158003568649291992e-01,8.566892743110656738e-01,0.000000000000000000e+00
-2.577926516532897949e-01,1.130927130579948425e-01,-1.227221917361021042e-02,-4.829018712043762207e-01,2.991965413093566895e-01,-8.229746222496032715e-01,0.000000000000000000e+00
1.069652661681175232e-01,-3.194092810153961182e-01,3.059909120202064514e-02,9.587809443473815918e-02,-7.122328281402587891e-01,6.953645348548889160e-01,0.000000000000000000e+00
2.457887977361679077e-01,-1.598650813102722168e-01,-3.922085836529731750e-02,9.097752571105957031e-01,-1.964555680751800537e-01,-3.656694591045379639e-01,0.000000000000000000e+00
-1.543840616941452026e-01,-1.449995860457420349e-02,-1.983188986778259277e-01,-1.936665326356887817e-01,-5.558452755212783813e-02,-9.794915318489074707e-01,0.000000000000000000e+00
-2.666770517826080322e-01,2.125347778201103210e-02,1.012199372053146362e-01,-9.369120001792907715e-01,2.345697134733200073e-01,2.591774165630340576e-01,0.000000000000000000e+00
8.893514424562454224e-02,-7.227899879217147827e-02,2.284769713878631592e-01,4.364254176616668701e-01,-5.006678700447082520e-01,7.475724220275878906e-01,0.000000000000000000e+00
2.187362313270568848e-01,-5.252871289849281311e-02,1.538735777139663696e-01,9.649537205696105957e-01,2.185966223478317261e-01,1.451887786388397217e-01,0.000000000000000000e+00
4.316785931587219238e-02,-1.270173490047454834e-01,-2.206193804740905762e-01,2.589941024780273438e-01,-6.371112465858459473e-01,-7.259554266929626465e-01,0.000000000000000000e+00
-1.009097844362258911e-01,7.237628102302551270e-03,-2.248901277780532837e-01,-2.186332345008850098e-01,-1.367530133575201035e-02,-9.757112860679626465e-01,0.000000000000000000e+00
-2.778839506208896637e-02,-2.856970727443695068e-01,-9.865050017833709717e-02,-2.498176842927932739e-01,-6.380502581596374512e-01,-7.283426523208618164e-01,0.000000000000000000e+00
-6.112923473119735718e-02,2.890473008155822754e-01,-2.559972694143652916e-03,-3.960822522640228271e-01,9.174201488494873047e-01,3.819866850972175598e-02,0.000000000000000000e+00
-1.031518951058387756e-01,9.742145985364913940e-02,2.386318296194076538e-01,-9.750749915838241577e-02,4.497915208339691162e-01,8.877949714660644531e-01,0.000000000000000000e+00
-1.698607020080089569e-02,2.479982227087020874e-01,-1.061196997761726379e-01,-3.782624378800392151e-02,9.083918333053588867e-01,-4.164054393768310547e-01,0.000000000000000000e+00
-2.677608430385589600e-01,-8.936287462711334229e-02,-6.152978539466857910e-02,-8.053945302963256836e-01,-3.886287212371826172e-01,-4.475570619106292725e-01,0.000000000000000000e+00
2.658172845840454102e-01,-1.252848654985427856e-01,9.257391095161437988e-03,9.742025732994079590e-01,-1.717230230569839478e-01,-1.464260220527648926e-01,0.000000000000000000e+00
-7.617748528718948364e-02,1.713225618004798889e-02,2.519544959068298340e-01,-3.740897402167320251e-02,2.808028161525726318e-01,9.590361714363098145e-01,0.000000000000000000e+00
2.217218130826950073e-01,-4.416207969188690186e-02,-1.064950078725814819e-01,8.128379583358764648e-01,-1.796274036169052124e-01,-5.541014671325683594e-01,0.000000000000000000e+00
-2.412765175104141235e-01,8.934938162565231323e-02,-6.740330159664154053e-02,-9.680832028388977051e-01,2.504879236221313477e-01,-8.408193476498126984e-03,0.000000000000000000e+00
-7.728453725576400757e-03,2.276642173528671265e-01,-1.479413956403732300e-01,-1.208925470709800720e-01,7.288014888763427734e-01,-6.739683747291564941e-01,0.000000000000000000e+00
1.269845962524414062e-01,2.210346311330795288e-01,1.022241935133934021e-01,6.170384287834167480e-01,5.211309790611267090e-01,5.896491408348083496e-01,0.000000000000000000e+00
-1.788603961467742920e-01,2.146105766296386719e-01,5.706300213932991028e-02,-6.616415381431579590e-01,7.199781537055969238e-01,2.094323337078094482e-01,0.000000000000000000e+00
-2.081670612096786499e-01,1.029623001813888550e-01,1.514990329742431641e-01,-6.307656764984130859e-01,5.327128767967224121e-01,5.642266273498535156e-01,0.000000000000000000e+00
2.138442248106002808e-01,5.941967293620109558e-02,1.691367924213409424e-01,7.910831570625305176e-01,2.600354850292205811e-01,5.536867380142211914e-01,0.000000000000000000e+00
8.690385520458221436e-02,-4.941948503255844116e-02,-2.426437735557556152e-01,4.525476396083831787e-01,-1.726915836334228516e-01,-8.748589754104614258e-01,0.000000000000000000e+00
-1.081514135003089905e-01,-1.661184132099151611e-01,1.816281974315643311e-01,-1.050016507506370544e-01,-6.103132963180541992e-01,7.851702570915222168e-01,0.000000000000000000e+00
-2.340503185987472534e-01,-1.392097473144531250e-01,5.297774448990821838e-02,-8.069219589233398438e-01,-5.893284082412719727e-01,3.961124643683433533e-02,0.000000000000000000e+00
1.878859102725982666e-01,1.655931398272514343e-02,2.025474458932876587e-01,7.206962108612060547e-01,-1.323976516723632812e-01,6.804909110069274902e-01,0.000000000000000000e+00
-2.729301154613494873e-01,-9.076593071222305298e-02,4.730971995741128922e-03,-7.833800911903381348e-01,-6.127378940582275391e-01,1.042493134737014771e-01,0.000000000000000000e+00
-2.717005312442779541e-01,-3.645722568035125732e-02,1.014425233006477356e-01,-8.888011574745178223e-01,-3.769081532955169678e-01,2.607157528400421143e-01,0.000000000000000000e+00
5.753407627344131470e-02,2.015403509140014648e-01,1.952592432498931885e-01,-1.360645890235900879e-01,4.767624735832214355e-01,8.684376478195190430e-01,0.000000000000000000e+00
2.591953985393047333e-02,2.510312199592590332e-01,-9.427155554294586182e-02,3.558656573295593262e-01,8.794698119163513184e-01,-3.160577118396759033e-01,0.000000000000000000e+00
7.219007611274719238e-02,-1.549413949251174927e-01,1.851453781127929688e-01,2.282730191946029663e-01,-6.298040151596069336e-01,7.424542307853698730e-01,0.000000000000000000e+00
-4.424745589494705200e-02,2.169821411371231079e-01,-1.276984512805938721e-01,-2.473402917385101318e-01,8.524565398693084717e-02,-9.651714563369750977e-01,0.000000000000000000e+00
7.310052961111068726e-02,2.299380749464035034e-01,-9.223720431327819824e-02,-3.022972121834754944e-02,7.324095368385314941e-01,-6.801929473876953125e-01,0.000000000000000000e+00
1.633407622575759888e-01,9.200316667556762695e-02,2.171670496463775635e-01,5.172660350799560547e-01,2.838483750820159912e-01,8.073821663856506348e-01,0.000000000000000000e+00
-1.561757028102874756e-01,-1.965750306844711304e-01,1.206217855215072632e-01,-6.826972365379333496e-01,-5.229046940803527832e-01,5.103872418403625488e-01,0.000000000000000000e+00
2.166307866573333740e-01,-7.446613907814025879e-02,-1.047397330403327942e-01,8.704434037208557129e-01,-2.082038670778274536e-01,-4.460710585117340088e-01,0.000000000000000000e+00
8.363711088895797729e-02,-8.668234199285507202e-02,2.246578335762023926e-01,2.675896584987640381e-01,-3.641916215419769287e-01,8.920539617538452148e-01,0.000000000000000000e+00
2.499616444110870361e-01,-6.246655434370040894e-02,-5.395563691854476929e-02,6.590143442153930664e-01,1.859689205884933472e-01,-7.287768125534057617e-01,0.000000000000000000e+00
1.292728334665298462e-01,1.152883283793926239e-02,2.379059344530105591e-01,3.297012448310852051e-01,1.591059416532516479e-01,9.305817484855651855e-01,0.000000000000000000e+00
1.489692926406860352e-01,-2.529571056365966797e-01,6.903538107872009277e-02,4.868463575839996338e-01,-5.115317702293395996e-01,7.080366611480712891e-01,0.000000000000000000e+00
2.629050314426422119e-01,-8.522974699735641479e-02,8.171469718217849731e-02,9.610739350318908691e-01,3.438973100855946541e-03,2.762699425220489502e-01,0.000000000000000000e+00
1.696086302399635315e-02,-3.298025727272033691e-01,-4.184712097048759460e-02,-3.227066099643707275e-01,-9.456041455268859863e-01,-4.114930331707000732e-02,0.000000000000000000e+00
2.449111491441726685e-01,7.969221472740173340e-02,2.043274603784084320e-02,9.586611986160278320e-01,-5.027412995696067810e-02,2.800736129283905029e-01,0.000000000000000000e+00
2.572005093097686768e-01,-1.265160888433456421e-01,7.063248008489608765e-02,8.995395898818969727e-01,-3.531732410192489624e-02,4.354091882705688477e-01,0.000000000000000000e+00
-4.690565913915634155e-02,1.533698383718729019e-02,2.578326463699340820e-01,-2.675949037075042725e-01,1.237420365214347839e-02,9.634520411491394043e-01,0.000000000000000000e+00
1.639317274093627930e-01,9.057566523551940918e-02,-1.750066131353378296e-01,6.587349176406860352e-01,3.888390660285949707e-01,-6.441059708595275879e-01,0.000000000000000000e+00
2.180804312229156494e-01,1.516004800796508789e-01,-1.953889057040214539e-02,9.598789811134338379e-01,2.652393877506256104e-01,-9.099696576595306396e-02,0.000000000000000000e+00
3.853775188326835632e-02,2.848857641220092773e-01,1.006543487310409546e-01,2.228120416402816772e-01,8.848580718040466309e-01,4.091221690177917480e-01,0.000000000000000000e+00
-2.088672071695327759e-01,6.995591521263122559e-02,-1.504641622304916382e-01,-5.487802624702453613e-01,4.059897959232330322e-01,-7.307615876197814941e-01,0.000000000000000000e+00
-1.078371554613113403e-01,9.112395346164703369e-02,-2.219202667474746704e-01,-7.262849211692810059e-01,2.674629986286163330e-01,-6.332249045372009277e-01,0.000000000000000000e+00
1.595496386289596558e-01,-5.058470368385314941e-02,-2.024166285991668701e-01,7.477986812591552734e-01,7.053735852241516113e-02,-6.601678729057312012e-01,0.000000000000000000e+00
-7.246874272823333740e-02,-2.233249098062515259e-01,1.327749937772750854e-01,-1.741242259740829468e-01,-7.996129989624023438e-01,5.747171044349670410e-01,0.000000000000000000e+00
5.152772367000579834e-02,1.360037177801132202e-01,2.258203476667404175e-01,1.354515552520751953e-01,6.990814805030822754e-01,7.020954489707946777e-01,0.000000000000000000e+00
-2.333119064569473267e-01,-1.533385813236236572e-01,1.872206851840019226e-02,-8.847941756248474121e-01,-4.590541124343872070e-01,8.005394041538238525e-02,0.000000000000000000e+00
1.767504811286926270e-01,1.388988196849822998e-01,1.784342527389526367e-01,7.148181796073913574e-01,3.892089426517486572e-01,5.809917449951171875e-01,0.000000000000000000e+00
2.142499536275863647e-01,-8.386578410863876343e-02,-1.065973863005638123e-01,9.371804594993591309e-01,-1.698559671640396118e-01,-3.046993911266326904e-01,0.000000000000000000e+00
-2.616148591041564941e-01,4.250494390726089478e-02,-9.420988708734512329e-02,-7.702044844627380371e-01,4.859621524810791016e-01,-4.130688309669494629e-01,0.000000000000000000e+00
2.137795537710189819e-01,1.731248199939727783e-01,2.581338398158550262e-02,7.350730299949645996e-01,6.456309556961059570e-01,-2.069500684738159180e-01,0.000000000000000000e+00
1.908272691071033478e-02,-2.217799872159957886e-01,1.346568018198013306e-01,-1.930074691772460938e-01,-5.729666948318481445e-01,7.965282797813415527e-01,0.000000000000000000e+00
1.724252700805664062e-01,-1.036999300122261047e-01,1.811208277940750122e-01,5.330102443695068359e-01,-1.861676871776580811e-01,8.253736495971679688e-01,0.000000000000000000e+00
-1.245685219764709473e-01,5.130717530846595764e-02,-2.171511948108673096e-01,-5.664533376693725586e-01,-2.645681500434875488e-01,-7.804705500602722168e-01,0.000000000000000000e+00
7.419567555189132690e-02,-6.778989732265472412e-02,2.341493517160415649e-01,7.219526916742324829e-02,-4.139630794525146484e-01,9.074262380599975586e-01,0.000000000000000000e+00
-9.240821748971939087e-02,-1.513747721910476685e-01,1.946346014738082886e-01,2.349380170926451683e-03,-5.256225466728210449e-01,8.507146239280700684e-01,0.000000000000000000e+00
2.128271311521530151e-01,1.748102605342864990e-01,2.768857777118682861e-02,7.350730299949645996e-01,6.456309556961059570e-01,-2.069500684738159180e-01,0.000000000000000000e+00
2.059003114700317383e-01,1.775149106979370117e-01,2.075073868036270142e-02,5.257920622825622559e-01,7.494972944259643555e-01,-4.022393822669982910e-01,0.000000000000000000e+00
-3.952356427907943726e-02,5.151282623410224915e-02,2.495983093976974487e-01,-1.270951926708221436e-01,4.332471489906311035e-01,8.922688364982604980e-01,0.000000000000000000e+00
7.150217890739440918e-02,4.802896827459335327e-02,2.587250471115112305e-01,3.235889077186584473e-01,2.026541829109191895e-01,9.242410659790039062e-01,0.000000000000000000e+00
-2.012488394975662231e-01,1.182067245244979858e-01,-1.277570277452468872e-01,2.810130715370178223e-01,2.279816120862960815e-01,-9.322317242622375488e-01,0.000000000000000000e+00
1.182972490787506104e-01,-2.698800563812255859e-01,-1.166939884424209595e-01,7.102470099925994873e-02,-4.197975397109985352e-01,-9.048345088958740234e-01,0.000000000000000000e+00
9.386023133993148804e-02,-1.300250589847564697e-01,2.011779099702835083e-01,3.276548981666564941e-01,-3.885535895824432373e-01,8.612017035484313965e-01,0.000000000000000000e+00
-2.809889018535614014e-01,-6.910111010074615479e-02,-2.405963838100433350e-02,-7.775602340698242188e-01,-6.131286025047302246e-01,1.395471245050430298e-01,0.000000000000000000e+00
-2.014336735010147095e-02,1.276277750730514526e-01,2.291645854711532593e-01,-5.521848201751708984e-01,-5.581874027848243713e-02,8.318510651588439941e-01,0.000000000000000000e+00
2.591516673564910889e-01,1.886922493577003479e-02,1.617460139095783234e-02,9.646406769752502441e-01,1.708125472068786621e-01,-2.007272243499755859e-01,0.000000000000000000e+00
-6.322807818651199341e-02,-9.660499542951583862e-02,2.313495278358459473e-01,3.249143064022064209e-02,-6.625975370407104492e-01,7.482705712318420410e-01,0.000000000000000000e+00
-1.313774734735488892e-01,4.393336363136768341e-03,2.413431406021118164e-01,-4.493092298507690430e-01,2.173805832862854004e-01,8.665257692337036133e-01,0.000000000000000000e+00
-1.392366588115692139e-01,-1.107462123036384583e-01,-1.784535497426986694e-01,-2.858300805091857910e-01,-2.464182525873184204e-01,-9.260557293891906738e-01,0.000000000000000000e+00
1.816596239805221558e-01,1.388474553823471069e-01,-1.267825812101364136e-01,3.273170888423919678e-01,4.413492083549499512e-01,-8.355084657669067383e-01,0.000000000000000000e+00
-1.561880856752395630e-01,-2.345545589923858643e-01,-5.709735304117202759e-02,-5.452328324317932129e-01,-7.687348127365112305e-01,-3.343172371387481689e-01,0.000000000000000000e+00
-2.634448111057281494e-01,9.837464988231658936e-02,-1.330129243433475494e-02,-5.053288340568542480e-01,1.930919140577316284e-01,-8.410459160804748535e-01,0.000000000000000000e+00
1.186555325984954834e-01,2.570714652538299561e-01,-5.391251295804977417e-02,4.136915206909179688e-01,8.855582475662231445e-01,-2.112958282232284546e-01,0.000000000000000000e+00
-1.458675116300582886e-01,-1.365424133837223053e-02,2.376624345779418945e-01,-4.390439689159393311e-01,2.098134309053421021e-01,8.736239075660705566e-01,0.000000000000000000e+00
-1.311543863266706467e-02,1.513701379299163818e-01,-2.044988870620727539e-01,-3.496847450733184814e-01,7.119320034980773926e-01,-6.089937686920166016e-01,0.000000000000000000e+00
-1.029172241687774658e-01,-2.481396943330764771e-01,-1.003893688321113586e-01,-6.940067410469055176e-01,-6.661781072616577148e-01,-2.730592191219329834e-01,0.000000000000000000e+00
-2.088451534509658813e-01,1.374458968639373779e-01,1.100864261388778687e-01,-7.691852450370788574e-01,5.308181047439575195e-01,3.557894527912139893e-01,0.000000000000000000e+00
-2.372085005044937134e-01,-1.372220218181610107e-01,4.631773754954338074e-02,-6.885712742805480957e-01,-6.984806656837463379e-01,1.949212700128555298e-01,0.000000000000000000e+00
-1.598936170339584351e-01,-7.757068425416946411e-02,2.138223797082901001e-01,-5.223559141159057617e-01,-5.733831524848937988e-01,6.311703324317932129e-01,0.000000000000000000e+00
-2.328889369964599609e-01,-9.116177260875701904e-02,1.287688314914703369e-01,-5.135887265205383301e-01,-5.061270594596862793e-01,6.928650736808776855e-01,0.000000000000000000e+00
-1.265649944543838501e-01,-2.521671056747436523e-01,5.779628455638885498e-02,-3.611713945865631104e-01,-9.310595989227294922e-01,5.180040001869201660e-02,0.000000000000000000e+00
-1.560627967119216919e-01,1.465118825435638428e-01,1.642212420701980591e-01,-5.664452314376831055e-01,5.250117182731628418e-01,6.352185010910034180e-01,0.000000000000000000e+00
1.422437727451324463e-01,-3.290131688117980957e-01,-6.310006231069564819e-02,3.354550600051879883e-01,-7.514606118202209473e-01,-5.681345462799072266e-01,0.000000000000000000e+00
1.861050426959991455e-01,-2.638017199933528900e-02,2.014952003955841064e-01,6.318985819816589355e-01,-4.497085511684417725e-01,6.312419772148132324e-01,0.000000000000000000e+00
2.621551454067230225e-01,-5.950693041086196899e-02,6.575969606637954712e-02,9.090206623077392578e-01,-2.081009000539779663e-01,3.610753715038299561e-01,0.000000000000000000e+00
2.615827023983001709e-01,5.881275516003370285e-03,3.320036828517913818e-02,9.389401674270629883e-01,2.945078909397125244e-01,1.779227405786514282e-01,0.000000000000000000e+00
2.461786866188049316e-01,3.195584937930107117e-02,-5.008904635906219482e-02,9.407165050506591797e-01,3.228444755077362061e-01,1.040378361940383911e-01,0.000000000000000000e+00
-1.580819371156394482e-03,-2.430676221847534180e-01,-1.322505623102188110e-01,-9.245999902486801147e-02,-5.708816647529602051e-01,-8.158096075057983398e-01,0.000000000000000000e+00
2.230110019445419312e-01,1.476238816976547241e-01,6.212055310606956482e-02,6.604047417640686035e-01,7.090348601341247559e-01,2.472551912069320679e-01,0.000000000000000000e+00
-1.004042252898216248e-01,1.675605773925781250e-02,2.496977597475051880e-01,-2.301376312971115112e-01,1.012471020221710205e-01,9.678769111633300781e-01,0.000000000000000000e+00
9.367666207253932953e-03,2.134255021810531616e-01,-1.604400426149368286e-01,-2.244212925434112549e-01,2.682508826255798340e-01,-9.368439316749572754e-01,0.000000000000000000e+00
7.087138295173645020e-02,2.175560891628265381e-01,-1.202253550291061401e-01,1.782091706991195679e-01,9.035049676895141602e-01,-3.897694945335388184e-01,0.000000000000000000e+00
-7.035569101572036743e-02,-2.484452426433563232e-01,1.012550219893455505e-01,-1.615326851606369019e-01,-7.688021659851074219e-01,6.187490224838256836e-01,0.000000000000000000e+00
-5.832282453775405884e-02,2.300195544958114624e-01,1.550060659646987915e-01,-1.844948679208755493e-01,6.384160518646240234e-01,7.472527027130126953e-01,0.000000000000000000e+00
1.245724484324455261e-01,-3.439806103706359863e-01,-1.171130593866109848e-02,2.001559287309646606e-01,-8.850037455558776855e-01,4.203640520572662354e-01,0.000000000000000000e+00
2.117613852024078369e-01,-2.419078499078750610e-01,-6.102686747908592224e-02,8.766632676124572754e-01,-3.261923789978027344e-01,-3.536382317543029785e-01,0.000000000000000000e+00
2.304625362157821655e-01,-8.838476240634918213e-02,1.393552720546722412e-01,7.617352604866027832e-01,-5.884910821914672852e-01,2.709937691688537598e-01,0.000000000000000000e+00
1.748190224170684814e-01,-4.115574434399604797e-02,-1.888076215982437134e-01,4.326173365116119385e-01,-2.205858230590820312e-01,-8.741762638092041016e-01,0.000000000000000000e+00
1.627554744482040405e-01,1.758774966001510620e-01,-1.305819302797317505e-01,2.628399133682250977e-01,6.225646138191223145e-01,-7.371081709861755371e-01,0.000000000000000000e+00
-2.649627327919006348e-01,-3.054491057991981506e-02,1.210349351167678833e-01,-8.720212578773498535e-01,-7.810863107442855835e-02,4.831956028938293457e-01,0.000000000000000000e+00
-9.811391681432723999e-02,-2.738627493381500244e-01,1.740275323390960693e-02,-5.639817714691162109e-01,-8.257656097412109375e-01,-5.974632222205400467e-03,0.000000000000000000e+00
-1.594172231853008270e-02,-3.148154914379119873e-01,-6.110094487667083740e-03,-1.851626783609390259e-01,-9.752354621887207031e-01,1.209566891193389893e-01,0.000000000000000000e+00
2.442443966865539551e-01,7.798994332551956177e-02,2.608262002468109131e-02,9.819495677947998047e-01,-1.350198686122894287e-01,-1.324564069509506226e-01,0.000000000000000000e+00
-8.652926981449127197e-02,2.741667330265045166e-01,-5.569403525441884995e-03,-5.505206584930419922e-01,8.129756450653076172e-01,1.897303462028503418e-01,0.000000000000000000e+00
-2.363670617341995239e-02,1.795370876789093018e-01,-1.731414347887039185e-01,5.675208568572998047e-02,8.833408355712890625e-01,-4.652828574180603027e-01,0.000000000000000000e+00
-1.570849269628524780e-01,7.932685315608978271e-02,1.971287876367568970e-01,-9.730938673019409180e-01,-4.316814616322517395e-02,2.263290584087371826e-01,0.000000000000000000e+00
2.223128229379653931e-01,1.525287032127380371e-01,4.081076756119728088e-02,8.601812720298767090e-01,4.838219285011291504e-01,1.612592041492462158e-01,0.000000000000000000e+00
-1.969014704227447510e-01,1.261295974254608154e-01,-1.244941055774688721e-01,2.799421846866607666e-01,2.313283085823059082e-01,-9.317293763160705566e-01,0.000000000000000000e+00
-2.035331726074218750e-01,1.851525753736495972e-01,-2.938026189804077148e-02,-6.781229972839355469e-01,7.270195484161376953e-01,-1.076650619506835938e-01,0.000000000000000000e+00
-2.800298333168029785e-01,3.074838779866695404e-02,-7.210166752338409424e-02,-9.405108690261840820e-01,2.905197441577911377e-01,-1.761748939752578735e-01,0.000000000000000000e+00
-4.648882895708084106e-02,-1.445484310388565063e-01,2.018036991357803345e-01,1.571367233991622925e-01,-7.084919214248657227e-01,6.880023479461669922e-01,0.000000000000000000e+00
-1.745240390300750732e-01,-1.691578477621078491e-01,1.233971565961837769e-01,-6.486448049545288086e-01,-5.560235381126403809e-01,5.197093486785888672e-01,0.000000000000000000e+00
1.996742933988571167e-01,1.176875010132789612e-01,-1.239730343222618103e-01,6.051770448684692383e-01,3.813307881355285645e-01,-6.988186836242675781e-01,0.000000000000000000e+00
6.480146199464797974e-02,-1.481058895587921143e-01,1.919457018375396729e-01,4.650207981467247009e-02,-6.200479269027709961e-01,7.831845879554748535e-01,0.000000000000000000e+00
5.475983396172523499e-02,5.405271053314208984e-02,-2.337977588176727295e-01,-5.770091339945793152e-02,9.388829022645950317e-02,-9.939092397689819336e-01,0.000000000000000000e+00
2.641278207302093506e-01,-4.541246592998504639e-02,6.293999403715133667e-02,9.945805072784423828e-01,-7.518482953310012817e-02,7.181131094694137573e-02,0.000000000000000000e+00
-2.626660168170928955e-01,-1.106564998626708984e-01,-9.283851832151412964e-03,-8.837526440620422363e-01,-4.609179198741912842e-01,-8.084513992071151733e-02,0.000000000000000000e+00
-1.177134513854980469e-01,1.866499781608581543e-01,1.642046570777893066e-01,-4.795080125331878662e-01,4.994783103466033936e-01,7.215216159820556641e-01,0.000000000000000000e+00
2.019427567720413208e-01,-2.425904422998428345e-01,-7.711745053529739380e-02,6.092962026596069336e-01,-6.701655387878417969e-01,-4.238352179527282715e-01,0.000000000000000000e+00
1.158225759863853455e-01,2.627742290496826172e-01,-1.520920544862747192e-02,3.934501409530639648e-01,9.151340723037719727e-01,-8.790116012096405029e-02,0.000000000000000000e+00
7.992550730705261230e-02,-2.692016959190368652e-01,8.069565147161483765e-02,1.797464065020903945e-04,-6.148546338081359863e-01,7.886404395103454590e-01,0.000000000000000000e+00
1.865065395832061768e-01,-7.967735640704631805e-03,2.044174820184707642e-01,3.976670205593109131e-01,6.383606046438217163e-02,9.153064489364624023e-01,0.000000000000000000e+00
2.649708688259124756e-01,-1.228572279214859009e-01,4.264175891876220703e-02,9.987165331840515137e-01,-4.653203766793012619e-03,5.043454840779304504e-02,0.000000000000000000e+00
2.443300932645797729e-01,4.342044144868850708e-02,-6.716138124465942383e-02,9.683995246887207031e-01,2.164332121610641479e-01,-1.239314526319503784e-01,0.000000000000000000e+00
5.984134599566459656e-02,1.299963891506195068e-01,2.268048524856567383e-01,4.619670510292053223e-01,2.589164674282073975e-01,8.482621908187866211e-01,0.000000000000000000e+00
-7.679213583469390869e-02,-2.678218781948089600e-01,7.348849624395370483e-02,-3.346030041575431824e-02,-7.092636823654174805e-01,7.041487097740173340e-01,0.000000000000000000e+00
-2.080914676189422607e-01,-6.050124391913414001e-02,1.863805353641510010e-01,-4.681838452816009521e-01,-4.438957273960113525e-01,7.640421986579895020e-01,0.000000000000000000e+00
1.395044922828674316e-01,8.338955044746398926e-02,2.305074185132980347e-01,5.157993435859680176e-01,3.690589666366577148e-01,7.731406688690185547e-01,0.000000000000000000e+00
7.169617712497711182e-02,-1.822877675294876099e-01,-1.808647215366363525e-01,1.166384592652320862e-01,-3.997899293899536133e-01,-9.091553688049316406e-01,0.000000000000000000e+00
2.659349441528320312e-01,-5.411824584007263184e-02,-8.438028395175933838e-03,9.856532216072082520e-01,1.425669044256210327e-01,-9.034571051597595215e-02,0.000000000000000000e+00
9.437053650617599487e-02,-5.201445147395133972e-02,2.337443828582763672e-01,4.161683619022369385e-01,-7.338741421699523926e-02,9.063212275505065918e-01,0.000000000000000000e+00
1.429643929004669189e-01,-3.132644295692443848e-01,2.955862693488597870e-02,3.374683260917663574e-01,-7.046851515769958496e-01,6.241265535354614258e-01,0.000000000000000000e+00
-2.807693779468536377e-01,-4.504531994462013245e-02,-8.354026824235916138e-02,-7.960435152053833008e-01,-1.802243888378143311e-01,-5.777836441993713379e-01,0.000000000000000000e+00
2.021669894456863403e-01,1.622730195522308350e-01,-9.360827505588531494e-02,3.102582693099975586e-01,4.163368940353393555e-01,-8.546364307403564453e-01,0.000000000000000000e+00
2.016928978264331818e-02,2.502413280308246613e-02,-2.421314120292663574e-01,-1.112537309527397156e-01,1.020363420248031616e-01,-9.885399341583251953e-01,0.000000000000000000e+00
2.469259798526763916e-01,-1.611523330211639404e-01,-3.423005715012550354e-02,9.258822202682495117e-01,-3.627296388149261475e-01,-1.056849583983421326e-01,0.000000000000000000e+00
-2.174697965383529663e-01,-1.072629168629646301e-01,-1.378774344921112061e-01,-7.748402357101440430e-01,-1.943971514701843262e-01,-6.015250682830810547e-01,0.000000000000000000e+00
-1.035014749504625797e-03,1.765388250350952148e-01,-1.803039759397506714e-01,-1.451920121908187866e-01,8.676778674125671387e-01,-4.754517376422882080e-01,0.000000000000000000e+00
-6.931874155998229980e-02,-2.855354687198996544e-03,-2.364746034145355225e-01,-4.820244908332824707e-01,5.988427251577377319e-02,-8.741088509559631348e-01,0.000000000000000000e+00
5.783103406429290771e-02,2.137915939092636108e-01,-1.320640295743942261e-01,3.256440460681915283e-01,7.300358414649963379e-01,-6.008357405662536621e-01,0.000000000000000000e+00
2.747742831707000732e-02,2.884398996829986572e-01,-1.554558612406253815e-02,1.295215338468551636e-01,9.413871765136718750e-01,-3.114713430404663086e-01,0.000000000000000000e+00
2.244863957166671753e-01,-2.328873574733734131e-01,-2.997821662575006485e-03,8.763363957405090332e-01,-4.355105161666870117e-01,2.058278173208236694e-01,0.000000000000000000e+00
-1.123669072985649109e-01,-4.072510823607444763e-02,-2.130836397409439087e-01,-4.435344636440277100e-01,9.218051284551620483e-02,-8.915042877197265625e-01,0.000000000000000000e+00
-2.497018277645111084e-01,-3.434636816382408142e-02,-1.429992169141769409e-01,-7.402685284614562988e-01,-2.260613813996315002e-02,-6.719311475753784180e-01,0.000000000000000000e+00
-4.312227666378021240e-02,-3.024316132068634033e-01,-4.957667738199234009e-02,-5.222730040550231934e-01,-8.350709676742553711e-01,-1.728795617818832397e-01,0.000000000000000000e+00
4.198323003947734833e-03,-3.245671689510345459e-01,-2.304053120315074921e-02,-5.236726403236389160e-01,-8.384922146797180176e-01,1.506576836109161377e-01,0.000000000000000000e+00
1.010900437831878662e-01,-2.726661860942840576e-01,-1.169553697109222412e-01,9.680817276239395142e-02,-3.877805769443511963e-01,-9.166539311408996582e-01,0.000000000000000000e+00
6.114042177796363831e-02,-1.168539673089981079e-01,-2.231049090623855591e-01,1.817876994609832764e-01,-6.908908486366271973e-01,-6.997306942939758301e-01,0.000000000000000000e+00
2.380417734384536743e-01,8.351477235555648804e-02,9.633081406354904175e-02,9.718466997146606445e-01,2.012626081705093384e-01,1.225044950842857361e-01,0.000000000000000000e+00
1.528156697750091553e-01,-9.085995703935623169e-02,1.962828189134597778e-01,6.790682077407836914e-01,-1.577224880456924438e-01,7.169309258460998535e-01,0.000000000000000000e+00
1.195006221532821655e-01,-4.080823436379432678e-02,2.320353090763092041e-01,5.646180361509323120e-02,-3.631457686424255371e-01,9.300200343132019043e-01,0.000000000000000000e+00
-8.487029117532074451e-04,2.994503974914550781e-01,1.724809035658836365e-02,7.609737664461135864e-02,9.903254508972167969e-01,-1.160372272133827209e-01,0.000000000000000000e+00
-5.165483430027961731e-02,2.587280869483947754e-01,-7.385065406560897827e-02,-2.077830880880355835e-01,8.606830835342407227e-01,-4.648126661777496338e-01,0.000000000000000000e+00
9.486487507820129395e-02,-1.834425516426563263e-02,2.463516145944595337e-01,2.431023716926574707e-01,-2.288372367620468140e-01,9.426212310791015625e-01,0.000000000000000000e+00
2.502106428146362305e-01,7.031457871198654175e-02,6.497804075479507446e-03,8.707715272903442383e-01,1.444162875413894653e-01,4.700009822845458984e-01,0.000000000000000000e+00
7.565952092409133911e-02,-1.744986772537231445e-01,1.671392172574996948e-01,9.666866064071655273e-02,-5.259898900985717773e-01,8.449791669845581055e-01,0.000000000000000000e+00
1.515408605337142944e-01,1.897552460432052612e-01,-1.152789816260337830e-01,4.684362411499023438e-01,7.094862461090087891e-01,-5.264947414398193359e-01,0.000000000000000000e+00
-4.820841923356056213e-02,-3.998624533414840698e-02,-2.427137494087219238e-01,-3.384192585945129395e-01,1.854907125234603882e-01,-9.225321412086486816e-01,0.000000000000000000e+00
-2.289659343659877777e-02,1.170149892568588257e-01,2.295561432838439941e-01,-4.050360918045043945e-01,2.768430411815643311e-01,8.713803291320800781e-01,0.000000000000000000e+00
-1.359700113534927368e-01,-2.240139245986938477e-01,-1.089869886636734009e-01,-3.950817584991455078e-01,-7.517591118812561035e-01,-5.279854536056518555e-01,0.000000000000000000e+00
-6.454823166131973267e-02,-2.710441648960113525e-01,-9.317086637020111084e-02,-3.729082643985748291e-01,-7.932778000831604004e-01,-4.813001155853271484e-01,0.000000000000000000e+00
2.076293379068374634e-01,-2.142928354442119598e-02,-1.438934057950973511e-01,8.918471932411193848e-01,-6.640411168336868286e-02,-4.474361538887023926e-01,0.000000000000000000e+00
-1.487488597631454468e-01,4.804683476686477661e-02,-2.001408636569976807e-01,-3.103129267692565918e-01,9.003039449453353882e-02,-9.463616609573364258e-01,0.000000000000000000e+00
2.027546316385269165e-01,-1.902918219566345215e-01,-1.029313057661056519e-01,6.501153707504272461e-01,-1.955011337995529175e-01,-7.342542409896850586e-01,0.000000000000000000e+00
1.818896681070327759e-01,7.989955693483352661e-02,-1.612836420536041260e-01,6.213924884796142578e-01,4.745011329650878906e-01,-6.234741806983947754e-01,0.000000000000000000e+00
-2.282603234052658081e-01,-9.416812658309936523e-02,-1.289564222097396851e-01,-5.577263236045837402e-01,-2.272453457117080688e-01,-7.983112931251525879e-01,0.000000000000000000e+00
2.665266580879688263e-02,3.353332728147506714e-02,-2.411506474018096924e-01,1.675925105810165405e-01,2.263801842927932739e-01,-9.595127701759338379e-01,0.000000000000000000e+00
-1.645751181058585644e-03,-2.464681267738342285e-01,-1.305660903453826904e-01,6.285484880208969116e-02,-4.237708747386932373e-01,-9.035859107971191406e-01,0.000000000000000000e+00
-2.906924486160278320e-01,5.813864991068840027e-03,-5.049237608909606934e-02,-9.411397576332092285e-01,2.375560402870178223e-01,-2.404642105102539062e-01,0.000000000000000000e+00
-1.842872351408004761e-01,7.832714170217514038e-02,1.737472862005233765e-01,-2.580577135086059570e-01,4.818531870841979980e-01,8.373910188674926758e-01,0.000000000000000000e+00
-2.662438154220581055e-01,1.025667935609817505e-01,-1.065709535032510757e-02,-5.053288340568542480e-01,1.930919140577316284e-01,-8.410459160804748535e-01,0.000000000000000000e+00
1.475248187780380249e-01,2.145722806453704834e-01,8.832842856645584106e-02,6.881130933761596680e-01,4.541907906532287598e-01,5.658719539642333984e-01,0.000000000000000000e+00
-3.923927992582321167e-02,2.982949316501617432e-01,2.411729283630847931e-02,-3.682231903076171875e-01,9.265105724334716797e-01,-7.739416509866714478e-02,0.000000000000000000e+00
1.649831682443618774e-01,-5.575615796260535717e-04,2.161142975091934204e-01,7.022435069084167480e-01,1.234947293996810913e-01,7.011441588401794434e-01,0.000000000000000000e+00
1.563981473445892334e-01,9.985376149415969849e-03,2.255969494581222534e-01,7.200440168380737305e-01,-8.485740423202514648e-02,6.887204647064208984e-01,0.000000000000000000e+00
2.478311657905578613e-01,9.887136518955230713e-03,-6.291130185127258301e-02,9.614667892456054688e-01,-2.346709519624710083e-01,-1.432172805070877075e-01,0.000000000000000000e+00
-9.304440766572952271e-02,-1.690991818904876709e-01,1.816295534372329712e-01,-2.361934632062911987e-02,-6.495291590690612793e-01,7.599697709083557129e-01,0.000000000000000000e+00
2.053700536489486694e-01,-2.202672325074672699e-02,-1.483080536127090454e-01,8.918471932411193848e-01,-6.640411168336868286e-02,-4.474361538887023926e-01,0.000000000000000000e+00
-2.212457060813903809e-01,-1.635135710239410400e-01,-7.125370949506759644e-02,-8.129225969314575195e-01,-3.932327628135681152e-01,-4.295635819435119629e-01,0.000000000000000000e+00
-3.264465555548667908e-02,-2.826659977436065674e-01,-9.995351731777191162e-02,-1.304731369018554688e-01,-7.500512003898620605e-01,-6.483826041221618652e-01,0.000000000000000000e+00
-1.456412822008132935e-01,-2.401658445596694946e-01,4.676698520779609680e-02,-4.707955420017242432e-01,-8.789397478103637695e-01,7.626582682132720947e-02,0.000000000000000000e+00
-1.618071794509887695e-01,-9.927947074174880981e-02,-1.752168536186218262e-01,-4.268417358398437500e-01,-2.398639023303985596e-01,-8.719354867935180664e-01,0.000000000000000000e+00
-1.177363470196723938e-02,3.000338375568389893e-01,1.577671617269515991e-02,5.704389885067939758e-02,9.931737184524536133e-01,-1.017443314194679260e-01,0.000000000000000000e+00
-7.845398969948291779e-03,5.396522581577301025e-02,-2.404765188694000244e-01,7.402618974447250366e-02,-4.854343459010124207e-02,-9.960741400718688965e-01,0.000000000000000000e+00
3.060027398169040680e-02,-1.171085834503173828e-01,-2.293742001056671143e-01,1.624734997749328613e-01,-5.257303118705749512e-01,-8.349910378456115723e-01,0.000000000000000000e+00
2.086586505174636841e-02,5.034972727298736572e-02,2.584562599658966064e-01,-1.669095456600189209e-01,2.379381470382213593e-02,9.856850504875183105e-01,0.000000000000000000e+00
-1.054037362337112427e-01,-1.128978803753852844e-01,2.186330407857894897e-01,-5.238150060176849365e-02,-5.683052539825439453e-01,8.211488127708435059e-01,0.000000000000000000e+00
-1.403509527444839478e-01,2.346261739730834961e-01,4.307935014367103577e-02,-2.773506343364715576e-01,8.949573636054992676e-01,3.494681417942047119e-01,0.000000000000000000e+00
-2.837567925453186035e-01,-6.480827182531356812e-02,3.196309134364128113e-02,-8.529194593429565430e-01,-4.640151560306549072e-01,2.392034679651260376e-01,0.000000000000000000e+00
2.595811150968074799e-02,-1.248924732208251953e-01,2.116231024265289307e-01,-5.527008697390556335e-02,-5.299357771873474121e-01,8.462347984313964844e-01,0.000000000000000000e+00
4.911023750901222229e-02,2.891480922698974609e-01,-2.173671033233404160e-03,2.423511147499084473e-01,9.567262530326843262e-01,-1.610615253448486328e-01,0.000000000000000000e+00
-5.293484777212142944e-03,3.001783192157745361e-01,2.115398272871971130e-02,1.647668182849884033e-01,9.849427342414855957e-01,5.234207957983016968e-02,0.000000000000000000e+00
-2.484339028596878052e-01,1.313171386718750000e-01,-7.372573018074035645e-03,-6.930946707725524902e-01,5.915392041206359863e-01,-4.119480252265930176e-01,0.000000000000000000e+00
1.221085041761398315e-01,-6.140042468905448914e-02,-2.253060489892959595e-01,6.348665952682495117e-01,-3.443525135517120361e-01,-6.916399002075195312e-01,0.000000000000000000e+00
-2.009466588497161865e-01,-1.785792112350463867e-01,6.052673980593681335e-02,-9.672857522964477539e-01,-2.482333630323410034e-01,5.233052745461463928e-02,0.000000000000000000e+00
9.794434905052185059e-02,1.449312418699264526e-01,-1.893748342990875244e-01,2.237920761108398438e-01,5.990965962409973145e-01,-7.687655091285705566e-01,0.000000000000000000e+00
-9.569855779409408569e-02,1.053588911890983582e-01,-2.238386869430541992e-01,-4.715704619884490967e-01,4.057102799415588379e-01,-7.829562425613403320e-01,0.000000000000000000e+00
2.253678441047668457e-01,-1.320585161447525024e-01,1.221924722194671631e-01,5.274546146392822266e-01,-4.392511248588562012e-01,7.272208333015441895e-01,0.000000000000000000e+00
8.609601110219955444e-02,2.802926301956176758e-01,4.257047548890113831e-02,5.307108759880065918e-01,8.474792242050170898e-01,1.117636356502771378e-02,0.000000000000000000e+00
-1.572909057140350342e-01,2.243038266897201538e-01,-3.848490491509437561e-02,-5.948317646980285645e-01,7.523955106735229492e-01,-2.829773724079132080e-01,0.000000000000000000e+00
2.206081300973892212e-01,1.229779049754142761e-01,1.030409336090087891e-01,8.817250728607177734e-01,4.431385397911071777e-01,-1.618306785821914673e-01,0.000000000000000000e+00
-6.014797836542129517e-03,1.035237088799476624e-01,-2.331270426511764526e-01,1.930328160524368286e-01,-9.082449227571487427e-02,-9.769796729087829590e-01,0.000000000000000000e+00
-1.363578289747238159e-01,8.532369136810302734e-02,-1.989356130361557007e-01,-4.655094444751739502e-01,2.605639398097991943e-01,-8.458175659179687500e-01,0.000000000000000000e+00
8.818151056766510010e-02,2.750740647315979004e-01,-8.804166689515113831e-03,3.829115331172943115e-01,9.192127585411071777e-01,-9.179695695638656616e-02,0.000000000000000000e+00
2.092740982770919800e-01,-1.315539926290512085e-01,1.379727572202682495e-01,8.194828033447265625e-01,-2.034857720136642456e-01,5.357625484466552734e-01,0.000000000000000000e+00
-3.151461482048034668e-02,-2.807787433266639709e-02,2.562265098094940186e-01,1.608656495809555054e-01,-4.306125640869140625e-01,8.880850672721862793e-01,0.000000000000000000e+00
-1.779932677745819092e-01,-1.071186959743499756e-01,1.785880327224731445e-01,-8.707451820373535156e-01,-4.476282000541687012e-01,2.035480439662933350e-01,0.000000000000000000e+00
-2.496646642684936523e-01,7.134725898504257202e-02,-9.768197685480117798e-02,-8.953416943550109863e-01,3.144935369491577148e-01,-3.153681755065917969e-01,0.000000000000000000e+00
1.381170284003019333e-02,-3.286210000514984131e-01,-4.430264234542846680e-02,-3.227066099643707275e-01,-9.456041455268859863e-01,-4.114930331707000732e-02,0.000000000000000000e+00
-3.065992146730422974e-02,-3.091768622398376465e-01,-3.912957012653350830e-02,-6.541031599044799805e-01,-7.328146696090698242e-01,1.874345690011978149e-01,0.000000000000000000e+00
2.310091257095336914e-01,1.262628734111785889e-01,2.252392657101154327e-02,7.368277311325073242e-01,6.749365925788879395e-01,3.931249678134918213e-02,0.000000000000000000e+00
1.301045566797256470e-01,-1.638255417346954346e-01,-1.692424863576889038e-01,6.107472181320190430e-01,-2.313267737627029419e-01,-7.572818398475646973e-01,0.000000000000000000e+00
2.106089144945144653e-01,1.450930237770080566e-01,1.160344332456588745e-01,6.588479280471801758e-01,6.796740889549255371e-01,3.224322795867919922e-01,0.000000000000000000e+00
-1.992754489183425903e-01,5.872365087270736694e-02,-1.678353250026702881e-01,-6.865805387496948242e-01,4.839752018451690674e-01,-5.425635576248168945e-01,0.000000000000000000e+00
2.219291478395462036e-01,1.549715697765350342e-01,2.701732330024242401e-02,9.877905249595642090e-01,1.428396105766296387e-01,6.218283623456954956e-02,0.000000000000000000e+00
2.438720464706420898e-01,-1.156294159591197968e-02,-7.542981207370758057e-02,9.080147147178649902e-01,-3.347703069448471069e-02,-4.175985157489776611e-01,0.000000000000000000e+00
1.812243759632110596e-01,-2.569776475429534912e-01,-9.050480276346206665e-02,6.077737808227539062e-01,-2.830960750579833984e-01,-7.419350743293762207e-01,0.000000000000000000e+00
9.516580402851104736e-02,1.992307752370834351e-01,1.887278556823730469e-01,2.478936761617660522e-01,5.847927331924438477e-01,7.723770141601562500e-01,0.000000000000000000e+00
-4.085559397935867310e-02,2.971410453319549561e-01,9.625460952520370483e-03,-2.598285973072052002e-01,9.635826945304870605e-01,-6.322557479143142700e-02,0.000000000000000000e+00
7.994527369737625122e-02,1.365277320146560669e-01,2.209243327379226685e-01,3.021537326276302338e-02,5.994021892547607422e-01,7.998775243759155273e-01,0.000000000000000000e+00
5.347938463091850281e-02,1.542818993330001831e-01,-1.971222311258316040e-01,-1.900670528411865234e-01,7.085023522377014160e-01,-6.796314716339111328e-01,0.000000000000000000e+00
-1.037623435258865356e-01,-1.864454001188278198e-01,1.654833257198333740e-01,-3.095831573009490967e-01,-7.514175176620483398e-01,5.826920270919799805e-01,0.000000000000000000e+00
1.273306459188461304e-01,9.054598957300186157e-02,-1.990913152694702148e-01,1.818452030420303345e-01,2.564039528369903564e-01,-9.493099451065063477e-01,0.000000000000000000e+00
1.393995247781276703e-02,1.807210594415664673e-01,2.160902917385101318e-01,-6.008874997496604919e-02,5.835625529289245605e-01,8.098419904708862305e-01,0.000000000000000000e+00
1.759246587753295898e-01,-1.022970229387283325e-01,-1.687915474176406860e-01,7.610672116279602051e-01,-2.749491930007934570e-01,-5.875199437141418457e-01,0.000000000000000000e+00
9.918308258056640625e-02,2.724730670452117920e-01,3.599089011549949646e-02,5.026408433914184570e-01,8.642004132270812988e-01,2.258013933897018433e-02,0.000000000000000000e+00
-1.632680892944335938e-01,1.294838357716798782e-02,-1.969653517007827759e-01,-3.256420493125915527e-01,-3.431690856814384460e-02,-9.448701739311218262e-01,0.000000000000000000e+00
-1.139733940362930298e-01,2.515500485897064209e-01,8.040254563093185425e-02,-4.018664360046386719e-01,5.887535214424133301e-01,7.013363242149353027e-01,0.000000000000000000e+00
-1.493670940399169922e-01,1.742368340492248535e-01,-1.274022459983825684e-01,-9.191242456436157227e-01,1.453522145748138428e-01,-3.661739528179168701e-01,0.000000000000000000e+00
-1.763963997364044189e-01,-1.442504767328500748e-02,-1.929909288883209229e-01,-2.092215865850448608e-01,-2.422457486391067505e-01,-9.473876357078552246e-01,0.000000000000000000e+00
-1.266016513109207153e-01,-1.280843466520309448e-01,-1.806031912565231323e-01,-5.840330123901367188e-01,-1.385427415370941162e-01,-7.998195886611938477e-01,0.000000000000000000e+00
-2.220708131790161133e-01,7.755374163389205933e-02,1.584284901618957520e-01,-7.504214644432067871e-01,4.596399366855621338e-01,4.749723374843597412e-01,0.000000000000000000e+00
-2.174984663724899292e-01,-8.453268557786941528e-02,1.534570753574371338e-01,-7.547230124473571777e-01,-5.875689983367919922e-01,2.918147146701812744e-01,0.000000000000000000e+00
2.242882400751113892e-01,1.466507911682128906e-01,-4.250499606132507324e-02,8.536289334297180176e-01,4.714429378509521484e-01,-2.214931696653366089e-01,0.000000000000000000e+00
7.023677974939346313e-02,-2.659150063991546631e-01,-1.214209347963333130e-01,1.954733207821846008e-02,-3.581007719039916992e-01,-9.334782958030700684e-01,0.000000000000000000e+00
2.360663264989852905e-01,-1.528995484113693237e-01,-6.718101352453231812e-02,9.666555523872375488e-01,-1.045958697795867920e-01,-2.337451279163360596e-01,0.000000000000000000e+00
2.930228039622306824e-02,-1.792082637548446655e-01,1.695959270000457764e-01,9.420723468065261841e-02,-5.115677714347839355e-01,8.540628552436828613e-01,0.000000000000000000e+00
-5.591577291488647461e-02,-3.790748864412307739e-02,-2.398550957441329956e-01,-2.119425833225250244e-01,1.390226334333419800e-01,-9.673432707786560059e-01,0.000000000000000000e+00
-2.945504188537597656e-01,-3.666045144200325012e-02,2.102623321115970612e-02,-9.752344489097595215e-01,-1.496900171041488647e-01,-1.628208160400390625e-01,0.000000000000000000e+00
5.924882367253303528e-02,2.407678514719009399e-01,-8.313614130020141602e-02,1.526731904596090317e-02,5.414315462112426758e-01,-8.406062126159667969e-01,0.000000000000000000e+00
3.084818832576274872e-02,1.401527971029281616e-01,-2.131926864385604858e-01,-1.899018436670303345e-01,5.436004400253295898e-01,-8.175792694091796875e-01,0.000000000000000000e+00
-1.389152854681015015e-01,-9.684468060731887817e-02,2.166688293218612671e-01,-2.408950477838516235e-01,-3.844564557075500488e-01,8.911581039428710938e-01,0.000000000000000000e+00
8.651178330183029175e-03,-2.816998660564422607e-01,6.892296671867370605e-02,-1.536478400230407715e-01,-8.069484829902648926e-01,5.702863335609436035e-01,0.000000000000000000e+00
1.972730904817581177e-01,7.537877559661865234e-02,1.854574084281921387e-01,8.159855604171752930e-01,-7.952752709388732910e-02,5.725756883621215820e-01,0.000000000000000000e+00
-1.017895620316267014e-02,-7.655923068523406982e-02,-2.464413791894912720e-01,-2.238451540470123291e-01,-2.327473312616348267e-01,-9.464259147644042969e-01,0.000000000000000000e+00
-6.854473799467086792e-02,1.424579024314880371e-01,-2.075757235288619995e-01,-2.811805345118045807e-02,5.694248080253601074e-01,-8.215624094009399414e-01,0.000000000000000000e+00
-2.512794137001037598e-01,-2.082455530762672424e-02,1.451320350170135498e-01,-8.356848955154418945e-01,-6.948963552713394165e-02,5.447953343391418457e-01,0.000000000000000000e+00
1.936059445142745972e-01,-7.608860731124877930e-02,-1.492434442043304443e-01,8.745421171188354492e-01,-4.012860059738159180e-01,-2.722969353199005127e-01,0.000000000000000000e+00
-1.839240491390228271e-01,-8.611106872558593750e-02,1.895880848169326782e-01,-8.531619906425476074e-01,-2.613057792186737061e-01,4.514797329902648926e-01,0.000000000000000000e+00
1.097402200102806091e-01,-2.991603016853332520e-01,-1.000874489545822144e-01,1.490700542926788330e-01,-6.352575421333312988e-01,-7.577769756317138672e-01,0.000000000000000000e+00
-1.630772203207015991e-01,-2.370387464761734009e-01,-2.758305519819259644e-02,-5.469031333923339844e-01,-8.356450200080871582e-01,-5.093471333384513855e-02,0.000000000000000000e+00
2.598036266863346100e-02,3.368233144283294678e-02,-2.412329167127609253e-01,1.675925105810165405e-01,2.263801842927932739e-01,-9.595127701759338379e-01,0.000000000000000000e+00
-9.523777663707733154e-02,2.519681863486766815e-02,2.500604093074798584e-01,-2.317894101142883301e-01,9.972486644983291626e-02,9.676407575607299805e-01,0.000000000000000000e+00
8.495657145977020264e-02,2.638278603553771973e-01,-6.426186859607696533e-02,1.791023463010787964e-01,9.364758729934692383e-01,-3.015547692775726318e-01,0.000000000000000000e+00
3.767632320523262024e-02,-2.920362353324890137e-01,5.726370215415954590e-02,-5.435867980122566223e-02,-5.627067685127258301e-01,8.248674273490905762e-01,0.000000000000000000e+00
2.455775141716003418e-01,5.894361808896064758e-02,-2.480565942823886871e-02,8.988327980041503906e-01,3.101931214332580566e-01,-3.096446096897125244e-01,0.000000000000000000e+00
-2.306376025080680847e-02,1.744359135627746582e-01,2.087660133838653564e-01,-2.652368843555450439e-01,5.921685695648193359e-01,7.609111666679382324e-01,0.000000000000000000e+00
-9.148947149515151978e-02,1.673059612512588501e-01,1.905644536018371582e-01,-3.112930953502655029e-01,5.391752719879150391e-01,7.825513482093811035e-01,0.000000000000000000e+00
-2.896543443202972412e-01,-5.329173430800437927e-02,4.571320023387670517e-04,-9.831250905990600586e-01,-1.677251309156417847e-01,7.302992790937423706e-02,0.000000000000000000e+00
-1.572646647691726685e-01,2.143590003252029419e-01,-6.557758152484893799e-02,-5.899097323417663574e-01,7.463490962982177734e-01,-3.081713318824768066e-01,0.000000000000000000e+00
2.517320513725280762e-01,-3.978915885090827942e-02,1.110676154494285583e-01,8.177101016044616699e-01,-3.027825057506561279e-01,4.895640611648559570e-01,0.000000000000000000e+00
2.375543713569641113e-01,9.901288151741027832e-02,4.976195842027664185e-02,8.327935934066772461e-01,4.342115223407745361e-01,3.433877229690551758e-01,0.000000000000000000e+00
-2.914325892925262451e-01,3.405629098415374756e-02,5.585693940520286560e-02,-7.237145304679870605e-01,-1.833689510822296143e-01,6.652917861938476562e-01,0.000000000000000000e+00
-8.929652161896228790e-03,1.731345057487487793e-01,-1.845643818378448486e-01,-7.346179336309432983e-02,8.615007400512695312e-01,-5.024140477180480957e-01,0.000000000000000000e+00
-2.199217677116394043e-01,-5.370630323886871338e-02,-1.602736562490463257e-01,-6.341322660446166992e-01,-2.406665384769439697e-01,-7.348169088363647461e-01,0.000000000000000000e+00
-2.249141931533813477e-01,-1.691405475139617920e-01,9.001951664686203003e-03,-8.303065896034240723e-01,-5.568286180496215820e-01,2.308393642306327820e-02,0.000000000000000000e+00
1.234122589230537415e-01,-2.360572963953018188e-01,9.783658385276794434e-02,2.758687734603881836e-01,-6.149573922157287598e-01,7.387312054634094238e-01,0.000000000000000000e+00
1.605860143899917603e-01,1.217187345027923584e-01,2.046934962272644043e-01,3.301523923873901367e-01,5.142826437950134277e-01,7.915256023406982422e-01,0.000000000000000000e+00
1.390592902898788452e-01,-2.791653573513031006e-01,5.685683339834213257e-02,5.557364821434020996e-01,-4.156267940998077393e-01,7.200078368186950684e-01,0.000000000000000000e+00
1.970407962799072266e-01,-1.568022221326828003e-01,-1.174397468566894531e-01,8.183960318565368652e-01,2.005724608898162842e-02,-5.743045210838317871e-01,0.000000000000000000e+00
1.562437694519758224e-02,1.682497560977935791e-01,-1.949693709611892700e-01,-7.483017444610595703e-02,7.697290182113647461e-01,-6.339697837829589844e-01,0.000000000000000000e+00
-1.095924600958824158e-01,1.159173995256423950e-01,-2.086223065853118896e-01,-5.862610936164855957e-01,4.748937487602233887e-01,-6.563336849212646484e-01,0.000000000000000000e+00
1.721160113811492920e-01,1.088638678193092346e-01,2.046436816453933716e-01,5.219185352325439453e-01,-2.000570297241210938e-02,8.527607321739196777e-01,0.000000000000000000e+00
-1.893311440944671631e-01,-1.486256439238786697e-02,2.111272215843200684e-01,-8.591747879981994629e-01,1.666031032800674438e-02,5.114108920097351074e-01,0.000000000000000000e+00
-2.193966321647167206e-02,2.177116572856903076e-01,-1.427119225263595581e-01,-6.233364939689636230e-01,-1.163182258605957031e-01,-7.732539772987365723e-01,0.000000000000000000e+00
9.646486490964889526e-02,-3.283861875534057617e-01,-7.559359073638916016e-02,6.513031572103500366e-02,-7.541546821594238281e-01,-6.534590721130371094e-01,0.000000000000000000e+00
-2.292182594537734985e-01,1.385915130376815796e-01,-6.757920980453491211e-02,-9.623963832855224609e-01,2.667270004749298096e-01,5.147742852568626404e-02,0.000000000000000000e+00
1.281927078962326050e-01,2.508127391338348389e-01,2.238067798316478729e-03,7.723050117492675781e-01,5.125846862792968750e-01,3.752358257770538330e-01,0.000000000000000000e+00
1.526856124401092529e-01,2.367011606693267822e-01,6.539737433195114136e-02,5.157185196876525879e-01,8.263067603111267090e-01,2.263881266117095947e-01,0.000000000000000000e+00
-2.529739737510681152e-01,-1.072193831205368042e-01,5.452830716967582703e-02,-8.566408157348632812e-01,-4.955450594425201416e-01,1.435324996709823608e-01,0.000000000000000000e+00
-2.844254076480865479e-01,4.720812663435935974e-02,-2.439797855913639069e-02,-8.942379355430603027e-01,3.992540836334228516e-01,-2.023232728242874146e-01,0.000000000000000000e+00
-7.220210134983062744e-02,1.201911643147468567e-01,2.216206490993499756e-01,6.205088496208190918e-01,2.858863472938537598e-01,7.302313446998596191e-01,0.000000000000000000e+00
-7.644946873188018799e-02,-2.724952101707458496e-01,6.496154516935348511e-02,-2.986934781074523926e-01,-8.781024217605590820e-01,3.737892210483551025e-01,0.000000000000000000e+00
-2.115564793348312378e-01,1.661044657230377197e-01,6.943524628877639771e-02,-7.898430824279785156e-01,5.283719301223754883e-01,3.114016056060791016e-01,0.000000000000000000e+00
1.640532612800598145e-01,3.838678449392318726e-02,2.233647853136062622e-01,7.181960940361022949e-01,3.933162391185760498e-01,5.740180015563964844e-01,0.000000000000000000e+00
-2.339894026517868042e-01,-1.275705546140670776e-01,6.722187250852584839e-02,-9.269430637359619141e-01,-3.182829022407531738e-01,1.986769884824752808e-01,0.000000000000000000e+00
2.381882071495056152e-01,-4.150435328483581543e-02,-7.977013289928436279e-02,9.310835599899291992e-01,-1.699731349945068359e-01,-3.227887153625488281e-01,0.000000000000000000e+00
2.142794728279113770e-01,-2.575306296348571777e-01,-3.702324628829956055e-02,7.564647197723388672e-01,-5.299996137619018555e-01,-3.832251727581024170e-01,0.000000000000000000e+00
-1.579045206308364868e-01,-2.193685024976730347e-01,7.685245573520660400e-02,-6.056072711944580078e-01,-7.927693128585815430e-01,6.896843016147613525e-02,0.000000000000000000e+00
-2.147458344697952271e-01,-9.287271648645401001e-03,-1.729555726051330566e-01,-1.880017071962356567e-01,1.371208764612674713e-02,-9.820730090141296387e-01,0.000000000000000000e+00
-6.305459141731262207e-02,-2.584664821624755859e-01,-1.157194301486015320e-01,-3.272716999053955078e-01,-7.391917705535888672e-01,-5.886330008506774902e-01,0.000000000000000000e+00
1.702660024166107178e-01,-2.467202693223953247e-01,-1.081128790974617004e-01,4.909068644046783447e-01,-5.390737652778625488e-01,-6.844047904014587402e-01,0.000000000000000000e+00
-3.358879685401916504e-02,2.126174271106719971e-01,1.755114942789077759e-01,-2.027110010385513306e-01,6.189886927604675293e-01,7.587893605232238770e-01,0.000000000000000000e+00
1.134597137570381165e-01,1.647989749908447266e-01,-1.690655201673507690e-01,1.066822707653045654e-01,5.167421698570251465e-01,-8.494682908058166504e-01,0.000000000000000000e+00
6.311430037021636963e-02,1.894799470901489258e-01,-1.634967476129531860e-01,3.478702306747436523e-01,6.092846989631652832e-01,-7.125717401504516602e-01,0.000000000000000000e+00
9.535447508096694946e-02,-2.468281090259552002e-01,9.762843698263168335e-02,1.835933625698089600e-01,-6.362185478210449219e-01,7.493460178375244141e-01,0.000000000000000000e+00
2.294803410768508911e-02,-1.976945251226425171e-01,-1.753086596727371216e-01,-4.149045422673225403e-02,-6.752729415893554688e-01,-7.364000082015991211e-01,0.000000000000000000e+00
2.395116090774536133e-01,-1.679647862911224365e-01,5.870769172906875610e-02,8.793488740921020508e-01,-2.768433392047882080e-01,3.874316513538360596e-01,0.000000000000000000e+00
6.760009378194808960e-02,-2.142948359251022339e-01,-1.593605577945709229e-01,1.052024587988853455e-01,-5.278514623641967773e-01,-8.427960872650146484e-01,0.000000000000000000e+00
2.001255601644515991e-01,1.199157759547233582e-01,1.672959327697753906e-01,9.550784230232238770e-01,9.847118705511093140e-02,2.795148789882659912e-01,0.000000000000000000e+00
2.455834299325942993e-01,-2.147589251399040222e-02,-6.948350369930267334e-02,9.481699466705322266e-01,6.697171181440353394e-02,-3.106260895729064941e-01,0.000000000000000000e+00
5.942992866039276123e-02,-2.129919379949569702e-01,1.389735490083694458e-01,-2.969706058502197266e-02,-7.746206521987915039e-01,6.317285299301147461e-01,0.000000000000000000e+00
-2.327248305082321167e-01,4.365387931466102600e-02,1.690555214881896973e-01,-8.285247087478637695e-01,2.046133875846862793e-01,5.212295055389404297e-01,0.000000000000000000e+00
8.451805263757705688e-02,7.797625660896301270e-02,-2.214611768722534180e-01,1.276093423366546631e-01,2.064400017261505127e-01,-9.701022505760192871e-01,0.000000000000000000e+00
8.302421867847442627e-02,-3.282842040061950684e-01,2.444624342024326324e-02,-1.665520854294300079e-02,-8.181769847869873047e-01,5.747252106666564941e-01,0.000000000000000000e+00
-2.742320299148559570e-01,-5.157586187124252319e-02,-9.401018172502517700e-02,-9.136936068534851074e-01,-2.574692480266094208e-02,-4.055873453617095947e-01,0.000000000000000000e+00
2.047586739063262939e-01,-2.248552292585372925e-01,5.112998560070991516e-02,7.690994739532470703e-01,-4.260413646697998047e-01,4.764186739921569824e-01,0.000000000000000000e+00
-2.258965522050857544e-01,-9.859877079725265503e-02,1.282088309526443481e-01,-5.210129618644714355e-01,-6.591740846633911133e-01,5.422499775886535645e-01,0.000000000000000000e+00
4.387433826923370361e-02,2.867723107337951660e-01,-1.329299155622720718e-02,1.509379297494888306e-01,9.470631480216979980e-01,-2.833533585071563721e-01,0.000000000000000000e+00
-3.007671609520912170e-02,-2.936288416385650635e-01,4.282965883612632751e-02,-3.007706105709075928e-01,-8.749201893806457520e-01,3.795414566993713379e-01,0.000000000000000000e+00
7.241532951593399048e-02,8.505295217037200928e-02,-2.244632989168167114e-01,3.361965417861938477e-01,6.060304492712020874e-02,-9.398399591445922852e-01,0.000000000000000000e+00
3.101648762822151184e-02,1.622330546379089355e-01,2.084687948226928711e-01,2.922962605953216553e-01,6.531868577003479004e-01,6.985054016113281250e-01,0.000000000000000000e+00
2.114880084991455078e-01,-1.074311882257461548e-01,-1.027784869074821472e-01,7.060543894767761230e-01,9.567055106163024902e-02,-7.016654014587402344e-01,0.000000000000000000e+00
-9.553603827953338623e-03,1.955142170190811157e-01,-1.591327637434005737e-01,-2.970776557922363281e-01,7.231613993644714355e-01,-6.235242486000061035e-01,0.000000000000000000e+00
-1.898605078458786011e-01,1.349216103553771973e-01,1.420726180076599121e-01,-6.081143021583557129e-01,5.210142731666564941e-01,5.989500284194946289e-01,0.000000000000000000e+00
-2.745709121227264404e-01,-6.729708611965179443e-02,7.464411109685897827e-02,-8.662099838256835938e-01,-4.391591548919677734e-01,2.383683174848556519e-01,0.000000000000000000e+00
-2.099842727184295654e-01,-1.175110414624214172e-01,-1.405825465917587280e-01,-3.942783176898956299e-01,-3.166574835777282715e-01,-8.627123832702636719e-01,0.000000000000000000e+00
-1.879978366196155548e-02,-4.041033610701560974e-02,-2.465867102146148682e-01,-2.750641703605651855e-01,-1.204333007335662842e-01,-9.538530111312866211e-01,0.000000000000000000e+00
-4.853803664445877075e-02,-4.470326751470565796e-02,2.538772523403167725e-01,2.153832912445068359e-01,-3.143098354339599609e-01,9.245644211769104004e-01,0.000000000000000000e+00
-2.221561372280120850e-01,-1.557951718568801880e-01,5.247129872441291809e-02,-5.741999745368957520e-01,-7.418664693832397461e-01,3.463069498538970947e-01,0.000000000000000000e+00
1.477277576923370361e-01,5.913816392421722412e-03,2.305374294519424438e-01,4.285118281841278076e-01,1.807986497879028320e-01,8.852623701095581055e-01,0.000000000000000000e+00
-2.455693483352661133e-01,2.566185966134071350e-02,-1.436588764190673828e-01,-7.597433328628540039e-01,2.408194988965988159e-01,-6.039834618568420410e-01,0.000000000000000000e+00
7.296098023653030396e-02,2.436993718147277832e-01,-8.309306949377059937e-02,-1.108382269740104675e-01,2.132094800472259521e-01,-9.706990122795104980e-01,0.000000000000000000e+00
2.326117306947708130e-01,-1.001768279820680618e-02,1.510564237833023071e-01,8.792487978935241699e-01,5.629790946841239929e-02,4.730243980884552002e-01,0.000000000000000000e+00
-1.252883374691009521e-01,-1.992474645376205444e-01,1.468492895364761353e-01,-4.311236441135406494e-01,-5.646831393241882324e-01,7.037509083747863770e-01,0.000000000000000000e+00
-2.964396774768829346e-01,-3.237412869930267334e-02,-9.607761749066412449e-04,-9.180278182029724121e-01,-3.753155469894409180e-01,1.279183775186538696e-01,0.000000000000000000e+00
-1.554277241230010986e-01,-1.638732254505157471e-01,-1.563917994499206543e-01,-3.956027328968048096e-01,-2.482438534498214722e-01,-8.842360973358154297e-01,0.000000000000000000e+00
-2.338733524084091187e-01,-1.062892079353332520e-01,-1.190350502729415894e-01,-7.095061540603637695e-01,-4.959480762481689453e-01,-5.006361007690429688e-01,0.000000000000000000e+00
5.139640346169471741e-02,1.523124575614929199e-01,-1.995681673288345337e-01,-2.416641637682914734e-02,8.304811120033264160e-01,-5.565223097801208496e-01,0.000000000000000000e+00
2.714402740821242332e-03,9.191692620515823364e-02,-2.298477292060852051e-01,2.588524520397186279e-01,-5.947266519069671631e-02,-9.640842080116271973e-01,0.000000000000000000e+00
-1.759374886751174927e-02,-1.644528955221176147e-01,1.861217916011810303e-01,2.158468067646026611e-01,-5.990455746650695801e-01,7.710736393928527832e-01,0.000000000000000000e+00
1.442185640335083008e-01,2.395886629819869995e-01,-2.131499908864498138e-02,8.868067264556884766e-01,3.198450207710266113e-01,3.335760533809661865e-01,0.000000000000000000e+00
4.776802659034729004e-02,1.771207749843597412e-01,1.957736313343048096e-01,1.215832382440567017e-01,5.124418735504150391e-01,8.500710725784301758e-01,0.000000000000000000e+00
-1.934846639633178711e-01,4.697601869702339172e-02,-1.787229329347610474e-01,-5.034425258636474609e-01,3.620034456253051758e-01,-7.845374941825866699e-01,0.000000000000000000e+00
5.575372651219367981e-02,1.502331197261810303e-01,-2.022254168987274170e-01,4.666309431195259094e-02,7.971832752227783203e-01,-6.019313931465148926e-01,0.000000000000000000e+00
1.610808968544006348e-01,-7.525140792131423950e-02,-1.934656649827957153e-01,4.587030112743377686e-01,-4.373702108860015869e-01,-7.734978199005126953e-01,0.000000000000000000e+00
-2.534992098808288574e-01,-3.055209293961524963e-02,-1.395192891359329224e-01,-6.529585123062133789e-01,4.775392264127731323e-02,-7.558867335319519043e-01,0.000000000000000000e+00
9.397939592599868774e-02,1.424744427204132080e-01,2.093832790851593018e-01,6.145324707031250000e-01,5.891143679618835449e-01,5.246847867965698242e-01,0.000000000000000000e+00
1.023706719279289246e-01,-2.886828482151031494e-01,-1.096738502383232117e-01,1.127273309975862503e-02,-4.317122995853424072e-01,-9.019409418106079102e-01,0.000000000000000000e+00
-1.152251437306404114e-01,2.169716507196426392e-01,-1.095289885997772217e-01,-3.168134689331054688e-01,8.651789426803588867e-01,-3.887089192867279053e-01,0.000000000000000000e+00
2.260608226060867310e-01,-1.540965493768453598e-02,-1.151531636714935303e-01,8.530749082565307617e-01,-1.948068737983703613e-01,-4.840593636035919189e-01,0.000000000000000000e+00
7.344965636730194092e-02,-3.476965129375457764e-01,-2.509404718875885010e-02,-4.346287548542022705e-01,-8.877013325691223145e-01,-1.519349515438079834e-01,0.000000000000000000e+00
8.595204353332519531e-02,-1.898774504661560059e-01,1.545579433441162109e-01,1.406463235616683960e-01,-6.448221206665039062e-01,7.512809634208679199e-01,0.000000000000000000e+00
-2.498978972434997559e-01,8.067559450864791870e-02,8.808754384517669678e-02,-5.576393008232116699e-01,1.684332937002182007e-01,8.128152489662170410e-01,0.000000000000000000e+00
-2.477726787328720093e-01,-8.616990409791469574e-03,1.513724923133850098e-01,-8.639460802078247070e-01,4.256289917975664139e-03,5.035663247108459473e-01,0.000000000000000000e+00
-1.996692270040512085e-01,-1.527255326509475708e-01,1.078774482011795044e-01,-5.289228558540344238e-01,-6.683920621871948242e-01,5.229652523994445801e-01,0.000000000000000000e+00
2.318201512098312378e-01,-4.463020712137222290e-02,-8.989086747169494629e-02,8.490781188011169434e-01,7.800882682204246521e-03,-5.282097458839416504e-01,0.000000000000000000e+00
-1.367939412593841553e-01,-2.402741089463233948e-02,-2.036511600017547607e-01,-2.566352188587188721e-01,2.800140343606472015e-02,-9.661026000976562500e-01,0.000000000000000000e+00
2.281300574541091919e-01,-7.226623594760894775e-02,1.481137424707412720e-01,7.719383835792541504e-01,-4.213475063443183899e-02,6.342994570732116699e-01,0.000000000000000000e+00
-2.259748876094818115e-01,1.744814403355121613e-02,1.760492771863937378e-01,-5.806771516799926758e-01,-1.767800152301788330e-01,7.947093248367309570e-01,0.000000000000000000e+00
2.613919973373413086e-01,-4.028095677495002747e-02,1.242096815258264542e-02,9.353024363517761230e-01,2.900062203407287598e-01,-2.027453929185867310e-01,0.000000000000000000e+00
2.235533446073532104e-01,1.448145210742950439e-01,3.424575552344322205e-02,9.617127180099487305e-01,2.625710964202880859e-01,7.851758599281311035e-02,0.000000000000000000e+00
-3.592896088957786560e-02,2.118797004222869873e-01,-1.313502639532089233e-01,-6.206161379814147949e-01,1.551927179098129272e-01,-7.686031460762023926e-01,0.000000000000000000e+00
-4.172469303011894226e-02,2.769815623760223389e-01,1.058549210429191589e-01,-4.452611505985260010e-01,7.675254940986633301e-01,4.611367285251617432e-01,0.000000000000000000e+00
-1.729109883308410645e-01,-2.087254822254180908e-02,-1.921120434999465942e-01,-2.092215865850448608e-01,-2.422457486391067505e-01,-9.473876357078552246e-01,0.000000000000000000e+00
-1.710910797119140625e-01,2.217372208833694458e-01,5.437460914254188538e-02,-4.502533376216888428e-01,8.392104506492614746e-01,3.049553036689758301e-01,0.000000000000000000e+00
6.350611895322799683e-02,-2.124022841453552246e-01,1.398881971836090088e-01,-2.969706058502197266e-02,-7.746206521987915039e-01,6.317285299301147461e-01,0.000000000000000000e+00
-6.331982463598251343e-02,1.738807260990142822e-01,-1.777868419885635376e-01,5.327311903238296509e-02,6.370629668235778809e-01,-7.689686417579650879e-01,0.000000000000000000e+00
-1.099008098244667053e-01,-2.183283120393753052e-01,-1.333661079406738281e-01,-2.954564690589904785e-01,-7.610780596733093262e-01,-5.774648785591125488e-01,0.000000000000000000e+00
-1.147246062755584717e-01,-1.903524845838546753e-01,-1.540966033935546875e-01,-6.326311230659484863e-01,-4.780969321727752686e-01,-6.092628240585327148e-01,0.000000000000000000e+00
1.711840927600860596e-01,1.202392280101776123e-01,-1.514615416526794434e-01,6.658030748367309570e-01,2.034890949726104736e-01,-7.178429365158081055e-01,0.000000000000000000e+00
8.173680305480957031e-02,2.290741056203842163e-01,1.574649661779403687e-01,2.979342341423034668e-01,7.949538826942443848e-01,5.284728407859802246e-01,0.000000000000000000e+00
4.286373779177665710e-02,1.969794034957885742e-01,1.919776052236557007e-01,-2.240607887506484985e-01,1.921158879995346069e-01,9.554518461227416992e-01,0.000000000000000000e+00
-2.310154736042022705e-01,4.358175769448280334e-02,1.714315563440322876e-01,-7.377542853355407715e-01,2.649330496788024902e-01,6.209099292755126953e-01,0.000000000000000000e+00
8.703871816396713257e-02,1.541047096252441406e-01,-1.863026916980743408e-01,2.512421905994415283e-01,4.209847152233123779e-01,-8.715785741806030273e-01,0.000000000000000000e+00
-2.848014831542968750e-01,2.106682583689689636e-02,-5.092474445700645447e-02,-8.561166524887084961e-01,4.584344029426574707e-01,-2.385417968034744263e-01,0.000000000000000000e+00
6.518177688121795654e-02,-1.458027511835098267e-01,1.937465071678161621e-01,4.650207981467247009e-02,-6.200479269027709961e-01,7.831845879554748535e-01,0.000000000000000000e+00
1.794635802507400513e-01,1.688853651285171509e-01,1.220388263463973999e-01,8.432520031929016113e-01,4.561502933502197266e-01,2.843466401100158691e-01,0.000000000000000000e+00
2.630476057529449463e-01,-3.377554565668106079e-02,7.827307283878326416e-02,9.809720516204833984e-01,5.406095460057258606e-02,1.864706575870513916e-01,0.000000000000000000e+00
-2.892525494098663330e-01,1.963444240391254425e-02,5.242439731955528259e-02,-9.007830023765563965e-01,-7.919439673423767090e-02,4.269873797893524170e-01,0.000000000000000000e+00
1.770444959402084351e-01,-2.939453721046447754e-01,1.484351046383380890e-02,7.598001956939697266e-01,-4.761801660060882568e-01,4.426693320274353027e-01,0.000000000000000000e+00
-1.877105534076690674e-01,-2.025071382522583008e-01,-7.645483314990997314e-02,-6.788036823272705078e-01,-4.826815724372863770e-01,-5.533932447433471680e-01,0.000000000000000000e+00
5.926563870161771774e-03,1.142752021551132202e-01,2.419742941856384277e-01,-7.396031916141510010e-02,-1.896533556282520294e-02,9.970808625221252441e-01,0.000000000000000000e+00
-2.640602886676788330e-01,-1.076314970850944519e-01,-2.698613703250885010e-02,-8.612840175628662109e-01,-4.091505706310272217e-01,-3.013066351413726807e-01,0.000000000000000000e+00
-2.105643451213836670e-01,1.645707488059997559e-01,-7.155605405569076538e-02,-6.686096787452697754e-01,6.782341003417968750e-01,-3.048928081989288330e-01,0.000000000000000000e+00
-5.536635592579841614e-02,2.803139388561248779e-01,5.620907247066497803e-02,-7.649637460708618164e-01,5.571992993354797363e-01,3.230470418930053711e-01,0.000000000000000000e+00
1.734450459480285645e-01,1.047742366790771484e-01,-1.573277562856674194e-01,5.263500213623046875e-01,4.845376312732696533e-01,-6.986980438232421875e-01,0.000000000000000000e+00
2.314757257699966431e-01,1.085957288742065430e-01,9.023171663284301758e-02,9.088867902755737305e-01,2.707076668739318848e-01,3.172414898872375488e-01,0.000000000000000000e+00
1.231960132718086243e-01,-2.286747843027114868e-01,1.043269932270050049e-01,2.897197902202606201e-01,-6.443120837211608887e-01,7.077600955963134766e-01,0.000000000000000000e+00
2.540171742439270020e-01,1.034262962639331818e-02,-3.723548352718353271e-02,9.811086058616638184e-01,1.174740344285964966e-01,-1.537068933248519897e-01,0.000000000000000000e+00
-2.314006090164184570e-01,1.210327446460723877e-01,-2.735725790262222290e-02,-7.773132324218750000e-01,4.056006371974945068e-01,-4.809077084064483643e-01,0.000000000000000000e+00
1.622222661972045898e-01,1.847871690988540649e-01,-1.125996857881546021e-01,3.681423664093017578e-01,6.652308702468872070e-01,-6.495683789253234863e-01,0.000000000000000000e+00
-4.564784094691276550e-02,2.645175755023956299e-01,1.233581602573394775e-01,-4.036487936973571777e-01,7.731829285621643066e-01,4.891378283500671387e-01,0.000000000000000000e+00
5.094936490058898926e-02,1.319224983453750610e-01,-2.168946713209152222e-01,7.856024056673049927e-02,3.111261129379272461e-01,-9.471160769462585449e-01,0.000000000000000000e+00
-1.927036643028259277e-01,1.589971184730529785e-01,1.127357780933380127e-01,-7.240670919418334961e-01,5.505543947219848633e-01,4.154716730117797852e-01,0.000000000000000000e+00
1.669617444276809692e-01,-7.222440559417009354e-03,2.168408036231994629e-01,6.667006611824035645e-01,4.223072826862335205e-01,6.141390800476074219e-01,0.000000000000000000e+00
-2.587760984897613525e-02,-1.860512197017669678e-01,-1.722421497106552124e-01,-8.811958879232406616e-02,-5.130757093429565430e-01,-8.538081049919128418e-01,0.000000000000000000e+00
-1.829728484153747559e-01,2.028105258941650391e-01,7.632532715797424316e-02,-7.234981656074523926e-01,6.100825071334838867e-01,3.230321109294891357e-01,0.000000000000000000e+00
8.723907172679901123e-03,-2.785497009754180908e-01,7.396290451288223267e-02,-1.332884728908538818e-01,-8.689097166061401367e-01,4.766865670680999756e-01,0.000000000000000000e+00
1.988462656736373901e-01,-3.753406926989555359e-02,-1.549266427755355835e-01,7.009292840957641602e-01,-1.714547723531723022e-01,-6.923159956932067871e-01,0.000000000000000000e+00
-5.224324762821197510e-02,-4.175345599651336670e-02,-2.415889501571655273e-01,-3.384192585945129395e-01,1.854907125234603882e-01,-9.225321412086486816e-01,0.000000000000000000e+00
2.551162242889404297e-01,-1.348453611135482788e-01,7.227399200201034546e-02,8.909416794776916504e-01,-2.967517375946044922e-01,3.437460660934448242e-01,0.000000000000000000e+00
2.494764029979705811e-01,-4.170417785644531250e-02,-5.655633658170700073e-02,8.506123423576354980e-01,-8.535531163215637207e-02,-5.188189744949340820e-01,0.000000000000000000e+00
5.318449810147285461e-02,-2.451456338167190552e-01,1.073572859168052673e-01,-6.788639724254608154e-02,-7.947878837585449219e-01,6.030784845352172852e-01,0.000000000000000000e+00
-2.042717933654785156e-01,1.845504343509674072e-01,-2.813136391341686249e-02,-7.177503705024719238e-01,6.915327906608581543e-01,-8.134411275386810303e-02,0.000000000000000000e+00
1.217633038759231567e-01,3.997272811830043793e-03,2.410425543785095215e-01,1.693662703037261963e-01,-1.674621552228927612e-02,9.854108691215515137e-01,0.000000000000000000e+00
2.095456868410110474e-01,-5.937540903687477112e-02,-1.247589364647865295e-01,9.049826264381408691e-01,1.722723692655563354e-01,-3.890098929405212402e-01,0.000000000000000000e+00
1.778309643268585205e-01,-1.180193051695823669e-01,1.722437888383865356e-01,4.907689094543457031e-01,-4.683519005775451660e-01,7.347056269645690918e-01,0.000000000000000000e+00
-2.048886865377426147e-01,1.387382298707962036e-01,1.167118549346923828e-01,-7.691852450370788574e-01,5.308181047439575195e-01,3.557894527912139893e-01,0.000000000000000000e+00
2.087905853986740112e-01,-2.428940087556838989e-01,-6.768645346164703369e-02,8.190033435821533203e-01,-3.722095787525177002e-01,-4.366847276687622070e-01,0.000000000000000000e+00
2.428006827831268311e-01,-6.566611677408218384e-02,1.160972416400909424e-01,9.399878978729248047e-01,-7.429504394531250000e-02,3.330210149288177490e-01,0.000000000000000000e+00
5.561842396855354309e-02,1.393997222185134888e-01,2.190625369548797607e-01,1.903473734855651855e-01,8.535943627357482910e-01,4.849170744419097900e-01,0.000000000000000000e+00
1.001278534531593323e-01,-1.773792654275894165e-01,-1.717439591884613037e-01,-6.758154183626174927e-02,-5.176630020141601562e-01,-8.529113531112670898e-01,0.000000000000000000e+00
8.914847671985626221e-02,-2.429962754249572754e-01,1.016218438744544983e-01,5.918899923563003540e-02,-7.054869532585144043e-01,7.062470316886901855e-01,0.000000000000000000e+00
-6.525042653083801270e-02,-9.743483364582061768e-02,-2.215498834848403931e-01,-3.277778327465057373e-01,-5.845690369606018066e-01,-7.421864271163940430e-01,0.000000000000000000e+00
-2.442706525325775146e-01,1.427330523729324341e-01,1.274984516203403473e-02,-7.842635512351989746e-01,6.181647777557373047e-01,-5.294276401400566101e-02,0.000000000000000000e+00
2.030394226312637329e-01,-2.412853240966796875e-01,2.780895680189132690e-02,6.485289335250854492e-01,-6.907882690429687500e-01,3.197214305400848389e-01,0.000000000000000000e+00
1.831923276185989380e-01,1.806747615337371826e-01,-1.006926372647285461e-01,6.653109788894653320e-01,9.040696918964385986e-02,-7.410721182823181152e-01,0.000000000000000000e+00
2.088649384677410126e-02,4.282364994287490845e-02,-2.387881577014923096e-01,6.984680145978927612e-02,2.991715967655181885e-01,-9.516395330429077148e-01,0.000000000000000000e+00
2.608585655689239502e-01,-1.812755875289440155e-02,5.823012441396713257e-02,9.891505241394042969e-01,-4.258016869425773621e-02,-1.405992358922958374e-01,0.000000000000000000e+00
1.120874099433422089e-02,2.186280786991119385e-01,-1.579691767692565918e-01,-1.780827492475509644e-01,4.896901249885559082e-01,-8.535163402557373047e-01,0.000000000000000000e+00
2.141943573951721191e-02,2.651197910308837891e-01,-6.836953014135360718e-02,5.474216490983963013e-02,8.958064913749694824e-01,-4.410601556301116943e-01,0.000000000000000000e+00
-7.355842739343643188e-02,-1.898421943187713623e-01,1.678086072206497192e-01,-3.103790283203125000e-01,-4.908846020698547363e-01,8.140621185302734375e-01,0.000000000000000000e+00
2.281141839921474457e-02,-8.420570939779281616e-02,2.333126217126846313e-01,1.871284283697605133e-02,-3.820561170578002930e-01,9.239496588706970215e-01,0.000000000000000000e+00
1.215744316577911377e-01,2.012625187635421753e-01,-1.236993372440338135e-01,1.001482456922531128e-01,8.428044915199279785e-01,-5.288203358650207520e-01,0.000000000000000000e+00
-1.237449795007705688e-01,1.378398239612579346e-01,-1.916707009077072144e-01,-9.052532315254211426e-01,-1.502091735601425171e-01,-3.974339365959167480e-01,0.000000000000000000e+00
-2.137410789728164673e-01,-1.005784645676612854e-01,-1.454003155231475830e-01,-6.555135250091552734e-01,-4.672192335128784180e-01,-5.933027863502502441e-01,0.000000000000000000e+00
8.240333199501037598e-02,-1.026077866554260254e-01,2.200632095336914062e-01,-3.742011636495590210e-02,-3.814599215984344482e-01,9.236276745796203613e-01,0.000000000000000000e+00
-5.096084997057914734e-02,-1.869141012430191040e-01,-1.727622002363204956e-01,5.023562908172607422e-02,-5.217178463935852051e-01,-8.516377210617065430e-01,0.000000000000000000e+00
2.104445733129978180e-02,2.064669579267501831e-01,1.915933936834335327e-01,6.325051933526992798e-02,6.903775334358215332e-01,7.206789851188659668e-01,0.000000000000000000e+00
-1.939480155706405640e-01,-1.714254170656204224e-01,-1.031791120767593384e-01,-5.928399562835693359e-01,-4.489647746086120605e-01,-6.685591936111450195e-01,0.000000000000000000e+00
-8.187149465084075928e-02,2.383876591920852661e-01,1.403805166482925415e-01,-2.614217996597290039e-01,7.435398101806640625e-01,6.154731512069702148e-01,0.000000000000000000e+00
-2.497512660920619965e-02,2.213625311851501465e-01,-1.407205313444137573e-01,-6.331507563591003418e-01,-9.850965440273284912e-02,-7.677343487739562988e-01,0.000000000000000000e+00
1.708287186920642853e-02,2.988590896129608154e-01,3.049456700682640076e-02,8.658520132303237915e-02,9.945871829986572266e-01,-5.743993073701858521e-02,0.000000000000000000e+00
2.016742825508117676e-01,-2.443741708993911743e-01,2.689133957028388977e-02,6.148993372917175293e-01,-3.952239751815795898e-01,6.824198365211486816e-01,0.000000000000000000e+00
-1.334324777126312256e-01,2.206345349550247192e-01,1.219977214932441711e-01,-5.380917787551879883e-01,6.858990192413330078e-01,4.898977577686309814e-01,0.000000000000000000e+00
1.303151436150074005e-02,4.389756545424461365e-02,2.577554881572723389e-01,5.982851609587669373e-02,2.317142188549041748e-01,9.709423780441284180e-01,0.000000000000000000e+00
2.234161794185638428e-01,-1.662159264087677002e-01,9.694733470678329468e-02,6.955274343490600586e-01,-5.703921318054199219e-01,4.369146525859832764e-01,0.000000000000000000e+00
2.317317724227905273e-01,1.310548037290573120e-01,4.733681678771972656e-02,8.664643764495849609e-01,4.793196916580200195e-01,-1.396143287420272827e-01,0.000000000000000000e+00
-2.125236988067626953e-01,-8.717074990272521973e-03,-1.736351847648620605e-01,-2.470089197158813477e-01,-2.160870879888534546e-01,-9.446126222610473633e-01,0.000000000000000000e+00
9.813072532415390015e-02,1.991609781980514526e-01,1.876923292875289917e-01,3.094419240951538086e-01,6.238621473312377930e-01,7.176640629768371582e-01,0.000000000000000000e+00
-2.751089930534362793e-01,5.246200039982795715e-02,-6.005957350134849548e-02,-9.146958589553833008e-01,3.793951869010925293e-01,-1.392508447170257568e-01,0.000000000000000000e+00
-1.533980965614318848e-01,1.750313490629196167e-01,-1.114149764180183411e-01,-9.801511168479919434e-01,-1.070275530219078064e-01,-1.668798625469207764e-01,0.000000000000000000e+00
2.174623459577560425e-01,-1.108148619532585144e-01,1.391817927360534668e-01,4.614382982254028320e-01,-3.368098139762878418e-01,8.207520246505737305e-01,0.000000000000000000e+00
-1.975845992565155029e-01,-1.015377119183540344e-01,1.635864973068237305e-01,-3.668488264083862305e-01,-5.833836793899536133e-01,7.246277332305908203e-01,0.000000000000000000e+00
1.852587237954139709e-02,2.496422231197357178e-01,-1.020369082689285278e-01,1.723072677850723267e-01,8.994573950767517090e-01,-4.016050398349761963e-01,0.000000000000000000e+00
1.278888881206512451e-01,-2.825518250465393066e-01,-1.083972603082656860e-01,1.783734261989593506e-01,-5.218712687492370605e-01,-8.341662287712097168e-01,0.000000000000000000e+00
1.528328359127044678e-01,-1.409297585487365723e-01,1.741706728935241699e-01,2.450537383556365967e-01,-5.499291419982910156e-01,7.984526157379150391e-01,0.000000000000000000e+00
-1.298232376575469971e-01,1.512181758880615234e-01,-1.820438355207443237e-01,-9.363093972206115723e-01,9.652140736579895020e-02,-3.376512527465820312e-01,0.000000000000000000e+00
-1.820595748722553253e-02,-1.043969169259071350e-01,2.262075990438461304e-01,6.683240644633769989e-03,-5.090355277061462402e-01,8.607195615768432617e-01,0.000000000000000000e+00
-6.321053206920623779e-02,-2.452607154846191406e-01,-1.325308233499526978e-01,-1.060836017131805420e-01,-7.299190163612365723e-01,-6.752514243125915527e-01,0.000000000000000000e+00
5.064223334193229675e-02,1.349851638078689575e-01,-2.158482968807220459e-01,5.557295680046081543e-02,4.403529465198516846e-01,-8.961032032966613770e-01,0.000000000000000000e+00
1.927177160978317261e-01,3.956482559442520142e-02,2.030432075262069702e-01,6.463074088096618652e-01,-1.046158149838447571e-01,7.558718919754028320e-01,0.000000000000000000e+00
2.578163146972656250e-01,-8.654341101646423340e-02,-3.267512470483779907e-02,9.417931437492370605e-01,1.536584496498107910e-01,-2.990230619907379150e-01,0.000000000000000000e+00
1.052323207259178162e-01,1.444820910692214966e-01,-1.861568093299865723e-01,3.763287067413330078e-01,6.724129915237426758e-01,-6.373676061630249023e-01,0.000000000000000000e+00
8.537135273218154907e-02,2.498705387115478516e-01,-8.387779444456100464e-02,2.649644017219543457e-02,6.926954984664916992e-01,-7.207432985305786133e-01,0.000000000000000000e+00
2.423824369907379150e-01,-1.796630918979644775e-01,-3.154945001006126404e-02,9.782009124755859375e-01,-1.214712634682655334e-01,-1.684271991252899170e-01,0.000000000000000000e+00
3.889098018407821655e-02,2.348889559507369995e-01,1.653500199317932129e-01,6.758700311183929443e-02,7.643457651138305664e-01,6.412546634674072266e-01,0.000000000000000000e+00
2.256283462047576904e-01,-6.682508438825607300e-02,1.507126837968826294e-01,7.281357049942016602e-01,1.085230410099029541e-01,6.767873764038085938e-01,0.000000000000000000e+00
-1.550436764955520630e-01,1.771618872880935669e-01,1.389653533697128296e-01,-6.033705472946166992e-01,5.314049124717712402e-01,5.946030616760253906e-01,0.000000000000000000e+00
-1.656540483236312866e-01,-2.066722810268402100e-01,-1.069848686456680298e-01,-5.039014220237731934e-01,-6.369856595993041992e-01,-5.833803415298461914e-01,0.000000000000000000e+00
1.565282642841339111e-01,2.152449935674667358e-01,-8.027043938636779785e-02,5.297929644584655762e-01,7.607667446136474609e-01,-3.749045133590698242e-01,0.000000000000000000e+00
-6.717111170291900635e-02,-2.141004502773284912e-01,-1.526673883199691772e-01,-1.536443978548049927e-01,-6.132833361625671387e-01,-7.747754454612731934e-01,0.000000000000000000e+00
-1.782685667276382446e-01,-2.121416330337524414e-01,5.289176106452941895e-02,-6.580899953842163086e-01,-7.040234804153442383e-01,2.669616937637329102e-01,0.000000000000000000e+00
1.831898242235183716e-01,1.999199986457824707e-01,-2.196540310978889465e-02,3.915094137191772461e-01,9.138889312744140625e-01,1.073658242821693420e-01,0.000000000000000000e+00
6.610162556171417236e-02,-9.257727861404418945e-02,-2.342747896909713745e-01,9.804567694664001465e-02,-2.972107529640197754e-01,-9.497646093368530273e-01,0.000000000000000000e+00
1.177757531404495239e-01,1.592812091112136841e-01,-1.718800067901611328e-01,1.066822707653045654e-01,5.167421698570251465e-01,-8.494682908058166504e-01,0.000000000000000000e+00
3.746934980154037476e-02,2.543996572494506836e-01,-7.792752981185913086e-02,3.713883459568023682e-01,4.408038258552551270e-01,-8.171674609184265137e-01,0.000000000000000000e+00
2.577489912509918213e-01,-1.087376661598682404e-02,9.192515909671783447e-02,9.850224852561950684e-01,-5.156183615326881409e-02,1.645359396934509277e-01,0.000000000000000000e+00
-2.056771423667669296e-03,-1.527410596609115601e-01,1.941767334938049316e-01,-1.817622035741806030e-02,-7.788828015327453613e-01,6.269060373306274414e-01,0.000000000000000000e+00
-4.102732520550489426e-03,1.993312388658523560e-01,-1.582864224910736084e-01,-4.059845805168151855e-01,6.675972938537597656e-01,-6.240916848182678223e-01,0.000000000000000000e+00
-2.847469449043273926e-01,-6.019375100731849670e-02,3.521462157368659973e-02,-8.159874677658081055e-01,-4.297878146171569824e-01,3.865836858749389648e-01,0.000000000000000000e+00
1.694516539573669434e-01,-3.191813528537750244e-01,-1.454014610499143600e-02,7.493093013763427734e-01,-6.255083084106445312e-01,-2.174279689788818359e-01,0.000000000000000000e+00
1.880934834480285645e-01,-1.919900178909301758e-01,-1.147026494145393372e-01,7.734768390655517578e-01,-1.338519603013992310e-01,-6.195298433303833008e-01,0.000000000000000000e+00
-1.388938128948211670e-01,-2.486224174499511719e-01,-8.328900672495365143e-03,-3.055042028427124023e-01,-9.388738870620727539e-01,-1.586915850639343262e-01,0.000000000000000000e+00
1.701463311910629272e-01,2.155584692955017090e-01,-5.200186744332313538e-02,4.160329997539520264e-01,8.982801437377929688e-01,1.414542943239212036e-01,0.000000000000000000e+00
1.314056068658828735e-01,6.850410252809524536e-02,2.372207343578338623e-01,3.980025947093963623e-01,1.878610998392105103e-01,8.979432582855224609e-01,0.000000000000000000e+00
5.260526016354560852e-02,-9.246440976858139038e-02,-2.358966916799545288e-01,3.650982975959777832e-01,-1.533101499080657959e-01,-9.182587862014770508e-01,0.000000000000000000e+00
1.161328703165054321e-01,-1.850616633892059326e-01,-1.674957275390625000e-01,1.470009386539459229e-01,-4.919685423374176025e-01,-8.581128716468811035e-01,0.000000000000000000e+00
-8.287668228149414062e-02,3.090992197394371033e-02,-2.343360632658004761e-01,-6.518334150314331055e-02,1.480301171541213989e-01,-9.868324398994445801e-01,0.000000000000000000e+00
-2.162773460149765015e-01,1.128009632229804993e-01,1.280656605958938599e-01,-7.693362236022949219e-01,5.202264189720153809e-01,3.707914352416992188e-01,0.000000000000000000e+00
2.638117372989654541e-01,-2.711547166109085083e-02,1.976815238595008850e-02,8.714457750320434570e-01,-1.783040538430213928e-02,-4.901676774024963379e-01,0.000000000000000000e+00
1.614136397838592529e-01,-6.222018599510192871e-02,-2.002836465835571289e-01,7.469367980957031250e-01,-9.226747602224349976e-02,-6.584619283676147461e-01,0.000000000000000000e+00
1.964636594057083130e-01,-1.954982727766036987e-01,-1.062934473156929016e-01,5.459739565849304199e-01,-9.577134996652603149e-02,-8.323101997375488281e-01,0.000000000000000000e+00
2.565807662904262543e-02,-7.109215855598449707e-02,-2.456345707178115845e-01,-2.386516779661178589e-01,-6.484612822532653809e-02,-9.689377546310424805e-01,0.000000000000000000e+00
4.609368368983268738e-02,1.937239468097686768e-01,1.933896392583847046e-01,-2.240607887506484985e-01,1.921158879995346069e-01,9.554518461227416992e-01,0.000000000000000000e+00
-1.213708743453025818e-01,-1.171369254589080811e-01,-1.857437640428543091e-01,-4.083028733730316162e-01,-2.601697444915771484e-01,-8.749859929084777832e-01,0.000000000000000000e+00
2.113253027200698853e-01,7.155402749776840210e-02,-1.334101110696792603e-01,8.771487474441528320e-01,3.991306573152542114e-02,-4.785572588443756104e-01,0.000000000000000000e+00
-1.684459000825881958e-01,-1.927586197853088379e-01,1.077189520001411438e-01,-6.209913492202758789e-01,-6.973971724510192871e-01,3.577805459499359131e-01,0.000000000000000000e+00
1.856362819671630859e-01,2.172583714127540588e-02,-1.797159016132354736e-01,5.289950966835021973e-01,4.692603945732116699e-01,-7.070776820182800293e-01,0.000000000000000000e+00
7.373391091823577881e-02,-3.193749785423278809e-01,-8.330908417701721191e-02,-2.679629623889923096e-01,-6.221590638160705566e-01,-7.356045246124267578e-01,0.000000000000000000e+00
-1.675287634134292603e-01,3.312784060835838318e-02,-1.942315697669982910e-01,-5.000768303871154785e-01,-3.276444971561431885e-02,-8.653610348701477051e-01,0.000000000000000000e+00
