1.349215954542160034e-01,1.640174388885498047e-01,9.572281269356608391e-04,9.974399805068969727e-01,-1.974024064838886261e-02,6.872968375682830811e-02,0.000000000000000000e+00
-1.074952259659767151e-01,-2.977279424667358398e-01,9.859026968479156494e-02,-6.025027632713317871e-01,1.480678766965866089e-01,7.842616438865661621e-01,0.000000000000000000e+00
3.997910395264625549e-02,-1.692565828561782837e-01,-1.301106363534927368e-01,4.621368646621704102e-01,-3.799203336238861084e-01,-8.013052344322204590e-01,0.000000000000000000e+00
8.728624880313873291e-02,-5.674824118614196777e-01,-9.474641084671020508e-02,6.977367401123046875e-01,-8.976093679666519165e-02,-7.107084393501281738e-01,0.000000000000000000e+00
-3.882174938917160034e-02,-7.809107899665832520e-01,-4.592343792319297791e-02,-2.813396155834197998e-01,-9.172887802124023438e-01,2.818320691585540771e-01,0.000000000000000000e+00
-4.990074783563613892e-02,8.867760896682739258e-01,4.178576171398162842e-02,-9.172533154487609863e-01,3.918757438659667969e-01,7.127214223146438599e-02,0.000000000000000000e+00
6.528830528259277344e-02,-2.801785171031951904e-01,1.131550744175910950e-01,5.850030183792114258e-01,-1.043691933155059814e-01,8.042876124382019043e-01,0.000000000000000000e+00
1.200608238577842712e-01,-3.366226553916931152e-01,-3.549950197339057922e-02,9.832839965820312500e-01,-9.469089098274707794e-03,-1.818319708108901978e-01,0.000000000000000000e+00
4.442010831553488970e-04,-5.263065695762634277e-01,-1.401644647121429443e-01,1.224230974912643433e-01,-2.151470184326171875e-01,-9.688778519630432129e-01,0.000000000000000000e+00
1.259458512067794800e-01,-2.259729653596878052e-01,1.907640980789437890e-04,9.991425871849060059e-01,-2.572087012231349945e-02,3.244308382272720337e-02,0.000000000000000000e+00
-8.926546573638916016e-02,7.902920246124267578e-01,8.226183801889419556e-02,-7.927948236465454102e-01,-5.728052929043769836e-02,6.067910194396972656e-01,0.000000000000000000e+00
5.694148316979408264e-02,1.656398475170135498e-01,-1.230997815728187561e-01,6.034696698188781738e-01,-2.381599843502044678e-01,-7.609889507293701172e-01,0.000000000000000000e+00
1.270551979541778564e-01,-7.307025045156478882e-02,-2.668988332152366638e-02,9.820960164070129395e-01,-3.236557915806770325e-02,-1.855798810720443726e-01,0.000000000000000000e+00
-5.592782795429229736e-02,-6.859952807426452637e-01,1.347924172878265381e-01,-2.533126175403594971e-01,1.814772188663482666e-02,9.672142267227172852e-01,0.000000000000000000e+00
-1.295975446701049805e-01,-6.754654645919799805e-01,-1.004734933376312256e-01,-7.113309502601623535e-01,2.743189595639705658e-02,-7.023217082023620605e-01,0.000000000000000000e+00
5.874127149581909180e-02,1.452428847551345825e-01,-1.197662875056266785e-01,5.719197392463684082e-01,1.192510947585105896e-01,-8.115953207015991211e-01,0.000000000000000000e+00
-7.560500502586364746e-02,2.898123860359191895e-01,-1.085834354162216187e-01,-5.563538670539855957e-01,8.841370046138763428e-02,-8.262283802032470703e-01,0.000000000000000000e+00
1.122159808874130249e-01,-5.153854489326477051e-01,4.423197731375694275e-02,9.622455239295959473e-01,-1.385477930307388306e-02,2.718301415443420410e-01,0.000000000000000000e+00
-1.187177672982215881e-01,-6.114869117736816406e-01,-1.099467501044273376e-01,-6.286107897758483887e-01,-2.886303067207336426e-01,-7.221779823303222656e-01,0.000000000000000000e+00
6.460918486118316650e-02,-7.467957735061645508e-01,-1.156960055232048035e-01,6.568199992179870605e-01,2.003496326506137848e-02,-7.537811994552612305e-01,0.000000000000000000e+00
2.204018272459506989e-02,-1.118712350726127625e-01,1.312008053064346313e-01,2.194152772426605225e-01,-1.571083515882492065e-01,9.628986716270446777e-01,0.000000000000000000e+00
8.899855613708496094e-02,9.209269881248474121e-01,3.400243818759918213e-02,9.408773779869079590e-01,-2.900259196758270264e-01,1.750277280807495117e-01,0.000000000000000000e+00
4.509302973747253418e-02,-8.566640615463256836e-01,-1.295162737369537354e-01,4.778313040733337402e-01,-4.769842326641082764e-02,-8.771557211875915527e-01,0.000000000000000000e+00
-5.761039629578590393e-02,8.615096807479858398e-01,1.159491389989852905e-01,-6.040297150611877441e-01,1.171447150409221649e-02,7.968757152557373047e-01,0.000000000000000000e+00
2.441357448697090149e-02,-3.363144770264625549e-02,1.316616833209991455e-01,3.655066788196563721e-01,1.675612032413482666e-01,9.156025648117065430e-01,0.000000000000000000e+00
-5.449897423386573792e-02,-3.969528973102569580e-01,1.239820867776870728e-01,-3.240248560905456543e-02,5.294712632894515991e-02,9.980714917182922363e-01,0.000000000000000000e+00
4.400936514139175415e-02,-6.590082049369812012e-01,1.189659610390663147e-01,4.096547365188598633e-01,2.484325766563415527e-01,8.777609467506408691e-01,0.000000000000000000e+00
-3.987034782767295837e-02,9.952147603034973145e-01,-3.679530927911400795e-03,-8.361798524856567383e-01,5.421943068504333496e-01,8.263509720563888550e-02,0.000000000000000000e+00
-1.025757193565368652e-01,7.855986803770065308e-02,-9.036080539226531982e-02,-9.442203044891357422e-01,1.537504643201828003e-01,-2.912195622920989990e-01,0.000000000000000000e+00
-1.488154232501983643e-01,-8.061378002166748047e-01,-8.542714267969131470e-02,-8.159873485565185547e-01,4.151527956128120422e-02,-5.765771269798278809e-01,0.000000000000000000e+00
1.298543252050876617e-02,6.977569460868835449e-01,1.298387795686721802e-01,-4.452163353562355042e-02,-9.791885316371917725e-02,9.941980242729187012e-01,0.000000000000000000e+00
2.329519577324390411e-02,1.806407049298286438e-02,-1.343410462141036987e-01,2.408906519412994385e-01,1.036847680807113647e-01,-9.649980068206787109e-01,0.000000000000000000e+00
1.265410184860229492e-01,-1.774825900793075562e-01,-1.139102783054113388e-02,9.992102980613708496e-01,-2.555683953687548637e-03,-3.965170308947563171e-02,0.000000000000000000e+00
9.078440815210342407e-02,7.213623076677322388e-02,-9.422560781240463257e-02,6.196985840797424316e-01,-1.124517470598220825e-01,-7.767420411109924316e-01,0.000000000000000000e+00
-9.141759574413299561e-02,-5.040881633758544922e-01,1.189864575862884521e-01,-4.421178400516510010e-01,-9.796380065381526947e-03,8.969034552574157715e-01,0.000000000000000000e+00
4.197051376104354858e-02,-8.328961730003356934e-01,-4.831860214471817017e-02,2.148465067148208618e-02,1.486206650733947754e-01,9.886608719825744629e-01,0.000000000000000000e+00
-3.283811733126640320e-02,1.511495560407638550e-01,1.284617185592651367e-01,-1.809803396463394165e-01,-9.169763885438442230e-03,9.834439754486083984e-01,0.000000000000000000e+00
2.447988837957382202e-02,-6.648379564285278320e-01,1.282448470592498779e-01,2.326875329017639160e-01,9.317026287317276001e-02,9.680784344673156738e-01,0.000000000000000000e+00
6.429661065340042114e-02,5.280255079269409180e-01,-1.125035285949707031e-01,3.970815539360046387e-01,2.607118785381317139e-01,-8.799747228622436523e-01,0.000000000000000000e+00
-3.723782300949096680e-02,3.314805403351783752e-02,1.280211955308914185e-01,-2.966193258762359619e-01,-8.761432021856307983e-03,9.549556374549865723e-01,0.000000000000000000e+00
-7.981120049953460693e-02,8.335041999816894531e-01,-9.507224708795547485e-02,-6.943431496620178223e-01,-4.143304750323295593e-02,-7.184503674507141113e-01,0.000000000000000000e+00
-1.233258657157421112e-02,9.227899909019470215e-01,6.483688205480575562e-02,-2.392481565475463867e-01,-1.658730953931808472e-02,9.708167314529418945e-01,0.000000000000000000e+00
-1.418497413396835327e-01,-7.576277852058410645e-02,1.063597295433282852e-02,-9.954774975776672363e-01,1.703215576708316803e-02,9.345801919698715210e-02,0.000000000000000000e+00
4.413874447345733643e-02,-1.279271245002746582e-01,-1.288901716470718384e-01,2.905228435993194580e-01,-2.283162474632263184e-01,-9.292298555374145508e-01,0.000000000000000000e+00
3.729278966784477234e-02,-6.439312100410461426e-01,-1.311979293823242188e-01,6.430043578147888184e-01,2.585273683071136475e-01,-7.209084630012512207e-01,0.000000000000000000e+00
-1.353140920400619507e-01,-1.818761974573135376e-01,-5.814938992261886597e-02,-9.322949647903442383e-01,1.506910473108291626e-02,-3.613848984241485596e-01,0.000000000000000000e+00
4.321695119142532349e-02,7.869017124176025391e-01,1.353333592414855957e-01,1.011787503957748413e-01,-2.267550490796566010e-02,9.946098327636718750e-01,0.000000000000000000e+00
-6.853128224611282349e-02,9.121677875518798828e-01,-9.125851094722747803e-02,5.681526288390159607e-02,9.983839988708496094e-01,-1.174731878563761711e-03,0.000000000000000000e+00
1.149291321635246277e-01,-1.914579123258590698e-01,-6.548373401165008545e-02,9.593850970268249512e-01,-4.283127933740615845e-02,-2.788290977478027344e-01,0.000000000000000000e+00
3.345251083374023438e-02,3.572014570236206055e-01,-1.275512427091598511e-01,8.442889899015426636e-02,-1.443849205970764160e-01,-9.859131574630737305e-01,0.000000000000000000e+00
3.323854506015777588e-02,-8.432620763778686523e-01,-8.988896012306213379e-02,-5.968607068061828613e-01,1.141977831721305847e-01,7.941763997077941895e-01,0.000000000000000000e+00
3.542010858654975891e-02,2.736459374427795410e-01,1.278275847434997559e-01,3.342960476875305176e-01,8.841864764690399170e-02,9.383113980293273926e-01,0.000000000000000000e+00
-1.093025729060173035e-01,7.507963180541992188e-01,-3.718366473913192749e-02,-9.556088447570800781e-01,1.565687209367752075e-01,-2.495955824851989746e-01,0.000000000000000000e+00
-4.890823364257812500e-02,5.144006609916687012e-01,-1.127185374498367310e-01,-4.788668453693389893e-01,2.587695419788360596e-01,-8.388831019401550293e-01,0.000000000000000000e+00
4.307715967297554016e-02,-1.815754473209381104e-01,-1.279431730508804321e-01,2.382189333438873291e-01,6.642779801040887833e-03,-9.711887836456298828e-01,0.000000000000000000e+00
9.857806377112865448e-03,3.285353779792785645e-01,1.308945566415786743e-01,1.155246421694755554e-01,9.956050664186477661e-02,9.883024692535400391e-01,0.000000000000000000e+00
-1.091262907721102238e-03,-8.128171563148498535e-01,-7.374852895736694336e-02,-8.491236716508865356e-02,-6.905283927917480469e-01,7.183038592338562012e-01,0.000000000000000000e+00
2.317428216338157654e-02,-8.633044362068176270e-01,5.469721928238868713e-02,-1.304780989885330200e-01,-9.886502623558044434e-01,-7.447198778390884399e-02,0.000000000000000000e+00
7.108556479215621948e-02,1.780643761157989502e-01,-1.143233701586723328e-01,7.312144637107849121e-01,-2.408492118120193481e-01,-6.382139921188354492e-01,0.000000000000000000e+00
-1.278338879346847534e-01,-3.884102106094360352e-01,7.966468483209609985e-02,-8.204463720321655273e-01,1.350652724504470825e-01,5.555404424667358398e-01,0.000000000000000000e+00
8.539700880646705627e-03,6.757854223251342773e-01,1.267233788967132568e-01,-9.352479130029678345e-02,-6.782170385122299194e-02,9.933042526245117188e-01,0.000000000000000000e+00
9.955233335494995117e-02,6.788963079452514648e-02,-8.661560714244842529e-02,6.196985840797424316e-01,-1.124517470598220825e-01,-7.767420411109924316e-01,0.000000000000000000e+00
-1.397408396005630493e-01,-1.523914095014333725e-02,6.481471005827188492e-03,-9.984852075576782227e-01,3.749997168779373169e-02,4.026205465197563171e-02,0.000000000000000000e+00
1.765581965446472168e-02,-1.490914523601531982e-01,1.316890716552734375e-01,3.923617601394653320e-01,8.208067715167999268e-02,9.161413908004760742e-01,0.000000000000000000e+00
9.373185783624649048e-02,-6.642998456954956055e-01,-8.232121169567108154e-02,8.103994131088256836e-01,8.528118953108787537e-03,-5.858157277107238770e-01,0.000000000000000000e+00
1.409670859575271606e-01,8.965964317321777344e-01,9.257940202951431274e-02,9.291185736656188965e-01,6.136901676654815674e-02,3.646539449691772461e-01,0.000000000000000000e+00
-9.618189930915832520e-02,-6.569684147834777832e-01,-1.267702281475067139e-01,-4.751262962818145752e-01,4.304221644997596741e-02,-8.788642287254333496e-01,0.000000000000000000e+00
-1.527085453271865845e-01,-5.395984053611755371e-01,5.263346061110496521e-02,-9.121658802032470703e-01,3.754799440503120422e-02,4.080974757671356201e-01,0.000000000000000000e+00
3.668266534805297852e-02,-7.921737432479858398e-01,1.244165226817131042e-01,4.958775043487548828e-01,1.642327755689620972e-02,8.682371973991394043e-01,0.000000000000000000e+00
-2.587014622986316681e-02,1.072214320302009583e-01,-1.342919170856475830e-01,-1.181755214929580688e-01,1.885065436363220215e-02,-9.928137660026550293e-01,0.000000000000000000e+00
1.163533553481101990e-01,-7.713174223899841309e-01,-2.671912079676985741e-03,9.973335862159729004e-01,1.978561654686927795e-02,7.024459540843963623e-02,0.000000000000000000e+00
-1.623617857694625854e-01,-5.702500939369201660e-01,1.775764394551515579e-03,-9.948044419288635254e-01,5.091994628310203552e-02,8.815453946590423584e-02,0.000000000000000000e+00
2.048999443650245667e-02,-4.919733405113220215e-01,-1.355377733707427979e-01,4.079094529151916504e-02,-5.515529960393905640e-02,-9.976442456245422363e-01,0.000000000000000000e+00
-9.504651278257369995e-02,4.113568365573883057e-01,8.111602813005447388e-02,-7.575908899307250977e-01,1.905116997659206390e-02,6.524515748023986816e-01,0.000000000000000000e+00
1.184102669358253479e-01,-5.419666767120361328e-01,1.332932151854038239e-02,9.871045351028442383e-01,9.289941226597875357e-05,1.600768715143203735e-01,0.000000000000000000e+00
-1.524665951728820801e-01,-3.646804094314575195e-01,-2.003858238458633423e-02,-9.925602674484252930e-01,3.029252775013446808e-02,-1.179259419441223145e-01,0.000000000000000000e+00
1.529678981751203537e-02,7.167198508977890015e-02,1.327595114707946777e-01,7.178022712469100952e-02,5.239633843302726746e-02,9.960432648658752441e-01,0.000000000000000000e+00
-4.188562557101249695e-02,9.386698603630065918e-01,-2.692127041518688202e-02,-7.163761854171752930e-01,4.741439968347549438e-02,-6.961013078689575195e-01,0.000000000000000000e+00
7.334836572408676147e-02,-8.695205450057983398e-01,-2.929840935394167900e-03,-8.329992890357971191e-01,-5.324631333351135254e-01,-1.503169089555740356e-01,0.000000000000000000e+00
-1.225869208574295044e-01,-9.708216041326522827e-02,7.067160308361053467e-02,-6.996623277664184570e-01,1.019174233078956604e-01,7.071672081947326660e-01,0.000000000000000000e+00
1.372341960668563843e-01,7.862442135810852051e-01,7.400512695312500000e-02,7.265103459358215332e-01,-3.637570887804031372e-02,6.861920356750488281e-01,0.000000000000000000e+00
-1.621287018060684204e-01,-6.128104925155639648e-01,1.890244521200656891e-02,-9.616715908050537109e-01,-6.039817631244659424e-02,2.674691975116729736e-01,0.000000000000000000e+00
-1.684588342905044556e-01,-8.607796430587768555e-01,2.610272541642189026e-02,-8.310521841049194336e-01,-5.324499011039733887e-01,1.607774645090103149e-01,0.000000000000000000e+00
-1.028201803565025330e-01,-3.588289320468902588e-01,1.060836389660835266e-01,-5.587940812110900879e-01,1.146326120942831039e-02,8.292272090911865234e-01,0.000000000000000000e+00
-1.081983670592308044e-01,-6.631823182106018066e-01,1.110266149044036865e-01,-5.486001372337341309e-01,4.976336285471916199e-02,8.346025943756103516e-01,0.000000000000000000e+00
6.937475502490997314e-02,-4.545520842075347900e-01,-1.135005131363868713e-01,5.954087376594543457e-01,1.894077062606811523e-01,-7.807772755622863770e-01,0.000000000000000000e+00
-1.107601150870323181e-01,-8.457511067390441895e-01,1.170353591442108154e-01,-4.986788928508758545e-01,1.516764238476753235e-02,8.666540980339050293e-01,0.000000000000000000e+00
9.725945442914962769e-02,5.047033429145812988e-01,9.623613953590393066e-02,6.989940404891967773e-01,9.087097644805908203e-02,7.093305587768554688e-01,0.000000000000000000e+00
4.465261474251747131e-03,7.184724211692810059e-01,-1.314626485109329224e-01,-4.547435417771339417e-02,-1.030487343668937683e-01,-9.936362504959106445e-01,0.000000000000000000e+00
1.033262386918067932e-01,2.316259890794754028e-01,8.893052488565444946e-02,4.983937442302703857e-01,-4.390806257724761963e-01,7.475371956825256348e-01,0.000000000000000000e+00
-1.646394282579421997e-01,-7.339888811111450195e-01,3.291514143347740173e-02,-9.734270572662353516e-01,7.030051201581954956e-02,2.179394811391830444e-01,0.000000000000000000e+00
1.077171489596366882e-01,-4.576911628246307373e-01,6.189668178558349609e-02,9.186816215515136719e-01,1.641150191426277161e-02,3.946577608585357666e-01,0.000000000000000000e+00
1.174374371767044067e-01,7.226168513298034668e-01,-8.931002020835876465e-02,5.790907144546508789e-01,-2.357283420860767365e-02,-8.149222731590270996e-01,0.000000000000000000e+00
-9.531787037849426270e-02,7.027751207351684570e-01,-6.416340172290802002e-02,-8.497039675712585449e-01,-7.174866646528244019e-02,-5.223554968833923340e-01,0.000000000000000000e+00
1.120260357856750488e-01,6.556530594825744629e-01,8.696538954973220825e-02,6.371858716011047363e-01,-1.600159704685211182e-01,7.539158463478088379e-01,0.000000000000000000e+00
-1.175712570548057556e-01,2.574599161744117737e-02,7.232314348220825195e-02,-6.746789216995239258e-01,8.633462712168693542e-03,7.380608320236206055e-01,0.000000000000000000e+00
-1.518386155366897583e-01,-3.493699431419372559e-01,2.095590345561504364e-02,-9.943771958351135254e-01,8.052463829517364502e-02,6.877306103706359863e-02,0.000000000000000000e+00
1.170756965875625610e-01,-6.719825863838195801e-01,-8.440038189291954041e-03,9.996369481086730957e-01,1.734998077154159546e-03,2.688883244991302490e-02,0.000000000000000000e+00
6.288656592369079590e-02,4.970812425017356873e-02,-1.229072362184524536e-01,4.745767414569854736e-01,2.146340310573577881e-01,-8.536446094512939453e-01,0.000000000000000000e+00
-7.889661937952041626e-02,7.761303782463073730e-01,-9.352093189954757690e-02,-6.875892877578735352e-01,-1.756385155022144318e-02,-7.258873581886291504e-01,0.000000000000000000e+00
-1.135324016213417053e-01,-2.940156757831573486e-01,9.251150488853454590e-02,-6.723567843437194824e-01,-2.046658396720886230e-01,7.113706469535827637e-01,0.000000000000000000e+00
1.154021322727203369e-01,-5.823656916618347168e-01,-3.540720418095588684e-02,9.805063605308532715e-01,-2.517752721905708313e-02,-1.948675066232681274e-01,0.000000000000000000e+00
5.732417851686477661e-02,3.833211064338684082e-01,-1.237981095910072327e-01,4.116379022598266602e-01,1.365296728909015656e-02,-9.112452268600463867e-01,0.000000000000000000e+00
5.009159445762634277e-02,8.233727812767028809e-01,1.363020539283752441e-01,1.702705323696136475e-01,-2.499925531446933746e-02,9.850801825523376465e-01,0.000000000000000000e+00
2.875927835702896118e-02,-6.484991312026977539e-01,-1.358173042535781860e-01,4.339355230331420898e-01,4.107488319277763367e-02,-9.000071287155151367e-01,0.000000000000000000e+00
8.237730711698532104e-02,2.270683832466602325e-02,-1.069580018520355225e-01,6.708426475524902344e-01,-5.670983716845512390e-02,-7.394282817840576172e-01,0.000000000000000000e+00
1.019569262862205505e-01,3.737118840217590332e-01,9.245222806930541992e-02,7.534397244453430176e-01,-2.922074310481548309e-02,6.568673849105834961e-01,0.000000000000000000e+00
5.342938937246799469e-03,-4.393544197082519531e-01,-1.424651294946670532e-01,1.550769954919815063e-01,3.928497061133384705e-02,-9.871209859848022461e-01,0.000000000000000000e+00
1.084586381912231445e-01,-2.633390426635742188e-01,-7.525822520256042480e-02,7.971068024635314941e-01,-5.309800431132316589e-02,-6.014992594718933105e-01,0.000000000000000000e+00
2.706383913755416870e-02,-5.679247379302978516e-01,1.284425109624862671e-01,4.558464288711547852e-01,-5.438599269837141037e-03,8.900418281555175781e-01,0.000000000000000000e+00
9.410372376441955566e-02,6.552750468254089355e-01,1.026578322052955627e-01,6.029520034790039062e-01,-4.513226822018623352e-02,7.964998483657836914e-01,0.000000000000000000e+00
2.697922289371490479e-02,-6.180778741836547852e-01,-1.384878456592559814e-01,1.632315069437026978e-01,2.238616347312927246e-02,-9.863337874412536621e-01,0.000000000000000000e+00
1.427960395812988281e-01,7.924510240554809570e-01,-6.468970328569412231e-02,7.731934785842895508e-01,-2.051893994212150574e-02,-6.338381767272949219e-01,0.000000000000000000e+00
-4.430258646607398987e-02,6.694362163543701172e-01,-1.145238578319549561e-01,-5.197753906250000000e-01,1.118312478065490723e-01,-8.469517827033996582e-01,0.000000000000000000e+00
1.117532625794410706e-01,-6.282252073287963867e-01,3.794342279434204102e-02,9.678342342376708984e-01,-1.826203241944313049e-02,2.509249746799468994e-01,0.000000000000000000e+00
1.467462480068206787e-01,8.399673104286193848e-01,-5.992960184812545776e-02,8.680352568626403809e-01,-1.332186907529830933e-01,-4.782965183258056641e-01,0.000000000000000000e+00
-9.385726600885391235e-02,5.250083804130554199e-01,-6.574890017509460449e-02,-8.274814486503601074e-01,2.650122642517089844e-01,-4.950180947780609131e-01,0.000000000000000000e+00
-5.510655790567398071e-02,-8.700286149978637695e-01,-1.204501166939735413e-01,1.110487058758735657e-01,-9.035164713859558105e-01,4.139156043529510498e-01,0.000000000000000000e+00
1.231115385890007019e-01,-3.652044236660003662e-01,-8.234099484980106354e-03,9.956800341606140137e-01,-2.400613762438297272e-02,-8.969368785619735718e-02,0.000000000000000000e+00
-4.255845397710800171e-02,-3.882326185703277588e-01,-1.379628628492355347e-01,-2.684917151927947998e-01,-1.210236921906471252e-01,-9.556492567062377930e-01,0.000000000000000000e+00
3.069036640226840973e-02,9.956690073013305664e-01,6.496953964233398438e-02,1.838846355676651001e-01,7.544937729835510254e-01,6.300203204154968262e-01,0.000000000000000000e+00
1.337872296571731567e-01,9.074715375900268555e-01,-3.634789213538169861e-02,-3.965697586536407471e-01,8.855696916580200195e-01,2.418650388717651367e-01,0.000000000000000000e+00
1.161529943346977234e-01,-7.163728475570678711e-01,-1.236183568835258484e-02,9.952530264854431152e-01,1.654057018458843231e-02,-9.590551257133483887e-02,0.000000000000000000e+00
-8.717171102762222290e-02,5.660740733146667480e-01,-5.621912330389022827e-02,-8.573124408721923828e-01,-1.667959839105606079e-01,-4.870261549949645996e-01,0.000000000000000000e+00
-1.776059716939926147e-02,-4.192518070340156555e-02,-1.389045417308807373e-01,-1.975862234830856323e-01,3.786607086658477783e-02,-9.795538783073425293e-01,0.000000000000000000e+00
-1.001307442784309387e-01,5.083767175674438477e-01,6.413103640079498291e-02,-8.405902981758117676e-01,1.257637143135070801e-01,5.268694758415222168e-01,0.000000000000000000e+00
-1.316918432712554932e-01,3.122378885746002197e-02,-4.282021522521972656e-02,-9.303576350212097168e-01,5.913805961608886719e-02,-3.618526756763458252e-01,0.000000000000000000e+00
-1.347638368606567383e-01,-6.068398952484130859e-01,8.458184450864791870e-02,-7.806863784790039062e-01,7.140435278415679932e-02,6.208302378654479980e-01,0.000000000000000000e+00
5.684993788599967957e-02,-4.680888354778289795e-01,1.156747341156005859e-01,3.933034241199493408e-01,4.158751573413610458e-03,9.193993210792541504e-01,0.000000000000000000e+00
1.217067241668701172e-01,4.084380865097045898e-01,6.778083741664886475e-02,8.272133469581604004e-01,-2.272859588265419006e-02,5.614280700683593750e-01,0.000000000000000000e+00
6.151704117655754089e-02,-8.641961216926574707e-01,-5.648827925324440002e-02,-8.525826334953308105e-01,7.978433743119239807e-03,5.225315690040588379e-01,0.000000000000000000e+00
3.807375580072402954e-02,-3.996565937995910645e-01,-1.327182501554489136e-01,5.609052777290344238e-01,-1.288678348064422607e-01,-8.177887201309204102e-01,0.000000000000000000e+00
-3.057837113738059998e-02,1.744537800550460815e-01,1.279297620058059692e-01,-3.508452177047729492e-01,1.548912096768617630e-02,9.363053441047668457e-01,0.000000000000000000e+00
4.653222486376762390e-02,3.713582158088684082e-01,-1.262574046850204468e-01,2.621137797832489014e-01,-9.765861183404922485e-02,-9.600828886032104492e-01,0.000000000000000000e+00
-9.682074189186096191e-02,-3.023901581764221191e-01,1.076710745692253113e-01,-6.025027632713317871e-01,1.480678766965866089e-01,7.842616438865661621e-01,0.000000000000000000e+00
1.007927507162094116e-01,-2.811579108238220215e-01,7.850091159343719482e-02,4.588025510311126709e-01,-7.288424670696258545e-02,8.855439424514770508e-01,0.000000000000000000e+00
1.206266507506370544e-01,-4.598197638988494873e-01,1.097626052796840668e-02,9.975316524505615234e-01,-1.239034067839384079e-02,6.911662966012954712e-02,0.000000000000000000e+00
-1.153538674116134644e-01,-6.176328659057617188e-01,-1.100913882255554199e-01,-5.328030586242675781e-01,-4.722310900688171387e-01,-7.022241353988647461e-01,0.000000000000000000e+00
-6.256148964166641235e-02,7.243614196777343750e-01,-1.058983951807022095e-01,-5.930390357971191406e-01,-2.855606377124786377e-02,-8.046671748161315918e-01,0.000000000000000000e+00
1.467970162630081177e-01,8.244142532348632812e-01,-5.848832800984382629e-02,9.590060114860534668e-01,5.858504027128219604e-02,-2.772638201713562012e-01,0.000000000000000000e+00
-5.561940744519233704e-02,-8.021386861801147461e-01,-7.726896554231643677e-02,-3.672038316726684570e-01,-8.004507422447204590e-01,4.737509489059448242e-01,0.000000000000000000e+00
8.635944873094558716e-02,-2.107796669006347656e-01,9.407301992177963257e-02,6.652077436447143555e-01,2.592103369534015656e-02,7.462082505226135254e-01,0.000000000000000000e+00
-1.098768487572669983e-01,3.883865475654602051e-02,-8.477516472339630127e-02,-8.196878433227539062e-01,9.533779323101043701e-02,-5.648208260536193848e-01,0.000000000000000000e+00
9.663443267345428467e-02,-6.763295270502567291e-03,9.074846655130386353e-02,8.273936510086059570e-01,7.235449552536010742e-02,5.569421052932739258e-01,0.000000000000000000e+00
6.191699206829071045e-02,-1.604681760072708130e-01,-1.196538656949996948e-01,6.102256774902343750e-01,1.160461306571960449e-01,-7.836822867393493652e-01,0.000000000000000000e+00
-1.445865482091903687e-01,-2.139456570148468018e-01,-3.314128518104553223e-02,-9.904993176460266113e-01,4.496961459517478943e-02,-1.299572288990020752e-01,0.000000000000000000e+00
-1.100631579756736755e-01,7.209995985031127930e-01,2.128333598375320435e-02,-9.683217406272888184e-01,-1.417137682437896729e-01,2.055973559617996216e-01,0.000000000000000000e+00
3.649212792515754700e-02,1.136974710971117020e-02,1.280564516782760620e-01,2.829911112785339355e-01,-7.290188968181610107e-02,9.563479423522949219e-01,0.000000000000000000e+00
-4.737355932593345642e-02,5.475994348526000977e-01,9.920034557580947876e-02,-5.336712002754211426e-01,3.059175610542297363e-01,7.884221673011779785e-01,0.000000000000000000e+00
1.163392663002014160e-01,-7.148448228836059570e-01,2.315639751031994820e-03,9.992011785507202148e-01,-7.760266773402690887e-03,3.920223936438560486e-02,0.000000000000000000e+00
1.114917322993278503e-01,7.812027931213378906e-01,-1.030876711010932922e-01,5.700513720512390137e-01,2.552815340459346771e-02,-8.212123513221740723e-01,0.000000000000000000e+00
1.753662712872028351e-02,-6.229955703020095825e-02,1.315489560365676880e-01,1.639244854450225830e-01,-4.559200257062911987e-02,9.854187369346618652e-01,0.000000000000000000e+00
6.043119728565216064e-02,9.398494958877563477e-01,-6.139529123902320862e-02,2.895033657550811768e-01,-1.264811009168624878e-01,-9.487835764884948730e-01,0.000000000000000000e+00
8.482055366039276123e-02,9.632981419563293457e-01,4.475841298699378967e-02,9.088824987411499023e-01,1.568928956985473633e-01,3.864158987998962402e-01,0.000000000000000000e+00
2.444281615316867828e-02,2.349006831645965576e-01,-1.265546828508377075e-01,1.102581024169921875e-01,-1.157534420490264893e-01,-9.871394634246826172e-01,0.000000000000000000e+00
-1.332272440195083618e-01,8.972956240177154541e-02,3.363089635968208313e-02,-9.313432574272155762e-01,4.034779965877532959e-03,3.641201257705688477e-01,0.000000000000000000e+00
-8.111560717225074768e-03,-2.396355271339416504e-01,1.367892026901245117e-01,-1.209393050521612167e-02,4.680073261260986328e-02,9.988310337066650391e-01,0.000000000000000000e+00
-5.395514890551567078e-04,7.560691237449645996e-01,1.313965022563934326e-01,-4.290719330310821533e-01,-1.482539027929306030e-01,8.910207748413085938e-01,0.000000000000000000e+00
1.400509029626846313e-01,4.244475662708282471e-01,1.331673655658960342e-02,9.974842071533203125e-01,-4.008711874485015869e-02,5.846618115901947021e-02,0.000000000000000000e+00
-3.144875541329383850e-02,9.842094182968139648e-01,-4.084986075758934021e-02,-8.935981988906860352e-01,2.468864917755126953e-01,-3.748724758625030518e-01,0.000000000000000000e+00
6.810265779495239258e-02,-8.603473305702209473e-01,1.006983146071434021e-01,6.584291458129882812e-01,-1.483158320188522339e-01,7.378844618797302246e-01,0.000000000000000000e+00
1.273097842931747437e-01,-7.649582624435424805e-02,-2.472856827080249786e-02,9.817939996719360352e-01,-3.665486350655555725e-02,-1.863784193992614746e-01,0.000000000000000000e+00
5.772389844059944153e-02,-3.055665791034698486e-01,1.176870316267013550e-01,3.933940529823303223e-01,-7.788864523172378540e-02,9.160646796226501465e-01,0.000000000000000000e+00
-2.788597159087657928e-02,-7.045696973800659180e-01,1.382918059825897217e-01,-3.099819086492061615e-02,2.515085041522979736e-02,9.992029666900634766e-01,0.000000000000000000e+00
5.283251777291297913e-02,-1.559062451124191284e-01,1.142730861902236938e-01,5.933800339698791504e-01,2.309858240187168121e-02,8.045909404754638672e-01,0.000000000000000000e+00
-5.698226392269134521e-02,2.294953167438507080e-01,-1.199941486120223999e-01,-4.300316870212554932e-01,-2.211219072341918945e-02,-9.025429487228393555e-01,0.000000000000000000e+00
3.565995395183563232e-02,-5.407412648200988770e-01,1.254362016916275024e-01,4.389594495296478271e-01,1.130249351263046265e-01,8.913697004318237305e-01,0.000000000000000000e+00
4.139509797096252441e-02,9.901050925254821777e-01,-6.463222950696945190e-02,2.534559965133666992e-01,6.381897926330566406e-01,-7.269620895385742188e-01,0.000000000000000000e+00
-1.114195957779884338e-02,7.683470249176025391e-01,-1.307658851146697998e-01,-2.512212991714477539e-01,-3.363527730107307434e-02,-9.673451185226440430e-01,0.000000000000000000e+00
5.138759315013885498e-02,4.970785975456237793e-02,-1.264121234416961670e-01,-1.149525344371795654e-01,9.341044723987579346e-02,-9.889693856239318848e-01,0.000000000000000000e+00
1.008768305182456970e-01,5.069724917411804199e-01,9.220515191555023193e-02,7.138496041297912598e-01,1.230223998427391052e-01,6.894086003303527832e-01,0.000000000000000000e+00
-6.232271343469619751e-02,7.635680586099624634e-02,1.181190088391304016e-01,-5.265208482742309570e-01,-1.052044555544853210e-01,8.436277508735656738e-01,0.000000000000000000e+00
-1.315436214208602905e-01,-6.155251264572143555e-01,9.245327860116958618e-02,-7.811695933341979980e-01,2.780603766441345215e-01,5.589780807495117188e-01,0.000000000000000000e+00
5.009681452065706253e-03,1.867399513721466064e-01,-1.338870227336883545e-01,-1.214978247880935669e-01,-3.446756005287170410e-01,-9.308260083198547363e-01,0.000000000000000000e+00
-1.344415545463562012e-01,-2.801499143242835999e-02,-4.256181046366691589e-02,-9.692031741142272949e-01,-1.316709350794553757e-02,-2.459102869033813477e-01,0.000000000000000000e+00
-5.615258589386940002e-02,6.627169251441955566e-01,-1.071877181529998779e-01,-5.133301019668579102e-01,2.926369383931159973e-02,-8.576921224594116211e-01,0.000000000000000000e+00
5.169082805514335632e-02,8.962329030036926270e-01,-1.075429543852806091e-01,-3.666972275823354721e-03,8.816150426864624023e-01,-4.719549119472503662e-01,0.000000000000000000e+00
-1.590544134378433228e-01,-8.693571090698242188e-01,6.930832751095294952e-03,-1.727895438671112061e-01,-9.849348664283752441e-01,-6.864943075925111771e-03,0.000000000000000000e+00
1.158158183097839355e-01,-7.137596011161804199e-01,9.470959194004535675e-03,9.902929663658142090e-01,-2.776236506178975105e-04,1.389956921339035034e-01,0.000000000000000000e+00
-8.022468537092208862e-02,-7.767264246940612793e-01,1.083326153457164764e-02,5.169602483510971069e-02,-9.913883805274963379e-01,-1.203189492225646973e-01,0.000000000000000000e+00
-1.346398890018463135e-02,3.326126337051391602e-01,-1.255976408720016479e-01,-1.960506588220596313e-01,3.090257346630096436e-01,-9.306273460388183594e-01,0.000000000000000000e+00
-8.530588448047637939e-02,-8.155240416526794434e-01,-8.969118446111679077e-02,7.180900573730468750e-01,-1.322032958269119263e-01,6.832780838012695312e-01,0.000000000000000000e+00
9.618411213159561157e-02,-3.006287217140197754e-01,7.919647544622421265e-02,8.638580441474914551e-01,8.468136936426162720e-02,4.965665340423583984e-01,0.000000000000000000e+00
8.175610005855560303e-02,-4.050393104553222656e-01,-1.045952439308166504e-01,7.629870176315307617e-01,1.155944466590881348e-01,-6.359943151473999023e-01,0.000000000000000000e+00
-1.661714017391204834e-01,-7.053782939910888672e-01,1.665912382304668427e-02,-9.926579594612121582e-01,4.417937994003295898e-02,1.125983819365501404e-01,0.000000000000000000e+00
-9.459997713565826416e-02,3.801268339157104492e-01,-8.341844379901885986e-02,-8.118371367454528809e-01,3.526908159255981445e-02,-5.828177332878112793e-01,0.000000000000000000e+00
1.227235123515129089e-01,4.828736186027526855e-01,6.791225820779800415e-02,8.287917971611022949e-01,4.857590887695550919e-03,5.595360398292541504e-01,0.000000000000000000e+00
8.302032947540283203e-02,-7.071934938430786133e-01,-9.670962393283843994e-02,7.922417521476745605e-01,2.018444798886775970e-02,-6.098734140396118164e-01,0.000000000000000000e+00
2.121146582067012787e-02,-8.013242483139038086e-01,4.809360951185226440e-02,-1.950379908084869385e-01,-3.084501922130584717e-01,-9.310309886932373047e-01,0.000000000000000000e+00
4.580290243029594421e-02,4.788599908351898193e-01,-1.274548619985580444e-01,2.547838091850280762e-01,-1.854124478995800018e-02,-9.668202400207519531e-01,0.000000000000000000e+00
-1.336066424846649170e-01,9.183731675148010254e-02,2.916233055293560028e-02,-9.992551803588867188e-01,2.659378759562969208e-02,-2.796147577464580536e-02,0.000000000000000000e+00
-2.033425495028495789e-02,4.992912411689758301e-01,1.257954537868499756e-01,-1.855669915676116943e-01,1.447456926107406616e-01,9.719123244285583496e-01,0.000000000000000000e+00
1.214317008852958679e-01,3.826231658458709717e-01,-6.815781444311141968e-02,8.951985836029052734e-01,-5.398648232221603394e-02,-4.423855543136596680e-01,0.000000000000000000e+00
2.079474925994873047e-02,-2.256024777889251709e-01,1.297335922718048096e-01,2.961494028568267822e-01,2.062907665967941284e-01,9.325983524322509766e-01,0.000000000000000000e+00
-1.664429786615073681e-03,8.497532010078430176e-01,-1.379927992820739746e-01,-1.425098329782485962e-01,-8.318160474300384521e-02,-9.862919449806213379e-01,0.000000000000000000e+00
7.972787320613861084e-02,-6.180937960743904114e-02,-1.053970307111740112e-01,6.782077550888061523e-01,-6.827194243669509888e-02,-7.316920161247253418e-01,0.000000000000000000e+00
1.999653503298759460e-02,8.301151394844055176e-01,-1.389600634574890137e-01,-1.216002479195594788e-01,-4.460198804736137390e-02,-9.915765523910522461e-01,0.000000000000000000e+00
1.314137578010559082e-01,5.627619475126266479e-02,7.937941700220108032e-03,9.965779185295104980e-01,-5.688098026439547539e-04,8.265694975852966309e-02,0.000000000000000000e+00
-9.273558109998703003e-02,7.024668455123901367e-01,-6.832161545753479004e-02,-8.497039675712585449e-01,-7.174866646528244019e-02,-5.223554968833923340e-01,0.000000000000000000e+00
1.259804964065551758e-01,4.738656058907508850e-02,3.886723518371582031e-02,9.626522064208984375e-01,-2.772133052349090576e-02,2.693181633949279785e-01,0.000000000000000000e+00
9.481956064701080322e-02,-4.032101929187774658e-01,-9.060215204954147339e-02,7.065358757972717285e-01,7.569321244955062866e-02,-7.036175131797790527e-01,0.000000000000000000e+00
-9.710531681776046753e-03,7.302092909812927246e-01,1.282637268304824829e-01,-3.632707893848419189e-01,-5.794572457671165466e-02,9.298799037933349609e-01,0.000000000000000000e+00
-1.556780785322189331e-01,-4.405058622360229492e-01,1.506352797150611877e-02,-9.977154135704040527e-01,2.404859848320484161e-02,6.313160806894302368e-02,0.000000000000000000e+00
5.141322687268257141e-02,-7.942222356796264648e-01,-3.584689274430274963e-02,-2.409676313400268555e-01,-4.694183170795440674e-01,8.494592905044555664e-01,0.000000000000000000e+00
-5.850987881422042847e-02,-2.605994939804077148e-01,-1.351949870586395264e-01,-4.496052861213684082e-01,2.005972526967525482e-02,-8.930020928382873535e-01,0.000000000000000000e+00
-1.033530980348587036e-01,-6.833468079566955566e-01,-1.232398003339767456e-01,-5.817487239837646484e-01,5.323063954710960388e-02,-8.116248846054077148e-01,0.000000000000000000e+00
-3.456568345427513123e-02,-2.718056142330169678e-01,-1.372710615396499634e-01,-4.072262346744537354e-02,-3.820951581001281738e-01,-9.232252836227416992e-01,0.000000000000000000e+00
3.343403106555342674e-03,-5.051984786987304688e-01,1.355940699577331543e-01,1.870545148849487305e-01,4.316498339176177979e-02,9.814007282257080078e-01,0.000000000000000000e+00
-4.955987632274627686e-02,6.906805634498596191e-01,1.086150333285331726e-01,-5.206134319305419922e-01,-5.222958326339721680e-02,8.521934747695922852e-01,0.000000000000000000e+00
3.823959082365036011e-02,-4.471777081489562988e-01,-1.319686025381088257e-01,3.164968788623809814e-01,1.566343307495117188e-01,-9.355722069740295410e-01,0.000000000000000000e+00
-3.665656223893165588e-02,4.930680990219116211e-01,-1.217725500464439392e-01,-3.603227138519287109e-01,1.008179411292076111e-01,-9.273636341094970703e-01,0.000000000000000000e+00
3.477764874696731567e-02,7.687766551971435547e-01,-1.345110833644866943e-01,-4.655472561717033386e-02,-1.683027744293212891e-01,-9.846353530883789062e-01,0.000000000000000000e+00
5.614910274744033813e-02,-8.590468168258666992e-01,-1.222463846206665039e-01,5.976673960685729980e-01,-7.955320924520492554e-02,-7.977875471115112305e-01,0.000000000000000000e+00
-8.851338922977447510e-02,-5.513144731521606445e-01,-1.256251633167266846e-01,-4.807153642177581787e-01,2.994094789028167725e-01,-8.241763710975646973e-01,0.000000000000000000e+00
1.310084462165832520e-01,2.339709550142288208e-01,-4.415924102067947388e-02,9.811453819274902344e-01,-2.682045847177505493e-02,-1.914012879133224487e-01,0.000000000000000000e+00
1.303385943174362183e-01,6.233318895101547241e-02,-2.555844746530056000e-02,9.823404550552368164e-01,-2.716714888811111450e-02,-1.851194947957992554e-01,0.000000000000000000e+00
1.197680309414863586e-01,9.013213515281677246e-01,-1.033176556229591370e-01,6.403261423110961914e-01,3.393985033035278320e-01,-6.890508532524108887e-01,0.000000000000000000e+00
1.223658211529254913e-02,4.312115907669067383e-01,1.312819719314575195e-01,6.438840180635452271e-02,8.338887244462966919e-03,9.978900551795959473e-01,0.000000000000000000e+00
-1.223470643162727356e-01,5.614745989441871643e-02,-6.478031724691390991e-02,-9.013865590095520020e-01,1.805407367646694183e-02,-4.326387643814086914e-01,0.000000000000000000e+00
1.212345063686370850e-01,1.160872913897037506e-02,-5.812826380133628845e-02,9.095448851585388184e-01,-4.271424561738967896e-02,-4.134049415588378906e-01,0.000000000000000000e+00
1.364795863628387451e-01,5.952651500701904297e-01,1.493023242801427841e-02,8.224387168884277344e-01,3.492958247661590576e-01,4.489844143390655518e-01,0.000000000000000000e+00
-3.972890321165323257e-03,-8.231524229049682617e-01,8.170275390148162842e-02,3.898043036460876465e-01,-8.373182415962219238e-01,-3.833416104316711426e-01,0.000000000000000000e+00
-1.475738883018493652e-01,-7.334788441658020020e-01,-8.066413551568984985e-02,-8.551146984100341797e-01,6.288637965917587280e-02,-5.146106481552124023e-01,0.000000000000000000e+00
-8.020719140768051147e-02,7.529124021530151367e-01,8.676136285066604614e-02,-6.811575889587402344e-01,-1.655391305685043335e-01,7.131767868995666504e-01,0.000000000000000000e+00
1.214126944541931152e-01,-4.382605254650115967e-01,2.975558629259467125e-03,9.977759718894958496e-01,-8.604508824646472931e-03,6.609910726547241211e-02,0.000000000000000000e+00
-6.944167613983154297e-02,-7.947308421134948730e-01,-1.438073813915252686e-01,-2.936083376407623291e-01,4.185276105999946594e-02,-9.550091624259948730e-01,0.000000000000000000e+00
-6.317521631717681885e-02,-8.681037425994873047e-01,-1.385851949453353882e-01,-2.077379524707794189e-01,-6.619507670402526855e-01,-7.201848030090332031e-01,0.000000000000000000e+00
-8.811177313327789307e-02,7.994536757469177246e-01,8.281408995389938354e-02,-8.185991644859313965e-01,4.382875189185142517e-02,5.726905465126037598e-01,0.000000000000000000e+00
-8.839165419340133667e-02,-1.390308737754821777e-01,-1.138466075062751770e-01,-6.142006516456604004e-01,2.473332919180393219e-02,-7.887622117996215820e-01,0.000000000000000000e+00
-8.182517439126968384e-02,8.288606069982051849e-03,1.105848625302314758e-01,-6.049651503562927246e-01,1.610388457775115967e-01,7.797971963882446289e-01,0.000000000000000000e+00
-1.219361349940299988e-01,2.527645528316497803e-01,4.526714608073234558e-02,-9.355735778808593750e-01,-3.012561500072479248e-01,1.842466741800308228e-01,0.000000000000000000e+00
8.091479539871215820e-02,3.515315949916839600e-01,1.138720661401748657e-01,6.292588114738464355e-01,1.721303910017013550e-01,7.578948140144348145e-01,0.000000000000000000e+00
-4.354146867990493774e-02,-1.201285570859909058e-01,-1.337266862392425537e-01,-1.303082853555679321e-01,4.869177192449569702e-02,-9.902771711349487305e-01,0.000000000000000000e+00
6.084853038191795349e-02,9.850767254829406738e-01,-6.054113060235977173e-02,7.112891674041748047e-01,2.993581891059875488e-01,-6.359657049179077148e-01,0.000000000000000000e+00
6.363900005817413330e-02,-6.689094901084899902e-01,1.069822609424591064e-01,6.236198544502258301e-01,6.753752473741769791e-03,7.816985249519348145e-01,0.000000000000000000e+00
1.158835738897323608e-01,1.477774605154991150e-02,-6.937207281589508057e-02,7.377640008926391602e-01,9.684748202562332153e-02,-6.680755019187927246e-01,0.000000000000000000e+00
-1.171829700469970703e-01,-7.824878692626953125e-01,1.849703304469585419e-02,4.487091898918151855e-01,-3.394697904586791992e-01,-8.266924023628234863e-01,0.000000000000000000e+00
1.442429423332214355e-01,9.069564342498779297e-01,1.870435290038585663e-02,-4.971904754638671875e-01,8.672657608985900879e-01,-2.552804164588451385e-02,0.000000000000000000e+00
-1.375791281461715698e-01,-8.678789138793945312e-01,-3.437308222055435181e-02,5.683110356330871582e-01,-7.987879514694213867e-01,1.973838955163955688e-01,0.000000000000000000e+00
4.442525282502174377e-02,-7.851982712745666504e-01,-1.304586678743362427e-01,4.860192537307739258e-01,-6.061515305191278458e-03,-8.739270567893981934e-01,0.000000000000000000e+00
7.945105433464050293e-02,6.860087066888809204e-02,1.062876880168914795e-01,6.152538657188415527e-01,1.567250639200210571e-01,7.725929617881774902e-01,0.000000000000000000e+00
1.027307361364364624e-01,-1.836912781000137329e-01,7.971259951591491699e-02,8.741730451583862305e-01,-1.375825703144073486e-01,4.657171666622161865e-01,0.000000000000000000e+00
3.421344608068466187e-02,-8.663612008094787598e-01,-8.923754841089248657e-02,-7.769640684127807617e-01,-4.628115892410278320e-01,4.267695844173431396e-01,0.000000000000000000e+00
-1.163958162069320679e-01,-1.076631397008895874e-01,-8.280987292528152466e-02,-6.965815424919128418e-01,5.614110827445983887e-01,-4.467569291591644287e-01,0.000000000000000000e+00
5.762277916073799133e-02,5.551019310951232910e-01,1.042139381170272827e-01,4.540193378925323486e-01,3.721239864826202393e-01,8.095617294311523438e-01,0.000000000000000000e+00
-3.657942265272140503e-02,-5.485270023345947266e-01,-1.412278562784194946e-01,-3.537040054798126221e-01,5.223737955093383789e-01,-7.758988738059997559e-01,0.000000000000000000e+00
5.243106931447982788e-02,9.093140363693237305e-01,-7.481954991817474365e-02,3.314442336559295654e-01,8.315641880035400391e-01,-4.456969499588012695e-01,0.000000000000000000e+00
1.639277935028076172e-01,8.956338763236999512e-01,4.278546571731567383e-02,9.705436825752258301e-01,1.263851970434188843e-01,2.051139175891876221e-01,0.000000000000000000e+00
-2.557734772562980652e-02,1.929579228162765503e-01,1.297689378261566162e-01,-3.490472733974456787e-01,-8.179637603461742401e-03,9.370694160461425781e-01,0.000000000000000000e+00
-1.246629208326339722e-01,3.378325402736663818e-01,-1.370692439377307892e-02,-9.866299629211425781e-01,3.064031898975372314e-02,-1.600701063871383667e-01,0.000000000000000000e+00
-1.004241704940795898e-01,3.799979388713836670e-01,7.509450614452362061e-02,-8.346452116966247559e-01,2.808222174644470215e-02,5.500715970993041992e-01,0.000000000000000000e+00
-3.423089906573295593e-02,8.552290201187133789e-01,-1.281715035438537598e-01,-4.607563912868499756e-01,-5.850310903042554855e-03,-8.875073790550231934e-01,0.000000000000000000e+00
-9.543946012854576111e-03,-1.684523522853851318e-01,1.352373063564300537e-01,-8.654607087373733521e-02,-2.824813313782215118e-02,9.958472847938537598e-01,0.000000000000000000e+00
-5.587982386350631714e-02,-7.070979475975036621e-01,1.353417932987213135e-01,-2.560415863990783691e-01,2.480541914701461792e-02,9.663474559783935547e-01,0.000000000000000000e+00
5.246822163462638855e-02,-2.970345504581928253e-02,-1.283743381500244141e-01,3.353753685951232910e-01,5.640649795532226562e-02,-9.403944015502929688e-01,0.000000000000000000e+00
4.320916160941123962e-02,7.760929316282272339e-02,-1.338942646980285645e-01,3.655639886856079102e-01,1.451602280139923096e-01,-9.193973541259765625e-01,0.000000000000000000e+00
5.916120484471321106e-03,-2.663672864437103271e-01,-1.426409482955932617e-01,1.794590651988983154e-01,1.021893769502639771e-01,-9.784435629844665527e-01,0.000000000000000000e+00
-1.256138384342193604e-01,1.965831965208053589e-01,-3.819444403052330017e-02,-9.482529759407043457e-01,1.136877462267875671e-01,-2.964647710323333740e-01,0.000000000000000000e+00
-5.476727709174156189e-02,-9.922983124852180481e-03,1.255677044391632080e-01,-1.700439006090164185e-01,-1.069767549633979797e-01,9.796127080917358398e-01,0.000000000000000000e+00
1.462001800537109375e-01,6.667460203170776367e-01,-2.542052045464515686e-02,9.602575898170471191e-01,1.361970156431198120e-01,-2.436303049325942993e-01,0.000000000000000000e+00
-1.441636234521865845e-01,-2.795704603195190430e-01,-4.342009872198104858e-02,-9.526515603065490723e-01,3.801293671131134033e-02,-3.016786277294158936e-01,0.000000000000000000e+00
-6.651954352855682373e-02,-8.190504312515258789e-01,7.107972353696823120e-02,-7.047790884971618652e-01,-2.951636612415313721e-01,-6.451084017753601074e-01,0.000000000000000000e+00
6.288946606218814850e-03,-6.912137866020202637e-01,1.338810771703720093e-01,2.220409810543060303e-01,2.698293142020702362e-02,9.746639132499694824e-01,0.000000000000000000e+00
5.033250898122787476e-02,3.424692451953887939e-01,1.254781186580657959e-01,2.284422665834426880e-01,8.842772990465164185e-02,9.695332050323486328e-01,0.000000000000000000e+00
-1.203909665346145630e-01,3.934718370437622070e-01,2.844273112714290619e-02,-9.790574908256530762e-01,2.973332069814205170e-02,2.014010101556777954e-01,0.000000000000000000e+00
-8.294942229986190796e-02,3.616166487336158752e-02,-1.180750206112861633e-01,-2.916661798954010010e-01,9.194169193506240845e-02,-9.520911574363708496e-01,0.000000000000000000e+00
-4.172392189502716064e-02,-8.052043318748474121e-01,-1.490852981805801392e-01,-7.230383902788162231e-02,2.542917057871818542e-02,-9.970584511756896973e-01,0.000000000000000000e+00
1.187716796994209290e-01,-3.641190230846405029e-01,-3.799244761466979980e-02,9.767354130744934082e-01,-3.269729763269424438e-02,-2.119405418634414673e-01,0.000000000000000000e+00
-1.195046827197074890e-01,-3.504985570907592773e-01,8.948084712028503418e-02,-7.342535257339477539e-01,9.513007849454879761e-02,6.721770763397216797e-01,0.000000000000000000e+00
1.377634108066558838e-01,4.004382193088531494e-01,-2.697318047285079956e-02,9.840068221092224121e-01,-4.405098780989646912e-02,-1.725979596376419067e-01,0.000000000000000000e+00
-8.034367859363555908e-02,5.600339919328689575e-02,1.104887425899505615e-01,-5.840087532997131348e-01,-9.253481775522232056e-02,8.064558506011962891e-01,0.000000000000000000e+00
1.250987499952316284e-01,-2.934500388801097870e-02,-4.273737221956253052e-02,9.788855314254760742e-01,-2.142648026347160339e-02,-2.032832056283950806e-01,0.000000000000000000e+00
2.498855255544185638e-02,8.975185751914978027e-01,9.465595334768295288e-02,3.259389847517013550e-02,9.112096428871154785e-01,4.106514453887939453e-01,0.000000000000000000e+00
-1.664418578147888184e-01,-6.863880753517150879e-01,-7.604004349559545517e-03,-9.994013905525207520e-01,3.076066635549068451e-02,-1.583120413124561310e-02,0.000000000000000000e+00
8.787176012992858887e-02,1.707961857318878174e-01,1.002453938126564026e-01,7.384517788887023926e-01,-2.249184250831604004e-02,6.739311218261718750e-01,0.000000000000000000e+00
1.323635429143905640e-01,8.133634328842163086e-01,8.465252816677093506e-02,6.139721870422363281e-01,-2.260275930166244507e-01,7.562735080718994141e-01,0.000000000000000000e+00
-1.129440516233444214e-01,8.297219872474670410e-01,-2.612752839922904968e-02,-9.827101826667785645e-01,-6.623314321041107178e-02,-1.728983372449874878e-01,0.000000000000000000e+00
8.178056776523590088e-02,-5.074964761734008789e-01,-1.023378372192382812e-01,6.959012150764465332e-01,5.765212327241897583e-02,-7.158196568489074707e-01,0.000000000000000000e+00
-1.422288268804550171e-01,-1.595697402954101562e-01,3.806417435407638550e-02,-9.049993753433227539e-01,7.404497265815734863e-02,4.189193844795227051e-01,0.000000000000000000e+00
1.531555056571960449e-01,7.999519109725952148e-01,4.274241998791694641e-02,9.838955402374267578e-01,-4.365345835685729980e-02,1.733319163322448730e-01,0.000000000000000000e+00
8.675678819417953491e-02,3.140392899513244629e-01,-1.100074425339698792e-01,6.346720457077026367e-01,-9.825684875249862671e-02,-7.665095925331115723e-01,0.000000000000000000e+00
-1.490926593542098999e-01,-6.867853403091430664e-01,-7.339786738157272339e-02,-8.752494454383850098e-01,4.751109704375267029e-02,-4.813326299190521240e-01,0.000000000000000000e+00
-5.495728924870491028e-02,3.982906639575958252e-01,1.149255186319351196e-01,-5.150789618492126465e-01,3.858374804258346558e-02,8.562738895416259766e-01,0.000000000000000000e+00
-1.143760755658149719e-01,-5.506556034088134766e-01,-1.094859465956687927e-01,-7.250894308090209961e-01,5.035966262221336365e-02,-6.868109107017517090e-01,0.000000000000000000e+00
2.241451293230056763e-02,6.068305373191833496e-01,1.215400695800781250e-01,-5.840361490845680237e-02,-1.177830398082733154e-01,9.913204312324523926e-01,0.000000000000000000e+00
7.872472517192363739e-03,8.450980782508850098e-01,-1.389416754245758057e-01,-1.216771751642227173e-01,-1.014092043042182922e-01,-9.873757362365722656e-01,0.000000000000000000e+00
-2.224534004926681519e-02,3.948685526847839355e-01,1.275556087493896484e-01,-2.491728067398071289e-01,2.128757163882255554e-02,9.682250618934631348e-01,0.000000000000000000e+00
-3.442713618278503418e-02,2.390761077404022217e-01,-1.298713088035583496e-01,-2.928958833217620850e-01,2.547767944633960724e-02,-9.558048248291015625e-01,0.000000000000000000e+00
-1.320293396711349487e-01,-8.449612855911254883e-01,1.622870936989784241e-02,9.230597019195556641e-01,-3.835679292678833008e-01,2.892134897410869598e-02,0.000000000000000000e+00
5.734002590179443359e-02,3.313836455345153809e-01,-1.240754202008247375e-01,1.171302646398544312e-01,-2.240983843803405762e-01,-9.675021767616271973e-01,0.000000000000000000e+00
1.357408016920089722e-01,3.964503109455108643e-01,3.350626677274703979e-02,9.739508628845214844e-01,-3.413560334593057632e-03,2.267333567142486572e-01,0.000000000000000000e+00
9.401009231805801392e-02,1.893533766269683838e-01,9.400412440299987793e-02,7.391302585601806641e-01,-1.627595350146293640e-02,6.733658313751220703e-01,0.000000000000000000e+00
1.317785978317260742e-01,3.331639170646667480e-01,-4.736874625086784363e-02,8.867318034172058105e-01,1.210120320320129395e-01,-4.461645781993865967e-01,0.000000000000000000e+00
7.878246158361434937e-02,-2.805426716804504395e-01,9.733074158430099487e-02,8.109429478645324707e-01,9.690409898757934570e-02,5.770452022552490234e-01,0.000000000000000000e+00
-1.347232758998870850e-01,-1.280939429998397827e-01,4.830163344740867615e-02,-9.011907577514648438e-01,-1.291370689868927002e-01,4.137375950813293457e-01,0.000000000000000000e+00
-4.001457616686820984e-02,1.630141958594322205e-02,-1.331325173377990723e-01,-2.847851812839508057e-01,1.704721711575984955e-02,-9.584397673606872559e-01,0.000000000000000000e+00
3.455946967005729675e-02,-4.569985568523406982e-01,-1.320521980524063110e-01,1.221684664487838745e-01,-1.614343225955963135e-01,-9.792925119400024414e-01,0.000000000000000000e+00
-6.492640078067779541e-02,2.909595370292663574e-01,-1.161860898137092590e-01,-5.960826873779296875e-01,6.637515127658843994e-02,-8.001748323440551758e-01,0.000000000000000000e+00
9.044226258993148804e-02,-5.007849335670471191e-01,8.581123501062393188e-02,8.408090472221374512e-01,-2.042238600552082062e-03,5.413280129432678223e-01,0.000000000000000000e+00
-9.314252436161041260e-02,-1.091011613607406616e-01,-1.109839007258415222e-01,-6.110369563102722168e-01,2.060481309890747070e-01,-7.643153667449951172e-01,0.000000000000000000e+00
1.192483082413673401e-01,8.918565511703491211e-01,1.142839267849922180e-01,4.531206488609313965e-01,-2.892559766769409180e-01,8.432156443595886230e-01,0.000000000000000000e+00
9.693632018752396107e-04,5.066574215888977051e-01,1.287146210670471191e-01,-1.016279011964797974e-01,2.463881224393844604e-01,9.638281464576721191e-01,0.000000000000000000e+00
-1.537332981824874878e-01,-6.306800842285156250e-01,4.689644277095794678e-02,-9.290121197700500488e-01,1.110553443431854248e-01,3.529917299747467041e-01,0.000000000000000000e+00
-5.982463061809539795e-02,-8.305174708366394043e-01,-9.184981882572174072e-02,-4.582567512989044189e-01,-1.043702512979507446e-01,8.826707005500793457e-01,0.000000000000000000e+00
-1.967225223779678345e-02,-4.909901022911071777e-01,1.362387537956237793e-01,5.258421227335929871e-02,1.559694111347198486e-01,9.863612055778503418e-01,0.000000000000000000e+00
1.823333586798980832e-04,-4.585223793983459473e-01,1.333359777927398682e-01,2.487644851207733154e-01,1.692902743816375732e-01,9.536545872688293457e-01,0.000000000000000000e+00
-1.305587738752365112e-01,-8.694942593574523926e-01,4.360000044107437134e-02,6.021283864974975586e-01,-7.319760918617248535e-01,-3.188297450542449951e-01,0.000000000000000000e+00
-1.213602051138877869e-01,-2.410405725240707397e-01,-8.745300024747848511e-02,-7.257162928581237793e-01,-6.504601240158081055e-02,-6.849123239517211914e-01,0.000000000000000000e+00
1.496456912718713284e-03,8.947221636772155762e-01,-1.424021720886230469e-01,-3.445228934288024902e-01,-3.192910254001617432e-01,-8.828120827674865723e-01,0.000000000000000000e+00
1.226077154278755188e-01,-9.108091704547405243e-03,4.521432891488075256e-02,9.513697028160095215e-01,-7.675487082451581955e-03,3.079557418823242188e-01,0.000000000000000000e+00
8.530156314373016357e-02,-6.445385813713073730e-01,-9.452371299266815186e-02,7.599086165428161621e-01,2.543486095964908600e-02,-6.495320796966552734e-01,0.000000000000000000e+00
-6.248651817440986633e-02,8.705151677131652832e-01,1.115551143884658813e-01,-6.891844868659973145e-01,-1.049757152795791626e-01,7.169412970542907715e-01,0.000000000000000000e+00
-2.846471779048442841e-02,-8.310932517051696777e-01,7.530213147401809692e-02,4.239889085292816162e-01,-7.901684939861297607e-02,-9.022138118743896484e-01,0.000000000000000000e+00
8.439330756664276123e-02,-8.751958608627319336e-01,-7.587817311286926270e-02,2.935247719287872314e-01,-9.278059601783752441e-01,-2.302591800689697266e-01,0.000000000000000000e+00
-5.786399543285369873e-02,3.992722034454345703e-01,1.131328046321868896e-01,-5.150789618492126465e-01,3.858374804258346558e-02,8.562738895416259766e-01,0.000000000000000000e+00
-7.874201983213424683e-02,4.437218308448791504e-01,9.697929024696350098e-02,-6.271136403083801270e-01,9.002775885164737701e-03,7.788757681846618652e-01,0.000000000000000000e+00
-3.175781294703483582e-02,9.374407529830932617e-01,-3.846122696995735168e-02,-7.767854332923889160e-01,6.885142531245946884e-03,-6.297277212142944336e-01,0.000000000000000000e+00
-9.354408830404281616e-03,3.331203460693359375e-01,1.314002126455307007e-01,-2.038799226284027100e-01,9.930703043937683105e-02,9.739461541175842285e-01,0.000000000000000000e+00
1.517390087246894836e-02,3.061722815036773682e-01,1.313834339380264282e-01,-1.986304968595504761e-01,-1.432046592235565186e-01,9.695557355880737305e-01,0.000000000000000000e+00
-3.419207036495208740e-02,-8.043516278266906738e-01,-7.755489647388458252e-02,-1.600304692983627319e-01,-3.563962280750274658e-01,9.205281138420104980e-01,0.000000000000000000e+00
1.954670995473861694e-03,-2.938690781593322754e-01,1.341467797756195068e-01,1.532397121191024780e-01,-1.308047119528055191e-02,9.881024956703186035e-01,0.000000000000000000e+00
-1.371616572141647339e-01,2.089693024754524231e-02,-1.545606460422277451e-02,-9.913235902786254883e-01,4.710965231060981750e-02,-1.227121651172637939e-01,0.000000000000000000e+00
1.797991245985031128e-02,9.050171375274658203e-01,1.268673688173294067e-01,1.549696922302246094e-01,3.756939768791198730e-01,-9.136949181556701660e-01,0.000000000000000000e+00
-1.511661987751722336e-02,-8.405517339706420898e-01,-1.500148177146911621e-01,4.933592304587364197e-02,-3.240678459405899048e-02,-9.982563853263854980e-01,0.000000000000000000e+00
1.038470938801765442e-01,-4.165179431438446045e-01,7.176890224218368530e-02,8.191371560096740723e-01,-2.179884612560272217e-01,5.305613875389099121e-01,0.000000000000000000e+00
-1.097634956240653992e-01,-8.554875850677490234e-01,-1.251938045024871826e-01,-5.843015909194946289e-01,-1.706246137619018555e-01,-7.933970689773559570e-01,0.000000000000000000e+00
-8.953434228897094727e-02,6.906206011772155762e-01,-7.481358200311660767e-02,-7.281225919723510742e-01,1.532183140516281128e-01,-6.681030392646789551e-01,0.000000000000000000e+00
3.865761309862136841e-02,8.080424666404724121e-01,-1.366902738809585571e-01,1.247826740145683289e-01,-1.898321509361267090e-01,-9.738547205924987793e-01,0.000000000000000000e+00
7.159545086324214935e-03,-4.261263012886047363e-01,-1.410609036684036255e-01,2.134518772363662720e-01,8.213518559932708740e-02,-9.734947681427001953e-01,0.000000000000000000e+00
-1.341865360736846924e-01,1.067144274711608887e-01,1.311308611184358597e-02,-9.939404129981994629e-01,5.341714993119239807e-02,9.606818109750747681e-02,0.000000000000000000e+00
5.383104085922241211e-03,-4.188826382160186768e-01,1.326346993446350098e-01,2.813883721828460693e-01,-9.212116152048110962e-02,9.551619291305541992e-01,0.000000000000000000e+00
8.210903964936733246e-03,-8.740264177322387695e-01,1.188214570283889771e-01,1.541385501623153687e-01,-9.264428615570068359e-01,3.434310853481292725e-01,0.000000000000000000e+00
1.146504282951354980e-01,-2.537737786769866943e-01,5.315979570150375366e-02,9.538810253143310547e-01,-2.140151895582675934e-02,2.994210124015808105e-01,0.000000000000000000e+00
-1.133321598172187805e-01,2.616657614707946777e-01,6.313673406839370728e-02,-7.883471250534057617e-01,-3.518036752939224243e-02,6.142240166664123535e-01,0.000000000000000000e+00
1.299473047256469727e-01,2.798496782779693604e-01,-5.368156731128692627e-02,9.774768352508544922e-01,-1.619464717805385590e-02,-2.104205042123794556e-01,0.000000000000000000e+00
2.864702232182025909e-02,3.397189825773239136e-02,-1.322520524263381958e-01,3.662396669387817383e-01,1.668844372034072876e-01,-9.154332876205444336e-01,0.000000000000000000e+00
-1.511907279491424561e-01,-8.549742698669433594e-01,7.595594227313995361e-02,-8.366259336471557617e-01,-2.461360245943069458e-01,4.893609285354614258e-01,0.000000000000000000e+00
-1.233050897717475891e-01,3.730445802211761475e-01,-8.600540459156036377e-03,-9.960088133811950684e-01,4.354169592261314392e-02,-7.791416347026824951e-02,0.000000000000000000e+00
2.550619095563888550e-02,-6.902232170104980469e-01,-1.377938985824584961e-01,3.206466436386108398e-01,-8.155485615134239197e-03,-9.471637606620788574e-01,0.000000000000000000e+00
2.076815254986286163e-02,-8.740071058273315430e-01,-1.270356029272079468e-01,1.361202634871006012e-02,-9.732291102409362793e-01,-2.294336557388305664e-01,0.000000000000000000e+00
-8.677382953464984894e-03,-7.528479695320129395e-01,-1.475121527910232544e-01,1.137540861964225769e-01,2.978455461561679840e-02,-9.930623769760131836e-01,0.000000000000000000e+00
-6.937088817358016968e-02,3.861342072486877441e-01,-1.075131893157958984e-01,-5.980864167213439941e-01,-1.359777525067329407e-02,-8.013162612915039062e-01,0.000000000000000000e+00
-1.188677027821540833e-01,-5.371383428573608398e-01,-1.047435030341148376e-01,-7.677364945411682129e-01,4.107155837118625641e-03,-6.407524943351745605e-01,0.000000000000000000e+00
-1.214670669287443161e-02,-8.762937970459461212e-03,-1.380960792303085327e-01,-5.163301713764667511e-03,2.043035440146923065e-02,-9.997779726982116699e-01,0.000000000000000000e+00
-1.214309483766555786e-01,-8.120849132537841797e-01,2.546893619000911713e-02,6.770437359809875488e-01,-2.641019821166992188e-01,-6.869220137596130371e-01,0.000000000000000000e+00
-2.266177907586097717e-02,-8.160028457641601562e-01,7.278569042682647705e-02,1.501724421977996826e-01,-4.589219689369201660e-01,-8.756933808326721191e-01,0.000000000000000000e+00
-1.524064540863037109e-01,-3.545818626880645752e-01,-1.756160147488117218e-02,-9.881254434585571289e-01,5.088985338807106018e-02,-1.449768841266632080e-01,0.000000000000000000e+00
-8.521482348442077637e-02,-8.708419799804687500e-01,1.145992651581764221e-01,-1.285648047924041748e-01,-9.678485393524169922e-01,2.161951214075088501e-01,0.000000000000000000e+00
4.662202298641204834e-02,5.538947582244873047e-01,1.094037666916847229e-01,3.529751598834991455e-01,2.042351514101028442e-01,9.130698442459106445e-01,0.000000000000000000e+00
9.246934205293655396e-02,6.455258131027221680e-01,1.014366969466209412e-01,6.030963659286499023e-01,-3.005628883838653564e-01,7.388752698898315430e-01,0.000000000000000000e+00
9.195908904075622559e-02,-8.555914759635925293e-01,7.224977761507034302e-02,8.493402004241943359e-01,-5.472565442323684692e-02,5.250012874603271484e-01,0.000000000000000000e+00
-5.352305620908737183e-02,7.790920138359069824e-01,-1.131319403648376465e-01,-5.941302776336669922e-01,1.596002839505672455e-02,-8.042104840278625488e-01,0.000000000000000000e+00
6.938686128705739975e-03,5.941585898399353027e-01,1.205518245697021484e-01,3.537822887301445007e-02,8.098834007978439331e-02,9.960869550704956055e-01,0.000000000000000000e+00
4.422834143042564392e-02,-5.988853573799133301e-01,1.167325749993324280e-01,4.605361521244049072e-01,-1.194269806146621704e-01,8.795701265335083008e-01,0.000000000000000000e+00
-5.415412038564682007e-02,3.727650344371795654e-01,1.161988601088523865e-01,-4.649461805820465088e-01,4.718126356601715088e-02,8.840808868408203125e-01,0.000000000000000000e+00
4.989055544137954712e-02,-8.759031891822814941e-01,8.967967331409454346e-02,-3.131316229701042175e-02,-9.935880303382873535e-01,1.086384132504463196e-01,0.000000000000000000e+00
-5.254339892417192459e-03,-6.007826700806617737e-02,1.342169493436813354e-01,-8.513770252466201782e-02,6.090491078794002533e-03,9.963505864143371582e-01,0.000000000000000000e+00
1.176985949277877808e-01,-5.257257223129272461e-01,-2.850056998431682587e-02,9.797649979591369629e-01,-3.587170969694852829e-03,-2.001192718744277954e-01,0.000000000000000000e+00
-3.722824156284332275e-02,-7.906486392021179199e-01,5.644508078694343567e-02,-1.452030241489410400e-01,-7.517144680023193359e-01,-6.433051228523254395e-01,0.000000000000000000e+00
-1.315105855464935303e-01,-2.038525193929672241e-01,6.711649149656295776e-02,-9.370945692062377930e-01,-2.328970283269882202e-01,2.600245475769042969e-01,0.000000000000000000e+00
1.304559111595153809e-01,8.300876617431640625e-01,-8.822841197252273560e-02,7.057241797447204590e-01,9.097680449485778809e-02,-7.026212811470031738e-01,0.000000000000000000e+00
-9.313990920782089233e-02,6.058081984519958496e-01,-5.271707475185394287e-02,-9.044664502143859863e-01,8.385499566793441772e-02,-4.182209968566894531e-01,0.000000000000000000e+00
1.384102404117584229e-01,4.522347748279571533e-01,-2.902801334857940674e-02,9.645833373069763184e-01,-1.164187863469123840e-02,-2.635211646556854248e-01,0.000000000000000000e+00
-1.581511944532394409e-01,-8.671785593032836914e-01,3.999704122543334961e-02,-4.960107803344726562e-01,-8.467856049537658691e-01,1.921650171279907227e-01,0.000000000000000000e+00
-8.664336055517196655e-02,2.568423449993133545e-01,-1.023594439029693604e-01,-7.165836691856384277e-01,8.504941314458847046e-02,-6.922965049743652344e-01,0.000000000000000000e+00
-7.944055646657943726e-02,-8.160339593887329102e-01,-9.407532960176467896e-02,4.928703606128692627e-01,-3.154713213443756104e-01,8.108986616134643555e-01,0.000000000000000000e+00
1.111397817730903625e-01,6.840838789939880371e-01,-9.603619575500488281e-02,7.712547183036804199e-01,1.870327144861221313e-01,-6.084282398223876953e-01,0.000000000000000000e+00
9.238898754119873047e-02,-2.677581906318664551e-01,8.531047403812408447e-02,6.664447784423828125e-01,-6.277918815612792969e-02,7.429065704345703125e-01,0.000000000000000000e+00
2.409249357879161835e-02,-5.412290617823600769e-02,1.310200691223144531e-01,2.335110604763031006e-01,-1.991408765316009521e-01,9.517434239387512207e-01,0.000000000000000000e+00
6.787889450788497925e-02,1.326981186866760254e-01,-1.205942705273628235e-01,3.662634789943695068e-01,3.110299706459045410e-01,-8.769899606704711914e-01,0.000000000000000000e+00
1.176496818661689758e-01,-6.413073539733886719e-01,-6.576484534889459610e-03,9.997959733009338379e-01,-1.882817968726158142e-02,-7.312670350074768066e-03,0.000000000000000000e+00
6.712495535612106323e-02,3.686507791280746460e-02,1.099805459380149841e-01,8.080255985260009766e-01,-3.114498853683471680e-01,5.000935792922973633e-01,0.000000000000000000e+00
3.216347470879554749e-02,-5.994889140129089355e-01,1.229854747653007507e-01,4.632635712623596191e-01,-1.207978203892707825e-01,8.779491782188415527e-01,0.000000000000000000e+00
-9.766897559165954590e-02,7.645429968833923340e-01,-6.534669548273086548e-02,-9.037217497825622559e-01,-5.134537350386381149e-03,-4.280895590782165527e-01,0.000000000000000000e+00
5.751706287264823914e-02,1.572510153055191040e-01,1.201663836836814880e-01,2.910433411598205566e-01,1.029545441269874573e-01,9.511541128158569336e-01,0.000000000000000000e+00
1.809291914105415344e-02,3.844960033893585205e-01,1.314015090465545654e-01,8.363223075866699219e-02,1.779838651418685913e-02,9.963377118110656738e-01,0.000000000000000000e+00
-1.100386381149291992e-01,1.475117206573486328e-01,7.560029625892639160e-02,-7.767235040664672852e-01,1.112225502729415894e-01,6.199436783790588379e-01,0.000000000000000000e+00
-2.285829000174999237e-02,-2.688167393207550049e-01,-1.392437666654586792e-01,-3.048610389232635498e-01,1.481526941061019897e-01,-9.408031105995178223e-01,0.000000000000000000e+00
-1.334963589906692505e-01,4.841267317533493042e-02,3.816383704543113708e-02,-9.899362325668334961e-01,-9.254007786512374878e-02,1.070633977651596069e-01,0.000000000000000000e+00
-1.301168352365493774e-01,1.277925670146942139e-01,3.537452965974807739e-02,-9.845253825187683105e-01,7.203701883554458618e-02,1.597511023283004761e-01,0.000000000000000000e+00
1.265151947736740112e-01,2.764416337013244629e-01,5.436136201024055481e-02,9.499666690826416016e-01,-1.026522368192672729e-02,3.121825456619262695e-01,0.000000000000000000e+00
6.526716053485870361e-02,-8.395235538482666016e-01,1.054123565554618835e-01,7.238486409187316895e-01,-1.995117217302322388e-02,6.896702647209167480e-01,0.000000000000000000e+00
9.483325481414794922e-02,-2.314388006925582886e-01,8.674504607915878296e-02,6.546514034271240234e-01,-1.444309018552303314e-02,7.557929158210754395e-01,0.000000000000000000e+00
1.140013560652732849e-01,2.987050823867321014e-02,7.034831494092941284e-02,8.418279886245727539e-01,-2.563434541225433350e-01,4.749881029129028320e-01,0.000000000000000000e+00
-1.083644106984138489e-01,3.552860915660858154e-01,-6.243946775794029236e-02,-8.235687017440795898e-01,-1.216400489211082458e-01,-5.540201663970947266e-01,0.000000000000000000e+00
-1.543214023113250732e-01,-8.000979423522949219e-01,-7.628711313009262085e-02,-8.938719630241394043e-01,2.521530538797378540e-02,-4.476126134395599365e-01,0.000000000000000000e+00
-2.920595183968544006e-02,8.935467004776000977e-01,-7.356870174407958984e-02,-8.081653118133544922e-01,5.566595792770385742e-01,1.923509538173675537e-01,0.000000000000000000e+00
1.394997686147689819e-01,4.057007133960723877e-01,-1.810267940163612366e-02,9.952298402786254883e-01,-5.515065509825944901e-03,-9.740218520164489746e-02,0.000000000000000000e+00
-1.146087870001792908e-01,2.256684303283691406e-01,-6.383110582828521729e-02,-8.691875934600830078e-01,-2.987148705869913101e-03,-4.944734573364257812e-01,0.000000000000000000e+00
-5.022574588656425476e-02,8.939197063446044922e-01,1.258320808410644531e-01,-5.292266011238098145e-01,-2.263821065425872803e-01,8.177226781845092773e-01,0.000000000000000000e+00
-9.946612268686294556e-02,6.036397218704223633e-01,4.209604859352111816e-02,-8.788741230964660645e-01,-3.122522830963134766e-01,3.606643676757812500e-01,0.000000000000000000e+00
-6.498396396636962891e-02,8.537963628768920898e-01,1.103625893592834473e-01,-5.904310345649719238e-01,-2.342648245394229889e-02,8.067480325698852539e-01,0.000000000000000000e+00
9.703741967678070068e-02,-3.321331441402435303e-01,-8.797641098499298096e-02,7.384141087532043457e-01,-4.629728849977254868e-03,-6.743316054344177246e-01,0.000000000000000000e+00
9.736677748151123524e-04,4.586216509342193604e-01,1.312775015830993652e-01,-9.800105541944503784e-02,-1.774256676435470581e-02,9.950281381607055664e-01,0.000000000000000000e+00
-1.640528142452239990e-01,-8.247344493865966797e-01,4.946525394916534424e-02,-9.495740532875061035e-01,5.916991457343101501e-02,3.079091012477874756e-01,0.000000000000000000e+00
1.257341653108596802e-01,8.535391688346862793e-01,9.846393764019012451e-02,6.854535937309265137e-01,-4.798368364572525024e-02,7.265334725379943848e-01,0.000000000000000000e+00
-6.482857465744018555e-02,-8.108013272285461426e-01,-1.458229720592498779e-01,-2.729846835136413574e-01,6.710253655910491943e-03,-9.619950056076049805e-01,0.000000000000000000e+00
-4.692110524047166109e-04,8.018456101417541504e-01,1.364811062812805176e-01,-1.004322394728660583e-01,-5.867251381278038025e-02,9.932124018669128418e-01,0.000000000000000000e+00
-4.109082743525505066e-02,-6.085047721862792969e-01,1.353002935647964478e-01,7.247629109770059586e-03,-1.768145412206649780e-01,9.842175245285034180e-01,0.000000000000000000e+00
-1.196519061923027039e-01,3.981128036975860596e-01,3.060863539576530457e-02,-9.562008976936340332e-01,4.969777539372444153e-02,2.884614765644073486e-01,0.000000000000000000e+00
9.751924127340316772e-02,-5.858691930770874023e-01,7.438491284847259521e-02,5.079879164695739746e-01,-2.515687607228755951e-02,8.609967231750488281e-01,0.000000000000000000e+00
4.217680543661117554e-02,-1.827057898044586182e-01,-1.281717419624328613e-01,2.382189333438873291e-01,6.642779801040887833e-03,-9.711887836456298828e-01,0.000000000000000000e+00
1.343973875045776367e-01,1.605786681175231934e-01,-1.143185608088970184e-02,9.984798431396484375e-01,-3.190951794385910034e-02,-4.494195803999900818e-02,0.000000000000000000e+00
5.049445480108261108e-02,9.549416303634643555e-01,6.868480890989303589e-02,3.829701542854309082e-01,-6.164384633302688599e-02,9.217016100883483887e-01,0.000000000000000000e+00
-4.034276062157005072e-04,9.479566216468811035e-01,-6.700184196233749390e-02,-2.292023301124572754e-01,-1.215077750384807587e-02,-9.733029603958129883e-01,0.000000000000000000e+00
-1.471138559281826019e-02,1.305795609951019287e-01,-1.355218589305877686e-01,-1.359435021877288818e-01,1.299961805343627930e-01,-9.821509122848510742e-01,0.000000000000000000e+00
3.968742117285728455e-02,3.969533443450927734e-01,-1.292309314012527466e-01,2.466862648725509644e-01,8.641597814857959747e-03,-9.690568447113037109e-01,0.000000000000000000e+00
-2.440507337450981140e-02,1.840181415900588036e-03,1.326591521501541138e-01,-4.528112336993217468e-02,-3.220018371939659119e-02,9.984551668167114258e-01,0.000000000000000000e+00
-1.153722777962684631e-01,8.585012555122375488e-01,2.190169692039489746e-02,-9.850297570228576660e-01,-6.924042850732803345e-02,1.578673571348190308e-01,0.000000000000000000e+00
-2.488824538886547089e-02,9.080414772033691406e-01,7.625433802604675293e-02,-2.453112155199050903e-01,9.682906866073608398e-01,4.728219285607337952e-02,0.000000000000000000e+00
9.171559475362300873e-03,2.748286724090576172e-01,-1.336596757173538208e-01,1.949613541364669800e-01,-6.603819131851196289e-02,-9.785852432250976562e-01,0.000000000000000000e+00
-1.744335144758224487e-02,5.810689181089401245e-02,-1.354621499776840210e-01,-1.138492971658706665e-01,-1.808435842394828796e-02,-9.933333992958068848e-01,0.000000000000000000e+00
9.330271929502487183e-02,9.819080233573913574e-01,2.504063956439495087e-02,8.617928028106689453e-01,-1.965841948986053467e-01,4.676193296909332275e-01,0.000000000000000000e+00
1.190847679972648621e-01,-1.958040744066238403e-01,-5.225522443652153015e-02,9.563463330268859863e-01,3.048033080995082855e-02,-2.906418442726135254e-01,0.000000000000000000e+00
6.029490008950233459e-02,-8.001380562782287598e-01,3.327327221632003784e-02,-4.955781996250152588e-01,-9.517142921686172485e-02,-8.633334636688232422e-01,0.000000000000000000e+00
-3.445766866207122803e-02,-8.735947012901306152e-01,1.171824932098388672e-01,-5.044143274426460266e-02,-9.859929680824279785e-01,-1.589766889810562134e-01,0.000000000000000000e+00
8.910147845745086670e-02,5.189157724380493164e-01,-1.005728766322135925e-01,6.324931979179382324e-01,2.390663474798202515e-01,-7.367494106292724609e-01,0.000000000000000000e+00
6.981112807989120483e-02,2.745613753795623779e-01,-1.164028942584991455e-01,4.690661132335662842e-01,-1.713092476129531860e-01,-8.663891553878784180e-01,0.000000000000000000e+00
-1.268592923879623413e-01,3.120887577533721924e-01,-8.524511358700692654e-04,-9.983590841293334961e-01,5.353396013379096985e-02,-2.032958529889583588e-02,0.000000000000000000e+00
-1.264177560806274414e-01,3.231316804885864258e-01,6.397158838808536530e-03,-9.980511665344238281e-01,5.497366189956665039e-02,-2.952513471245765686e-02,0.000000000000000000e+00
9.314951300621032715e-02,-1.144605278968811035e-01,9.176895022392272949e-02,7.026809453964233398e-01,1.073126420378684998e-01,7.033658027648925781e-01,0.000000000000000000e+00
9.565217792987823486e-02,-8.271662592887878418e-01,-7.870467007160186768e-02,8.557813763618469238e-01,-1.944798789918422699e-02,-5.169720053672790527e-01,0.000000000000000000e+00
4.771621152758598328e-02,-6.526944041252136230e-01,1.156475841999053955e-01,4.046684503555297852e-01,2.251320928335189819e-01,8.863176703453063965e-01,0.000000000000000000e+00
-4.285460710525512695e-02,-7.619501352310180664e-01,1.392116099596023560e-01,-1.599621921777725220e-01,4.255740344524383545e-02,9.862053394317626953e-01,0.000000000000000000e+00
-6.530413031578063965e-02,4.818024039268493652e-01,-1.074890792369842529e-01,-6.437383294105529785e-01,1.225147917866706848e-01,-7.553747892379760742e-01,0.000000000000000000e+00
-1.473563257604837418e-02,3.667144477367401123e-01,1.294525265693664551e-01,-1.358423233032226562e-01,-1.864477060735225677e-02,9.905549883842468262e-01,0.000000000000000000e+00
1.094717755913734436e-01,9.049525260925292969e-01,4.866530373692512512e-02,9.737537056207656860e-02,8.598705530166625977e-01,-5.011393427848815918e-01,0.000000000000000000e+00
-1.297754943370819092e-01,1.513534039258956909e-01,-2.951210923492908478e-02,-9.796497821807861328e-01,4.822424612939357758e-03,-2.006565481424331665e-01,0.000000000000000000e+00
-7.620915770530700684e-02,-3.838500380516052246e-01,-1.265568435192108154e-01,-4.585097432136535645e-01,1.039165817201137543e-02,-8.886286020278930664e-01,0.000000000000000000e+00
-9.451138973236083984e-02,-2.876746952533721924e-01,1.123569384217262268e-01,-6.605801582336425781e-01,-3.318875730037689209e-01,6.734125614166259766e-01,0.000000000000000000e+00
4.471589997410774231e-02,5.397769808769226074e-01,1.151096448302268982e-01,2.000850141048431396e-01,3.670920133590698242e-01,9.084103703498840332e-01,0.000000000000000000e+00
1.418105512857437134e-01,7.724051475524902344e-01,6.134524568915367126e-02,9.533959031105041504e-01,-4.605136439204216003e-02,2.981870174407958984e-01,0.000000000000000000e+00
1.609270870685577393e-01,8.341764807701110840e-01,1.603911444544792175e-02,9.141200780868530273e-01,-4.045603573322296143e-01,2.674811333417892456e-02,0.000000000000000000e+00
-1.261369436979293823e-01,2.761331796646118164e-01,-1.953184045851230621e-02,-9.688254594802856445e-01,4.753549024462699890e-02,-2.431410402059555054e-01,0.000000000000000000e+00
-4.228895157575607300e-02,-4.685453176498413086e-01,1.367041468620300293e-01,-4.327723383903503418e-01,2.750064730644226074e-01,8.585333824157714844e-01,0.000000000000000000e+00
-5.811044014990329742e-03,-4.434534311294555664e-01,1.355533003807067871e-01,3.945068717002868652e-01,-5.869901925325393677e-02,9.170162081718444824e-01,0.000000000000000000e+00
-1.157164499163627625e-01,9.592950344085693359e-02,-7.855480164289474487e-02,-4.388650953769683838e-01,7.570815831422805786e-02,-8.953578472137451172e-01,0.000000000000000000e+00
-6.569582968950271606e-02,-1.790565997362136841e-01,1.239982321858406067e-01,-4.438483119010925293e-01,-1.865724660456180573e-02,8.959077000617980957e-01,0.000000000000000000e+00
-6.569328159093856812e-02,-1.840663552284240723e-01,-1.287385672330856323e-01,-4.908692240715026855e-01,-7.429428398609161377e-02,-8.680597543716430664e-01,0.000000000000000000e+00
-8.270648121833801270e-02,5.282366871833801270e-01,7.963297516107559204e-02,-7.535222172737121582e-01,3.242228925228118896e-01,5.719124078750610352e-01,0.000000000000000000e+00
7.992314547300338745e-02,1.157871820032596588e-02,1.000419855117797852e-01,4.207890331745147705e-01,1.980715990066528320e-01,8.852707147598266602e-01,0.000000000000000000e+00
-1.629585474729537964e-01,-6.998885273933410645e-01,3.182245790958404541e-02,-9.779117107391357422e-01,5.231956019997596741e-02,2.023645043373107910e-01,0.000000000000000000e+00
2.252194099128246307e-02,3.748865425586700439e-01,-1.310772299766540527e-01,8.442889899015426636e-02,-1.443849205970764160e-01,-9.859131574630737305e-01,0.000000000000000000e+00
6.392396241426467896e-02,1.121586635708808899e-01,1.175180897116661072e-01,-8.112634532153606415e-03,-1.869669854640960693e-01,9.823327064514160156e-01,0.000000000000000000e+00
-1.552229076623916626e-01,-4.183721840381622314e-01,1.944333128631114960e-02,-9.991812109947204590e-01,2.927247621119022369e-02,-2.792868949472904205e-02,0.000000000000000000e+00
-5.488615110516548157e-02,6.822473555803298950e-02,-1.275934129953384399e-01,-2.606074810028076172e-01,1.829184242524206638e-03,-9.654431343078613281e-01,0.000000000000000000e+00
-1.522241383790969849e-01,-4.693837463855743408e-01,-4.276727512478828430e-02,-9.614925980567932129e-01,3.755007311701774597e-02,-2.722535431385040283e-01,0.000000000000000000e+00
-6.239968538284301758e-02,-7.848749756813049316e-01,-6.075828522443771362e-02,1.203801780939102173e-01,-7.380972504615783691e-01,6.638682484626770020e-01,0.000000000000000000e+00
-3.256679698824882507e-02,-7.494097352027893066e-01,1.394401788711547852e-01,-6.657150574028491974e-03,2.253075130283832550e-02,9.997239708900451660e-01,0.000000000000000000e+00
-6.630932539701461792e-02,-8.556629717350006104e-02,1.209680736064910889e-01,-4.264584183692932129e-01,1.674805283546447754e-01,8.888664245605468750e-01,0.000000000000000000e+00
1.203948035836219788e-01,-3.596603572368621826e-01,-3.120008669793605804e-02,9.767354130744934082e-01,-3.269729763269424438e-02,-2.119405418634414673e-01,0.000000000000000000e+00
1.349639594554901123e-01,7.123999595642089844e-01,6.173039227724075317e-02,9.165527820587158203e-01,7.443971931934356689e-02,3.929246068000793457e-01,0.000000000000000000e+00
1.312765479087829590e-01,3.862755745649337769e-02,-1.233843062072992325e-02,9.980677366256713867e-01,-3.977160528302192688e-02,-4.773849248886108398e-02,0.000000000000000000e+00
-1.526682227849960327e-01,-7.401069998741149902e-01,6.455560028553009033e-02,-8.881865739822387695e-01,6.117396429181098938e-02,4.553925693035125732e-01,0.000000000000000000e+00
-1.133792102336883545e-01,7.261592745780944824e-01,-9.785091970115900040e-04,-9.825127124786376953e-01,-1.829899698495864868e-01,3.440166264772415161e-02,0.000000000000000000e+00
1.166699379682540894e-01,-5.674916505813598633e-01,-3.027760051190853119e-02,9.885357618331909180e-01,-1.469709258526563644e-02,-1.502699106931686401e-01,0.000000000000000000e+00
-1.838235557079315186e-02,9.829205870628356934e-01,-5.494533479213714600e-02,-5.893333554267883301e-01,-5.662054941058158875e-02,-8.059034347534179688e-01,0.000000000000000000e+00
1.837179996073246002e-02,-8.282217979431152344e-01,5.054094642400741577e-02,-2.068849951028823853e-01,-4.668913036584854126e-02,-9.772505760192871094e-01,0.000000000000000000e+00
-9.219387918710708618e-02,6.198515892028808594e-01,6.308698654174804688e-02,-7.058281302452087402e-01,-3.158712685108184814e-01,6.340599656105041504e-01,0.000000000000000000e+00
6.575796753168106079e-02,8.934710919857025146e-02,-1.221613436937332153e-01,5.827736854553222656e-01,7.275617867708206177e-02,-8.093709945678710938e-01,0.000000000000000000e+00
-1.701465994119644165e-02,-1.276464294642210007e-02,1.334863454103469849e-01,-5.934770405292510986e-02,7.277038693428039551e-02,9.955813884735107422e-01,0.000000000000000000e+00
-1.241874396800994873e-01,-8.235744237899780273e-01,1.059143915772438049e-01,-6.149581670761108398e-01,-1.433312892913818359e-03,7.885584235191345215e-01,0.000000000000000000e+00
-1.258904188871383667e-01,3.092437088489532471e-01,-1.225747819989919662e-02,-9.941542744636535645e-01,3.201078623533248901e-02,-1.031144112348556519e-01,0.000000000000000000e+00
1.322772651910781860e-01,3.751918077468872070e-01,-4.417724907398223877e-02,9.499014616012573242e-01,-1.295995991677045822e-02,-3.122807145118713379e-01,0.000000000000000000e+00
1.532777994871139526e-01,7.485433816909790039e-01,-5.101619753986597061e-03,9.634988307952880859e-01,-2.217046767473220825e-01,1.500567346811294556e-01,0.000000000000000000e+00
-3.962547704577445984e-02,6.796118021011352539e-01,-1.164250373840332031e-01,-5.030015110969543457e-01,-6.289919372648000717e-03,-8.642626404762268066e-01,0.000000000000000000e+00
-7.708588242530822754e-02,3.977924585342407227e-01,9.967267513275146484e-02,-6.281257867813110352e-01,6.334645673632621765e-03,7.780860066413879395e-01,0.000000000000000000e+00
9.033322334289550781e-02,2.581975609064102173e-02,-1.000417321920394897e-01,6.625503897666931152e-01,-6.708677113056182861e-02,-7.460069060325622559e-01,0.000000000000000000e+00
-1.514073610305786133e-01,-5.491214990615844727e-01,5.688093602657318115e-02,-8.255272507667541504e-01,1.305826455354690552e-01,5.490472316741943359e-01,0.000000000000000000e+00
6.625534594058990479e-02,-4.658778607845306396e-01,1.087673380970954895e-01,7.398546934127807617e-01,7.329433225095272064e-03,6.727267503738403320e-01,0.000000000000000000e+00
8.743374049663543701e-02,-3.590874969959259033e-01,-9.750954061746597290e-02,7.098110318183898926e-01,1.792016997933387756e-02,-7.041641473770141602e-01,0.000000000000000000e+00
6.236163526773452759e-02,5.461567640304565430e-01,1.056680306792259216e-01,4.540193378925323486e-01,3.721239864826202393e-01,8.095617294311523438e-01,0.000000000000000000e+00
7.420940697193145752e-02,-6.937628984451293945e-01,9.799928963184356689e-02,7.050998806953430176e-01,-3.395903110504150391e-02,7.082943916320800781e-01,0.000000000000000000e+00
7.052068412303924561e-02,7.598661780357360840e-01,-1.259707212448120117e-01,4.189032912254333496e-01,-1.529678851366043091e-01,-8.950535655021667480e-01,0.000000000000000000e+00
8.054614812135696411e-02,-1.552612334489822388e-01,9.655293822288513184e-02,3.845879137516021729e-01,-1.622214615345001221e-01,9.087223410606384277e-01,0.000000000000000000e+00
7.338211685419082642e-02,5.144824981689453125e-01,1.114837601780891418e-01,4.447637498378753662e-01,2.395669519901275635e-01,8.630138635635375977e-01,0.000000000000000000e+00
-8.300328254699707031e-02,5.832335352897644043e-01,-7.203216850757598877e-02,-7.175904512405395508e-01,7.347378134727478027e-02,-6.925789117813110352e-01,0.000000000000000000e+00
-2.977682836353778839e-02,7.828478813171386719e-01,-1.256830692291259766e-01,-3.262051641941070557e-01,-1.539779901504516602e-01,-9.326741099357604980e-01,0.000000000000000000e+00
-1.015845984220504761e-01,-7.991034984588623047e-01,-1.304937154054641724e-01,-4.959253370761871338e-01,3.972026333212852478e-02,-8.674562573432922363e-01,0.000000000000000000e+00
1.851188763976097107e-02,-6.160179972648620605e-01,-1.398423761129379272e-01,1.632315069437026978e-01,2.238616347312927246e-02,-9.863337874412536621e-01,0.000000000000000000e+00
-2.599682286381721497e-02,6.637771129608154297e-01,-1.229850053787231445e-01,-1.395705938339233398e-01,1.907117106020450592e-02,-9.900284409523010254e-01,0.000000000000000000e+00
-1.661336719989776611e-01,-7.110134959220886230e-01,-2.655083872377872467e-02,-9.799171090126037598e-01,4.314239323139190674e-02,-1.946824342012405396e-01,0.000000000000000000e+00
-1.472080796957015991e-01,-2.184662222862243652e-01,-1.466669328510761261e-02,-9.970914125442504883e-01,5.017270892858505249e-02,-5.737113580107688904e-02,0.000000000000000000e+00
9.639841318130493164e-02,-1.079913750290870667e-01,8.913217484951019287e-02,6.513952016830444336e-01,-5.894495174288749695e-02,7.564454674720764160e-01,0.000000000000000000e+00
-1.236958205699920654e-01,3.680107295513153076e-01,9.593766182661056519e-03,-9.911742806434631348e-01,1.008446142077445984e-01,8.604583144187927246e-02,0.000000000000000000e+00
4.263259842991828918e-02,-1.779900342226028442e-01,-1.281933188438415527e-01,2.446576505899429321e-01,-4.345482587814331055e-02,-9.686352610588073730e-01,0.000000000000000000e+00
-5.514411628246307373e-02,-8.473147153854370117e-01,7.279878109693527222e-02,-2.121384739875793457e-01,-5.388124585151672363e-01,-8.152781128883361816e-01,0.000000000000000000e+00
1.386440396308898926e-01,9.040291905403137207e-01,3.825007006525993347e-02,-3.378857672214508057e-01,9.399524331092834473e-01,4.819391667842864990e-02,0.000000000000000000e+00
5.884951353073120117e-02,8.667415380477905273e-02,-1.273759454488754272e-01,5.827736854553222656e-01,7.275617867708206177e-02,-8.093709945678710938e-01,0.000000000000000000e+00
7.004565000534057617e-02,5.001084804534912109e-01,1.163252815604209900e-01,4.946871697902679443e-01,1.153876334428787231e-01,8.613770008087158203e-01,0.000000000000000000e+00
-4.453337937593460083e-02,-8.157960176467895508e-01,1.398099362850189209e-01,-4.715015739202499390e-02,-1.209329534322023392e-02,9.988145828247070312e-01,0.000000000000000000e+00
8.783356100320816040e-02,4.196534305810928345e-02,-1.006303802132606506e-01,6.302779316902160645e-01,4.845916330814361572e-01,-6.065646409988403320e-01,0.000000000000000000e+00
1.041593551635742188e-01,-8.894284069538116455e-02,-8.299224078655242920e-02,1.574522554874420166e-01,-2.693244256079196930e-03,-9.875229001045227051e-01,0.000000000000000000e+00
6.114644929766654968e-02,7.936101555824279785e-01,1.323724687099456787e-01,3.277285397052764893e-01,6.424417346715927124e-02,9.425851106643676758e-01,0.000000000000000000e+00
9.787174314260482788e-02,-6.610010266304016113e-01,-7.588036358356475830e-02,8.634077310562133789e-01,-6.610735319554805756e-03,-5.044634938240051270e-01,0.000000000000000000e+00
-1.104854643344879150e-01,5.258718132972717285e-01,-2.077680081129074097e-02,-9.239696264266967773e-01,3.301099240779876709e-01,-1.931516826152801514e-01,0.000000000000000000e+00
-7.536524534225463867e-02,4.116810262203216553e-01,1.009486317634582520e-01,-6.281257867813110352e-01,6.334645673632621765e-03,7.780860066413879395e-01,0.000000000000000000e+00
-1.061029583215713501e-01,-4.016397893428802490e-01,-1.122157946228981018e-01,-5.826309919357299805e-01,1.829009950160980225e-01,-7.918891310691833496e-01,0.000000000000000000e+00
1.004404276609420776e-01,4.087992310523986816e-01,-9.606477618217468262e-02,7.073124051094055176e-01,-2.814546599984169006e-02,-7.063405513763427734e-01,0.000000000000000000e+00
1.191681921482086182e-01,1.386297643184661865e-01,6.444210559129714966e-02,9.255676865577697754e-01,1.353422179818153381e-02,3.783402144908905029e-01,0.000000000000000000e+00
-1.214816048741340637e-01,4.137283191084861755e-02,-6.710010766983032227e-02,-9.000154137611389160e-01,1.402995269745588303e-02,-4.356321990489959717e-01,0.000000000000000000e+00
1.103157326579093933e-01,8.576990365982055664e-01,-1.080016642808914185e-01,6.355515718460083008e-01,-3.948966264724731445e-01,-6.634235978126525879e-01,0.000000000000000000e+00
-1.765443384647369385e-02,-4.100108742713928223e-01,-1.402462422847747803e-01,-6.731568276882171631e-02,-1.407453119754791260e-01,-9.877547025680541992e-01,0.000000000000000000e+00
3.019669279456138611e-02,-3.338563069701194763e-02,1.294264495372772217e-01,3.469315171241760254e-01,1.764978915452957153e-01,9.211335778236389160e-01,0.000000000000000000e+00
8.261441439390182495e-02,-8.256326913833618164e-01,-9.787160158157348633e-02,7.859545946121215820e-01,-6.825917400419712067e-03,-6.182465553283691406e-01,0.000000000000000000e+00
-2.757726609706878662e-02,2.730356752872467041e-01,-1.339277774095535278e-01,-1.606409996747970581e-01,-1.405459940433502197e-01,-9.769551157951354980e-01,0.000000000000000000e+00
1.015598848462104797e-01,-5.097185969352722168e-01,-8.288474380970001221e-02,7.474335432052612305e-01,-1.375873200595378876e-02,-6.641941070556640625e-01,0.000000000000000000e+00
-1.514359265565872192e-01,-3.431726992130279541e-01,2.103761024773120880e-02,-9.966220855712890625e-01,3.553059697151184082e-02,7.404026389122009277e-02,0.000000000000000000e+00
1.117459982633590698e-01,7.664138078689575195e-01,1.030999198555946350e-01,6.255332827568054199e-01,-7.734715193510055542e-02,7.763540148735046387e-01,0.000000000000000000e+00
1.275049000978469849e-01,1.285846680402755737e-01,-5.512062832713127136e-02,9.245097637176513672e-01,2.478685975074768066e-02,-3.803516030311584473e-01,0.000000000000000000e+00
1.087582260370254517e-01,-1.578884571790695190e-01,7.100071012973785400e-02,8.503251671791076660e-01,1.126577779650688171e-01,5.140576958656311035e-01,0.000000000000000000e+00
-5.869212001562118530e-02,-3.614063560962677002e-01,-1.315952241420745850e-01,-2.090848684310913086e-01,5.047054961323738098e-02,-9.765942096710205078e-01,0.000000000000000000e+00
1.241628602147102356e-01,5.491384267807006836e-01,3.123138099908828735e-02,8.977790474891662598e-01,3.206604123115539551e-01,3.019432425498962402e-01,0.000000000000000000e+00
1.048785820603370667e-01,-5.372515916824340820e-01,-7.209196686744689941e-02,8.923501968383789062e-01,1.026654317975044250e-01,-4.395121037960052490e-01,0.000000000000000000e+00
3.649536520242691040e-02,9.267122745513916016e-01,7.160933315753936768e-02,1.504013687372207642e-01,1.993963867425918579e-01,9.683080911636352539e-01,0.000000000000000000e+00
-3.414596617221832275e-02,8.439943790435791016e-01,1.292244046926498413e-01,-2.049790620803833008e-01,-3.947838768362998962e-02,9.779698848724365234e-01,0.000000000000000000e+00
-9.719081223011016846e-02,7.191062569618225098e-01,-6.242424994707107544e-02,-9.336253404617309570e-01,-6.158339977264404297e-02,-3.529181182384490967e-01,0.000000000000000000e+00
-1.486338675022125244e-01,-4.595648646354675293e-01,-5.473777279257774353e-02,-9.775370955467224121e-01,6.041705235838890076e-02,-2.019182890653610229e-01,0.000000000000000000e+00
-4.395985044538974762e-03,-7.148038148880004883e-01,1.359944045543670654e-01,1.423626244068145752e-01,3.803121298551559448e-02,9.890836477279663086e-01,0.000000000000000000e+00
-1.093517318367958069e-01,-4.507983028888702393e-01,-1.122635975480079651e-01,-7.339414358139038086e-01,4.905816540122032166e-02,-6.774387955665588379e-01,0.000000000000000000e+00
-8.286614716053009033e-02,7.562931776046752930e-01,-8.724854141473770142e-02,-7.443122863769531250e-01,3.871334344148635864e-02,-6.667087078094482422e-01,0.000000000000000000e+00
-3.410767763853073120e-02,4.443056285381317139e-01,-1.243918389081954956e-01,-3.186794519424438477e-01,-5.103096365928649902e-03,-9.478487968444824219e-01,0.000000000000000000e+00
-9.001879394054412842e-02,-6.486065387725830078e-01,-1.293921023607254028e-01,-4.818020164966583252e-01,1.471591442823410034e-01,-8.638350367546081543e-01,0.000000000000000000e+00
1.407339423894882202e-01,4.978055059909820557e-01,-1.068457402288913727e-02,9.839140772819519043e-01,8.459048718214035034e-02,-1.573453247547149658e-01,0.000000000000000000e+00
-4.107272252440452576e-02,-5.143927335739135742e-01,-1.409701555967330933e-01,6.448020227253437042e-03,3.505943715572357178e-01,-9.365051984786987305e-01,0.000000000000000000e+00
1.262334287166595459e-01,-1.393108814954757690e-01,1.888222061097621918e-02,9.799810647964477539e-01,-2.763790450990200043e-02,1.971631497144699097e-01,0.000000000000000000e+00
1.383512169122695923e-01,3.510676920413970947e-01,1.386733818799257278e-02,9.959547519683837891e-01,-3.861818835139274597e-02,8.113424479961395264e-02,0.000000000000000000e+00
-1.098083034157752991e-01,3.022232651710510254e-01,6.915981322526931763e-02,-8.757413029670715332e-01,1.899458616971969604e-01,4.438442289829254150e-01,0.000000000000000000e+00
1.032146215438842773e-01,2.619458436965942383e-01,-9.132445603609085083e-02,7.828526496887207031e-01,1.490769721567630768e-02,-6.220285296440124512e-01,0.000000000000000000e+00
-9.967532008886337280e-03,-7.994719743728637695e-01,-6.232153996825218201e-02,1.481996756047010422e-02,-7.221364378929138184e-01,6.915918588638305664e-01,0.000000000000000000e+00
1.093040555715560913e-01,4.271655082702636719e-01,8.534417301416397095e-02,7.619584202766418457e-01,-2.535591088235378265e-02,6.471294164657592773e-01,0.000000000000000000e+00
1.330878436565399170e-01,8.977777361869812012e-01,-8.572705090045928955e-02,6.902538537979125977e-01,5.385904908180236816e-01,-4.831872284412384033e-01,0.000000000000000000e+00
-1.198592185974121094e-01,-1.964378803968429565e-01,8.680462837219238281e-02,-8.242895603179931641e-01,1.587206721305847168e-01,5.434651970863342285e-01,0.000000000000000000e+00
1.031784415245056152e-01,-8.757665157318115234e-01,-1.028062589466571808e-02,2.374345064163208008e-01,-9.711598753929138184e-01,-2.175541222095489502e-02,0.000000000000000000e+00
1.174419745802879333e-01,-6.158968806266784668e-01,-1.748566515743732452e-02,9.961507320404052734e-01,-2.866807579994201660e-02,-8.283601701259613037e-02,0.000000000000000000e+00
-5.881990492343902588e-02,1.103849634528160095e-01,-1.213906109333038330e-01,-5.932272076606750488e-01,6.798778474330902100e-02,-8.021590113639831543e-01,0.000000000000000000e+00
1.116468161344528198e-01,-5.614701509475708008e-01,-5.385691672563552856e-02,9.915087223052978516e-01,-1.520207803696393967e-02,-1.291486471891403198e-01,0.000000000000000000e+00
6.724758446216583252e-02,-4.299515485763549805e-01,-1.147064715623855591e-01,4.297606348991394043e-01,-6.401404738426208496e-02,-9.006708860397338867e-01,0.000000000000000000e+00
-1.336950063705444336e-02,-3.697159588336944580e-01,-1.410252302885055542e-01,-2.321584224700927734e-01,6.513071060180664062e-02,-9.704949855804443359e-01,0.000000000000000000e+00
-6.851471960544586182e-02,3.228062689304351807e-01,1.080973446369171143e-01,-4.878266453742980957e-01,1.369599848985671997e-01,8.621293902397155762e-01,0.000000000000000000e+00
1.127538830041885376e-01,-6.992295980453491211e-01,-3.664436936378479004e-02,9.705120325088500977e-01,3.049216000363230705e-03,-2.410334795713424683e-01,0.000000000000000000e+00
-1.287246793508529663e-01,8.375211805105209351e-02,4.215130954980850220e-02,-8.608077764511108398e-01,1.119634136557579041e-01,4.964616000652313232e-01,0.000000000000000000e+00
-1.642571538686752319e-01,-7.592972517013549805e-01,-4.745129495859146118e-02,-9.494664072990417480e-01,6.517630815505981445e-02,-3.070270419120788574e-01,0.000000000000000000e+00
-4.566236212849617004e-02,-3.915439546108245850e-01,1.302749961614608765e-01,-5.402750968933105469e-01,-3.491275608539581299e-01,7.656453251838684082e-01,0.000000000000000000e+00
3.655088320374488831e-02,9.192928671836853027e-03,-1.326604634523391724e-01,1.702162921428680420e-01,1.531240642070770264e-01,-9.734368920326232910e-01,0.000000000000000000e+00
4.441680852323770523e-03,-1.747040450572967529e-01,1.342356652021408081e-01,8.348938077688217163e-02,2.362507022917270660e-02,9.962285757064819336e-01,0.000000000000000000e+00
-1.110277771949768066e-01,5.284718871116638184e-01,3.176165977492928505e-03,-9.510653614997863770e-01,3.088143169879913330e-01,-1.041142269968986511e-02,0.000000000000000000e+00
9.876507520675659180e-02,1.585402060300111771e-03,8.923733234405517578e-02,6.564058661460876465e-01,1.114356145262718201e-01,7.461323142051696777e-01,0.000000000000000000e+00
-3.582883253693580627e-02,-8.685969114303588867e-01,9.624689817428588867e-02,2.828771173954010010e-01,-9.206773638725280762e-01,-2.689493596553802490e-01,0.000000000000000000e+00
1.366036981344223022e-01,3.530370295047760010e-01,2.525169029831886292e-02,9.766268134117126465e-01,-2.003603428602218628e-02,2.140060216188430786e-01,0.000000000000000000e+00
1.000873297452926636e-01,-3.718597888946533203e-01,-8.123103529214859009e-02,9.157964587211608887e-01,-9.715241193771362305e-02,-3.897155821323394775e-01,0.000000000000000000e+00
-1.235752031207084656e-01,1.579980701208114624e-01,5.185528099536895752e-02,-9.241932630538940430e-01,-3.221445367671549320e-04,3.819250166416168213e-01,0.000000000000000000e+00
-9.326001256704330444e-02,8.370267748832702637e-01,8.036840707063674927e-02,-7.144389748573303223e-01,2.561869565397500992e-03,6.996930837631225586e-01,0.000000000000000000e+00
1.128599420189857483e-01,5.567839741706848145e-01,-6.164181977510452271e-02,9.335607886314392090e-01,1.319150030612945557e-01,-3.332607448101043701e-01,0.000000000000000000e+00
7.134807109832763672e-02,9.031924605369567871e-01,-7.985033839941024780e-02,3.564848750829696655e-02,9.872437715530395508e-01,-1.551740020513534546e-01,0.000000000000000000e+00
-5.248782038688659668e-02,2.953692376613616943e-01,1.156805753707885742e-01,-4.850453138351440430e-01,2.062074095010757446e-01,8.498291373252868652e-01,0.000000000000000000e+00
1.287614703178405762e-01,5.436400175094604492e-01,1.645029895007610321e-02,9.393546581268310547e-01,3.202868402004241943e-01,1.225936710834503174e-01,0.000000000000000000e+00
8.391527831554412842e-02,-3.575879633426666260e-01,9.505878388881683350e-02,6.862220168113708496e-01,-2.337266458198428154e-03,7.273883819580078125e-01,0.000000000000000000e+00
1.263661980628967285e-01,-2.126566618680953979e-01,-4.855608101934194565e-03,9.999616146087646484e-01,-8.577479980885982513e-03,-1.791628892533481121e-03,0.000000000000000000e+00
2.225360646843910217e-02,-7.767285108566284180e-01,-3.225600719451904297e-02,-1.897350698709487915e-01,-9.761083722114562988e-01,1.058914288878440857e-01,0.000000000000000000e+00
-1.053405329585075378e-01,6.155830621719360352e-01,1.709010265767574310e-02,-9.752321243286132812e-01,-1.566025465726852417e-01,1.561984419822692871e-01,0.000000000000000000e+00
2.116759307682514191e-02,7.766277194023132324e-01,-1.354130208492279053e-01,-1.439551264047622681e-01,-3.710958361625671387e-02,-9.888881444931030273e-01,0.000000000000000000e+00
-1.637425422668457031e-01,-6.236812472343444824e-01,-3.728818846866488457e-03,-9.997187256813049316e-01,1.930588297545909882e-02,-1.377681642770767212e-02,0.000000000000000000e+00
-5.304930265992879868e-03,9.111611247062683105e-01,1.252376884222030640e-01,2.548263669013977051e-01,4.411452114582061768e-01,-8.604966402053833008e-01,0.000000000000000000e+00
1.102632582187652588e-01,8.950573205947875977e-01,1.723627559840679169e-02,4.112066924571990967e-01,8.776319026947021484e-01,2.463154792785644531e-01,0.000000000000000000e+00
-2.495986036956310272e-02,9.088876247406005859e-01,-1.188438907265663147e-01,2.853881120681762695e-01,8.731044530868530273e-01,3.952749371528625488e-01,0.000000000000000000e+00
1.648447364568710327e-01,8.546282649040222168e-01,1.030460745096206665e-02,9.438022971153259277e-01,-3.216634392738342285e-01,7.595957815647125244e-02,0.000000000000000000e+00
1.690209470689296722e-02,7.082251310348510742e-01,-1.311301440000534058e-01,-5.106450989842414856e-02,-8.671590685844421387e-02,-9.949234724044799805e-01,0.000000000000000000e+00
-3.643564134836196899e-02,-1.550163626670837402e-01,-1.375123411417007446e-01,-1.654268801212310791e-01,8.963517844676971436e-02,-9.821402430534362793e-01,0.000000000000000000e+00
3.802812099456787109e-02,-8.339053392410278320e-01,1.237050071358680725e-01,5.106080770492553711e-01,-2.067996934056282043e-02,8.595648407936096191e-01,0.000000000000000000e+00
1.034427508711814880e-01,6.299471855163574219e-02,8.855572342872619629e-02,6.232205033302307129e-01,-1.425892561674118042e-01,7.689372897148132324e-01,0.000000000000000000e+00
-5.096183344721794128e-02,-8.258519172668457031e-01,1.395010650157928467e-01,-4.463522136211395264e-02,2.280023135244846344e-02,9.987431168556213379e-01,0.000000000000000000e+00
1.342359185218811035e-01,6.813937425613403320e-01,5.898746475577354431e-02,9.310441613197326660e-01,-3.490454703569412231e-02,3.632333874702453613e-01,0.000000000000000000e+00
-1.148898229002952576e-01,8.340929150581359863e-01,-1.657615974545478821e-02,-9.857901334762573242e-01,-9.743092209100723267e-02,-1.368396133184432983e-01,0.000000000000000000e+00
-8.566576242446899414e-02,-3.067736923694610596e-01,-1.216498240828514099e-01,-2.792271673679351807e-01,-4.298678785562515259e-02,-9.592623710632324219e-01,0.000000000000000000e+00
-1.108439713716506958e-01,8.782685399055480957e-01,4.563820734620094299e-02,-9.350526928901672363e-01,-1.187377274036407471e-01,3.340327143669128418e-01,0.000000000000000000e+00
-1.441554874181747437e-01,-8.702018260955810547e-01,8.473725989460945129e-03,4.991236627101898193e-01,-8.656627535820007324e-01,-3.877575322985649109e-02,0.000000000000000000e+00
4.617089033126831055e-02,-3.814204335212707520e-01,-1.280418634414672852e-01,4.288590252399444580e-01,1.123484671115875244e-01,-8.963580727577209473e-01,0.000000000000000000e+00
3.967265784740447998e-02,-8.398970961570739746e-01,5.261179804801940918e-02,6.396777629852294922e-01,4.888200759887695312e-02,-7.670872807502746582e-01,0.000000000000000000e+00
1.025900617241859436e-01,4.638604521751403809e-01,9.402893483638763428e-02,7.529588937759399414e-01,9.797347709536552429e-03,6.579946279525756836e-01,0.000000000000000000e+00
-2.200567396357655525e-03,9.562622308731079102e-01,6.863069534301757812e-02,-4.962464869022369385e-01,-1.969691365957260132e-01,8.455427885055541992e-01,0.000000000000000000e+00
1.283252388238906860e-01,8.923278003931045532e-02,3.342419490218162537e-02,9.661868810653686523e-01,-3.269412368535995483e-02,2.557616829872131348e-01,0.000000000000000000e+00
-1.295655816793441772e-01,2.620972692966461182e-01,1.598041690886020660e-02,-9.909230470657348633e-01,3.002412058413028717e-02,-1.310344189405441284e-01,0.000000000000000000e+00
2.970173023641109467e-02,-5.087929591536521912e-02,1.303225308656692505e-01,2.335110604763031006e-01,-1.991408765316009521e-01,9.517434239387512207e-01,0.000000000000000000e+00
8.824475854635238647e-02,-5.444278717041015625e-01,-9.208553284406661987e-02,4.082909524440765381e-01,2.897966504096984863e-01,-8.656306266784667969e-01,0.000000000000000000e+00
-1.392733212560415268e-02,2.732555754482746124e-02,-1.363526731729507446e-01,-9.496938437223434448e-02,1.332845836877822876e-01,-9.865171313285827637e-01,0.000000000000000000e+00
-4.279163200408220291e-03,-2.209196090698242188e-01,-1.435077935457229614e-01,-1.106439828872680664e-01,-3.076906502246856689e-02,-9.933837056159973145e-01,0.000000000000000000e+00
1.603030413389205933e-01,8.281875252723693848e-01,-1.955001242458820343e-02,9.903250932693481445e-01,1.418950315564870834e-02,-1.380393356084823608e-01,0.000000000000000000e+00
1.119417473673820496e-01,-2.290478199720382690e-01,-6.723406910896301270e-02,8.895174264907836914e-01,-8.287761360406875610e-02,-4.493217468261718750e-01,0.000000000000000000e+00
1.081465482711791992e-01,-3.843853175640106201e-01,-6.786927580833435059e-02,8.522585034370422363e-01,9.008952975273132324e-02,-5.153050422668457031e-01,0.000000000000000000e+00
1.234987154603004456e-01,1.763245314359664917e-01,-6.489442288875579834e-02,9.470611810684204102e-01,2.170145697891712189e-02,-3.203188478946685791e-01,0.000000000000000000e+00
1.177442371845245361e-01,-2.809478044509887695e-01,-5.030915886163711548e-02,9.530253410339355469e-01,-3.807396395131945610e-03,-3.028666973114013672e-01,0.000000000000000000e+00
6.491293013095855713e-02,3.479341864585876465e-01,1.212978363037109375e-01,3.157713711261749268e-01,1.231035441160202026e-01,9.408155679702758789e-01,0.000000000000000000e+00
-1.322972625494003296e-01,1.744710206985473633e-01,-4.804442636668682098e-03,-9.987171292304992676e-01,2.588048577308654785e-02,4.352327063679695129e-02,0.000000000000000000e+00
6.963893026113510132e-02,-6.195909380912780762e-01,-1.126718074083328247e-01,7.389860153198242188e-01,-2.508512437343597412e-01,-6.252785921096801758e-01,0.000000000000000000e+00
4.507139325141906738e-02,-8.720734119415283203e-01,-1.211850792169570923e-01,3.383355736732482910e-01,-6.725769639015197754e-01,-6.581559777259826660e-01,0.000000000000000000e+00
6.297907326370477676e-03,9.980348944664001465e-01,-3.443014621734619141e-02,6.765000871382653713e-04,9.979490041732788086e-01,-6.400993466377258301e-02,0.000000000000000000e+00
1.349325925111770630e-01,7.184135913848876953e-01,-6.198265030980110168e-02,9.019639492034912109e-01,-1.459127962589263916e-01,-4.064117670059204102e-01,0.000000000000000000e+00
1.086980104446411133e-01,-4.740958809852600098e-01,6.029561534523963928e-02,9.186816215515136719e-01,1.641150191426277161e-02,3.946577608585357666e-01,0.000000000000000000e+00
-1.167323142290115356e-01,5.171076208353042603e-02,7.109200954437255859e-02,-8.125132322311401367e-01,5.571894347667694092e-02,5.802737474441528320e-01,0.000000000000000000e+00
1.239262595772743225e-01,-9.325648844242095947e-02,3.328294306993484497e-02,9.645346999168395996e-01,-3.706042096018791199e-02,2.613414525985717773e-01,0.000000000000000000e+00
-1.089230254292488098e-01,6.886511445045471191e-01,1.128403376787900925e-02,-9.998696446418762207e-01,-1.574238948523998260e-02,-3.588119056075811386e-03,0.000000000000000000e+00
-1.431459188461303711e-01,-2.068560868501663208e-01,3.999945893883705139e-02,-6.640564203262329102e-01,4.055081903934478760e-01,6.281657218933105469e-01,0.000000000000000000e+00
5.960364639759063721e-02,-8.021680116653442383e-01,-7.970886304974555969e-03,-6.622813344001770020e-01,-2.135469764471054077e-02,-7.489508390426635742e-01,0.000000000000000000e+00
1.005746424198150635e-01,-3.286747634410858154e-01,7.657027989625930786e-02,7.509796619415283203e-01,-1.466554775834083557e-02,6.601624488830566406e-01,0.000000000000000000e+00
-1.114971116185188293e-01,-3.258436024188995361e-01,9.498676657676696777e-02,-6.478553414344787598e-01,3.328470513224601746e-02,7.610358595848083496e-01,0.000000000000000000e+00
7.032629102468490601e-02,9.025819301605224609e-01,-1.141484379768371582e-01,-3.398778438568115234e-01,9.329727888107299805e-01,1.185110732913017273e-01,0.000000000000000000e+00
-8.028833568096160889e-02,-7.519996166229248047e-01,-1.384194046258926392e-01,-3.140990436077117920e-01,5.460167676210403442e-02,-9.478188157081604004e-01,0.000000000000000000e+00
-3.171535208821296692e-02,-2.925672233104705811e-01,-1.375744044780731201e-01,-1.292930543422698975e-01,3.372380733489990234e-01,-9.324986934661865234e-01,0.000000000000000000e+00
-1.053478494286537170e-01,6.604486107826232910e-01,-3.023804724216461182e-02,-9.671632051467895508e-01,-1.298219114542007446e-01,-2.184984385967254639e-01,0.000000000000000000e+00
-1.639761030673980713e-01,-8.416860699653625488e-01,5.098866671323776245e-02,-9.221184849739074707e-01,3.171952441334724426e-02,3.856051862239837646e-01,0.000000000000000000e+00
1.362011879682540894e-01,2.440400719642639160e-01,-1.306852512061595917e-02,9.932947754859924316e-01,-1.251059677451848984e-02,-1.149304509162902832e-01,0.000000000000000000e+00
9.127224981784820557e-02,4.072428643703460693e-01,1.026191264390945435e-01,6.250947117805480957e-01,-3.055512905120849609e-02,7.799506187438964844e-01,0.000000000000000000e+00
-1.108987778425216675e-01,3.401910960674285889e-01,-5.944559350609779358e-02,-8.140545487403869629e-01,5.035918205976486206e-02,-5.786010622978210449e-01,0.000000000000000000e+00
7.600705325603485107e-02,6.104012727737426758e-01,-1.106450036168098450e-01,5.529097318649291992e-01,-5.656142830848693848e-01,-6.118589043617248535e-01,0.000000000000000000e+00
4.097245261073112488e-02,7.144615054130554199e-02,1.290260404348373413e-01,2.397169768810272217e-01,-8.171601593494415283e-02,9.673976898193359375e-01,0.000000000000000000e+00
-6.718985736370086670e-02,8.018998503684997559e-01,-1.052714064717292786e-01,-7.126238942146301270e-01,-7.286909222602844238e-02,-6.977515816688537598e-01,0.000000000000000000e+00
8.143053948879241943e-02,-7.930819988250732422e-01,-9.961377084255218506e-02,7.676127552986145020e-01,-2.033988572657108307e-02,-6.405911445617675781e-01,0.000000000000000000e+00
3.352425247430801392e-02,4.933078587055206299e-01,-1.296102255582809448e-01,8.421160280704498291e-02,1.363391578197479248e-01,-9.870765209197998047e-01,0.000000000000000000e+00
-9.643107652664184570e-02,5.444911718368530273e-01,-4.347798228263854980e-02,-8.669531941413879395e-01,3.911287784576416016e-01,-3.088857233524322510e-01,0.000000000000000000e+00
1.306575983762741089e-01,5.796646699309349060e-03,-1.083558797836303711e-02,9.932647347450256348e-01,-3.117085993289947510e-02,-1.115951985120773315e-01,0.000000000000000000e+00
-1.391297876834869385e-01,-8.681994676589965820e-01,-7.684396952390670776e-02,-2.854196131229400635e-01,-9.384112358093261719e-01,-1.947304606437683105e-01,0.000000000000000000e+00
-9.118087589740753174e-02,-4.020586609840393066e-01,1.172958016395568848e-01,-3.882615566253662109e-01,7.498583197593688965e-02,9.184933900833129883e-01,0.000000000000000000e+00
-1.532391011714935303e-01,-4.461475014686584473e-01,-3.606022894382476807e-02,-9.614681601524353027e-01,3.646269068121910095e-02,-2.724875807762145996e-01,0.000000000000000000e+00
4.675869271159172058e-02,1.439231336116790771e-01,1.250057071447372437e-01,2.771618962287902832e-01,1.104888617992401123e-01,9.544492959976196289e-01,0.000000000000000000e+00
-9.944453090429306030e-02,6.477358937263488770e-02,-9.808316081762313843e-02,-6.478457450866699219e-01,2.447012113407254219e-03,-7.617676258087158203e-01,0.000000000000000000e+00
-9.787375479936599731e-02,4.644519686698913574e-01,7.447344064712524414e-02,-8.422645330429077148e-01,3.843436762690544128e-02,5.376924872398376465e-01,0.000000000000000000e+00
-9.568926878273487091e-03,7.256928086280822754e-01,-1.281004399061203003e-01,-3.808709084987640381e-01,5.291207134723663330e-02,-9.231130480766296387e-01,0.000000000000000000e+00
-1.230647861957550049e-01,2.508185505867004395e-01,-4.301511496305465698e-02,-9.447702765464782715e-01,4.076159559190273285e-03,-3.277080357074737549e-01,0.000000000000000000e+00
-1.649875789880752563e-01,-7.276686429977416992e-01,-3.645040094852447510e-02,-9.789926409721374512e-01,7.421969622373580933e-02,-1.899074614048004150e-01,0.000000000000000000e+00
1.369207799434661865e-01,6.083033680915832520e-01,1.515197008848190308e-02,9.882621169090270996e-01,-1.257059872150421143e-01,8.681035786867141724e-02,0.000000000000000000e+00
2.936244010925292969e-02,-2.144528180360794067e-01,-1.351056247949600220e-01,2.298378646373748779e-01,7.035735249519348145e-02,-9.706824421882629395e-01,0.000000000000000000e+00
-1.073446944355964661e-01,-4.916245639324188232e-01,-1.152168139815330505e-01,-6.648924946784973145e-01,3.068191409111022949e-01,-6.810139417648315430e-01,0.000000000000000000e+00
-6.176425516605377197e-02,8.422088809311389923e-03,-1.257229149341583252e-01,-3.789514303207397461e-01,-5.052664875984191895e-02,-9.240362048149108887e-01,0.000000000000000000e+00
-1.243562102317810059e-01,3.567945659160614014e-01,1.252759248018264771e-02,-9.924620389938354492e-01,6.509678065776824951e-02,1.038339287042617798e-01,0.000000000000000000e+00
-1.065871194005012512e-01,6.935979723930358887e-01,-3.045414760708808899e-02,-9.896274209022521973e-01,-1.202597320079803467e-01,-7.858210802078247070e-02,0.000000000000000000e+00
1.382067501544952393e-01,9.096332192420959473e-01,-4.411781579256057739e-02,-2.799174189567565918e-01,9.591660499572753906e-01,4.058049619197845459e-02,0.000000000000000000e+00
-7.936779409646987915e-02,6.233039498329162598e-01,7.917322218418121338e-02,-7.703529596328735352e-01,-1.483461856842041016e-01,6.201207041740417480e-01,0.000000000000000000e+00
1.062705144286155701e-01,5.058923959732055664e-01,8.656385540962219238e-02,7.455580830574035645e-01,1.417606323957443237e-01,6.511889696121215820e-01,0.000000000000000000e+00
-1.261675804853439331e-01,6.916422396898269653e-02,4.968724772334098816e-02,-9.407102465629577637e-01,1.022871732711791992e-01,3.234216570854187012e-01,0.000000000000000000e+00
8.268669992685317993e-02,-2.115165591239929199e-01,-1.055192500352859497e-01,6.152555346488952637e-01,9.815531969070434570e-02,-7.821931838989257812e-01,0.000000000000000000e+00
1.002433300018310547e-01,-7.145142555236816406e-01,6.116897612810134888e-02,9.046924710273742676e-01,2.397708361968398094e-03,4.260584115982055664e-01,0.000000000000000000e+00
-1.486023217439651489e-01,-2.977859675884246826e-01,-2.861822210252285004e-02,-9.932495951652526855e-01,4.250158742070198059e-02,-1.079298704862594604e-01,0.000000000000000000e+00
7.061738520860671997e-02,1.529957205057144165e-01,-1.110898479819297791e-01,5.846912860870361328e-01,3.383489325642585754e-02,-8.105500340461730957e-01,0.000000000000000000e+00
-9.088579565286636353e-02,5.622678399085998535e-01,-4.515424370765686035e-02,-9.378094673156738281e-01,-5.339024215936660767e-02,-3.430202603340148926e-01,0.000000000000000000e+00
2.380181662738323212e-02,9.808388948440551758e-01,7.344675064086914062e-02,1.272530108690261841e-01,2.542239129543304443e-01,9.587371349334716797e-01,0.000000000000000000e+00
4.249945282936096191e-02,-5.551021695137023926e-01,-1.297144442796707153e-01,2.988801896572113037e-01,4.599506407976150513e-02,-9.531815648078918457e-01,0.000000000000000000e+00
5.318024661391973495e-03,8.929330706596374512e-01,1.081568747758865356e-01,1.223421767354011536e-01,8.699178099632263184e-01,4.777816832065582275e-01,0.000000000000000000e+00
3.786596283316612244e-02,4.459018111228942871e-01,1.284267306327819824e-01,1.927063167095184326e-01,-1.553336065262556076e-02,9.811335206031799316e-01,0.000000000000000000e+00
-5.664553120732307434e-02,2.255788743495941162e-01,-1.200586333870887756e-01,-4.300316870212554932e-01,-2.211219072341918945e-02,-9.025429487228393555e-01,0.000000000000000000e+00
-1.008121743798255920e-01,9.134753942489624023e-01,-4.595367610454559326e-02,-2.292883815243840218e-03,9.218498468399047852e-01,-3.875404596328735352e-01,0.000000000000000000e+00
-1.143911257386207581e-01,7.688907980918884277e-01,-1.256911316886544228e-03,-9.994813799858093262e-01,-3.025428019464015961e-02,1.103213150054216385e-02,0.000000000000000000e+00
-6.974356621503829956e-02,-4.530863165855407715e-01,-1.338523626327514648e-01,-3.620940148830413818e-01,1.367460787296295166e-01,-9.220566153526306152e-01,0.000000000000000000e+00
-7.970409095287322998e-02,-8.474668860435485840e-01,-7.537031173706054688e-02,8.424879908561706543e-01,2.287540435791015625e-01,-4.877351522445678711e-01,0.000000000000000000e+00
-1.530075371265411377e-01,-3.617952764034271240e-01,2.148015983402729034e-02,-9.940053224563598633e-01,1.091305390000343323e-01,6.627005524933338165e-03,0.000000000000000000e+00
4.622609913349151611e-02,3.894857168197631836e-01,-1.276330202817916870e-01,2.466862648725509644e-01,8.641597814857959747e-03,-9.690568447113037109e-01,0.000000000000000000e+00
-1.214764639735221863e-01,1.477553546428680420e-01,-5.649885907769203186e-02,-9.324427247047424316e-01,4.458945244550704956e-02,-3.585559129714965820e-01,0.000000000000000000e+00
1.077711731195449829e-01,-5.572741627693176270e-01,5.656242743134498596e-02,9.237675070762634277e-01,-1.795159466564655304e-02,3.825327754020690918e-01,0.000000000000000000e+00
-1.141008809208869934e-01,-7.793594598770141602e-01,-3.207793086767196655e-02,3.246317207813262939e-01,-9.450291991233825684e-01,3.916733711957931519e-02,0.000000000000000000e+00
9.252453595399856567e-02,-5.262020230293273926e-01,7.391420006752014160e-02,9.550536274909973145e-01,1.535251140594482422e-01,2.535794973373413086e-01,0.000000000000000000e+00
-1.164201349020004272e-01,-8.706926107406616211e-01,7.985930144786834717e-02,3.533699363470077515e-02,-9.871429204940795898e-01,-1.558849513530731201e-01,0.000000000000000000e+00
5.748868733644485474e-02,-2.482988238334655762e-01,-1.223748102784156799e-01,5.044146180152893066e-01,1.209329068660736084e-01,-8.549509644508361816e-01,0.000000000000000000e+00
1.098837554454803467e-01,-4.217439889907836914e-02,-8.281683921813964844e-02,5.565758347511291504e-01,4.104956090450286865e-01,-7.222995758056640625e-01,0.000000000000000000e+00
4.516092315316200256e-02,8.881306648254394531e-01,1.428724229335784912e-01,1.065258234739303589e-01,-1.815900355577468872e-01,9.775875210762023926e-01,0.000000000000000000e+00
9.526214003562927246e-02,9.039759635925292969e-01,-5.997346714138984680e-02,2.276647388935089111e-01,9.735510349273681641e-01,-1.916048116981983185e-02,0.000000000000000000e+00
-1.956386025995016098e-03,6.828236579895019531e-01,-1.286958456039428711e-01,3.602892858907580376e-03,-1.128676012158393860e-01,-9.936035275459289551e-01,0.000000000000000000e+00
-4.491144046187400818e-02,-8.272507190704345703e-01,-1.494033485651016235e-01,-1.203053295612335205e-01,4.466225800570100546e-04,-9.927368164062500000e-01,0.000000000000000000e+00
-8.927857875823974609e-02,-2.231905162334442139e-01,-1.170818284153938293e-01,-5.563610196113586426e-01,1.484757363796234131e-01,-8.175679445266723633e-01,0.000000000000000000e+00
-3.822659328579902649e-02,-7.041431069374084473e-01,1.379971802234649658e-01,-2.518583275377750397e-02,2.192345075309276581e-02,9.994423389434814453e-01,0.000000000000000000e+00
1.326719969511032104e-01,9.268852323293685913e-02,6.983377039432525635e-03,9.987193346023559570e-01,-2.777200751006603241e-02,4.228972643613815308e-02,0.000000000000000000e+00
4.544901475310325623e-02,8.056631684303283691e-01,-1.352529376745223999e-01,1.456932276487350464e-01,-2.500981986522674561e-01,-9.571961164474487305e-01,0.000000000000000000e+00
-7.215119898319244385e-02,-4.609376192092895508e-01,-1.337854862213134766e-01,-6.019535064697265625e-01,-6.761101633310317993e-02,-7.956637144088745117e-01,0.000000000000000000e+00
1.132835727185010910e-02,1.493520587682723999e-01,1.324378252029418945e-01,1.851605027914047241e-01,-7.030639052391052246e-02,9.801900982856750488e-01,0.000000000000000000e+00
-5.910628288984298706e-02,5.332927703857421875e-01,9.874083846807479858e-02,-4.909439086914062500e-01,3.686161339282989502e-01,7.893644571304321289e-01,0.000000000000000000e+00
-2.801794558763504028e-02,4.969265162944793701e-01,1.238946840167045593e-01,-3.380263745784759521e-01,5.991596356034278870e-02,9.392274618148803711e-01,0.000000000000000000e+00
8.801320195198059082e-02,4.115412831306457520e-01,1.053994968533515930e-01,6.250947117805480957e-01,-3.055512905120849609e-02,7.799506187438964844e-01,0.000000000000000000e+00
3.914565313607454300e-03,7.948195338249206543e-01,1.365413218736648560e-01,-1.380640715360641479e-01,-2.140989992767572403e-03,9.904209971427917480e-01,0.000000000000000000e+00
-1.608679741621017456e-01,-8.092654347419738770e-01,-6.400914490222930908e-02,-8.902950882911682129e-01,3.760449588298797607e-02,-4.538287520408630371e-01,0.000000000000000000e+00
-1.211128607392311096e-01,7.941088825464248657e-02,-7.100768387317657471e-02,-7.845281958580017090e-01,-5.860330164432525635e-02,-6.173177361488342285e-01,0.000000000000000000e+00
-1.528224498033523560e-01,-7.559449672698974609e-01,-7.468814402818679810e-02,-8.551146984100341797e-01,6.288637965917587280e-02,-5.146106481552124023e-01,0.000000000000000000e+00
9.201256930828094482e-02,-3.211792707443237305e-01,8.588079363107681274e-02,8.673560023307800293e-01,8.922475576400756836e-02,4.896248281002044678e-01,0.000000000000000000e+00
-9.186994284391403198e-03,-6.801322698593139648e-01,-1.453730016946792603e-01,9.046354889869689941e-02,1.595147885382175446e-03,-9.958984851837158203e-01,0.000000000000000000e+00
8.541996777057647705e-02,8.174486756324768066e-01,-1.221238151192665100e-01,4.573136568069458008e-01,1.449915021657943726e-01,-8.774062395095825195e-01,0.000000000000000000e+00
1.232189461588859558e-01,3.907147049903869629e-01,6.400384753942489624e-02,8.805745244026184082e-01,-1.765394210815429688e-02,4.735787808895111084e-01,0.000000000000000000e+00
-4.201818257570266724e-02,8.425615429878234863e-01,1.256923824548721313e-01,-4.773795902729034424e-01,7.432042807340621948e-02,8.755485415458679199e-01,0.000000000000000000e+00
-1.454082131385803223e-01,-1.875161677598953247e-01,-1.877338625490665436e-02,-9.909997582435607910e-01,7.366064935922622681e-02,-1.117749065160751343e-01,0.000000000000000000e+00
6.838051602244377136e-03,-8.258461952209472656e-01,-1.461036652326583862e-01,2.053344398736953735e-01,2.255812473595142365e-02,-9.784318804740905762e-01,0.000000000000000000e+00
1.243232414126396179e-01,1.572497487068176270e-01,5.211947113275527954e-02,9.391931295394897461e-01,-2.428606711328029633e-02,3.425294458866119385e-01,0.000000000000000000e+00
-2.693081833422183990e-02,-3.848425745964050293e-01,1.350642889738082886e-01,6.266088783740997314e-02,1.240939572453498840e-01,9.902899861335754395e-01,0.000000000000000000e+00
-7.696136832237243652e-02,6.726679205894470215e-01,8.534817397594451904e-02,-6.549264192581176758e-01,-4.443687200546264648e-02,7.543850541114807129e-01,0.000000000000000000e+00
-1.333267539739608765e-01,-5.795339941978454590e-01,-8.904480189085006714e-02,-8.597874045372009277e-01,-1.455328464508056641e-01,-4.894750714302062988e-01,0.000000000000000000e+00
-1.202071681618690491e-01,-8.675791025161743164e-01,9.796585142612457275e-02,-2.752079367637634277e-01,-9.311410188674926758e-01,2.392425686120986938e-01,0.000000000000000000e+00
-1.229596361517906189e-01,2.828363478183746338e-01,-3.915765509009361267e-02,-9.857362508773803711e-01,5.818894132971763611e-02,-1.579179316759109497e-01,0.000000000000000000e+00
6.074737757444381714e-02,6.074721217155456543e-01,1.121854260563850403e-01,2.753193378448486328e-01,-6.441288441419601440e-02,9.591925144195556641e-01,0.000000000000000000e+00
1.128934174776077271e-01,-4.614094495773315430e-01,-5.546243488788604736e-02,9.731582403182983398e-01,-4.652317985892295837e-02,-2.253856062889099121e-01,0.000000000000000000e+00
-7.707390934228897095e-02,8.859552145004272461e-01,2.828465774655342102e-02,3.246062695980072021e-01,9.342501759529113770e-01,-1.476733386516571045e-01,0.000000000000000000e+00
7.596477400511503220e-03,-5.325301885604858398e-01,1.339288204908370972e-01,1.996692866086959839e-01,-1.217432469129562378e-01,9.722709059715270996e-01,0.000000000000000000e+00
-1.457569599151611328e-01,-2.240637242794036865e-01,4.187303036451339722e-02,-8.461477756500244141e-01,8.059098571538925171e-02,5.268197655677795410e-01,0.000000000000000000e+00
1.268935948610305786e-01,-8.714632131159305573e-03,-3.502167016267776489e-02,9.787623882293701172e-01,-7.028817199170589447e-03,-2.048774808645248413e-01,0.000000000000000000e+00
-1.702399104833602905e-01,-8.296077847480773926e-01,-3.681974485516548157e-02,-9.806669950485229492e-01,1.769401878118515015e-02,-1.948825716972351074e-01,0.000000000000000000e+00
3.867170959711074829e-02,-5.789373517036437988e-01,-1.314064264297485352e-01,1.633071154356002808e-01,6.801240146160125732e-02,-9.842281937599182129e-01,0.000000000000000000e+00
-1.233628317713737488e-01,-5.679142847657203674e-02,-6.906634569168090820e-02,-7.482119202613830566e-01,1.430618911981582642e-01,-6.478519439697265625e-01,0.000000000000000000e+00
9.928830713033676147e-02,-1.417666077613830566e-01,8.723954111337661743e-02,9.226269721984863281e-01,8.703572303056716919e-02,3.757448792457580566e-01,0.000000000000000000e+00
7.926217466592788696e-02,2.334615439176559448e-01,-1.106351092457771301e-01,5.216297507286071777e-01,1.269520372152328491e-01,-8.436738252639770508e-01,0.000000000000000000e+00
-1.539655029773712158e-01,-7.153613567352294922e-01,-6.680575758218765259e-02,-8.917999267578125000e-01,8.419702202081680298e-02,-4.445264339447021484e-01,0.000000000000000000e+00
7.554657757282257080e-02,-6.552154421806335449e-01,9.545379132032394409e-02,7.152915596961975098e-01,1.046285629272460938e-01,6.909492611885070801e-01,0.000000000000000000e+00
-5.841372162103652954e-02,-8.610421419143676758e-02,1.236722841858863831e-01,-1.631527841091156006e-01,9.285935759544372559e-02,9.822211265563964844e-01,0.000000000000000000e+00
1.254428327083587646e-01,-2.457700371742248535e-01,-5.501594932866282761e-05,9.990979433059692383e-01,-2.637421898543834686e-02,3.328159451484680176e-02,0.000000000000000000e+00
1.062690541148185730e-01,2.913281619548797607e-01,-8.621766418218612671e-02,6.863406896591186523e-01,-1.724878549575805664e-01,-7.065297961235046387e-01,0.000000000000000000e+00
1.427248213440179825e-02,-8.377663493156433105e-01,6.220135465264320374e-02,-8.114139437675476074e-01,-2.442162483930587769e-01,5.310045480728149414e-01,0.000000000000000000e+00
3.372068330645561218e-02,7.957920432090759277e-01,-1.356768906116485596e-01,1.986371278762817383e-01,-3.372583910822868347e-02,-9.794926643371582031e-01,0.000000000000000000e+00
1.047822237014770508e-01,9.058238267898559570e-01,-9.833457320928573608e-02,-1.305804550647735596e-01,9.467491507530212402e-01,2.943038642406463623e-01,0.000000000000000000e+00
1.097328886389732361e-01,7.597951889038085938e-01,1.031704917550086975e-01,6.444234251976013184e-01,-1.926024556159973145e-01,7.400153875350952148e-01,0.000000000000000000e+00
-8.927344530820846558e-02,4.720849916338920593e-02,1.032156571745872498e-01,-5.634218454360961914e-01,-5.274562910199165344e-02,8.244839310646057129e-01,0.000000000000000000e+00
-1.200092062354087830e-01,3.154164552688598633e-01,4.481180384755134583e-02,-9.348943233489990234e-01,1.079401746392250061e-01,3.381146788597106934e-01,0.000000000000000000e+00
1.045270860195159912e-01,6.594690680503845215e-01,9.437640756368637085e-02,7.611480355262756348e-01,-1.791852116584777832e-01,6.233348846435546875e-01,0.000000000000000000e+00
8.021077513694763184e-02,1.856270879507064819e-01,1.085977852344512939e-01,6.091403961181640625e-01,-2.880302444100379944e-02,7.925391793251037598e-01,0.000000000000000000e+00
1.666298508644104004e-01,8.718720078468322754e-01,4.359175916761159897e-03,9.886654019355773926e-01,5.976054817438125610e-02,-1.377295851707458496e-01,0.000000000000000000e+00
1.363727897405624390e-01,7.565500736236572266e-01,7.166384905576705933e-02,8.850222826004028320e-01,-2.624256908893585205e-01,3.845365345478057861e-01,0.000000000000000000e+00
1.059619709849357605e-01,3.408402800559997559e-01,-8.312177658081054688e-02,8.595632910728454590e-01,-2.210321649909019470e-02,-5.105510950088500977e-01,0.000000000000000000e+00
1.179749593138694763e-01,-1.502071171998977661e-01,-5.933127552270889282e-02,9.513755440711975098e-01,5.944484099745750427e-02,-3.022431135177612305e-01,0.000000000000000000e+00
-5.742457509040832520e-02,-7.005587816238403320e-01,1.347646415233612061e-01,-2.560415863990783691e-01,2.480541914701461792e-02,9.663474559783935547e-01,0.000000000000000000e+00
1.229461207985877991e-01,-2.668711841106414795e-01,2.115247771143913269e-02,9.806399941444396973e-01,-2.082904102280735970e-03,1.958082467317581177e-01,0.000000000000000000e+00
-1.314669847488403320e-01,2.049384862184524536e-01,1.018579583615064621e-02,-9.989623427391052246e-01,4.410853981971740723e-02,-1.134465448558330536e-02,0.000000000000000000e+00
1.044357717037200928e-01,2.373207658529281616e-01,9.153571724891662598e-02,4.983937442302703857e-01,-4.390806257724761963e-01,7.475371956825256348e-01,0.000000000000000000e+00
1.658737212419509888e-01,9.040944576263427734e-01,-7.319763768464326859e-03,6.941252946853637695e-01,7.088783979415893555e-01,-1.252258867025375366e-01,0.000000000000000000e+00
1.158619532361626625e-03,-3.577777147293090820e-01,1.333128064870834351e-01,2.663964331150054932e-01,-8.476822078227996826e-02,9.601287841796875000e-01,0.000000000000000000e+00
-1.364153064787387848e-02,5.080492496490478516e-01,1.257140338420867920e-01,-1.869281381368637085e-01,1.551406383514404297e-01,9.700459837913513184e-01,0.000000000000000000e+00
8.871378004550933838e-02,-8.093659281730651855e-01,7.972154766321182251e-02,8.254590034484863281e-01,-2.023815549910068512e-02,5.640991926193237305e-01,0.000000000000000000e+00
5.243917182087898254e-02,-2.777881920337677002e-01,1.206653714179992676e-01,3.355472385883331299e-01,-2.098660767078399658e-01,9.183486700057983398e-01,0.000000000000000000e+00
7.597844302654266357e-02,-1.850718408823013306e-01,9.906747937202453613e-02,5.198164582252502441e-01,3.815974667668342590e-02,8.534252643585205078e-01,0.000000000000000000e+00
-1.015594229102134705e-01,1.628273129463195801e-01,-8.880365639925003052e-02,-7.410467267036437988e-01,1.611373736523091793e-04,-6.714534759521484375e-01,0.000000000000000000e+00
-1.397050172090530396e-01,-3.169429600238800049e-01,-6.069369241595268250e-02,-9.069336652755737305e-01,1.590785384178161621e-02,-4.209730029106140137e-01,0.000000000000000000e+00
1.032567694783210754e-01,-5.994988679885864258e-01,-7.030681520700454712e-02,8.866002559661865234e-01,3.558779135346412659e-02,-4.611653983592987061e-01,0.000000000000000000e+00
6.628090143203735352e-02,1.480766385793685913e-01,1.165005490183830261e-01,5.347169041633605957e-01,-2.528749406337738037e-01,8.063076734542846680e-01,0.000000000000000000e+00
-1.985412649810314178e-02,5.010914206504821777e-01,1.256190240383148193e-01,-1.855669915676116943e-01,1.447456926107406616e-01,9.719123244285583496e-01,0.000000000000000000e+00
-9.271335601806640625e-02,-4.815579950809478760e-01,1.157151460647583008e-01,-4.749642610549926758e-01,3.599889203906059265e-02,8.792684674263000488e-01,0.000000000000000000e+00
1.608514636754989624e-01,8.166349530220031738e-01,6.965357810258865356e-03,8.805967569351196289e-01,4.639731645584106445e-01,9.632384777069091797e-02,0.000000000000000000e+00
1.424820860847830772e-03,8.586643338203430176e-01,-1.390945315361022949e-01,-6.360739469528198242e-02,-8.934808894991874695e-03,-9.979349970817565918e-01,0.000000000000000000e+00
9.262307733297348022e-02,-5.193540453910827637e-01,7.316131144762039185e-02,6.612915396690368652e-01,3.728046640753746033e-02,7.492020130157470703e-01,0.000000000000000000e+00
-1.105889379978179932e-01,1.622444838285446167e-01,-7.685931771993637085e-02,-8.329684138298034668e-01,3.300859034061431885e-02,-5.523351430892944336e-01,0.000000000000000000e+00
-3.010050579905509949e-02,3.576566278934478760e-01,1.271749436855316162e-01,-1.358423233032226562e-01,-1.864477060735225677e-02,9.905549883842468262e-01,0.000000000000000000e+00
9.600410610437393188e-02,4.274446070194244385e-01,9.932454675436019897e-02,6.433607339859008789e-01,-7.874200120568275452e-03,7.655226588249206543e-01,0.000000000000000000e+00
1.055610179901123047e-01,-3.193548619747161865e-01,-7.539781928062438965e-02,8.569210767745971680e-01,3.046300113201141357e-01,-4.157965779304504395e-01,0.000000000000000000e+00
-1.411026567220687866e-01,-6.230596899986267090e-01,-8.280365914106369019e-02,-8.328740000724792480e-01,-1.659983545541763306e-01,-5.279824137687683105e-01,0.000000000000000000e+00
1.323984265327453613e-01,7.087218016386032104e-02,-4.339474253356456757e-03,9.991570711135864258e-01,-2.127040363848209381e-02,-3.510964661836624146e-02,0.000000000000000000e+00
1.155214458703994751e-01,-7.675378918647766113e-01,-2.206090837717056274e-02,9.940794706344604492e-01,-1.462108921259641647e-02,-1.076674088835716248e-01,0.000000000000000000e+00
7.759547978639602661e-02,9.794593453407287598e-01,5.121278762817382812e-02,6.980746984481811523e-01,1.011698916554450989e-01,7.088415622711181641e-01,0.000000000000000000e+00
-2.025876194238662720e-02,7.999268770217895508e-01,1.317070722579956055e-01,-2.955738902091979980e-01,8.704175800085067749e-02,9.513463377952575684e-01,0.000000000000000000e+00
9.488204494118690491e-03,7.561374306678771973e-01,-1.332772523164749146e-01,-1.216249614953994751e-01,-6.820301711559295654e-02,-9.902301430702209473e-01,0.000000000000000000e+00
1.030423343181610107e-01,9.029191732406616211e-01,-6.389843672513961792e-02,-7.660117745399475098e-02,9.966022372245788574e-01,3.026851080358028412e-02,0.000000000000000000e+00
-4.883487522602081299e-02,-1.127408519387245178e-01,1.274859160184860229e-01,-3.035721778869628906e-01,1.284499280154705048e-02,9.527218341827392578e-01,0.000000000000000000e+00
1.642185896635055542e-01,8.583039045333862305e-01,6.872416124679148197e-04,9.735685586929321289e-01,-1.203264668583869934e-01,-1.941282451152801514e-01,0.000000000000000000e+00
4.115001112222671509e-02,-8.477005958557128906e-01,-4.652120172977447510e-02,5.003767609596252441e-01,-2.139640897512435913e-01,8.389531970024108887e-01,0.000000000000000000e+00
1.169189065694808960e-01,3.131152987480163574e-01,-7.999931275844573975e-02,5.869852900505065918e-01,-1.444837749004364014e-01,-7.966006994247436523e-01,0.000000000000000000e+00
-3.971090912818908691e-02,-8.304777741432189941e-02,1.277300268411636353e-01,-3.318171799182891846e-01,1.537866741418838501e-01,9.307239055633544922e-01,0.000000000000000000e+00
-8.136343210935592651e-02,-6.532561182975769043e-01,1.253621727228164673e-01,-4.084182381629943848e-01,7.155189663171768188e-02,9.099861979484558105e-01,0.000000000000000000e+00
-1.391757726669311523e-01,-6.244114637374877930e-01,7.571809738874435425e-02,-5.545021295547485352e-01,-3.014185726642608643e-01,7.756766080856323242e-01,0.000000000000000000e+00
1.791637018322944641e-02,-2.703700363636016846e-01,-1.398270726203918457e-01,1.158408820629119873e-01,-9.735631942749023438e-02,-9.884850382804870605e-01,0.000000000000000000e+00
4.085532948374748230e-02,8.731953501701354980e-01,1.413840204477310181e-01,1.612103730440139771e-01,-5.006598308682441711e-02,9.856493473052978516e-01,0.000000000000000000e+00
1.329281926155090332e-01,1.235101744532585144e-01,1.300072576850652695e-02,9.985805153846740723e-01,-9.159750305116176605e-03,5.247009173035621643e-02,0.000000000000000000e+00
-1.389641761779785156e-01,-7.952197641134262085e-02,-2.910807169973850250e-02,-9.750586152076721191e-01,1.040655225515365601e-01,-1.960383653640747070e-01,0.000000000000000000e+00
-5.900065973401069641e-02,-4.417655169963836670e-01,1.292657703161239624e-01,-2.429733276367187500e-01,-3.794634342193603516e-02,9.692904949188232422e-01,0.000000000000000000e+00
-5.246347934007644653e-02,7.274220585823059082e-01,-1.135140210390090942e-01,-4.730289578437805176e-01,4.346171393990516663e-02,-8.799742460250854492e-01,0.000000000000000000e+00
-3.544992953538894653e-02,-3.236564993858337402e-01,-1.372758150100708008e-01,-1.650879681110382080e-01,7.717464864253997803e-02,-9.832547903060913086e-01,0.000000000000000000e+00
6.410505622625350952e-02,5.817784070968627930e-01,-1.088529303669929504e-01,4.063979163765907288e-02,-2.192908525466918945e-02,-9.989331960678100586e-01,0.000000000000000000e+00
1.297665536403656006e-01,-4.058831557631492615e-02,-4.859677050262689590e-03,9.997415542602539062e-01,-2.267882414162158966e-02,-1.570166205056011677e-03,0.000000000000000000e+00
1.059019789099693298e-01,2.675494253635406494e-01,-8.953192085027694702e-02,6.568756699562072754e-01,-3.625007271766662598e-01,-6.611411571502685547e-01,0.000000000000000000e+00
1.262579858303070068e-01,-2.190218120813369751e-02,3.171915560960769653e-02,9.763360619544982910e-01,-2.060899324715137482e-02,2.152746468782424927e-01,0.000000000000000000e+00
-5.892345309257507324e-02,6.284942626953125000e-01,1.024813875555992126e-01,-5.737023949623107910e-01,-2.420266866683959961e-01,7.824887633323669434e-01,0.000000000000000000e+00
-6.199453491717576981e-03,-2.235294729471206665e-01,1.353176981210708618e-01,1.363659501075744629e-01,-1.577046066522598267e-01,9.780253767967224121e-01,0.000000000000000000e+00
-1.251756697893142700e-01,3.133679032325744629e-01,-1.717351935803890228e-02,-9.862694144248962402e-01,5.081801861524581909e-02,-1.571311205625534058e-01,0.000000000000000000e+00
-6.532814353704452515e-02,-1.398864090442657471e-01,1.230695918202400208e-01,-3.394471108913421631e-01,1.537502408027648926e-01,9.279744029045104980e-01,0.000000000000000000e+00
-6.669037044048309326e-02,-4.123479872941970825e-02,-1.239546909928321838e-01,-4.509619772434234619e-01,1.041304320096969604e-01,-8.864480257034301758e-01,0.000000000000000000e+00
-1.689416319131851196e-01,-7.348771095275878906e-01,5.939892027527093887e-03,-9.927230477333068848e-01,7.233355939388275146e-02,9.627475589513778687e-02,0.000000000000000000e+00
1.590298302471637726e-02,-3.897924423217773438e-01,1.293220072984695435e-01,2.066080570220947266e-01,1.987521350383758545e-02,9.782218933105468750e-01,0.000000000000000000e+00
-1.394049674272537231e-01,-8.268269896507263184e-02,-2.859354577958583832e-02,-9.750586152076721191e-01,1.040655225515365601e-01,-1.960383653640747070e-01,0.000000000000000000e+00
-1.204350516200065613e-01,-2.545205354690551758e-01,8.320115506649017334e-02,-8.890386223793029785e-01,-6.111662089824676514e-02,4.537345468997955322e-01,0.000000000000000000e+00
6.945886462926864624e-02,-3.335540592670440674e-01,-1.145820841193199158e-01,5.665609836578369141e-01,-2.257819660007953644e-02,-8.237104415893554688e-01,0.000000000000000000e+00
1.684534363448619843e-02,-7.843344807624816895e-01,-1.430614590644836426e-01,3.376427888870239258e-01,2.788323722779750824e-02,-9.408612251281738281e-01,0.000000000000000000e+00
-1.386914253234863281e-01,-1.982619613409042358e-01,4.850814864039421082e-02,-9.396348595619201660e-01,-2.625961899757385254e-01,2.193845659494400024e-01,0.000000000000000000e+00
9.399768710136413574e-02,5.082761868834495544e-03,-9.736271947622299194e-02,6.956361532211303711e-01,6.566675752401351929e-02,-7.153868079185485840e-01,0.000000000000000000e+00
7.987488806247711182e-02,-3.715047836303710938e-01,9.749933332204818726e-02,6.513314247131347656e-01,-8.621375262737274170e-02,7.538796663284301758e-01,0.000000000000000000e+00
5.997668579220771790e-02,6.387682557106018066e-01,1.179174631834030151e-01,3.209902942180633545e-01,-1.735870242118835449e-01,9.310385584831237793e-01,0.000000000000000000e+00
-4.951541870832443237e-02,-4.116049706935882568e-01,1.343851238489151001e-01,-4.321578443050384521e-01,5.186942219734191895e-01,7.376963496208190918e-01,0.000000000000000000e+00
1.001946106553077698e-01,-3.022070825099945068e-01,7.305299490690231323e-02,7.620115876197814941e-01,6.014795228838920593e-02,6.447640061378479004e-01,0.000000000000000000e+00
-1.116572022438049316e-01,-7.836462259292602539e-01,-4.340205341577529907e-02,2.642208337783813477e-01,-8.215994834899902344e-01,5.051352977752685547e-01,0.000000000000000000e+00
-1.124654114246368408e-01,-1.404577791690826416e-01,-9.418841451406478882e-02,-8.046515583992004395e-01,-6.133986636996269226e-02,-5.905703306198120117e-01,0.000000000000000000e+00
1.173336580395698547e-01,-4.970997869968414307e-01,2.470084652304649353e-02,9.813788533210754395e-01,1.287226006388664246e-02,1.916504204273223877e-01,0.000000000000000000e+00
-1.172494813799858093e-01,-1.384145915508270264e-01,8.129064738750457764e-02,-7.253614068031311035e-01,-1.058955118060112000e-02,6.882867813110351562e-01,0.000000000000000000e+00
-1.084917485713958740e-01,6.653780937194824219e-01,3.459108062088489532e-03,-9.918298125267028809e-01,-9.824831038713455200e-02,8.136862516403198242e-02,0.000000000000000000e+00
-5.229331180453300476e-02,8.441849946975708008e-01,1.191420704126358032e-01,-5.598029494285583496e-01,-1.619072109460830688e-01,8.126541376113891602e-01,0.000000000000000000e+00
4.458097368478775024e-02,8.715835809707641602e-01,1.406933665275573730e-01,1.015193238854408264e-01,-1.011831909418106079e-01,9.896745681762695312e-01,0.000000000000000000e+00
6.782589107751846313e-02,-2.863407135009765625e-01,1.108763813972473145e-01,5.608221292495727539e-01,-4.041678085923194885e-02,8.269492387771606445e-01,0.000000000000000000e+00
-9.146378934383392334e-02,5.415973663330078125e-01,5.937997251749038696e-02,-8.275978565216064453e-01,2.902701795101165771e-01,4.804424941539764404e-01,0.000000000000000000e+00
1.079005151987075806e-01,-7.647722959518432617e-01,4.428408667445182800e-02,9.402033686637878418e-01,2.458385564386844635e-02,3.397252261638641357e-01,0.000000000000000000e+00
-1.230494454503059387e-01,1.788720190525054932e-01,-4.971992969512939453e-02,-9.370547533035278320e-01,1.904902048408985138e-02,-3.486624062061309814e-01,0.000000000000000000e+00
1.959373988211154938e-02,-3.654585480690002441e-01,1.283308267593383789e-01,1.866393685340881348e-01,-6.150647625327110291e-02,9.805012345314025879e-01,0.000000000000000000e+00
-8.126541972160339355e-02,4.433901607990264893e-01,-9.509523212909698486e-02,-6.416872739791870117e-01,4.631011933088302612e-02,-7.655670046806335449e-01,0.000000000000000000e+00
1.315223574638366699e-01,1.844471991062164307e-01,-3.412420302629470825e-02,9.802805781364440918e-01,-2.779693156480789185e-02,-1.956460326910018921e-01,0.000000000000000000e+00
-1.580858081579208374e-01,-7.289737462997436523e-01,-6.013393402099609375e-02,-9.053711891174316406e-01,6.221266463398933411e-02,-4.200387597084045410e-01,0.000000000000000000e+00
-3.348001837730407715e-02,7.003090381622314453e-01,-1.215422973036766052e-01,-5.478106141090393066e-01,-4.943849518895149231e-02,-8.351402878761291504e-01,0.000000000000000000e+00
-4.676700010895729065e-02,-5.612795948982238770e-01,1.371830105781555176e-01,-2.340647764503955841e-02,3.672783076763153076e-01,9.298165440559387207e-01,0.000000000000000000e+00
-1.447484195232391357e-01,-2.549728751182556152e-01,-3.824343159794807434e-02,-9.629887342453002930e-01,3.180760517716407776e-02,-2.676582634449005127e-01,0.000000000000000000e+00
2.658338285982608795e-02,-8.608827590942382812e-01,1.265376359224319458e-01,3.223655819892883301e-01,-3.692354261875152588e-01,8.716338872909545898e-01,0.000000000000000000e+00
4.355170577764511108e-02,-8.165810704231262207e-01,-1.304839402437210083e-01,5.178508162498474121e-01,-1.557430624961853027e-02,-8.553291559219360352e-01,0.000000000000000000e+00
-2.037544548511505127e-02,-6.891038417816162109e-01,1.370337456464767456e-01,1.078552082180976868e-01,2.304321154952049255e-02,9.938995242118835449e-01,0.000000000000000000e+00
-4.658515751361846924e-02,6.414010524749755859e-01,1.101610586047172546e-01,-3.590362966060638428e-01,1.533329393714666367e-02,9.331976175308227539e-01,0.000000000000000000e+00
1.295125335454940796e-01,6.739012598991394043e-01,-6.702724844217300415e-02,9.262996315956115723e-01,-4.487925767898559570e-02,-3.741053938865661621e-01,0.000000000000000000e+00
2.762527018785476685e-02,8.935162425041198730e-01,-1.234681531786918640e-01,2.897153496742248535e-01,8.806815147399902344e-01,3.747867047786712646e-01,0.000000000000000000e+00
9.472835808992385864e-02,-4.845377504825592041e-01,-8.782108873128890991e-02,7.012331485748291016e-01,-1.164169609546661377e-02,-7.128369808197021484e-01,0.000000000000000000e+00
4.696803167462348938e-02,8.901277780532836914e-01,1.130562573671340942e-01,6.152237951755523682e-02,9.908193945884704590e-01,1.203822568058967590e-01,0.000000000000000000e+00
-8.800796419382095337e-02,7.186974883079528809e-01,7.386843115091323853e-02,-7.526988387107849121e-01,1.699690148234367371e-02,6.581456065177917480e-01,0.000000000000000000e+00
-3.391165286302566528e-02,-1.069113845005631447e-03,-1.337370276451110840e-01,-2.083877176046371460e-01,-8.374223858118057251e-02,-9.744546413421630859e-01,0.000000000000000000e+00
1.127968430519104004e-01,-1.564894914627075195e-01,6.416919827461242676e-02,7.940215468406677246e-01,1.362803298979997635e-02,6.077368259429931641e-01,0.000000000000000000e+00
1.178810968995094299e-01,2.171912789344787598e-01,-6.785886734724044800e-02,7.057236433029174805e-01,-2.573896348476409912e-01,-6.600793004035949707e-01,0.000000000000000000e+00
4.284543544054031372e-02,-7.130849361419677734e-01,1.211676001548767090e-01,4.710004925727844238e-01,-1.047660334734246135e-04,8.821329474449157715e-01,0.000000000000000000e+00
6.615369766950607300e-02,5.343890786170959473e-01,-1.097801998257637024e-01,3.970815539360046387e-01,2.607118785381317139e-01,-8.799747228622436523e-01,0.000000000000000000e+00
-1.340076047927141190e-02,-2.390297502279281616e-01,1.368321031332015991e-01,8.600779622793197632e-02,7.094677537679672241e-02,9.937651753425598145e-01,0.000000000000000000e+00
-4.148865118622779846e-02,-8.606404066085815430e-01,1.382787078619003296e-01,-5.837380141019821167e-02,-4.664091169834136963e-01,8.826409578323364258e-01,0.000000000000000000e+00
-1.202958300709724426e-01,2.872121036052703857e-01,4.680106043815612793e-02,-9.111965298652648926e-01,-1.905463449656963348e-02,4.115309715270996094e-01,0.000000000000000000e+00
-1.085247397422790527e-01,5.080532431602478027e-01,-4.540015757083892822e-02,-8.981285691261291504e-01,1.935583502054214478e-01,-3.948420584201812744e-01,0.000000000000000000e+00
8.514216542243957520e-02,-7.821748256683349609e-01,-9.549756348133087158e-02,8.204173445701599121e-01,1.500632643001154065e-04,-5.717651247978210449e-01,0.000000000000000000e+00
2.563081495463848114e-02,7.856038212776184082e-01,1.377360820770263672e-01,4.560503736138343811e-02,2.178781777620315552e-01,9.749099016189575195e-01,0.000000000000000000e+00
6.729557365179061890e-02,9.975401759147644043e-01,-1.961949840188026428e-02,-7.224241644144058228e-02,9.959297180175781250e-01,-5.389859527349472046e-02,0.000000000000000000e+00
-1.337199937552213669e-02,-7.978056073188781738e-01,4.553746432065963745e-02,-4.113509953022003174e-01,-8.507104516029357910e-01,-3.272339701652526855e-01,0.000000000000000000e+00
-8.874695748090744019e-03,5.539998412132263184e-02,-1.360966861248016357e-01,-4.595342278480529785e-02,9.399507194757461548e-03,-9.988993406295776367e-01,0.000000000000000000e+00
-7.087460253387689590e-03,-8.256307244300842285e-01,1.387609094381332397e-01,1.937001645565032959e-01,-1.725538447499275208e-02,9.809089899063110352e-01,0.000000000000000000e+00
-9.105272591114044189e-02,-2.513816058635711670e-01,1.097725182771682739e-01,-5.311430692672729492e-01,7.599806785583496094e-02,8.438668847084045410e-01,0.000000000000000000e+00
-1.450200676918029785e-01,-1.462923288345336914e-01,-6.946844980120658875e-03,-9.933347105979919434e-01,6.246184185147285461e-02,-9.687446057796478271e-02,0.000000000000000000e+00
-1.293072849512100220e-01,-4.194243252277374268e-01,8.292739093303680420e-02,-8.396220803260803223e-01,-4.131703078746795654e-02,5.415973067283630371e-01,0.000000000000000000e+00
-1.262014806270599365e-01,2.547347247600555420e-01,-2.400300838053226471e-02,-9.892349243164062500e-01,6.182451173663139343e-02,-1.326346844434738159e-01,0.000000000000000000e+00
-8.344874717295169830e-03,-1.208871155977249146e-01,1.344016045331954956e-01,1.355162914842367172e-02,7.648529857397079468e-02,9.969786405563354492e-01,0.000000000000000000e+00
9.527625143527984619e-02,-9.460971504449844360e-02,-9.201374650001525879e-02,8.031279444694519043e-01,5.013529658317565918e-01,-3.219172656536102295e-01,0.000000000000000000e+00
4.452313110232353210e-02,-9.496033936738967896e-02,1.243553608655929565e-01,2.354764342308044434e-01,-6.495376676321029663e-02,9.697070717811584473e-01,0.000000000000000000e+00
-1.063372418284416199e-01,6.450222730636596680e-01,2.783165127038955688e-02,-9.846776127815246582e-01,3.017307259142398834e-02,1.717544198036193848e-01,0.000000000000000000e+00
7.211042940616607666e-02,-3.607434928417205811e-01,-1.139859035611152649e-01,6.914955377578735352e-01,1.248726695775985718e-01,-7.115060091018676758e-01,0.000000000000000000e+00
5.266302824020385742e-02,6.169443130493164062e-01,1.176762208342552185e-01,1.693320870399475098e-01,-4.987237975001335144e-02,9.842963814735412598e-01,0.000000000000000000e+00
-2.817677520215511322e-02,6.682128310203552246e-01,-1.222339496016502380e-01,-2.040629982948303223e-01,7.484607398509979248e-02,-9.760923981666564941e-01,0.000000000000000000e+00
-6.722120195627212524e-02,4.129956364631652832e-01,1.071554347872734070e-01,-5.962635874748229980e-01,2.413855679333209991e-02,8.024257421493530273e-01,0.000000000000000000e+00
1.624292880296707153e-01,8.601770401000976562e-01,3.645963221788406372e-02,9.588317275047302246e-01,-1.813814230263233185e-02,2.833950221538543701e-01,0.000000000000000000e+00
-8.424417674541473389e-02,1.749594211578369141e-01,-1.044213473796844482e-01,-6.499938964843750000e-01,-3.664843738079071045e-02,-7.590551972389221191e-01,0.000000000000000000e+00
-1.799653691705316305e-04,-1.780429184436798096e-01,-1.370112895965576172e-01,1.853973269462585449e-01,-4.969290643930435181e-02,-9.814063906669616699e-01,0.000000000000000000e+00
5.703563243150711060e-02,7.870484143495559692e-02,1.166105046868324280e-01,2.763731479644775391e-01,4.860971570014953613e-01,8.290521502494812012e-01,0.000000000000000000e+00
8.713936433196067810e-03,-9.050555527210235596e-02,-1.383750438690185547e-01,7.797665148973464966e-02,4.392234608530998230e-02,-9.959871768951416016e-01,0.000000000000000000e+00
-1.600261032581329346e-01,-6.950807571411132812e-01,-4.813956096768379211e-02,-9.682403802871704102e-01,2.451643720269203186e-02,-2.488162815570831299e-01,0.000000000000000000e+00
2.466637082397937775e-02,4.879192411899566650e-01,-1.309173256158828735e-01,7.391252368688583374e-02,8.638318628072738647e-02,-9.935164451599121094e-01,0.000000000000000000e+00
-1.025179699063301086e-01,5.459265112876892090e-01,-2.185013331472873688e-02,-9.118229746818542480e-01,3.432266116142272949e-01,-2.253315746784210205e-01,0.000000000000000000e+00
1.226162910461425781e-01,-3.856132626533508301e-01,7.524729706346988678e-03,9.999918341636657715e-01,1.593300839886069298e-03,-3.711190540343523026e-03,0.000000000000000000e+00
-1.467639952898025513e-01,-8.332886695861816406e-01,8.103621006011962891e-02,-8.087826967239379883e-01,8.402495086193084717e-02,5.820741653442382812e-01,0.000000000000000000e+00
1.263335049152374268e-01,8.958836197853088379e-01,1.106771156191825867e-01,8.063772916793823242e-01,3.916662633419036865e-01,4.431175589561462402e-01,0.000000000000000000e+00
-1.431593298912048340e-01,-3.750627636909484863e-01,-5.852562189102172852e-02,-8.586224317550659180e-01,5.403304472565650940e-02,-5.097528100013732910e-01,0.000000000000000000e+00
5.670032650232315063e-02,-2.027378976345062256e-01,-1.234747469425201416e-01,4.661912918090820312e-01,1.292335093021392822e-01,-8.751938939094543457e-01,0.000000000000000000e+00
2.622079662978649139e-02,-3.818750679492950439e-01,1.269204914569854736e-01,2.192153930664062500e-01,-1.487134769558906555e-02,9.755631685256958008e-01,0.000000000000000000e+00
1.073397174477577209e-01,4.761602282524108887e-01,-8.979189395904541016e-02,6.996190547943115234e-01,1.061398908495903015e-02,-7.144372463226318359e-01,0.000000000000000000e+00
-1.965259201824665070e-02,5.721642374992370605e-01,-1.139581054449081421e-01,-4.655402898788452148e-01,-8.065727353096008301e-02,-8.813436627388000488e-01,0.000000000000000000e+00
-6.954585760831832886e-02,-7.313468456268310547e-01,-1.408961713314056396e-01,-3.256007134914398193e-01,4.398080334067344666e-02,-9.444839358329772949e-01,0.000000000000000000e+00
9.907425194978713989e-02,7.067148089408874512e-01,-1.041927114129066467e-01,5.875338315963745117e-01,6.737715005874633789e-02,-8.063896894454956055e-01,0.000000000000000000e+00
-9.382360428571701050e-02,-9.838616102933883667e-02,1.060639619827270508e-01,-7.955734729766845703e-01,-2.243905216455459595e-01,5.627714991569519043e-01,0.000000000000000000e+00
-5.955651402473449707e-02,-1.269058585166931152e-01,1.235971078276634216e-01,-3.600597977638244629e-01,5.266688391566276550e-02,9.314414262771606445e-01,0.000000000000000000e+00
-1.453500688076019287e-01,-4.367389082908630371e-01,5.968897417187690735e-02,-9.308040142059326172e-01,-1.722623854875564575e-01,3.223811089992523193e-01,0.000000000000000000e+00
1.142650619149208069e-01,-5.740830302238464355e-01,-4.086547717452049255e-02,9.726024270057678223e-01,-4.976113326847553253e-03,-2.324214726686477661e-01,0.000000000000000000e+00
1.372167374938726425e-02,1.539983749389648438e-01,1.322949975728988647e-01,2.404660135507583618e-01,-6.338562816381454468e-02,9.685857295989990234e-01,0.000000000000000000e+00
-1.118242442607879639e-01,4.846243560314178467e-01,4.373420402407646179e-02,-9.528957009315490723e-01,5.729644745588302612e-02,2.978370785713195801e-01,0.000000000000000000e+00
1.240504905581474304e-01,4.642672538757324219e-01,6.586674600839614868e-02,8.755851984024047852e-01,-7.310434244573116302e-03,4.830083847045898438e-01,0.000000000000000000e+00
1.298323124647140503e-01,-3.478594124317169189e-02,5.112923216074705124e-03,9.990435242652893066e-01,-3.996637091040611267e-02,1.773956231772899628e-02,0.000000000000000000e+00
1.468865126371383667e-01,6.789217591285705566e-01,-1.421375293284654617e-02,9.754616022109985352e-01,5.748496204614639282e-02,-2.125327587127685547e-01,0.000000000000000000e+00
4.254112020134925842e-02,-7.813164591789245605e-01,-1.630297861993312836e-02,-1.054219156503677368e-01,-9.919242858886718750e-01,-7.051515579223632812e-02,0.000000000000000000e+00
-1.591170579195022583e-01,-7.931337952613830566e-01,5.739034339785575867e-02,-8.870611786842346191e-01,4.442302882671356201e-02,4.595095515251159668e-01,0.000000000000000000e+00
9.092414379119873047e-02,9.053197503089904785e-01,-3.854888305068016052e-02,3.784591555595397949e-01,9.250950217247009277e-01,3.111135587096214294e-02,0.000000000000000000e+00
1.051446199417114258e-01,-6.364409327507019043e-01,-6.350922584533691406e-02,8.873302340507507324e-01,-1.514387279748916626e-01,-4.355587065219879150e-01,0.000000000000000000e+00
-1.098994389176368713e-01,-6.427122950553894043e-01,-1.144166141748428345e-01,-5.378440022468566895e-01,2.748546004295349121e-01,-7.969810366630554199e-01,0.000000000000000000e+00
-2.817742340266704559e-02,4.817617833614349365e-01,-1.256532222032546997e-01,-2.843832671642303467e-01,3.052275069057941437e-02,-9.582246541976928711e-01,0.000000000000000000e+00
-7.083672285079956055e-02,-1.621015183627605438e-02,1.173015162348747253e-01,-4.272044003009796143e-01,-5.477629974484443665e-02,9.024943113327026367e-01,0.000000000000000000e+00
3.290378674864768982e-02,1.118559390306472778e-02,1.290945857763290405e-01,2.388633340597152710e-01,-3.430212289094924927e-02,9.704471230506896973e-01,0.000000000000000000e+00
1.151462271809577942e-01,-7.904359102249145508e-01,1.338914223015308380e-02,9.880657196044921875e-01,-2.473497390747070312e-02,1.520337462425231934e-01,0.000000000000000000e+00
4.380828142166137695e-02,6.903426051139831543e-01,-1.284464299678802490e-01,3.770807385444641113e-01,-1.906985789537429810e-01,-9.063355922698974609e-01,0.000000000000000000e+00
-1.084744110703468323e-01,6.484587788581848145e-01,-7.459713378921151161e-05,-9.885143041610717773e-01,-1.714542135596275330e-02,1.501517891883850098e-01,0.000000000000000000e+00
-8.871565759181976318e-02,-5.873725414276123047e-01,1.207977309823036194e-01,-6.004829406738281250e-01,4.231904149055480957e-01,6.784762740135192871e-01,0.000000000000000000e+00
-7.700016349554061890e-02,5.688970685005187988e-01,6.353896856307983398e-02,-7.773849368095397949e-01,3.822049498558044434e-01,4.995918571949005127e-01,0.000000000000000000e+00
-2.169767394661903381e-02,7.525306940078735352e-01,1.277330070734024048e-01,-1.973710954189300537e-01,-9.562776423990726471e-03,9.802821874618530273e-01,0.000000000000000000e+00
-6.965015828609466553e-02,3.879248797893524170e-01,-1.072723120450973511e-01,-6.193042993545532227e-01,2.280050329864025116e-02,-7.848199605941772461e-01,0.000000000000000000e+00
-1.052794456481933594e-01,-8.508740067481994629e-01,1.202786341309547424e-01,-4.986788928508758545e-01,1.516764238476753235e-02,8.666540980339050293e-01,0.000000000000000000e+00
3.662534803152084351e-02,-8.744224309921264648e-01,1.050290763378143311e-01,1.979557611048221588e-02,-9.908068180084228516e-01,1.338281035423278809e-01,0.000000000000000000e+00
2.550268359482288361e-02,9.221227169036865234e-01,-7.275373488664627075e-02,-5.022181198000907898e-03,3.117479681968688965e-01,-9.501515626907348633e-01,0.000000000000000000e+00
1.184885799884796143e-01,-5.882511734962463379e-01,1.186670269817113876e-03,9.991027712821960449e-01,-3.954605385661125183e-02,1.515839528292417526e-02,0.000000000000000000e+00
1.336459666490554810e-01,3.977818489074707031e-01,-4.161179065704345703e-02,9.504866600036621094e-01,-3.229924291372299194e-02,-3.090823292732238770e-01,0.000000000000000000e+00
1.156662106513977051e-01,-8.162745237350463867e-01,-2.439032308757305145e-03,9.985291957855224609e-01,-1.878191158175468445e-02,5.085941031575202942e-02,0.000000000000000000e+00
1.205753460526466370e-01,-3.938117921352386475e-01,1.952429674565792084e-02,9.839549064636230469e-01,-1.230039633810520172e-02,1.779928207397460938e-01,0.000000000000000000e+00
-1.400668323040008545e-01,-4.061090052127838135e-01,6.847064197063446045e-02,-8.222005963325500488e-01,9.106989949941635132e-02,5.618651509284973145e-01,0.000000000000000000e+00
5.240242555737495422e-02,6.466907858848571777e-01,1.204858198761940002e-01,2.435550987720489502e-01,6.264876574277877808e-02,9.678615927696228027e-01,0.000000000000000000e+00
-1.375580877065658569e-01,-7.512118816375732422e-01,8.885477483272552490e-02,-7.530443072319030762e-01,1.042269989848136902e-01,6.496621966361999512e-01,0.000000000000000000e+00
8.294031023979187012e-02,-3.021170794963836670e-01,9.593996405601501465e-02,6.766123771667480469e-01,1.158426329493522644e-01,7.271699905395507812e-01,0.000000000000000000e+00
-8.256110548973083496e-02,6.521247625350952148e-01,-8.014493435621261597e-02,-7.589939832687377930e-01,3.731447830796241760e-02,-6.500275135040283203e-01,0.000000000000000000e+00
1.144596487283706665e-01,-7.643412053585052490e-02,-7.591578364372253418e-02,9.638028740882873535e-01,4.131522402167320251e-02,-2.633953690528869629e-01,0.000000000000000000e+00
-1.098964735865592957e-01,1.063793152570724487e-01,7.688138633966445923e-02,-7.666561007499694824e-01,-6.839889287948608398e-02,6.384043097496032715e-01,0.000000000000000000e+00
-2.583487890660762787e-02,2.959067523479461670e-01,-1.350263208150863647e-01,-2.955272793769836426e-01,1.462117284536361694e-01,-9.440793395042419434e-01,0.000000000000000000e+00
9.502084553241729736e-02,-3.616003990173339844e-01,8.113646507263183594e-02,6.694308519363403320e-01,1.302984207868576050e-01,7.313580513000488281e-01,0.000000000000000000e+00
-7.617646455764770508e-02,-2.260071635246276855e-01,-1.238964200019836426e-01,-3.415430486202239990e-01,3.211635947227478027e-01,-8.832905888557434082e-01,0.000000000000000000e+00
9.725069254636764526e-02,-8.773128986358642578e-01,-5.833442788571119308e-03,2.096927165985107422e-01,-9.770861864089965820e-01,-3.649081662297248840e-02,0.000000000000000000e+00
-6.661712378263473511e-02,1.032905504107475281e-01,1.176593378186225891e-01,-4.136109948158264160e-01,-1.503785103559494019e-01,8.979489207267761230e-01,0.000000000000000000e+00
9.532611817121505737e-02,9.380695968866348267e-02,9.573396295309066772e-02,8.005090355873107910e-01,9.979115426540374756e-02,5.909543037414550781e-01,0.000000000000000000e+00
1.038684695959091187e-01,-7.613200694322586060e-02,-8.287817239761352539e-02,1.656561642885208130e-01,3.508678451180458069e-02,-9.855592250823974609e-01,0.000000000000000000e+00
1.178023889660835266e-01,-5.370913743972778320e-01,-2.571283094584941864e-02,9.895923137664794922e-01,-3.155971691012382507e-02,-1.403958946466445923e-01,0.000000000000000000e+00
2.003590762615203857e-02,-8.532916903495788574e-01,7.212700694799423218e-02,-9.655998945236206055e-01,4.847331345081329346e-02,2.554744780063629150e-01,0.000000000000000000e+00
-1.267110854387283325e-01,8.762738853693008423e-02,-5.012991279363632202e-02,-9.484550356864929199e-01,2.743261307477951050e-02,-3.157221674919128418e-01,0.000000000000000000e+00
-3.909625858068466187e-02,9.036392569541931152e-01,1.321155726909637451e-01,-2.987519502639770508e-01,7.434169650077819824e-01,5.983965992927551270e-01,0.000000000000000000e+00
1.198313832283020020e-01,9.919645637273788452e-02,-7.122036069631576538e-02,8.175745606422424316e-01,6.662414222955703735e-02,-5.719554424285888672e-01,0.000000000000000000e+00
-9.129024296998977661e-02,-5.596662163734436035e-01,1.196752339601516724e-01,-4.462099671363830566e-01,1.650365591049194336e-01,8.795792460441589355e-01,0.000000000000000000e+00
4.187701269984245300e-02,8.524104356765747070e-01,1.406436413526535034e-01,1.415188461542129517e-01,8.722625672817230225e-03,9.898971319198608398e-01,0.000000000000000000e+00
8.940065652132034302e-02,-7.713533639907836914e-01,7.953174412250518799e-02,8.360952138900756836e-01,1.333454810082912445e-02,5.484222173690795898e-01,0.000000000000000000e+00
-3.249641507863998413e-02,-3.907829821109771729e-01,1.353981941938400269e-01,-1.518977284431457520e-01,5.661443993449211121e-02,9.867734909057617188e-01,0.000000000000000000e+00
2.066553942859172821e-02,1.510349065065383911e-01,-1.326452940702438354e-01,1.474169492721557617e-01,8.054243773221969604e-02,-9.857895970344543457e-01,0.000000000000000000e+00
1.510261148214340210e-01,7.560719251632690430e-01,-3.581858053803443909e-02,9.505144357681274414e-01,-1.580865085124969482e-01,-2.674527764320373535e-01,0.000000000000000000e+00
1.207760497927665710e-01,-1.137155666947364807e-01,-5.183246731758117676e-02,9.457557201385498047e-01,-5.300154536962509155e-02,-3.205260038375854492e-01,0.000000000000000000e+00
2.131384611129760742e-02,-8.335959315299987793e-01,7.915689051151275635e-02,-9.999191761016845703e-01,8.110566996037960052e-03,9.789600037038326263e-03,0.000000000000000000e+00
-1.528925076127052307e-02,-8.114985823631286621e-01,-7.524874806404113770e-02,-3.237733542919158936e-01,-6.129985451698303223e-01,7.206966280937194824e-01,0.000000000000000000e+00
1.213701814413070679e-01,9.091083407402038574e-01,8.744505047798156738e-02,2.655970454216003418e-01,9.591804146766662598e-01,-9.711393713951110840e-02,0.000000000000000000e+00
-1.643615514039993286e-01,-6.357078552246093750e-01,-8.621187880635261536e-03,-9.950555562973022461e-01,4.793934896588325500e-02,-8.698398619890213013e-02,0.000000000000000000e+00
-8.128495514392852783e-02,7.233605980873107910e-01,-8.970973640680313110e-02,-8.157695531845092773e-01,-6.649741530418395996e-02,-5.745416879653930664e-01,0.000000000000000000e+00
5.938464030623435974e-02,-3.110153377056121826e-01,-1.198210716247558594e-01,5.014807581901550293e-01,-2.397225238382816315e-02,-8.648366332054138184e-01,0.000000000000000000e+00
-2.909709885716438293e-02,-5.606654286384582520e-01,1.376333683729171753e-01,1.535810977220535278e-01,1.648372262716293335e-01,9.742902517318725586e-01,0.000000000000000000e+00
-4.208451509475708008e-02,9.922312498092651367e-01,-6.508999969810247421e-03,-8.361798524856567383e-01,5.421943068504333496e-01,8.263509720563888550e-02,0.000000000000000000e+00
-7.405426353216171265e-02,6.636519432067871094e-01,-9.400282055139541626e-02,-8.700147867202758789e-01,-1.742068827152252197e-01,-4.612225294113159180e-01,0.000000000000000000e+00
1.129340380430221558e-01,9.037760496139526367e-01,-7.135763019323348999e-02,-2.309122830629348755e-01,9.710724949836730957e-01,-6.080941110849380493e-02,0.000000000000000000e+00
-1.330916285514831543e-01,-3.400668203830718994e-01,7.092292606830596924e-02,-9.265195131301879883e-01,-3.097556903958320618e-02,3.749694526195526123e-01,0.000000000000000000e+00
-1.020363345742225647e-01,8.642001748085021973e-01,6.277752667665481567e-02,-9.227498173713684082e-01,-7.649714499711990356e-02,3.777312636375427246e-01,0.000000000000000000e+00
8.488234132528305054e-02,-8.296326994895935059e-01,8.380164206027984619e-02,8.084668517112731934e-01,-3.637511655688285828e-02,5.874165892601013184e-01,0.000000000000000000e+00
-5.534563213586807251e-02,-8.722132444381713867e-01,1.273872107267379761e-01,-7.300145924091339111e-02,-8.452900052070617676e-01,5.292972326278686523e-01,0.000000000000000000e+00
1.256028562784194946e-01,6.465480327606201172e-01,6.992120295763015747e-02,6.692476272583007812e-01,-3.759863972663879395e-01,6.408914923667907715e-01,0.000000000000000000e+00
-1.141296923160552979e-01,8.776286840438842773e-01,-2.239771746098995209e-02,-9.753192067146301270e-01,-2.583651430904865265e-02,-2.192828208208084106e-01,0.000000000000000000e+00
1.479963362216949463e-01,7.522498369216918945e-01,-4.462851211428642273e-02,9.429055452346801758e-01,-6.378781050443649292e-02,-3.268949389457702637e-01,0.000000000000000000e+00
8.394608646631240845e-02,-1.319750696420669556e-01,-9.890890866518020630e-02,8.346166014671325684e-01,-2.179207503795623779e-01,-5.058909058570861816e-01,0.000000000000000000e+00
-1.287598311901092529e-01,2.548200264573097229e-02,4.403263702988624573e-02,-9.485836029052734375e-01,-2.081540524959564209e-01,2.384554296731948853e-01,0.000000000000000000e+00
-1.163144260644912720e-01,8.481546044349670410e-01,5.362606141716241837e-03,-9.967711567878723145e-01,-4.983507469296455383e-02,6.295792758464813232e-02,0.000000000000000000e+00
-1.668248733039945364e-04,-8.668635487556457520e-01,-1.426900029182434082e-01,1.050609275698661804e-01,-5.578881502151489258e-01,-8.232393264770507812e-01,0.000000000000000000e+00
-1.316874474287033081e-01,-5.541741251945495605e-01,-8.919446915388107300e-02,-7.723324894905090332e-01,-6.297234445810317993e-03,-6.351872682571411133e-01,0.000000000000000000e+00
-1.635212153196334839e-01,-6.797186732292175293e-01,-3.203295171260833740e-02,-9.717649817466735840e-01,4.611260816454887390e-02,-2.314010858535766602e-01,0.000000000000000000e+00
-1.009859070181846619e-01,-4.864087998867034912e-01,1.114450767636299133e-01,-4.749642610549926758e-01,3.599889203906059265e-02,8.792684674263000488e-01,0.000000000000000000e+00
-2.979938499629497528e-02,8.144403100013732910e-01,1.279462724924087524e-01,-3.537941277027130127e-01,-9.789407253265380859e-02,9.301862716674804688e-01,0.000000000000000000e+00
-5.748802796006202698e-02,-3.357918858528137207e-01,-1.311476677656173706e-01,-8.513271063566207886e-02,-2.896056324243545532e-02,-9.959486722946166992e-01,0.000000000000000000e+00
6.983533501625061035e-02,-3.898035883903503418e-01,1.108547151088714600e-01,5.428826808929443359e-01,1.249872148036956787e-02,8.397155404090881348e-01,0.000000000000000000e+00
-1.471374630928039551e-01,-3.351145088672637939e-01,3.870027884840965271e-02,-9.533069729804992676e-01,-5.676524341106414795e-02,2.966201603412628174e-01,0.000000000000000000e+00
1.147427782416343689e-02,-7.800039649009704590e-01,-1.445251107215881348e-01,1.829100400209426880e-01,3.090315498411655426e-02,-9.826438426971435547e-01,0.000000000000000000e+00
7.742642611265182495e-02,-6.903356909751892090e-01,-1.032511368393898010e-01,7.228069305419921875e-01,2.974563650786876678e-02,-6.904095411300659180e-01,0.000000000000000000e+00
7.312776148319244385e-02,-7.345324754714965820e-02,-1.123260185122489929e-01,6.512122750282287598e-01,1.483018547296524048e-01,-7.442641854286193848e-01,0.000000000000000000e+00
1.100192815065383911e-01,7.610189914703369141e-01,1.032396033406257629e-01,6.444234251976013184e-01,-1.926024556159973145e-01,7.400153875350952148e-01,0.000000000000000000e+00
1.166935637593269348e-01,7.864017970860004425e-03,6.163682043552398682e-02,6.681010127067565918e-01,-1.702720075845718384e-01,7.243261933326721191e-01,0.000000000000000000e+00
-4.735622182488441467e-02,-8.313776850700378418e-01,-8.699704706668853760e-02,-2.816092967987060547e-01,-2.112381458282470703e-01,9.359886050224304199e-01,0.000000000000000000e+00
-6.230513378977775574e-02,4.441961348056793213e-01,-1.108012050390243530e-01,-4.712337851524353027e-01,6.815143860876560211e-03,-8.819820284843444824e-01,0.000000000000000000e+00
6.474339216947555542e-02,1.683666110038757324e-01,-1.177661791443824768e-01,6.034696698188781738e-01,-2.381599843502044678e-01,-7.609889507293701172e-01,0.000000000000000000e+00
3.558723628520965576e-02,8.859247565269470215e-01,1.430772989988327026e-01,-1.248242408037185669e-01,-1.488328129053115845e-01,9.809524416923522949e-01,0.000000000000000000e+00
-1.260975301265716553e-01,-8.297834396362304688e-01,-1.140520796179771423e-01,-7.048338055610656738e-01,1.386013906449079514e-02,-7.092370986938476562e-01,0.000000000000000000e+00
1.219715997576713562e-01,3.499766290187835693e-01,-6.358928233385086060e-02,8.302804231643676758e-01,-1.537472307682037354e-01,-5.357202887535095215e-01,0.000000000000000000e+00
-7.673254609107971191e-02,-3.402395248413085938e-01,1.253939270973205566e-01,-5.156644582748413086e-01,3.943563997745513916e-01,7.606399655342102051e-01,0.000000000000000000e+00
1.135001331567764282e-01,1.233434304594993591e-01,7.249248027801513672e-02,8.732259273529052734e-01,-1.535202413797378540e-01,4.625019133090972900e-01,0.000000000000000000e+00
6.008988991379737854e-02,1.380432695150375366e-01,1.193302348256111145e-01,4.459401965141296387e-01,-1.049761623144149780e-01,8.888854384422302246e-01,0.000000000000000000e+00
1.054950505495071411e-01,4.240656495094299316e-01,8.970759809017181396e-02,7.619584202766418457e-01,-2.535591088235378265e-02,6.471294164657592773e-01,0.000000000000000000e+00
8.123408257961273193e-02,-1.394717991352081299e-01,-9.965632855892181396e-02,8.183656930923461914e-01,-2.599685788154602051e-01,-5.125367641448974609e-01,0.000000000000000000e+00
-8.585832267999649048e-02,-4.334258735179901123e-01,1.200681552290916443e-01,-3.987175822257995605e-01,1.169236525893211365e-01,9.095895290374755859e-01,0.000000000000000000e+00
-7.078979909420013428e-02,-2.858064770698547363e-01,-1.288663148880004883e-01,-3.847746849060058594e-01,2.061175182461738586e-02,-9.227803945541381836e-01,0.000000000000000000e+00
-8.354464918375015259e-02,5.831178277730941772e-02,1.076720058917999268e-01,-6.770528554916381836e-01,1.538356691598892212e-01,7.196763157844543457e-01,0.000000000000000000e+00
6.314840912818908691e-02,-5.045417696237564087e-02,-1.183889582753181458e-01,6.549327373504638672e-01,-2.469621598720550537e-01,-7.141937613487243652e-01,0.000000000000000000e+00
-9.068383276462554932e-02,-5.221597105264663696e-02,1.070256531238555908e-01,-7.012693881988525391e-01,2.095554396510124207e-02,7.125883698463439941e-01,0.000000000000000000e+00
1.084211394190788269e-01,2.099964171648025513e-01,8.447831869125366211e-02,6.497423052787780762e-01,2.242764979600906372e-01,7.263160347938537598e-01,0.000000000000000000e+00
1.350422501564025879e-01,3.103963732719421387e-01,-3.241598978638648987e-02,9.874491691589355469e-01,-3.602527081966400146e-02,-1.537735164165496826e-01,0.000000000000000000e+00
-7.139503210783004761e-02,5.856553316116333008e-01,8.083479851484298706e-02,-8.913170099258422852e-01,-1.462804377079010010e-01,4.291340112686157227e-01,0.000000000000000000e+00
-1.416617631912231445e-01,-3.131204843521118164e-01,5.296665430068969727e-02,-9.532407522201538086e-01,1.994245946407318115e-01,2.270725518465042114e-01,0.000000000000000000e+00
-1.544764339923858643e-01,-3.782296180725097656e-01,-1.732525764964520931e-03,-9.977408051490783691e-01,4.549226164817810059e-02,4.943421855568885803e-02,0.000000000000000000e+00
-9.528631716966629028e-02,-1.079353094100952148e-01,1.009786799550056458e-01,-8.341221809387207031e-01,-1.375900059938430786e-01,5.341433882713317871e-01,0.000000000000000000e+00
1.180581897497177124e-01,-5.068852305412292480e-01,-2.780080027878284454e-02,9.800048470497131348e-01,-5.094156041741371155e-02,-1.923419833183288574e-01,0.000000000000000000e+00
1.338418275117874146e-01,6.884897947311401367e-01,-6.509904563426971436e-02,8.150243163108825684e-01,-2.994163930416107178e-01,-4.960697591304779053e-01,0.000000000000000000e+00
-1.223493516445159912e-01,-4.092647880315780640e-02,7.047706097364425659e-02,-8.807953000068664551e-01,2.217872291803359985e-01,4.183420538902282715e-01,0.000000000000000000e+00
-1.025333479046821594e-01,8.653837442398071289e-01,6.180308386683464050e-02,-9.227498173713684082e-01,-7.649714499711990356e-02,3.777312636375427246e-01,0.000000000000000000e+00
1.460569947957992554e-01,9.024955630302429199e-01,-7.090116292238235474e-02,5.157090425491333008e-01,8.290493488311767578e-01,-2.161512225866317749e-01,0.000000000000000000e+00
3.482973948121070862e-02,3.517532348632812500e-01,1.289831697940826416e-01,2.569429576396942139e-01,-1.217280924320220947e-01,9.587296843528747559e-01,0.000000000000000000e+00
-1.404362767934799194e-01,-4.756147861480712891e-01,6.995303183794021606e-02,-7.731950879096984863e-01,-1.036097928881645203e-01,6.256471872329711914e-01,0.000000000000000000e+00
-1.085133999586105347e-01,-1.217368692159652710e-01,9.241127222776412964e-02,-6.466391682624816895e-01,3.949380293488502502e-02,7.617729306221008301e-01,0.000000000000000000e+00
-7.683696597814559937e-02,8.285079151391983032e-02,1.095416620373725891e-01,-5.361859202384948730e-01,1.122739762067794800e-01,8.365997672080993652e-01,0.000000000000000000e+00
3.217514231801033020e-02,2.959564924240112305e-01,-1.260973811149597168e-01,1.684765666723251343e-01,2.484351098537445068e-01,-9.538844823837280273e-01,0.000000000000000000e+00
-3.387257829308509827e-02,-3.972143828868865967e-01,-1.398805826902389526e-01,-1.627441644668579102e-01,6.257986277341842651e-02,-9.846817255020141602e-01,0.000000000000000000e+00
1.272742450237274170e-01,-1.371836364269256592e-01,-1.175236050039529800e-02,9.953906536102294922e-01,-4.133853316307067871e-02,-8.653686195611953735e-02,0.000000000000000000e+00
6.393580883741378784e-02,-5.484285950660705566e-01,1.103125140070915222e-01,5.571222901344299316e-01,-2.139127105474472046e-01,8.024064302444458008e-01,0.000000000000000000e+00
-1.414424329996109009e-01,-8.433327078819274902e-02,-1.426327321678400040e-02,-9.940829277038574219e-01,5.276050046086311340e-02,-9.494996070861816406e-02,0.000000000000000000e+00
-1.314676403999328613e-01,1.204586029052734375e-01,2.621489763259887695e-02,-9.928383827209472656e-01,1.165765225887298584e-01,-2.611140161752700806e-02,0.000000000000000000e+00
1.203399077057838440e-01,-1.110204774886369705e-02,5.217060446739196777e-02,9.513697028160095215e-01,-7.675487082451581955e-03,3.079557418823242188e-01,0.000000000000000000e+00
-1.185939088463783264e-01,-8.164794445037841797e-01,-5.189704149961471558e-02,6.828019618988037109e-01,1.323260515928268433e-01,7.185202240943908691e-01,0.000000000000000000e+00
7.000906020402908325e-02,2.869437634944915771e-01,-1.173426806926727295e-01,3.996982872486114502e-01,1.020764634013175964e-01,-9.109454751014709473e-01,0.000000000000000000e+00
9.707473218441009521e-02,-6.873703598976135254e-01,-7.659189403057098389e-02,8.595447540283203125e-01,-2.093555592000484467e-02,-5.106315016746520996e-01,0.000000000000000000e+00
-6.981018465012311935e-03,-7.746393084526062012e-01,1.378938406705856323e-01,1.124198436737060547e-01,1.199431368149816990e-03,9.936600923538208008e-01,0.000000000000000000e+00
1.187793612480163574e-01,7.055444270372390747e-02,6.208500266075134277e-02,8.004917502403259277e-01,4.231327772140502930e-02,5.978482365608215332e-01,0.000000000000000000e+00
1.366475671529769897e-01,4.759104251861572266e-01,3.741073608398437500e-02,9.450298547744750977e-01,1.724978908896446228e-02,3.265287578105926514e-01,0.000000000000000000e+00
1.523703057318925858e-02,-2.149855531752109528e-02,-1.382395923137664795e-01,1.328987032175064087e-01,4.840479046106338501e-02,-9.899469017982482910e-01,0.000000000000000000e+00
1.908504217863082886e-02,-8.506234288215637207e-01,6.925873458385467529e-02,-8.722436428070068359e-01,-4.438826441764831543e-02,4.870531260967254639e-01,0.000000000000000000e+00
-5.960319191217422485e-02,-8.713402748107910156e-01,-1.334349662065505981e-01,-1.561938077211380005e-01,-9.023458957672119141e-01,-4.017155468463897705e-01,0.000000000000000000e+00
-7.604633923619985580e-03,-8.391582369804382324e-01,8.820615708827972412e-02,2.366136163473129272e-01,-3.673364222049713135e-01,-8.994876146316528320e-01,0.000000000000000000e+00
-7.960753887891769409e-02,-8.422255516052246094e-01,5.260173976421356201e-02,7.859394550323486328e-01,-2.196767479181289673e-01,-5.779630541801452637e-01,0.000000000000000000e+00
-2.050592936575412750e-02,-2.858455851674079895e-02,-1.378288418054580688e-01,-1.947423815727233887e-01,4.483245313167572021e-02,-9.798293113708496094e-01,0.000000000000000000e+00
-1.123683676123619080e-01,-3.226053416728973389e-01,9.480544179677963257e-02,-7.114359140396118164e-01,-2.406031638383865356e-01,6.602795124053955078e-01,0.000000000000000000e+00
8.168964087963104248e-02,-3.783721625804901123e-01,-1.036961749196052551e-01,3.910042047500610352e-01,-8.741516619920730591e-02,-9.162282943725585938e-01,0.000000000000000000e+00
