1.868323236703872681e-01,-8.253180980682373047e-02,-4.078804329037666321e-02,8.701034784317016602e-01,4.448604881763458252e-01,-2.121769338846206665e-01,0.000000000000000000e+00
5.037906169891357422e-01,-6.946206688880920410e-01,-5.878093838691711426e-02,8.018496632575988770e-01,5.310713052749633789e-01,-2.738620042800903320e-01,0.000000000000000000e+00
4.553001224994659424e-01,-7.827229499816894531e-01,-9.716933965682983398e-02,4.534879922866821289e-01,-7.984895706176757812e-01,3.959331512451171875e-01,0.000000000000000000e+00
-1.017246022820472717e-01,2.530462741851806641e-01,1.265686005353927612e-01,1.347846537828445435e-01,-2.927446179091930389e-02,9.904423952102661133e-01,0.000000000000000000e+00
2.768707573413848877e-01,-5.445830821990966797e-01,1.200478076934814453e-01,-1.343687921762466431e-01,2.101629227399826050e-02,9.907085299491882324e-01,0.000000000000000000e+00
4.336825013160705566e-01,-8.990597724914550781e-01,2.633408643305301666e-02,4.450233280658721924e-01,-8.953920006752014160e-01,-1.508013252168893814e-02,0.000000000000000000e+00
-2.334271520376205444e-01,3.686629533767700195e-01,1.232718080282211304e-01,-1.339215934276580811e-01,-4.545918107032775879e-02,9.899487495422363281e-01,0.000000000000000000e+00
-4.657003879547119141e-01,6.342663168907165527e-01,7.013031095266342163e-02,-7.122523188591003418e-01,-4.046137034893035889e-01,5.735716223716735840e-01,0.000000000000000000e+00
5.877497047185897827e-02,-8.092147111892700195e-02,-1.394606828689575195e-01,5.444435775279998779e-02,4.813103005290031433e-03,-9.985052347183227539e-01,0.000000000000000000e+00
-1.804230511188507080e-01,1.673599928617477417e-01,1.007186248898506165e-01,-3.796452879905700684e-01,-1.138454899191856384e-01,9.181005954742431641e-01,0.000000000000000000e+00
-2.621487081050872803e-01,7.982043623924255371e-01,-4.453260824084281921e-02,8.716266155242919922e-01,4.646521508693695068e-01,-1.560942232608795166e-01,0.000000000000000000e+00
3.713554441928863525e-01,-7.432938814163208008e-01,-1.376795321702957153e-01,-1.880534887313842773e-01,-1.599572151899337769e-01,-9.690456986427307129e-01,0.000000000000000000e+00
3.582420647144317627e-01,-4.838069677352905273e-01,7.128928601741790771e-02,5.413203835487365723e-01,1.850548386573791504e-01,8.201993703842163086e-01,0.000000000000000000e+00
4.196206331253051758e-01,-7.956285476684570312e-01,1.438330113887786865e-01,1.345444619655609131e-01,1.932222843170166016e-01,9.718862771987915039e-01,0.000000000000000000e+00
-3.590341806411743164e-01,5.291223526000976562e-01,-1.342474520206451416e-01,-4.088488221168518066e-01,-2.819754183292388916e-01,-8.679472804069519043e-01,0.000000000000000000e+00
-2.076851725578308105e-01,5.416812896728515625e-01,1.101818606257438660e-01,5.473836660385131836e-01,2.054778337478637695e-01,8.112644553184509277e-01,0.000000000000000000e+00
-1.351102441549301147e-01,4.804804623126983643e-01,8.247704803943634033e-02,6.167622208595275879e-01,4.193649291992187500e-01,6.661362051963806152e-01,0.000000000000000000e+00
-9.283667802810668945e-02,1.420984566211700439e-01,-1.420307904481887817e-01,-2.423225194215774536e-01,-8.403003215789794922e-02,-9.665499329566955566e-01,0.000000000000000000e+00
-2.332876920700073242e-01,6.437071561813354492e-01,9.357909858226776123e-02,6.147433519363403320e-01,3.008193969726562500e-01,7.291078567504882812e-01,0.000000000000000000e+00
-2.062285318970680237e-02,3.206109106540679932e-01,3.722627088427543640e-02,8.158379197120666504e-01,4.853871464729309082e-01,3.143370449542999268e-01,0.000000000000000000e+00
-2.670145034790039062e-01,2.766789793968200684e-01,7.740695029497146606e-02,-5.741021037101745605e-01,-4.026593863964080811e-01,7.129321098327636719e-01,0.000000000000000000e+00
-3.595018684864044189e-01,5.593371391296386719e-01,1.160256713628768921e-01,-3.795761764049530029e-01,-2.614311873912811279e-01,8.874546289443969727e-01,0.000000000000000000e+00
-9.503871202468872070e-02,1.329478025436401367e-01,-1.406046897172927856e-01,-2.484029680490493774e-01,-9.760893136262893677e-02,-9.637263417243957520e-01,0.000000000000000000e+00
-1.877644062042236328e-01,6.485220193862915039e-01,2.104495838284492493e-02,8.601114749908447266e-01,4.358620345592498779e-01,2.650142610073089600e-01,0.000000000000000000e+00
-2.576744258403778076e-01,3.440646827220916748e-01,-1.318879127502441406e-01,-4.152528047561645508e-01,-3.012277185916900635e-01,-8.583862781524658203e-01,0.000000000000000000e+00
2.225103043019771576e-02,5.924658104777336121e-02,1.181207150220870972e-01,3.708547651767730713e-01,2.114504128694534302e-01,9.042983055114746094e-01,0.000000000000000000e+00
-3.755177557468414307e-01,6.935222744941711426e-01,4.369233548641204834e-02,-2.698814123868942261e-02,9.472220540046691895e-01,-3.194401562213897705e-01,0.000000000000000000e+00
-2.056708186864852905e-01,4.723610877990722656e-01,1.259410530328750610e-01,1.478762775659561157e-01,-5.129078403115272522e-02,9.876749515533447266e-01,0.000000000000000000e+00
-5.651025846600532532e-02,3.900789618492126465e-01,-4.935879632830619812e-02,8.749962449073791504e-01,4.351218938827514648e-01,-2.122509777545928955e-01,0.000000000000000000e+00
-3.857500553131103516e-01,6.689507365226745605e-01,1.681414619088172913e-02,-3.546746969223022461e-01,8.938706517219543457e-01,-2.742283046245574951e-01,0.000000000000000000e+00
-1.014879867434501648e-01,4.326624870300292969e-01,-9.168102592229843140e-02,6.919976472854614258e-01,3.149012029170989990e-01,-6.495971679687500000e-01,0.000000000000000000e+00
3.950060904026031494e-01,-5.189389586448669434e-01,5.859303846955299377e-02,7.591447830200195312e-01,4.403383135795593262e-01,4.793759882450103760e-01,0.000000000000000000e+00
-7.797355204820632935e-02,4.422463178634643555e-01,1.604125835001468658e-02,8.268853425979614258e-01,5.290713310241699219e-01,1.906413584947586060e-01,0.000000000000000000e+00
4.408337473869323730e-01,-7.856413125991821289e-01,1.212068721652030945e-01,-7.557164877653121948e-03,-5.257110595703125000e-01,-8.506296277046203613e-01,0.000000000000000000e+00
-1.002964749932289124e-01,4.698324203491210938e-01,4.523061588406562805e-02,7.888710498809814453e-01,2.638711929321289062e-01,5.550265312194824219e-01,0.000000000000000000e+00
1.077673435211181641e-01,-3.674896955490112305e-01,-1.108778193593025208e-01,-5.208317637443542480e-01,-2.140652388334274292e-01,-8.263838887214660645e-01,0.000000000000000000e+00
-3.235474824905395508e-01,3.166158795356750488e-01,-1.671967655420303345e-02,-8.772726058959960938e-01,-4.799469709396362305e-01,6.606329698115587234e-03,0.000000000000000000e+00
-3.144628405570983887e-01,3.424790501594543457e-01,6.674684584140777588e-02,-7.671034932136535645e-01,-4.503997266292572021e-01,4.568285644054412842e-01,0.000000000000000000e+00
4.492546319961547852e-01,-8.735567927360534668e-01,-7.069186121225357056e-02,-4.353884980082511902e-02,-2.621355354785919189e-01,-9.640483856201171875e-01,0.000000000000000000e+00
5.148032307624816895e-01,-7.430248856544494629e-01,-8.873791247606277466e-02,6.253338456153869629e-01,5.197139382362365723e-01,-5.821124911308288574e-01,0.000000000000000000e+00
-3.044477701187133789e-01,7.475365996360778809e-01,-1.355041861534118652e-01,5.190696716308593750e-01,2.319864779710769653e-01,-8.226475715637207031e-01,0.000000000000000000e+00
3.852744698524475098e-01,-8.626457452774047852e-01,-3.337872028350830078e-02,-7.858121395111083984e-01,-5.103760361671447754e-01,-3.493072092533111572e-01,0.000000000000000000e+00
-1.444231569766998291e-01,4.742290973663330078e-01,-1.147305667400360107e-01,6.951177716255187988e-01,2.499639689922332764e-01,-6.740395426750183105e-01,0.000000000000000000e+00
2.545303292572498322e-02,-1.965943723917007446e-01,1.106435358524322510e-01,-5.048443078994750977e-01,-2.574343681335449219e-01,8.239294886589050293e-01,0.000000000000000000e+00
-6.963223218917846680e-02,8.844765275716781616e-02,1.257296353578567505e-01,-2.121429294347763062e-01,6.477467715740203857e-02,9.750895500183105469e-01,0.000000000000000000e+00
-2.207723408937454224e-01,3.276844918727874756e-01,1.200178712606430054e-01,-1.632177531719207764e-01,-1.652526557445526123e-01,9.726517796516418457e-01,0.000000000000000000e+00
6.702979654073715210e-02,1.455283313989639282e-01,-5.117907375097274780e-02,8.489548563957214355e-01,4.261741936206817627e-01,-3.124919235706329346e-01,0.000000000000000000e+00
-1.125737875699996948e-01,1.095679253339767456e-01,-1.357355862855911255e-01,1.011028364300727844e-01,-2.139845192432403564e-01,-9.715908765792846680e-01,0.000000000000000000e+00
-5.105288624763488770e-01,7.065184712409973145e-01,2.862654253840446472e-02,-5.321587324142456055e-01,8.451809883117675781e-01,4.976174235343933105e-02,0.000000000000000000e+00
-2.842434942722320557e-01,7.402283549308776855e-01,-1.234018430113792419e-01,6.118320822715759277e-01,2.802666127681732178e-01,-7.396702766418457031e-01,0.000000000000000000e+00
3.945024907588958740e-01,-8.025271296501159668e-01,-1.110309883952140808e-01,3.027652204036712646e-01,-7.906479239463806152e-01,-5.321739315986633301e-01,0.000000000000000000e+00
-4.445950388908386230e-01,5.450393557548522949e-01,1.082164980471134186e-02,-8.523241877555847168e-01,-4.804691076278686523e-01,2.066225260496139526e-01,0.000000000000000000e+00
4.475978389382362366e-02,1.533477846533060074e-02,-1.335832178592681885e-01,2.508207559585571289e-01,1.956999450922012329e-01,-9.480456113815307617e-01,0.000000000000000000e+00
-1.724451631307601929e-01,4.061027243733406067e-02,1.713443733751773834e-02,-8.568151593208312988e-01,-4.696809649467468262e-01,2.127618789672851562e-01,0.000000000000000000e+00
4.324150383472442627e-01,-6.143240332603454590e-01,-9.173669666051864624e-02,6.270037293434143066e-01,3.067882359027862549e-01,-7.160637974739074707e-01,0.000000000000000000e+00
1.084842979907989502e-01,-1.636611670255661011e-01,-1.359843015670776367e-01,-2.410031110048294067e-01,7.891409099102020264e-02,-9.673107266426086426e-01,0.000000000000000000e+00
1.676766127347946167e-01,-9.172599017620086670e-02,7.540213316679000854e-02,7.745807170867919922e-01,2.386846840381622314e-01,5.857083797454833984e-01,0.000000000000000000e+00
-2.202720344066619873e-01,1.297144591808319092e-01,1.537222601473331451e-02,-8.622956871986389160e-01,-4.635497331619262695e-01,2.038819491863250732e-01,0.000000000000000000e+00
4.160811901092529297e-01,-5.949914455413818359e-01,8.821227401494979858e-02,6.340828537940979004e-01,3.679114580154418945e-01,6.801323890686035156e-01,0.000000000000000000e+00
-2.757808864116668701e-01,2.343908399343490601e-01,1.805331371724605560e-02,-8.591918349266052246e-01,-4.655721783638000488e-01,2.122072726488113403e-01,0.000000000000000000e+00
1.347003728151321411e-01,-1.766012907028198242e-01,1.221149340271949768e-01,2.520439326763153076e-01,1.087714061141014099e-01,9.615833759307861328e-01,0.000000000000000000e+00
4.142311811447143555e-01,-5.905075073242187500e-01,-9.468578547239303589e-02,5.818768143653869629e-01,4.926281273365020752e-01,-6.470988392829895020e-01,0.000000000000000000e+00
5.178425908088684082e-01,-7.109877467155456543e-01,5.556545406579971313e-02,7.529618740081787109e-01,5.468258261680603027e-01,3.661009669303894043e-01,0.000000000000000000e+00
1.052742600440979004e-01,-4.568790793418884277e-01,-5.787482112646102905e-02,-8.073375225067138672e-01,-4.422629475593566895e-01,-3.906528353691101074e-01,0.000000000000000000e+00
2.973684072494506836e-01,-8.058220148086547852e-01,-8.569972217082977295e-02,-6.778645515441894531e-01,-2.962747514247894287e-01,-6.728454232215881348e-01,0.000000000000000000e+00
-2.462185323238372803e-01,4.743793606758117676e-01,1.269782036542892456e-01,2.954966761171817780e-02,-2.006089836359024048e-01,9.792256355285644531e-01,0.000000000000000000e+00
4.324485361576080322e-01,-5.540111064910888672e-01,2.660231431946158409e-03,8.763111233711242676e-01,4.714755117893218994e-01,9.894240647554397583e-02,0.000000000000000000e+00
-3.285423815250396729e-01,7.970313429832458496e-01,-1.221218705177307129e-01,-2.356846183538436890e-01,9.158043265342712402e-01,-3.252002596855163574e-01,0.000000000000000000e+00
5.338431522250175476e-02,1.001270115375518799e-01,-1.041082069277763367e-01,7.887101173400878906e-01,2.616835534572601318e-01,-5.562895536422729492e-01,0.000000000000000000e+00
1.240888908505439758e-01,-3.398128319531679153e-03,7.434528321027755737e-02,7.859202027320861816e-01,2.150786519050598145e-01,5.797159671783447266e-01,0.000000000000000000e+00
1.612004637718200684e-01,-2.811107598245143890e-02,-3.090550377964973450e-02,8.787775635719299316e-01,4.085589647293090820e-01,-2.466364949941635132e-01,0.000000000000000000e+00
-7.222385704517364502e-02,-1.425177007913589478e-01,2.641909569501876831e-02,-8.640453219413757324e-01,-4.531626701354980469e-01,2.192470133304595947e-01,0.000000000000000000e+00
2.277124822139739990e-01,-1.611399650573730469e-01,-3.608714416623115540e-02,8.766978383064270020e-01,4.432877004146575928e-01,-1.868070960044860840e-01,0.000000000000000000e+00
-2.617017030715942383e-01,2.054926753044128418e-01,-3.294631466269493103e-02,-8.649863004684448242e-01,-4.798381924629211426e-01,-1.468129158020019531e-01,0.000000000000000000e+00
-3.857436776161193848e-01,7.280202507972717285e-01,1.294256597757339478e-01,-4.558375850319862366e-02,2.802374027669429779e-02,9.985673427581787109e-01,0.000000000000000000e+00
-3.622895181179046631e-01,4.067829251289367676e-01,3.746756538748741150e-02,-8.220273852348327637e-01,-4.492341578006744385e-01,3.499423265457153320e-01,0.000000000000000000e+00
2.891504764556884766e-02,2.168488055467605591e-01,4.779988154768943787e-02,8.159451484680175781e-01,3.602977693080902100e-01,4.521272182464599609e-01,0.000000000000000000e+00
3.912054002285003662e-01,-8.969985842704772949e-01,-1.460360921919345856e-02,-7.185690402984619141e-01,-5.522055029869079590e-01,-4.227619171142578125e-01,0.000000000000000000e+00
1.242295354604721069e-01,3.380136191844940186e-02,3.717909753322601318e-02,8.459613919258117676e-01,5.250334739685058594e-01,9.321577847003936768e-02,0.000000000000000000e+00
-3.165957033634185791e-01,7.327936887741088867e-01,-7.388981431722640991e-02,-4.175998270511627197e-02,4.485874623060226440e-02,9.981201291084289551e-01,0.000000000000000000e+00
-2.111335694789886475e-01,6.988043189048767090e-01,-3.912528604269027710e-02,8.824113011360168457e-01,4.278242290019989014e-01,-1.957466453313827515e-01,0.000000000000000000e+00
2.078748047351837158e-01,-6.295188069343566895e-01,7.211824506521224976e-02,-7.470153570175170898e-01,-1.799027174711227417e-01,6.400024294853210449e-01,0.000000000000000000e+00
-1.516903638839721680e-01,5.614212751388549805e-01,-7.124348729848861694e-02,8.486900925636291504e-01,4.162931144237518311e-01,-3.262286782264709473e-01,0.000000000000000000e+00
3.466570079326629639e-01,-6.734878420829772949e-01,1.351990848779678345e-01,9.995742887258529663e-02,2.342884428799152374e-02,9.947158098220825195e-01,0.000000000000000000e+00
-3.521062433719635010e-01,7.408258914947509766e-01,5.609843507409095764e-02,-2.583527863025665283e-01,8.905227482318878174e-02,-9.619373679161071777e-01,0.000000000000000000e+00
4.487079977989196777e-01,-6.252940893173217773e-01,-8.102085441350936890e-02,6.903402209281921387e-01,4.832567572593688965e-01,-5.384173989295959473e-01,0.000000000000000000e+00
1.668116310611367226e-03,-1.283169165253639221e-02,1.278221607208251953e-01,-8.337341248989105225e-02,2.841414138674736023e-02,9.961131811141967773e-01,0.000000000000000000e+00
1.333268284797668457e-01,-1.409721374511718750e-01,1.154051944613456726e-01,2.993001341819763184e-01,2.593595981597900391e-01,9.182330965995788574e-01,0.000000000000000000e+00
1.718870699405670166e-01,-4.696815609931945801e-01,1.104612424969673157e-01,-3.919771015644073486e-01,-3.254873752593994141e-01,8.604719042778015137e-01,0.000000000000000000e+00
3.947840034961700439e-01,-8.791410326957702637e-01,4.365513473749160767e-02,-7.373545169830322266e-01,-5.740141868591308594e-01,3.561124205589294434e-01,0.000000000000000000e+00
-5.233165249228477478e-02,1.769574582576751709e-01,1.225907057523727417e-01,3.067464530467987061e-01,2.330485135316848755e-01,9.228190779685974121e-01,0.000000000000000000e+00
3.307118713855743408e-01,-8.039581179618835449e-01,-1.143358945846557617e-01,-4.383839964866638184e-01,-1.777054667472839355e-01,-8.810449838638305664e-01,0.000000000000000000e+00
-4.477522373199462891e-01,6.992946863174438477e-01,-9.350310266017913818e-02,6.206430196762084961e-01,2.228132337331771851e-01,7.517689466476440430e-01,0.000000000000000000e+00
-1.708399504423141479e-01,7.233054935932159424e-02,-8.212034404277801514e-02,-6.947779655456542969e-01,-2.912715375423431396e-01,-6.576051115989685059e-01,0.000000000000000000e+00
1.966124773025512695e-01,-5.033584833145141602e-01,-1.084792241454124451e-01,-2.676137685775756836e-01,-4.543657600879669189e-01,-8.496673703193664551e-01,0.000000000000000000e+00
4.896985590457916260e-01,-7.547467947006225586e-01,1.197749152779579163e-01,7.099657654762268066e-01,1.339973062276840210e-01,6.913706064224243164e-01,0.000000000000000000e+00
3.014283254742622375e-02,-3.025010526180267334e-01,6.802727282047271729e-02,-6.587116718292236328e-01,-4.912734925746917725e-01,5.698677897453308105e-01,0.000000000000000000e+00
3.480381146073341370e-02,1.346649825572967529e-01,8.888164162635803223e-02,6.878086924552917480e-01,5.487948656082153320e-01,4.751246571540832520e-01,0.000000000000000000e+00
3.783598244190216064e-01,-5.446634292602539062e-01,9.228059649467468262e-02,6.418328285217285156e-01,3.274725079536437988e-01,6.934063434600830078e-01,0.000000000000000000e+00
-2.011032104492187500e-01,2.471021115779876709e-01,-1.341901123523712158e-01,-5.920147895812988281e-01,-2.278542965650558472e-01,-7.730464935302734375e-01,0.000000000000000000e+00
-9.901294112205505371e-02,4.645655453205108643e-01,4.591029882431030273e-02,7.888710498809814453e-01,2.638711929321289062e-01,5.550265312194824219e-01,0.000000000000000000e+00
3.707165420055389404e-01,-4.968586564064025879e-01,-6.875800341367721558e-02,7.289188504219055176e-01,3.882825672626495361e-01,-5.638386011123657227e-01,0.000000000000000000e+00
4.041616022586822510e-01,-6.402556896209716797e-01,1.181308105587959290e-01,3.130362033843994141e-01,3.730951249599456787e-01,8.733890056610107422e-01,0.000000000000000000e+00
-4.365787208080291748e-01,5.464739203453063965e-01,3.793999925255775452e-02,-8.047010302543640137e-01,-4.494189620018005371e-01,3.879160881042480469e-01,0.000000000000000000e+00
3.892201781272888184e-01,-4.847245812416076660e-01,4.078818950802087784e-03,7.791485786437988281e-01,6.205862760543823242e-01,8.831866830587387085e-02,0.000000000000000000e+00
1.227127667516469955e-02,-2.912982702255249023e-01,-6.004846841096878052e-02,-8.724298477172851562e-01,-3.540467619895935059e-01,-3.369229137897491455e-01,0.000000000000000000e+00
-5.066698193550109863e-01,7.062225937843322754e-01,-7.542786747217178345e-02,-7.247879505157470703e-01,6.552029252052307129e-01,-2.130528241395950317e-01,0.000000000000000000e+00
-7.860814034938812256e-02,4.023757874965667725e-01,-8.105179667472839355e-02,7.390890121459960938e-01,3.598480522632598877e-01,-5.694354772567749023e-01,0.000000000000000000e+00
-1.652623713016510010e-01,4.613656401634216309e-01,-1.333597600460052490e-01,2.916498184204101562e-01,3.518742322921752930e-01,-8.894520401954650879e-01,0.000000000000000000e+00
3.341237902641296387e-01,-4.911563694477081299e-01,-9.552999585866928101e-02,5.832051634788513184e-01,-1.039198413491249084e-01,-8.056502938270568848e-01,0.000000000000000000e+00
-2.605847716331481934e-01,6.017760038375854492e-01,1.186566799879074097e-01,3.701393902301788330e-01,1.200232654809951782e-01,9.211901426315307617e-01,0.000000000000000000e+00
3.889689147472381592e-01,-7.313738465309143066e-01,1.380752921104431152e-01,2.621834166347980499e-02,7.236041128635406494e-02,9.970338940620422363e-01,0.000000000000000000e+00
2.512747943401336670e-01,-2.049394398927688599e-01,3.387245163321495056e-02,8.384331464767456055e-01,4.370844364166259766e-01,3.255565166473388672e-01,0.000000000000000000e+00
6.871125847101211548e-02,-3.553741797804832458e-02,1.193014159798622131e-01,2.724425792694091797e-01,1.273446828126907349e-01,9.537076950073242188e-01,0.000000000000000000e+00
-2.914988994598388672e-01,6.682130694389343262e-01,-1.453450024127960205e-01,3.350043296813964844e-01,1.343912780284881592e-01,-9.325830340385437012e-01,0.000000000000000000e+00
3.434221744537353516e-01,-3.820558488368988037e-01,1.554229017347097397e-02,9.108480215072631836e-01,4.035371541976928711e-01,8.668130636215209961e-02,0.000000000000000000e+00
1.776635199785232544e-01,-5.544214844703674316e-01,4.785962775349617004e-02,-9.575550556182861328e-01,-1.932096630334854126e-01,2.139118760824203491e-01,0.000000000000000000e+00
-3.923830389976501465e-01,4.617899060249328613e-01,-6.464916467666625977e-02,-7.793541550636291504e-01,-4.830380082130432129e-01,-3.991006910800933838e-01,0.000000000000000000e+00
-1.872302889823913574e-01,6.099297404289245605e-01,-8.688043802976608276e-02,7.026650905609130859e-01,4.564663469791412354e-01,-5.458023548126220703e-01,0.000000000000000000e+00
1.193291395902633667e-01,2.628312504384666681e-04,7.930121570825576782e-02,6.804590225219726562e-01,1.512852013111114502e-01,7.169995307922363281e-01,0.000000000000000000e+00
-2.808452546596527100e-01,5.457006692886352539e-01,-1.510259360074996948e-01,9.848892688751220703e-02,-4.761514812707901001e-02,-9.939983487129211426e-01,0.000000000000000000e+00
2.333111017942428589e-01,-4.119575321674346924e-01,1.273939460515975952e-01,9.049706906080245972e-02,1.472270023077726364e-02,9.957879185676574707e-01,0.000000000000000000e+00
-2.055485099554061890e-01,1.538674533367156982e-01,-8.906159549951553345e-02,-5.914692282676696777e-01,-2.861804664134979248e-01,-7.538334727287292480e-01,0.000000000000000000e+00
5.154867097735404968e-02,-3.308339118957519531e-01,-8.198277652263641357e-02,-7.937952280044555664e-01,-1.843175143003463745e-01,-5.795827507972717285e-01,0.000000000000000000e+00
1.983609944581985474e-01,-9.646248817443847656e-02,1.136470679193735123e-02,9.235523343086242676e-01,3.797518908977508545e-01,5.328773707151412964e-02,0.000000000000000000e+00
-2.647368907928466797e-01,7.451170682907104492e-01,7.598982006311416626e-02,7.331561446189880371e-01,3.636229932308197021e-01,5.746828913688659668e-01,0.000000000000000000e+00
5.170631408691406250e-01,-8.431401252746582031e-01,2.126522921025753021e-02,9.579634070396423340e-01,2.252123206853866577e-01,1.777231544256210327e-01,0.000000000000000000e+00
2.127614058554172516e-02,1.159963905811309814e-01,-1.235036477446556091e-01,5.326969623565673828e-01,2.049632072448730469e-01,-8.211114406585693359e-01,0.000000000000000000e+00
4.466833174228668213e-01,-5.839836597442626953e-01,3.455417975783348083e-02,8.075436353683471680e-01,5.250451564788818359e-01,2.687021493911743164e-01,0.000000000000000000e+00
2.833632230758666992e-01,-2.970770597457885742e-01,6.189872696995735168e-02,8.060069084167480469e-01,3.863450884819030762e-01,4.484310150146484375e-01,0.000000000000000000e+00
-1.845498681068420410e-01,4.961062967777252197e-01,1.108495295047760010e-01,4.303293824195861816e-01,1.608244329690933228e-01,8.882297873497009277e-01,0.000000000000000000e+00
1.550303995609283447e-01,-7.079511880874633789e-02,-9.095467627048492432e-02,3.149774074554443359e-01,3.611120209097862244e-02,-9.484119415283203125e-01,0.000000000000000000e+00
-2.014876902103424072e-01,6.731791496276855469e-01,-5.004100874066352844e-02,8.546283841133117676e-01,3.988292217254638672e-01,-3.324838578701019287e-01,0.000000000000000000e+00
6.101941317319869995e-02,1.754089742898941040e-01,5.054833367466926575e-03,8.802773356437683105e-01,4.719562232494354248e-01,-4.867355898022651672e-02,0.000000000000000000e+00
-3.626428544521331787e-01,6.913070082664489746e-01,3.603567183017730713e-02,-2.698814123868942261e-02,9.472220540046691895e-01,-3.194401562213897705e-01,0.000000000000000000e+00
-2.773166000843048096e-01,8.092244863510131836e-01,-6.897740066051483154e-02,6.952298283576965332e-01,6.400820016860961914e-01,-3.270328640937805176e-01,0.000000000000000000e+00
1.958150714635848999e-01,-5.644541382789611816e-01,7.705463469028472900e-02,-8.170458078384399414e-01,-2.131964862346649170e-01,5.357083082199096680e-01,0.000000000000000000e+00
-3.282976746559143066e-01,3.466579616069793701e-01,4.134333506226539612e-02,-8.418952226638793945e-01,-4.302905201911926270e-01,3.256724178791046143e-01,0.000000000000000000e+00
-7.519828528165817261e-02,4.356400370597839355e-01,-2.864994481205940247e-02,8.777545690536499023e-01,4.434915781021118164e-01,-1.812792271375656128e-01,0.000000000000000000e+00
1.519041210412979126e-01,-8.500136435031890869e-02,8.880828320980072021e-02,5.156671404838562012e-01,3.839681744575500488e-01,7.659346461296081543e-01,0.000000000000000000e+00
-9.730576723814010620e-02,4.771553575992584229e-01,-3.329630941152572632e-02,8.813016414642333984e-01,4.460127055644989014e-01,-1.561413258314132690e-01,0.000000000000000000e+00
-1.587092578411102295e-01,8.242297172546386719e-02,8.494908362627029419e-02,-5.380026102066040039e-01,-4.139391779899597168e-01,7.343075275421142578e-01,0.000000000000000000e+00
2.439810931682586670e-01,-5.404111146926879883e-01,-1.134671643376350403e-01,-3.796689212322235107e-01,-3.955075442790985107e-01,-8.363165259361267090e-01,0.000000000000000000e+00
-1.676034927368164062e-02,-2.368995994329452515e-01,-6.014484167098999023e-02,-8.218877315521240234e-01,-4.592311680316925049e-01,-3.370567560195922852e-01,0.000000000000000000e+00
2.700380794703960419e-02,-1.239759251475334167e-01,1.218537911772727966e-01,-2.821562588214874268e-01,-1.561514735221862793e-01,9.465751647949218750e-01,0.000000000000000000e+00
2.574981749057769775e-01,-3.827618658542633057e-01,1.172826290130615234e-01,3.141669034957885742e-01,1.727569103240966797e-01,9.335170984268188477e-01,0.000000000000000000e+00
-3.545894026756286621e-01,7.806718349456787109e-01,1.168300360441207886e-01,-7.376344501972198486e-02,6.562174558639526367e-01,7.509577870368957520e-01,0.000000000000000000e+00
-1.069820672273635864e-01,5.957632139325141907e-02,1.048132255673408508e-01,-2.975470125675201416e-01,1.802894622087478638e-01,9.375294446945190430e-01,0.000000000000000000e+00
1.308671683073043823e-01,-5.596416443586349487e-02,9.487930685281753540e-02,5.223926305770874023e-01,4.378691017627716064e-01,7.316943407058715820e-01,0.000000000000000000e+00
-1.505915671586990356e-01,3.128305077552795410e-01,-1.430907100439071655e-01,2.238609343767166138e-01,3.751558661460876465e-01,-8.995245099067687988e-01,0.000000000000000000e+00
3.424654901027679443e-01,-8.445947766304016113e-01,-7.204844057559967041e-02,5.370011925697326660e-01,-8.435404300689697266e-01,-8.323564194142818451e-03,0.000000000000000000e+00
3.084847033023834229e-01,-3.787213265895843506e-01,8.500660210847854614e-02,6.181784272193908691e-01,3.868784308433532715e-01,6.842371821403503418e-01,0.000000000000000000e+00
4.328345656394958496e-01,-8.835055828094482422e-01,6.738424301147460938e-02,-4.826115816831588745e-02,-5.821619033813476562e-01,8.116393089294433594e-01,0.000000000000000000e+00
-5.890903249382972717e-02,3.758322596549987793e-01,5.513725057244300842e-02,8.168553113937377930e-01,5.729963779449462891e-01,6.650207936763763428e-02,0.000000000000000000e+00
-4.333337545394897461e-01,6.487544775009155273e-01,-1.275521237403154373e-02,3.560644090175628662e-01,6.825666427612304688e-01,-6.382169723510742188e-01,0.000000000000000000e+00
-3.837253451347351074e-01,6.036714911460876465e-01,-1.437790989875793457e-01,-3.205446302890777588e-01,-2.096818536520004272e-01,-9.237340688705444336e-01,0.000000000000000000e+00
4.361329078674316406e-01,-5.619951486587524414e-01,-2.371683716773986816e-02,8.396910429000854492e-01,5.341064333915710449e-01,-9.823080152273178101e-02,0.000000000000000000e+00
7.273332774639129639e-02,-3.828749358654022217e-01,-7.079590857028961182e-02,-7.411502599716186523e-01,-4.086644649505615234e-01,-5.326251983642578125e-01,0.000000000000000000e+00
4.404333531856536865e-01,-8.328011035919189453e-01,-6.724289059638977051e-02,1.042244434356689453e-01,7.296749949455261230e-02,-9.918735027313232422e-01,0.000000000000000000e+00
5.040042996406555176e-01,-8.445162177085876465e-01,4.857335984706878662e-02,5.050996541976928711e-01,3.602661192417144775e-01,7.842720746994018555e-01,0.000000000000000000e+00
-1.994303166866302490e-01,6.717114448547363281e-01,2.092204242944717407e-02,8.639187216758728027e-01,4.313645064830780029e-01,2.599406242370605469e-01,0.000000000000000000e+00
5.099197030067443848e-01,-6.820893287658691406e-01,2.914658933877944946e-02,8.223370313644409180e-01,5.496428012847900391e-01,1.471551507711410522e-01,0.000000000000000000e+00
-2.050866037607192993e-01,4.264412224292755127e-01,1.278130859136581421e-01,3.813784569501876831e-02,1.261911392211914062e-01,9.912725687026977539e-01,0.000000000000000000e+00
-4.138979613780975342e-01,5.011509656906127930e-01,3.409366682171821594e-02,-8.494761586189270020e-01,-4.248490035533905029e-01,3.128795325756072998e-01,0.000000000000000000e+00
2.761594653129577637e-01,-6.424010396003723145e-01,-1.201896592974662781e-01,-4.760438799858093262e-01,-2.787070348858833313e-02,-8.789797425270080566e-01,0.000000000000000000e+00
-2.060755491256713867e-01,2.179642468690872192e-01,-1.208990141749382019e-01,-5.137796401977539062e-01,-2.208081036806106567e-01,-8.290200829505920410e-01,0.000000000000000000e+00
-4.163842797279357910e-01,5.233345627784729004e-01,-7.974584400653839111e-02,-7.824762463569641113e-01,-4.365247488021850586e-01,-4.440462291240692139e-01,0.000000000000000000e+00
1.223361641168594360e-01,-6.320374086499214172e-03,7.780562341213226318e-02,7.859202027320861816e-01,2.150786519050598145e-01,5.797159671783447266e-01,0.000000000000000000e+00
-2.433756589889526367e-01,1.719171255826950073e-01,1.208318863064050674e-02,-8.854424357414245605e-01,-4.383244514465332031e-01,1.544777303934097290e-01,0.000000000000000000e+00
3.943153470754623413e-02,-3.589757084846496582e-01,7.191480137407779694e-03,-8.821253776550292969e-01,-4.684827327728271484e-01,4.877256974577903748e-02,0.000000000000000000e+00
-7.534527778625488281e-02,4.860118031501770020e-02,1.218023970723152161e-01,-1.803605258464813232e-01,-2.308180928230285645e-02,9.833297133445739746e-01,0.000000000000000000e+00
8.109539747238159180e-03,8.158729970455169678e-02,-1.349628120660781860e-01,2.999661266803741455e-01,1.356694996356964111e-01,-9.442532062530517578e-01,0.000000000000000000e+00
-4.026789367198944092e-01,6.857699155807495117e-01,1.253014206886291504e-01,-1.917644441127777100e-01,-1.372389495372772217e-01,9.717982411384582520e-01,0.000000000000000000e+00
-2.462119758129119873e-01,2.012846916913986206e-01,5.189660191535949707e-02,-8.351533412933349609e-01,-4.362369775772094727e-01,3.349867761135101318e-01,0.000000000000000000e+00
2.857648134231567383e-01,-3.744013905525207520e-01,-1.059062853455543518e-01,5.945208668708801270e-01,2.795430719852447510e-01,-7.539234757423400879e-01,0.000000000000000000e+00
2.434118092060089111e-01,-4.947257936000823975e-01,1.134540885686874390e-01,1.323791500180959702e-02,-2.818885445594787598e-01,9.593558311462402344e-01,0.000000000000000000e+00
-2.104929834604263306e-01,3.284548521041870117e-01,1.219192519783973694e-01,-1.217721998691558838e-01,-1.013911440968513489e-01,9.873659014701843262e-01,0.000000000000000000e+00
-2.590824365615844727e-01,2.136527597904205322e-01,-6.168688088655471802e-02,-8.156577348709106445e-01,-4.787982106208801270e-01,-3.247379958629608154e-01,0.000000000000000000e+00
-2.846064567565917969e-01,2.466900050640106201e-01,7.595768664032220840e-03,-8.801210522651672363e-01,-4.601891636848449707e-01,1.166743859648704529e-01,0.000000000000000000e+00
4.045793712139129639e-01,-5.087539553642272949e-01,5.061260890215635300e-03,8.358393311500549316e-01,5.418790578842163086e-01,8.797550946474075317e-02,0.000000000000000000e+00
-1.329290568828582764e-01,3.034573793411254883e-01,1.265311390161514282e-01,2.390321940183639526e-01,2.031726390123367310e-01,9.495180249214172363e-01,0.000000000000000000e+00
1.468008607625961304e-01,-3.393905982375144958e-02,-8.283437043428421021e-02,8.262230753898620605e-01,4.819159805774688721e-01,-2.917402982711791992e-01,0.000000000000000000e+00
-1.862013712525367737e-03,-2.584328651428222656e-01,5.022985488176345825e-02,-8.388739824295043945e-01,-4.261681139469146729e-01,3.386313319206237793e-01,0.000000000000000000e+00
-1.100457012653350830e-01,2.941415309906005859e-01,1.180882379412651062e-01,5.812257528305053711e-01,-3.057622164487838745e-02,8.131676912307739258e-01,0.000000000000000000e+00
3.401830792427062988e-01,-4.004886448383331299e-01,-5.302223190665245056e-02,9.106567502021789551e-01,2.086021453142166138e-01,-3.566363155841827393e-01,0.000000000000000000e+00
4.197003245353698730e-01,-5.926949977874755859e-01,8.351706713438034058e-02,6.269361972808837891e-01,4.290016591548919678e-01,6.503142118453979492e-01,0.000000000000000000e+00
2.823991775512695312e-01,-7.615734338760375977e-01,9.005906432867050171e-02,-5.694359540939331055e-01,-2.853941023349761963e-01,7.709039449691772461e-01,0.000000000000000000e+00
-1.027950569987297058e-01,3.619323670864105225e-01,1.068594157695770264e-01,3.719852268695831299e-01,2.605562210083007812e-01,8.909194469451904297e-01,0.000000000000000000e+00
-7.049699127674102783e-02,2.062950730323791504e-01,-1.405799090862274170e-01,3.615033924579620361e-01,-8.976769447326660156e-02,-9.280393719673156738e-01,0.000000000000000000e+00
1.643795818090438843e-01,-4.717670381069183350e-01,-1.104310154914855957e-01,-5.084933042526245117e-01,-3.174855113029479980e-01,-8.003983497619628906e-01,0.000000000000000000e+00
-2.379762083292007446e-01,7.296436429023742676e-01,-7.365351170301437378e-02,8.390603661537170410e-01,3.977181613445281982e-01,-3.712114989757537842e-01,0.000000000000000000e+00
-8.484984934329986572e-02,4.241227209568023682e-01,-7.506450265645980835e-02,7.716307640075683594e-01,3.490813374519348145e-01,-5.317219495773315430e-01,0.000000000000000000e+00
4.600685536861419678e-01,-6.186137795448303223e-01,5.709730088710784912e-02,7.832946181297302246e-01,4.453594684600830078e-01,4.337100982666015625e-01,0.000000000000000000e+00
-2.310348898172378540e-01,5.262112021446228027e-01,1.260125935077667236e-01,1.798314303159713745e-01,1.873145550489425659e-01,9.656986594200134277e-01,0.000000000000000000e+00
4.091908633708953857e-01,-5.731657147407531738e-01,-8.675525337457656860e-02,5.984312891960144043e-01,5.398028492927551270e-01,-5.920243859291076660e-01,0.000000000000000000e+00
-3.666294813156127930e-01,3.984755575656890869e-01,3.095897613093256950e-03,-8.901084065437316895e-01,-4.446251392364501953e-01,1.000776067376136780e-01,0.000000000000000000e+00
1.141363754868507385e-01,-1.693516224622726440e-02,8.890981972217559814e-02,6.964320540428161621e-01,2.288816124200820923e-01,6.801438331604003906e-01,0.000000000000000000e+00
-4.583878442645072937e-02,-1.935064047574996948e-02,-1.353119015693664551e-01,-3.101679086685180664e-01,-3.555065691471099854e-01,-8.817090988159179688e-01,0.000000000000000000e+00
-3.700224757194519043e-01,5.470577478408813477e-01,1.080562323331832886e-01,-4.269765913486480713e-01,-3.156627416610717773e-01,8.473771214485168457e-01,0.000000000000000000e+00
-2.082407474517822266e-02,-1.263612061738967896e-01,1.072630286216735840e-01,-5.912523865699768066e-01,-1.922536492347717285e-01,7.832363247871398926e-01,0.000000000000000000e+00
3.265556395053863525e-01,-8.174501061439514160e-01,-1.069191396236419678e-01,-6.440024375915527344e-01,-2.332484275102615356e-01,-7.285986542701721191e-01,0.000000000000000000e+00
4.507102668285369873e-01,-6.403181552886962891e-01,-8.710315823554992676e-02,6.885623335838317871e-01,4.600866436958312988e-01,-5.605373978614807129e-01,0.000000000000000000e+00
7.973790168762207031e-02,-2.613787949085235596e-01,-1.250712126493453979e-01,-4.063314944505691528e-02,-1.871211826801300049e-01,-9.814960956573486328e-01,0.000000000000000000e+00
2.222585678100585938e-01,-2.824142277240753174e-01,1.096318140625953674e-01,4.243060350418090820e-01,2.576692998409271240e-01,8.680846095085144043e-01,0.000000000000000000e+00
2.337158322334289551e-01,-6.919405460357666016e-01,-7.040935009717941284e-02,-8.073028922080993652e-01,-2.915700972080230713e-01,-5.130779147148132324e-01,0.000000000000000000e+00
2.378629334270954132e-02,2.444954775273799896e-02,-1.373482048511505127e-01,1.700640171766281128e-01,1.349781751632690430e-01,-9.761450290679931641e-01,0.000000000000000000e+00
4.879540801048278809e-01,-6.435707211494445801e-01,2.631875127553939819e-02,8.295612931251525879e-01,4.620209932327270508e-01,3.136314451694488525e-01,0.000000000000000000e+00
2.244983613491058350e-01,-5.435415506362915039e-01,1.042921766638755798e-01,-4.746567308902740479e-01,1.208388432860374451e-02,8.800880312919616699e-01,0.000000000000000000e+00
-2.258068174123764038e-01,1.350032538175582886e-01,-6.173360627144575119e-03,-8.763877749443054199e-01,-4.809142649173736572e-01,-2.580665983259677887e-02,0.000000000000000000e+00
3.157078623771667480e-01,-5.473960638046264648e-01,-1.224589273333549500e-01,1.413732171058654785e-01,1.747281849384307861e-01,-9.744145274162292480e-01,0.000000000000000000e+00
6.976469606161117554e-02,-5.617938190698623657e-02,1.233651563525199890e-01,2.020316720008850098e-01,2.098154276609420776e-01,9.566403031349182129e-01,0.000000000000000000e+00
7.889527827501296997e-02,-4.103797078132629395e-01,-5.586418882012367249e-02,-8.298063874244689941e-01,-4.085790216922760010e-01,-3.801112473011016846e-01,0.000000000000000000e+00
5.037821531295776367e-01,-6.922222375869750977e-01,-5.531062930822372437e-02,7.248369455337524414e-01,5.434958934783935547e-01,-4.233481585979461670e-01,0.000000000000000000e+00
1.417391002178192139e-01,-2.779234349727630615e-01,-1.356438547372817993e-01,-2.142057269811630249e-01,-2.597083151340484619e-01,-9.416302442550659180e-01,0.000000000000000000e+00
2.131259888410568237e-01,-6.130401492118835449e-01,-8.654784411191940308e-02,-6.535319089889526367e-01,-3.532393276691436768e-01,-6.694161891937255859e-01,0.000000000000000000e+00
-1.260550320148468018e-01,-3.926986083388328552e-02,3.017787262797355652e-02,-8.460220694541931152e-01,-4.673303663730621338e-01,2.566106617450714111e-01,0.000000000000000000e+00
3.945568501949310303e-01,-6.261034607887268066e-01,-1.195351183414459229e-01,3.626229763031005859e-01,2.120211571455001831e-01,-9.074974656105041504e-01,0.000000000000000000e+00
1.066069304943084717e-01,-1.450614184141159058e-01,1.265317052602767944e-01,3.666021227836608887e-01,1.933096200227737427e-01,9.100737571716308594e-01,0.000000000000000000e+00
3.557771444320678711e-01,-4.351165890693664551e-01,1.109338458627462387e-02,9.861845374107360840e-01,1.590499132871627808e-01,4.629416763782501221e-02,0.000000000000000000e+00
-3.641544282436370850e-02,3.117467463016510010e-01,-8.634183555841445923e-02,7.285655140876770020e-01,3.747538030147552490e-01,-5.733688473701477051e-01,0.000000000000000000e+00
-3.164927288889884949e-02,-8.403627574443817139e-02,-1.258173286914825439e-01,-1.143124997615814209e-01,-9.969168156385421753e-02,-9.884302020072937012e-01,0.000000000000000000e+00
3.109808266162872314e-01,-3.371085524559020996e-01,4.988550394773483276e-02,8.264871835708618164e-01,4.205173552036285400e-01,3.742780387401580811e-01,0.000000000000000000e+00
4.608875811100006104e-01,-6.033909320831298828e-01,-3.553619608283042908e-02,8.245742917060852051e-01,5.173205137252807617e-01,-2.290343642234802246e-01,0.000000000000000000e+00
4.598537459969520569e-02,-2.286255061626434326e-01,1.127266734838485718e-01,-4.628089964389801025e-01,-2.008411139249801636e-01,8.634064197540283203e-01,0.000000000000000000e+00
1.181065663695335388e-01,5.525659397244453430e-02,3.030683472752571106e-02,8.217126131057739258e-01,3.432171642780303955e-01,4.549618959426879883e-01,0.000000000000000000e+00
5.840045213699340820e-02,1.013588532805442810e-02,-1.291215866804122925e-01,4.983266890048980713e-01,1.670114248991012573e-01,-8.507512211799621582e-01,0.000000000000000000e+00
-2.119621485471725464e-01,2.055357843637466431e-01,9.118990600109100342e-02,-5.219400525093078613e-01,-3.940164446830749512e-01,7.565246820449829102e-01,0.000000000000000000e+00
-2.911729514598846436e-01,7.322643995285034180e-01,-6.578666716814041138e-02,-8.052173852920532227e-01,-8.982943743467330933e-02,5.861361622810363770e-01,0.000000000000000000e+00
5.909697338938713074e-02,-1.556171774864196777e-01,-1.344318240880966187e-01,1.668708026409149170e-01,-1.816918253898620605e-01,-9.690935015678405762e-01,0.000000000000000000e+00
-2.776083052158355713e-01,7.455189228057861328e-01,-1.159087717533111572e-01,6.118320822715759277e-01,2.802666127681732178e-01,-7.396702766418457031e-01,0.000000000000000000e+00
3.155215084552764893e-01,-3.952577710151672363e-01,-8.765815943479537964e-02,6.714712381362915039e-01,2.595298886299133301e-01,-6.940969824790954590e-01,0.000000000000000000e+00
-1.404184550046920776e-01,3.569091260433197021e-01,-1.405287533998489380e-01,2.448593080043792725e-01,9.881150908768177032e-04,-9.695581197738647461e-01,0.000000000000000000e+00
4.290786385536193848e-01,-8.130558729171752930e-01,-6.978042423725128174e-02,4.812420308589935303e-01,-1.009880602359771729e-01,-8.707511425018310547e-01,0.000000000000000000e+00
-5.235249921679496765e-02,3.813264966011047363e-01,3.261733800172805786e-02,8.543025255203247070e-01,4.575542211532592773e-01,2.465994954109191895e-01,0.000000000000000000e+00
-3.961050510406494141e-01,5.004757642745971680e-01,-9.069392085075378418e-02,-6.981225609779357910e-01,-4.448680579662322998e-01,-5.609967112541198730e-01,0.000000000000000000e+00
-4.169653654098510742e-01,4.904188215732574463e-01,-2.263057045638561249e-02,-8.698555231094360352e-01,-4.862018823623657227e-01,-8.342124521732330322e-02,0.000000000000000000e+00
1.418485771864652634e-03,2.138615995645523071e-01,-1.038046479225158691e-01,6.010060906410217285e-01,3.992380499839782715e-01,-6.923876404762268066e-01,0.000000000000000000e+00
4.963190294802188873e-03,-2.265009731054306030e-01,-9.171081334352493286e-02,-6.836288571357727051e-01,-9.755504876375198364e-02,-7.232804298400878906e-01,0.000000000000000000e+00
3.741075098514556885e-01,-6.880283951759338379e-01,-1.337714344263076782e-01,7.606967817991971970e-03,3.694242984056472778e-02,-9.992884397506713867e-01,0.000000000000000000e+00
2.229659706354141235e-01,-5.330251455307006836e-01,9.990961104631423950e-02,-4.155261218547821045e-01,4.802831709384918213e-01,7.724416851997375488e-01,0.000000000000000000e+00
3.788012638688087463e-02,-3.219360709190368652e-01,6.319160014390945435e-02,-8.092697262763977051e-01,-4.413407742977142334e-01,3.876864612102508545e-01,0.000000000000000000e+00
-3.323245346546173096e-01,4.573104083538055420e-01,-1.298739612102508545e-01,-4.366279840469360352e-01,-4.464044868946075439e-01,-7.810755372047424316e-01,0.000000000000000000e+00
2.878668904304504395e-01,-3.034253120422363281e-01,-6.575826555490493774e-02,7.561042308807373047e-01,3.823609650135040283e-01,-5.311370491981506348e-01,0.000000000000000000e+00
1.994469910860061646e-01,-2.290918231010437012e-01,1.044333726167678833e-01,2.715559303760528564e-01,1.205795407295227051e-01,9.548392295837402344e-01,0.000000000000000000e+00
-8.550420403480529785e-02,4.150382578372955322e-01,6.541793048381805420e-02,7.588756084442138672e-01,3.373251855373382568e-01,5.570633411407470703e-01,0.000000000000000000e+00
2.902555763721466064e-01,-8.285492062568664551e-01,7.091047614812850952e-02,-9.087872505187988281e-01,-3.433224558830261230e-01,2.371401041746139526e-01,0.000000000000000000e+00
-1.967311948537826538e-01,6.535053849220275879e-01,-6.412734836339950562e-02,8.199698328971862793e-01,4.144751727581024170e-01,-3.947907686233520508e-01,0.000000000000000000e+00
-2.248698174953460693e-01,6.395245790481567383e-01,-1.136534437537193298e-01,6.731460690498352051e-01,3.621915280818939209e-01,-6.447415351867675781e-01,0.000000000000000000e+00
-2.498125284910202026e-01,6.949176788330078125e-01,-1.117679998278617859e-01,6.731902956962585449e-01,2.959617078304290771e-01,-6.776588559150695801e-01,0.000000000000000000e+00
2.138008177280426025e-01,-1.147816553711891174e-01,1.850803010165691376e-02,6.807678341865539551e-01,7.322438955307006836e-01,-1.933997869491577148e-02,0.000000000000000000e+00
5.044406652450561523e-01,-7.513621449470520020e-01,-9.772063046693801880e-02,5.357251763343811035e-01,-6.971985101699829102e-02,-8.415091633796691895e-01,0.000000000000000000e+00
-1.259906031191349030e-02,6.002504378557205200e-02,1.264332681894302368e-01,1.346431225538253784e-01,7.335372269153594971e-02,9.881753325462341309e-01,0.000000000000000000e+00
-1.426339298486709595e-01,4.526995122432708740e-01,-1.227883771061897278e-01,5.657315850257873535e-01,3.759692013263702393e-01,-7.338902950286865234e-01,0.000000000000000000e+00
-4.289151430130004883e-01,5.755184888839721680e-01,-1.022816449403762817e-01,-6.917729973793029785e-01,-3.949625790119171143e-01,-6.045284867286682129e-01,0.000000000000000000e+00
6.996391713619232178e-02,-5.752706155180931091e-02,1.235244423151016235e-01,1.741832941770553589e-01,1.354663074016571045e-01,9.753507375717163086e-01,0.000000000000000000e+00
-3.723830878734588623e-01,7.688426375389099121e-01,-1.204340532422065735e-01,-5.553494095802307129e-01,5.148833990097045898e-01,6.530559659004211426e-01,0.000000000000000000e+00
3.951608836650848389e-01,-5.585218667984008789e-01,-9.236823022365570068e-02,6.712479591369628906e-01,3.783493340015411377e-01,-6.373993754386901855e-01,0.000000000000000000e+00
2.001931518316268921e-01,-4.706254899501800537e-01,1.202426999807357788e-01,-1.050127148628234863e-01,-2.925908267498016357e-01,9.504540562629699707e-01,0.000000000000000000e+00
-3.388326168060302734e-01,3.738020062446594238e-01,-8.052479475736618042e-02,-6.427998542785644531e-01,-5.169884562492370605e-01,-5.652709603309631348e-01,0.000000000000000000e+00
4.650013446807861328e-01,-7.453125119209289551e-01,-5.788890644907951355e-02,8.403094857931137085e-02,-8.445273637771606445e-01,5.288783311843872070e-01,0.000000000000000000e+00
4.108386859297752380e-02,-2.367403507232666016e-01,1.073021218180656433e-01,-5.338905453681945801e-01,-3.472852706909179688e-01,7.709434628486633301e-01,0.000000000000000000e+00
-4.091512560844421387e-01,7.572849988937377930e-01,9.677366912364959717e-02,-3.893843591213226318e-01,5.316886901855468750e-01,-7.521216273307800293e-01,0.000000000000000000e+00
1.381498724222183228e-01,-9.627544879913330078e-02,1.038275659084320068e-01,4.583741426467895508e-01,1.833564043045043945e-01,8.696399331092834473e-01,0.000000000000000000e+00
1.662887334823608398e-01,-2.382914274930953979e-01,1.212170869112014771e-01,3.554894626140594482e-01,7.597137242555618286e-02,9.315876960754394531e-01,0.000000000000000000e+00
-8.833010494709014893e-02,3.538084924221038818e-01,9.782489389181137085e-02,5.397666692733764648e-01,3.142580091953277588e-01,7.809569835662841797e-01,0.000000000000000000e+00
-9.168186038732528687e-02,8.792916685342788696e-02,1.182663068175315857e-01,-5.146234631538391113e-01,-3.816188871860504150e-02,8.565666079521179199e-01,0.000000000000000000e+00
-1.649436652660369873e-01,5.329864621162414551e-01,8.525609970092773438e-02,7.763691544532775879e-01,1.211878955364227295e-01,6.185179352760314941e-01,0.000000000000000000e+00
-1.213845610618591309e-01,-5.577291175723075867e-02,1.386875752359628677e-02,-8.783169388771057129e-01,-4.536122381687164307e-01,1.509811431169509888e-01,0.000000000000000000e+00
-2.982469499111175537e-01,7.656762003898620605e-01,9.633589535951614380e-02,5.791479945182800293e-01,3.321512043476104736e-01,7.444885373115539551e-01,0.000000000000000000e+00
-4.311959743499755859e-01,7.080738544464111328e-01,-1.003850251436233521e-01,-2.306499779224395752e-01,2.214796990156173706e-01,9.474952816963195801e-01,0.000000000000000000e+00
2.287907302379608154e-01,-1.522164493799209595e-01,2.233095839619636536e-02,5.925227999687194824e-01,6.799330115318298340e-01,4.319812655448913574e-01,0.000000000000000000e+00
-3.973764479160308838e-01,5.854434967041015625e-01,-1.322479546070098877e-01,-4.755733013153076172e-01,-2.885818183422088623e-01,-8.309937119483947754e-01,0.000000000000000000e+00
-2.191801071166992188e-01,5.948937535285949707e-01,9.776425361633300781e-02,2.585261166095733643e-01,5.741968154907226562e-01,7.768283486366271973e-01,0.000000000000000000e+00
3.167691826820373535e-02,-2.094357162714004517e-01,1.105155572295188904e-01,-4.974225163459777832e-01,-2.444397509098052979e-01,8.323581218719482422e-01,0.000000000000000000e+00
5.986713990569114685e-02,1.456277370452880859e-01,-6.730615347623825073e-02,8.205366730690002441e-01,4.039112031459808350e-01,-4.044444859027862549e-01,0.000000000000000000e+00
-4.148335456848144531e-01,6.506034731864929199e-01,3.690599231049418449e-03,-4.010124802589416504e-01,9.159067869186401367e-01,-1.742843165993690491e-02,0.000000000000000000e+00
-4.107609987258911133e-01,5.039932131767272949e-01,4.541779682040214539e-02,-8.299274444580078125e-01,-4.398625195026397705e-01,3.431346416473388672e-01,0.000000000000000000e+00
9.140990674495697021e-03,-7.919064909219741821e-02,1.270861774682998657e-01,-1.924248784780502319e-01,-1.065479125827550888e-02,9.812538623809814453e-01,0.000000000000000000e+00
-6.337452214211225510e-03,-2.678223252296447754e-01,-4.005450382828712463e-02,-8.833665847778320312e-01,-4.521051943302154541e-01,-1.235490441322326660e-01,0.000000000000000000e+00
-3.656879961490631104e-01,3.985981345176696777e-01,-3.583620116114616394e-02,-8.666658401489257812e-01,-4.684910178184509277e-01,-1.714831888675689697e-01,0.000000000000000000e+00
-1.573742926120758057e-01,1.044783927500247955e-02,-2.713239379227161407e-02,-8.645579218864440918e-01,-4.849971234798431396e-01,-1.315955370664596558e-01,0.000000000000000000e+00
-1.049499213695526123e-01,-7.506341487169265747e-02,3.613685443997383118e-02,-8.251256346702575684e-01,-4.578215479850769043e-01,3.310092687606811523e-01,0.000000000000000000e+00
-4.115102291107177734e-01,6.521131396293640137e-01,6.559289526194334030e-03,-4.010124802589416504e-01,9.159067869186401367e-01,-1.742843165993690491e-02,0.000000000000000000e+00
1.429564356803894043e-01,-5.305420756340026855e-01,1.815285719931125641e-02,-6.784704327583312988e-01,-7.192797064781188965e-01,1.493806093931198120e-01,0.000000000000000000e+00
-4.911074414849281311e-02,2.117282897233963013e-01,-1.323195248842239380e-01,1.487921029329299927e-01,2.213359475135803223e-01,-9.637796878814697266e-01,0.000000000000000000e+00
2.578170001506805420e-01,-5.645168423652648926e-01,1.164606437087059021e-01,-3.449441194534301758e-01,-8.530838042497634888e-02,9.347384572029113770e-01,0.000000000000000000e+00
1.815847158432006836e-01,-3.038353323936462402e-01,1.269672960042953491e-01,1.959834843873977661e-01,1.901430636644363403e-01,9.619958996772766113e-01,0.000000000000000000e+00
2.678356766700744629e-01,-7.030912041664123535e-01,9.997577220201492310e-02,-5.596215128898620605e-01,-1.840118020772933960e-01,8.080614805221557617e-01,0.000000000000000000e+00
-3.386629819869995117e-01,4.681068956851959229e-01,-1.298006623983383179e-01,-5.444644093513488770e-01,-1.358921825885772705e-01,-8.277027606964111328e-01,0.000000000000000000e+00
5.812123045325279236e-02,-3.326815068721771240e-01,8.353742957115173340e-02,-6.113436222076416016e-01,-5.739264488220214844e-01,5.448554158210754395e-01,0.000000000000000000e+00
3.620185554027557373e-01,-7.696001529693603516e-01,1.353080421686172485e-01,-3.091195225715637207e-01,-2.020626962184906006e-01,9.293093085289001465e-01,0.000000000000000000e+00
-1.789146512746810913e-01,6.340378522872924805e-01,-3.799355030059814453e-02,8.819047808647155762e-01,4.388902187347412109e-01,-1.721027642488479614e-01,0.000000000000000000e+00
4.449373185634613037e-01,-7.987781763076782227e-01,6.878940761089324951e-02,3.819091916084289551e-01,5.419000238180160522e-02,9.226098060607910156e-01,0.000000000000000000e+00
-3.386870324611663818e-01,7.720849514007568359e-01,3.008464723825454712e-02,-6.921415328979492188e-01,-6.145657971501350403e-03,-7.217355966567993164e-01,0.000000000000000000e+00
2.003489136695861816e-01,-1.660310328006744385e-01,8.206220716238021851e-02,6.264144778251647949e-01,4.335663914680480957e-01,6.477847099304199219e-01,0.000000000000000000e+00
-2.508962750434875488e-01,6.635808944702148438e-01,9.901114553213119507e-02,5.781196951866149902e-01,3.253305852413177490e-01,7.482898235321044922e-01,0.000000000000000000e+00
-3.828937411308288574e-01,7.434635162353515625e-01,-1.052321568131446838e-01,-1.614478081464767456e-01,6.142197251319885254e-01,7.724433541297912598e-01,0.000000000000000000e+00
3.812742233276367188e-01,-8.200278282165527344e-01,-1.208526790142059326e-01,6.210893988609313965e-01,-6.020147204399108887e-01,5.018228888511657715e-01,0.000000000000000000e+00
-4.144716858863830566e-01,6.902719140052795410e-01,-8.613944798707962036e-02,-5.970776677131652832e-01,4.470534920692443848e-01,6.660641431808471680e-01,0.000000000000000000e+00
-3.284871280193328857e-01,5.250073075294494629e-01,1.153931692242622375e-01,-3.199627697467803955e-01,-1.729301363229751587e-01,9.315143823623657227e-01,0.000000000000000000e+00
-2.249763011932373047e-01,1.352082341909408569e-01,4.769566003233194351e-03,-8.786992430686950684e-01,-4.666050076484680176e-01,1.008336842060089111e-01,0.000000000000000000e+00
1.659985259175300598e-02,-2.691769301891326904e-01,-8.000244200229644775e-02,-6.121883392333984375e-01,-4.458825588226318359e-01,-6.530039906501770020e-01,0.000000000000000000e+00
-1.375968754291534424e-01,3.716567903757095337e-02,-9.913770854473114014e-02,-7.213075757026672363e-01,-2.274132966995239258e-01,-6.542160511016845703e-01,0.000000000000000000e+00
-1.074277684092521667e-01,1.216163113713264465e-01,-1.375884264707565308e-01,-1.181075647473335266e-01,-1.839451491832733154e-01,-9.758149385452270508e-01,0.000000000000000000e+00
2.362305968999862671e-01,-3.636527955532073975e-01,1.212919503450393677e-01,2.569163143634796143e-01,1.208756864070892334e-01,9.588446617126464844e-01,0.000000000000000000e+00
-2.649690210819244385e-01,7.982138991355895996e-01,2.843264117836952209e-02,8.389478325843811035e-01,4.390697181224822998e-01,3.215342760086059570e-01,0.000000000000000000e+00
9.068764746189117432e-03,-1.829696893692016602e-01,-1.099952608346939087e-01,-6.251861453056335449e-01,-2.105398327112197876e-01,-7.515419125556945801e-01,0.000000000000000000e+00
-1.833946257829666138e-01,5.906944870948791504e-01,7.622356712818145752e-02,8.477481603622436523e-01,1.618747115135192871e-01,5.050936341285705566e-01,0.000000000000000000e+00
7.418326567858457565e-03,2.745411694049835205e-01,-2.737894840538501740e-02,8.613924980163574219e-01,4.629730582237243652e-01,-2.089471966028213501e-01,0.000000000000000000e+00
-3.341323733329772949e-01,4.496850669384002686e-01,-1.242658942937850952e-01,-4.933263659477233887e-01,-4.868480861186981201e-01,-7.208384275436401367e-01,0.000000000000000000e+00
-2.455054223537445068e-01,2.092312574386596680e-01,-8.014798164367675781e-02,-8.311079740524291992e-01,-5.010140538215637207e-01,-2.413389235734939575e-01,0.000000000000000000e+00
-4.054675698280334473e-01,7.149205803871154785e-01,-9.192126989364624023e-02,-2.969040572643280029e-01,1.880928575992584229e-01,9.361992478370666504e-01,0.000000000000000000e+00
-2.657632529735565186e-01,7.517417073249816895e-01,-9.976155310869216919e-02,6.958628296852111816e-01,3.428508043289184570e-01,-6.310533285140991211e-01,0.000000000000000000e+00
2.646315395832061768e-01,-3.303748369216918945e-01,-1.055593565106391907e-01,5.286479592323303223e-01,2.357119023799896240e-01,-8.154577016830444336e-01,0.000000000000000000e+00
-1.146892830729484558e-02,-1.857264339923858643e-01,8.811987191438674927e-02,-6.730349063873291016e-01,-3.922601342201232910e-01,6.270215511322021484e-01,0.000000000000000000e+00
-3.925202488899230957e-01,4.634412229061126709e-01,-6.637988984584808350e-02,-7.793541550636291504e-01,-4.830380082130432129e-01,-3.991006910800933838e-01,0.000000000000000000e+00
-5.089409351348876953e-01,7.064357995986938477e-01,-5.608100071549415588e-02,-6.090116500854492188e-01,7.931561470031738281e-01,2.851378871127963066e-03,0.000000000000000000e+00
-4.123841524124145508e-01,4.925828576087951660e-01,2.631843648850917816e-02,-8.536702394485473633e-01,-4.514856934547424316e-01,2.596301138401031494e-01,0.000000000000000000e+00
3.461334109306335449e-01,-8.250839114189147949e-01,1.253095567226409912e-01,-5.588746666908264160e-01,-1.233948692679405212e-01,8.200200200080871582e-01,0.000000000000000000e+00
-4.085272848606109619e-01,7.569670677185058594e-01,1.211320981383323669e-01,-4.360834956169128418e-01,7.273961901664733887e-01,5.298357605934143066e-01,0.000000000000000000e+00
-2.297872444614768028e-03,6.692892313003540039e-02,-1.390321552753448486e-01,2.699301838874816895e-01,4.239989072084426880e-02,-9.619458913803100586e-01,0.000000000000000000e+00
-1.785221695899963379e-01,3.714508712291717529e-01,1.302018314599990845e-01,-8.991775661706924438e-02,-5.370229016989469528e-03,9.959347248077392578e-01,0.000000000000000000e+00
1.790163069963455200e-01,-4.806839823722839355e-01,-1.139457896351814270e-01,-3.790610432624816895e-01,-3.667571544647216797e-01,-8.495892882347106934e-01,0.000000000000000000e+00
1.849748194217681885e-01,-2.407331615686416626e-01,1.140964254736900330e-01,3.653036653995513916e-01,7.756220549345016479e-02,9.276515245437622070e-01,0.000000000000000000e+00
-4.776417315006256104e-01,6.268940567970275879e-01,4.643823951482772827e-02,-8.157774806022644043e-01,-4.284691810607910156e-01,3.884859085083007812e-01,0.000000000000000000e+00
-4.403678476810455322e-01,6.824773550033569336e-01,-5.342195183038711548e-02,-3.300419822335243225e-02,1.139662265777587891e-01,9.929362535476684570e-01,0.000000000000000000e+00
-3.322277963161468506e-01,5.251793861389160156e-01,1.141402274370193481e-01,-3.199627697467803955e-01,-1.729301363229751587e-01,9.315143823623657227e-01,0.000000000000000000e+00
1.412875801324844360e-01,7.214431650936603546e-03,-3.864753246307373047e-02,8.600066304206848145e-01,4.697717428207397461e-01,-1.992564797401428223e-01,0.000000000000000000e+00
-7.761130481958389282e-02,4.423245787620544434e-01,-2.005954459309577942e-02,8.910891413688659668e-01,4.534329473972320557e-01,-1.893948763608932495e-02,0.000000000000000000e+00
-5.127715691924095154e-02,-1.859568357467651367e-01,-3.060983680188655853e-02,-8.639980554580688477e-01,-4.842744767665863037e-01,-1.377884149551391602e-01,0.000000000000000000e+00
3.197434544563293457e-01,-7.947822809219360352e-01,-1.087696477770805359e-01,-3.662065565586090088e-01,-3.485916852951049805e-01,-8.627726435661315918e-01,0.000000000000000000e+00
1.613359004259109497e-01,-2.547584287822246552e-02,-2.547609433531761169e-02,8.655663728713989258e-01,4.526748061180114746e-01,-2.141970098018646240e-01,0.000000000000000000e+00
-3.711901903152465820e-01,4.971538782119750977e-01,-1.149694696068763733e-01,-6.838675141334533691e-01,1.353464275598526001e-01,-7.169424891471862793e-01,0.000000000000000000e+00
-4.223664104938507080e-02,1.209953501820564270e-01,1.275220960378646851e-01,1.123462468385696411e-01,-1.878854446113109589e-02,9.934914708137512207e-01,0.000000000000000000e+00
3.739670217037200928e-01,-4.987503886222839355e-01,-6.652704626321792603e-02,5.866351723670959473e-01,4.637061953544616699e-01,-6.639546751976013184e-01,0.000000000000000000e+00
-2.474211603403091431e-01,7.660728693008422852e-01,2.436439692974090576e-02,8.595919013023376465e-01,4.352397620677947998e-01,2.677091062068939209e-01,0.000000000000000000e+00
1.822791695594787598e-01,-2.591891586780548096e-01,-1.307224184274673462e-01,3.834127783775329590e-01,4.823562130331993103e-02,-9.223166108131408691e-01,0.000000000000000000e+00
-4.738983213901519775e-01,7.047187089920043945e-01,1.237379107624292374e-02,-9.752539545297622681e-02,8.336530923843383789e-01,5.436094999313354492e-01,0.000000000000000000e+00
-1.964929848909378052e-01,6.371056437492370605e-01,-8.077927678823471069e-02,8.153763413429260254e-01,4.179449677467346191e-01,-4.006038606166839600e-01,0.000000000000000000e+00
-4.537449181079864502e-01,6.782050728797912598e-01,1.018565446138381958e-01,-4.697180390357971191e-01,-3.371111750602722168e-01,8.159172534942626953e-01,0.000000000000000000e+00
-3.411521017551422119e-01,7.139647603034973145e-01,-9.428236633539199829e-02,4.725340381264686584e-02,9.327087402343750000e-01,3.575213551521301270e-01,0.000000000000000000e+00
3.924634158611297607e-01,-8.468754291534423828e-01,5.446380376815795898e-02,-4.808774590492248535e-01,-1.800844371318817139e-01,8.580946922302246094e-01,0.000000000000000000e+00
-3.352470099925994873e-01,4.250828027725219727e-01,-1.098618656396865845e-01,-6.458495855331420898e-01,-3.850778937339782715e-01,-6.592369079589843750e-01,0.000000000000000000e+00
4.852889478206634521e-01,-7.105686068534851074e-01,-9.704644978046417236e-02,6.306520700454711914e-01,4.425088465213775635e-01,-6.375452280044555664e-01,0.000000000000000000e+00
-1.221886649727821350e-01,-5.652505531907081604e-02,-1.795010641217231750e-02,-8.755767941474914551e-01,-4.811384379863739014e-01,-4.325577989220619202e-02,0.000000000000000000e+00
-3.524351716041564941e-01,7.652969956398010254e-01,-9.086669236421585083e-02,-6.847398281097412109e-01,-5.701422691345214844e-01,-4.539484083652496338e-01,0.000000000000000000e+00
1.778438803739845753e-03,-9.676263481378555298e-02,1.172664314508438110e-01,-2.796973288059234619e-01,-7.838749885559082031e-01,5.543549656867980957e-01,0.000000000000000000e+00
-3.541597127914428711e-01,4.292006492614746094e-01,-9.686064720153808594e-02,-6.914148926734924316e-01,-2.904892563819885254e-01,-6.614842414855957031e-01,0.000000000000000000e+00
6.753032654523849487e-02,1.633415967226028442e-01,1.403737347573041916e-02,8.815032243728637695e-01,4.638605117797851562e-01,8.823534101247787476e-02,0.000000000000000000e+00
-4.240274131298065186e-01,5.227377414703369141e-01,3.746434301137924194e-02,-8.322114944458007812e-01,-4.652107954025268555e-01,3.016669154167175293e-01,0.000000000000000000e+00
-2.093603909015655518e-01,6.722026467323303223e-01,4.650511220097541809e-02,8.280393481254577637e-01,4.164814651012420654e-01,3.753584921360015869e-01,0.000000000000000000e+00
-3.446248471736907959e-01,4.144902527332305908e-01,6.600330770015716553e-02,-4.361774921417236328e-01,-1.181370988488197327e-01,8.920722007751464844e-01,0.000000000000000000e+00
3.340498507022857666e-01,-8.329331278800964355e-01,1.169281974434852600e-01,-6.284952163696289062e-01,3.420009464025497437e-02,7.770611643791198730e-01,0.000000000000000000e+00
4.390918314456939697e-01,-5.667879581451416016e-01,1.761489361524581909e-02,8.624643087387084961e-01,4.669394493103027344e-01,1.952506899833679199e-01,0.000000000000000000e+00
2.869142293930053711e-01,-8.574235439300537109e-01,2.311004884541034698e-02,-9.429265260696411133e-01,-3.625070210546255112e-03,3.329810798168182373e-01,0.000000000000000000e+00
4.801570773124694824e-01,-7.707781195640563965e-01,-2.654884196817874908e-02,7.982566356658935547e-01,-1.563969850540161133e-01,-5.816582441329956055e-01,0.000000000000000000e+00
1.199658736586570740e-01,-4.348869919776916504e-01,-9.324552118778228760e-02,-6.493619680404663086e-01,-3.257562518119812012e-01,-6.871767640113830566e-01,0.000000000000000000e+00
3.141719698905944824e-01,-7.602675557136535645e-01,1.171374246478080750e-01,-3.677811324596405029e-01,-1.447843909263610840e-01,9.185720086097717285e-01,0.000000000000000000e+00
1.261461377143859863e-01,-4.931356608867645264e-01,5.404309555888175964e-02,-7.478197813034057617e-01,-4.973548352718353271e-01,4.397769570350646973e-01,0.000000000000000000e+00
-2.921412587165832520e-01,7.519421577453613281e-01,-5.341418087482452393e-02,-8.459175229072570801e-01,-4.298950433731079102e-01,3.156165480613708496e-01,0.000000000000000000e+00
-3.274762630462646484e-01,4.467481672763824463e-01,-1.263204813003540039e-01,-2.669319212436676025e-01,-4.189530909061431885e-01,-8.678857088088989258e-01,0.000000000000000000e+00
3.173635900020599365e-01,-7.362906336784362793e-01,1.235447078943252563e-01,-3.237705826759338379e-01,-3.287967145442962646e-01,8.871670365333557129e-01,0.000000000000000000e+00
1.158386468887329102e-01,-1.701758354902267456e-01,1.275624632835388184e-01,3.357823789119720459e-01,7.875882834196090698e-02,9.386411905288696289e-01,0.000000000000000000e+00
5.303691029548645020e-01,-7.563382387161254883e-01,6.310500204563140869e-02,2.579239904880523682e-01,-8.557915091514587402e-01,4.484373629093170166e-01,0.000000000000000000e+00
-3.493355214595794678e-01,7.709912657737731934e-01,-1.494218558073043823e-01,2.881868779659271240e-01,2.889373004436492920e-01,-9.129422307014465332e-01,0.000000000000000000e+00
-1.409406512975692749e-01,5.470541119575500488e-01,4.545591399073600769e-02,8.131462931632995605e-01,3.116620481014251709e-01,4.915890991687774658e-01,0.000000000000000000e+00
3.245198726654052734e-02,-3.309863209724426270e-01,3.992746397852897644e-02,-8.370302915573120117e-01,-4.354117214679718018e-01,3.313561677932739258e-01,0.000000000000000000e+00
-5.182197690010070801e-01,6.993128657341003418e-01,-3.532709181308746338e-02,-6.844788789749145508e-01,7.273918986320495605e-01,-4.888447001576423645e-02,0.000000000000000000e+00
-1.556079834699630737e-01,5.910425782203674316e-01,1.917851157486438751e-02,8.937067389488220215e-01,2.088962942361831665e-01,3.970524072647094727e-01,0.000000000000000000e+00
4.454430937767028809e-02,-3.442914485931396484e-01,-7.178871333599090576e-02,-4.852926135063171387e-01,-3.086625933647155762e-01,-8.180577754974365234e-01,0.000000000000000000e+00
-1.868152618408203125e-01,3.626486659049987793e-01,-1.461423039436340332e-01,2.417270988225936890e-01,-1.570348292589187622e-01,-9.575531482696533203e-01,0.000000000000000000e+00
8.188281208276748657e-02,1.316457092761993408e-01,2.395437844097614288e-02,8.857793807983398438e-01,3.788184523582458496e-01,2.681258618831634521e-01,0.000000000000000000e+00
-3.605910837650299072e-01,4.123455286026000977e-01,4.907742887735366821e-02,-8.580002784729003906e-01,-4.606977999210357666e-01,2.271411269903182983e-01,0.000000000000000000e+00
-5.111970305442810059e-01,6.943643093109130859e-01,4.420046135783195496e-02,-9.122592210769653320e-01,-1.881801337003707886e-01,3.638287484645843506e-01,0.000000000000000000e+00
-4.742230474948883057e-01,7.056378126144409180e-01,3.794614598155021667e-02,6.705922484397888184e-01,6.809107065200805664e-01,-2.943919301033020020e-01,0.000000000000000000e+00
-4.261980652809143066e-01,7.292675971984863281e-01,-1.057572066783905029e-01,-2.372549176216125488e-01,5.534723997116088867e-01,7.983598709106445312e-01,0.000000000000000000e+00
3.815963864326477051e-02,2.007488757371902466e-01,-5.298628658056259155e-02,8.445745110511779785e-01,4.552915096282958984e-01,-2.817862927913665771e-01,0.000000000000000000e+00
-2.081009298563003540e-01,3.184750974178314209e-01,1.211894601583480835e-01,-1.217721998691558838e-01,-1.013911440968513489e-01,9.873659014701843262e-01,0.000000000000000000e+00
3.476154506206512451e-01,-5.997015237808227539e-01,1.239931657910346985e-01,3.380077779293060303e-01,1.454426348209381104e-01,9.298371672630310059e-01,0.000000000000000000e+00
2.556040883064270020e-01,-7.667267322540283203e-01,4.672553390264511108e-02,-8.805789351463317871e-01,-3.515578806400299072e-01,3.177857995033264160e-01,0.000000000000000000e+00
1.291473209857940674e-01,-2.196900695562362671e-01,-1.376948356628417969e-01,8.907604962587356567e-02,-1.188412979245185852e-01,-9.889096021652221680e-01,0.000000000000000000e+00
-4.460633099079132080e-01,5.734134912490844727e-01,-7.736302912235260010e-02,-7.727653980255126953e-01,-4.325380027294158936e-01,-4.644830226898193359e-01,0.000000000000000000e+00
6.248920038342475891e-02,5.534723028540611267e-02,1.010755822062492371e-01,5.461523532867431641e-01,3.678489029407501221e-01,7.525987029075622559e-01,0.000000000000000000e+00
1.308550983667373657e-01,-3.562954664230346680e-01,-1.245768740773200989e-01,-3.313280940055847168e-01,-7.912083715200424194e-02,-9.401923418045043945e-01,0.000000000000000000e+00
-2.906026542186737061e-01,6.272091269493103027e-01,-1.504410952329635620e-01,2.195220291614532471e-01,8.459632843732833862e-02,-9.719328880310058594e-01,0.000000000000000000e+00
7.716775871813297272e-03,1.621390730142593384e-01,9.938960522413253784e-02,4.814712703227996826e-01,2.149120420217514038e-01,8.497048020362854004e-01,0.000000000000000000e+00
-4.172514081001281738e-01,7.555231451988220215e-01,1.039837747812271118e-01,-4.510456025600433350e-01,8.693059086799621582e-01,-2.021511495113372803e-01,0.000000000000000000e+00
-1.115580201148986816e-01,2.626151442527770996e-01,-1.407468616962432861e-01,4.584658890962600708e-02,6.556747853755950928e-02,-9.967943429946899414e-01,0.000000000000000000e+00
3.814456164836883545e-01,-5.318982601165771484e-01,8.362013101577758789e-02,6.469677090644836426e-01,3.072216510772705078e-01,6.978879570960998535e-01,0.000000000000000000e+00
1.336422562599182129e-01,-5.242478251457214355e-01,-3.837604541331529617e-03,-6.941187381744384766e-01,-7.126100063323974609e-01,-1.019121930003166199e-01,0.000000000000000000e+00
-2.911279536783695221e-02,2.706693410873413086e-01,-1.020721867680549622e-01,6.863273978233337402e-01,2.452897280454635620e-01,-6.846807003021240234e-01,0.000000000000000000e+00
3.925345838069915771e-01,-4.915436804294586182e-01,-2.002998068928718567e-02,8.618829846382141113e-01,5.067100524902343750e-01,-2.006595209240913391e-02,0.000000000000000000e+00
1.297414004802703857e-01,-4.993995726108551025e-01,5.307264626026153564e-02,-7.478197813034057617e-01,-4.973548352718353271e-01,4.397769570350646973e-01,0.000000000000000000e+00
-3.280773460865020752e-01,7.027453780174255371e-01,-1.530353724956512451e-01,2.203431874513626099e-01,7.225799560546875000e-02,-9.727423191070556641e-01,0.000000000000000000e+00
3.741608858108520508e-01,-5.714373588562011719e-01,-1.121411398053169250e-01,3.063380718231201172e-01,2.982071042060852051e-01,-9.040074944496154785e-01,0.000000000000000000e+00
-3.730138018727302551e-02,-2.051475048065185547e-01,3.155774995684623718e-02,-8.615133762359619141e-01,-4.337134659290313721e-01,2.639835774898529053e-01,0.000000000000000000e+00
-5.093134008347988129e-03,2.825676202774047852e-01,-5.748287215828895569e-02,8.366689085960388184e-01,4.348603188991546631e-01,-3.329889476299285889e-01,0.000000000000000000e+00
1.676963716745376587e-01,-4.395783841609954834e-01,-1.215236857533454895e-01,-3.864579498767852783e-01,-2.362542301416397095e-01,-8.915347456932067871e-01,0.000000000000000000e+00
-2.944014072418212891e-01,6.512174606323242188e-01,1.219738423824310303e-01,2.984171211719512939e-01,1.354185789823532104e-01,9.447798728942871094e-01,0.000000000000000000e+00
-7.239153981208801270e-02,5.787980183959007263e-02,1.229021623730659485e-01,-2.361786365509033203e-01,-1.604445278644561768e-01,9.583721756935119629e-01,0.000000000000000000e+00
-1.883081495761871338e-01,2.353143393993377686e-01,-1.380438357591629028e-01,-1.572528332471847534e-01,-3.877291977405548096e-01,-9.082607626914978027e-01,0.000000000000000000e+00
-4.001676142215728760e-01,5.692428946495056152e-01,-1.248467415571212769e-01,-4.916928112506866455e-01,-3.245264887809753418e-01,-8.080351352691650391e-01,0.000000000000000000e+00
5.008665323257446289e-01,-7.429498434066772461e-01,1.051896288990974426e-01,3.142727613449096680e-01,5.179927945137023926e-01,7.955602407455444336e-01,0.000000000000000000e+00
-3.348082900047302246e-01,6.358605623245239258e-01,-1.557371020317077637e-01,3.772734105587005615e-02,-1.332636363804340363e-02,-9.991992115974426270e-01,0.000000000000000000e+00
-4.655999243259429932e-01,6.209288835525512695e-01,6.056030467152595520e-02,-7.594015002250671387e-01,-4.274769127368927002e-01,4.904822409152984619e-01,0.000000000000000000e+00
-2.550842165946960449e-01,7.337915301322937012e-01,7.116359472274780273e-02,7.323234081268310547e-01,3.909408748149871826e-01,5.575550794601440430e-01,0.000000000000000000e+00
1.089454442262649536e-02,-3.698565065860748291e-02,1.285507827997207642e-01,-1.867972873151302338e-02,2.670040726661682129e-02,9.994689226150512695e-01,0.000000000000000000e+00
9.882385283708572388e-02,-1.627486944198608398e-02,-1.151048913598060608e-01,5.198591947555541992e-01,2.875137329101562500e-01,-8.044142127037048340e-01,0.000000000000000000e+00
-1.758774369955062866e-01,6.659764051437377930e-02,-7.340343296527862549e-02,-8.021734356880187988e-01,-3.915559351444244385e-01,-4.507790505886077881e-01,0.000000000000000000e+00
3.174913823604583740e-01,-3.294095993041992188e-01,-1.966804638504981995e-02,8.888309597969055176e-01,4.513665735721588135e-01,-7.904258370399475098e-02,0.000000000000000000e+00
1.063970699906349182e-01,7.525874674320220947e-02,-3.978256881237030029e-02,8.732268810272216797e-01,4.737526476383209229e-01,-1.141634210944175720e-01,0.000000000000000000e+00
-1.322210729122161865e-01,2.680215239524841309e-01,1.292679756879806519e-01,-1.845905780792236328e-01,3.079240024089813232e-02,9.823330044746398926e-01,0.000000000000000000e+00
-2.066230624914169312e-01,6.564705967903137207e-01,-8.119454234838485718e-02,8.153763413429260254e-01,4.179449677467346191e-01,-4.006038606166839600e-01,0.000000000000000000e+00
-6.565593928098678589e-02,3.926995992660522461e-01,5.198626220226287842e-02,8.276213407516479492e-01,3.312675058841705322e-01,4.531056582927703857e-01,0.000000000000000000e+00
-3.261548578739166260e-01,7.541989684104919434e-01,3.171391412615776062e-02,-6.712251901626586914e-01,-3.142934441566467285e-01,-6.713243722915649414e-01,0.000000000000000000e+00
-4.296573698520660400e-01,5.577446818351745605e-01,-8.840877562761306763e-02,-7.577769756317138672e-01,-4.115132689476013184e-01,-5.063899755477905273e-01,0.000000000000000000e+00
3.014347888529300690e-02,-2.879448421299457550e-02,-1.394404023885726929e-01,9.095195680856704712e-02,-1.059639006853103638e-01,-9.902017116546630859e-01,0.000000000000000000e+00
4.112385213375091553e-01,-7.997019886970520020e-01,1.255662739276885986e-01,2.331449389457702637e-01,-3.394927084445953369e-01,-9.112563729286193848e-01,0.000000000000000000e+00
2.531859874725341797e-01,-1.997395157814025879e-01,-8.700656704604625702e-03,8.671220541000366211e-01,4.803782701492309570e-01,-1.316665261983871460e-01,0.000000000000000000e+00
4.197080731391906738e-01,-6.627873182296752930e-01,-1.188038736581802368e-01,4.965255558490753174e-01,3.928400874137878418e-01,-7.740406990051269531e-01,0.000000000000000000e+00
3.193794190883636475e-01,-4.068877100944519043e-01,8.380010724067687988e-02,7.899334430694580078e-01,1.244680359959602356e-01,6.004272103309631348e-01,0.000000000000000000e+00
-1.123021394014358521e-01,5.108295083045959473e-01,-1.685431599617004395e-02,8.919978141784667969e-01,4.509703516960144043e-01,3.107542917132377625e-02,0.000000000000000000e+00
4.624817669391632080e-01,-7.701460123062133789e-01,-6.212510913610458374e-02,6.449261307716369629e-01,-3.043862879276275635e-01,-7.010130286216735840e-01,0.000000000000000000e+00
1.116784662008285522e-01,-3.101472854614257812e-01,1.213807538151741028e-01,-3.558013141155242920e-01,-8.246723562479019165e-02,9.309160113334655762e-01,0.000000000000000000e+00
9.776407852768898010e-03,-3.276312351226806641e-02,1.284170746803283691e-01,-1.867972873151302338e-02,2.670040726661682129e-02,9.994689226150512695e-01,0.000000000000000000e+00
-5.695833638310432434e-02,2.332999259233474731e-01,1.128075122833251953e-01,6.316028237342834473e-01,1.847845762968063354e-01,7.529492378234863281e-01,0.000000000000000000e+00
5.357379913330078125e-01,-7.213892340660095215e-01,-1.327514555305242538e-02,7.862002253532409668e-01,6.157344579696655273e-01,-5.253821983933448792e-02,0.000000000000000000e+00
1.913479864597320557e-01,-2.466329187154769897e-01,1.131934300065040588e-01,2.779763042926788330e-01,2.266171723604202271e-01,9.334740638732910156e-01,0.000000000000000000e+00
2.804911434650421143e-01,-6.937447786331176758e-01,-1.127872318029403687e-01,-5.772171616554260254e-01,-2.794313728809356689e-01,-7.672929167747497559e-01,0.000000000000000000e+00
-2.604957222938537598e-01,5.677036643028259277e-01,-1.485651731491088867e-01,2.768739163875579834e-01,5.211464315652847290e-02,-9.594920277595520020e-01,0.000000000000000000e+00
2.388944923877716064e-01,-7.185261845588684082e-01,-5.723715946078300476e-02,-7.188876271247863770e-01,-3.463785052299499512e-01,-6.026794314384460449e-01,0.000000000000000000e+00
-3.428921401500701904e-01,6.904837489128112793e-01,2.721836790442466736e-02,-2.031464129686355591e-01,9.782843589782714844e-01,-4.112509638071060181e-02,0.000000000000000000e+00
-3.598707020282745361e-01,7.826382517814636230e-01,-1.349365711212158203e-01,-4.207402169704437256e-01,9.027394652366638184e-01,-8.966121077537536621e-02,0.000000000000000000e+00
1.421072334051132202e-01,-7.514289021492004395e-02,9.130030870437622070e-02,6.102886199951171875e-01,1.475912183523178101e-01,7.783088684082031250e-01,0.000000000000000000e+00
3.617060184478759766e-02,1.211999803781509399e-01,9.734848141670227051e-02,4.872596561908721924e-01,1.722443252801895142e-01,8.561015725135803223e-01,0.000000000000000000e+00
-3.825240582227706909e-02,7.153818756341934204e-02,1.273450702428817749e-01,5.723278596997261047e-02,-1.642210059799253941e-03,9.983595013618469238e-01,0.000000000000000000e+00
3.669973909854888916e-01,-8.338553309440612793e-01,-5.790464952588081360e-02,9.250645339488983154e-02,-9.458844661712646484e-01,-3.110387921333312988e-01,0.000000000000000000e+00
-1.300410479307174683e-01,2.606960535049438477e-01,1.292116940021514893e-01,-1.507423222064971924e-01,-1.032313629984855652e-01,9.831683635711669922e-01,0.000000000000000000e+00
4.100589156150817871e-01,-7.944507002830505371e-01,1.033588349819183350e-01,5.070644617080688477e-01,-7.193930149078369141e-01,4.747202396392822266e-01,0.000000000000000000e+00
-1.923205703496932983e-01,2.972876727581024170e-01,-1.464018523693084717e-01,-2.580704689025878906e-01,-1.103427857160568237e-01,-9.598041772842407227e-01,0.000000000000000000e+00
2.694965302944183350e-01,-2.748712003231048584e-01,6.692411005496978760e-02,8.138795495033264160e-01,2.853576242923736572e-01,5.061334967613220215e-01,0.000000000000000000e+00
2.684516012668609619e-01,-2.300981581211090088e-01,1.841746643185615540e-02,9.424231052398681641e-01,2.502617537975311279e-01,2.218280732631683350e-01,0.000000000000000000e+00
1.675591915845870972e-01,-5.352519825100898743e-02,4.618936777114868164e-02,8.587802052497863770e-01,3.726418614387512207e-01,3.516171574592590332e-01,0.000000000000000000e+00
-2.170445472002029419e-01,1.405352801084518433e-01,-6.448418647050857544e-02,-8.099743127822875977e-01,-4.304356873035430908e-01,-3.983299136161804199e-01,0.000000000000000000e+00
-2.385593056678771973e-01,5.528975725173950195e-01,-1.458137631416320801e-01,1.211241185665130615e-01,1.969932168722152710e-01,-9.728939533233642578e-01,0.000000000000000000e+00
1.626492142677307129e-01,-5.718124285340309143e-02,5.746480450034141541e-02,8.380298614501953125e-01,3.063892424106597900e-01,4.514771401882171631e-01,0.000000000000000000e+00
5.130911469459533691e-01,-7.050955295562744141e-01,-5.380997806787490845e-02,7.740010023117065430e-01,4.921831786632537842e-01,-3.983442783355712891e-01,0.000000000000000000e+00
-3.688224554061889648e-01,6.239227652549743652e-01,1.244042813777923584e-01,-2.269243299961090088e-01,-1.202192381024360657e-01,9.664639830589294434e-01,0.000000000000000000e+00
-2.826570272445678711e-01,3.917941451072692871e-01,-1.330512017011642456e-01,-2.433726787567138672e-01,-4.945544004440307617e-01,-8.343774080276489258e-01,0.000000000000000000e+00
-2.167503163218498230e-02,-2.407227605581283569e-01,-3.263638168573379517e-02,-8.711912035942077637e-01,-4.700531959533691406e-01,-1.416893899440765381e-01,0.000000000000000000e+00
-3.398368358612060547e-01,3.554527163505554199e-01,2.150577120482921600e-02,-8.458750247955322266e-01,-4.596976041793823242e-01,2.705061137676239014e-01,0.000000000000000000e+00
-3.418940901756286621e-01,7.688694596290588379e-01,6.491764634847640991e-02,-9.131543636322021484e-01,1.935639083385467529e-01,-3.587228357791900635e-01,0.000000000000000000e+00
-7.768853008747100830e-02,3.539138436317443848e-01,-1.088324561715126038e-01,7.514160871505737305e-01,4.037722349166870117e-01,-5.218638777732849121e-01,0.000000000000000000e+00
-4.373779147863388062e-02,-2.341050468385219574e-02,-1.344140470027923584e-01,-3.101679086685180664e-01,-3.555065691471099854e-01,-8.817090988159179688e-01,0.000000000000000000e+00
1.844243556261062622e-01,-6.275012493133544922e-01,-1.044453214854001999e-02,-9.018524289131164551e-01,-4.247791767120361328e-01,-7.889796793460845947e-02,0.000000000000000000e+00
-4.725714921951293945e-01,6.010541319847106934e-01,-5.355200171470642090e-02,-8.468586206436157227e-01,-4.593179821968078613e-01,-2.680624425411224365e-01,0.000000000000000000e+00
-5.737764760851860046e-03,-1.576803326606750488e-01,-1.188877969980239868e-01,-4.772176742553710938e-01,-5.073075294494628906e-01,-7.175669670104980469e-01,0.000000000000000000e+00
2.322101891040802002e-01,-6.648547053337097168e-01,-8.148741722106933594e-02,-7.745193839073181152e-01,-5.465692877769470215e-01,-3.184049725532531738e-01,0.000000000000000000e+00
-9.279767423868179321e-02,2.204263359308242798e-01,-1.431786864995956421e-01,-1.039183735847473145e-01,-2.526249289512634277e-01,-9.619675874710083008e-01,0.000000000000000000e+00
3.283251821994781494e-01,-3.664843738079071045e-01,4.499430581927299500e-02,8.310764431953430176e-01,4.252312779426574707e-01,3.584553897380828857e-01,0.000000000000000000e+00
4.414855837821960449e-01,-5.711820125579833984e-01,-2.431463077664375305e-02,8.650395274162292480e-01,4.935488104820251465e-01,-9.008978307247161865e-02,0.000000000000000000e+00
4.976729154586791992e-01,-6.658906340599060059e-01,3.510191291570663452e-02,8.654657006263732910e-01,4.462673664093017578e-01,2.276281118392944336e-01,0.000000000000000000e+00
-4.452533125877380371e-01,6.685037612915039062e-01,2.412172034382820129e-03,7.490270733833312988e-01,2.732119858264923096e-01,6.035839915275573730e-01,0.000000000000000000e+00
3.297790884971618652e-01,-3.511793911457061768e-01,1.955169485881924629e-03,8.996746540069580078e-01,4.365057051181793213e-01,-6.950522772967815399e-03,0.000000000000000000e+00
-1.195141151547431946e-01,7.592795044183731079e-02,1.021895036101341248e-01,-3.020915091037750244e-01,-2.207303792238235474e-01,9.273719787597656250e-01,0.000000000000000000e+00
2.126752883195877075e-01,-3.346529901027679443e-01,1.236064657568931580e-01,2.848550379276275635e-01,1.542468070983886719e-01,9.460790157318115234e-01,0.000000000000000000e+00
2.315361648797988892e-01,-6.169431209564208984e-01,9.784670174121856689e-02,-5.699168443679809570e-01,-2.587048709392547607e-01,7.799144387245178223e-01,0.000000000000000000e+00
-5.442694574594497681e-02,1.467328071594238281e-01,1.268706917762756348e-01,2.044047415256500244e-01,4.747509583830833435e-02,9.777345061302185059e-01,0.000000000000000000e+00
2.535724826157093048e-02,2.435151338577270508e-01,7.775291334837675095e-03,9.320588111877441406e-01,3.502956926822662354e-01,-9.251666069030761719e-02,0.000000000000000000e+00
-4.231219366192817688e-02,3.650146722793579102e-01,3.145565092563629150e-02,9.160340428352355957e-01,3.918829262256622314e-01,8.549474179744720459e-02,0.000000000000000000e+00
-1.680975854396820068e-01,3.482276499271392822e-01,1.272521167993545532e-01,1.368980705738067627e-01,-1.246740221977233887e-01,9.827081561088562012e-01,0.000000000000000000e+00
-3.584022223949432373e-01,5.990622639656066895e-01,-1.499830484390258789e-01,-1.794467121362686157e-01,-1.448960006237030029e-01,-9.730385541915893555e-01,0.000000000000000000e+00
-3.406438529491424561e-01,4.334405958652496338e-01,-1.100389882922172546e-01,-5.926146507263183594e-01,-3.495278954505920410e-01,-7.256983518600463867e-01,0.000000000000000000e+00
1.319962888956069946e-01,-5.022720694541931152e-01,-5.755466967821121216e-02,-7.363267540931701660e-01,-5.055879950523376465e-01,-4.496706724166870117e-01,0.000000000000000000e+00
3.345322906970977783e-01,-8.490257859230041504e-01,5.377210304141044617e-02,4.755605757236480713e-01,-8.771464228630065918e-01,-6.675548106431961060e-02,0.000000000000000000e+00
9.004587680101394653e-02,-3.007885217666625977e-01,1.163545101881027222e-01,-3.187893331050872803e-01,-3.493050336837768555e-01,8.811125755310058594e-01,0.000000000000000000e+00
-2.603073716163635254e-01,8.004334568977355957e-01,8.254472777480259538e-05,8.913207650184631348e-01,4.440558254718780518e-01,9.144221246242523193e-02,0.000000000000000000e+00
2.786129117012023926e-01,-3.093691766262054443e-01,-8.224901556968688965e-02,6.910241246223449707e-01,3.572173416614532471e-01,-6.283959150314331055e-01,0.000000000000000000e+00
2.475234568119049072e-01,-2.919251918792724609e-01,9.688960760831832886e-02,5.843319892883300781e-01,2.739885747432708740e-01,7.638627886772155762e-01,0.000000000000000000e+00
-4.385078251361846924e-01,7.093613147735595703e-01,4.219776391983032227e-02,-3.065967746078968048e-02,-1.631001085042953491e-01,-9.861330389976501465e-01,0.000000000000000000e+00
-3.191315233707427979e-01,3.598652184009552002e-01,-9.162261337041854858e-02,-6.052349805831909180e-01,-3.524152934551239014e-01,-7.137885093688964844e-01,0.000000000000000000e+00
-2.504273504018783569e-02,1.613889355212450027e-03,-1.423353254795074463e-01,-1.409100443124771118e-01,-1.481839716434478760e-01,-9.788696765899658203e-01,0.000000000000000000e+00
2.385092228651046753e-01,-1.818596273660659790e-01,3.300186991691589355e-02,8.977108001708984375e-01,4.020687043666839600e-01,1.801558434963226318e-01,0.000000000000000000e+00
-2.699708342552185059e-01,2.224106192588806152e-01,-3.932991623878479004e-02,-8.658594489097595215e-01,-4.780785739421844482e-01,-1.474051177501678467e-01,0.000000000000000000e+00
3.197295367717742920e-01,-8.585969805717468262e-01,4.594347998499870300e-02,6.191715598106384277e-01,-7.799451351165771484e-01,9.117137640714645386e-02,0.000000000000000000e+00
-1.096549257636070251e-01,5.187601596117019653e-02,1.051758676767349243e-01,-3.283826112747192383e-01,4.546185489743947983e-03,9.445338249206542969e-01,0.000000000000000000e+00
-8.853930979967117310e-02,3.155477941036224365e-01,1.096090897917747498e-01,5.035562515258789062e-01,1.878108680248260498e-01,8.433019518852233887e-01,0.000000000000000000e+00
-3.040345311164855957e-01,7.782894968986511230e-01,9.621444344520568848e-02,5.607147812843322754e-01,2.635170519351959229e-01,7.849571704864501953e-01,0.000000000000000000e+00
-1.615752130746841431e-01,2.535287849605083466e-02,2.784613892436027527e-02,-8.374310135841369629e-01,-4.470092058181762695e-01,3.144710659980773926e-01,0.000000000000000000e+00
-3.419682979583740234e-01,7.606663107872009277e-01,1.207273155450820923e-01,3.593762814998626709e-01,1.804181933403015137e-01,9.155861139297485352e-01,0.000000000000000000e+00
5.433650016784667969e-01,-7.344772219657897949e-01,-1.540135010145604610e-03,9.458903074264526367e-01,3.237048983573913574e-01,2.250830270349979401e-02,0.000000000000000000e+00
-3.481506109237670898e-01,7.062635421752929688e-01,5.108769610524177551e-02,-4.461547434329986572e-01,3.593179583549499512e-01,-8.196563720703125000e-01,0.000000000000000000e+00
-4.829161763191223145e-01,6.933892965316772461e-01,8.491071313619613647e-02,-6.163184046745300293e-01,-3.040216565132141113e-01,7.264450788497924805e-01,0.000000000000000000e+00
-4.005041718482971191e-02,1.498728394508361816e-01,-1.415730863809585571e-01,1.896099150180816650e-01,3.027309430763125420e-04,-9.818594455718994141e-01,0.000000000000000000e+00
2.399566620588302612e-01,-7.492393255233764648e-01,-5.154739134013652802e-03,-9.808058738708496094e-01,-1.865133643150329590e-01,-5.685593187808990479e-02,0.000000000000000000e+00
-4.868336617946624756e-01,6.599826812744140625e-01,5.979770421981811523e-02,-7.631039023399353027e-01,-3.814900517463684082e-01,5.216682553291320801e-01,0.000000000000000000e+00
-2.039542347192764282e-01,5.763885974884033203e-01,9.744163602590560913e-02,4.325245022773742676e-01,4.350680857896804810e-02,9.005718827247619629e-01,0.000000000000000000e+00
-2.507839500904083252e-01,4.500690996646881104e-01,-1.476263254880905151e-01,-2.510397695004940033e-02,-1.561313867568969727e-02,-9.995629191398620605e-01,0.000000000000000000e+00
-4.821088314056396484e-01,6.067158579826354980e-01,-9.961443953216075897e-03,-8.791738748550415039e-01,-4.753636121749877930e-01,-3.290475159883499146e-02,0.000000000000000000e+00
-5.034573078155517578e-01,6.754592657089233398e-01,4.570311307907104492e-02,-8.251664638519287109e-01,-3.836013972759246826e-01,4.146688878536224365e-01,0.000000000000000000e+00
4.157656133174896240e-01,-5.325627326965332031e-01,2.399462834000587463e-02,8.377131223678588867e-01,5.002356171607971191e-01,2.190914601087570190e-01,0.000000000000000000e+00
-1.186530813574790955e-01,-6.269384175539016724e-02,5.018013063818216324e-03,-8.846359848976135254e-01,-4.597179293632507324e-01,7.796569168567657471e-02,0.000000000000000000e+00
-3.616734147071838379e-01,7.702492475509643555e-01,-1.145081371068954468e-01,-4.862834811210632324e-01,1.047720164060592651e-01,8.674970865249633789e-01,0.000000000000000000e+00
4.885254204273223877e-01,-7.976984977722167969e-01,3.847458958625793457e-02,8.519738316535949707e-01,4.808973670005798340e-01,2.070709168910980225e-01,0.000000000000000000e+00
2.591456472873687744e-01,-6.957076787948608398e-01,9.637032449245452881e-02,-5.358585119247436523e-01,-2.291359454393386841e-01,8.126206994056701660e-01,0.000000000000000000e+00
-9.301821887493133545e-02,2.331104576587677002e-01,-1.463248729705810547e-01,2.954903244972229004e-01,-1.567009091377258301e-01,-9.424066543579101562e-01,0.000000000000000000e+00
4.826035499572753906e-01,-6.357221007347106934e-01,-2.379352226853370667e-02,8.650693893432617188e-01,4.656157195568084717e-01,-1.867002099752426147e-01,0.000000000000000000e+00
3.117281943559646606e-02,-3.412446677684783936e-01,-2.823416888713836670e-02,-8.832397460937500000e-01,-4.599744379520416260e-01,-9.116484969854354858e-02,0.000000000000000000e+00
-1.195546314120292664e-01,2.703308165073394775e-01,1.291064023971557617e-01,2.734155356884002686e-01,1.920723170042037964e-02,9.617042541503906250e-01,0.000000000000000000e+00
-2.802857011556625366e-02,7.866014540195465088e-02,1.269898116588592529e-01,-1.153366360813379288e-02,6.627109646797180176e-02,9.977349638938903809e-01,0.000000000000000000e+00
-9.498717635869979858e-02,1.825912743806838989e-01,1.292641758918762207e-01,-1.660973131656646729e-01,-6.367580592632293701e-02,9.840513467788696289e-01,0.000000000000000000e+00
2.089109569787979126e-01,-1.212564408779144287e-01,-3.077588416635990143e-02,8.704054355621337891e-01,4.223285019397735596e-01,-2.530473470687866211e-01,0.000000000000000000e+00
1.154328975826501846e-02,-2.486861050128936768e-01,7.777524739503860474e-02,-6.276979446411132812e-01,-4.137018024921417236e-01,6.594285964965820312e-01,0.000000000000000000e+00
7.521065324544906616e-02,1.459623277187347412e-01,-1.446791458874940872e-03,8.878126740455627441e-01,4.471681714057922363e-01,-1.087622791528701782e-01,0.000000000000000000e+00
-3.799161612987518311e-01,5.020766258239746094e-01,-1.079295277595520020e-01,-6.753368377685546875e-01,-3.142360746860504150e-01,-6.672149300575256348e-01,0.000000000000000000e+00
3.915283679962158203e-01,-5.009080171585083008e-01,4.971901699900627136e-02,7.277364134788513184e-01,6.068459153175354004e-01,3.195900022983551025e-01,0.000000000000000000e+00
1.121302470564842224e-01,-2.710452973842620850e-01,1.246538981795310974e-01,-3.234695792198181152e-01,4.370592907071113586e-02,9.452286362648010254e-01,0.000000000000000000e+00
1.623214930295944214e-01,-3.118632361292839050e-02,-3.285028785467147827e-02,8.464150428771972656e-01,4.759501218795776367e-01,-2.388577163219451904e-01,0.000000000000000000e+00
-3.016405999660491943e-01,7.965481877326965332e-01,3.381124464794993401e-03,-9.117497801780700684e-01,-1.673046201467514038e-01,-3.751286566257476807e-01,0.000000000000000000e+00
-4.394083023071289062e-01,5.483537912368774414e-01,3.424820676445960999e-02,-8.047010302543640137e-01,-4.494189620018005371e-01,3.879160881042480469e-01,0.000000000000000000e+00
2.669712901115417480e-02,1.607892215251922607e-01,-1.042451560497283936e-01,6.346008777618408203e-01,4.263156056404113770e-01,-6.446214318275451660e-01,0.000000000000000000e+00
-1.824910640716552734e-01,2.123088389635086060e-01,-1.360329389572143555e-01,-4.267461001873016357e-01,-8.893271535634994507e-02,-8.999881744384765625e-01,0.000000000000000000e+00
-8.054832369089126587e-02,-9.571631997823715210e-02,6.600290536880493164e-02,-8.177215456962585449e-01,-4.128052890300750732e-01,4.011524617671966553e-01,0.000000000000000000e+00
-8.400212973356246948e-02,3.309012651443481445e-01,1.021786332130432129e-01,6.127988100051879883e-01,2.282541096210479736e-01,7.565564513206481934e-01,0.000000000000000000e+00
-2.655430734157562256e-01,8.113279342651367188e-01,-2.214746363461017609e-02,8.383617997169494629e-01,5.443757176399230957e-01,2.836432866752147675e-02,0.000000000000000000e+00
-2.752665281295776367e-01,3.635594248771667480e-01,1.079763621091842651e-01,-4.563847780227661133e-01,-3.284862637519836426e-01,8.269278407096862793e-01,0.000000000000000000e+00
-1.432800740003585815e-01,3.146038949489593506e-01,1.266169548034667969e-01,1.670343130826950073e-01,1.787229478359222412e-01,9.696172475814819336e-01,0.000000000000000000e+00
3.385318517684936523e-01,-5.633158683776855469e-01,1.177210360765457153e-01,1.757403314113616943e-01,1.534518599510192871e-01,9.724031090736389160e-01,0.000000000000000000e+00
-3.357835710048675537e-01,7.869143486022949219e-01,1.097855046391487122e-01,2.418221235275268555e-01,5.477864146232604980e-01,8.009070754051208496e-01,0.000000000000000000e+00
-5.632204562425613403e-02,1.911334842443466187e-01,1.204949170351028442e-01,4.047552347183227539e-01,1.035276204347610474e-01,9.085456728935241699e-01,0.000000000000000000e+00
4.424693882465362549e-01,-8.010267019271850586e-01,1.339615583419799805e-01,4.815415740013122559e-01,-8.721752166748046875e-01,-8.618647605180740356e-02,0.000000000000000000e+00
2.205094844102859497e-01,-6.989022493362426758e-01,3.051664493978023529e-02,-9.369648098945617676e-01,-2.145821899175643921e-01,2.757741510868072510e-01,0.000000000000000000e+00
1.135558933019638062e-01,-2.730753421783447266e-01,1.252356320619583130e-01,-3.234695792198181152e-01,4.370592907071113586e-02,9.452286362648010254e-01,0.000000000000000000e+00
1.898657679557800293e-01,-6.013561487197875977e-01,5.163705721497535706e-02,-8.715775609016418457e-01,-1.888610720634460449e-01,4.524202048778533936e-01,0.000000000000000000e+00
3.972499370574951172e-01,-5.775783658027648926e-01,9.437304735183715820e-02,5.519731044769287109e-01,3.641877472400665283e-01,7.501286268234252930e-01,0.000000000000000000e+00
-1.319700926542282104e-01,5.419079065322875977e-01,-3.981244191527366638e-02,8.675052523612976074e-01,4.665435254573822021e-01,-1.725450158119201660e-01,0.000000000000000000e+00
-3.683307170867919922e-01,7.608692049980163574e-01,-1.153968796133995056e-01,-3.942462503910064697e-01,4.950633645057678223e-02,9.176704287528991699e-01,0.000000000000000000e+00
1.158618479967117310e-01,-4.930678606033325195e-01,-3.366651013493537903e-02,-8.407264947891235352e-01,-5.009131431579589844e-01,-2.055843472480773926e-01,0.000000000000000000e+00
-4.159440398216247559e-01,6.983380913734436035e-01,-9.208762645721435547e-02,-4.696342647075653076e-01,1.086257472634315491e-01,8.761529922485351562e-01,0.000000000000000000e+00
3.480183780193328857e-01,-6.319835186004638672e-01,-1.310650408267974854e-01,1.877522021532058716e-01,4.086532816290855408e-02,-9.813659787178039551e-01,0.000000000000000000e+00
-3.527835905551910400e-01,6.970037221908569336e-01,4.615853726863861084e-02,-2.809582948684692383e-01,7.018567323684692383e-01,-6.545682549476623535e-01,0.000000000000000000e+00
9.249292314052581787e-02,-2.669554054737091064e-01,1.206882745027542114e-01,-1.530132293701171875e-01,-2.924120724201202393e-01,9.439714550971984863e-01,0.000000000000000000e+00
-4.203149080276489258e-01,7.159187197685241699e-01,1.249655112624168396e-01,-2.601675689220428467e-01,-1.161682382225990295e-01,9.585498571395874023e-01,0.000000000000000000e+00
3.308433890342712402e-01,-3.696545958518981934e-01,4.291660338640213013e-02,8.310764431953430176e-01,4.252312779426574707e-01,3.584553897380828857e-01,0.000000000000000000e+00
-1.904298216104507446e-01,3.676208555698394775e-01,-1.475502252578735352e-01,1.552686393260955811e-01,-1.555547714233398438e-01,-9.755482077598571777e-01,0.000000000000000000e+00
-1.772300712764263153e-02,-2.524463534355163574e-01,-1.232719793915748596e-02,-8.864210844039916992e-01,-4.612727761268615723e-01,-3.853619098663330078e-02,0.000000000000000000e+00
-5.098101124167442322e-02,-1.844932287931442261e-01,-4.968387261033058167e-02,-8.129197359085083008e-01,-4.892421662807464600e-01,-3.159170448780059814e-01,0.000000000000000000e+00
-3.068134486675262451e-01,7.183881402015686035e-01,1.547488570213317871e-02,-7.290729880332946777e-01,4.241157695651054382e-02,-6.831206679344177246e-01,0.000000000000000000e+00
-3.397664129734039307e-01,6.517665386199951172e-01,-1.562733948230743408e-01,4.186290130019187927e-02,-3.767003491520881653e-02,-9.984129667282104492e-01,0.000000000000000000e+00
4.624149575829505920e-02,-8.659758418798446655e-02,-1.400482058525085449e-01,3.389563784003257751e-02,9.982802905142307281e-03,-9.993755221366882324e-01,0.000000000000000000e+00
-2.840211689472198486e-01,4.683674871921539307e-01,1.243088245391845703e-01,-2.840557396411895752e-01,-2.234808057546615601e-01,9.323993921279907227e-01,0.000000000000000000e+00
-3.358432054519653320e-01,7.887865304946899414e-01,6.295393407344818115e-02,-8.016862273216247559e-01,1.291072517633438110e-01,-5.836356282234191895e-01,0.000000000000000000e+00
1.682804077863693237e-01,-4.980625510215759277e-01,9.442928433418273926e-02,-5.196534395217895508e-01,-4.318073689937591553e-01,7.372263669967651367e-01,0.000000000000000000e+00
-7.403873652219772339e-02,-1.386049091815948486e-01,2.735408954322338104e-02,-8.640453219413757324e-01,-4.531626701354980469e-01,2.192470133304595947e-01,0.000000000000000000e+00
3.802435398101806641e-01,-6.008191108703613281e-01,-1.188272908329963684e-01,2.534689307212829590e-01,3.595971465110778809e-01,-8.980219364166259766e-01,0.000000000000000000e+00
3.554207505658268929e-04,2.887985110282897949e-01,-2.532733790576457977e-02,8.685747981071472168e-01,4.586127102375030518e-01,-1.877558231353759766e-01,0.000000000000000000e+00
4.318026006221771240e-01,-9.012231230735778809e-01,-2.275407128036022186e-02,3.871847689151763916e-01,-9.166620373725891113e-01,-9.908937662839889526e-02,0.000000000000000000e+00
-3.971542716026306152e-01,6.904608607292175293e-01,-1.555426269769668579e-01,-9.640729427337646484e-02,-1.181651353836059570e-01,-9.883028864860534668e-01,0.000000000000000000e+00
-4.625357091426849365e-01,6.714687943458557129e-01,9.289021044969558716e-02,-6.139083504676818848e-01,-3.369207978248596191e-01,7.138633728027343750e-01,0.000000000000000000e+00
6.037742272019386292e-02,-1.287745535373687744e-01,1.266530454158782959e-01,-1.386791914701461792e-01,6.652169395238161087e-03,9.903150200843811035e-01,0.000000000000000000e+00
3.960552811622619629e-01,-9.082595109939575195e-01,-5.619443953037261963e-03,-8.246914148330688477e-01,-5.610212087631225586e-01,-7.168893516063690186e-02,0.000000000000000000e+00
1.735976785421371460e-01,-5.900788903236389160e-01,-7.427485194057226181e-03,-9.575752019882202148e-01,-2.878938317298889160e-01,-1.291763316839933395e-02,0.000000000000000000e+00
4.818818271160125732e-01,-7.926096916198730469e-01,4.413840547204017639e-02,6.681429743766784668e-01,6.669705510139465332e-01,3.297502696514129639e-01,0.000000000000000000e+00
-3.122713267803192139e-01,2.962653934955596924e-01,-1.233855844475328922e-03,-8.791995048522949219e-01,-4.758261442184448242e-01,2.444824576377868652e-02,0.000000000000000000e+00
-2.834846079349517822e-01,7.950768470764160156e-01,-9.423153102397918701e-02,7.090766429901123047e-01,3.760150671005249023e-01,-5.965089797973632812e-01,0.000000000000000000e+00
2.392487227916717529e-01,-7.067524790763854980e-01,-6.377771496772766113e-02,-6.820400953292846680e-01,-5.682371854782104492e-01,-4.603562057018280029e-01,0.000000000000000000e+00
-1.762196123600006104e-01,3.665673732757568359e-01,-1.434233933687210083e-01,2.499834597110748291e-01,1.681922078132629395e-01,-9.535300731658935547e-01,0.000000000000000000e+00
4.841154515743255615e-01,-8.482809662818908691e-01,6.523635238409042358e-02,5.747413635253906250e-01,1.650824397802352905e-01,8.015111684799194336e-01,0.000000000000000000e+00
-3.560527861118316650e-01,7.575135827064514160e-01,5.901484191417694092e-02,-3.904491961002349854e-01,5.413466095924377441e-01,-7.446430325508117676e-01,0.000000000000000000e+00
1.411900762468576431e-02,1.817711144685745239e-01,-1.060990840196609497e-01,5.020605921745300293e-01,2.822545766830444336e-01,-8.174763321876525879e-01,0.000000000000000000e+00
-7.091496139764785767e-02,-1.478860527276992798e-01,-3.775465115904808044e-02,-8.735956549644470215e-01,-4.702988564968109131e-01,-1.250984966754913330e-01,0.000000000000000000e+00
-3.375158905982971191e-01,7.801554799079895020e-01,3.068249858915805817e-02,-8.127225041389465332e-01,5.221996903419494629e-01,-2.584368288516998291e-01,0.000000000000000000e+00
-3.721953034400939941e-01,4.516524374485015869e-01,-9.019278734922409058e-02,-8.103827238082885742e-01,-1.067049726843833923e-01,-5.761023163795471191e-01,0.000000000000000000e+00
-1.534474045038223267e-01,4.277113676071166992e-01,-1.345517635345458984e-01,1.137003749608993530e-01,1.583421528339385986e-01,-9.808160066604614258e-01,0.000000000000000000e+00
7.341659814119338989e-02,-7.220632582902908325e-02,1.249543726444244385e-01,1.576219350099563599e-01,1.458381414413452148e-01,9.766711592674255371e-01,0.000000000000000000e+00
4.339004456996917725e-01,-8.729521632194519043e-01,-6.578425318002700806e-02,-5.097853541374206543e-01,-1.560592055320739746e-01,-8.460286259651184082e-01,0.000000000000000000e+00
1.997331976890563965e-01,-2.524462342262268066e-01,-1.193505227565765381e-01,6.688856482505798340e-01,1.041204035282135010e-01,-7.360373139381408691e-01,0.000000000000000000e+00
-8.006097376346588135e-02,-9.036611020565032959e-02,7.294528186321258545e-02,-8.298876285552978516e-01,-4.193897545337677002e-01,3.679656982421875000e-01,0.000000000000000000e+00
2.868535518646240234e-01,-8.474677205085754395e-01,-2.942955121397972107e-02,-7.704251408576965332e-01,-5.150610208511352539e-01,-3.757088780403137207e-01,0.000000000000000000e+00
-4.848287403583526611e-01,7.090780735015869141e-01,4.727702587842941284e-03,2.175323516130447388e-01,9.668697118759155273e-01,-1.335764229297637939e-01,0.000000000000000000e+00
2.697902321815490723e-01,-5.229938626289367676e-01,1.160082444548606873e-01,-1.770694106817245483e-01,2.357683479785919189e-01,9.555415511131286621e-01,0.000000000000000000e+00
6.412845849990844727e-02,-1.030296981334686279e-01,-1.397249996662139893e-01,5.041306838393211365e-02,5.499687418341636658e-02,-9.972130656242370605e-01,0.000000000000000000e+00
-2.742632329463958740e-01,7.574250698089599609e-01,7.907712459564208984e-02,6.810036897659301758e-01,3.829754292964935303e-01,6.241504549980163574e-01,0.000000000000000000e+00
1.654210239648818970e-01,-2.911172807216644287e-01,-1.293681710958480835e-01,2.684586942195892334e-01,-2.073004543781280518e-01,-9.407212734222412109e-01,0.000000000000000000e+00
2.967531681060791016e-01,-3.084931075572967529e-01,4.850773885846138000e-02,8.179352879524230957e-01,4.139832556247711182e-01,3.994993567466735840e-01,0.000000000000000000e+00
5.173931717872619629e-01,-7.419661283493041992e-01,-1.718937605619430542e-02,-1.801502406597137451e-01,-9.676024317741394043e-01,1.768939644098281860e-01,0.000000000000000000e+00
1.118918359279632568e-01,-4.172802567481994629e-01,-9.484393894672393799e-02,-6.270481348037719727e-01,-3.757891356945037842e-01,-6.823438405990600586e-01,0.000000000000000000e+00
-4.238851666450500488e-01,5.039728879928588867e-01,1.834721071645617485e-03,-8.841285109519958496e-01,-4.592062830924987793e-01,8.629222214221954346e-02,0.000000000000000000e+00
4.259329438209533691e-01,-7.885577678680419922e-01,1.235397383570671082e-01,-1.717371344566345215e-01,-3.568575084209442139e-01,-9.182369709014892578e-01,0.000000000000000000e+00
-6.534635275602340698e-02,2.148903161287307739e-01,1.207824125885963440e-01,3.364811539649963379e-01,1.247742399573326111e-01,9.333872795104980469e-01,0.000000000000000000e+00
4.175518453121185303e-01,-5.359792113304138184e-01,2.505210787057876587e-02,8.220720291137695312e-01,5.093185901641845703e-01,2.545429170131683350e-01,0.000000000000000000e+00
4.791415929794311523e-01,-7.645242214202880859e-01,-1.200217753648757935e-01,8.100718855857849121e-01,-3.395153880119323730e-01,-4.780301749706268311e-01,0.000000000000000000e+00
-2.837983369827270508e-01,8.224545717239379883e-01,-3.381215035915374756e-02,4.277647286653518677e-02,9.859608411788940430e-01,-1.614043116569519043e-01,0.000000000000000000e+00
2.956195473670959473e-01,-8.153572678565979004e-01,8.063454926013946533e-02,-8.127496242523193359e-01,-1.737603247165679932e-01,5.560983419418334961e-01,0.000000000000000000e+00
-3.572927713394165039e-01,5.030823945999145508e-01,-1.272942274808883667e-01,-6.934684514999389648e-01,1.348967403173446655e-01,-7.077459692955017090e-01,0.000000000000000000e+00
1.286787688732147217e-01,3.556315973401069641e-02,-3.043157421052455902e-02,8.786127567291259766e-01,4.371990561485290527e-01,-1.920849978923797607e-01,0.000000000000000000e+00
1.063179820775985718e-01,-2.390980869531631470e-01,1.272655874490737915e-01,-6.994798779487609863e-02,-1.060540899634361267e-01,9.918970465660095215e-01,0.000000000000000000e+00
-3.607454597949981689e-01,5.315104722976684570e-01,-1.342171877622604370e-01,-4.088488221168518066e-01,-2.819754183292388916e-01,-8.679472804069519043e-01,0.000000000000000000e+00
2.766140922904014587e-02,-1.473719924688339233e-01,1.209361180663108826e-01,-3.232767283916473389e-01,3.841746598482131958e-03,9.462966918945312500e-01,0.000000000000000000e+00
-1.894843131303787231e-01,1.709472537040710449e-01,9.625617414712905884e-02,-6.604987978935241699e-01,-1.649746447801589966e-01,7.324784398078918457e-01,0.000000000000000000e+00
-7.996875047683715820e-02,3.686206936836242676e-01,8.455434441566467285e-02,6.744526028633117676e-01,2.699631452560424805e-01,6.871925592422485352e-01,0.000000000000000000e+00
-3.517341911792755127e-01,7.134945988655090332e-01,5.388695001602172852e-02,-3.805809617042541504e-01,7.339740544557571411e-02,-9.218302369117736816e-01,0.000000000000000000e+00
-3.892369866371154785e-01,7.653753161430358887e-01,8.502565324306488037e-02,-7.142716050148010254e-01,6.527884602546691895e-01,-2.523554563522338867e-01,0.000000000000000000e+00
-4.642886817455291748e-01,5.892561674118041992e-01,2.906775288283824921e-02,-8.211020827293395996e-01,-4.741035401821136475e-01,3.178320229053497314e-01,0.000000000000000000e+00
3.829134404659271240e-01,-5.710923075675964355e-01,1.012882217764854431e-01,4.758865535259246826e-01,3.324422836303710938e-01,8.142567873001098633e-01,0.000000000000000000e+00
5.183942914009094238e-01,-7.408757209777832031e-01,-1.229709945619106293e-02,-1.890339106321334839e-01,-9.204661846160888672e-01,3.420645296573638916e-01,0.000000000000000000e+00
6.789684295654296875e-02,-3.148763477802276611e-01,-1.043592914938926697e-01,-6.316969394683837891e-01,4.290430340915918350e-03,-7.752035856246948242e-01,0.000000000000000000e+00
-3.374408483505249023e-01,3.613444864749908447e-01,-6.818112730979919434e-02,-7.646150588989257812e-01,-5.676477551460266113e-01,-3.051882386207580566e-01,0.000000000000000000e+00
2.972597442567348480e-02,-3.391191661357879639e-01,1.405000500380992889e-02,-8.817902803421020508e-01,-4.589970707893371582e-01,1.084783077239990234e-01,0.000000000000000000e+00
6.770092295482754707e-04,2.759609222412109375e-01,3.798769414424896240e-02,8.489498496055603027e-01,4.869560301303863525e-01,2.053239494562149048e-01,0.000000000000000000e+00
2.161610573530197144e-01,-6.086321473121643066e-01,8.487392216920852661e-02,-8.638421297073364258e-01,-6.773210130631923676e-03,5.037170648574829102e-01,0.000000000000000000e+00
1.221811324357986450e-01,-4.230196774005889893e-01,9.474775940179824829e-02,-6.185079813003540039e-01,-3.346212506294250488e-01,7.109686732292175293e-01,0.000000000000000000e+00
1.185406744480133057e-01,-2.156213372945785522e-01,-1.389104872941970825e-01,-7.262841612100601196e-02,-1.188131198287010193e-01,-9.902567863464355469e-01,0.000000000000000000e+00
-3.852187693119049072e-01,4.510144591331481934e-01,-6.664884835481643677e-02,-8.212103843688964844e-01,-4.228859543800354004e-01,-3.831200897693634033e-01,0.000000000000000000e+00
2.933751642704010010e-01,-7.101565003395080566e-01,-1.152699366211891174e-01,-4.364862143993377686e-01,-2.511180043220520020e-01,-8.639557361602783203e-01,0.000000000000000000e+00
1.015759706497192383e-01,1.655757240951061249e-02,-9.923823177814483643e-02,6.007997393608093262e-01,4.796365797519683838e-01,-6.395220160484313965e-01,0.000000000000000000e+00
-3.506540060043334961e-01,3.896843492984771729e-01,4.351967573165893555e-02,-8.269489407539367676e-01,-4.499707520008087158e-01,3.371672630310058594e-01,0.000000000000000000e+00
-6.210105121135711670e-02,1.615322828292846680e-01,1.273127347230911255e-01,7.235945016145706177e-02,2.277926728129386902e-02,9.971184730529785156e-01,0.000000000000000000e+00
-1.724150963127613068e-02,3.061599135398864746e-01,4.534323140978813171e-02,8.510275483131408691e-01,3.780675232410430908e-01,3.644407391548156738e-01,0.000000000000000000e+00
2.436001151800155640e-01,-6.511551737785339355e-01,9.811801463365554810e-02,-5.896931886672973633e-01,-1.151285599917173386e-02,8.075453042984008789e-01,0.000000000000000000e+00
1.482601016759872437e-01,-1.470974832773208618e-01,1.110597476363182068e-01,4.667340219020843506e-01,2.054827213287353516e-01,8.601954579353332520e-01,0.000000000000000000e+00
3.545903861522674561e-01,-5.281676054000854492e-01,-1.032704710960388184e-01,4.923779964447021484e-01,4.754197895526885986e-01,-7.290678620338439941e-01,0.000000000000000000e+00
-4.680287837982177734e-01,6.055264472961425781e-01,4.236324131488800049e-02,-7.849586606025695801e-01,-4.701071083545684814e-01,4.035334289073944092e-01,0.000000000000000000e+00
-1.864529848098754883e-01,9.645089507102966309e-02,-8.007588982582092285e-02,-6.414241194725036621e-01,-2.278425246477127075e-01,-7.325727343559265137e-01,0.000000000000000000e+00
-2.092104852199554443e-01,1.058478727936744690e-01,6.370156072080135345e-03,-8.729584217071533203e-01,-4.831990599632263184e-01,6.680043041706085205e-02,0.000000000000000000e+00
2.311884015798568726e-01,-3.578485846519470215e-01,1.218862235546112061e-01,2.789482772350311279e-01,1.567333489656448364e-01,9.474294185638427734e-01,0.000000000000000000e+00
5.166064500808715820e-01,-7.014539241790771484e-01,-4.061703756451606750e-02,8.969001173973083496e-01,3.576983511447906494e-01,-2.600425183773040771e-01,0.000000000000000000e+00
2.749370038509368896e-01,-8.289912939071655273e-01,-1.047571003437042236e-02,-8.731951713562011719e-01,-4.046662747859954834e-01,-2.716163098812103271e-01,0.000000000000000000e+00
-2.419263422489166260e-01,3.781976103782653809e-01,-1.431822478771209717e-01,-2.946745157241821289e-01,9.804533421993255615e-02,-9.505546092987060547e-01,0.000000000000000000e+00
-2.214095890522003174e-01,3.548480570316314697e-01,-1.466624587774276733e-01,-2.013751566410064697e-01,-2.122691124677658081e-01,-9.562373757362365723e-01,0.000000000000000000e+00
-1.752317994832992554e-01,3.953675925731658936e-01,-1.436333507299423218e-01,-1.976802051067352295e-01,-8.472219854593276978e-02,-9.765985012054443359e-01,0.000000000000000000e+00
4.885070919990539551e-01,-8.481836915016174316e-01,-5.748289451003074646e-02,5.864684581756591797e-01,3.855817317962646484e-01,-7.123071551322937012e-01,0.000000000000000000e+00
4.950985908508300781e-01,-8.009461760520935059e-01,1.742335036396980286e-02,9.152724146842956543e-01,2.626183331012725830e-01,3.054636418819427490e-01,0.000000000000000000e+00
-4.641912579536437988e-01,6.029354929924011230e-01,4.665327072143554688e-02,-7.835533618927001953e-01,-4.473367333412170410e-01,4.312005639076232910e-01,0.000000000000000000e+00
-1.939285695552825928e-01,3.457717895507812500e-01,-1.470130980014801025e-01,-7.805510610342025757e-02,2.869106084108352661e-02,-9.965361356735229492e-01,0.000000000000000000e+00
1.036560460925102234e-01,3.730474412441253662e-02,7.125497609376907349e-02,8.368778228759765625e-01,2.464467138051986694e-01,4.887734651565551758e-01,0.000000000000000000e+00
5.454458594322204590e-01,-7.430090308189392090e-01,-2.232799120247364044e-02,9.636622071266174316e-01,2.660697996616363525e-01,-2.370639704167842865e-02,0.000000000000000000e+00
2.535998821258544922e-01,-2.627143859863281250e-01,7.740619033575057983e-02,6.717850565910339355e-01,1.692949980497360229e-01,7.211408019065856934e-01,0.000000000000000000e+00
3.287410140037536621e-01,-7.048655748367309570e-01,-1.307439804077148438e-01,-3.248794078826904297e-01,-2.194757945835590363e-02,-9.455007314682006836e-01,0.000000000000000000e+00
-1.696878857910633087e-02,2.138465791940689087e-01,-1.180693656206130981e-01,5.233371853828430176e-01,2.982144653797149658e-01,-7.982395291328430176e-01,0.000000000000000000e+00
2.393620312213897705e-01,-2.136130928993225098e-01,6.653774529695510864e-02,7.158710956573486328e-01,3.638525903224945068e-01,5.959361195564270020e-01,0.000000000000000000e+00
1.970150172710418701e-01,-6.393229961395263672e-01,-4.409690201282501221e-02,-8.346405029296875000e-01,-3.937833011150360107e-01,-3.851103484630584717e-01,0.000000000000000000e+00
-3.049895167350769043e-01,5.886891484260559082e-01,1.269968599081039429e-01,-2.293623052537441254e-02,-2.779183536767959595e-02,9.993505477905273438e-01,0.000000000000000000e+00
-8.496669679880142212e-02,-1.241591721773147583e-01,9.658231399953365326e-03,-8.611891269683837891e-01,-4.853848218917846680e-01,1.508471816778182983e-01,0.000000000000000000e+00
1.977661103010177612e-01,-5.248815417289733887e-01,8.747057616710662842e-02,-3.520979881286621094e-01,-6.463766694068908691e-01,6.769226193428039551e-01,0.000000000000000000e+00
-3.528307378292083740e-01,4.538924992084503174e-01,8.281248062849044800e-02,-7.066653966903686523e-01,-2.126753628253936768e-01,6.748282909393310547e-01,0.000000000000000000e+00
2.772870063781738281e-01,-7.745406031608581543e-01,8.061654120683670044e-02,-8.325684666633605957e-01,-4.055705666542053223e-02,5.524353981018066406e-01,0.000000000000000000e+00
-3.123262524604797363e-01,3.527046442031860352e-01,-9.432762116193771362e-02,-5.168867111206054688e-01,-6.124405935406684875e-02,-8.538602590560913086e-01,0.000000000000000000e+00
-6.774625927209854126e-02,2.841570377349853516e-01,1.111507788300514221e-01,4.852419793605804443e-01,3.259853646159172058e-02,8.737720251083374023e-01,0.000000000000000000e+00
5.067549347877502441e-01,-7.260773777961730957e-01,-8.325973898172378540e-02,5.948618054389953613e-01,2.062655091285705566e-01,-7.769131064414978027e-01,0.000000000000000000e+00
-2.057922258973121643e-02,-2.197102606296539307e-01,5.422133207321166992e-02,-8.260335922241210938e-01,-4.397104680538177490e-01,3.525949418544769287e-01,0.000000000000000000e+00
3.801239728927612305e-01,-6.954398751258850098e-01,-1.340281963348388672e-01,6.731436401605606079e-02,1.609722524881362915e-01,-9.846606850624084473e-01,0.000000000000000000e+00
-3.861970901489257812e-01,6.029245257377624512e-01,-1.427518278360366821e-01,-3.205446302890777588e-01,-2.096818536520004272e-01,-9.237340688705444336e-01,0.000000000000000000e+00
1.489171981811523438e-01,-3.571765422821044922e-01,-1.300345063209533691e-01,-2.321000844240188599e-01,-2.913173846900463104e-02,-9.722555875778198242e-01,0.000000000000000000e+00
4.763939976692199707e-01,-8.465569019317626953e-01,6.931239366531372070e-02,3.682010173797607422e-01,1.849560886621475220e-01,9.111636877059936523e-01,0.000000000000000000e+00
-6.102194078266620636e-03,-6.338474899530410767e-02,-1.363428533077239990e-01,-4.756222665309906006e-01,-1.857250183820724487e-01,-8.598195314407348633e-01,0.000000000000000000e+00
4.253464043140411377e-01,-7.217403054237365723e-01,1.328623741865158081e-01,2.516587078571319580e-01,2.226006090641021729e-01,9.418688416481018066e-01,0.000000000000000000e+00
3.120314478874206543e-01,-3.287796080112457275e-01,3.765869513154029846e-02,8.632408976554870605e-01,4.465019106864929199e-01,2.354807853698730469e-01,0.000000000000000000e+00
3.406675457954406738e-01,-3.731189370155334473e-01,-4.975184332579374313e-03,9.022817015647888184e-01,4.267968833446502686e-01,-6.109124049544334412e-02,0.000000000000000000e+00
5.086209159344434738e-03,2.769028544425964355e-01,2.676654234528541565e-02,6.501175761222839355e-01,3.726481795310974121e-01,6.621785759925842285e-01,0.000000000000000000e+00
5.049275159835815430e-01,-8.617463707923889160e-01,8.170519024133682251e-03,3.723283708095550537e-01,-9.263603091239929199e-01,5.681709572672843933e-02,0.000000000000000000e+00
2.803245484828948975e-01,-5.702916979789733887e-01,1.211695298552513123e-01,-1.948029994964599609e-01,1.744710505008697510e-01,9.652003049850463867e-01,0.000000000000000000e+00
1.977650970220565796e-01,-4.363676309585571289e-01,-1.307433545589447021e-01,-1.758404672145843506e-01,-9.970199316740036011e-02,-9.793567657470703125e-01,0.000000000000000000e+00
1.029307693243026733e-01,-4.779898822307586670e-01,3.120189299806952477e-03,-8.732329010963439941e-01,-4.849299192428588867e-01,4.803365841507911682e-02,0.000000000000000000e+00
-2.495016455650329590e-01,5.131680369377136230e-01,1.280016452074050903e-01,-1.251199096441268921e-01,7.382132858037948608e-02,9.893914461135864258e-01,0.000000000000000000e+00
1.916599273681640625e-01,-5.450446009635925293e-01,7.635516673326492310e-02,-3.201757371425628662e-01,6.608350872993469238e-01,6.788110733032226562e-01,0.000000000000000000e+00
-3.452828526496887207e-01,3.694503307342529297e-01,-5.968122556805610657e-02,-8.646522164344787598e-01,-4.581269025802612305e-01,-2.061461806297302246e-01,0.000000000000000000e+00
1.212917827069759369e-02,1.957147866487503052e-01,-1.026280149817466736e-01,6.550551056861877441e-01,2.799576520919799805e-01,-7.018023133277893066e-01,0.000000000000000000e+00
3.606052324175834656e-02,2.075117081403732300e-01,4.228786006569862366e-02,8.120241761207580566e-01,3.543610274791717529e-01,4.637294411659240723e-01,0.000000000000000000e+00
-1.462656725198030472e-02,1.546953171491622925e-01,1.156062334775924683e-01,3.942054808139801025e-01,1.108855158090591431e-01,9.123082756996154785e-01,0.000000000000000000e+00
-2.280256152153015137e-01,6.343768239021301270e-01,9.299197047948837280e-02,6.147433519363403320e-01,3.008193969726562500e-01,7.291078567504882812e-01,0.000000000000000000e+00
-3.033738732337951660e-01,3.652016818523406982e-01,-1.115103587508201599e-01,-5.722510218620300293e-01,-4.950850307941436768e-01,-6.537733078002929688e-01,0.000000000000000000e+00
-4.616593420505523682e-01,6.940217018127441406e-01,1.023682057857513428e-01,-4.984142482280731201e-01,-2.217432707548141479e-01,8.381009101867675781e-01,0.000000000000000000e+00
-5.072480440139770508e-01,7.077406048774719238e-01,-5.744608491659164429e-02,-6.090116500854492188e-01,7.931561470031738281e-01,2.851378871127963066e-03,0.000000000000000000e+00
-1.780175566673278809e-01,1.814324408769607544e-01,1.070157513022422791e-01,-5.724918842315673828e-01,-3.638697564601898193e-01,7.347460985183715820e-01,0.000000000000000000e+00
-2.167881280183792114e-01,2.262148410081863403e-01,9.855650365352630615e-02,-6.760970354080200195e-01,-4.074994921684265137e-01,6.138705015182495117e-01,0.000000000000000000e+00
-1.023396104574203491e-01,-6.712651997804641724e-02,5.229779705405235291e-02,-8.208734393119812012e-01,-4.311945140361785889e-01,3.744837641716003418e-01,0.000000000000000000e+00
4.309848248958587646e-01,-7.868283987045288086e-01,9.660407900810241699e-02,3.354501128196716309e-01,-8.334254026412963867e-01,4.391757547855377197e-01,0.000000000000000000e+00
-6.020367145538330078e-02,1.235696002840995789e-01,1.294447034597396851e-01,8.358544856309890747e-02,-3.632672503590583801e-02,9.958382844924926758e-01,0.000000000000000000e+00
-1.610472649335861206e-01,2.064739353954792023e-02,-3.893066197633743286e-02,-8.685892224311828613e-01,-4.746417403221130371e-01,-1.423655897378921509e-01,0.000000000000000000e+00
3.873991668224334717e-01,-4.857010245323181152e-01,-2.566398493945598602e-02,8.547117114067077637e-01,4.853625595569610596e-01,-1.840952932834625244e-01,0.000000000000000000e+00
3.766855895519256592e-01,-5.781784653663635254e-01,-1.133515685796737671e-01,4.013398587703704834e-01,2.268012315034866333e-01,-8.874049186706542969e-01,0.000000000000000000e+00
-2.026046812534332275e-01,4.885513186454772949e-01,-1.415584683418273926e-01,2.888078391551971436e-01,2.090741395950317383e-01,-9.342794418334960938e-01,0.000000000000000000e+00
-1.092846021056175232e-01,-1.977080665528774261e-02,8.475814759731292725e-02,-5.368701815605163574e-01,-6.483491510152816772e-02,8.411699533462524414e-01,0.000000000000000000e+00
1.360520254820585251e-02,1.249551326036453247e-01,-1.261358410120010376e-01,3.350760042667388916e-01,2.839491367340087891e-01,-8.983857631683349609e-01,0.000000000000000000e+00
-6.937132030725479126e-02,7.432348281145095825e-02,-1.420507282018661499e-01,-1.775742024183273315e-01,-9.307876974344253540e-02,-9.796957373619079590e-01,0.000000000000000000e+00
-3.512979745864868164e-01,6.616094708442687988e-01,-1.569411307573318481e-01,2.091622911393642426e-02,-3.279929980635643005e-02,-9.992430806159973145e-01,0.000000000000000000e+00
5.268501043319702148e-01,-7.535129785537719727e-01,7.368358969688415527e-02,6.039367318153381348e-01,-5.666888952255249023e-01,5.604677796363830566e-01,0.000000000000000000e+00
-8.844683319330215454e-02,-6.212766841053962708e-02,-9.075698256492614746e-02,-5.406436920166015625e-01,-6.991122364997863770e-01,-4.679172337055206299e-01,0.000000000000000000e+00
-5.125654339790344238e-01,6.897997856140136719e-01,3.840842470526695251e-02,-9.122592210769653320e-01,-1.881801337003707886e-01,3.638287484645843506e-01,0.000000000000000000e+00
2.694342732429504395e-01,-7.065685987472534180e-01,-1.004862189292907715e-01,-6.455197334289550781e-01,-2.431401461362838745e-01,-7.240077257156372070e-01,0.000000000000000000e+00
-3.613606095314025879e-01,4.307661950588226318e-01,-9.052465856075286865e-02,-6.615408062934875488e-01,-2.183262258768081665e-01,-7.174241542816162109e-01,0.000000000000000000e+00
-2.859695628285408020e-02,2.280422151088714600e-01,1.015932708978652954e-01,3.849997520446777344e-01,2.190240323543548584e-01,8.965509533882141113e-01,0.000000000000000000e+00
1.552095264196395874e-01,-4.341180026531219482e-01,1.122130826115608215e-01,-4.242276847362518311e-01,-2.049677520990371704e-01,8.820539116859436035e-01,0.000000000000000000e+00
-3.757381737232208252e-01,5.761749744415283203e-01,-1.401212513446807861e-01,-4.250304102897644043e-01,-2.779667377471923828e-01,-8.614427447319030762e-01,0.000000000000000000e+00
4.277481511235237122e-02,-2.136166989803314209e-01,-1.315901130437850952e-01,-3.036586381494998932e-02,-4.112702012062072754e-01,-9.110075235366821289e-01,0.000000000000000000e+00
2.774583101272583008e-01,-3.203664720058441162e-01,-8.977021276950836182e-02,6.910241246223449707e-01,3.572173416614532471e-01,-6.283959150314331055e-01,0.000000000000000000e+00
-3.024242222309112549e-01,2.991086840629577637e-01,-6.583225727081298828e-02,-7.764047980308532715e-01,-4.810251295566558838e-01,-4.071982800960540771e-01,0.000000000000000000e+00
7.520056515932083130e-02,-3.981282711029052734e-01,-6.096739321947097778e-02,-8.298063874244689941e-01,-4.085790216922760010e-01,-3.801112473011016846e-01,0.000000000000000000e+00
-4.913876205682754517e-02,3.909396231174468994e-01,7.890792563557624817e-03,9.142519831657409668e-01,4.001105129718780518e-01,-6.367833912372589111e-02,0.000000000000000000e+00
-2.953613698482513428e-01,3.016034364700317383e-01,6.367309391498565674e-02,-8.848325610160827637e-01,-3.852866590023040771e-01,2.619646787643432617e-01,0.000000000000000000e+00
-2.057531327009201050e-01,1.317969709634780884e-01,6.056542694568634033e-02,-8.450869321823120117e-01,-4.204648137092590332e-01,3.302082121372222900e-01,0.000000000000000000e+00
4.310668706893920898e-01,-6.320698857307434082e-01,9.819883853197097778e-02,5.198437571525573730e-01,4.972913861274719238e-01,6.945961117744445801e-01,0.000000000000000000e+00
3.936183452606201172e-01,-7.501105070114135742e-01,-1.389852166175842285e-01,-1.366784912534058094e-03,1.114291250705718994e-01,-9.937714338302612305e-01,0.000000000000000000e+00
2.051316648721694946e-01,-6.409673094749450684e-01,5.439830943942070007e-02,-9.136728048324584961e-01,-3.589539527893066406e-01,1.906674653291702271e-01,0.000000000000000000e+00
-4.847104549407958984e-01,6.624529361724853516e-01,6.471005082130432129e-02,-7.631039023399353027e-01,-3.814900517463684082e-01,5.216682553291320801e-01,0.000000000000000000e+00
-1.064028292894363403e-01,4.998549520969390869e-01,6.614422891288995743e-03,8.911955356597900391e-01,4.483006000518798828e-01,-6.926099956035614014e-02,0.000000000000000000e+00
5.092307329177856445e-01,-6.856648921966552734e-01,3.775011375546455383e-02,8.096120357513427734e-01,4.179898798465728760e-01,4.120835363864898682e-01,0.000000000000000000e+00
-5.104265809059143066e-01,7.063771486282348633e-01,-9.284520521759986877e-03,-4.670027494430541992e-01,8.841691017150878906e-01,-1.238677371293306351e-02,0.000000000000000000e+00
3.639865815639495850e-01,-4.469525814056396484e-01,-1.670483127236366272e-02,7.896846532821655273e-01,6.021165251731872559e-01,-1.177022606134414673e-01,0.000000000000000000e+00
4.956409931182861328e-01,-8.680241703987121582e-01,2.956474386155605316e-02,4.633291065692901611e-01,-8.861165642738342285e-01,1.111755520105361938e-02,0.000000000000000000e+00
4.081420600414276123e-01,-5.464228987693786621e-01,-6.953234225511550903e-02,6.994177103042602539e-01,5.266481637954711914e-01,-4.831734299659729004e-01,0.000000000000000000e+00
1.743370294570922852e-02,-2.993149459362030029e-01,-6.315134465694427490e-02,-8.345814943313598633e-01,-3.988361060619354248e-01,-3.800046443939208984e-01,0.000000000000000000e+00
3.913281261920928955e-01,-6.394382119178771973e-01,1.228159740567207336e-01,2.668490409851074219e-01,2.431490421295166016e-01,9.325610399246215820e-01,0.000000000000000000e+00
-3.160167485475540161e-02,3.529749214649200439e-01,-2.024419233202934265e-02,8.795098066329956055e-01,4.603301584720611572e-01,-1.206590756773948669e-01,0.000000000000000000e+00
-1.708120703697204590e-01,2.101902216672897339e-01,-1.403296887874603271e-01,-1.890031397342681885e-01,-7.834721356630325317e-03,-9.819452166557312012e-01,0.000000000000000000e+00
-9.026439487934112549e-02,5.306904390454292297e-02,1.163480207324028015e-01,-3.742663264274597168e-01,2.503299340605735779e-02,9.269832968711853027e-01,0.000000000000000000e+00
2.109351009130477905e-02,-2.649914324283599854e-01,8.075357973575592041e-02,-8.681393861770629883e-01,-5.330381542444229126e-02,4.934498369693756104e-01,0.000000000000000000e+00
-3.260826766490936279e-01,3.707453012466430664e-01,6.807518005371093750e-02,-7.202270030975341797e-01,-3.269744813442230225e-01,6.118502616882324219e-01,0.000000000000000000e+00
-3.824834153056144714e-02,-4.983509704470634460e-02,1.118787154555320740e-01,-6.480213999748229980e-01,-3.727694153785705566e-01,6.641620397567749023e-01,0.000000000000000000e+00
2.051456719636917114e-01,-4.908560216426849365e-01,-1.171824708580970764e-01,-1.471756398677825928e-01,-4.013962149620056152e-01,-9.040024280548095703e-01,0.000000000000000000e+00
-2.652264833450317383e-01,5.993682742118835449e-01,-1.468531191349029541e-01,2.978865206241607666e-01,1.854811608791351318e-01,-9.364082217216491699e-01,0.000000000000000000e+00
-3.892140388488769531e-01,7.122428417205810547e-01,6.873767077922821045e-02,-4.609862864017486572e-01,5.447601079940795898e-01,-7.005198597908020020e-01,0.000000000000000000e+00
3.615095317363739014e-01,-7.964308857917785645e-01,1.337798386812210083e-01,-3.008170425891876221e-01,9.844969213008880615e-02,9.485867023468017578e-01,0.000000000000000000e+00
-1.561157405376434326e-01,2.349884435534477234e-02,3.940114006400108337e-02,-8.225802183151245117e-01,-4.584896564483642578e-01,3.363763689994812012e-01,0.000000000000000000e+00
3.257670402526855469e-01,-3.430201709270477295e-01,-4.947780165821313858e-03,8.996746540069580078e-01,4.365057051181793213e-01,-6.950522772967815399e-03,0.000000000000000000e+00
3.783991932868957520e-01,-6.287870407104492188e-01,1.229662075638771057e-01,1.161898672580718994e-01,2.401150614023208618e-01,9.637658596038818359e-01,0.000000000000000000e+00
2.612539231777191162e-01,-7.601894736289978027e-01,-6.182119995355606079e-02,-7.142557501792907715e-01,-3.740648925304412842e-01,-5.915354490280151367e-01,0.000000000000000000e+00
-3.842006325721740723e-01,5.236285924911499023e-01,8.936806768178939819e-02,-4.955229759216308594e-01,-3.695993721485137939e-01,7.860364317893981934e-01,0.000000000000000000e+00
-1.481699198484420776e-01,3.176877200603485107e-01,1.280880570411682129e-01,2.645570039749145508e-01,-1.114586070179939270e-01,9.579073786735534668e-01,0.000000000000000000e+00
4.298799037933349609e-01,-8.045809864997863770e-01,-7.161371409893035889e-02,5.491775274276733398e-01,-4.129599928855895996e-01,-7.265453338623046875e-01,0.000000000000000000e+00
-2.438364364206790924e-02,2.270301133394241333e-01,1.000312268733978271e-01,3.849997520446777344e-01,2.190240323543548584e-01,8.965509533882141113e-01,0.000000000000000000e+00
1.416646987199783325e-01,-3.255119025707244873e-01,1.254734992980957031e-01,-2.275763452053070068e-01,1.540692243725061417e-02,9.736383557319641113e-01,0.000000000000000000e+00
-1.140546500682830811e-01,-2.278799749910831451e-02,7.556309551000595093e-02,-7.379672527313232422e-01,-5.363907814025878906e-01,4.094987809658050537e-01,0.000000000000000000e+00
-3.110891878604888916e-01,8.100320100784301758e-01,6.903696805238723755e-02,-3.179473578929901123e-01,9.328866004943847656e-01,1.692099720239639282e-01,0.000000000000000000e+00
-4.612519443035125732e-01,6.652793884277343750e-01,-1.930325478315353394e-02,5.414485335350036621e-01,2.742199897766113281e-01,-7.947558760643005371e-01,0.000000000000000000e+00
-4.208072125911712646e-01,5.048982501029968262e-01,-4.660406708717346191e-02,-8.513169884681701660e-01,-4.306803643703460693e-01,-2.996227443218231201e-01,0.000000000000000000e+00
-1.283642798662185669e-01,1.167034432291984558e-01,1.087038367986679077e-01,-4.957767724990844727e-01,-2.708697617053985596e-01,8.251272439956665039e-01,0.000000000000000000e+00
3.599287569522857666e-01,-8.193823099136352539e-01,-1.268466711044311523e-01,-2.849861681461334229e-01,-2.193328291177749634e-01,-9.331002235412597656e-01,0.000000000000000000e+00
1.410955488681793213e-01,-4.053023159503936768e-01,1.125053018331527710e-01,-4.529467523097991943e-01,-2.627114951610565186e-01,8.519518375396728516e-01,0.000000000000000000e+00
4.313445985317230225e-01,-9.003608822822570801e-01,3.185086324810981750e-02,4.509240388870239258e-01,-8.923397064208984375e-01,-1.993316039443016052e-02,0.000000000000000000e+00
-3.627064824104309082e-01,6.932616829872131348e-01,1.293323636054992676e-01,-1.350224949419498444e-02,-2.816542424261569977e-02,9.995120763778686523e-01,0.000000000000000000e+00
-3.886142075061798096e-01,6.266680955886840820e-01,1.192621961236000061e-01,-3.588855564594268799e-01,-1.761682629585266113e-01,9.166056513786315918e-01,0.000000000000000000e+00
-1.532389223575592041e-01,5.007355939596891403e-04,-8.207296021282672882e-03,-8.773728609085083008e-01,-4.796263277530670166e-01,-1.324693206697702408e-02,0.000000000000000000e+00
-3.083409368991851807e-01,7.127788662910461426e-01,1.169044226408004761e-01,3.280704319477081299e-01,1.727547049522399902e-01,9.287225604057312012e-01,0.000000000000000000e+00
-1.905542798340320587e-02,8.758972585201263428e-02,-1.415583789348602295e-01,1.029991358518600464e-01,1.141627132892608643e-01,-9.881083369255065918e-01,0.000000000000000000e+00
-2.301360815763473511e-01,4.538242220878601074e-01,-1.499487757682800293e-01,-7.687599211931228638e-02,-1.338594257831573486e-01,-9.880140423774719238e-01,0.000000000000000000e+00
-1.374072730541229248e-01,1.849186420440673828e-01,-1.441332101821899414e-01,-3.173922598361968994e-01,-1.262853294610977173e-02,-9.482102394104003906e-01,0.000000000000000000e+00
-2.175067216157913208e-01,7.138909101486206055e-01,-3.245564550161361694e-02,8.972641825675964355e-01,4.258216321468353271e-01,-1.165886670351028442e-01,0.000000000000000000e+00
-1.827388256788253784e-02,-2.482187300920486450e-01,-2.868087030947208405e-02,-8.711912035942077637e-01,-4.700531959533691406e-01,-1.416893899440765381e-01,0.000000000000000000e+00
-3.188069164752960205e-01,6.969569921493530273e-01,1.229929774999618530e-01,2.853193581104278564e-01,1.204550191760063171e-01,9.508330225944519043e-01,0.000000000000000000e+00
-1.195630356669425964e-01,2.942687571048736572e-01,-1.408337354660034180e-01,1.130187697708606720e-02,1.213603466749191284e-01,-9.925441741943359375e-01,0.000000000000000000e+00
-1.793546080589294434e-01,5.534397959709167480e-01,-1.109061166644096375e-01,7.344830632209777832e-01,2.399678081274032593e-01,-6.347835063934326172e-01,0.000000000000000000e+00
9.443651884794235229e-02,-2.450629621744155884e-01,1.253387629985809326e-01,-1.442290842533111572e-01,-1.610313206911087036e-01,9.763538837432861328e-01,0.000000000000000000e+00
4.945212006568908691e-01,-7.086497545242309570e-01,8.686173707246780396e-02,7.127301692962646484e-01,3.789891302585601807e-01,5.902397036552429199e-01,0.000000000000000000e+00
-6.611549179069697857e-04,2.453763782978057861e-01,-8.744672685861587524e-02,8.312838673591613770e-01,2.245210558176040649e-01,-5.084854364395141602e-01,0.000000000000000000e+00
5.012927055358886719e-01,-7.494873404502868652e-01,-5.017832294106483459e-02,3.149637579917907715e-02,-9.269465208053588867e-01,3.738690912723541260e-01,0.000000000000000000e+00
4.643940031528472900e-01,-6.017524600028991699e-01,-1.595065556466579437e-02,9.084540009498596191e-01,3.839797675609588623e-01,-1.651390045881271362e-01,0.000000000000000000e+00
-9.017588570713996887e-03,-1.837444603443145752e-01,9.199101477861404419e-02,-6.730349063873291016e-01,-3.922601342201232910e-01,6.270215511322021484e-01,0.000000000000000000e+00
-1.884617060422897339e-01,4.755181074142456055e-01,1.180518865585327148e-01,5.816314816474914551e-01,1.190830245614051819e-01,8.046888113021850586e-01,0.000000000000000000e+00
-1.681968271732330322e-01,3.542127609252929688e-01,-1.462995111942291260e-01,3.054775297641754150e-01,1.658434718847274780e-01,-9.376456737518310547e-01,0.000000000000000000e+00
1.486274600028991699e-01,-9.904889017343521118e-02,-1.073693782091140747e-01,5.425978899002075195e-01,2.927137315273284912e-01,-7.873412370681762695e-01,0.000000000000000000e+00
1.865526288747787476e-01,-3.794632256031036377e-01,1.277080625295639038e-01,-1.221507936716079712e-01,-5.828990414738655090e-02,9.907984137535095215e-01,0.000000000000000000e+00
8.144498616456985474e-02,-2.149830460548400879e-01,1.266173124313354492e-01,-2.634690403938293457e-01,-1.519255042076110840e-01,9.526293873786926270e-01,0.000000000000000000e+00
1.749203950166702271e-01,-5.634050965309143066e-01,4.706230759620666504e-02,-9.320884346961975098e-01,3.269287049770355225e-01,1.559769511222839355e-01,0.000000000000000000e+00
-9.112907946109771729e-02,4.622372388839721680e-01,-3.983711451292037964e-02,8.677293062210083008e-01,4.459330439567565918e-01,-2.195211499929428101e-01,0.000000000000000000e+00
5.098270773887634277e-01,-7.024940848350524902e-01,-5.687327682971954346e-02,7.713643312454223633e-01,4.753606617450714111e-01,-4.231185019016265869e-01,0.000000000000000000e+00
-2.502073347568511963e-01,5.843032002449035645e-01,-1.431642472743988037e-01,4.409108161926269531e-01,7.628634572029113770e-02,-8.943031430244445801e-01,0.000000000000000000e+00
2.054882347583770752e-01,-1.932592839002609253e-01,9.086793661117553711e-02,5.917049050331115723e-01,1.623677313327789307e-01,7.896341085433959961e-01,0.000000000000000000e+00
4.982146918773651123e-01,-6.730108857154846191e-01,-4.633666202425956726e-02,8.132766485214233398e-01,5.354559421539306641e-01,-2.277455627918243408e-01,0.000000000000000000e+00
-1.994050592184066772e-01,3.172225952148437500e-01,1.222681775689125061e-01,-1.412554681301116943e-01,-5.848815664649009705e-02,9.882439374923706055e-01,0.000000000000000000e+00
4.344401657581329346e-01,-7.645325660705566406e-01,1.401606053113937378e-01,2.123366147279739380e-01,2.542575001716613770e-01,9.435392022132873535e-01,0.000000000000000000e+00
1.022413372993469238e-01,-3.233554661273956299e-01,1.177124902606010437e-01,-6.234043836593627930e-01,-1.043744385242462158e-01,7.749018669128417969e-01,0.000000000000000000e+00
-2.102608382701873779e-01,6.919279694557189941e-01,2.326788194477558136e-02,8.635684847831726074e-01,4.329342544078826904e-01,2.584905624389648438e-01,0.000000000000000000e+00
-1.357769221067428589e-02,-2.127849459648132324e-01,-8.058710396289825439e-02,-6.619150638580322266e-01,-2.707804143428802490e-01,-6.989609599113464355e-01,0.000000000000000000e+00
-1.394292861223220825e-01,4.931759536266326904e-01,-9.852497279644012451e-02,7.078801393508911133e-01,9.917680174112319946e-02,-6.993351578712463379e-01,0.000000000000000000e+00
3.072996437549591064e-01,-8.237450718879699707e-01,-8.792669326066970825e-02,-8.300421237945556641e-01,-4.538429379463195801e-01,-3.241243958473205566e-01,0.000000000000000000e+00
-4.230600893497467041e-01,5.227264761924743652e-01,3.974583372473716736e-02,-8.156325221061706543e-01,-4.176338315010070801e-01,4.004067182540893555e-01,0.000000000000000000e+00
1.606700383126735687e-02,-3.155834674835205078e-01,-1.612234674394130707e-02,-8.752825856208801270e-01,-4.725496768951416016e-01,-1.028453111648559570e-01,0.000000000000000000e+00
-3.378861546516418457e-01,4.201927483081817627e-01,-1.052275672554969788e-01,-7.007034420967102051e-01,-1.216527149081230164e-01,-7.030044794082641602e-01,0.000000000000000000e+00
-1.858047097921371460e-01,3.357084095478057861e-01,1.271179020404815674e-01,-2.983175814151763916e-01,-7.268740236759185791e-02,9.516949057579040527e-01,0.000000000000000000e+00
1.956133544445037842e-01,-6.502615213394165039e-01,-2.984111011028289795e-02,-8.204828500747680664e-01,-4.804298579692840576e-01,-3.098306655883789062e-01,0.000000000000000000e+00
8.643870800733566284e-02,-2.456446290016174316e-01,1.230003908276557922e-01,-3.212570250034332275e-01,-7.857149094343185425e-02,9.437268972396850586e-01,0.000000000000000000e+00
-2.270623743534088135e-01,1.750087291002273560e-01,6.140830367803573608e-02,-7.527292370796203613e-01,-3.925546407699584961e-01,5.284879803657531738e-01,0.000000000000000000e+00
-2.654128968715667725e-01,7.627278566360473633e-01,6.519611179828643799e-02,7.716790437698364258e-01,4.056864082813262939e-01,4.898265302181243896e-01,0.000000000000000000e+00
1.003475785255432129e-01,-2.546241581439971924e-01,1.244929581880569458e-01,-9.852674603462219238e-02,-2.227991372346878052e-01,9.698727130889892578e-01,0.000000000000000000e+00
5.021773576736450195e-01,-8.105947971343994141e-01,4.464528989046812057e-03,8.898890018463134766e-01,4.544285535812377930e-01,3.990317508578300476e-02,0.000000000000000000e+00
-1.864558905363082886e-01,6.372141093015670776e-02,-2.281308732926845551e-02,-8.822250962257385254e-01,-4.637749493122100830e-01,-8.118945360183715820e-02,0.000000000000000000e+00
1.727936118841171265e-01,-5.572846531867980957e-01,-5.249395594000816345e-02,-9.756156802177429199e-01,-1.941468566656112671e-01,-1.023767665028572083e-01,0.000000000000000000e+00
1.565734744071960449e-01,-5.467196702957153320e-01,-1.253782305866479874e-02,-8.874934315681457520e-01,-4.607581198215484619e-01,-7.573693525046110153e-03,0.000000000000000000e+00
-4.867811501026153564e-01,6.273815631866455078e-01,2.540821582078933716e-02,-8.648034334182739258e-01,-4.378958940505981445e-01,2.456872165203094482e-01,0.000000000000000000e+00
-1.436340957880020142e-01,4.945401251316070557e-01,8.259901404380798340e-02,6.509994268417358398e-01,2.616672813892364502e-01,7.125517725944519043e-01,0.000000000000000000e+00
3.424491286277770996e-01,-4.884512722492218018e-01,-8.988190442323684692e-02,5.095784068107604980e-01,1.225223541259765625e-01,-8.516560792922973633e-01,0.000000000000000000e+00
-9.083520621061325073e-02,1.786711215972900391e-01,-1.464266777038574219e-01,1.877549290657043457e-01,-7.749395072460174561e-02,-9.791541099548339844e-01,0.000000000000000000e+00
-1.217130497097969055e-01,4.408113360404968262e-01,-1.081530973315238953e-01,8.035620450973510742e-01,4.346528947353363037e-01,-4.066508710384368896e-01,0.000000000000000000e+00
-1.338435113430023193e-01,1.639428436756134033e-01,1.178435906767845154e-01,-9.999907761812210083e-02,-2.796037793159484863e-01,9.548936486244201660e-01,0.000000000000000000e+00
4.535325765609741211e-01,-7.920576333999633789e-01,-6.203188002109527588e-02,6.303672194480895996e-01,2.075899243354797363e-01,-7.480264306068420410e-01,0.000000000000000000e+00
4.006252288818359375e-01,-5.097354054450988770e-01,-3.420486673712730408e-02,8.395793437957763672e-01,4.358952343463897705e-01,-3.241941630840301514e-01,0.000000000000000000e+00
4.029295444488525391e-01,-7.232000827789306641e-01,-1.357391029596328735e-01,1.329358667135238647e-01,1.327381283044815063e-01,-9.821958541870117188e-01,0.000000000000000000e+00
-2.946644835174083710e-02,-2.206184417009353638e-01,3.061792254447937012e-02,-8.514775633811950684e-01,-4.591874182224273682e-01,2.532446086406707764e-01,0.000000000000000000e+00
3.722073435783386230e-01,-5.176711678504943848e-01,-8.494883775711059570e-02,5.218245387077331543e-01,5.032492876052856445e-01,-6.887955665588378906e-01,0.000000000000000000e+00
-4.175670146942138672e-01,4.979551434516906738e-01,-4.355446994304656982e-02,-8.550631403923034668e-01,-4.829671084880828857e-01,-1.887056976556777954e-01,0.000000000000000000e+00
4.546322524547576904e-01,-8.822157979011535645e-01,6.732913106679916382e-02,1.450204849243164062e-01,-4.888321161270141602e-01,8.602396249771118164e-01,0.000000000000000000e+00
-9.610544145107269287e-02,4.160680472850799561e-01,7.914902269840240479e-02,6.648783087730407715e-01,4.011864960193634033e-01,6.300684213638305664e-01,0.000000000000000000e+00
8.959966897964477539e-02,-4.231608808040618896e-01,5.677610635757446289e-02,-8.002716302871704102e-01,-4.118282794952392578e-01,4.358472526073455811e-01,0.000000000000000000e+00
2.182775288820266724e-01,-6.974896788597106934e-01,2.602054923772811890e-02,-8.618465065956115723e-01,-5.024419426918029785e-01,6.908456236124038696e-02,0.000000000000000000e+00
3.457035422325134277e-01,-7.935264110565185547e-01,1.271883696317672729e-01,-4.331157207489013672e-01,-1.470593512058258057e-01,8.892605304718017578e-01,0.000000000000000000e+00
3.609676659107208252e-01,-7.765886783599853516e-01,-1.337997317314147949e-01,-4.685070514678955078e-01,-1.444527804851531982e-01,-8.715701699256896973e-01,0.000000000000000000e+00
1.392773240804672241e-01,2.050887607038021088e-02,-1.362192351371049881e-02,8.656805753707885742e-01,4.795344173908233643e-01,-1.436797231435775757e-01,0.000000000000000000e+00
-1.142048463225364685e-01,-7.042981684207916260e-02,8.730462752282619476e-03,-8.763949275016784668e-01,-4.719012379646301270e-01,9.613087028264999390e-02,0.000000000000000000e+00
2.196603864431381226e-01,-1.862222999334335327e-01,7.338243722915649414e-02,6.976628303527832031e-01,3.214567899703979492e-01,6.402593851089477539e-01,0.000000000000000000e+00
-1.729422062635421753e-01,5.862822532653808594e-01,6.306829303503036499e-02,7.186596989631652832e-01,3.069134950637817383e-01,6.239650249481201172e-01,0.000000000000000000e+00
1.930027008056640625e-01,-5.031805038452148438e-01,1.017901301383972168e-01,-2.537636756896972656e-01,-5.698659420013427734e-01,7.815732955932617188e-01,0.000000000000000000e+00
2.172665204852819443e-03,-2.897101044654846191e-01,-1.229775324463844299e-02,-8.756531476974487305e-01,-4.806925654411315918e-01,-4.654314368963241577e-02,0.000000000000000000e+00
-1.868984103202819824e-01,9.530690312385559082e-02,5.736166983842849731e-02,-8.105263710021972656e-01,-4.566980600357055664e-01,3.667068183422088623e-01,0.000000000000000000e+00
4.789918959140777588e-01,-6.670604944229125977e-01,-7.274130731821060181e-02,7.152965664863586426e-01,5.029295682907104492e-01,-4.851934313774108887e-01,0.000000000000000000e+00
6.389740109443664551e-02,-5.392757058143615723e-02,1.241079047322273254e-01,1.741832941770553589e-01,1.354663074016571045e-01,9.753507375717163086e-01,0.000000000000000000e+00
3.821137920022010803e-02,-1.225103512406349182e-01,-1.360949426889419556e-01,-1.951892375946044922e-01,-7.850754261016845703e-02,-9.776183962821960449e-01,0.000000000000000000e+00
-2.102157473564147949e-01,6.516923904418945312e-01,6.536407768726348877e-02,7.766612172126770020e-01,3.949621319770812988e-01,4.907160997390747070e-01,0.000000000000000000e+00
4.749639034271240234e-01,-7.807317376136779785e-01,3.759891912341117859e-02,8.975327610969543457e-01,-2.301549352705478668e-02,4.403467476367950439e-01,0.000000000000000000e+00
5.347669124603271484e-01,-7.272088527679443359e-01,4.334340989589691162e-02,7.272548079490661621e-01,4.528423845767974854e-01,5.157850384712219238e-01,0.000000000000000000e+00
5.076994374394416809e-02,1.151559650897979736e-01,8.766527473926544189e-02,7.081882357597351074e-01,1.532619893550872803e-01,6.891880631446838379e-01,0.000000000000000000e+00
1.410488784313201904e-01,-3.291731774806976318e-01,1.253874897956848145e-01,-2.275763452053070068e-01,1.540692243725061417e-02,9.736383557319641113e-01,0.000000000000000000e+00
-3.036330938339233398e-01,8.143476247787475586e-01,-2.105547674000263214e-02,-8.486584424972534180e-01,5.061618685722351074e-01,1.535545736551284790e-01,0.000000000000000000e+00
1.007660850882530212e-01,-4.734989106655120850e-01,7.038691546767950058e-03,-8.827166557312011719e-01,-4.668691456317901611e-01,5.333391949534416199e-02,0.000000000000000000e+00
-2.090787440538406372e-01,4.448439478874206543e-01,1.273890882730484009e-01,1.763592809438705444e-01,-9.480471722781658173e-03,9.842802286148071289e-01,0.000000000000000000e+00
3.813127279281616211e-01,-8.314412236213684082e-01,1.065763309597969055e-01,6.618432998657226562e-01,-7.485637664794921875e-01,4.019530117511749268e-02,0.000000000000000000e+00
2.370387762784957886e-01,-7.289146184921264648e-01,-4.230536520481109619e-02,-8.335635662078857422e-01,-3.748939633369445801e-01,-4.057416319847106934e-01,0.000000000000000000e+00
-3.931411355733871460e-02,2.076954096555709839e-01,1.113580092787742615e-01,3.477458357810974121e-01,2.201458364725112915e-01,9.113773107528686523e-01,0.000000000000000000e+00
-1.264904588460922241e-01,3.553573787212371826e-01,1.174663975834846497e-01,1.740262508392333984e-01,-2.951868250966072083e-02,9.842984676361083984e-01,0.000000000000000000e+00
-4.214060604572296143e-01,5.412338376045227051e-01,6.007910519838333130e-02,-7.659835815429687500e-01,-4.120974540710449219e-01,4.934012591838836670e-01,0.000000000000000000e+00
-1.382918506860733032e-01,3.630870580673217773e-01,-1.397732049226760864e-01,5.231115221977233887e-01,-1.815220713615417480e-01,-8.327088356018066406e-01,0.000000000000000000e+00
-2.435766011476516724e-01,7.392371892929077148e-01,-7.556049525737762451e-02,8.246024847030639648e-01,4.161567091941833496e-01,-3.832026720046997070e-01,0.000000000000000000e+00
-1.829268783330917358e-01,6.164054274559020996e-01,-7.471224665641784668e-02,8.177981376647949219e-01,4.231684803962707520e-01,-3.900443911552429199e-01,0.000000000000000000e+00
-3.126935064792633057e-01,5.918380022048950195e-01,1.268907636404037476e-01,-3.025130741298198700e-02,-3.657046705484390259e-02,9.988731145858764648e-01,0.000000000000000000e+00
-3.478189110755920410e-01,7.192550897598266602e-01,1.274437755346298218e-01,1.808059513568878174e-01,6.587859988212585449e-02,9.813099503517150879e-01,0.000000000000000000e+00
-3.463789224624633789e-01,6.851899027824401855e-01,-1.365728490054607391e-02,-4.564263522624969482e-01,8.897334933280944824e-01,-7.021715398877859116e-03,0.000000000000000000e+00
1.909948140382766724e-01,-4.688161313533782959e-01,1.183304935693740845e-01,-3.230731487274169922e-01,-3.112689554691314697e-01,8.937199711799621582e-01,0.000000000000000000e+00
1.900813579559326172e-01,-6.152586340904235840e-01,-4.939651861786842346e-02,-9.417600035667419434e-01,-3.076395988464355469e-01,-1.358159780502319336e-01,0.000000000000000000e+00
1.190954744815826416e-01,4.801578074693679810e-02,-4.434792697429656982e-02,8.701303005218505859e-01,4.152539074420928955e-01,-2.654004991054534912e-01,0.000000000000000000e+00
2.627196609973907471e-01,-3.927207291126251221e-01,1.173683777451515198e-01,3.141669034957885742e-01,1.727569103240966797e-01,9.335170984268188477e-01,0.000000000000000000e+00
-3.394208550453186035e-01,4.670954644680023193e-01,9.991826117038726807e-02,-5.985744595527648926e-01,-1.018790975213050842e-01,7.945622801780700684e-01,0.000000000000000000e+00
-1.388777196407318115e-01,1.620294153690338135e-01,-1.382140368223190308e-01,-2.212409824132919312e-01,-2.099506407976150513e-01,-9.523513913154602051e-01,0.000000000000000000e+00
-2.964583337306976318e-01,7.707632184028625488e-01,9.267491847276687622e-02,5.791479945182800293e-01,3.321512043476104736e-01,7.444885373115539551e-01,0.000000000000000000e+00
-1.415441185235977173e-01,5.460635423660278320e-01,4.708215594291687012e-02,8.131462931632995605e-01,3.116620481014251709e-01,4.915890991687774658e-01,0.000000000000000000e+00
-2.773379087448120117e-01,5.996752977371215820e-01,1.240057349205017090e-01,2.404002547264099121e-01,1.001327782869338989e-01,9.654952883720397949e-01,0.000000000000000000e+00
-4.012058973312377930e-01,4.830332398414611816e-01,-6.934614479541778564e-02,-7.975478172302246094e-01,-3.419648706912994385e-01,-4.969683289527893066e-01,0.000000000000000000e+00
-4.321329668164253235e-02,-2.039607912302017212e-01,8.392645977437496185e-03,-8.746547698974609375e-01,-4.567907452583312988e-01,1.622382551431655884e-01,0.000000000000000000e+00
-2.746159732341766357e-01,6.349461078643798828e-01,-1.442942768335342407e-01,3.293181359767913818e-01,1.461845487356185913e-01,-9.328342080116271973e-01,0.000000000000000000e+00
-2.345680724829435349e-03,3.471397608518600464e-02,1.282463818788528442e-01,1.647788584232330322e-01,1.296834796667098999e-01,9.777679443359375000e-01,0.000000000000000000e+00
1.921296268701553345e-01,-6.011365652084350586e-01,-6.293267756700515747e-02,-7.014899849891662598e-01,-6.868490600027143955e-04,-7.126789689064025879e-01,0.000000000000000000e+00
4.150281548500061035e-01,-7.683446407318115234e-01,1.419527530670166016e-01,4.538049548864364624e-02,9.251958876848220825e-02,9.946761727333068848e-01,0.000000000000000000e+00
-4.647189974784851074e-01,6.880926489830017090e-01,9.789927303791046143e-02,-5.986670851707458496e-01,-3.122324347496032715e-01,7.376371622085571289e-01,0.000000000000000000e+00
1.730657219886779785e-01,-6.979477405548095703e-02,-5.908424407243728638e-02,8.098102211952209473e-01,4.200541675090789795e-01,-4.095875024795532227e-01,0.000000000000000000e+00
-1.214171051979064941e-01,3.840404450893402100e-01,-1.309103518724441528e-01,5.448101162910461426e-01,1.378739625215530396e-01,-8.271473646163940430e-01,0.000000000000000000e+00
1.525702029466629028e-01,-2.811015546321868896e-01,1.278349608182907104e-01,-1.850020699203014374e-02,2.825833261013031006e-01,9.590643644332885742e-01,0.000000000000000000e+00
-3.479078039526939392e-02,3.124967813491821289e-01,-8.371607959270477295e-02,7.267276644706726074e-01,3.968001306056976318e-01,-5.607285499572753906e-01,0.000000000000000000e+00
2.261153757572174072e-01,-2.145756781101226807e-01,-9.153977036476135254e-02,5.250995159149169922e-01,3.375831246376037598e-01,-7.812222242355346680e-01,0.000000000000000000e+00
3.688862621784210205e-01,-6.891422867774963379e-01,-1.338523626327514648e-01,7.606967817991971970e-03,3.694242984056472778e-02,-9.992884397506713867e-01,0.000000000000000000e+00
-6.429664045572280884e-02,-1.640853434801101685e-01,-2.126539126038551331e-02,-8.748956918716430664e-01,-4.708633422851562500e-01,-1.133368462324142456e-01,0.000000000000000000e+00
-2.562476098537445068e-01,6.650037765502929688e-01,1.020741537213325500e-01,5.010294914245605469e-01,2.411948293447494507e-01,8.311405181884765625e-01,0.000000000000000000e+00
-3.797074854373931885e-01,7.728126645088195801e-01,-1.397257447242736816e-01,-4.257501065731048584e-01,9.038620591163635254e-01,-4.207344353199005127e-02,0.000000000000000000e+00
4.267971515655517578e-01,-7.925639748573303223e-01,-1.175637692213058472e-01,3.221448957920074463e-01,-9.096940159797668457e-01,2.620677649974822998e-01,0.000000000000000000e+00
9.085012227296829224e-02,-4.187077283859252930e-01,-6.918253749608993530e-02,-7.330234646797180176e-01,-4.094895124435424805e-01,-5.431343913078308105e-01,0.000000000000000000e+00
-2.464536577463150024e-02,-9.443630278110504150e-02,1.110839918255805969e-01,-2.586593627929687500e-01,-3.625325560569763184e-01,8.953577280044555664e-01,0.000000000000000000e+00
1.586036831140518188e-01,-1.792151927947998047e-01,1.137848049402236938e-01,2.756049036979675293e-01,3.276535868644714355e-01,9.037063121795654297e-01,0.000000000000000000e+00
-4.088253974914550781e-01,4.800006747245788574e-01,-4.001173004508018494e-02,-8.845038414001464844e-01,-4.348763823509216309e-01,-1.689245849847793579e-01,0.000000000000000000e+00
1.659843027591705322e-01,-1.517687290906906128e-01,-1.135975718498229980e-01,5.160591006278991699e-01,2.548523843288421631e-01,-8.177611231803894043e-01,0.000000000000000000e+00
4.392847418785095215e-02,-2.714982032775878906e-01,1.008350402116775513e-01,-3.636623919010162354e-01,3.118565306067466736e-02,9.310086369514465332e-01,0.000000000000000000e+00
3.921120166778564453e-01,-8.778862953186035156e-01,4.014510661363601685e-02,-7.373545169830322266e-01,-5.740141868591308594e-01,3.561124205589294434e-01,0.000000000000000000e+00
-7.699035108089447021e-02,4.350392818450927734e-01,-3.879685327410697937e-02,8.777545690536499023e-01,4.434915781021118164e-01,-1.812792271375656128e-01,0.000000000000000000e+00
-1.292606443166732788e-01,4.378634989261627197e-01,9.593777358531951904e-02,6.031314134597778320e-01,3.150408565998077393e-01,7.327904105186462402e-01,0.000000000000000000e+00
-6.900828331708908081e-02,-1.258837580680847168e-01,-7.374111562967300415e-02,-6.089224219322204590e-01,-3.482035994529724121e-01,-7.127185463905334473e-01,0.000000000000000000e+00
1.481285691261291504e-01,-3.491500616073608398e-01,1.252091377973556519e-01,-2.154342234134674072e-01,-1.126461476087570190e-01,9.699994325637817383e-01,0.000000000000000000e+00
-2.567767500877380371e-01,3.493756353855133057e-01,1.150344908237457275e-01,-4.790219366550445557e-01,-2.933257818222045898e-02,8.773127198219299316e-01,0.000000000000000000e+00
-2.882764041423797607e-01,6.752043962478637695e-01,-1.431799232959747314e-01,3.350043296813964844e-01,1.343912780284881592e-01,-9.325830340385437012e-01,0.000000000000000000e+00
-3.133285939693450928e-01,5.871763825416564941e-01,-1.540158241987228394e-01,8.154900744557380676e-03,-5.879993550479412079e-03,-9.999494552612304688e-01,0.000000000000000000e+00
4.064538776874542236e-01,-7.845187187194824219e-01,1.427835971117019653e-01,-1.252739578485488892e-01,1.420176327228546143e-01,9.819049835205078125e-01,0.000000000000000000e+00
9.674889594316482544e-02,-2.526967525482177734e-01,1.244213059544563293e-01,-1.442290842533111572e-01,-1.610313206911087036e-01,9.763538837432861328e-01,0.000000000000000000e+00
-1.854581944644451141e-02,-2.489260584115982056e-01,1.397606730461120605e-02,-8.797857165336608887e-01,-4.558900594711303711e-01,1.346899271011352539e-01,0.000000000000000000e+00
-1.920340657234191895e-01,3.974920809268951416e-01,-1.478748321533203125e-01,5.525829792022705078e-01,-5.964750424027442932e-02,-8.313207626342773438e-01,0.000000000000000000e+00
1.550896763801574707e-01,-2.007848620414733887e-01,1.199264451861381531e-01,2.826688289642333984e-01,1.589193940162658691e-01,9.459614157676696777e-01,0.000000000000000000e+00
-2.732612788677215576e-01,6.738673448562622070e-01,-1.359049528837203979e-01,4.926102161407470703e-01,2.079004347324371338e-01,-8.450518250465393066e-01,0.000000000000000000e+00
5.117449164390563965e-01,-7.453514933586120605e-01,-3.431965410709381104e-02,-3.521044552326202393e-02,-9.699410200119018555e-01,2.407792061567306519e-01,0.000000000000000000e+00
-9.994933009147644043e-02,-8.350025862455368042e-02,3.738650307059288025e-02,-8.343872427940368652e-01,-4.412772357463836670e-01,3.302609920501708984e-01,0.000000000000000000e+00
-1.377977281808853149e-01,5.396918654441833496e-01,-6.286612898111343384e-02,8.400949239730834961e-01,4.173773825168609619e-01,-3.464630842208862305e-01,0.000000000000000000e+00
6.368819624185562134e-02,-1.146110743284225464e-01,1.257314234972000122e-01,-2.227603457868099213e-02,5.647364258766174316e-02,9.981555342674255371e-01,0.000000000000000000e+00
1.495914459228515625e-01,-1.041342467069625854e-01,9.846874326467514038e-02,5.740098953247070312e-01,2.751691639423370361e-01,7.712292671203613281e-01,0.000000000000000000e+00
4.110748171806335449e-01,-9.041254520416259766e-01,-3.374941647052764893e-02,-1.160330846905708313e-01,-8.073791265487670898e-01,-5.785112380981445312e-01,0.000000000000000000e+00
-3.047776520252227783e-01,7.322345972061157227e-01,-7.286803424358367920e-02,-1.329685747623443604e-01,9.962176531553268433e-02,9.861008524894714355e-01,0.000000000000000000e+00
8.753418922424316406e-03,2.288388609886169434e-01,7.356413453817367554e-02,8.255918622016906738e-01,2.863515317440032959e-01,4.862107634544372559e-01,0.000000000000000000e+00
3.728795647621154785e-01,-4.838486313819885254e-01,-5.679209157824516296e-02,7.739920616149902344e-01,3.697039186954498291e-01,-5.140576362609863281e-01,0.000000000000000000e+00
-2.961109578609466553e-01,7.959466576576232910e-01,8.084275573492050171e-02,5.988715291023254395e-01,4.776635766029357910e-01,6.427989006042480469e-01,0.000000000000000000e+00
-3.298265337944030762e-01,6.999448537826538086e-01,-1.536396294832229614e-01,2.203431874513626099e-01,7.225799560546875000e-02,-9.727423191070556641e-01,0.000000000000000000e+00
5.364978313446044922e-01,-7.308046221733093262e-01,4.565688967704772949e-02,8.866298794746398926e-01,3.976549506187438965e-01,2.361313253641128540e-01,0.000000000000000000e+00
-3.332903385162353516e-01,3.434850275516510010e-01,-4.776870086789131165e-02,-8.701320290565490723e-01,-4.598878920078277588e-01,-1.771252304315567017e-01,0.000000000000000000e+00
4.477293193340301514e-01,-6.550024747848510742e-01,1.003141850233078003e-01,6.465413570404052734e-01,3.280781805515289307e-01,6.887299418449401855e-01,0.000000000000000000e+00
3.098633289337158203e-01,-6.231079101562500000e-01,-1.296517997980117798e-01,-7.077388465404510498e-03,2.443501725792884827e-02,-9.996763467788696289e-01,0.000000000000000000e+00
-3.610853850841522217e-01,4.367009997367858887e-01,6.625461578369140625e-02,-4.415112733840942383e-01,-4.971990287303924561e-01,7.469008564949035645e-01,0.000000000000000000e+00
-3.675455152988433838e-01,4.198413789272308350e-01,-7.496374845504760742e-02,-8.371907472610473633e-01,-4.721244275569915771e-01,-2.760618627071380615e-01,0.000000000000000000e+00
3.221078813076019287e-01,-8.335440754890441895e-01,-9.833759814500808716e-02,-6.660305857658386230e-01,-1.747942119836807251e-01,-7.251553535461425781e-01,0.000000000000000000e+00
4.296690821647644043e-01,-8.849709630012512207e-01,6.614495068788528442e-02,-4.826115816831588745e-02,-5.821619033813476562e-01,8.116393089294433594e-01,0.000000000000000000e+00
2.164332419633865356e-01,-3.063863515853881836e-01,1.181268021464347839e-01,3.741287589073181152e-01,1.346336901187896729e-01,9.175518751144409180e-01,0.000000000000000000e+00
-3.573041856288909912e-01,7.036907076835632324e-01,-8.385164290666580200e-02,-3.836532533168792725e-01,5.871497392654418945e-01,7.127870321273803711e-01,0.000000000000000000e+00
-1.601216793060302734e-01,7.560806721448898315e-02,7.911071181297302246e-02,-5.865644812583923340e-01,-4.830943346023559570e-01,6.500476598739624023e-01,0.000000000000000000e+00
1.719856858253479004e-01,-5.904917418956756592e-02,-4.933474585413932800e-02,8.855198025703430176e-01,4.086426794528961182e-01,-2.210562825202941895e-01,0.000000000000000000e+00
-4.733201563358306885e-01,7.016847133636474609e-01,3.306842595338821411e-02,7.845546007156372070e-01,5.403231382369995117e-01,-3.041791617870330811e-01,0.000000000000000000e+00
2.001865804195404053e-01,-6.425921916961669922e-01,-4.843728989362716675e-02,-6.451793909072875977e-01,-2.211551517248153687e-01,-7.313234210014343262e-01,0.000000000000000000e+00
4.112878441810607910e-01,-7.342585921287536621e-01,-1.362369060516357422e-01,1.333927810192108154e-01,1.592848747968673706e-01,-9.781792759895324707e-01,0.000000000000000000e+00
-1.546915620565414429e-01,2.092850804328918457e-01,-1.435302346944808960e-01,-2.057613134384155273e-01,-8.671212010085582733e-03,-9.785637855529785156e-01,0.000000000000000000e+00
-2.479672878980636597e-01,7.280302643775939941e-01,6.570190936326980591e-02,7.583510875701904297e-01,3.730875253677368164e-01,5.345178246498107910e-01,0.000000000000000000e+00
-9.445217996835708618e-02,2.286489307880401611e-01,-1.453089416027069092e-01,-1.242463961243629456e-01,-2.753230631351470947e-01,-9.532890915870666504e-01,0.000000000000000000e+00
-1.989858001470565796e-01,5.279365181922912598e-01,-1.330013126134872437e-01,5.346450209617614746e-01,2.179054319858551025e-01,-8.164998292922973633e-01,0.000000000000000000e+00
3.938129842281341553e-01,-6.283379197120666504e-01,-1.203543990850448608e-01,3.626229763031005859e-01,2.120211571455001831e-01,-9.074974656105041504e-01,0.000000000000000000e+00
-2.835378646850585938e-01,4.643244743347167969e-01,-1.449385583400726318e-01,-9.311156347393989563e-03,-6.199503317475318909e-02,-9.980330467224121094e-01,0.000000000000000000e+00
-1.319452971220016479e-01,3.131772875785827637e-01,1.239872798323631287e-01,2.650586366653442383e-01,2.370945662260055542e-01,9.346283078193664551e-01,0.000000000000000000e+00
7.141230255365371704e-02,3.294318914413452148e-02,1.046160086989402771e-01,4.407934248447418213e-01,2.379480898380279541e-01,8.654951453208923340e-01,0.000000000000000000e+00
2.815823554992675781e-01,-8.399680256843566895e-01,2.518907189369201660e-02,-8.232948184013366699e-01,-4.804701805114746094e-01,3.022151887416839600e-01,0.000000000000000000e+00
3.362727817147970200e-03,2.555466294288635254e-01,5.641530081629753113e-02,7.252648472785949707e-01,4.172810614109039307e-01,5.476015210151672363e-01,0.000000000000000000e+00
-9.002146869897842407e-02,-1.048963591456413269e-01,-5.438391864299774170e-02,-8.975285291671752930e-01,-3.665856122970581055e-01,-2.450663447380065918e-01,0.000000000000000000e+00
9.499858319759368896e-02,-4.580227434635162354e-01,2.337498776614665985e-02,-8.679323792457580566e-01,-4.645616114139556885e-01,1.757154017686843872e-01,0.000000000000000000e+00
2.734751403331756592e-01,-8.227800726890563965e-01,4.991020075976848602e-03,-7.718558907508850098e-01,-6.266005039215087891e-01,1.077511608600616455e-01,0.000000000000000000e+00
1.680408269166946411e-01,-2.678655385971069336e-01,-1.362084895372390747e-01,2.635160386562347412e-01,-5.782946944236755371e-03,-9.646376967430114746e-01,0.000000000000000000e+00
2.037392407655715942e-01,-3.852205872535705566e-01,-1.340350061655044556e-01,-3.009729273617267609e-02,-3.515641018748283386e-02,-9.989284873008728027e-01,0.000000000000000000e+00
2.478284984827041626e-01,-4.747823178768157959e-01,-1.237990260124206543e-01,1.774000674486160278e-01,-2.605701684951782227e-01,-9.490165710449218750e-01,0.000000000000000000e+00
4.112236201763153076e-01,-7.103944420814514160e-01,1.339238882064819336e-01,1.853562146425247192e-01,1.512140780687332153e-01,9.709672331809997559e-01,0.000000000000000000e+00
-1.873335614800453186e-02,2.178969681262969971e-01,9.984369575977325439e-02,3.846540749073028564e-01,2.205651998519897461e-01,8.963214755058288574e-01,0.000000000000000000e+00
-3.887627422809600830e-01,7.069547772407531738e-01,1.288745552301406860e-01,-1.033005118370056152e-01,-8.932320028543472290e-02,9.906312823295593262e-01,0.000000000000000000e+00
3.761534094810485840e-01,-8.414741754531860352e-01,4.543101415038108826e-02,-4.827864170074462891e-01,-6.618285179138183594e-01,5.734983086585998535e-01,0.000000000000000000e+00
-3.159513771533966064e-01,7.893224358558654785e-01,-2.152768149971961975e-02,-7.353277802467346191e-01,3.302893936634063721e-01,5.917786359786987305e-01,0.000000000000000000e+00
-4.072178304195404053e-01,4.875663816928863525e-01,3.322435170412063599e-02,-8.395690321922302246e-01,-4.194182157516479492e-01,3.452711403369903564e-01,0.000000000000000000e+00
-1.923678070306777954e-01,3.126231133937835693e-01,-1.481158882379531860e-01,-3.203168138861656189e-02,-3.810816630721092224e-02,-9.987601041793823242e-01,0.000000000000000000e+00
4.948477447032928467e-01,-7.944483160972595215e-01,-1.443543564528226852e-02,9.475587010383605957e-01,2.066854536533355713e-01,-2.437490969896316528e-01,0.000000000000000000e+00
-1.611658930778503418e-01,4.154694974422454834e-01,-1.406455934047698975e-01,2.451620399951934814e-01,-3.548886999487876892e-02,-9.688323736190795898e-01,0.000000000000000000e+00
-3.678666055202484131e-02,3.449245691299438477e-01,-5.765986070036888123e-02,8.133481144905090332e-01,4.228753447532653809e-01,-3.995513916015625000e-01,0.000000000000000000e+00
-1.969410777091979980e-01,1.251558810472488403e-01,-8.306085318326950073e-02,-5.232298970222473145e-01,-2.482739835977554321e-01,-8.152242302894592285e-01,0.000000000000000000e+00
-4.828297346830368042e-02,2.388399541378021240e-01,1.073968783020973206e-01,3.906427323818206787e-01,5.183303356170654297e-02,9.190819263458251953e-01,0.000000000000000000e+00
3.957555890083312988e-01,-5.781445503234863281e-01,9.574893116950988770e-02,5.529033541679382324e-01,3.639256358146667480e-01,7.495705485343933105e-01,0.000000000000000000e+00
-1.179810166358947754e-01,-5.911678448319435120e-02,2.100761048495769501e-02,-8.606902360916137695e-01,-4.684405922889709473e-01,1.994384229183197021e-01,0.000000000000000000e+00
-3.163091540336608887e-01,7.026714682579040527e-01,1.381336338818073273e-02,-5.397805571556091309e-01,8.381827473640441895e-01,-7.801696658134460449e-02,0.000000000000000000e+00
2.609465420246124268e-01,-4.696297943592071533e-01,-1.225690022110939026e-01,2.476434409618377686e-01,-2.820125222206115723e-01,-9.268989562988281250e-01,0.000000000000000000e+00
1.590693295001983643e-01,-3.204854726791381836e-01,1.293331831693649292e-01,-1.532957702875137329e-01,-8.814033865928649902e-02,9.842416644096374512e-01,0.000000000000000000e+00
5.102766156196594238e-01,-6.982145905494689941e-01,5.344144254922866821e-02,8.156850337982177734e-01,4.767207801342010498e-01,3.277121186256408691e-01,0.000000000000000000e+00
-8.446261286735534668e-02,3.560703694820404053e-01,-1.139740943908691406e-01,5.863379836082458496e-01,3.431940972805023193e-01,-7.337749004364013672e-01,0.000000000000000000e+00
4.746728539466857910e-01,-6.227684020996093750e-01,-2.120622806251049042e-02,8.874064683914184570e-01,4.320134818553924561e-01,-1.608543694019317627e-01,0.000000000000000000e+00
-6.687065958976745605e-02,-1.174555998295545578e-02,1.136655807495117188e-01,-4.867543578147888184e-01,-1.858978271484375000e-01,8.535292744636535645e-01,0.000000000000000000e+00
1.975945234298706055e-01,-2.462644577026367188e-01,-1.205578371882438660e-01,5.992546081542968750e-01,-7.081019133329391479e-02,-7.974207401275634766e-01,0.000000000000000000e+00
1.137197464704513550e-01,-4.384522736072540283e-01,-8.487182855606079102e-02,-7.196704149246215820e-01,-3.895060718059539795e-01,-5.747690796852111816e-01,0.000000000000000000e+00
3.526967465877532959e-01,-7.995465397834777832e-01,-1.257746368646621704e-01,-5.435435771942138672e-01,-1.276821494102478027e-01,-8.296129107475280762e-01,0.000000000000000000e+00
-2.904984354972839355e-01,8.142905831336975098e-01,-8.026207238435745239e-02,5.468583106994628906e-01,7.238946557044982910e-01,-4.206215739250183105e-01,0.000000000000000000e+00
1.228777691721916199e-01,-1.465148329734802246e-01,1.203405782580375671e-01,3.534395396709442139e-01,2.130615264177322388e-01,9.108706116676330566e-01,0.000000000000000000e+00
-2.659319043159484863e-01,6.149027943611145020e-01,-1.443808376789093018e-01,3.297052681446075439e-01,1.484787017107009888e-01,-9.323349595069885254e-01,0.000000000000000000e+00
6.446013227105140686e-03,2.393086701631546021e-01,6.491769850254058838e-02,4.948886930942535400e-01,5.865885019302368164e-01,6.410921216011047363e-01,0.000000000000000000e+00
2.146420180797576904e-01,-6.174359321594238281e-01,-8.587590605020523071e-02,-5.781405568122863770e-01,-2.952051758766174316e-01,-7.606624960899353027e-01,0.000000000000000000e+00
2.051268219947814941e-01,-5.893229246139526367e-01,-8.322032541036605835e-02,-6.726136207580566406e-01,-2.636787891387939453e-01,-6.914219856262207031e-01,0.000000000000000000e+00
-6.413491815328598022e-02,4.007388353347778320e-01,3.569000214338302612e-02,8.342584967613220215e-01,5.067951679229736328e-01,2.171898186206817627e-01,0.000000000000000000e+00
-4.153927564620971680e-01,4.868339896202087402e-01,-6.313782185316085815e-03,-8.845500946044921875e-01,-4.629350006580352783e-01,5.711713433265686035e-02,0.000000000000000000e+00
-1.584845334291458130e-01,5.348423123359680176e-01,7.678493112325668335e-02,7.763691544532775879e-01,1.211878955364227295e-01,6.185179352760314941e-01,0.000000000000000000e+00
-2.956797182559967041e-02,-7.835718244314193726e-02,-1.264642179012298584e-01,8.855063468217849731e-02,-6.153664737939834595e-02,-9.941689968109130859e-01,0.000000000000000000e+00
3.507480323314666748e-01,-5.773671865463256836e-01,-1.233406439423561096e-01,3.919910490512847900e-01,1.306524425745010376e-01,-9.106442332267761230e-01,0.000000000000000000e+00
-1.250964552164077759e-01,5.340384244918823242e-01,-2.692726068198680878e-02,8.738411068916320801e-01,4.522955119609832764e-01,-1.784110665321350098e-01,0.000000000000000000e+00
-4.765058159828186035e-01,6.510462760925292969e-01,6.831375509500503540e-02,-6.943446993827819824e-01,-3.664833009243011475e-01,6.193346977233886719e-01,0.000000000000000000e+00
-9.510468691587448120e-02,-1.036888584494590759e-01,-3.301803767681121826e-02,-8.588419556617736816e-01,-4.947575330734252930e-01,-1.326856166124343872e-01,0.000000000000000000e+00
-1.368211209774017334e-01,4.854134917259216309e-01,8.095553517341613770e-02,6.167622208595275879e-01,4.193649291992187500e-01,6.661362051963806152e-01,0.000000000000000000e+00
5.594901158474385738e-04,2.835948169231414795e-01,-3.636948764324188232e-02,8.784482479095458984e-01,4.357105791568756104e-01,-1.961757987737655640e-01,0.000000000000000000e+00
-3.886330127716064453e-01,6.876162290573120117e-01,-1.563551276922225952e-01,-1.215285882353782654e-01,-7.633651047945022583e-02,-9.896481633186340332e-01,0.000000000000000000e+00
-4.515340924263000488e-01,6.989079117774963379e-01,-1.394992470741271973e-01,-4.759829044342041016e-01,-2.641719281673431396e-01,-8.388405442237854004e-01,0.000000000000000000e+00
4.012440443038940430e-01,-8.707184791564941406e-01,-5.318152904510498047e-02,-4.108261466026306152e-01,-3.159383535385131836e-01,-8.552221059799194336e-01,0.000000000000000000e+00
2.599042057991027832e-01,-3.147937059402465820e-01,-1.030729338526725769e-01,6.160122752189636230e-01,3.043464720249176025e-01,-7.265687584877014160e-01,0.000000000000000000e+00
1.573340147733688354e-01,-5.481603145599365234e-01,-3.486521076411008835e-03,-8.941314816474914551e-01,-4.477819502353668213e-01,4.493107087910175323e-03,0.000000000000000000e+00
-1.475620269775390625e-01,1.954880356788635254e-01,1.240224391222000122e-01,-2.323596924543380737e-01,-1.451786458492279053e-01,9.617339372634887695e-01,0.000000000000000000e+00
2.325908094644546509e-01,-6.956341862678527832e-01,5.792038515210151672e-02,-8.315269947052001953e-01,-4.304771423339843750e-01,3.510730862617492676e-01,0.000000000000000000e+00
1.881145387887954712e-01,-6.082949638366699219e-01,4.032978042960166931e-02,-9.902620315551757812e-01,-1.183338984847068787e-01,7.333659380674362183e-02,0.000000000000000000e+00
1.283629089593887329e-01,4.102643951773643494e-02,-1.752689108252525330e-02,8.966309428215026855e-01,4.356352686882019043e-01,-7.921388745307922363e-02,0.000000000000000000e+00
2.920866608619689941e-01,-8.629652261734008789e-01,3.534366190433502197e-02,-8.901923298835754395e-01,-4.159585833549499512e-01,1.858386993408203125e-01,0.000000000000000000e+00
-4.508158266544342041e-01,7.244564294815063477e-01,-1.018682643771171570e-01,4.590866565704345703e-01,5.597377419471740723e-01,6.898790597915649414e-01,0.000000000000000000e+00
-4.549819231033325195e-01,6.298776865005493164e-01,-1.090960577130317688e-01,-6.373891830444335938e-01,-3.472620248794555664e-01,-6.878547072410583496e-01,0.000000000000000000e+00
2.897560894489288330e-01,-3.146312236785888672e-01,-7.119930535554885864e-02,7.552166581153869629e-01,3.882815539836883545e-01,-5.280959010124206543e-01,0.000000000000000000e+00
3.202671110630035400e-01,-7.673422098159790039e-01,1.188505589962005615e-01,-5.423455834388732910e-01,-1.493090093135833740e-01,8.267817497253417969e-01,0.000000000000000000e+00
3.230256438255310059e-01,-8.170938491821289062e-01,1.096542924642562866e-01,-5.946524739265441895e-01,-8.770903944969177246e-02,7.991843223571777344e-01,0.000000000000000000e+00
-4.537320137023925781e-01,6.452501416206359863e-01,8.835041522979736328e-02,-6.247913241386413574e-01,-3.410672247409820557e-01,7.023595571517944336e-01,0.000000000000000000e+00
-3.994337618350982666e-01,6.534880399703979492e-01,-3.911467641592025757e-02,-3.092968165874481201e-01,9.467955231666564941e-01,8.895924687385559082e-02,0.000000000000000000e+00
-2.470035292208194733e-02,2.939074933528900146e-01,6.369379907846450806e-02,7.986180186271667480e-01,2.993192672729492188e-01,5.221276283264160156e-01,0.000000000000000000e+00
-2.309509366750717163e-01,6.418216228485107422e-01,-1.176908761262893677e-01,5.907413363456726074e-01,2.991100251674652100e-01,-7.493716478347778320e-01,0.000000000000000000e+00
7.959799468517303467e-02,-1.139919534325599670e-01,1.247986927628517151e-01,1.237618252635002136e-01,4.532468318939208984e-02,9.912762641906738281e-01,0.000000000000000000e+00
-1.744074672460556030e-01,1.185468658804893494e-01,-9.971679747104644775e-02,-5.609935522079467773e-01,-6.097223758697509766e-01,-5.599328875541687012e-01,0.000000000000000000e+00
-6.694754958152770996e-02,-1.307157576084136963e-01,5.613486841320991516e-02,-8.159494400024414062e-01,-4.435376524925231934e-01,3.708111643791198730e-01,0.000000000000000000e+00
-9.878030419349670410e-02,-9.572091698646545410e-02,1.935802213847637177e-02,-8.637582659721374512e-01,-4.720366001129150391e-01,1.763607859611511230e-01,0.000000000000000000e+00
-2.279845997691154480e-02,-3.549679741263389587e-02,1.239739656448364258e-01,-2.263189703226089478e-01,-3.996843844652175903e-02,9.732328653335571289e-01,0.000000000000000000e+00
-2.890226244926452637e-01,7.329134345054626465e-01,-6.240979209542274475e-02,-8.728061318397521973e-01,-1.982996165752410889e-01,4.459672272205352783e-01,0.000000000000000000e+00
4.385797977447509766e-01,-5.718201994895935059e-01,3.235765174031257629e-02,7.953555583953857422e-01,5.561121702194213867e-01,2.411405891180038452e-01,0.000000000000000000e+00
-2.262467145919799805e-01,1.799108535051345825e-01,6.623652577400207520e-02,-7.504469156265258789e-01,-3.962537944316864014e-01,5.289729237556457520e-01,0.000000000000000000e+00
-7.690494507551193237e-02,3.693301677703857422e-01,-9.731211513280868530e-02,7.271552681922912598e-01,3.407639861106872559e-01,-5.959237813949584961e-01,0.000000000000000000e+00
-3.735055029392242432e-01,6.526771783828735352e-01,-1.550559997558593750e-01,-1.416603624820709229e-01,-1.185040920972824097e-01,-9.827966094017028809e-01,0.000000000000000000e+00
-4.620337486267089844e-02,-1.732841581106185913e-01,5.208469554781913757e-02,-8.146269917488098145e-01,-4.488624334335327148e-01,3.672946691513061523e-01,0.000000000000000000e+00
9.958955645561218262e-02,-2.970313131809234619e-01,-1.225320249795913696e-01,-7.313910871744155884e-02,-8.712565898895263672e-02,-9.935088157653808594e-01,0.000000000000000000e+00
-2.907247841358184814e-01,6.021296381950378418e-01,-1.524973213672637939e-01,2.016261518001556396e-01,5.935531854629516602e-02,-9.776624441146850586e-01,0.000000000000000000e+00
-2.291561067104339600e-01,6.420316100120544434e-01,9.078687429428100586e-02,6.147433519363403320e-01,3.008193969726562500e-01,7.291078567504882812e-01,0.000000000000000000e+00
-6.621795892715454102e-02,7.100692391395568848e-02,1.261527091264724731e-01,-1.702615916728973389e-01,-5.845747515559196472e-02,9.836634397506713867e-01,0.000000000000000000e+00
5.146536231040954590e-02,-3.755658566951751709e-01,2.600101381540298462e-02,-8.458307981491088867e-01,-4.537858664989471436e-01,2.804435789585113525e-01,0.000000000000000000e+00
