1.556551605463027954e-01,2.291843593120574951e-01,-7.482768595218658447e-02,5.609757304191589355e-01,7.870704531669616699e-01,-2.565663754940032959e-01,0.000000000000000000e+00
2.703915536403656006e-01,3.038873150944709778e-02,8.069442957639694214e-02,9.590987563133239746e-01,6.153594702482223511e-02,2.763022184371948242e-01,0.000000000000000000e+00
1.110421642661094666e-01,1.724877804517745972e-01,-2.018109709024429321e-01,4.482861459255218506e-01,5.893241167068481445e-01,-6.721135377883911133e-01,0.000000000000000000e+00
9.445410221815109253e-02,2.589271962642669678e-01,8.192791044712066650e-02,3.699383735656738281e-01,9.016753435134887695e-01,2.238910645246505737e-01,0.000000000000000000e+00
-1.070842146873474121e-03,-5.607085302472114563e-02,2.788678705692291260e-01,1.435975730419158936e-01,-3.397918045520782471e-01,9.294736385345458984e-01,0.000000000000000000e+00
2.593949139118194580e-01,3.756002336740493774e-02,-1.022996753454208374e-01,9.434183835983276367e-01,2.228293418884277344e-01,-2.455786615610122681e-01,0.000000000000000000e+00
-1.531727015972137451e-01,2.202541753649711609e-02,-2.441751509904861450e-01,-5.768842697143554688e-01,-4.829828627407550812e-03,-8.168116211891174316e-01,0.000000000000000000e+00
1.154970452189445496e-01,-2.528829872608184814e-01,-6.907008588314056396e-02,5.707571506500244141e-01,-7.792679667472839355e-01,-2.588004767894744873e-01,0.000000000000000000e+00
2.744514644145965576e-01,-2.906697615981101990e-02,5.944857373833656311e-02,9.367722868919372559e-01,-3.273792862892150879e-01,1.236142292618751526e-01,0.000000000000000000e+00
-5.788717791438102722e-02,-2.798364162445068359e-01,-3.387502580881118774e-02,3.253058716654777527e-02,-9.987076520919799805e-01,-3.904822096228599548e-02,0.000000000000000000e+00
4.432430863380432129e-02,2.746173739433288574e-01,7.880374789237976074e-02,1.597739905118942261e-01,9.517729878425598145e-01,2.619168460369110107e-01,0.000000000000000000e+00
1.041694581508636475e-01,-2.345841079950332642e-01,-1.321270316839218140e-01,4.024122059345245361e-01,-7.753326892852783203e-01,-4.867480397224426270e-01,0.000000000000000000e+00
1.024415716528892517e-01,1.981297731399536133e-01,1.808850914239883423e-01,3.511255979537963867e-01,6.948003768920898438e-01,6.276649236679077148e-01,0.000000000000000000e+00
5.991825833916664124e-02,2.494691759347915649e-01,1.319408565759658813e-01,2.139670103788375854e-01,8.816654086112976074e-01,4.205761253833770752e-01,0.000000000000000000e+00
2.394559234380722046e-01,1.400329917669296265e-01,6.542328745126724243e-02,8.338024616241455078e-01,5.034415721893310547e-01,2.265392690896987915e-01,0.000000000000000000e+00
2.107989341020584106e-01,-9.426646679639816284e-02,-1.663704216480255127e-01,6.599394679069519043e-01,-4.319773912429809570e-01,-6.147156953811645508e-01,0.000000000000000000e+00
1.675068736076354980e-01,1.796024888753890991e-01,1.460845619440078735e-01,6.113168597221374512e-01,6.002063155174255371e-01,5.157946348190307617e-01,0.000000000000000000e+00
1.772146821022033691e-01,1.985173672437667847e-01,-1.035340353846549988e-01,5.811730623245239258e-01,6.756278276443481445e-01,-4.536131620407104492e-01,0.000000000000000000e+00
-1.658243834972381592e-01,2.257643342018127441e-01,-8.544753491878509521e-02,-4.955607950687408447e-01,8.387164473533630371e-01,-2.257747501134872437e-01,0.000000000000000000e+00
2.586977183818817139e-01,1.177980154752731323e-01,-2.287445031106472015e-02,9.209617376327514648e-01,3.832917213439941406e-01,-7.012039422988891602e-02,0.000000000000000000e+00
1.109019070863723755e-01,-2.656357586383819580e-01,-3.932261839509010315e-03,4.233820438385009766e-01,-9.058325886726379395e-01,1.466209627687931061e-02,0.000000000000000000e+00
-6.129680667072534561e-03,2.738001942634582520e-01,9.201382100582122803e-02,5.939363967627286911e-03,9.571131467819213867e-01,2.896534502506256104e-01,0.000000000000000000e+00
-1.882531307637691498e-02,1.724233776330947876e-01,-2.315338850021362305e-01,-6.954702734947204590e-02,6.209272146224975586e-01,-7.807769179344177246e-01,0.000000000000000000e+00
5.913474783301353455e-02,-4.289893433451652527e-02,2.727240622043609619e-01,2.464063614606857300e-01,-2.010579854249954224e-01,9.480820298194885254e-01,0.000000000000000000e+00
-2.820783294737339020e-02,2.619101405143737793e-01,-1.188143342733383179e-01,-5.659471824765205383e-02,9.116464257240295410e-01,-4.070599675178527832e-01,0.000000000000000000e+00
1.242885291576385498e-01,-7.329244166612625122e-02,-2.468745559453964233e-01,3.397800326347351074e-01,-4.727774560451507568e-01,-8.130381107330322266e-01,0.000000000000000000e+00
5.585636198520660400e-02,-6.145544350147247314e-02,2.710706293582916260e-01,1.328137964010238647e-01,-7.200520485639572144e-02,9.885219931602478027e-01,0.000000000000000000e+00
-1.870554387569427490e-01,-2.108066678047180176e-01,-7.802243530750274658e-02,-6.214668750762939453e-01,-7.315667271614074707e-01,-2.803374528884887695e-01,0.000000000000000000e+00
2.283191084861755371e-01,1.017744019627571106e-01,-1.286904066801071167e-01,8.393407464027404785e-01,3.647351562976837158e-01,-4.030823707580566406e-01,0.000000000000000000e+00
1.723114252090454102e-01,2.208558768033981323e-01,5.770544335246086121e-02,5.501938462257385254e-01,8.123776316642761230e-01,1.932078599929809570e-01,0.000000000000000000e+00
-4.177001304924488068e-03,-1.948673091828823090e-02,2.888694405555725098e-01,6.976977735757827759e-02,-1.225498542189598083e-01,9.900069236755371094e-01,0.000000000000000000e+00
2.242216616868972778e-01,-9.369158744812011719e-02,1.509137600660324097e-01,8.071652054786682129e-01,-2.830940485000610352e-01,5.180174708366394043e-01,0.000000000000000000e+00
-2.289882749319076538e-01,1.326257586479187012e-01,-1.232083812355995178e-01,-8.367952108383178711e-01,3.930359780788421631e-01,-3.811778128147125244e-01,0.000000000000000000e+00
-1.958462223410606384e-02,-2.837317287921905518e-01,-5.017833411693572998e-02,-3.862729072570800781e-01,-8.706992864608764648e-01,-3.044272661209106445e-01,0.000000000000000000e+00
2.591837644577026367e-01,-3.765253350138664246e-02,-1.139714866876602173e-01,8.905218243598937988e-01,-9.845198690891265869e-02,-4.441599547863006592e-01,0.000000000000000000e+00
2.474021911621093750e-01,-1.185552701354026794e-01,-9.364684671163558960e-02,9.491453766822814941e-01,-2.706198692321777344e-01,-1.608973890542984009e-01,0.000000000000000000e+00
-2.524279057979583740e-01,-1.034180000424385071e-01,1.043475866317749023e-01,-8.748776912689208984e-01,-3.170204162597656250e-01,3.661790788173675537e-01,0.000000000000000000e+00
1.800103336572647095e-01,-1.764016896486282349e-01,1.366973668336868286e-01,6.321982741355895996e-01,-6.083979010581970215e-01,4.797680079936981201e-01,0.000000000000000000e+00
-4.391677677631378174e-02,1.491545885801315308e-01,2.451476603746414185e-01,-1.119489222764968872e-01,5.118842720985412598e-01,8.517287969589233398e-01,0.000000000000000000e+00
-6.809221208095550537e-02,-2.764281630516052246e-01,4.123108834028244019e-02,-3.946296274662017822e-01,-9.188397526741027832e-01,9.807955939322710037e-04,0.000000000000000000e+00
-2.977152913808822632e-02,-8.768353611230850220e-02,-2.737173736095428467e-01,-1.170738786458969116e-01,-3.472324609756469727e-01,-9.304425120353698730e-01,0.000000000000000000e+00
-2.277173995971679688e-01,1.190831363201141357e-01,-1.400169134140014648e-01,-7.383537888526916504e-01,4.544574618339538574e-01,-4.982992410659790039e-01,0.000000000000000000e+00
2.814236283302307129e-01,5.239464808255434036e-03,-2.824081480503082275e-02,9.497253298759460449e-01,-1.700818389654159546e-01,-2.628574073314666748e-01,0.000000000000000000e+00
2.657302320003509521e-01,-6.733985245227813721e-02,-8.587447553873062134e-02,9.213269352912902832e-01,-2.796725332736968994e-01,-2.700739800930023193e-01,0.000000000000000000e+00
-2.140649557113647461e-01,-1.738051176071166992e-01,9.740322083234786987e-02,-7.286702990531921387e-01,-6.273663043975830078e-01,2.746836245059967041e-01,0.000000000000000000e+00
-2.676461040973663330e-01,-3.997148945927619934e-02,1.100559085607528687e-01,-9.072355031967163086e-01,-1.083686053752899170e-01,4.064233899116516113e-01,0.000000000000000000e+00
-2.373641580343246460e-01,-1.451181024312973022e-01,9.129305183887481689e-02,-8.245034813880920410e-01,-4.715281128883361816e-01,3.128183186054229736e-01,0.000000000000000000e+00
-2.239137291908264160e-01,9.553015977144241333e-02,-1.605434864759445190e-01,-7.682694792747497559e-01,3.222214281558990479e-01,-5.531142354011535645e-01,0.000000000000000000e+00
9.221370518207550049e-02,-2.587749958038330078e-01,9.135039895772933960e-02,2.805650830268859863e-01,-8.865186572074890137e-01,3.679237365722656250e-01,0.000000000000000000e+00
-1.059636101126670837e-01,1.763243079185485840e-01,2.069324702024459839e-01,-3.428321182727813721e-01,6.203698515892028809e-01,7.054129242897033691e-01,0.000000000000000000e+00
-1.658433824777603149e-01,-1.277704834938049316e-01,-2.029178887605667114e-01,-5.206366181373596191e-01,-4.870358407497406006e-01,-7.012371420860290527e-01,0.000000000000000000e+00
-2.526716291904449463e-01,-1.458173394203186035e-01,-4.661694169044494629e-03,-8.418399095535278320e-01,-5.390881299972534180e-01,-2.625856734812259674e-02,0.000000000000000000e+00
-2.312592603266239166e-02,-2.568479180335998535e-01,-1.186346709728240967e-01,-1.709316670894622803e-02,-9.035074710845947266e-01,-4.282313585281372070e-01,0.000000000000000000e+00
-1.915924847126007080e-01,-1.732894033193588257e-01,-1.318288743495941162e-01,-6.841033101081848145e-01,-5.798169374465942383e-01,-4.425098896026611328e-01,0.000000000000000000e+00
1.440059840679168701e-01,2.425259202718734741e-01,-5.761927738785743713e-02,5.172802805900573730e-01,8.053575754165649414e-01,-2.895172238349914551e-01,0.000000000000000000e+00
1.577145536430180073e-03,-5.988884717226028442e-02,2.770630121231079102e-01,1.435975730419158936e-01,-3.397918045520782471e-01,9.294736385345458984e-01,0.000000000000000000e+00
2.075910009443759918e-02,-1.391773223876953125e-01,2.548567652702331543e-01,1.221198365092277527e-01,-4.607979953289031982e-01,8.790631294250488281e-01,0.000000000000000000e+00
2.605721950531005859e-01,4.141586646437644958e-02,1.068225130438804626e-01,8.938567042350769043e-01,1.593606173992156982e-01,4.190756082534790039e-01,0.000000000000000000e+00
1.906782388687133789e-01,1.294699609279632568e-01,-1.697611659765243530e-01,6.909937858581542969e-01,4.627106189727783203e-01,-5.553615689277648926e-01,0.000000000000000000e+00
-7.352348417043685913e-02,-2.698984444141387939e-01,8.074226230382919312e-02,-4.688715040683746338e-01,-8.740354776382446289e-01,1.273636519908905029e-01,0.000000000000000000e+00
1.456250529736280441e-02,2.558362782001495361e-01,1.334726959466934204e-01,4.103466123342514038e-02,8.953392505645751953e-01,4.434904158115386963e-01,0.000000000000000000e+00
-2.759855985641479492e-01,-1.066726073622703552e-02,-9.964548796415328979e-02,-9.437353610992431641e-01,-9.350831061601638794e-02,-3.172062337398529053e-01,0.000000000000000000e+00
1.541157811880111694e-01,2.144871205091476440e-01,1.136203706264495850e-01,5.757952928543090820e-01,7.544332742691040039e-01,3.151035308837890625e-01,0.000000000000000000e+00
1.659135073423385620e-01,2.157759368419647217e-01,8.977517485618591309e-02,6.103916764259338379e-01,7.235672473907470703e-01,3.222924470901489258e-01,0.000000000000000000e+00
4.743626341223716736e-02,2.687787115573883057e-01,-9.254563599824905396e-02,1.640386581420898438e-01,9.451412558555603027e-01,-2.824876606464385986e-01,0.000000000000000000e+00
-6.868968158960342407e-02,-2.660093009471893311e-01,1.027576923370361328e-01,-2.748167216777801514e-01,-8.897711038589477539e-01,3.643942177295684814e-01,0.000000000000000000e+00
9.941412508487701416e-02,-1.973970979452133179e-01,-1.843390613794326782e-01,3.640031814575195312e-01,-6.597476601600646973e-01,-6.574455499649047852e-01,0.000000000000000000e+00
-4.197813570499420166e-02,-5.090370029211044312e-02,2.839844524860382080e-01,-2.699084877967834473e-01,-2.792424261569976807e-01,9.215058684349060059e-01,0.000000000000000000e+00
1.583742536604404449e-02,-2.850020229816436768e-01,6.228530406951904297e-02,1.512095183134078979e-01,-9.699847698211669922e-01,1.904342919588088989e-01,0.000000000000000000e+00
-2.624383568763732910e-01,1.770791970193386078e-02,1.280768662691116333e-01,-9.164769649505615234e-01,6.023070961236953735e-02,3.955277502536773682e-01,0.000000000000000000e+00
-2.049478292465209961e-01,3.398524224758148193e-02,-1.977451890707015991e-01,-7.598617076873779297e-01,-1.029793620109558105e-01,-6.418765187263488770e-01,0.000000000000000000e+00
-8.516438305377960205e-02,1.525463461875915527e-01,-2.334184497594833374e-01,-2.290359884500503540e-01,5.965020060539245605e-01,-7.692385315895080566e-01,0.000000000000000000e+00
2.128785699605941772e-01,-1.099321898072957993e-02,-1.891069710254669189e-01,7.536776065826416016e-01,-3.951706457883119583e-03,-6.572324037551879883e-01,0.000000000000000000e+00
-2.070466876029968262e-01,5.116823315620422363e-02,-1.981244385242462158e-01,-7.801463603973388672e-01,2.078210189938545227e-02,-6.252517700195312500e-01,0.000000000000000000e+00
-5.172113329172134399e-02,2.732228338718414307e-01,-7.357385754585266113e-02,-1.790845692157745361e-01,9.528190493583679199e-01,-2.450807243585586548e-01,0.000000000000000000e+00
2.410545945167541504e-01,1.301306299865245819e-02,1.523726880550384521e-01,8.475527167320251465e-01,5.901689827442169189e-02,5.274196267127990723e-01,0.000000000000000000e+00
4.793878644704818726e-02,-2.543076574802398682e-01,1.265068799257278442e-01,2.202606052160263062e-01,-8.550430536270141602e-01,4.694535434246063232e-01,0.000000000000000000e+00
2.450573444366455078e-01,1.282448321580886841e-01,6.937558948993682861e-02,8.437727093696594238e-01,4.587618708610534668e-01,2.785412073135375977e-01,0.000000000000000000e+00
-1.376616805791854858e-01,-9.850352071225643158e-03,-2.520195245742797852e-01,-5.135266184806823730e-01,-1.832047104835510254e-01,-8.382877707481384277e-01,0.000000000000000000e+00
4.883264191448688507e-03,-1.832825839519500732e-01,2.262268960475921631e-01,3.656604886054992676e-02,-6.699054241180419922e-01,7.415454983711242676e-01,0.000000000000000000e+00
-1.526382714509963989e-01,-1.886820793151855469e-01,-1.606605798006057739e-01,-5.712428689002990723e-01,-5.988563299179077148e-01,-5.612955093383789062e-01,0.000000000000000000e+00
-7.971407473087310791e-02,9.253834187984466553e-02,-2.626552283763885498e-01,-2.355587333440780640e-01,2.706481516361236572e-01,-9.334139823913574219e-01,0.000000000000000000e+00
1.490177065134048462e-01,-2.408338785171508789e-01,-4.220332950353622437e-02,4.556114673614501953e-01,-8.655167818069458008e-01,-2.080837190151214600e-01,0.000000000000000000e+00
-1.124234721064567566e-01,5.156456306576728821e-02,-2.612192928791046143e-01,-3.962950706481933594e-01,1.647751927375793457e-01,-9.032161235809326172e-01,0.000000000000000000e+00
7.305619120597839355e-02,-2.761680185794830322e-01,-5.133811384439468384e-02,2.910046279430389404e-01,-9.373452067375183105e-01,-1.915732026100158691e-01,0.000000000000000000e+00
-1.722277104854583740e-01,-1.893744021654129028e-01,1.424351334571838379e-01,-5.193040370941162109e-01,-7.252718210220336914e-01,4.520000517368316650e-01,0.000000000000000000e+00
2.800623178482055664e-01,4.398804530501365662e-02,8.295368403196334839e-03,9.909237623214721680e-01,1.344248652458190918e-01,3.167262475471943617e-04,0.000000000000000000e+00
-2.267800271511077881e-01,-1.828529983758926392e-01,-7.022801786661148071e-03,-7.823395729064941406e-01,-6.216050386428833008e-01,3.939433395862579346e-02,0.000000000000000000e+00
-1.331991329789161682e-02,-2.861133813858032227e-01,-5.063487961888313293e-02,-3.284018039703369141e-01,-9.260360598564147949e-01,-1.860362440347671509e-01,0.000000000000000000e+00
2.338186139240860939e-03,2.790038585662841797e-01,6.985631585121154785e-02,-1.583220064640045166e-02,9.771605730056762695e-01,2.119116485118865967e-01,0.000000000000000000e+00
-2.083911746740341187e-01,6.119351089000701904e-02,1.949062794446945190e-01,-6.514009833335876465e-01,2.860496640205383301e-01,7.027462720870971680e-01,0.000000000000000000e+00
-1.015570983290672302e-01,5.731643736362457275e-02,2.675800919532775879e-01,-3.623709976673126221e-01,2.906759977340698242e-01,8.855476975440979004e-01,0.000000000000000000e+00
-7.339537143707275391e-02,1.960202604532241821e-01,-2.013667672872543335e-01,-2.902474701404571533e-01,6.119316220283508301e-01,-7.357282638549804688e-01,0.000000000000000000e+00
-9.626491367816925049e-02,6.504396349191665649e-02,-2.647566199302673340e-01,-2.605600059032440186e-01,1.924108117818832397e-01,-9.460901618003845215e-01,0.000000000000000000e+00
-2.010527253150939941e-01,-1.774149239063262939e-01,1.170557290315628052e-01,-6.489760279655456543e-01,-6.571770310401916504e-01,3.833385407924652100e-01,0.000000000000000000e+00
-2.465418130159378052e-01,-1.371181011199951172e-01,-7.577332109212875366e-02,-8.106052875518798828e-01,-5.191002488136291504e-01,-2.710240483283996582e-01,0.000000000000000000e+00
2.027053683996200562e-01,-1.730330884456634521e-01,-1.037891879677772522e-01,6.314179897308349609e-01,-5.734973549842834473e-01,-5.219311714172363281e-01,0.000000000000000000e+00
2.038599401712417603e-01,-1.875645816326141357e-01,7.020485401153564453e-02,7.255265712738037109e-01,-6.460554003715515137e-01,2.371152192354202271e-01,0.000000000000000000e+00
-1.354434490203857422e-01,-1.811790317296981812e-01,-1.822143644094467163e-01,-4.280299842357635498e-01,-6.271278262138366699e-01,-6.507695317268371582e-01,0.000000000000000000e+00
2.249024361371994019e-01,1.666279882192611694e-01,5.294317752122879028e-02,7.845430970191955566e-01,5.865507721900939941e-01,2.011225670576095581e-01,0.000000000000000000e+00
-2.368221282958984375e-01,7.449736446142196655e-02,-1.521290689706802368e-01,-8.765164017677307129e-01,8.913571387529373169e-02,-4.730473458766937256e-01,0.000000000000000000e+00
1.222205907106399536e-01,-3.322023525834083557e-02,-2.573247253894805908e-01,5.544711351394653320e-01,-3.684946000576019287e-01,-7.461725473403930664e-01,0.000000000000000000e+00
9.592617303133010864e-02,2.514815926551818848e-01,-8.123375475406646729e-02,3.617963492870330811e-01,8.998979926109313965e-01,-2.434892207384109497e-01,0.000000000000000000e+00
-2.118157595396041870e-01,-1.176231950521469116e-01,-1.637456864118576050e-01,-7.775450348854064941e-01,-2.772146165370941162e-01,-5.644251704216003418e-01,0.000000000000000000e+00
-2.178870290517807007e-01,-1.046424657106399536e-01,-1.639446765184402466e-01,-7.426422238349914551e-01,-3.783006072044372559e-01,-5.526040196418762207e-01,0.000000000000000000e+00
2.558662295341491699e-01,-1.164245009422302246e-01,-5.780032277107238770e-02,8.979553580284118652e-01,-4.075752198696136475e-01,-1.660079061985015869e-01,0.000000000000000000e+00
2.671669125556945801e-01,9.656283259391784668e-02,-1.365805137902498245e-02,9.423426985740661621e-01,3.325520753860473633e-01,-3.740806505084037781e-02,0.000000000000000000e+00
-2.918672263622283936e-01,7.659637834876775742e-03,-2.717357501387596130e-02,-9.979492425918579102e-01,-1.480727922171354294e-02,-6.227365881204605103e-02,0.000000000000000000e+00
-1.566396653652191162e-01,2.425379157066345215e-01,-3.894275054335594177e-02,-4.703789353370666504e-01,8.717197179794311523e-01,-1.372895687818527222e-01,0.000000000000000000e+00
7.514818012714385986e-02,2.531230449676513672e-01,1.166909709572792053e-01,2.519184350967407227e-01,8.637707829475402832e-01,4.363910257816314697e-01,0.000000000000000000e+00
-2.717275917530059814e-01,1.023704782128334045e-01,-2.305717207491397858e-02,-8.322491645812988281e-01,5.280756354331970215e-01,-1.688118875026702881e-01,0.000000000000000000e+00
1.693791598081588745e-01,-2.223609238862991333e-01,-6.397937238216400146e-02,6.237738728523254395e-01,-7.494490146636962891e-01,-2.218836992979049683e-01,0.000000000000000000e+00
3.513138368725776672e-02,6.142866238951683044e-02,-2.802995443344116211e-01,1.073296740651130676e-01,2.317617684602737427e-01,-9.668334126472473145e-01,0.000000000000000000e+00
2.136393934488296509e-01,-6.910749524831771851e-02,1.765496432781219482e-01,7.722345590591430664e-01,-8.212950080633163452e-02,6.300067901611328125e-01,0.000000000000000000e+00
1.744425147771835327e-01,-8.390046656131744385e-02,2.106283754110336304e-01,5.792365670204162598e-01,-2.241196632385253906e-01,7.837444543838500977e-01,0.000000000000000000e+00
2.708304524421691895e-01,7.835130393505096436e-02,3.024641983211040497e-02,9.486268758773803711e-01,2.870195806026458740e-01,1.331422775983810425e-01,0.000000000000000000e+00
2.414579391479492188e-01,8.716195821762084961e-02,-1.136351749300956726e-01,8.322736620903015137e-01,3.105001151561737061e-01,-4.592496454715728760e-01,0.000000000000000000e+00
-8.277313411235809326e-02,1.864883154630661011e-01,2.078745067119598389e-01,-3.015550673007965088e-01,6.894572973251342773e-01,6.585690379142761230e-01,0.000000000000000000e+00
-3.442824631929397583e-02,2.732414603233337402e-01,8.614922314882278442e-02,-1.312245875597000122e-01,9.641025662422180176e-01,2.308383136987686157e-01,0.000000000000000000e+00
1.039314046502113342e-01,2.439111918210983276e-01,1.139653250575065613e-01,3.975575864315032959e-01,8.557602167129516602e-01,3.310928046703338623e-01,0.000000000000000000e+00
-2.050772309303283691e-01,-2.040620148181915283e-01,-4.460951313376426697e-02,-6.424028277397155762e-01,-7.260595560073852539e-01,-2.452674657106399536e-01,0.000000000000000000e+00
2.643288969993591309e-01,-9.423533827066421509e-02,-5.987024307250976562e-02,9.170967936515808105e-01,-3.594019412994384766e-01,-1.725215613842010498e-01,0.000000000000000000e+00
-1.736161261796951294e-01,8.100003935396671295e-03,-2.262693196535110474e-01,-6.245999932289123535e-01,-5.840649455785751343e-02,-7.787576913833618164e-01,0.000000000000000000e+00
6.423205137252807617e-02,2.637121975421905518e-01,9.651941061019897461e-02,2.125518471002578735e-01,9.081897139549255371e-01,3.605733513832092285e-01,0.000000000000000000e+00
-2.531470060348510742e-01,3.478770330548286438e-02,1.404552906751632690e-01,-8.499628305435180664e-01,1.476970463991165161e-01,5.057161450386047363e-01,0.000000000000000000e+00
-8.588346093893051147e-02,-1.264306134544312954e-03,2.804365754127502441e-01,-4.283748865127563477e-01,-1.102859750390052795e-01,8.968455791473388672e-01,0.000000000000000000e+00
9.240830689668655396e-02,-2.724717259407043457e-01,3.232038393616676331e-02,4.175706207752227783e-01,-9.009051322937011719e-01,1.183417439460754395e-01,0.000000000000000000e+00
-9.177441895008087158e-02,1.465446203947067261e-01,2.351955473423004150e-01,-2.977174222469329834e-01,5.488939285278320312e-01,7.810760140419006348e-01,0.000000000000000000e+00
9.047507308423519135e-03,2.848510444164276123e-01,-4.002165223937481642e-04,1.879247725009918213e-01,9.738458395004272461e-01,1.277049183845520020e-01,0.000000000000000000e+00
-2.711206078529357910e-01,-6.523485481739044189e-02,-8.844831585884094238e-02,-9.089699387550354004e-01,-2.293648421764373779e-01,-3.480882942676544189e-01,0.000000000000000000e+00
-3.984187915921211243e-02,2.330304235219955444e-01,1.671032756567001343e-01,-1.266443282365798950e-01,7.917649149894714355e-01,5.975529551506042480e-01,0.000000000000000000e+00
2.737568020820617676e-01,-7.768218964338302612e-02,-3.443713858723640442e-02,9.575662016868591309e-01,-2.123921513557434082e-01,-1.948245316743850708e-01,0.000000000000000000e+00
-1.029118448495864868e-01,2.507557272911071777e-01,-1.016877368092536926e-01,-2.983267903327941895e-01,8.940152525901794434e-01,-3.342721760272979736e-01,0.000000000000000000e+00
-5.898530781269073486e-02,6.405131518840789795e-02,2.766299545764923096e-01,-1.603824496269226074e-01,1.968323737382888794e-01,9.672303199768066406e-01,0.000000000000000000e+00
-1.914447546005249023e-01,-1.645840853452682495e-01,1.484854519367218018e-01,-6.490611433982849121e-01,-5.923253893852233887e-01,4.773575663566589355e-01,0.000000000000000000e+00
-1.860675811767578125e-01,7.245734333992004395e-02,2.132744193077087402e-01,-6.494544744491577148e-01,2.123179584741592407e-01,7.301574945449829102e-01,0.000000000000000000e+00
5.944056902080774307e-03,-3.155948128551244736e-03,2.899306416511535645e-01,-3.724589943885803223e-02,-5.938369780778884888e-02,9.975401163101196289e-01,0.000000000000000000e+00
6.990589201450347900e-02,2.737574838101863861e-02,2.791730165481567383e-01,3.828741312026977539e-01,6.614498794078826904e-02,9.214294552803039551e-01,0.000000000000000000e+00
-2.382150143384933472e-01,1.257760226726531982e-01,1.141713336110115051e-01,-8.574342131614685059e-01,3.250352144241333008e-01,3.989469707012176514e-01,0.000000000000000000e+00
-7.743787020444869995e-02,-1.438279449939727783e-01,2.363589257001876831e-01,-4.290278851985931396e-01,-3.371576964855194092e-01,8.380094170570373535e-01,0.000000000000000000e+00
2.666598558425903320e-01,9.404183179140090942e-02,-4.025189951062202454e-02,9.458916783332824707e-01,3.144333362579345703e-01,-8.012855052947998047e-02,0.000000000000000000e+00
1.150636076927185059e-01,2.576873004436492920e-01,-5.117240920662879944e-02,3.454814553260803223e-01,9.191939234733581543e-01,-1.890107095241546631e-01,0.000000000000000000e+00
-5.514593422412872314e-02,1.301415264606475830e-01,2.544522583484649658e-01,-1.859419345855712891e-01,3.991891741752624512e-01,8.978160023689270020e-01,0.000000000000000000e+00
9.989765286445617676e-02,-2.699942588806152344e-01,1.557609345763921738e-02,4.262066185474395752e-01,-9.046120047569274902e-01,-5.002581514418125153e-03,0.000000000000000000e+00
2.003979682922363281e-01,1.542135924100875854e-01,1.313993036746978760e-01,6.814365983009338379e-01,5.507686138153076172e-01,4.819731414318084717e-01,0.000000000000000000e+00
2.204319685697555542e-01,1.649039089679718018e-01,7.214783132076263428e-02,8.185048103332519531e-01,5.267517566680908203e-01,2.293086647987365723e-01,0.000000000000000000e+00
2.437761276960372925e-01,1.485523730516433716e-01,-2.466750890016555786e-02,8.246836066246032715e-01,5.552964210510253906e-01,-1.074376106262207031e-01,0.000000000000000000e+00
-1.809106320142745972e-01,-2.190818041563034058e-01,-6.971595436334609985e-02,-6.203138232231140137e-01,-7.416713237762451172e-01,-2.552143633365631104e-01,0.000000000000000000e+00
-1.563333719968795776e-01,-2.466103732585906982e-01,-1.982672140002250671e-02,-5.414035320281982422e-01,-8.405966162681579590e-01,-1.671847887337207794e-02,0.000000000000000000e+00
2.231662161648273468e-02,2.005522549152374268e-01,2.061647474765777588e-01,1.946916282176971436e-01,6.942965388298034668e-01,6.928545832633972168e-01,0.000000000000000000e+00
1.125787794589996338e-01,-1.971820890903472900e-01,1.805519014596939087e-01,2.178425192832946777e-01,-6.906896829605102539e-01,6.895595788955688477e-01,0.000000000000000000e+00
3.785691410303115845e-02,-1.333489716053009033e-01,-2.522712647914886475e-01,9.525497257709503174e-02,-4.539493322372436523e-01,-8.859212994575500488e-01,0.000000000000000000e+00
-8.280795067548751831e-03,2.445878833532333374e-02,-2.875322997570037842e-01,-8.367418497800827026e-02,8.941884338855743408e-02,-9.924731254577636719e-01,0.000000000000000000e+00
9.370495378971099854e-02,-4.511611163616180420e-02,2.620337605476379395e-01,3.709866702556610107e-01,-1.067039743065834045e-01,9.224874973297119141e-01,0.000000000000000000e+00
-2.936677075922489166e-02,-2.712412476539611816e-01,1.055666357278823853e-01,-8.856938034296035767e-02,-9.477971792221069336e-01,3.063265085220336914e-01,0.000000000000000000e+00
-9.447198361158370972e-02,2.363556027412414551e-01,-1.383675783872604370e-01,-3.156356513500213623e-01,8.238318562507629395e-01,-4.708239436149597168e-01,0.000000000000000000e+00
-2.561104893684387207e-01,2.321228384971618652e-02,-1.374524533748626709e-01,-8.628709316253662109e-01,8.720231056213378906e-02,-4.978449046611785889e-01,0.000000000000000000e+00
-1.848140656948089600e-01,1.873652487993240356e-01,1.271570771932601929e-01,-5.829421281814575195e-01,6.980529427528381348e-01,4.158131182193756104e-01,0.000000000000000000e+00
1.931850165128707886e-01,-1.729249507188796997e-01,-1.175110489130020142e-01,8.287245631217956543e-01,-5.012109875679016113e-01,-2.490042299032211304e-01,0.000000000000000000e+00
1.327140480279922485e-01,-1.952439360320568085e-02,2.482111006975173950e-01,5.247404575347900391e-01,-2.337910532951354980e-01,8.185286521911621094e-01,0.000000000000000000e+00
2.448935359716415405e-01,2.814279869198799133e-02,1.424979567527770996e-01,8.700711727142333984e-01,1.277339756488800049e-01,4.760884046554565430e-01,0.000000000000000000e+00
6.240486167371273041e-03,6.014017015695571899e-02,-2.827308475971221924e-01,3.712644055485725403e-02,1.895182728767395020e-01,-9.811750650405883789e-01,0.000000000000000000e+00
2.436997145414352417e-01,-1.511084735393524170e-01,1.826679892838001251e-02,8.594952225685119629e-01,-5.103239417076110840e-01,2.893942035734653473e-02,0.000000000000000000e+00
-2.017453080043196678e-03,-2.300098985433578491e-01,1.788858026266098022e-01,1.579912565648555756e-02,-8.063061237335205078e-01,5.912874341011047363e-01,0.000000000000000000e+00
1.217026636004447937e-01,-2.527394890785217285e-01,6.389039754867553711e-02,4.503985047340393066e-01,-8.825909495353698730e-01,1.348123699426651001e-01,0.000000000000000000e+00
-2.902819514274597168e-01,-3.615518100559711456e-03,3.030868619680404663e-02,-9.894952178001403809e-01,9.350390173494815826e-03,1.442627310752868652e-01,0.000000000000000000e+00
2.094065546989440918e-01,-1.874114573001861572e-01,5.235209688544273376e-02,7.486361861228942871e-01,-6.120414733886718750e-01,2.548512220382690430e-01,0.000000000000000000e+00
-4.373869672417640686e-02,2.183321416378021240e-01,1.843107789754867554e-01,-1.413759738206863403e-01,7.756668329238891602e-01,6.151046752929687500e-01,0.000000000000000000e+00
-1.500378549098968506e-01,8.351992070674896240e-02,-2.345803678035736084e-01,-5.133920311927795410e-01,3.039996922016143799e-01,-8.025040626525878906e-01,0.000000000000000000e+00
1.369095742702484131e-01,-1.972192823886871338e-01,1.600098758935928345e-01,5.592917203903198242e-01,-6.391417384147644043e-01,5.279115438461303711e-01,0.000000000000000000e+00
-1.132916212081909180e-01,1.140634119510650635e-01,-2.421183884143829346e-01,-3.499774336814880371e-01,4.096428751945495605e-01,-8.424419760704040527e-01,0.000000000000000000e+00
-8.161359280347824097e-02,-2.696668505668640137e-01,5.206381529569625854e-02,-3.300601541996002197e-01,-9.238911271095275879e-01,1.936116814613342285e-01,0.000000000000000000e+00
5.045677721500396729e-02,-5.963774397969245911e-02,2.720074355602264404e-01,1.483798921108245850e-01,-8.512692153453826904e-02,9.852597713470458984e-01,0.000000000000000000e+00
2.364656478166580200e-01,1.511738300323486328e-01,-5.768792703747749329e-02,8.332297205924987793e-01,5.027887821197509766e-01,-2.300688773393630981e-01,0.000000000000000000e+00
-4.583910107612609863e-02,-2.372988611459732056e-01,1.639366149902343750e-01,-6.453204154968261719e-02,-8.148980736732482910e-01,5.760006308555603027e-01,0.000000000000000000e+00
-8.461253345012664795e-02,-1.635906845331192017e-01,2.230805009603500366e-01,-4.827847480773925781e-01,-4.996802210807800293e-01,7.191929817199707031e-01,0.000000000000000000e+00
2.412161231040954590e-01,1.616157032549381256e-02,1.517365872859954834e-01,8.245701789855957031e-01,1.163044422864913940e-01,5.536761879920959473e-01,0.000000000000000000e+00
-4.126014187932014465e-03,2.278313785791397095e-01,-1.783876121044158936e-01,-1.418551709502935410e-02,8.786303997039794922e-01,-4.772916734218597412e-01,0.000000000000000000e+00
-1.063760071992874146e-01,-2.670168578624725342e-01,-4.940411075949668884e-02,-4.428457915782928467e-01,-8.826887011528015137e-01,-1.573157459497451782e-01,0.000000000000000000e+00
-9.403730928897857666e-02,2.230985462665557861e-01,-1.593908518552780151e-01,-3.571957051753997803e-01,7.656557559967041016e-01,-5.349602699279785156e-01,0.000000000000000000e+00
-4.719189554452896118e-02,-2.846498787403106689e-01,3.927661478519439697e-02,-2.912759780883789062e-01,-9.557124376296997070e-01,4.209496825933456421e-02,0.000000000000000000e+00
-9.850270301103591919e-02,-8.711182326078414917e-02,-2.512211501598358154e-01,-2.421570867300033569e-01,-2.453723400831222534e-01,-9.386971592903137207e-01,0.000000000000000000e+00
-2.272843867540359497e-01,1.513971984386444092e-01,-1.021796688437461853e-01,-7.392196059226989746e-01,5.517441034317016602e-01,-3.861771821975708008e-01,0.000000000000000000e+00
5.954682081937789917e-02,2.719089984893798828e-01,-4.486804828047752380e-02,3.295859694480895996e-01,9.438577890396118164e-01,-2.248354442417621613e-02,0.000000000000000000e+00
1.435934156179428101e-01,-2.434298768639564514e-02,-2.461837828159332275e-01,5.879945755004882812e-01,-4.888537153601646423e-02,-8.073862791061401367e-01,0.000000000000000000e+00
2.524284720420837402e-01,9.331621974706649780e-02,9.334529936313629150e-02,9.073527455329895020e-01,2.957067191600799561e-01,2.987783551216125488e-01,0.000000000000000000e+00
-1.613724678754806519e-01,-1.865083724260330200e-01,1.573419421911239624e-01,-5.053192377090454102e-01,-6.772260665893554688e-01,5.348058938980102539e-01,0.000000000000000000e+00
2.027052082121372223e-02,-1.501372754573822021e-01,2.485644668340682983e-01,1.006890833377838135e-01,-5.061055421829223633e-01,8.565739393234252930e-01,0.000000000000000000e+00
2.130828797817230225e-01,1.837761998176574707e-01,-5.292249098420143127e-02,7.820709347724914551e-01,5.951397418975830078e-01,-1.848613917827606201e-01,0.000000000000000000e+00
-1.591682881116867065e-01,2.387844324111938477e-01,-5.682864785194396973e-02,-5.015204548835754395e-01,8.617760539054870605e-01,-7.628384232521057129e-02,0.000000000000000000e+00
-2.948185615241527557e-02,3.419115673750638962e-03,-2.874202132225036621e-01,-7.194960117340087891e-02,2.423280291259288788e-02,-9.971138238906860352e-01,0.000000000000000000e+00
1.112115606665611267e-01,-1.806661188602447510e-01,-1.932492405176162720e-01,4.160347580909729004e-01,-6.203442811965942383e-01,-6.648970246315002441e-01,0.000000000000000000e+00
1.292656958103179932e-01,-2.059717774391174316e-01,1.554833948612213135e-01,4.744048714637756348e-01,-6.838864684104919434e-01,5.542917847633361816e-01,0.000000000000000000e+00
-1.323421299457550049e-01,2.588176429271697998e-01,2.858112100511789322e-03,-4.568443596363067627e-01,8.895276784896850586e-01,5.804101470857858658e-03,0.000000000000000000e+00
1.592270135879516602e-01,2.326256781816482544e-01,4.510788619518280029e-02,6.066988706588745117e-01,7.867568731307983398e-01,1.137103661894798279e-01,0.000000000000000000e+00
-2.164091020822525024e-01,-1.578628122806549072e-01,1.212468594312667847e-01,-6.884475350379943848e-01,-5.358454585075378418e-01,4.887838065624237061e-01,0.000000000000000000e+00
1.781762242317199707e-01,-2.233925014734268188e-01,2.908734977245330811e-02,6.221334934234619141e-01,-7.766211032867431641e-01,9.904298931360244751e-02,0.000000000000000000e+00
1.726217120885848999e-01,-2.273841798305511475e-01,2.755681052803993225e-02,5.508841276168823242e-01,-8.330829143524169922e-01,4.999558255076408386e-02,0.000000000000000000e+00
-1.727599091827869415e-02,-2.299495488405227661e-01,1.805476397275924683e-01,-1.094924882054328918e-01,-7.807919383049011230e-01,6.151221990585327148e-01,0.000000000000000000e+00
-2.021371275186538696e-01,2.059456706047058105e-01,2.186030894517898560e-02,-8.149772882461547852e-01,5.414686203002929688e-01,2.064552605152130127e-01,0.000000000000000000e+00
2.241454320028424263e-03,-2.128171622753143311e-01,-1.946066915988922119e-01,-6.628800183534622192e-02,-7.891348004341125488e-01,-6.106325984001159668e-01,0.000000000000000000e+00
7.285120338201522827e-02,-4.210004210472106934e-02,2.693620026111602783e-01,2.925494015216827393e-01,-1.581035405397415161e-01,9.430896639823913574e-01,0.000000000000000000e+00
-2.129039466381072998e-01,-5.284215882420539856e-02,1.932274848222732544e-01,-7.377220392227172852e-01,-2.221970260143280029e-01,6.374909281730651855e-01,0.000000000000000000e+00
1.577658355236053467e-01,-6.579416804015636444e-03,2.363256365060806274e-01,5.113958716392517090e-01,-2.342105805873870850e-01,8.268129825592041016e-01,0.000000000000000000e+00
1.213976815342903137e-01,2.032973915338516235e-01,-1.625190228223800659e-01,4.460926055908203125e-01,7.441413998603820801e-01,-4.972473978996276855e-01,0.000000000000000000e+00
1.510695517063140869e-01,2.429871261119842529e-01,-3.364282473921775818e-02,5.797020196914672852e-01,8.003125190734863281e-01,-1.531191617250442505e-01,0.000000000000000000e+00
1.922587864100933075e-02,-2.853873968124389648e-01,-5.913000926375389099e-02,2.614044956862926483e-02,-9.733495712280273438e-01,-2.278317958116531372e-01,0.000000000000000000e+00
-1.270049065351486206e-01,-2.635283023118972778e-02,2.614541053771972656e-01,-4.109293818473815918e-01,-7.803477346897125244e-02,9.083213210105895996e-01,0.000000000000000000e+00
-6.797496229410171509e-02,6.844039261341094971e-02,-2.718751728534698486e-01,-2.705169022083282471e-01,2.338361442089080811e-01,-9.338850378990173340e-01,0.000000000000000000e+00
-2.800467312335968018e-01,-7.655441761016845703e-02,2.516633132472634315e-03,-9.581276774406433105e-01,-2.736163139343261719e-01,8.441270887851715088e-02,0.000000000000000000e+00
-2.686283290386199951e-01,-1.170059666037559509e-02,-1.164962798357009888e-01,-9.088532328605651855e-01,-6.782922893762588501e-02,-4.115640223026275635e-01,0.000000000000000000e+00
4.066393524408340454e-02,1.811502128839492798e-01,-2.206531614065170288e-01,1.912632733583450317e-01,5.673142671585083008e-01,-8.009824156761169434e-01,0.000000000000000000e+00
-1.282171458005905151e-01,1.681414842605590820e-01,-1.991873085498809814e-01,-3.750330805778503418e-01,6.081279516220092773e-01,-6.996646523475646973e-01,0.000000000000000000e+00
2.666333615779876709e-01,8.805258572101593018e-02,-5.418499931693077087e-02,9.542076587677001953e-01,2.421976923942565918e-01,-1.755792349576950073e-01,0.000000000000000000e+00
1.629298776388168335e-01,-1.105859316885471344e-02,2.314099520444869995e-01,5.681409239768981934e-01,-2.721239030361175537e-01,7.766366004943847656e-01,0.000000000000000000e+00
-7.891066372394561768e-02,1.517086029052734375e-01,-2.355796694755554199e-01,-2.766959369182586670e-01,4.923005700111389160e-01,-8.252754211425781250e-01,0.000000000000000000e+00
1.165622398257255554e-01,2.198657989501953125e-01,1.448258161544799805e-01,3.843014538288116455e-01,7.359976172447204590e-01,5.573328733444213867e-01,0.000000000000000000e+00
-3.884832561016082764e-02,-2.894828617572784424e-01,1.673046872019767761e-02,-2.510461211204528809e-01,-9.655125737190246582e-01,6.900262087583541870e-02,0.000000000000000000e+00
1.521031856536865234e-01,-2.163086384534835815e-01,-1.060557961463928223e-01,5.141595005989074707e-01,-6.411378383636474609e-01,-5.697212219238281250e-01,0.000000000000000000e+00
-2.153462171554565430e-01,-1.075293198227882385e-01,-1.653829813003540039e-01,-7.426422238349914551e-01,-3.783006072044372559e-01,-5.526040196418762207e-01,0.000000000000000000e+00
2.598367035388946533e-01,-3.092201240360736847e-02,-1.142620146274566650e-01,8.878889083862304688e-01,-1.114571243524551392e-01,-4.463525414466857910e-01,0.000000000000000000e+00
1.497129648923873901e-01,1.563739031553268433e-02,-2.442049980163574219e-01,4.267130494117736816e-01,1.278618574142456055e-01,-8.953029513359069824e-01,0.000000000000000000e+00
1.155174225568771362e-01,3.882721532136201859e-03,2.635492980480194092e-01,3.166217207908630371e-01,-6.371294707059860229e-02,9.464097023010253906e-01,0.000000000000000000e+00
-1.147593408823013306e-01,1.518986672163009644e-01,2.210383117198944092e-01,-3.757689297199249268e-01,4.994459152221679688e-01,7.806096673011779785e-01,0.000000000000000000e+00
-1.360156238079071045e-01,-1.851055584847927094e-02,2.577227354049682617e-01,-3.966240584850311279e-01,-1.816254807636141777e-03,9.179793596267700195e-01,0.000000000000000000e+00
-4.840248078107833862e-02,-1.681091785430908203e-01,2.333291769027709961e-01,-2.008482962846755981e-01,-5.147899985313415527e-01,8.334573507308959961e-01,0.000000000000000000e+00
-2.474061697721481323e-01,-9.840695559978485107e-02,-1.215037032961845398e-01,-8.144931197166442871e-01,-3.793224096298217773e-01,-4.389937222003936768e-01,0.000000000000000000e+00
-1.205804869532585144e-01,2.611885368824005127e-01,-3.478219360113143921e-02,-4.120892286300659180e-01,9.049249291419982910e-01,-1.062700673937797546e-01,0.000000000000000000e+00
-9.996509179472923279e-03,-7.407248765230178833e-02,-2.801749110221862793e-01,-1.862701401114463806e-02,-3.151783645153045654e-01,-9.488496184349060059e-01,0.000000000000000000e+00
2.588379681110382080e-01,-1.045898571610450745e-01,6.304220855236053467e-02,8.873948454856872559e-01,-3.489420413970947266e-01,3.012802600860595703e-01,0.000000000000000000e+00
-1.633319258689880371e-01,-7.026071846485137939e-02,-2.291325181722640991e-01,-4.900221228599548340e-01,-2.795308232307434082e-01,-8.256760239601135254e-01,0.000000000000000000e+00
4.512124881148338318e-02,-2.302414178848266602e-01,-1.706658005714416504e-01,1.505536437034606934e-01,-7.850545048713684082e-01,-6.008518934249877930e-01,0.000000000000000000e+00
7.219273597002029419e-02,1.292920559644699097e-01,2.485438734292984009e-01,3.102477490901947021e-01,4.935429692268371582e-01,8.125033378601074219e-01,0.000000000000000000e+00
1.857214719057083130e-01,-2.168906033039093018e-01,3.013081103563308716e-02,6.749062538146972656e-01,-7.190680503845214844e-01,1.656583398580551147e-01,0.000000000000000000e+00
-8.657347410917282104e-02,-6.249450519680976868e-02,-2.678464949131011963e-01,-4.301207661628723145e-01,-2.425180971622467041e-01,-8.695867657661437988e-01,0.000000000000000000e+00
1.197871938347816467e-01,1.681894659996032715e-01,1.988277286291122437e-01,4.221379160881042480e-01,6.442917585372924805e-01,6.377207636833190918e-01,0.000000000000000000e+00
1.715018898248672485e-01,1.717685908079147339e-01,1.507740467786788940e-01,6.232473850250244141e-01,6.313943266868591309e-01,4.614150822162628174e-01,0.000000000000000000e+00
-1.410761922597885132e-01,-9.484853595495223999e-02,2.396842539310455322e-01,-4.601306319236755371e-01,-4.309040606021881104e-01,7.762740850448608398e-01,0.000000000000000000e+00
2.785018682479858398e-01,-5.604679137468338013e-02,-2.501840144395828247e-02,9.929110407829284668e-01,-5.306685715913772583e-02,-1.063559204339981079e-01,0.000000000000000000e+00
-1.901400983333587646e-01,-7.286379486322402954e-02,2.106655240058898926e-01,-6.655801534652709961e-01,-1.889219582080841064e-01,7.220190763473510742e-01,0.000000000000000000e+00
-1.843415349721908569e-01,1.565125882625579834e-01,-1.601603329181671143e-01,-6.785149574279785156e-01,5.295861959457397461e-01,-5.090735554695129395e-01,0.000000000000000000e+00
-9.700704365968704224e-02,1.440248191356658936e-01,-2.339863628149032593e-01,-3.652488887310028076e-01,4.094287455081939697e-01,-8.360390663146972656e-01,0.000000000000000000e+00
-1.319160014390945435e-01,2.524819672107696533e-01,4.305766895413398743e-02,-3.793755173683166504e-01,8.427267074584960938e-01,3.819500803947448730e-01,0.000000000000000000e+00
1.040571108460426331e-01,-1.985729783773422241e-01,1.818508505821228027e-01,2.178425192832946777e-01,-6.906896829605102539e-01,6.895595788955688477e-01,0.000000000000000000e+00
-8.021248131990432739e-02,8.531384915113449097e-02,2.666012942790985107e-01,-2.917926311492919922e-01,2.532270550727844238e-01,9.223519563674926758e-01,0.000000000000000000e+00
1.163957491517066956e-01,1.505479961633682251e-01,-2.157381623983383179e-01,4.195830225944519043e-01,5.076351165771484375e-01,-7.525002360343933105e-01,0.000000000000000000e+00
2.736621797084808350e-01,5.660939216613769531e-02,-5.063438415527343750e-02,9.726549983024597168e-01,1.738974452018737793e-01,-1.539543122053146362e-01,0.000000000000000000e+00
2.425985783338546753e-02,2.190227210521697998e-01,1.865978688001632690e-01,9.292850643396377563e-02,7.328184247016906738e-01,6.740485429763793945e-01,0.000000000000000000e+00
-2.685534358024597168e-01,-5.153102800250053406e-02,1.016553491353988647e-01,-9.143917560577392578e-01,-2.024488598108291626e-01,3.505740463733673096e-01,0.000000000000000000e+00
1.843347214162349701e-02,-6.567404419183731079e-02,-2.809256613254547119e-01,7.883332669734954834e-02,-2.770681083202362061e-01,-9.576108455657958984e-01,0.000000000000000000e+00
1.932054013013839722e-01,1.888435781002044678e-01,9.321877360343933105e-02,7.332956790924072266e-01,6.214077472686767578e-01,2.759163379669189453e-01,0.000000000000000000e+00
-1.596605926752090454e-01,1.662455797195434570e-01,1.808290779590606689e-01,-5.305019617080688477e-01,5.969139337539672852e-01,6.018815636634826660e-01,0.000000000000000000e+00
2.647052109241485596e-01,-2.333603426814079285e-02,-1.027042865753173828e-01,9.375436305999755859e-01,5.126654729247093201e-02,-3.440692722797393799e-01,0.000000000000000000e+00
9.890824556350708008e-03,-9.038560837507247925e-02,2.737556993961334229e-01,1.658621132373809814e-01,-1.569930911064147949e-01,9.735722541809082031e-01,0.000000000000000000e+00
-1.140761747956275940e-01,-1.141261775046586990e-02,-2.657727599143981934e-01,-3.501858711242675781e-01,-7.802177965641021729e-02,-9.334251284599304199e-01,0.000000000000000000e+00
-5.753048136830329895e-02,-2.348381876945495605e-01,1.648833453655242920e-01,-1.661666929721832275e-01,-7.917987108230590820e-01,5.877443552017211914e-01,0.000000000000000000e+00
2.269528247416019440e-02,-2.643417418003082275e-01,1.172710359096527100e-01,9.724420309066772461e-02,-9.098808169364929199e-01,4.033118784427642822e-01,0.000000000000000000e+00
-2.831228077411651611e-01,-3.548659011721611023e-02,5.569633468985557556e-02,-9.679054021835327148e-01,-1.355896294116973877e-01,2.116001546382904053e-01,0.000000000000000000e+00
9.182842820882797241e-02,-1.139730215072631836e-01,-2.478628456592559814e-01,3.384426832199096680e-01,-3.711369931697845459e-01,-8.647044897079467773e-01,0.000000000000000000e+00
1.829630136489868164e-01,-1.316554993391036987e-01,-1.751722693443298340e-01,6.472395062446594238e-01,-4.773256778717041016e-01,-5.943409800529479980e-01,0.000000000000000000e+00
2.804066538810729980e-01,3.730578720569610596e-02,-1.482055149972438812e-02,9.894353151321411133e-01,1.393200755119323730e-01,-4.009622335433959961e-02,0.000000000000000000e+00
-2.300993353128433228e-01,-2.812314219772815704e-02,-1.785082519054412842e-01,-8.235164284706115723e-01,-5.992328003048896790e-02,-5.641186237335205078e-01,0.000000000000000000e+00
-1.486432701349258423e-01,-6.129600107669830322e-02,2.459665834903717041e-01,-5.746008157730102539e-01,-2.277063876390457153e-01,7.861194014549255371e-01,0.000000000000000000e+00
6.309835240244865417e-03,6.199148297309875488e-02,2.836034893989562988e-01,4.975653067231178284e-02,1.560791134834289551e-01,9.864905476570129395e-01,0.000000000000000000e+00
5.093737319111824036e-02,-1.923564970493316650e-01,-2.090983986854553223e-01,2.306860238313674927e-01,-6.279832124710083008e-01,-7.432503104209899902e-01,0.000000000000000000e+00
2.501337230205535889e-01,1.040218323469161987e-01,9.035126119852066040e-02,8.709758520126342773e-01,3.577088117599487305e-01,3.368166387081146240e-01,0.000000000000000000e+00
-2.597551941871643066e-01,-7.845216989517211914e-02,-1.103239580988883972e-01,-8.830466866493225098e-01,-2.775357663631439209e-01,-3.784210383892059326e-01,0.000000000000000000e+00
-1.800540536642074585e-01,2.109439522027969360e-01,8.725354820489883423e-02,-5.897908806800842285e-01,7.755826115608215332e-01,2.249853312969207764e-01,0.000000000000000000e+00
-7.390110939741134644e-02,2.505577802658081055e-01,-1.266579180955886841e-01,-2.777196168899536133e-01,8.502528071403503418e-01,-4.471486806869506836e-01,0.000000000000000000e+00
1.939992606639862061e-01,-6.219356879591941833e-02,-2.010266035795211792e-01,5.629310607910156250e-01,-3.579771816730499268e-01,-7.449570298194885254e-01,0.000000000000000000e+00
2.516157925128936768e-01,-5.393033474683761597e-02,1.091465204954147339e-01,8.729226589202880859e-01,-2.513034939765930176e-01,4.181537628173828125e-01,0.000000000000000000e+00
-2.543612755835056305e-02,2.797783911228179932e-01,-6.008486449718475342e-02,-4.166012629866600037e-02,9.829865097999572754e-01,-1.788908094167709351e-01,0.000000000000000000e+00
-2.676261365413665771e-01,-4.575275629758834839e-02,-1.088071241974830627e-01,-9.032956361770629883e-01,-1.635589450597763062e-01,-3.966175317764282227e-01,0.000000000000000000e+00
7.028587907552719116e-02,2.606863379478454590e-01,1.004552468657493591e-01,2.400373965501785278e-01,9.112832546234130859e-01,3.345815837383270264e-01,0.000000000000000000e+00
-3.256256878376007080e-02,2.553369402885437012e-01,-1.320905685424804688e-01,-7.483723759651184082e-02,8.869609236717224121e-01,-4.557408392429351807e-01,0.000000000000000000e+00
2.180195301771163940e-01,-1.856861114501953125e-01,-1.034829486161470413e-02,7.178094387054443359e-01,-6.960678100585937500e-01,-1.546853408217430115e-02,0.000000000000000000e+00
2.748812139034271240e-01,-4.601662978529930115e-02,-6.897640973329544067e-02,9.404941201210021973e-01,-1.310651600360870361e-01,-3.135167360305786133e-01,0.000000000000000000e+00
3.481993451714515686e-02,-2.679412662982940674e-01,-1.094041988253593445e-01,9.478878229856491089e-02,-9.355160593986511230e-01,-3.403304219245910645e-01,0.000000000000000000e+00
-2.079296484589576721e-02,2.531407773494720459e-01,-1.384350508451461792e-01,-8.624221198260784149e-03,8.846003413200378418e-01,-4.662700891494750977e-01,0.000000000000000000e+00
-1.959532201290130615e-01,2.040613740682601929e-01,4.376199096441268921e-02,-9.699612259864807129e-01,2.185412943363189697e-01,1.068405210971832275e-01,0.000000000000000000e+00
-1.466406285762786865e-01,-2.072891145944595337e-01,-1.437079310417175293e-01,-5.520728230476379395e-01,-6.376785635948181152e-01,-5.371979475021362305e-01,0.000000000000000000e+00
2.074112743139266968e-01,-7.655285298824310303e-02,-1.808146387338638306e-01,6.612333655357360840e-01,-3.735911548137664795e-01,-6.505383253097534180e-01,0.000000000000000000e+00
-3.828965499997138977e-02,7.405315525829792023e-03,-2.863596379756927490e-01,-1.905485987663269043e-01,3.353083878755569458e-02,-9.811049699783325195e-01,0.000000000000000000e+00
-8.801674097776412964e-02,2.599155902862548828e-01,7.681296020746231079e-02,-3.402242064476013184e-01,9.396989345550537109e-01,3.483352065086364746e-02,0.000000000000000000e+00
3.763115964829921722e-03,1.776275485754013062e-01,2.278911620378494263e-01,8.958849310874938965e-02,6.259847283363342285e-01,7.746722102165222168e-01,0.000000000000000000e+00
-7.167453318834304810e-02,-1.247024610638618469e-01,2.473320662975311279e-01,-2.572563290596008301e-01,-3.871314227581024170e-01,8.854086399078369141e-01,0.000000000000000000e+00
-1.616510301828384399e-01,1.427689492702484131e-01,-1.931662112474441528e-01,-5.819138288497924805e-01,4.939295649528503418e-01,-6.460726261138916016e-01,0.000000000000000000e+00
2.790503501892089844e-01,3.190161660313606262e-02,4.200284928083419800e-02,9.885149002075195312e-01,1.421647369861602783e-01,5.125859007239341736e-02,0.000000000000000000e+00
-1.986026205122470856e-02,-4.431208595633506775e-02,-2.852388620376586914e-01,-9.182135015726089478e-02,-1.094354540109634399e-01,-9.897437691688537598e-01,0.000000000000000000e+00
-2.791580259799957275e-01,-8.104329556226730347e-02,-2.571555785834789276e-03,-9.493414759635925293e-01,-3.133544027805328369e-01,2.365940436720848083e-02,0.000000000000000000e+00
-2.895648181438446045e-01,4.240864142775535583e-02,-2.102344110608100891e-02,-9.936032295227050781e-01,1.004299744963645935e-01,-5.163718014955520630e-02,0.000000000000000000e+00
-2.790129184722900391e-01,5.315306782722473145e-02,-6.907272338867187500e-02,-9.464585185050964355e-01,2.331177145242691040e-01,-2.233211994171142578e-01,0.000000000000000000e+00
-2.659653425216674805e-01,-4.827707633376121521e-02,-1.113486215472221375e-01,-8.911375999450683594e-01,-1.903488188982009888e-01,-4.118751585483551025e-01,0.000000000000000000e+00
-1.700461655855178833e-01,4.767334088683128357e-02,-2.324280887842178345e-01,-4.647588729858398438e-01,1.390155851840972900e-01,-8.744563460350036621e-01,0.000000000000000000e+00
-5.212095007300376892e-02,-2.464793771505355835e-01,-1.420773416757583618e-01,-6.260350346565246582e-02,-8.407495617866516113e-01,-5.377926826477050781e-01,0.000000000000000000e+00
2.184730619192123413e-01,-1.218553334474563599e-01,-1.409603506326675415e-01,7.633315920829772949e-01,-3.406879305839538574e-01,-5.488684773445129395e-01,0.000000000000000000e+00
-2.665841281414031982e-01,-5.357879772782325745e-02,1.058140620589256287e-01,-9.354860782623291016e-01,-1.735539138317108154e-01,3.078064918518066406e-01,0.000000000000000000e+00
-1.645611673593521118e-01,2.198517918586730957e-01,9.297324717044830322e-02,-4.828182160854339600e-01,8.373592495918273926e-01,2.563515007495880127e-01,0.000000000000000000e+00
-2.626067996025085449e-01,-1.052801907062530518e-01,6.879708170890808105e-02,-9.175687432289123535e-01,-3.373771011829376221e-01,2.103431820869445801e-01,0.000000000000000000e+00
1.387430280447006226e-01,-2.506320178508758545e-01,1.564516127109527588e-02,4.628978371620178223e-01,-8.852487206459045410e-01,4.539005458354949951e-02,0.000000000000000000e+00
-1.831336915493011475e-01,-6.608506292104721069e-02,-2.166945040225982666e-01,-6.374440789222717285e-01,-2.332743853330612183e-01,-7.343351244926452637e-01,0.000000000000000000e+00
-5.606528371572494507e-02,-2.603299617767333984e-01,1.231821700930595398e-01,-1.309204548597335815e-01,-9.190101623535156250e-01,3.718604147434234619e-01,0.000000000000000000e+00
-5.949819833040237427e-02,4.865883290767669678e-02,-2.785744071006774902e-01,-2.036353051662445068e-01,1.432767212390899658e-01,-9.685062766075134277e-01,0.000000000000000000e+00
-2.468779124319553375e-02,2.810022234916687012e-01,2.912447974085807800e-02,-1.975012011826038361e-02,9.566571116447448730e-01,2.905461490154266357e-01,0.000000000000000000e+00
-9.385885298252105713e-02,-1.295265704393386841e-01,-2.389205247163772583e-01,-1.760089248418807983e-01,-3.392171561717987061e-01,-9.240955710411071777e-01,0.000000000000000000e+00
-1.318033933639526367e-01,-2.619274333119392395e-02,-2.517862319946289062e-01,-5.557533502578735352e-01,-2.444722652435302734e-01,-7.945889234542846680e-01,0.000000000000000000e+00
1.366303563117980957e-01,1.292923390865325928e-01,2.174633294343948364e-01,5.694117546081542969e-01,3.977324962615966797e-01,7.194297313690185547e-01,0.000000000000000000e+00
2.547413706779479980e-01,1.241419166326522827e-01,-3.480689972639083862e-02,8.922981023788452148e-01,4.167983233928680420e-01,-1.734451651573181152e-01,0.000000000000000000e+00
-3.808291628956794739e-02,-2.304679155349731445e-01,1.746143847703933716e-01,-1.562404781579971313e-01,-8.092349171638488770e-01,5.663283467292785645e-01,0.000000000000000000e+00
-1.635063439607620239e-02,1.937457323074340820e-01,-2.146652489900588989e-01,-6.260492652654647827e-02,6.697115302085876465e-01,-7.399777770042419434e-01,0.000000000000000000e+00
2.681450843811035156e-01,-8.217096328735351562e-02,-6.087490543723106384e-02,9.487435221672058105e-01,-2.607062160968780518e-01,-1.786560863256454468e-01,0.000000000000000000e+00
1.414740681648254395e-01,2.385938763618469238e-01,7.105435431003570557e-02,4.745503664016723633e-01,8.435618877410888672e-01,2.514066398143768311e-01,0.000000000000000000e+00
3.833016380667686462e-02,1.842795312404632568e-01,2.176956385374069214e-01,1.373617947101593018e-01,6.299116015434265137e-01,7.644233703613281250e-01,0.000000000000000000e+00
-6.108644604682922363e-02,4.234546422958374023e-02,-2.791744470596313477e-01,-2.036353051662445068e-01,1.432767212390899658e-01,-9.685062766075134277e-01,0.000000000000000000e+00
-2.637080848217010498e-01,2.519798465073108673e-02,1.239874362945556641e-01,-9.195325970649719238e-01,7.763539999723434448e-02,3.852694034576416016e-01,0.000000000000000000e+00
-6.477361079305410385e-03,-2.929447889328002930e-01,4.723938647657632828e-03,-6.968440022319555283e-03,-9.999437332153320312e-01,-7.996845059096813202e-03,0.000000000000000000e+00
-1.582971513271331787e-01,-2.160299867391586304e-01,-1.157268136739730835e-01,-5.619300007820129395e-01,-7.368807792663574219e-01,-3.758209943771362305e-01,0.000000000000000000e+00
-1.855089664459228516e-01,2.256673723459243774e-01,-1.553825940936803818e-02,-6.342536211013793945e-01,7.688153386116027832e-01,-8.151882886886596680e-02,0.000000000000000000e+00
-1.290114521980285645e-01,2.309342175722122192e-01,-1.212145388126373291e-01,-4.501398801803588867e-01,7.987143993377685547e-01,-3.992861211299896240e-01,0.000000000000000000e+00
2.134751081466674805e-01,6.134548410773277283e-02,-1.786548048257827759e-01,7.572207450866699219e-01,2.140902131795883179e-01,-6.170755028724670410e-01,0.000000000000000000e+00
-1.856193691492080688e-02,2.790885269641876221e-01,-6.466852873563766479e-02,-4.209526628255844116e-02,9.752396941184997559e-01,-2.171072512865066528e-01,0.000000000000000000e+00
-2.269748002290725708e-01,1.809280216693878174e-01,-1.760809123516082764e-02,-7.952866554260253906e-01,6.039921641349792480e-01,-5.208320170640945435e-02,0.000000000000000000e+00
-1.095595359802246094e-01,2.678030431270599365e-01,1.391837000846862793e-02,-3.156389594078063965e-01,9.482362270355224609e-01,3.493063896894454956e-02,0.000000000000000000e+00
-2.273800224065780640e-01,6.885917484760284424e-02,1.701486557722091675e-01,-8.024613261222839355e-01,2.573469281196594238e-01,5.383571386337280273e-01,0.000000000000000000e+00
-9.206458926200866699e-02,-1.157093420624732971e-01,-2.438917458057403564e-01,-1.127986311912536621e-01,-3.051564693450927734e-01,-9.455982446670532227e-01,0.000000000000000000e+00
-2.323279380798339844e-01,-6.350092589855194092e-02,1.658677011728286743e-01,-7.832672595977783203e-01,-1.723265945911407471e-01,5.973240137100219727e-01,0.000000000000000000e+00
-1.937616020441055298e-01,-9.591973572969436646e-02,-1.965592056512832642e-01,-6.265131235122680664e-01,-2.539078593254089355e-01,-7.368935346603393555e-01,0.000000000000000000e+00
-1.190339028835296631e-01,-2.232959419488906860e-01,-1.449443101882934570e-01,-4.047312140464782715e-01,-7.060341835021972656e-01,-5.811268091201782227e-01,0.000000000000000000e+00
-1.088610514998435974e-01,2.356393188238143921e-01,1.330381333827972412e-01,-3.711919784545898438e-01,8.006702661514282227e-01,4.702591598033905029e-01,0.000000000000000000e+00
2.769993841648101807e-01,-3.776275366544723511e-02,1.098750042729079723e-03,9.957302808761596680e-01,-9.065108746290206909e-02,1.742337271571159363e-02,0.000000000000000000e+00
2.554115056991577148e-01,9.581666439771652222e-02,-8.392675220966339111e-02,9.058270454406738281e-01,2.937987744808197021e-01,-3.052205741405487061e-01,0.000000000000000000e+00
-1.536678671836853027e-01,-1.803231090307235718e-01,1.714083999395370483e-01,-5.085912942886352539e-01,-6.869424581527709961e-01,5.190808773040771484e-01,0.000000000000000000e+00
-1.097356006503105164e-01,-1.091597154736518860e-01,-2.431259602308273315e-01,-2.771705090999603271e-01,-3.096950352191925049e-01,-9.095413684844970703e-01,0.000000000000000000e+00
7.954473048448562622e-02,2.430075556039810181e-01,1.339004784822463989e-01,2.504101991653442383e-01,8.135623931884765625e-01,5.247961878776550293e-01,0.000000000000000000e+00
-6.189417466521263123e-02,-2.649089097976684570e-01,-1.017246022820472717e-01,-9.855412691831588745e-02,-8.916922807693481445e-01,-4.417826533317565918e-01,0.000000000000000000e+00
-1.540566533803939819e-01,-4.321379587054252625e-02,2.458973228931427002e-01,-4.519928097724914551e-01,-9.088604152202606201e-02,8.873794078826904297e-01,0.000000000000000000e+00
-2.897945642471313477e-01,3.623356670141220093e-02,-3.574530035257339478e-02,-9.802710413932800293e-01,1.151397824287414551e-01,-1.606595218181610107e-01,0.000000000000000000e+00
1.629350334405899048e-01,-2.279513776302337646e-01,6.481868773698806763e-02,5.674093961715698242e-01,-7.747529745101928711e-01,2.789344191551208496e-01,0.000000000000000000e+00
2.782320678234100342e-01,-1.846382394433021545e-02,-2.163849398493766785e-02,9.855470657348632812e-01,-9.784559905529022217e-02,-1.382867693901062012e-01,0.000000000000000000e+00
-6.620215624570846558e-02,-3.274557879194617271e-03,-2.820212543010711670e-01,-1.744647324085235596e-01,5.266799125820398331e-03,-9.846493601799011230e-01,0.000000000000000000e+00
-2.373558655381202698e-02,8.052940480411052704e-03,2.901705205440521240e-01,-2.097549103200435638e-02,2.452423423528671265e-02,9.994791746139526367e-01,0.000000000000000000e+00
2.349448762834072113e-02,2.758166790008544922e-01,-7.743865996599197388e-02,5.203374102711677551e-02,9.662526249885559082e-01,-2.522863447666168213e-01,0.000000000000000000e+00
1.140314117074012756e-01,-1.219216063618659973e-01,-2.340126037597656250e-01,4.369598925113677979e-01,-4.124770462512969971e-01,-7.993301749229431152e-01,0.000000000000000000e+00
2.490637898445129395e-01,-8.046251535415649414e-02,1.121718958020210266e-01,8.828816413879394531e-01,-1.557964682579040527e-01,4.429982602596282959e-01,0.000000000000000000e+00
2.107190638780593872e-01,-1.213417276740074158e-01,1.518846601247787476e-01,7.496891021728515625e-01,-4.387170970439910889e-01,4.954730272293090820e-01,0.000000000000000000e+00
1.383438557386398315e-01,2.518287003040313721e-01,-1.129032112658023834e-02,4.916483163833618164e-01,8.665623664855957031e-01,-8.574166148900985718e-02,0.000000000000000000e+00
-2.425710409879684448e-01,1.446721255779266357e-01,7.729930430650711060e-02,-8.573736548423767090e-01,4.678275883197784424e-01,2.145872861146926880e-01,0.000000000000000000e+00
1.580885946750640869e-01,2.266710810363292694e-02,2.395850867033004761e-01,5.925844311714172363e-01,5.646917503327131271e-03,8.054885864257812500e-01,0.000000000000000000e+00
2.624468505382537842e-01,-2.426566556096076965e-02,-1.096119210124015808e-01,9.313861727714538574e-01,-4.309424012899398804e-02,-3.614729642868041992e-01,0.000000000000000000e+00
1.679530441761016846e-01,3.439867869019508362e-02,-2.305620759725570679e-01,7.369388937950134277e-01,8.669953793287277222e-02,-6.703762412071228027e-01,0.000000000000000000e+00
2.425076253712177277e-02,-2.118074297904968262e-01,1.973185837268829346e-01,8.545916527509689331e-02,-7.686366438865661621e-01,6.339514255523681641e-01,0.000000000000000000e+00
-2.636845409870147705e-01,5.624217167496681213e-02,-1.047760620713233948e-01,-7.463902235031127930e-01,4.699146747589111328e-01,-4.712555706501007080e-01,0.000000000000000000e+00
2.113185264170169830e-02,-1.431686878204345703e-01,-2.488605380058288574e-01,8.180172741413116455e-02,-4.880388081073760986e-01,-8.689802289009094238e-01,0.000000000000000000e+00
2.515893280506134033e-01,4.277075082063674927e-02,1.251482367515563965e-01,8.647705912590026855e-01,1.889020055532455444e-01,4.652825295925140381e-01,0.000000000000000000e+00
2.008539624512195587e-02,-2.795234024524688721e-01,-7.987646013498306274e-02,3.789237514138221741e-02,-9.555729031562805176e-01,-2.923091351985931396e-01,0.000000000000000000e+00
-4.038375616073608398e-02,2.636533677577972412e-01,-1.099272072315216064e-01,-1.351465880870819092e-01,9.118806123733520508e-01,-3.875682950019836426e-01,0.000000000000000000e+00
-8.134248852729797363e-02,-2.213108688592910767e-01,-1.694138795137405396e-01,-2.462961375713348389e-01,-7.552531361579895020e-01,-6.073968410491943359e-01,0.000000000000000000e+00
2.619381546974182129e-01,-1.167434155941009521e-01,1.478074700571596622e-03,9.160557389259338379e-01,-4.003190994262695312e-01,2.421671152114868164e-02,0.000000000000000000e+00
-1.334359049797058105e-01,2.336494177579879761e-01,-1.110463365912437439e-01,-4.378086924552917480e-01,7.831972837448120117e-01,-4.415037035942077637e-01,0.000000000000000000e+00
-1.888297200202941895e-01,9.460926800966262817e-02,2.027146220207214355e-01,-6.615463495254516602e-01,2.519310712814331055e-01,7.063194513320922852e-01,0.000000000000000000e+00
1.294638365507125854e-01,-1.633080095052719116e-01,-1.964209228754043579e-01,4.580146670341491699e-01,-5.955347418785095215e-01,-6.599704027175903320e-01,0.000000000000000000e+00
-7.592772692441940308e-02,-2.683308124542236328e-01,-8.454573899507522583e-02,-1.790874004364013672e-01,-9.606813788414001465e-01,-2.121767699718475342e-01,0.000000000000000000e+00
1.586699783802032471e-01,1.964503377676010132e-01,1.350763291120529175e-01,5.832957625389099121e-01,6.415895223617553711e-01,4.981254637241363525e-01,0.000000000000000000e+00
1.019470244646072388e-01,1.867409944534301758e-01,1.926927864551544189e-01,3.664849698543548584e-01,5.983992218971252441e-01,7.124655246734619141e-01,0.000000000000000000e+00
-1.101079955697059631e-01,4.307476431131362915e-02,-2.637900412082672119e-01,-3.954556882381439209e-01,1.668773591518402100e-01,-9.031980633735656738e-01,0.000000000000000000e+00
-1.195350140333175659e-01,2.140891999006271362e-01,1.570567041635513306e-01,-3.178695142269134521e-01,7.694793939590454102e-01,5.539498329162597656e-01,0.000000000000000000e+00
1.397501081228256226e-01,-2.432153075933456421e-01,6.588836759328842163e-02,5.182602405548095703e-01,-8.373598456382751465e-01,1.738816797733306885e-01,0.000000000000000000e+00
1.566506475210189819e-01,-1.965045742690563202e-02,2.329997867345809937e-01,5.314645171165466309e-01,-1.614296734333038330e-01,8.315563201904296875e-01,0.000000000000000000e+00
5.003263056278228760e-02,-2.827281653881072998e-01,5.008511245250701904e-02,2.063213586807250977e-01,-9.652941226959228516e-01,1.601212322711944580e-01,0.000000000000000000e+00
2.463587075471878052e-01,1.176399886608123779e-01,8.279436826705932617e-02,8.545551300048828125e-01,4.900387525558471680e-01,1.720395237207412720e-01,0.000000000000000000e+00
8.468908816576004028e-02,2.571346163749694824e-01,-8.302282541990280151e-02,4.872991442680358887e-01,8.692324757575988770e-01,-8.351302146911621094e-02,0.000000000000000000e+00
1.597784459590911865e-02,-2.892479896545410156e-01,-4.267791658639907837e-02,5.430974066257476807e-02,-9.765038490295410156e-01,-2.085442990064620972e-01,0.000000000000000000e+00
7.782272249460220337e-02,-6.248900294303894043e-02,-2.695186138153076172e-01,2.656158208847045898e-01,-2.246002107858657837e-01,-9.375515580177307129e-01,0.000000000000000000e+00
-2.133501768112182617e-01,-1.481044292449951172e-01,1.368421465158462524e-01,-7.292322516441345215e-01,-4.929724037647247314e-01,4.745509028434753418e-01,0.000000000000000000e+00
2.801700830459594727e-01,3.308986127376556396e-02,-3.371050953865051270e-02,9.898735284805297852e-01,1.334025710821151733e-01,-4.851946979761123657e-02,0.000000000000000000e+00
2.606764435768127441e-01,-8.320296183228492737e-03,-1.158685758709907532e-01,9.493294358253479004e-01,-4.200530424714088440e-02,-3.114628791809082031e-01,0.000000000000000000e+00
9.279431402683258057e-02,1.863969117403030396e-01,1.973944157361984253e-01,3.109249770641326904e-01,6.276143193244934082e-01,7.137407660484313965e-01,0.000000000000000000e+00
1.661719530820846558e-01,1.777558326721191406e-01,1.498155593872070312e-01,6.113168597221374512e-01,6.002063155174255371e-01,5.157946348190307617e-01,0.000000000000000000e+00
1.286087185144424438e-01,-1.192644014954566956e-01,-2.270128726959228516e-01,5.760061144828796387e-01,-3.662152290344238281e-01,-7.308237552642822266e-01,0.000000000000000000e+00
-2.342195957899093628e-01,-1.706015318632125854e-01,2.658626064658164978e-02,-8.338953256607055664e-01,-5.398891568183898926e-01,1.146221831440925598e-01,0.000000000000000000e+00
-8.341986685991287231e-02,2.251853495836257935e-01,-1.623796969652175903e-01,-2.680247724056243896e-01,8.013210892677307129e-01,-5.348338484764099121e-01,0.000000000000000000e+00
-1.460143029689788818e-01,1.310830116271972656e-01,-2.134470045566558838e-01,-4.730396866798400879e-01,4.991045892238616943e-01,-7.260358333587646484e-01,0.000000000000000000e+00
2.621851675212383270e-02,-3.893581405282020569e-02,-2.851052880287170410e-01,6.111520528793334961e-02,-1.337835937738418579e-01,-9.891242980957031250e-01,0.000000000000000000e+00
8.140165358781814575e-02,-6.392799317836761475e-02,-2.681599259376525879e-01,2.656158208847045898e-01,-2.246002107858657837e-01,-9.375515580177307129e-01,0.000000000000000000e+00
2.281138002872467041e-01,-1.728167682886123657e-01,1.355220936238765717e-02,8.037951588630676270e-01,-5.936911702156066895e-01,3.800192475318908691e-02,0.000000000000000000e+00
-3.549956530332565308e-02,-2.463987171649932861e-01,-1.401877403259277344e-01,1.214537173509597778e-01,-8.418430089950561523e-01,-5.258796215057373047e-01,0.000000000000000000e+00
-4.526147618889808655e-02,8.583987504243850708e-02,-2.721025347709655762e-01,-1.220232173800468445e-01,2.322371006011962891e-01,-9.649747610092163086e-01,0.000000000000000000e+00
-4.160226508975028992e-02,2.689876854419708252e-01,-9.471538662910461426e-02,-1.399702280759811401e-01,9.481007456779479980e-01,-2.855054140090942383e-01,0.000000000000000000e+00
-3.318722173571586609e-02,1.280969232320785522e-01,-2.579993009567260742e-01,-2.292317710816860199e-02,4.672408401966094971e-01,-8.838328719139099121e-01,0.000000000000000000e+00
1.540440171957015991e-01,2.388979792594909668e-01,-4.493110626935958862e-02,5.772815346717834473e-01,8.090283274650573730e-01,-1.105405613780021667e-01,0.000000000000000000e+00
-7.128848880529403687e-02,1.670255511999130249e-01,2.275882661342620850e-01,-2.306653261184692383e-01,5.998790860176086426e-01,7.661191225051879883e-01,0.000000000000000000e+00
5.781071260571479797e-02,-2.501075863838195801e-01,1.300613284111022949e-01,2.107483148574829102e-01,-8.761494159698486328e-01,4.335289895534515381e-01,0.000000000000000000e+00
-2.647075057029724121e-01,1.126118227839469910e-01,4.985821619629859924e-02,-8.958568572998046875e-01,4.212644398212432861e-01,1.413390487432479858e-01,0.000000000000000000e+00
-6.301139295101165771e-02,2.144895941019058228e-01,1.841567307710647583e-01,-1.957647651433944702e-01,7.547463774681091309e-01,6.261262893676757812e-01,0.000000000000000000e+00
8.354438096284866333e-02,-1.845457702875137329e-01,2.065414339303970337e-01,2.885689437389373779e-01,-6.712382435798645020e-01,6.827644109725952148e-01,0.000000000000000000e+00
2.411043345928192139e-01,-1.145724654197692871e-01,-1.086423099040985107e-01,8.035853505134582520e-01,-1.651032119989395142e-01,-5.718317031860351562e-01,0.000000000000000000e+00
-6.250630319118499756e-02,-2.495125979185104370e-01,1.401110440492630005e-01,-1.711729466915130615e-01,-8.354342579841613770e-01,5.222542285919189453e-01,0.000000000000000000e+00
3.262154385447502136e-02,-1.286810338497161865e-01,-2.550382912158966064e-01,7.670021057128906250e-02,-4.401362538337707520e-01,-8.946492075920104980e-01,0.000000000000000000e+00
2.079274654388427734e-01,6.861067563295364380e-02,-1.826914548873901367e-01,7.366724014282226562e-01,2.215057313442230225e-01,-6.389436721801757812e-01,0.000000000000000000e+00
-1.284340620040893555e-01,-8.089751005172729492e-02,2.511285841464996338e-01,-3.653072118759155273e-01,-1.984415054321289062e-01,9.094897508621215820e-01,0.000000000000000000e+00
2.368863224983215332e-01,-1.339029073715209961e-01,-9.380827844142913818e-02,6.675715446472167969e-01,-6.157232522964477539e-01,-4.186085164546966553e-01,0.000000000000000000e+00
6.959867477416992188e-02,-2.819337248802185059e-01,5.867118015885353088e-03,3.029651343822479248e-01,-9.504213333129882812e-01,7.008118927478790283e-02,0.000000000000000000e+00
2.507817149162292480e-01,-2.439086884260177612e-02,1.288298666477203369e-01,8.469730019569396973e-01,-2.233526408672332764e-01,4.824420809745788574e-01,0.000000000000000000e+00
2.191820144653320312e-01,9.181936085224151611e-02,1.591536253690719604e-01,8.205727338790893555e-01,3.059882819652557373e-01,4.827333986759185791e-01,0.000000000000000000e+00
1.336229592561721802e-01,1.429010927677154541e-01,-2.105331122875213623e-01,4.947744607925415039e-01,4.408584237098693848e-01,-7.488939166069030762e-01,0.000000000000000000e+00
-2.096285521984100342e-01,-1.307471375912427902e-02,2.057740837335586548e-01,-6.631393432617187500e-01,-3.169586649164557457e-03,7.484892606735229492e-01,0.000000000000000000e+00
-2.062728106975555420e-01,2.812213078141212463e-02,2.062954753637313843e-01,-7.357218861579895020e-01,1.148328632116317749e-01,6.674778461456298828e-01,0.000000000000000000e+00
2.650758028030395508e-01,-1.088086143136024475e-01,-1.875273138284683228e-02,8.995134234428405762e-01,-4.237620830535888672e-01,-1.063074171543121338e-01,0.000000000000000000e+00
7.407812029123306274e-02,-1.574036180973052979e-01,-2.306374609470367432e-01,2.840021848678588867e-01,-5.904197692871093750e-01,-7.554782032966613770e-01,0.000000000000000000e+00
1.119229793548583984e-01,2.398687005043029785e-01,1.137325540184974670e-01,4.034450650215148926e-01,8.280267715454101562e-01,3.893631994724273682e-01,0.000000000000000000e+00
1.561035960912704468e-01,-2.412898279726505280e-02,-2.385929822921752930e-01,4.901948571205139160e-01,-3.775735199451446533e-02,-8.707946538925170898e-01,0.000000000000000000e+00
1.160199493169784546e-01,2.271361351013183594e-01,1.327111572027206421e-01,4.093749523162841797e-01,8.278384804725646973e-01,3.835304379463195801e-01,0.000000000000000000e+00
-1.487759202718734741e-01,1.928297430276870728e-01,-1.585076749324798584e-01,-5.517666935920715332e-01,6.484965085983276367e-01,-5.244099497795104980e-01,0.000000000000000000e+00
8.066600561141967773e-02,2.301739901304244995e-02,2.752203941345214844e-01,3.348372280597686768e-01,4.231735318899154663e-02,9.413252472877502441e-01,0.000000000000000000e+00
2.577681839466094971e-01,-9.019801020622253418e-02,8.174995332956314087e-02,9.397277235984802246e-01,-2.935675978660583496e-01,1.752993911504745483e-01,0.000000000000000000e+00
2.299676984548568726e-01,1.274427175521850586e-01,-1.093870773911476135e-01,7.901609539985656738e-01,4.012855291366577148e-01,-4.632661938667297363e-01,0.000000000000000000e+00
4.457395896315574646e-02,3.758832579478621483e-03,-2.843016982078552246e-01,1.580381542444229126e-01,2.321941778063774109e-02,-9.871599674224853516e-01,0.000000000000000000e+00
4.171558469533920288e-02,1.886420249938964844e-01,-2.148213982582092285e-01,1.808481812477111816e-01,5.888540744781494141e-01,-7.877466678619384766e-01,0.000000000000000000e+00
-7.913623750209808350e-02,2.459830790758132935e-01,-1.317888349294662476e-01,-3.021175861358642578e-01,8.245325088500976562e-01,-4.784047901630401611e-01,0.000000000000000000e+00
2.786404490470886230e-01,2.673939801752567291e-02,-4.532335698604583740e-02,9.480934739112854004e-01,-6.542125344276428223e-02,-3.111893236637115479e-01,0.000000000000000000e+00
1.818121075630187988e-01,-6.892281025648117065e-02,2.089931070804595947e-01,6.366085410118103027e-01,-1.728477180004119873e-01,7.515671849250793457e-01,0.000000000000000000e+00
8.381477743387222290e-02,-1.645820289850234985e-01,2.227745652198791504e-01,3.855228126049041748e-01,-5.036229491233825684e-01,7.731339335441589355e-01,0.000000000000000000e+00
-2.154287137091159821e-02,1.283643543720245361e-01,-2.583791017532348633e-01,-9.946838021278381348e-03,5.052852034568786621e-01,-8.628950715065002441e-01,0.000000000000000000e+00
1.407781839370727539e-01,1.299821287393569946e-01,2.138580381870269775e-01,5.443043112754821777e-01,4.037060439586639404e-01,7.353599667549133301e-01,0.000000000000000000e+00
-9.616639465093612671e-02,1.232217997312545776e-01,2.473811507225036621e-01,-3.584546446800231934e-01,4.106023311614990234e-01,8.384008407592773438e-01,0.000000000000000000e+00
1.428737044334411621e-01,-2.354765683412551880e-01,-8.033856749534606934e-02,5.829040408134460449e-01,-7.932120561599731445e-01,-1.761745959520339966e-01,0.000000000000000000e+00
2.283285930752754211e-02,-1.634577065706253052e-01,-2.370160520076751709e-01,6.060414016246795654e-02,-5.099178552627563477e-01,-8.580856323242187500e-01,0.000000000000000000e+00
1.334200501441955566e-01,-6.403463333845138550e-02,2.442284971475601196e-01,4.225726723670959473e-01,-1.415933966636657715e-01,8.952003121376037598e-01,0.000000000000000000e+00
-1.206746175885200500e-01,9.549427032470703125e-02,2.483637034893035889e-01,-3.904484212398529053e-01,3.045051395893096924e-01,8.688076138496398926e-01,0.000000000000000000e+00
-2.573496103286743164e-02,2.301428318023681641e-01,1.733242273330688477e-01,-9.611487388610839844e-02,7.740205526351928711e-01,6.258227229118347168e-01,0.000000000000000000e+00
3.989087790250778198e-02,6.018030270934104919e-02,2.809644341468811035e-01,1.877674758434295654e-01,2.564671039581298828e-01,9.481392502784729004e-01,0.000000000000000000e+00
1.626681536436080933e-01,-1.301986575126647949e-01,1.962059289216995239e-01,5.661553740501403809e-01,-4.022492468357086182e-01,7.194884419441223145e-01,0.000000000000000000e+00
-8.702760189771652222e-02,2.287699729204177856e-01,1.561783850193023682e-01,-2.936089634895324707e-01,8.039122223854064941e-01,5.172222852706909180e-01,0.000000000000000000e+00
-7.882297039031982422e-02,2.584049403667449951e-01,1.037035882472991943e-01,-2.765398919582366943e-01,8.982011079788208008e-01,3.417022228240966797e-01,0.000000000000000000e+00
1.207081973552703857e-01,-2.578895688056945801e-01,-4.058314114809036255e-02,4.514115750789642334e-01,-8.757562041282653809e-01,-1.711100190877914429e-01,0.000000000000000000e+00
2.493249475955963135e-01,-1.110005751252174377e-01,8.532178401947021484e-02,9.089366197586059570e-01,-3.281289637088775635e-01,2.572266757488250732e-01,0.000000000000000000e+00
-1.037038303911685944e-02,-2.355322539806365967e-01,1.716361790895462036e-01,3.496708348393440247e-02,-8.397427201271057129e-01,5.418574810028076172e-01,0.000000000000000000e+00
1.838543713092803955e-01,3.884321823716163635e-02,2.167803496122360229e-01,6.825714707374572754e-01,8.713743835687637329e-02,7.256054282188415527e-01,0.000000000000000000e+00
-1.723231934010982513e-02,2.218951582908630371e-01,1.853454262018203735e-01,-1.010083556175231934e-01,7.985035181045532227e-01,5.934554934501647949e-01,0.000000000000000000e+00
1.176879256963729858e-01,1.956570744514465332e-01,-1.737685054540634155e-01,4.105218648910522461e-01,6.795742511749267578e-01,-6.079890131950378418e-01,0.000000000000000000e+00
-2.302542477846145630e-01,5.992154777050018311e-02,1.701180636882781982e-01,-8.086222410202026367e-01,2.464325726032257080e-01,5.342294573783874512e-01,0.000000000000000000e+00
2.815548777580261230e-01,2.843778207898139954e-02,2.204295620322227478e-02,9.718034267425537109e-01,2.054898887872695923e-01,1.156372651457786560e-01,0.000000000000000000e+00
1.398770809173583984e-01,2.242620438337326050e-01,1.138868108391761780e-01,5.418008565902709961e-01,7.564336061477661133e-01,3.664151132106781006e-01,0.000000000000000000e+00
2.103347331285476685e-02,-1.004234235733747482e-02,2.893155813217163086e-01,4.809974506497383118e-02,-1.122998669743537903e-01,9.925095438957214355e-01,0.000000000000000000e+00
-2.403902858495712280e-01,-1.450745612382888794e-01,-7.920497655868530273e-02,-8.198468089103698730e-01,-4.634042084217071533e-01,-3.363150358200073242e-01,0.000000000000000000e+00
-2.101157456636428833e-01,-8.092973381280899048e-02,-1.860128641128540039e-01,-6.633843779563903809e-01,-3.175880908966064453e-01,-6.775388717651367188e-01,0.000000000000000000e+00
2.638301551342010498e-01,5.461927503347396851e-02,9.211800992488861084e-02,9.265933036804199219e-01,1.844262629747390747e-01,3.277374505996704102e-01,0.000000000000000000e+00
5.984308570623397827e-02,8.507496863603591919e-02,-2.682013213634490967e-01,2.519405186176300049e-01,2.901266813278198242e-01,-9.232293963432312012e-01,0.000000000000000000e+00
-1.670109480619430542e-01,-1.472639888525009155e-01,-1.878366619348526001e-01,-5.698748230934143066e-01,-4.655742943286895752e-01,-6.771139502525329590e-01,0.000000000000000000e+00
2.516869008541107178e-01,-7.585536688566207886e-02,-1.102944910526275635e-01,8.586522340774536133e-01,-2.405737340450286865e-01,-4.525932371616363525e-01,0.000000000000000000e+00
1.693787127733230591e-01,1.616390943527221680e-01,1.647268980741500854e-01,6.417670249938964844e-01,5.259590744972229004e-01,5.581237673759460449e-01,0.000000000000000000e+00
6.954240798950195312e-02,-2.759663164615631104e-01,6.331784278154373169e-02,3.118466138839721680e-01,-9.322388768196105957e-01,1.835274845361709595e-01,0.000000000000000000e+00
-1.255590319633483887e-01,-9.235064685344696045e-02,2.486411482095718384e-01,-3.552283644676208496e-01,-3.244723379611968994e-01,8.766587376594543457e-01,0.000000000000000000e+00
2.334491610527038574e-01,-1.554715782403945923e-01,5.921079590916633606e-02,8.058378100395202637e-01,-5.726501941680908203e-01,1.506558656692504883e-01,0.000000000000000000e+00
-1.070838719606399536e-01,-1.830141395330429077e-01,-1.994441747665405273e-01,-3.240407407283782959e-01,-6.214603185653686523e-01,-7.132914662361145020e-01,0.000000000000000000e+00
1.921868026256561279e-01,9.237845428287982941e-03,-2.111422717571258545e-01,7.233762145042419434e-01,5.422247946262359619e-02,-6.883217096328735352e-01,0.000000000000000000e+00
-1.944822221994400024e-01,-2.016721665859222412e-01,8.365514129400253296e-02,-6.653268933296203613e-01,-7.219130992889404297e-01,1.902147829532623291e-01,0.000000000000000000e+00
-2.905353605747222900e-01,-2.994249947369098663e-02,7.500294595956802368e-04,-9.871487617492675781e-01,-1.503850817680358887e-01,5.405184999108314514e-02,0.000000000000000000e+00
1.398018449544906616e-01,2.439643889665603638e-01,-6.045183166861534119e-02,4.811371266841888428e-01,8.211894035339355469e-01,-3.068469464778900146e-01,0.000000000000000000e+00
-1.077970862388610840e-01,5.360796302556991577e-02,2.662579119205474854e-01,-3.528656363487243652e-01,2.872736752033233643e-01,8.904828429222106934e-01,0.000000000000000000e+00
-6.295604258775711060e-02,-1.684699356555938721e-01,2.293797284364700317e-01,-2.264581769704818726e-01,-5.378635525703430176e-01,8.120464682579040527e-01,0.000000000000000000e+00
-1.840439140796661377e-01,-1.681385338306427002e-01,1.540610790252685547e-01,-6.704599857330322266e-01,-5.557753443717956543e-01,4.915253520011901855e-01,0.000000000000000000e+00
2.784998714923858643e-01,-6.257489323616027832e-02,-8.467767387628555298e-03,9.967471957206726074e-01,-4.052315279841423035e-02,6.966264545917510986e-02,0.000000000000000000e+00
-2.249974459409713745e-01,-5.620303750038146973e-02,1.779004931449890137e-01,-7.444820404052734375e-01,-2.106913775205612183e-01,6.335263848304748535e-01,0.000000000000000000e+00
2.282301932573318481e-01,1.686179637908935547e-01,-2.936835773289203644e-02,7.886548042297363281e-01,5.834028720855712891e-01,-1.940739601850509644e-01,0.000000000000000000e+00
-1.671891473233699799e-02,-1.980047225952148438e-01,2.135541439056396484e-01,-7.231622189283370972e-02,-6.417713761329650879e-01,7.634787559509277344e-01,0.000000000000000000e+00
5.829704552888870239e-02,2.189449220895767212e-01,-1.791210472583770752e-01,2.720304727554321289e-01,7.363117933273315430e-01,-6.195517778396606445e-01,0.000000000000000000e+00
-2.906903922557830811e-01,2.710207365453243256e-02,-3.645025938749313354e-02,-9.908630847930908203e-01,1.022345870733261108e-01,-8.796849846839904785e-02,0.000000000000000000e+00
-1.232312992215156555e-01,-2.595108933746814728e-02,2.631776034832000732e-01,-3.986565768718719482e-01,-3.886637091636657715e-02,9.162763357162475586e-01,0.000000000000000000e+00
1.371334642171859741e-01,-7.184076309204101562e-02,2.411874979734420776e-01,4.245657622814178467e-01,-1.967726349830627441e-01,8.837558627128601074e-01,0.000000000000000000e+00
1.356119513511657715e-01,2.017188370227813721e-01,1.522636413574218750e-01,4.810905456542968750e-01,7.042115926742553711e-01,5.221473574638366699e-01,0.000000000000000000e+00
-1.578838676214218140e-01,-1.467068493366241455e-02,2.460982352495193481e-01,-5.446224808692932129e-01,-5.915756151080131531e-02,8.365923166275024414e-01,0.000000000000000000e+00
1.964962631464004517e-01,5.552439019083976746e-02,-2.000683546066284180e-01,7.105169296264648438e-01,1.945553719997406006e-01,-6.762498617172241211e-01,0.000000000000000000e+00
2.285747379064559937e-01,-1.520653516054153442e-01,-8.490978181362152100e-02,7.298607230186462402e-01,-5.447550415992736816e-01,-4.129711985588073730e-01,0.000000000000000000e+00
-2.004770636558532715e-01,-1.231673583388328552e-01,-1.731279790401458740e-01,-6.270402669906616211e-01,-4.593315720558166504e-01,-6.291542053222656250e-01,0.000000000000000000e+00
-1.398557052016258240e-02,-2.327445745468139648e-01,-1.613399237394332886e-01,-2.351275980472564697e-01,-7.913707494735717773e-01,-5.643114447593688965e-01,0.000000000000000000e+00
1.236342117190361023e-01,-1.708925366401672363e-01,1.953002363443374634e-01,5.427016019821166992e-01,-5.163506865501403809e-01,6.624628305435180664e-01,0.000000000000000000e+00
-1.752545535564422607e-01,-1.434248834848403931e-01,-1.832688599824905396e-01,-5.887208580970764160e-01,-4.736346006393432617e-01,-6.550404429435729980e-01,0.000000000000000000e+00
1.296525448560714722e-01,-1.423473805189132690e-01,2.137089371681213379e-01,4.303657114505767822e-01,-5.098533630371093750e-01,7.448723912239074707e-01,0.000000000000000000e+00
1.400859504938125610e-01,2.079031318426132202e-01,1.398474127054214478e-01,5.144379734992980957e-01,6.960319280624389648e-01,5.008923411369323730e-01,0.000000000000000000e+00
-4.255193844437599182e-02,2.764360010623931885e-01,-6.715533137321472168e-02,-1.785608381032943726e-01,9.615416526794433594e-01,-2.086952924728393555e-01,0.000000000000000000e+00
-1.870486587285995483e-01,-2.202404141426086426e-01,-4.557584598660469055e-02,-6.586520671844482422e-01,-7.311692833900451660e-01,-1.776763796806335449e-01,0.000000000000000000e+00
-1.687578856945037842e-01,1.718859821557998657e-01,1.670313179492950439e-01,-5.818584561347961426e-01,5.621089935302734375e-01,5.877705216407775879e-01,0.000000000000000000e+00
-1.181645169854164124e-01,2.637208402156829834e-01,2.111915312707424164e-02,-3.776466846466064453e-01,9.148818254470825195e-01,1.427383869886398315e-01,0.000000000000000000e+00
1.556819081306457520e-01,-1.187445893883705139e-01,-2.081902325153350830e-01,5.570318102836608887e-01,-3.282715380191802979e-01,-7.628586888313293457e-01,0.000000000000000000e+00
-1.487397551536560059e-01,1.809790432453155518e-01,1.758297383785247803e-01,-4.524824917316436768e-01,7.107468247413635254e-01,5.386080145835876465e-01,0.000000000000000000e+00
1.842452399432659149e-02,2.312985211610794067e-01,1.719845384359359741e-01,7.088765501976013184e-02,7.464516758918762207e-01,6.616531014442443848e-01,0.000000000000000000e+00
1.425936222076416016e-01,1.497467905282974243e-01,1.996721029281616211e-01,4.627527594566345215e-01,5.509431362152099609e-01,6.944937109947204590e-01,0.000000000000000000e+00
4.525798186659812927e-02,-1.857609003782272339e-01,-2.163631767034530640e-01,2.280001789331436157e-01,-6.254888772964477539e-01,-7.461766600608825684e-01,0.000000000000000000e+00
-1.283564120531082153e-01,-2.099445015192031860e-01,-1.557203382253646851e-01,-4.073983132839202881e-01,-7.448891401290893555e-01,-5.283623337745666504e-01,0.000000000000000000e+00
-1.019552350044250488e-01,-2.351533025503158569e-01,1.360636353492736816e-01,-6.250759959220886230e-01,-7.259823679924011230e-01,2.867571115493774414e-01,0.000000000000000000e+00
7.651273906230926514e-02,2.591555416584014893e-01,-9.617853164672851562e-02,3.574682772159576416e-01,9.117904901504516602e-01,-2.021250426769256592e-01,0.000000000000000000e+00
-4.018042236566543579e-02,-8.066124282777309418e-03,2.886984944343566895e-01,-9.090172499418258667e-02,-2.989192865788936615e-02,9.954111576080322266e-01,0.000000000000000000e+00
3.699592500925064087e-02,-1.372397541999816895e-01,2.537664175033569336e-01,1.379638612270355225e-01,-4.212982654571533203e-01,8.963669538497924805e-01,0.000000000000000000e+00
-2.199576795101165771e-02,7.248157262802124023e-02,-2.784928977489471436e-01,-9.416007995605468750e-02,1.910351216793060303e-01,-9.770565032958984375e-01,0.000000000000000000e+00
-1.008009761571884155e-01,-2.716071009635925293e-01,2.677233144640922546e-02,-2.579775154590606689e-01,-9.421702623367309570e-01,2.139225155115127563e-01,0.000000000000000000e+00
4.070079699158668518e-02,1.288022100925445557e-01,2.556121051311492920e-01,1.100494638085365295e-01,4.678668975830078125e-01,8.769205808639526367e-01,0.000000000000000000e+00
-2.114231735467910767e-01,1.729356497526168823e-01,1.074077188968658447e-01,-7.657912373542785645e-01,5.283568501472473145e-01,3.666098415851593018e-01,0.000000000000000000e+00
2.404495030641555786e-01,6.870462745428085327e-02,1.368302553892135620e-01,8.495619297027587891e-01,2.689996361732482910e-01,4.537441134452819824e-01,0.000000000000000000e+00
4.213825240731239319e-02,-2.257651984691619873e-01,1.771783828735351562e-01,1.721695661544799805e-01,-7.384253740310668945e-01,6.519858837127685547e-01,0.000000000000000000e+00
-1.073872074484825134e-01,-2.530554234981536865e-01,-9.896264225244522095e-02,-4.091985523700714111e-01,-8.493058681488037109e-01,-3.335207402706146240e-01,0.000000000000000000e+00
-1.330696195363998413e-01,-4.173905029892921448e-02,-2.475442588329315186e-01,-4.073844850063323975e-01,-1.320832371711730957e-01,-9.036547541618347168e-01,0.000000000000000000e+00
-1.212777197360992432e-01,2.934855176135897636e-03,-2.629824578762054443e-01,-4.123049080371856689e-01,1.442522089928388596e-02,-9.109317064285278320e-01,0.000000000000000000e+00
-1.414470672607421875e-01,-2.440667003393173218e-01,-7.593569904565811157e-02,-4.336777031421661377e-01,-8.589133620262145996e-01,-2.723812460899353027e-01,0.000000000000000000e+00
2.597544789314270020e-01,-1.177329644560813904e-01,3.697688132524490356e-02,8.953114151954650879e-01,-4.246671795845031738e-01,1.344440728425979614e-01,0.000000000000000000e+00
-1.840730756521224976e-01,-1.052494812756776810e-02,2.275421172380447388e-01,-6.827880144119262695e-01,7.008865009993314743e-03,7.305829524993896484e-01,0.000000000000000000e+00
1.522664278745651245e-01,-2.425169199705123901e-01,-2.820841269567608833e-03,5.254842042922973633e-01,-8.506959676742553711e-01,-1.351909898221492767e-02,0.000000000000000000e+00
-2.536046802997589111e-01,-1.078340709209442139e-01,-9.730386734008789062e-02,-8.190925121307373047e-01,-4.145120680332183838e-01,-3.965692222118377686e-01,0.000000000000000000e+00
2.401748299598693848e-01,1.106082648038864136e-01,1.091878935694694519e-01,7.873782515525817871e-01,4.675481021404266357e-01,4.017888009548187256e-01,0.000000000000000000e+00
-2.408390641212463379e-01,-1.219213157892227173e-01,-1.106234192848205566e-01,-8.181562423706054688e-01,-4.189220070838928223e-01,-3.938587009906768799e-01,0.000000000000000000e+00
2.022562921047210693e-01,-2.467748895287513733e-02,-2.024603039026260376e-01,8.195437192916870117e-01,7.857844978570938110e-02,-5.676032900810241699e-01,0.000000000000000000e+00
2.541482634842395782e-02,-1.914789825677871704e-01,-2.147823423147201538e-01,1.012785434722900391e-01,-6.489756703376770020e-01,-7.540379762649536133e-01,0.000000000000000000e+00
-2.315583974123001099e-01,-1.690445840358734131e-01,5.286024510860443115e-02,-7.837821841239929199e-01,-5.986112952232360840e-01,1.653783768415451050e-01,0.000000000000000000e+00
8.723737299442291260e-02,-2.187043428421020508e-01,1.674418002367019653e-01,3.613995313644409180e-01,-7.204332947731018066e-01,5.919174551963806152e-01,0.000000000000000000e+00
-2.908826470375061035e-01,-5.488639231771230698e-03,2.630985528230667114e-02,-9.894952178001403809e-01,9.350390173494815826e-03,1.442627310752868652e-01,0.000000000000000000e+00
7.063661515712738037e-02,2.674289643764495850e-01,8.173965662717819214e-02,2.814057767391204834e-01,9.120594263076782227e-01,2.982588410377502441e-01,0.000000000000000000e+00
2.576623558998107910e-01,3.804206475615501404e-02,-1.089313551783561707e-01,9.479446411132812500e-01,2.500583529472351074e-01,-1.971593648195266724e-01,0.000000000000000000e+00
-2.927269414067268372e-02,-1.533465832471847534e-01,-2.415787279605865479e-01,-2.853397428989410400e-01,-5.167852640151977539e-01,-8.071643114089965820e-01,0.000000000000000000e+00
1.603456437587738037e-01,2.034452259540557861e-01,1.238885745406150818e-01,6.026176810264587402e-01,6.377381682395935059e-01,4.797311127185821533e-01,0.000000000000000000e+00
-2.403174638748168945e-01,-8.364716917276382446e-02,1.441651433706283569e-01,-8.222944140434265137e-01,-3.184509277343750000e-01,4.716152250766754150e-01,0.000000000000000000e+00
2.783166170120239258e-01,-1.508063264191150665e-02,-2.342980168759822845e-02,9.855470657348632812e-01,-9.784559905529022217e-02,-1.382867693901062012e-01,0.000000000000000000e+00
-9.911871701478958130e-02,-4.835203662514686584e-02,-2.663494944572448730e-01,-4.783284366130828857e-01,-2.094480246305465698e-01,-8.528384566307067871e-01,0.000000000000000000e+00
1.859697885811328888e-02,1.651572734117507935e-01,-2.363349944353103638e-01,5.812847986817359924e-02,4.675846695899963379e-01,-8.820349574089050293e-01,0.000000000000000000e+00
-1.172709837555885315e-02,1.576283574104309082e-01,-2.415516227483749390e-01,-4.059053212404251099e-02,5.198264718055725098e-01,-8.533070087432861328e-01,0.000000000000000000e+00
-7.745167613029479980e-02,2.707754075527191162e-01,-6.389309465885162354e-02,-2.728497684001922607e-01,9.359880685806274414e-01,-2.224396169185638428e-01,0.000000000000000000e+00
1.019574850797653198e-01,1.632889658212661743e-01,-2.152088284492492676e-01,4.413211643695831299e-01,5.394393205642700195e-01,-7.171059250831604004e-01,0.000000000000000000e+00
1.844337880611419678e-01,1.818725466728210449e-02,2.187210023403167725e-01,6.723601222038269043e-01,5.064307525753974915e-02,7.384897470474243164e-01,0.000000000000000000e+00
2.783883213996887207e-01,-4.373968765139579773e-02,-4.567839205265045166e-02,9.986008405685424805e-01,-3.590605407953262329e-02,3.882180526852607727e-02,0.000000000000000000e+00
1.500215232372283936e-01,1.615753322839736938e-01,-1.859647482633590698e-01,5.281035900115966797e-01,5.044378638267517090e-01,-6.831171512603759766e-01,0.000000000000000000e+00
9.630342014133930206e-03,1.795010715723037720e-01,2.258534729480743408e-01,6.330706924200057983e-02,6.223860979080200195e-01,7.801460027694702148e-01,0.000000000000000000e+00
2.165293097496032715e-01,1.479310393333435059e-01,-1.112276464700698853e-01,7.504898309707641602e-01,4.715340137481689453e-01,-4.630558192729949951e-01,0.000000000000000000e+00
-1.158216744661331177e-01,1.648727059364318848e-01,2.112421095371246338e-01,-3.843383491039276123e-01,5.731379985809326172e-01,7.237381339073181152e-01,0.000000000000000000e+00
1.503463238477706909e-01,-2.383763045072555542e-01,-4.694222658872604370e-02,3.583033382892608643e-01,-8.536452054977416992e-01,-3.780325055122375488e-01,0.000000000000000000e+00
-1.095248609781265259e-01,2.499077767133712769e-01,9.610591083765029907e-02,-3.614569604396820068e-01,9.275503158569335938e-01,9.486443549394607544e-02,0.000000000000000000e+00
-2.788057327270507812e-01,7.317528873682022095e-02,-4.241066053509712219e-02,-9.249013066291809082e-01,3.057362735271453857e-01,-2.260152697563171387e-01,0.000000000000000000e+00
2.656422853469848633e-01,-3.002961166203022003e-02,-9.964271634817123413e-02,9.048846364021301270e-01,-7.645385712385177612e-02,-4.187345504760742188e-01,0.000000000000000000e+00
2.407700270414352417e-01,6.091141700744628906e-02,-1.391236186027526855e-01,8.421770930290222168e-01,2.189898490905761719e-01,-4.927282631397247314e-01,0.000000000000000000e+00
-8.227428048849105835e-02,4.724400117993354797e-02,-2.728081345558166504e-01,-2.613242864608764648e-01,1.856756508350372314e-01,-9.472244381904602051e-01,0.000000000000000000e+00
-2.479682415723800659e-01,-1.358171254396438599e-01,7.434989511966705322e-02,-8.547639846801757812e-01,-4.753279685974121094e-01,2.084271311759948730e-01,0.000000000000000000e+00
-2.244254052639007568e-01,9.752685576677322388e-02,-1.586189270019531250e-01,-7.778717875480651855e-01,3.457723855972290039e-01,-5.247446298599243164e-01,0.000000000000000000e+00
-8.700165152549743652e-02,2.594617307186126709e-01,8.848828077316284180e-02,-3.480532765388488770e-01,9.293467998504638672e-01,1.231804043054580688e-01,0.000000000000000000e+00
9.186860918998718262e-02,-2.639433145523071289e-01,7.917528599500656128e-02,2.871550619602203369e-01,-8.862755894660949707e-01,3.633972704410552979e-01,0.000000000000000000e+00
1.827238351106643677e-01,3.641799325123429298e-03,2.203123718500137329e-01,6.605953574180603027e-01,-2.509311214089393616e-02,7.503226399421691895e-01,0.000000000000000000e+00
-8.186905831098556519e-02,-1.070445552468299866e-01,-2.490325868129730225e-01,-2.579730451107025146e-01,-3.747686445713043213e-01,-8.905045390129089355e-01,0.000000000000000000e+00
1.222035810351371765e-01,2.130664139986038208e-01,-1.466339379549026489e-01,5.073199868202209473e-01,7.316315174102783203e-01,-4.553479254245758057e-01,0.000000000000000000e+00
-6.168627738952636719e-02,2.360952049493789673e-01,1.562317013740539551e-01,-1.866490542888641357e-01,8.401362299919128418e-01,5.092477202415466309e-01,0.000000000000000000e+00
-2.190434932708740234e-01,-1.659670621156692505e-01,1.018542647361755371e-01,-7.626636028289794922e-01,-5.706966519355773926e-01,3.043838739395141602e-01,0.000000000000000000e+00
-1.765083223581314087e-01,-2.066143006086349487e-01,1.099809855222702026e-01,-6.202366948127746582e-01,-7.200454473495483398e-01,3.111928105354309082e-01,0.000000000000000000e+00
2.576459646224975586e-01,-1.227380186319351196e-01,3.520864620804786682e-02,8.953114151954650879e-01,-4.246671795845031738e-01,1.344440728425979614e-01,0.000000000000000000e+00
-1.403861641883850098e-01,2.536393404006958008e-01,-1.221854705363512039e-02,-4.869112372398376465e-01,8.703501224517822266e-01,-7.353993505239486694e-02,0.000000000000000000e+00
-1.405687183141708374e-01,2.536235153675079346e-01,-1.119700632989406586e-02,-4.869112372398376465e-01,8.703501224517822266e-01,-7.353993505239486694e-02,0.000000000000000000e+00
2.123498320579528809e-01,1.879611015319824219e-01,3.038237430155277252e-02,7.348957061767578125e-01,6.661003828048706055e-01,1.274307370185852051e-01,0.000000000000000000e+00
1.455752458423376083e-02,-1.681386865675449371e-02,-2.870511114597320557e-01,9.123487025499343872e-02,-4.203779995441436768e-02,-9.949417114257812500e-01,0.000000000000000000e+00
-2.897035479545593262e-01,1.890678331255912781e-02,3.790947422385215759e-02,-9.868443608283996582e-01,2.533555962145328522e-02,1.596757322549819946e-01,0.000000000000000000e+00
-2.666857838630676270e-01,8.452612906694412231e-02,8.641320466995239258e-02,-9.191910624504089355e-01,3.291248977184295654e-01,2.162513434886932373e-01,0.000000000000000000e+00
2.814956307411193848e-01,-1.923151500523090363e-02,1.459857635200023651e-02,9.598007798194885254e-01,-2.790611088275909424e-01,-3.012337721884250641e-02,0.000000000000000000e+00
2.752309441566467285e-01,-4.098500683903694153e-02,-6.941819936037063599e-02,9.696798324584960938e-01,-8.405690640211105347e-02,-2.294676601886749268e-01,0.000000000000000000e+00
1.082043498754501343e-01,1.708973646163940430e-01,-2.050982415676116943e-01,4.482861459255218506e-01,5.893241167068481445e-01,-6.721135377883911133e-01,0.000000000000000000e+00
1.060546040534973145e-01,-2.298771589994430542e-01,-1.380661427974700928e-01,4.024122059345245361e-01,-7.753326892852783203e-01,-4.867480397224426270e-01,0.000000000000000000e+00
-2.700935602188110352e-01,1.129518151283264160e-01,3.730041673406958580e-03,-8.799051642417907715e-01,4.685576856136322021e-01,-7.887095957994461060e-02,0.000000000000000000e+00
1.003977376967668533e-02,-1.037498563528060913e-01,-2.687993943691253662e-01,9.340073913335800171e-02,-3.834667503833770752e-01,-9.188196659088134766e-01,0.000000000000000000e+00
1.360721588134765625e-01,1.965299844741821289e-01,1.587924808263778687e-01,4.498171210289001465e-01,7.170484662055969238e-01,5.324528217315673828e-01,0.000000000000000000e+00
-2.040861546993255615e-01,-1.248466596007347107e-01,-1.683049947023391724e-01,-6.270402669906616211e-01,-4.593315720558166504e-01,-6.291542053222656250e-01,0.000000000000000000e+00
-9.769099205732345581e-02,-2.731595039367675781e-01,-3.786605596542358398e-02,-3.051107525825500488e-01,-9.479936361312866211e-01,-9.063903242349624634e-02,0.000000000000000000e+00
-6.514552235603332520e-02,1.913286596536636353e-01,-2.083725780248641968e-01,-2.630130052566528320e-01,5.975274443626403809e-01,-7.574860453605651855e-01,0.000000000000000000e+00
2.424469143152236938e-01,1.440106779336929321e-01,4.138103872537612915e-02,8.673093914985656738e-01,4.548723101615905762e-01,2.021523863077163696e-01,0.000000000000000000e+00
2.580390870571136475e-01,-1.124721020460128784e-01,-5.476025119423866272e-02,9.061937928199768066e-01,-3.796763122081756592e-01,-1.861685514450073242e-01,0.000000000000000000e+00
1.170945987105369568e-01,-2.397841215133666992e-01,-1.090806573629379272e-01,5.027627944946289062e-01,-7.907671332359313965e-01,-3.491659760475158691e-01,0.000000000000000000e+00
3.218699991703033447e-02,2.639762163162231445e-01,1.117794513702392578e-01,1.565731316804885864e-01,9.078009128570556641e-01,3.890788555145263672e-01,0.000000000000000000e+00
-3.717596083879470825e-02,-6.773211061954498291e-02,-2.795822620391845703e-01,-1.025836765766143799e-01,-2.766184806823730469e-01,-9.554888010025024414e-01,0.000000000000000000e+00
-2.711433172225952148e-01,5.105495080351829529e-02,9.696708619594573975e-02,-9.320425987243652344e-01,1.352419555187225342e-01,3.361639976501464844e-01,0.000000000000000000e+00
2.131595164537429810e-01,-8.091884106397628784e-02,1.741593182086944580e-01,7.161868214607238770e-01,-2.639942169189453125e-01,6.460522413253784180e-01,0.000000000000000000e+00
1.355132013559341431e-01,2.165337353944778442e-01,-1.169677451252937317e-01,4.911715984344482422e-01,7.935364246368408203e-01,-3.592358231544494629e-01,0.000000000000000000e+00
-2.317800223827362061e-01,-3.347609564661979675e-02,1.756185442209243774e-01,-7.663189172744750977e-01,-1.493939757347106934e-01,6.248493790626525879e-01,0.000000000000000000e+00
1.927744448184967041e-01,-2.037502825260162354e-01,5.800403654575347900e-02,6.776989102363586426e-01,-7.133241295814514160e-01,1.785856932401657104e-01,0.000000000000000000e+00
1.401928216218948364e-01,2.489911615848541260e-01,-3.282418847084045410e-02,4.684924483299255371e-01,8.770329356193542480e-01,-1.064333990216255188e-01,0.000000000000000000e+00
-8.640569448471069336e-02,1.281036585569381714e-01,2.479987144470214844e-01,-1.831132620573043823e-01,3.760820627212524414e-01,9.083126187324523926e-01,0.000000000000000000e+00
-2.841103374958038330e-01,-4.874501004815101624e-02,-5.192012339830398560e-02,-9.591087102890014648e-01,-2.206405103206634521e-01,-1.772800534963607788e-01,0.000000000000000000e+00
-1.321847438812255859e-01,-1.897830814123153687e-01,-1.760662496089935303e-01,-4.280299842357635498e-01,-6.271278262138366699e-01,-6.507695317268371582e-01,0.000000000000000000e+00
3.480818495154380798e-02,-4.787341877818107605e-02,2.768652737140655518e-01,1.799780726432800293e-01,-2.807137072086334229e-01,9.427660107612609863e-01,0.000000000000000000e+00
6.335681769996881485e-03,-2.538347244262695312e-01,-1.386041939258575439e-01,-1.609440594911575317e-01,-8.281183838844299316e-01,-5.369515419006347656e-01,0.000000000000000000e+00
1.523754298686981201e-01,-2.355944067239761353e-01,6.448515504598617554e-02,5.354563593864440918e-01,-8.079600334167480469e-01,2.459412068128585815e-01,0.000000000000000000e+00
1.802761405706405640e-01,1.492377966642379761e-01,1.649990975856781006e-01,6.086109280586242676e-01,5.234848856925964355e-01,5.962854027748107910e-01,0.000000000000000000e+00
2.397329062223434448e-01,-9.370586276054382324e-02,-1.225668564438819885e-01,8.483961820602416992e-01,-3.079386651515960693e-01,-4.305782616138458252e-01,0.000000000000000000e+00
2.368050217628479004e-01,-1.683309115469455719e-02,-1.566115468740463257e-01,8.354081511497497559e-01,-4.913770407438278198e-02,-5.474291443824768066e-01,0.000000000000000000e+00
1.321226358413696289e-01,-1.977224051952362061e-01,1.640691161155700684e-01,5.130381584167480469e-01,-6.738135218620300293e-01,5.317586064338684082e-01,0.000000000000000000e+00
-2.496024668216705322e-01,-6.125655770301818848e-02,1.408292502164840698e-01,-8.338487744331359863e-01,-1.835817098617553711e-01,5.205708146095275879e-01,0.000000000000000000e+00
-2.362544536590576172e-01,-9.766349941492080688e-02,1.424266397953033447e-01,-8.559510707855224609e-01,-3.467646837234497070e-01,3.835388422012329102e-01,0.000000000000000000e+00
-2.406566143035888672e-01,-1.394362747669219971e-01,9.118510037660598755e-02,-8.241066932678222656e-01,-4.716139733791351318e-01,3.137331008911132812e-01,0.000000000000000000e+00
1.862032711505889893e-01,-9.572014957666397095e-02,1.952384859323501587e-01,6.426548957824707031e-01,-3.591397702693939209e-01,6.767668128013610840e-01,0.000000000000000000e+00
-1.919016242027282715e-01,-1.972260028123855591e-01,-9.756908565759658813e-02,-7.388724088668823242e-01,-6.157729625701904297e-01,-2.736626863479614258e-01,0.000000000000000000e+00
-1.081413626670837402e-01,1.689499467611312866e-01,-2.097670137882232666e-01,-3.954447805881500244e-01,5.542238354682922363e-01,-7.324338555335998535e-01,0.000000000000000000e+00
-1.731557995080947876e-01,-2.309002280235290527e-01,4.781662300229072571e-02,-6.555905938148498535e-01,-7.366240620613098145e-01,1.660904288291931152e-01,0.000000000000000000e+00
2.103279232978820801e-01,-1.492923051118850708e-01,1.249822080135345459e-01,6.874117851257324219e-01,-5.188868641853332520e-01,5.081549882888793945e-01,0.000000000000000000e+00
-1.947365999221801758e-01,1.355667263269424438e-01,-1.680322885513305664e-01,-6.610915064811706543e-01,5.411142110824584961e-01,-5.197628140449523926e-01,0.000000000000000000e+00
-6.430717557668685913e-02,-1.732353270053863525e-01,2.258465439081192017e-01,-2.264581769704818726e-01,-5.378635525703430176e-01,8.120464682579040527e-01,0.000000000000000000e+00
-2.762815356254577637e-01,7.430401444435119629e-02,-5.013925209641456604e-02,-8.772905468940734863e-01,3.288925886154174805e-01,-3.495582044124603271e-01,0.000000000000000000e+00
2.527695000171661377e-01,4.846998304128646851e-02,-1.217749416828155518e-01,9.235697984695434570e-01,3.409601151943206787e-01,-1.753997057676315308e-01,0.000000000000000000e+00
-2.328833341598510742e-01,-9.406698495149612427e-02,1.507890969514846802e-01,-8.366825580596923828e-01,-2.942370772361755371e-01,4.619380831718444824e-01,0.000000000000000000e+00
-9.032871574163436890e-02,-1.346022784709930420e-01,2.357764542102813721e-01,-2.578465640544891357e-01,-5.318968892097473145e-01,8.065983057022094727e-01,0.000000000000000000e+00
-3.451778739690780640e-02,2.659900188446044922e-01,-1.064749509096145630e-01,-1.351465880870819092e-01,9.118806123733520508e-01,-3.875682950019836426e-01,0.000000000000000000e+00
1.597630530595779419e-01,-1.146033406257629395e-01,-2.072995305061340332e-01,4.962421953678131104e-01,-3.894388973712921143e-01,-7.759388089179992676e-01,0.000000000000000000e+00
2.606720328330993652e-01,-4.061774909496307373e-02,-1.094350665807723999e-01,9.151918888092041016e-01,-1.588179022073745728e-01,-3.704060614109039307e-01,0.000000000000000000e+00
-7.107222080230712891e-02,5.611189454793930054e-02,2.762484252452850342e-01,-2.331001758575439453e-01,2.229954153299331665e-01,9.465397000312805176e-01,0.000000000000000000e+00
-2.505270242691040039e-01,1.366078108549118042e-01,-1.187527459114789963e-02,-9.002836942672729492e-01,4.352594017982482910e-01,-6.202483084052801132e-03,0.000000000000000000e+00
-1.729389578104019165e-01,1.941831409931182861e-01,1.334813088178634644e-01,-5.723147988319396973e-01,6.501147150993347168e-01,4.998065531253814697e-01,0.000000000000000000e+00
4.762175679206848145e-02,1.101867407560348511e-01,-2.620108127593994141e-01,1.822514832019805908e-01,3.713306188583374023e-01,-9.104383587837219238e-01,0.000000000000000000e+00
2.041447460651397705e-01,8.019587397575378418e-02,1.837647408246994019e-01,6.986851096153259277e-01,2.524521648883819580e-01,6.694079637527465820e-01,0.000000000000000000e+00
-1.335973739624023438e-01,-2.548733651638031006e-01,-5.345839262008666992e-02,-4.617890715599060059e-01,-8.605811595916748047e-01,-2.148276716470718384e-01,0.000000000000000000e+00
-2.629405856132507324e-01,-1.029370054602622986e-01,7.109924405813217163e-02,-9.175687432289123535e-01,-3.373771011829376221e-01,2.103431820869445801e-01,0.000000000000000000e+00
6.974329799413681030e-02,-6.806186586618423462e-02,2.680719196796417236e-01,2.253740280866622925e-01,-1.067389324307441711e-01,9.684076309204101562e-01,0.000000000000000000e+00
-2.992588095366954803e-02,-9.525505453348159790e-02,-2.708723545074462891e-01,-1.170738786458969116e-01,-3.472324609756469727e-01,-9.304425120353698730e-01,0.000000000000000000e+00
1.516336947679519653e-01,7.233574986457824707e-02,-2.344905436038970947e-01,6.232655644416809082e-01,2.871909141540527344e-01,-7.273660302162170410e-01,0.000000000000000000e+00
-3.668871149420738220e-02,2.556629478931427002e-01,-1.305762231349945068e-01,-1.100752800703048706e-01,8.826867341995239258e-01,-4.568889737129211426e-01,0.000000000000000000e+00
-1.670463359914720058e-03,-1.538705676794052124e-01,2.476375252008438110e-01,2.373716421425342560e-02,-4.982553422451019287e-01,8.667053580284118652e-01,0.000000000000000000e+00
-1.690044254064559937e-01,-1.166473105549812317e-01,-2.074092030525207520e-01,-5.421317219734191895e-01,-4.065715968608856201e-01,-7.353861331939697266e-01,0.000000000000000000e+00
7.685011625289916992e-02,7.637699693441390991e-02,-2.661669850349426270e-01,2.933074831962585449e-01,2.597689926624298096e-01,-9.200493097305297852e-01,0.000000000000000000e+00
2.837005555629730225e-01,1.770900934934616089e-02,-3.218541154637932777e-03,9.992281198501586914e-01,3.861386328935623169e-02,7.220472209155559540e-03,0.000000000000000000e+00
-6.771694123744964600e-02,2.722761929035186768e-01,-6.515416502952575684e-02,-1.615248918533325195e-01,9.594930410385131836e-01,-2.308307439088821411e-01,0.000000000000000000e+00
-1.852959841489791870e-01,-1.155964192003011703e-02,-2.193429768085479736e-01,-5.300880074501037598e-01,1.116422340273857117e-01,-8.405609726905822754e-01,0.000000000000000000e+00
1.731648743152618408e-01,1.786172688007354736e-01,1.402069479227066040e-01,6.508176922798156738e-01,5.848717093467712402e-01,4.841088652610778809e-01,0.000000000000000000e+00
2.572090625762939453e-01,1.229567080736160278e-01,-1.034980174154043198e-02,9.154397249221801758e-01,4.015473127365112305e-01,2.701530419290065765e-02,0.000000000000000000e+00
7.976569980382919312e-02,8.314643055200576782e-02,2.649872004985809326e-01,1.940100193023681641e-01,2.826974689960479736e-01,9.393839836120605469e-01,0.000000000000000000e+00
-1.072612181305885315e-01,-1.466981172561645508e-01,2.219582498073577881e-01,-1.586308628320693970e-01,-6.391627788543701172e-01,7.525338530540466309e-01,0.000000000000000000e+00
6.784727424383163452e-02,2.470207959413528442e-01,-1.320656985044479370e-01,2.918264865875244141e-01,8.254951834678649902e-01,-4.831097126007080078e-01,0.000000000000000000e+00
-1.595987230539321899e-01,-1.197052299976348877e-01,2.144832611083984375e-01,-5.612030029296875000e-01,-3.697937130928039551e-01,7.404753565788269043e-01,0.000000000000000000e+00
-2.912947237491607666e-01,3.306636214256286621e-02,-4.560135770589113235e-03,-9.996249079704284668e-01,2.412500977516174316e-02,-1.296070311218500137e-02,0.000000000000000000e+00
2.829010225832462311e-02,1.710690706968307495e-01,-2.317140996456146240e-01,1.686125844717025757e-01,5.200238823890686035e-01,-8.373439908027648926e-01,0.000000000000000000e+00
-2.779654860496520996e-01,-2.346637658774852753e-02,-8.956533670425415039e-02,-9.497709274291992188e-01,-1.112279817461967468e-01,-2.925123870372772217e-01,0.000000000000000000e+00
-2.656795382499694824e-01,-1.111293062567710876e-01,3.802609816193580627e-02,-9.392183423042297363e-01,-3.229430913925170898e-01,1.165188550949096680e-01,0.000000000000000000e+00
-1.369881536811590195e-02,5.050551891326904297e-02,2.859317660331726074e-01,-7.062468677759170532e-02,1.590941697359085083e-01,9.847340583801269531e-01,0.000000000000000000e+00
2.520197927951812744e-01,1.250860393047332764e-01,-4.848815500736236572e-02,8.952183723449707031e-01,4.197518825531005859e-01,-1.496409922838211060e-01,0.000000000000000000e+00
1.446912437677383423e-01,2.011829465627670288e-01,1.444558501243591309e-01,5.144379734992980957e-01,6.960319280624389648e-01,5.008923411369323730e-01,0.000000000000000000e+00
-2.522196769714355469e-01,-8.547711372375488281e-02,-1.224315539002418518e-01,-8.709467053413391113e-01,-3.218382298946380615e-01,-3.713111281394958496e-01,0.000000000000000000e+00
-1.246975213289260864e-01,5.514500662684440613e-02,2.585149407386779785e-01,-3.867529630661010742e-01,1.951422393321990967e-01,9.012999534606933594e-01,0.000000000000000000e+00
-2.341054752469062805e-02,-2.572367787361145020e-01,-1.178028658032417297e-01,-1.709316670894622803e-02,-9.035074710845947266e-01,-4.282313585281372070e-01,0.000000000000000000e+00
1.916921138763427734e-01,1.898513585329055786e-01,-9.637264907360076904e-02,6.240469217300415039e-01,6.829332113265991211e-01,-3.796940743923187256e-01,0.000000000000000000e+00
-2.893937230110168457e-01,5.564036220312118530e-02,4.200878087431192398e-03,-9.929260611534118652e-01,1.113406419754028320e-01,4.124388843774795532e-02,0.000000000000000000e+00
1.040773019194602966e-01,9.942313283681869507e-02,2.497002929449081421e-01,3.383997976779937744e-01,3.524562418460845947e-01,8.725022673606872559e-01,0.000000000000000000e+00
-1.103522814810276031e-02,6.599387526512145996e-02,-2.807398438453674316e-01,-7.917334884405136108e-02,1.875340491533279419e-01,-9.790620803833007812e-01,0.000000000000000000e+00
-1.250692456960678101e-01,1.293930113315582275e-01,2.312186807394027710e-01,-3.891319036483764648e-01,5.430817604064941406e-01,7.440689206123352051e-01,0.000000000000000000e+00
1.073078289628028870e-01,-1.421941816806793213e-01,2.239559292793273926e-01,3.566623330116271973e-01,-5.079590082168579102e-01,7.840724587440490723e-01,0.000000000000000000e+00
-9.825326502323150635e-02,1.286816745996475220e-01,-2.405525296926498413e-01,-3.362351953983306885e-01,4.440647065639495850e-01,-8.305133581161499023e-01,0.000000000000000000e+00
1.468532383441925049e-01,-2.058474272489547729e-01,-1.337539702653884888e-01,5.911317467689514160e-01,-6.724846959114074707e-01,-4.453398585319519043e-01,0.000000000000000000e+00
6.128608435392379761e-02,1.448132693767547607e-01,2.424250245094299316e-01,2.474780082702636719e-01,5.664836168289184570e-01,7.860349416732788086e-01,0.000000000000000000e+00
2.635093331336975098e-01,8.324217051267623901e-02,-7.049652189016342163e-02,9.277401566505432129e-01,2.121881842613220215e-01,-3.070412576198577881e-01,0.000000000000000000e+00
-2.928507924079895020e-01,-2.834294224157929420e-03,-4.168667364865541458e-03,-9.988597631454467773e-01,1.475178636610507965e-02,4.540396481752395630e-02,0.000000000000000000e+00
-1.482565253973007202e-01,2.477363348007202148e-01,-3.425932303071022034e-02,-4.600634574890136719e-01,8.785156607627868652e-01,-1.286541968584060669e-01,0.000000000000000000e+00
-1.302355080842971802e-01,-5.608501285314559937e-02,2.572660148143768311e-01,-4.221347868442535400e-01,-1.078510209918022156e-01,9.000946283340454102e-01,0.000000000000000000e+00
2.751231491565704346e-01,6.675049662590026855e-02,2.358697168529033661e-02,9.662384390830993652e-01,2.426910549402236938e-01,8.651228249073028564e-02,0.000000000000000000e+00
8.158420771360397339e-02,2.315191179513931274e-02,2.748877108097076416e-01,3.348372280597686768e-01,4.231735318899154663e-02,9.413252472877502441e-01,0.000000000000000000e+00
-7.084381580352783203e-02,2.042696774005889893e-01,1.937063038349151611e-01,-2.514804005622863770e-01,7.192499637603759766e-01,6.476396322250366211e-01,0.000000000000000000e+00
-1.440774649381637573e-01,2.302879840135574341e-01,-1.057175621390342712e-01,-4.882822930812835693e-01,7.727301120758056641e-01,-4.055472314357757568e-01,0.000000000000000000e+00
-8.297404646873474121e-02,1.739359349012374878e-01,2.184863537549972534e-01,-3.064206540584564209e-01,5.935192704200744629e-01,7.442051172256469727e-01,0.000000000000000000e+00
1.296079009771347046e-01,-1.372044980525970459e-01,-2.164036631584167480e-01,4.267311096191406250e-01,-4.261731505393981934e-01,-7.976697087287902832e-01,0.000000000000000000e+00
-2.279053628444671631e-01,-1.154480576515197754e-01,-1.425732076168060303e-01,-7.461026906967163086e-01,-4.052963256835937500e-01,-5.282666087150573730e-01,0.000000000000000000e+00
6.927338242530822754e-02,2.176738232374191284e-01,-1.758362501859664917e-01,2.371990084648132324e-01,7.554483413696289062e-01,-6.107654571533203125e-01,0.000000000000000000e+00
-1.793194264173507690e-01,-1.588428914546966553e-01,1.683417111635208130e-01,-5.804927349090576172e-01,-5.332661867141723633e-01,6.153497695922851562e-01,0.000000000000000000e+00
2.927311696112155914e-02,-2.123669087886810303e-01,1.959632188081741333e-01,8.545916527509689331e-02,-7.686366438865661621e-01,6.339514255523681641e-01,0.000000000000000000e+00
-2.142693400382995605e-01,-1.363289505243301392e-01,1.472140401601791382e-01,-6.734165549278259277e-01,-5.357803106307983398e-01,5.093619823455810547e-01,0.000000000000000000e+00
4.882694035768508911e-02,1.774824969470500946e-02,2.854859530925750732e-01,1.207887977361679077e-01,6.312031298875808716e-02,9.906694293022155762e-01,0.000000000000000000e+00
-2.090593576431274414e-01,-1.540349423885345459e-01,-1.314889341592788696e-01,-7.024943828582763672e-01,-6.008232831954956055e-01,-3.814617097377777100e-01,0.000000000000000000e+00
1.397647410631179810e-01,2.164054065942764282e-01,1.280704885721206665e-01,4.876683056354522705e-01,7.176358103752136230e-01,4.971705079078674316e-01,0.000000000000000000e+00
-2.552115358412265778e-02,1.909216195344924927e-01,-2.165510654449462891e-01,-4.551022872328758240e-02,6.634733080863952637e-01,-7.468145489692687988e-01,0.000000000000000000e+00
-1.996415406465530396e-01,-2.014622241258621216e-01,-7.176261395215988159e-02,-6.470732688903808594e-01,-7.369065880775451660e-01,-1.956140697002410889e-01,0.000000000000000000e+00
-1.463761180639266968e-01,2.472091615200042725e-01,-4.444744810461997986e-02,-4.703789353370666504e-01,8.717197179794311523e-01,-1.372895687818527222e-01,0.000000000000000000e+00
-4.708112403750419617e-02,1.824012994766235352e-01,2.203826159238815308e-01,-1.686529964208602905e-01,6.462379693984985352e-01,7.442665100097656250e-01,0.000000000000000000e+00
-1.626276373863220215e-01,-1.459047347307205200e-01,1.948258578777313232e-01,-5.341941118240356445e-01,-5.061598420143127441e-01,6.770811676979064941e-01,0.000000000000000000e+00
-7.059350609779357910e-02,-2.748346924781799316e-01,-6.354419142007827759e-02,-1.168474927544593811e-01,-9.734857082366943359e-01,-1.966524571180343628e-01,0.000000000000000000e+00
2.337310612201690674e-01,-5.677533894777297974e-02,1.450225561857223511e-01,8.673307895660400391e-01,-5.609860271215438843e-02,4.945607185363769531e-01,0.000000000000000000e+00
1.770540177822113037e-01,-9.428214281797409058e-02,2.044095396995544434e-01,6.339424848556518555e-01,-3.267708420753479004e-01,7.009548544883728027e-01,0.000000000000000000e+00
-2.734539508819580078e-01,-8.262827247381210327e-02,4.752243310213088989e-02,-9.508500695228576660e-01,-2.795627713203430176e-01,1.331494450569152832e-01,0.000000000000000000e+00
-1.049618721008300781e-01,-2.712687849998474121e-01,-2.995420061051845551e-02,-3.778019845485687256e-01,-9.233682751655578613e-01,-6.823988258838653564e-02,0.000000000000000000e+00
2.050718814134597778e-01,-9.040342271327972412e-02,-1.744910180568695068e-01,7.432203292846679688e-01,-3.901133537292480469e-01,-5.435394048690795898e-01,0.000000000000000000e+00
-2.033233791589736938e-01,1.822963207960128784e-01,-1.015024185180664062e-01,-7.045891284942626953e-01,5.718974471092224121e-01,-4.201042056083679199e-01,0.000000000000000000e+00
-2.031637728214263916e-01,-1.960708945989608765e-01,-7.504452019929885864e-02,-6.962173581123352051e-01,-6.340987086296081543e-01,-3.364523649215698242e-01,0.000000000000000000e+00
4.308489337563514709e-02,-8.862695097923278809e-02,2.708997726440429688e-01,1.656614094972610474e-01,-2.010197937488555908e-01,9.654777646064758301e-01,0.000000000000000000e+00
-1.989302486181259155e-01,-2.140073329210281372e-01,2.309052087366580963e-02,-6.424091458320617676e-01,-7.652544379234313965e-01,4.118458181619644165e-02,0.000000000000000000e+00
1.908258944749832153e-01,2.109160125255584717e-01,-3.761323168873786926e-02,6.949906945228576660e-01,7.099439501762390137e-01,-1.138751953840255737e-01,0.000000000000000000e+00
-7.587187737226486206e-02,2.676460444927215576e-01,5.359475314617156982e-02,-2.235173285007476807e-01,9.351161122322082520e-01,2.749506533145904541e-01,0.000000000000000000e+00
-2.685941755771636963e-01,7.490754127502441406e-02,8.814898878335952759e-02,-9.217797517776489258e-01,1.783967614173889160e-01,3.442334532737731934e-01,0.000000000000000000e+00
-2.655362784862518311e-01,-4.978791251778602600e-02,-1.115787178277969360e-01,-8.911375999450683594e-01,-1.903488188982009888e-01,-4.118751585483551025e-01,0.000000000000000000e+00
2.791231572628021240e-01,5.037633329629898071e-02,6.672283168882131577e-03,9.854847788810729980e-01,1.690914034843444824e-01,1.509288419038057327e-02,0.000000000000000000e+00
-2.214246839284896851e-01,-8.932971954345703125e-02,-1.684762984514236450e-01,-8.057578802108764648e-01,-2.489873319864273071e-01,-5.373634696006774902e-01,0.000000000000000000e+00
1.557893007993698120e-01,-1.307353973388671875e-01,2.011297643184661865e-01,5.561297535896301270e-01,-4.196036756038665771e-01,7.173928022384643555e-01,0.000000000000000000e+00
1.180884987115859985e-02,-6.784146279096603394e-02,-2.808439135551452637e-01,7.883332669734954834e-02,-2.770681083202362061e-01,-9.576108455657958984e-01,0.000000000000000000e+00
2.775036394596099854e-01,1.889494806528091431e-02,-4.699834063649177551e-02,9.371881484985351562e-01,-1.411376297473907471e-01,-3.189961612224578857e-01,0.000000000000000000e+00
1.008394509553909302e-01,1.181316673755645752e-01,2.430354952812194824e-01,3.359951078891754150e-01,3.815796375274658203e-01,8.611063957214355469e-01,0.000000000000000000e+00
-2.736513316631317139e-01,-9.714210778474807739e-02,-3.244738653302192688e-02,-9.509441852569580078e-01,-2.984308600425720215e-01,-8.151190727949142456e-02,0.000000000000000000e+00
1.443968266248703003e-01,-8.081833273172378540e-02,-2.333511114120483398e-01,4.800699353218078613e-01,-3.676317930221557617e-01,-7.964795827865600586e-01,0.000000000000000000e+00
4.815462231636047363e-02,2.692214846611022949e-01,-9.064702689647674561e-02,1.640386581420898438e-01,9.451412558555603027e-01,-2.824876606464385986e-01,0.000000000000000000e+00
4.028653725981712341e-02,9.241477819159626961e-04,2.866364419460296631e-01,1.968606710433959961e-01,-4.695411399006843567e-02,9.793064594268798828e-01,0.000000000000000000e+00
-1.556404978036880493e-01,1.985896080732345581e-01,1.467898786067962646e-01,-4.622265696525573730e-01,7.592577934265136719e-01,4.581202864646911621e-01,0.000000000000000000e+00
1.597263216972351074e-01,-1.411639899015426636e-01,-1.890445053577423096e-01,5.342589020729064941e-01,-5.252949595451354980e-01,-6.622934341430664062e-01,0.000000000000000000e+00
1.287449896335601807e-01,-2.549059689044952393e-01,3.329565748572349548e-02,4.868870675563812256e-01,-8.719547986984252930e-01,5.133976414799690247e-02,0.000000000000000000e+00
6.774641573429107666e-02,2.780272960662841797e-01,2.140107005834579468e-02,2.080088853836059570e-01,9.751266241073608398e-01,7.655307650566101074e-02,0.000000000000000000e+00
2.488118112087249756e-01,-1.322676986455917358e-01,-5.613011866807937622e-02,8.941767811775207520e-01,-4.335109293460845947e-01,-1.118755638599395752e-01,0.000000000000000000e+00
2.659648060798645020e-01,-2.863386459648609161e-02,-9.920059144496917725e-02,9.048846364021301270e-01,-7.645385712385177612e-02,-4.187345504760742188e-01,0.000000000000000000e+00
1.285928040742874146e-01,-2.134037762880325317e-01,1.463672071695327759e-01,4.384896457195281982e-01,-7.540215253829956055e-01,4.890586137771606445e-01,0.000000000000000000e+00
-8.005240559577941895e-02,2.591734826564788818e-01,1.000125780701637268e-01,-2.878342568874359131e-01,9.142643213272094727e-01,2.850827276706695557e-01,0.000000000000000000e+00
-2.732310891151428223e-01,-9.960483014583587646e-02,-1.976228505373001099e-02,-9.510151147842407227e-01,-3.089643120765686035e-01,-1.054955553263425827e-02,0.000000000000000000e+00
-2.739823162555694580e-01,2.623231383040547371e-03,1.029557585716247559e-01,-9.522023200988769531e-01,-2.508546784520149231e-02,3.044362962245941162e-01,0.000000000000000000e+00
-1.077681779861450195e-02,1.591957062482833862e-01,2.416807264089584351e-01,-6.389131397008895874e-02,4.777043759822845459e-01,8.761942982673645020e-01,0.000000000000000000e+00
-1.146183609962463379e-01,5.930681899189949036e-02,2.618262469768524170e-01,-3.085397183895111084e-01,2.406232357025146484e-01,9.202737212181091309e-01,0.000000000000000000e+00
-1.482959538698196411e-01,-1.864084750413894653e-01,-1.669799238443374634e-01,-5.402613878250122070e-01,-5.869582295417785645e-01,-6.029905676841735840e-01,0.000000000000000000e+00
1.007237583398818970e-01,1.467597670853137970e-02,-2.691529393196105957e-01,2.923630177974700928e-01,1.607986539602279663e-02,-9.561722278594970703e-01,0.000000000000000000e+00
2.136729359626770020e-01,-1.837030798196792603e-01,4.860508069396018982e-02,7.371656298637390137e-01,-6.518414020538330078e-01,1.780158281326293945e-01,0.000000000000000000e+00
-4.164812341332435608e-02,-2.853076159954071045e-01,4.793553799390792847e-02,-2.207011282444000244e-01,-9.698088169097900391e-01,1.037394106388092041e-01,0.000000000000000000e+00
-1.246265694499015808e-01,-1.318784505128860474e-01,-2.270136475563049316e-01,-4.357075095176696777e-01,-4.397392570972442627e-01,-7.853587269783020020e-01,0.000000000000000000e+00
6.891758739948272705e-02,-2.546282708644866943e-01,1.158811524510383606e-01,1.968121677637100220e-01,-8.671088814735412598e-01,4.575884044170379639e-01,0.000000000000000000e+00
-7.055661827325820923e-02,4.699211567640304565e-02,-2.762531042098999023e-01,-2.698032259941101074e-01,2.074270397424697876e-01,-9.403085708618164062e-01,0.000000000000000000e+00
-1.443381905555725098e-01,1.235031336545944214e-01,-2.197536230087280273e-01,-4.372544586658477783e-01,4.332545399665832520e-01,-7.880983352661132812e-01,0.000000000000000000e+00
-1.868523098528385162e-02,-2.924185693264007568e-01,9.770564734935760498e-03,-1.288501918315887451e-01,-9.916626811027526855e-01,-1.650491962209343910e-03,0.000000000000000000e+00
4.484113678336143494e-02,2.797435820102691650e-01,1.535463985055685043e-02,1.592115871608257294e-02,9.917030334472656250e-01,-1.275604516267776489e-01,0.000000000000000000e+00
-5.090834572911262512e-02,2.713448405265808105e-01,6.656719744205474854e-02,-2.479462027549743652e-01,9.667501449584960938e-01,6.258431077003479004e-02,0.000000000000000000e+00
2.283846139907836914e-01,2.250923030078411102e-02,1.696508228778839111e-01,8.377963900566101074e-01,5.544274300336837769e-02,5.431604981422424316e-01,0.000000000000000000e+00
1.143935993313789368e-01,2.539624869823455811e-01,-6.210846453905105591e-02,2.161702960729598999e-01,8.914149403572082520e-01,-3.983086347579956055e-01,0.000000000000000000e+00
-5.445447564125061035e-02,-2.214729338884353638e-01,1.829441189765930176e-01,-1.848963648080825806e-01,-7.693811058998107910e-01,6.114458441734313965e-01,0.000000000000000000e+00
1.529831737279891968e-01,-2.054546326398849487e-01,1.316407322883605957e-01,6.434701085090637207e-01,-6.140441298484802246e-01,4.570514559745788574e-01,0.000000000000000000e+00
7.008292526006698608e-02,-1.055961698293685913e-01,-2.595810294151306152e-01,2.216305136680603027e-01,-3.398180902004241943e-01,-9.140041470527648926e-01,0.000000000000000000e+00
-1.071167364716529846e-01,-2.367452681064605713e-01,-1.345516741275787354e-01,-3.796359002590179443e-01,-7.629699707031250000e-01,-5.232144594192504883e-01,0.000000000000000000e+00
1.525388807058334351e-01,-1.162779778242111206e-01,2.133424431085586548e-01,5.548014044761657715e-01,-4.745050966739654541e-01,6.834034919738769531e-01,0.000000000000000000e+00
-7.035953551530838013e-02,8.967445045709609985e-02,-2.661089897155761719e-01,-2.719073891639709473e-01,2.558372318744659424e-01,-9.276926517486572266e-01,0.000000000000000000e+00
2.489089220762252808e-01,1.395845711231231689e-01,-2.449450641870498657e-02,8.967291712760925293e-01,4.288375675678253174e-01,-1.094310805201530457e-01,0.000000000000000000e+00
-2.865279316902160645e-01,6.388984620571136475e-02,1.634464412927627563e-02,-9.496204853057861328e-01,2.903178036212921143e-01,1.180527955293655396e-01,0.000000000000000000e+00
-2.684232294559478760e-01,1.002813503146171570e-01,-3.640137240290641785e-02,-7.503383755683898926e-01,5.696526765823364258e-01,-3.353925347328186035e-01,0.000000000000000000e+00
-2.807101793587207794e-02,1.396743655204772949e-01,-2.517457902431488037e-01,-2.024808153510093689e-02,4.974672198295593262e-01,-8.672464489936828613e-01,0.000000000000000000e+00
1.420404314994812012e-01,1.191115006804466248e-01,-2.187389284372329712e-01,5.135248899459838867e-01,4.282280206680297852e-01,-7.435811758041381836e-01,0.000000000000000000e+00
2.223809063434600830e-01,-1.122926250100135803e-01,1.409284919500350952e-01,7.558301091194152832e-01,-4.021528959274291992e-01,5.167145133018493652e-01,0.000000000000000000e+00
6.927827745676040649e-02,2.739001810550689697e-01,-1.534825935959815979e-02,7.410952448844909668e-02,9.781857728958129883e-01,-1.940627694129943848e-01,0.000000000000000000e+00
2.397691644728183746e-02,1.343210637569427490e-01,-2.534210383892059326e-01,1.147870793938636780e-01,4.447789192199707031e-01,-8.882542848587036133e-01,0.000000000000000000e+00
-2.162698358297348022e-01,-3.701561689376831055e-02,1.942834854125976562e-01,-7.459152340888977051e-01,-9.771244972944259644e-02,6.588343977928161621e-01,0.000000000000000000e+00
-8.151078969240188599e-02,-2.557401061058044434e-01,1.161296591162681580e-01,-3.713448047637939453e-01,-8.947500586509704590e-01,2.480430901050567627e-01,0.000000000000000000e+00
-9.680832922458648682e-02,-4.747046530246734619e-02,2.723896801471710205e-01,-2.592580318450927734e-01,-2.138054817914962769e-01,9.418452382087707520e-01,0.000000000000000000e+00
4.980962723493576050e-03,-9.892787039279937744e-02,-2.710330784320831299e-01,5.661153048276901245e-02,-3.681639730930328369e-01,-9.280357956886291504e-01,0.000000000000000000e+00
-2.113609313964843750e-01,1.880192011594772339e-01,5.514617636799812317e-02,-5.796237587928771973e-01,8.039618730545043945e-01,-1.329722255468368530e-01,0.000000000000000000e+00
1.127244755625724792e-01,2.050504237413406372e-01,1.669828742742538452e-01,4.381647408008575439e-01,7.128372788429260254e-01,5.476081371307373047e-01,0.000000000000000000e+00
7.758988440036773682e-02,-2.695631384849548340e-01,-7.084628194570541382e-02,3.006871640682220459e-01,-9.109634160995483398e-01,-2.823700308799743652e-01,0.000000000000000000e+00
-2.882935106754302979e-01,6.192131340503692627e-02,9.225530666299164295e-04,-9.822941422462463379e-01,1.858197599649429321e-01,-2.385771088302135468e-02,0.000000000000000000e+00
-2.250622361898422241e-01,-9.218910336494445801e-02,-1.617334634065628052e-01,-7.966139912605285645e-01,-2.500582337379455566e-01,-5.503426194190979004e-01,0.000000000000000000e+00
3.562297439202666283e-03,2.655768394470214844e-01,-1.129838451743125916e-01,-4.669148102402687073e-02,9.258500337600708008e-01,-3.749954402446746826e-01,0.000000000000000000e+00
2.562197744846343994e-01,-1.209385320544242859e-01,4.628385230898857117e-02,8.921134471893310547e-01,-3.985907435417175293e-01,2.127417623996734619e-01,0.000000000000000000e+00
-2.209966033697128296e-01,-1.610996723175048828e-01,1.060864999890327454e-01,-7.626636028289794922e-01,-5.706966519355773926e-01,3.043838739395141602e-01,0.000000000000000000e+00
-2.402302175760269165e-01,4.801693931221961975e-02,1.605698913335800171e-01,-8.011908531188964844e-01,2.106218189001083374e-01,5.601175427436828613e-01,0.000000000000000000e+00
1.580401808023452759e-01,-2.131362110376358032e-01,1.123937144875526428e-01,6.054464578628540039e-01,-6.759942173957824707e-01,4.200789928436279297e-01,0.000000000000000000e+00
1.619239300489425659e-01,1.289416998624801636e-01,1.987654864788055420e-01,5.677310824394226074e-01,4.536145925521850586e-01,6.869608759880065918e-01,0.000000000000000000e+00
1.576081812381744385e-01,1.792616210877895355e-02,-2.387030273675918579e-01,4.899754226207733154e-01,-4.628152027726173401e-02,-8.705068230628967285e-01,0.000000000000000000e+00
-2.189251184463500977e-01,-1.853118985891342163e-01,5.534566566348075867e-02,-7.716992497444152832e-01,-5.569850802421569824e-01,3.069981038570404053e-01,0.000000000000000000e+00
-2.513916790485382080e-01,1.319121569395065308e-01,-6.457163393497467041e-02,-8.805360198020935059e-01,4.377183318138122559e-01,-1.818211823701858521e-01,0.000000000000000000e+00
1.593520641326904297e-01,4.070175066590309143e-02,-2.363980412483215332e-01,4.821892976760864258e-01,1.797021478414535522e-01,-8.574383854866027832e-01,0.000000000000000000e+00
2.990162931382656097e-02,-2.861736714839935303e-01,-5.294403061270713806e-02,1.005226820707321167e-01,-9.639637470245361328e-01,-2.463109791278839111e-01,0.000000000000000000e+00
-2.739201765507459641e-03,1.569349318742752075e-01,2.431105077266693115e-01,9.046556428074836731e-03,5.248873829841613770e-01,8.511236310005187988e-01,0.000000000000000000e+00
2.831572592258453369e-01,1.620375178754329681e-02,2.308383584022521973e-02,9.888976216316223145e-01,1.175251826643943787e-01,9.093567728996276855e-02,0.000000000000000000e+00
1.201784163713455200e-01,-1.940364092588424683e-01,-1.733748614788055420e-01,4.164223670959472656e-01,-6.699459552764892578e-01,-6.146257519721984863e-01,0.000000000000000000e+00
-1.396592259407043457e-01,-4.292988777160644531e-02,2.534603476524353027e-01,-4.691275358200073242e-01,-3.775506466627120972e-02,8.823230266571044922e-01,0.000000000000000000e+00
-1.839175969362258911e-01,2.016265690326690674e-02,-2.182406038045883179e-01,-6.926701068878173828e-01,-9.026442468166351318e-02,-7.155839800834655762e-01,0.000000000000000000e+00
4.124969709664583206e-03,-1.080471128225326538e-01,2.693312466144561768e-01,1.670607179403305054e-02,-3.073798716068267822e-01,9.514402151107788086e-01,0.000000000000000000e+00
1.290428489446640015e-01,-8.115497231483459473e-02,2.424599528312683105e-01,3.762550354003906250e-01,-2.228414565324783325e-01,8.993185162544250488e-01,0.000000000000000000e+00
2.599839568138122559e-01,1.103479713201522827e-01,-4.257921874523162842e-02,8.963984251022338867e-01,4.211068153381347656e-01,-1.383433043956756592e-01,0.000000000000000000e+00
4.902702197432518005e-02,-3.468751907348632812e-02,-2.817438244819641113e-01,1.723218709230422974e-01,-1.468675434589385986e-01,-9.740303158760070801e-01,0.000000000000000000e+00
-7.825766503810882568e-02,2.187146991491317749e-01,-1.738085299730300903e-01,-3.021110892295837402e-01,7.302235364913940430e-01,-6.127825975418090820e-01,0.000000000000000000e+00
1.925285719335079193e-02,-2.831160426139831543e-01,-6.635615974664688110e-02,5.453917011618614197e-02,-9.524790048599243164e-01,-2.996817827224731445e-01,0.000000000000000000e+00
1.022306978702545166e-01,1.891246736049652100e-01,-1.912648677825927734e-01,3.939053714275360107e-01,6.510170698165893555e-01,-6.488569378852844238e-01,0.000000000000000000e+00
5.443483218550682068e-02,2.764055132865905762e-01,-5.101675167679786682e-03,5.416041240096092224e-02,9.851539134979248047e-01,-1.629061400890350342e-01,0.000000000000000000e+00
-9.963954240083694458e-02,-2.376064807176589966e-01,1.349007040262222290e-01,-6.250759959220886230e-01,-7.259823679924011230e-01,2.867571115493774414e-01,0.000000000000000000e+00
1.346788257360458374e-01,1.958193928003311157e-01,1.609265208244323730e-01,4.498171210289001465e-01,7.170484662055969238e-01,5.324528217315673828e-01,0.000000000000000000e+00
1.066575497388839722e-01,2.133361399173736572e-01,-1.607518047094345093e-01,4.044419825077056885e-01,7.135948538780212402e-01,-5.720219016075134277e-01,0.000000000000000000e+00
1.124081760644912720e-01,-1.751430928707122803e-01,-1.974575668573379517e-01,4.535307884216308594e-01,-5.992182493209838867e-01,-6.597327589988708496e-01,0.000000000000000000e+00
-1.497737318277359009e-01,1.685338281095027924e-02,-2.468550205230712891e-01,-6.042585968971252441e-01,5.920584127306938171e-02,-7.945855855941772461e-01,0.000000000000000000e+00
-8.694107085466384888e-02,-2.776259481906890869e-01,-1.204738300293684006e-02,-1.311860829591751099e-01,-9.913294315338134766e-01,7.496460806578397751e-03,0.000000000000000000e+00
-2.616715431213378906e-01,-8.969541639089584351e-02,9.320397675037384033e-02,-9.177498221397399902e-01,-2.464129924774169922e-01,3.114737272262573242e-01,0.000000000000000000e+00
1.835412681102752686e-01,-1.108189597725868225e-01,-1.873385608196258545e-01,4.741158485412597656e-01,-4.268548488616943359e-01,-7.700708508491516113e-01,0.000000000000000000e+00
-2.573649883270263672e-01,1.308034509420394897e-01,9.333346388302743435e-04,-7.073096632957458496e-01,6.734800338745117188e-01,-2.147968858480453491e-01,0.000000000000000000e+00
-6.492459774017333984e-02,2.265990376472473145e-01,1.687591522932052612e-01,-1.875948309898376465e-01,7.728262543678283691e-01,6.062572002410888672e-01,0.000000000000000000e+00
2.323041483759880066e-02,-2.440253645181655884e-01,-1.551337689161300659e-01,5.595923960208892822e-02,-8.292894959449768066e-01,-5.560103058815002441e-01,0.000000000000000000e+00
-6.199685484170913696e-02,2.750479280948638916e-01,4.013052582740783691e-02,-6.056676805019378662e-02,9.439719915390014648e-01,3.244203329086303711e-01,0.000000000000000000e+00
2.424814179539680481e-02,1.766816824674606323e-01,2.266950160264968872e-01,1.535109728574752808e-01,6.367242932319641113e-01,7.556563615798950195e-01,0.000000000000000000e+00
7.188987731933593750e-02,1.800367236137390137e-01,2.118830978870391846e-01,2.712455987930297852e-01,6.384053826332092285e-01,7.203224301338195801e-01,0.000000000000000000e+00
-2.914663255214691162e-01,1.363704097457230091e-03,-3.206476569175720215e-02,-9.979968667030334473e-01,-1.617457345128059387e-02,-6.116082146763801575e-02,0.000000000000000000e+00
-1.230111047625541687e-01,-4.743053764104843140e-02,2.615078687667846680e-01,-4.121916294097900391e-01,-7.488846033811569214e-02,9.080141782760620117e-01,0.000000000000000000e+00
9.832018613815307617e-02,2.639123797416687012e-01,5.654755234718322754e-02,3.413543105125427246e-01,9.188494086265563965e-01,1.979721337556838989e-01,0.000000000000000000e+00
2.087245136499404907e-02,-1.693202555179595947e-02,-2.865934967994689941e-01,6.047049164772033691e-02,-3.852774575352668762e-02,-9.974261522293090820e-01,0.000000000000000000e+00
-5.580043792724609375e-02,-8.974528312683105469e-02,-2.705572247505187988e-01,-1.372191607952117920e-01,-3.794392943382263184e-01,-9.149845242500305176e-01,0.000000000000000000e+00
-7.746006548404693604e-02,-1.532441377639770508e-01,2.322904020547866821e-01,-4.372595846652984619e-01,-3.959574103355407715e-01,8.074786663055419922e-01,0.000000000000000000e+00
1.532060205936431885e-01,-4.201428964734077454e-02,-2.391517907381057739e-01,4.809420108795166016e-01,-1.867545098066329956e-01,-8.566315174102783203e-01,0.000000000000000000e+00
-9.093014895915985107e-02,-3.909941762685775757e-02,2.747428119182586670e-01,-2.559245228767395020e-01,-8.033473044633865356e-02,9.633529782295227051e-01,0.000000000000000000e+00
1.144531369209289551e-01,-1.739031374454498291e-01,-1.971779763698577881e-01,4.535307884216308594e-01,-5.992182493209838867e-01,-6.597327589988708496e-01,0.000000000000000000e+00
-2.261571288108825684e-01,-1.813150048255920410e-01,-3.098206780850887299e-02,-7.406138777732849121e-01,-6.597972512245178223e-01,-1.271167844533920288e-01,0.000000000000000000e+00
2.725817859172821045e-01,8.002381771802902222e-02,-1.854840898886322975e-03,9.665561318397521973e-01,2.563794255256652832e-01,-6.232498213648796082e-03,0.000000000000000000e+00
3.049698472023010254e-02,1.060526371002197266e-01,2.681490480899810791e-01,1.839443892240524292e-01,3.324410319328308105e-01,9.250121116638183594e-01,0.000000000000000000e+00
2.660058736801147461e-01,-9.234338067471981049e-04,1.008250787854194641e-01,9.197543263435363770e-01,9.492175653576850891e-03,3.923797607421875000e-01,0.000000000000000000e+00
1.529241949319839478e-01,-2.255162596702575684e-01,9.532604366540908813e-02,5.293351411819458008e-01,-7.886153459548950195e-01,3.128739893436431885e-01,0.000000000000000000e+00
-4.656767472624778748e-02,6.009455025196075439e-02,-2.781258523464202881e-01,-1.269645541906356812e-01,2.054947912693023682e-01,-9.703875184059143066e-01,0.000000000000000000e+00
-5.684676766395568848e-02,-4.855378717184066772e-02,2.822982966899871826e-01,-1.071998924016952515e-01,-1.217284649610519409e-01,9.867575168609619141e-01,0.000000000000000000e+00
-1.838829517364501953e-01,-2.749577537178993225e-02,2.259178757667541504e-01,-6.475580930709838867e-01,-1.750041097402572632e-01,7.416482567787170410e-01,0.000000000000000000e+00
-1.439457088708877563e-01,-1.254708021879196167e-01,-2.194453477859497070e-01,-4.899738132953643799e-01,-3.579625487327575684e-01,-7.948512434959411621e-01,0.000000000000000000e+00
-1.778588294982910156e-01,2.122292369604110718e-01,-9.253220260143280029e-02,-6.723296642303466797e-01,6.841851472854614258e-01,-2.826013267040252686e-01,0.000000000000000000e+00
8.901890367269515991e-02,5.457231309264898300e-03,2.732709646224975586e-01,3.430335819721221924e-01,4.089566692709922791e-02,9.384324550628662109e-01,0.000000000000000000e+00
-7.768321782350540161e-02,1.989611983299255371e-01,-1.965213716030120850e-01,-3.064613640308380127e-01,6.622855663299560547e-01,-6.837099194526672363e-01,0.000000000000000000e+00
-2.116708010435104370e-01,-1.687808483839035034e-01,1.133519411087036133e-01,-6.818625926971435547e-01,-6.455214023590087891e-01,3.440429568290710449e-01,0.000000000000000000e+00
-2.887734174728393555e-01,2.097344584763050079e-02,4.269072785973548889e-02,-9.765366911888122559e-01,3.987261652946472168e-02,2.116275578737258911e-01,0.000000000000000000e+00
1.257850974798202515e-01,3.033981472253799438e-02,2.591290175914764404e-01,4.727048575878143311e-01,1.005180403590202332e-01,8.754691481590270996e-01,0.000000000000000000e+00
-2.159126996994018555e-01,1.338742971420288086e-01,1.433685719966888428e-01,-7.617444992065429688e-01,4.898548424243927002e-01,4.240135550498962402e-01,0.000000000000000000e+00
2.460654228925704956e-01,-1.368271708488464355e-01,-6.174842640757560730e-02,9.357237815856933594e-01,-3.517729938030242920e-01,-2.601493708789348602e-02,0.000000000000000000e+00
7.378729432821273804e-02,2.769438922405242920e-01,8.465945720672607422e-03,2.325679808855056763e-01,9.720163941383361816e-01,-3.311011567711830139e-02,0.000000000000000000e+00
-2.725056111812591553e-01,9.572991728782653809e-02,4.870482534170150757e-02,-9.144567251205444336e-01,3.572189509868621826e-01,1.901669502258300781e-01,0.000000000000000000e+00
5.560062453150749207e-02,-2.822163999080657959e-01,-4.365254193544387817e-02,2.352531254291534424e-01,-9.638448953628540039e-01,-1.251356601715087891e-01,0.000000000000000000e+00
2.481922507286071777e-01,-1.369686424732208252e-01,-4.173407331109046936e-02,8.597750663757324219e-01,-4.882533550262451172e-01,-1.496511995792388916e-01,0.000000000000000000e+00
2.597498595714569092e-01,5.459158495068550110e-02,-9.079714119434356689e-02,9.228706359863281250e-01,1.103125065565109253e-01,-3.689728677272796631e-01,0.000000000000000000e+00
2.414383888244628906e-01,-6.532881408929824829e-02,1.289146244525909424e-01,9.056437015533447266e-01,-8.169610984623432159e-03,4.239608049392700195e-01,0.000000000000000000e+00
1.129167452454566956e-01,2.007428705692291260e-01,-1.712623089551925659e-01,3.926169872283935547e-01,6.949288845062255859e-01,-6.024332046508789062e-01,0.000000000000000000e+00
-2.326609194278717041e-01,-6.737396866083145142e-02,-1.638638973236083984e-01,-7.891162633895874023e-01,-2.864312827587127686e-01,-5.433715581893920898e-01,0.000000000000000000e+00
-1.039972454309463501e-01,2.674998342990875244e-01,3.143893554806709290e-02,-3.383366167545318604e-01,9.140685200691223145e-01,2.236225903034210205e-01,0.000000000000000000e+00
-1.812714338302612305e-01,1.840466856956481934e-01,1.371504068374633789e-01,-5.012834072113037109e-01,6.863040924072265625e-01,5.269740223884582520e-01,0.000000000000000000e+00
-2.045034617185592651e-01,-1.482550241053104401e-02,2.102244496345520020e-01,-5.791737437248229980e-01,-8.619634807109832764e-02,8.106343150138854980e-01,0.000000000000000000e+00
6.888402160257101059e-03,-2.288868427276611328e-01,-1.741448640823364258e-01,-6.667587161064147949e-02,-7.953298091888427734e-01,-6.024987697601318359e-01,0.000000000000000000e+00
6.571250408887863159e-02,-2.820482850074768066e-01,-1.420884951949119568e-02,2.863914370536804199e-01,-9.573774933815002441e-01,-3.752649202942848206e-02,0.000000000000000000e+00
1.001073047518730164e-01,2.230208665132522583e-01,1.518968194723129272e-01,3.829267919063568115e-01,7.303574085235595703e-01,5.656368732452392578e-01,0.000000000000000000e+00
-8.304042275995016098e-04,-1.596015095710754395e-01,-2.407503724098205566e-01,4.406554251909255981e-02,-5.632885098457336426e-01,-8.250844478607177734e-01,0.000000000000000000e+00
1.290455162525177002e-01,-2.217729240655899048e-01,-1.297564059495925903e-01,4.741563200950622559e-01,-7.359955906867980957e-01,-4.832041561603546143e-01,0.000000000000000000e+00
1.321851909160614014e-01,2.547548711299896240e-01,-1.860136538743972778e-02,4.753688573837280273e-01,8.784549832344055176e-01,-4.838737100362777710e-02,0.000000000000000000e+00
2.190861701965332031e-01,1.471801847219467163e-01,1.072251498699188232e-01,7.509714365005493164e-01,5.666393637657165527e-01,3.390600681304931641e-01,0.000000000000000000e+00
-2.374659925699234009e-01,-3.387868346180766821e-04,-1.721017062664031982e-01,-7.798241376876831055e-01,6.501521915197372437e-02,-6.226133108139038086e-01,0.000000000000000000e+00
-2.775344848632812500e-01,-8.599881827831268311e-02,-2.163225971162319183e-02,-9.554153680801391602e-01,-2.952499687671661377e-01,2.981835277751088142e-03,0.000000000000000000e+00
2.006960809230804443e-01,1.982454806566238403e-01,4.086405783891677856e-02,7.086746692657470703e-01,6.899316310882568359e-01,1.475622355937957764e-01,0.000000000000000000e+00
-1.953300833702087402e-01,2.161276787519454956e-01,7.713661994785070419e-03,-7.185504436492919922e-01,6.936398744583129883e-01,5.048695206642150879e-02,0.000000000000000000e+00
-4.745873063802719116e-02,1.801359206438064575e-01,-2.222121655941009521e-01,-9.768506139516830444e-02,6.052161455154418945e-01,-7.900449633598327637e-01,0.000000000000000000e+00
-1.391745805740356445e-01,1.602970063686370850e-01,2.008457034826278687e-01,-4.207103848457336426e-01,5.630870461463928223e-01,7.112916111946105957e-01,0.000000000000000000e+00
2.097785286605358124e-02,-2.383553236722946167e-01,1.655026525259017944e-01,1.882887482643127441e-01,-8.100749850273132324e-01,5.552710294723510742e-01,0.000000000000000000e+00
-1.023416891694068909e-01,9.983482211828231812e-02,2.549380064010620117e-01,-3.776986598968505859e-01,3.125039935111999512e-01,8.715990781784057617e-01,0.000000000000000000e+00
2.042618766427040100e-02,2.099674344062805176e-01,1.969574689865112305e-01,9.243971854448318481e-02,7.318423390388488770e-01,6.751752495765686035e-01,0.000000000000000000e+00
1.371644288301467896e-01,-2.427197694778442383e-01,-6.248657405376434326e-02,5.577595829963684082e-01,-7.670723795890808105e-01,-3.170239627361297607e-01,0.000000000000000000e+00
1.321492791175842285e-01,1.684296429157257080e-01,-1.925640553236007690e-01,4.321767389774322510e-01,5.748412609100341797e-01,-6.948243379592895508e-01,0.000000000000000000e+00
-4.764632880687713623e-02,-2.709144651889801025e-01,-8.585176616907119751e-02,1.272870153188705444e-01,-9.458503723144531250e-01,-2.986052632331848145e-01,0.000000000000000000e+00
-1.093118935823440552e-01,-9.691343456506729126e-02,-2.469884902238845825e-01,-1.942193955183029175e-01,-1.788693070411682129e-01,-9.645126461982727051e-01,0.000000000000000000e+00
-2.734145522117614746e-01,1.034204587340354919e-01,2.197129093110561371e-02,-9.212492108345031738e-01,3.816065192222595215e-01,7.534138113260269165e-02,0.000000000000000000e+00
-5.008313804864883423e-02,-1.288471668958663940e-01,2.540965974330902100e-01,-3.056158423423767090e-01,-3.223438262939453125e-01,8.959316015243530273e-01,0.000000000000000000e+00
-1.532974243164062500e-01,-2.000453323125839233e-01,-1.451895982027053833e-01,-5.836319923400878906e-01,-6.264547109603881836e-01,-5.166509151458740234e-01,0.000000000000000000e+00
1.395508199930191040e-01,2.423904985189437866e-01,-6.524237245321273804e-02,4.834767878055572510e-01,8.242657780647277832e-01,-2.946797311305999756e-01,0.000000000000000000e+00
-1.840268224477767944e-01,-2.273738533258438110e-01,-2.187576144933700562e-02,-5.629307627677917480e-01,-8.187864422798156738e-01,-1.126840859651565552e-01,0.000000000000000000e+00
2.793556153774261475e-01,3.463019430637359619e-02,3.445377945899963379e-02,9.767141938209533691e-01,2.086058855056762695e-01,5.012926459312438965e-02,0.000000000000000000e+00
2.117343060672283173e-02,-1.589040607213973999e-01,-2.398178726434707642e-01,6.217947229743003845e-02,-4.896376430988311768e-01,-8.697060942649841309e-01,0.000000000000000000e+00
-1.815126687288284302e-01,7.499066740274429321e-02,-2.160490155220031738e-01,-6.361148357391357422e-01,2.559853494167327881e-01,-7.278938293457031250e-01,0.000000000000000000e+00
-5.634292215108871460e-02,1.903947144746780396e-01,-2.122043371200561523e-01,-2.051480114459991455e-01,5.844928026199340820e-01,-7.850366234779357910e-01,0.000000000000000000e+00
-2.267979979515075684e-01,1.791840642690658569e-01,-3.236221522092819214e-02,-7.999541759490966797e-01,5.942414999008178711e-01,-8.336847275495529175e-02,0.000000000000000000e+00
-5.105154588818550110e-02,2.038318961858749390e-01,1.997852176427841187e-01,-1.552540808916091919e-01,7.124399542808532715e-01,6.843430995941162109e-01,0.000000000000000000e+00
-1.242506876587867737e-01,3.361650183796882629e-02,2.627146542072296143e-01,-4.983375370502471924e-01,7.308359444141387939e-02,8.638972640037536621e-01,0.000000000000000000e+00
7.905619218945503235e-03,1.434559524059295654e-01,-2.500669956207275391e-01,4.280350636690855026e-03,4.645082056522369385e-01,-8.855584859848022461e-01,0.000000000000000000e+00
-1.245436370372772217e-01,2.090893089771270752e-01,1.611278802156448364e-01,-3.178695142269134521e-01,7.694793939590454102e-01,5.539498329162597656e-01,0.000000000000000000e+00
-6.227497756481170654e-02,5.353461205959320068e-02,2.786381542682647705e-01,-1.751989424228668213e-01,2.438932657241821289e-01,9.538455605506896973e-01,0.000000000000000000e+00
3.539253026247024536e-02,-2.014513164758682251e-01,2.067501395940780640e-01,2.101025581359863281e-01,-6.782191395759582520e-01,7.041844129562377930e-01,0.000000000000000000e+00
1.334187984466552734e-01,2.475669384002685547e-01,5.784184113144874573e-02,4.273088872432708740e-01,8.567380309104919434e-01,2.888028025627136230e-01,0.000000000000000000e+00
-9.853032231330871582e-02,6.957522779703140259e-02,-2.631947696208953857e-01,-3.805235028266906738e-01,1.969275474548339844e-01,-9.035604000091552734e-01,0.000000000000000000e+00
-8.706552535295486450e-02,1.942671388387680054e-01,-1.972903013229370117e-01,-2.617075741291046143e-01,6.906102895736694336e-01,-6.742154955863952637e-01,0.000000000000000000e+00
1.683159917593002319e-01,2.311281263828277588e-01,1.992745511233806610e-02,5.936545729637145996e-01,7.952111363410949707e-01,1.233429759740829468e-01,0.000000000000000000e+00
-4.487539827823638916e-02,1.077870279550552368e-01,-2.652180790901184082e-01,-1.770762801170349121e-01,3.701010048389434814e-01,-9.119589924812316895e-01,0.000000000000000000e+00
2.243342399597167969e-01,-1.227619647979736328e-01,-1.307067424058914185e-01,7.973423600196838379e-01,-4.010200798511505127e-01,-4.510299563407897949e-01,0.000000000000000000e+00
2.204497605562210083e-01,-1.551554352045059204e-01,9.892555326223373413e-02,7.470616102218627930e-01,-5.702333450317382812e-01,3.416619300842285156e-01,0.000000000000000000e+00
-1.498083174228668213e-01,2.436741888523101807e-01,-6.108607724308967590e-02,-5.147526860237121582e-01,8.297513723373413086e-01,-2.157366424798965454e-01,0.000000000000000000e+00
2.137753069400787354e-01,8.650579303503036499e-02,-1.693641245365142822e-01,7.564852237701416016e-01,2.157327830791473389e-01,-6.174054741859436035e-01,0.000000000000000000e+00
4.809267073869705200e-02,-1.081269532442092896e-01,2.630690634250640869e-01,1.527272313833236694e-01,-3.504566848278045654e-01,9.240424633026123047e-01,0.000000000000000000e+00
1.076708659529685974e-01,2.261249721050262451e-01,-1.385311335325241089e-01,4.667319059371948242e-01,8.046255111694335938e-01,-3.670682609081268311e-01,0.000000000000000000e+00
1.558272838592529297e-01,-2.396745830774307251e-01,-2.216377854347229004e-02,5.620929598808288574e-01,-8.243405818939208984e-01,-6.718719005584716797e-02,0.000000000000000000e+00
-1.514208018779754639e-01,4.863773658871650696e-02,2.449474036693572998e-01,-5.267406105995178223e-01,1.172987967729568481e-01,8.418939113616943359e-01,0.000000000000000000e+00
1.077429857105016708e-02,-1.075792089104652405e-01,2.692937552928924561e-01,2.976613678038120270e-02,-2.891742587089538574e-01,9.568135738372802734e-01,0.000000000000000000e+00
5.801853910088539124e-02,-1.894841343164443970e-01,2.117694616317749023e-01,2.292084097862243652e-01,-6.674129962921142578e-01,7.085360884666442871e-01,0.000000000000000000e+00
-2.644292116165161133e-01,9.601230919361114502e-02,8.038776367902755737e-02,-9.387089610099792480e-01,2.915201187133789062e-01,1.839604824781417847e-01,0.000000000000000000e+00
-6.053471937775611877e-03,-2.587273418903350830e-01,1.370849907398223877e-01,1.291478984057903290e-02,-9.361879825592041016e-01,3.512624502182006836e-01,0.000000000000000000e+00
2.835523486137390137e-01,1.104658655822277069e-02,2.072766795754432678e-02,9.973495602607727051e-01,5.110641941428184509e-02,5.178787931799888611e-02,0.000000000000000000e+00
8.505695150233805180e-04,-1.716939657926559448e-01,2.364025115966796875e-01,4.658582434058189392e-02,-5.917550921440124512e-01,8.047705888748168945e-01,0.000000000000000000e+00
7.318453490734100342e-02,2.118412703275680542e-01,1.798854023218154907e-01,2.329962998628616333e-01,7.290852069854736328e-01,6.435429453849792480e-01,0.000000000000000000e+00
-1.381494104862213135e-01,-1.979823410511016846e-01,-1.640165299177169800e-01,-5.170232653617858887e-01,-6.139629483222961426e-01,-5.964365005493164062e-01,0.000000000000000000e+00
-7.450235635042190552e-02,1.427537053823471069e-01,-2.414612472057342529e-01,-3.314306139945983887e-01,4.245857894420623779e-01,-8.425441384315490723e-01,0.000000000000000000e+00
-1.189345717430114746e-01,1.830033212900161743e-01,-1.911576092243194580e-01,-3.770014941692352295e-01,6.032485365867614746e-01,-7.028236389160156250e-01,0.000000000000000000e+00
-1.274049431085586548e-01,-2.631199657917022705e-01,-1.387338247150182724e-02,-4.627612531185150146e-01,-8.851241469383239746e-01,-4.906434193253517151e-02,0.000000000000000000e+00
8.528685197234153748e-03,-2.659395039081573486e-01,-1.182411089539527893e-01,-6.182627007365226746e-02,-8.890289068222045898e-01,-4.536574780941009521e-01,0.000000000000000000e+00
2.656855583190917969e-01,-2.375644072890281677e-02,9.690270572900772095e-02,9.350435733795166016e-01,-1.440426558256149292e-01,3.239524662494659424e-01,0.000000000000000000e+00
2.374613285064697266e-01,1.577250957489013672e-01,6.201507057994604111e-03,8.507112860679626465e-01,5.237636566162109375e-01,4.429443180561065674e-02,0.000000000000000000e+00
-1.647642627358436584e-02,-2.673312425613403320e-01,1.173492670059204102e-01,-3.799196332693099976e-02,-9.171770215034484863e-01,3.966647684574127197e-01,0.000000000000000000e+00
1.674783527851104736e-01,-2.331118136644363403e-01,4.417707677930593491e-03,6.019282341003417969e-01,-7.967211604118347168e-01,-5.401635915040969849e-02,0.000000000000000000e+00
-3.775705024600028992e-02,1.626901775598526001e-01,2.368229329586029053e-01,-6.474450230598449707e-02,5.520874857902526855e-01,8.312686681747436523e-01,0.000000000000000000e+00
-1.542475819587707520e-01,-2.419652789831161499e-01,5.899941548705101013e-02,-4.874274134635925293e-01,-8.616603612899780273e-01,1.412656754255294800e-01,0.000000000000000000e+00
1.614547371864318848e-01,1.390295326709747314e-01,-1.908343136310577393e-01,6.001913547515869141e-01,4.426640570163726807e-01,-6.661973595619201660e-01,0.000000000000000000e+00
-1.816103011369705200e-01,3.032626956701278687e-02,2.278646826744079590e-01,-6.062559485435485840e-01,2.046920508146286011e-01,7.684757113456726074e-01,0.000000000000000000e+00
-1.069072037935256958e-01,7.608149200677871704e-02,2.599210739135742188e-01,-3.921717703342437744e-01,2.606810331344604492e-01,8.821828961372375488e-01,0.000000000000000000e+00
6.618299335241317749e-02,-6.145526468753814697e-02,2.691097557544708252e-01,2.035771012306213379e-01,-2.629712037742137909e-02,9.787057042121887207e-01,0.000000000000000000e+00
-8.512956649065017700e-02,-1.679114401340484619e-01,-2.194579094648361206e-01,-1.918485164642333984e-01,-5.704260468482971191e-01,-7.986289858818054199e-01,0.000000000000000000e+00
5.506431218236684799e-03,2.212102562189102173e-01,1.856137365102767944e-01,6.107543036341667175e-02,8.041587471961975098e-01,5.912685394287109375e-01,0.000000000000000000e+00
-2.909173965454101562e-01,-4.343727196101099253e-04,2.579414844512939453e-02,-9.893885850906372070e-01,7.911605760455131531e-03,1.450779885053634644e-01,0.000000000000000000e+00
-2.253168374300003052e-01,-9.878052771091461182e-02,-1.581070572137832642e-01,-8.071935772895812988e-01,-3.214718401432037354e-01,-4.950700700283050537e-01,0.000000000000000000e+00
2.339286804199218750e-01,-2.438112907111644745e-02,1.573945283889770508e-01,7.906976938247680664e-01,-2.982062101364135742e-01,5.346683263778686523e-01,0.000000000000000000e+00
-1.325889080762863159e-01,-1.531033664941787720e-01,-2.089284807443618774e-01,-3.661540746688842773e-01,-5.609828233718872070e-01,-7.424482703208923340e-01,0.000000000000000000e+00
-1.314517110586166382e-01,2.363288402557373047e-01,1.096677333116531372e-01,-3.802268207073211670e-01,8.613041639328002930e-01,3.370203077793121338e-01,0.000000000000000000e+00
-5.661704763770103455e-02,-2.803429067134857178e-01,-6.912921555340290070e-03,-1.328031271696090698e-01,-9.910926818847656250e-01,-9.929097257554531097e-03,0.000000000000000000e+00
2.107688784599304199e-01,1.142262443900108337e-01,-1.531765609979629517e-01,7.902836799621582031e-01,4.731142222881317139e-01,-3.893771767616271973e-01,0.000000000000000000e+00
-7.216151803731918335e-02,1.668183654546737671e-01,-2.269032448530197144e-01,-2.761324644088745117e-01,6.101086139678955078e-01,-7.426428198814392090e-01,0.000000000000000000e+00
-1.407110244035720825e-01,2.332705408334732056e-01,1.045253798365592957e-01,-4.423134326934814453e-01,8.550629019737243652e-01,2.706034183502197266e-01,0.000000000000000000e+00
5.565583705902099609e-03,-2.921411991119384766e-01,1.560305058956146240e-02,2.950840257108211517e-02,-9.927003979682922363e-01,1.169409081339836121e-01,0.000000000000000000e+00
-9.211120009422302246e-02,-5.202407017350196838e-02,2.726645767688751221e-01,-2.649990022182464600e-01,-2.142385840415954590e-01,9.401475191116333008e-01,0.000000000000000000e+00
2.572710216045379639e-01,8.358998596668243408e-02,9.083005040884017944e-02,8.637381792068481445e-01,3.923689126968383789e-01,3.162325620651245117e-01,0.000000000000000000e+00
-1.842945963144302368e-01,-1.949866712093353271e-01,1.166228801012039185e-01,-6.288211345672607422e-01,-6.351218819618225098e-01,4.485578536987304688e-01,0.000000000000000000e+00
-2.240597158670425415e-01,-9.344313293695449829e-02,-1.626192033290863037e-01,-8.057578802108764648e-01,-2.489873319864273071e-01,-5.373634696006774902e-01,0.000000000000000000e+00
-1.748964786529541016e-01,2.339135706424713135e-01,-2.527547534555196762e-03,-5.843001008033752441e-01,8.088755011558532715e-01,6.567950546741485596e-02,0.000000000000000000e+00
-1.422575116157531738e-01,-1.685294806957244873e-01,-1.892574429512023926e-01,-4.434010684490203857e-01,-5.949605703353881836e-01,-6.703860163688659668e-01,0.000000000000000000e+00
1.299199312925338745e-01,-1.870329082012176514e-01,1.766754090785980225e-01,5.984929203987121582e-01,-5.428013801574707031e-01,5.892137885093688965e-01,0.000000000000000000e+00
8.690084517002105713e-02,-2.754018306732177734e-01,2.813989855349063873e-02,3.695410788059234619e-01,-9.186162948608398438e-01,1.399410218000411987e-01,0.000000000000000000e+00
1.221901178359985352e-01,8.352631330490112305e-02,-2.471390962600708008e-01,3.561404049396514893e-01,5.556499361991882324e-01,-7.512770295143127441e-01,0.000000000000000000e+00
2.468232661485671997e-01,-1.047466620802879333e-01,1.026354283094406128e-01,8.326232433319091797e-01,-3.490735590457916260e-01,4.299839735031127930e-01,0.000000000000000000e+00
2.690252661705017090e-01,6.193547695875167847e-02,-6.680379807949066162e-02,9.460276365280151367e-01,1.962351500988006592e-01,-2.579214870929718018e-01,0.000000000000000000e+00
-2.391528189182281494e-01,9.953606128692626953e-02,1.360275298357009888e-01,-8.228880763053894043e-01,2.883097529411315918e-01,4.896250367164611816e-01,0.000000000000000000e+00
-1.561649441719055176e-01,1.372487004846334457e-02,-2.414850443601608276e-01,-6.290131807327270508e-01,-3.307414799928665161e-02,-7.766907215118408203e-01,0.000000000000000000e+00
1.834341883659362793e-01,1.902693510055541992e-01,1.095284298062324524e-01,6.545817852020263672e-01,6.124088168144226074e-01,4.432584941387176514e-01,0.000000000000000000e+00
2.737395167350769043e-01,7.530963420867919922e-02,-1.767819374799728394e-02,9.608440995216369629e-01,2.746348381042480469e-01,-3.680109605193138123e-02,0.000000000000000000e+00
2.269915342330932617e-01,1.727394908666610718e-01,-1.337426248937845230e-02,7.993192672729492188e-01,6.008169054985046387e-01,1.037897728383541107e-02,0.000000000000000000e+00
-1.762740910053253174e-01,-1.727182790637016296e-02,-2.253772616386413574e-01,-4.987199306488037109e-01,7.550014555454254150e-02,-8.634687066078186035e-01,0.000000000000000000e+00
-1.405343115329742432e-01,2.542784512042999268e-01,1.486446522176265717e-02,-4.699549078941345215e-01,8.785697817802429199e-01,8.519078046083450317e-02,0.000000000000000000e+00
1.169437617063522339e-01,2.327126078307628632e-02,2.636510431766510010e-01,3.523230850696563721e-01,4.102768748998641968e-02,9.349787235260009766e-01,0.000000000000000000e+00
7.680222392082214355e-02,-5.245141312479972839e-02,-2.723800837993621826e-01,2.808128297328948975e-01,-1.617183685302734375e-01,-9.460397958755493164e-01,0.000000000000000000e+00
2.323529720306396484e-01,5.860716104507446289e-02,1.555266231298446655e-01,7.930170893669128418e-01,1.582368910312652588e-01,5.882898569107055664e-01,0.000000000000000000e+00
-5.436407029628753662e-02,-2.721055746078491211e-01,-8.140619844198226929e-02,-3.330793976783752441e-02,-9.715166091918945312e-01,-2.346189022064208984e-01,0.000000000000000000e+00
-1.371575146913528442e-01,-1.109966710209846497e-01,2.330962270498275757e-01,-4.287744164466857910e-01,-4.186595380306243896e-01,8.005477190017700195e-01,0.000000000000000000e+00
-2.113026380538940430e-01,7.917513698339462280e-02,-1.848413497209548950e-01,-6.380012631416320801e-01,3.279473185539245605e-01,-6.967101097106933594e-01,0.000000000000000000e+00
2.130690515041351318e-01,1.895279288291931152e-01,1.241769082844257355e-02,6.988685727119445801e-01,7.136195898056030273e-01,4.826801642775535583e-02,0.000000000000000000e+00
-1.426552683115005493e-01,2.504683732986450195e-01,3.203747421503067017e-02,-4.378853142261505127e-01,8.783986568450927734e-01,1.914999186992645264e-01,0.000000000000000000e+00
-8.471140265464782715e-02,-6.542999763041734695e-03,-2.769021093845367432e-01,-2.951054871082305908e-01,-4.869088158011436462e-02,-9.542232155799865723e-01,0.000000000000000000e+00
5.171775817871093750e-02,2.746432423591613770e-01,-4.410266131162643433e-02,3.236132264137268066e-01,9.459816813468933105e-01,-1.982825063169002533e-02,0.000000000000000000e+00
-1.068152934312820435e-01,9.372842311859130859e-02,2.549633085727691650e-01,-4.231101274490356445e-01,2.568051218986511230e-01,8.689240217208862305e-01,0.000000000000000000e+00
8.830423653125762939e-02,-1.333412975072860718e-01,2.383910119533538818e-01,3.494624197483062744e-01,-4.660497605800628662e-01,8.128183484077453613e-01,0.000000000000000000e+00
6.436295062303543091e-02,-7.938146591186523438e-02,-2.694939970970153809e-01,2.756079733371734619e-01,-2.303711324930191040e-01,-9.332574009895324707e-01,0.000000000000000000e+00
2.297814935445785522e-01,-6.759305298328399658e-02,1.514142453670501709e-01,8.802555203437805176e-01,-2.253630757331848145e-02,4.739645123481750488e-01,0.000000000000000000e+00
-1.264258623123168945e-01,1.905210763216018677e-01,-1.813272386789321899e-01,-3.525984585285186768e-01,5.741051435470581055e-01,-7.389706373214721680e-01,0.000000000000000000e+00
1.355941444635391235e-01,8.651877939701080322e-02,2.392228990793228149e-01,4.531152844429016113e-01,3.780505359172821045e-01,8.073192238807678223e-01,0.000000000000000000e+00
7.347781956195831299e-02,1.092589721083641052e-01,2.575144469738006592e-01,2.797829210758209229e-01,3.833810389041900635e-01,8.801934123039245605e-01,0.000000000000000000e+00
-4.129578918218612671e-02,-2.114253193140029907e-01,-1.870811134576797485e-01,9.115308523178100586e-02,-7.150417566299438477e-01,-6.931135654449462891e-01,0.000000000000000000e+00
-2.241024225950241089e-01,1.546897888183593750e-01,-1.035663411021232605e-01,-7.392196059226989746e-01,5.517441034317016602e-01,-3.861771821975708008e-01,0.000000000000000000e+00
1.021981239318847656e-01,-1.397875696420669556e-01,-2.299106866121292114e-01,3.617104887962341309e-01,-4.890393316745758057e-01,-7.937291860580444336e-01,0.000000000000000000e+00
-2.620170414447784424e-01,1.274194419384002686e-01,1.474739797413349152e-02,-8.846895694732666016e-01,4.661742150783538818e-01,2.445504767820239067e-03,0.000000000000000000e+00
2.532174289226531982e-01,1.539735030382871628e-02,1.304326057434082031e-01,8.621693849563598633e-01,-2.046443149447441101e-02,5.062065720558166504e-01,0.000000000000000000e+00
-1.149850189685821533e-01,-2.651003897190093994e-01,-3.891849517822265625e-02,-3.523456752300262451e-01,-9.167749285697937012e-01,-1.880858093500137329e-01,0.000000000000000000e+00
-8.267005532979965210e-02,8.293347060680389404e-02,-2.646942138671875000e-01,-2.355587333440780640e-01,2.706481516361236572e-01,-9.334139823913574219e-01,0.000000000000000000e+00
-5.745177716016769409e-02,2.380253188312053680e-02,-2.821069061756134033e-01,-2.084143757820129395e-01,1.250743716955184937e-01,-9.700102210044860840e-01,0.000000000000000000e+00
2.631540894508361816e-01,7.122038304805755615e-02,-7.906735688447952271e-02,9.139738678932189941e-01,2.000898271799087524e-01,-3.530096411705017090e-01,0.000000000000000000e+00
-2.419200390577316284e-01,1.266212016344070435e-01,-1.026264429092407227e-01,-8.646468520164489746e-01,3.894713819026947021e-01,-3.173292875289916992e-01,0.000000000000000000e+00
3.263862431049346924e-02,-1.742262975312769413e-03,-2.859452664852142334e-01,9.000877290964126587e-02,-1.172172650694847107e-02,-9.958719611167907715e-01,0.000000000000000000e+00
7.444094866514205933e-03,-1.793489307165145874e-01,-2.261456698179244995e-01,-1.328307669609785080e-02,-6.293773651123046875e-01,-7.769863009452819824e-01,0.000000000000000000e+00
1.537468843162059784e-02,-2.746834754943847656e-01,9.453530609607696533e-02,7.970140129327774048e-02,-9.407233595848083496e-01,3.296774923801422119e-01,0.000000000000000000e+00
-5.265069752931594849e-02,1.158323958516120911e-01,2.612489461898803711e-01,-1.740941256284713745e-01,4.086585342884063721e-01,8.959293961524963379e-01,0.000000000000000000e+00
5.664225202053785324e-03,2.804042398929595947e-01,6.090370193123817444e-02,-9.891117922961711884e-03,9.907251596450805664e-01,1.355203688144683838e-01,0.000000000000000000e+00
-2.177261561155319214e-01,4.291219636797904968e-02,1.904851794242858887e-01,-7.455582022666931152e-01,1.354927569627761841e-01,6.525217890739440918e-01,0.000000000000000000e+00
1.297484636306762695e-01,-2.514630854129791260e-01,-4.707264900207519531e-02,4.903299808502197266e-01,-8.433000445365905762e-01,-2.200490385293960571e-01,0.000000000000000000e+00
2.319551631808280945e-02,-2.904221415519714355e-01,1.194270513951778412e-02,1.284055858850479126e-01,-9.903813600540161133e-01,5.154358968138694763e-02,0.000000000000000000e+00
2.805462777614593506e-01,3.997834399342536926e-02,2.837284700945019722e-04,9.876538515090942383e-01,1.562328040599822998e-01,-1.145374216139316559e-02,0.000000000000000000e+00
-1.034530177712440491e-01,-1.988910585641860962e-01,-1.858922839164733887e-01,-3.397980034351348877e-01,-7.213221192359924316e-01,-6.035161018371582031e-01,0.000000000000000000e+00
-1.837778687477111816e-01,2.158111631870269775e-01,-7.056657969951629639e-02,-7.044355273246765137e-01,6.709638237953186035e-01,-2.314694821834564209e-01,0.000000000000000000e+00
-2.209993600845336914e-01,7.355768978595733643e-02,1.760893911123275757e-01,-7.249557375907897949e-01,2.718307971954345703e-01,6.328879594802856445e-01,0.000000000000000000e+00
-2.907432317733764648e-01,-3.131123259663581848e-02,-6.878511514514684677e-03,-9.871382117271423340e-01,-1.506766825914382935e-01,5.342874675989151001e-02,0.000000000000000000e+00
1.862325072288513184e-01,-3.360687568783760071e-02,2.070481479167938232e-01,6.621425747871398926e-01,-7.804984599351882935e-02,7.453022599220275879e-01,0.000000000000000000e+00
1.010185386985540390e-02,8.597180992364883423e-02,-2.756043970584869385e-01,1.465383768081665039e-01,3.429582118988037109e-01,-9.278503060340881348e-01,0.000000000000000000e+00
2.672312557697296143e-01,9.267475455999374390e-02,-3.887109830975532532e-02,9.458916783332824707e-01,3.144333362579345703e-01,-8.012855052947998047e-02,0.000000000000000000e+00
-1.879031360149383545e-01,-1.841625571250915527e-01,1.280637532472610474e-01,-6.543984413146972656e-01,-6.330012679100036621e-01,4.136086404323577881e-01,0.000000000000000000e+00
2.039909660816192627e-01,-1.449256390333175659e-01,-1.378082334995269775e-01,7.171336412429809570e-01,-4.120116531848907471e-01,-5.621082782745361328e-01,0.000000000000000000e+00
2.800714969635009766e-01,-2.290020883083343506e-02,5.110919475555419922e-03,9.569150209426879883e-01,-2.893864810466766357e-01,-2.385696023702621460e-02,0.000000000000000000e+00
1.090888828039169312e-01,-2.366463094949722290e-01,1.273926794528961182e-01,4.876931011676788330e-01,-7.704647183418273926e-01,4.105356335639953613e-01,0.000000000000000000e+00
-2.530499100685119629e-01,8.916050940752029419e-02,-1.075067371129989624e-01,-9.624159336090087891e-01,8.771315217018127441e-02,-2.570253014564514160e-01,0.000000000000000000e+00
-2.587241530418395996e-01,7.178478688001632690e-02,1.157760471105575562e-01,-8.830642104148864746e-01,2.641688585281372070e-01,3.878304362297058105e-01,0.000000000000000000e+00
1.456679999828338623e-01,-1.546130329370498657e-01,-1.913810372352600098e-01,6.564018130302429199e-01,-4.394375979900360107e-01,-6.132138967514038086e-01,0.000000000000000000e+00
-1.027722470462322235e-02,-1.770592778921127319e-01,-2.271195650100708008e-01,-8.271710574626922607e-02,-6.419776678085327148e-01,-7.622483372688293457e-01,0.000000000000000000e+00
7.556714862585067749e-02,-3.835412114858627319e-02,-2.750516533851623535e-01,2.717492282390594482e-01,-1.203592941164970398e-01,-9.548120498657226562e-01,0.000000000000000000e+00
-7.253853976726531982e-02,1.091168597340583801e-01,-2.596168518066406250e-01,-3.127481937408447266e-01,3.379857838153839111e-01,-8.876678347587585449e-01,0.000000000000000000e+00
-2.255793809890747070e-01,1.761617362499237061e-01,5.066319927573204041e-02,-6.360986232757568359e-01,7.538364529609680176e-01,-1.646485924720764160e-01,0.000000000000000000e+00
9.091981500387191772e-02,-2.519129812717437744e-01,1.086186096072196960e-01,2.880593240261077881e-01,-8.673799037933349609e-01,4.058003723621368408e-01,0.000000000000000000e+00
3.096156008541584015e-02,-1.822855025529861450e-01,2.249476909637451172e-01,6.829866021871566772e-02,-6.285004019737243652e-01,7.748048305511474609e-01,0.000000000000000000e+00
1.673668250441551208e-02,-2.897078096866607666e-01,-3.927618637681007385e-02,9.625568985939025879e-02,-9.879875779151916504e-01,-1.208942979574203491e-01,0.000000000000000000e+00
1.080904453992843628e-01,-7.592651993036270142e-02,-2.551583647727966309e-01,5.006830096244812012e-01,-2.789123058319091797e-01,-8.194659352302551270e-01,0.000000000000000000e+00
-4.480684548616409302e-02,2.804085314273834229e-01,2.778367884457111359e-02,-4.956422373652458191e-02,9.557453989982604980e-01,2.899897992610931396e-01,0.000000000000000000e+00
1.623325347900390625e-01,1.698064506053924561e-01,-1.661598533391952515e-01,6.658785343170166016e-01,6.058178544044494629e-01,-4.354198575019836426e-01,0.000000000000000000e+00
-2.416198998689651489e-01,-1.426307111978530884e-01,8.316128700971603394e-02,-8.232839107513427734e-01,-5.049415230751037598e-01,2.593022882938385010e-01,0.000000000000000000e+00
-9.987927228212356567e-02,-5.088021606206893921e-02,-2.651931941509246826e-01,-5.654661059379577637e-01,-3.059587180614471436e-01,-7.659225463867187500e-01,0.000000000000000000e+00
1.983583122491836548e-01,-1.562584638595581055e-01,1.352919042110443115e-01,6.598635315895080566e-01,-5.868275761604309082e-01,4.692691862583160400e-01,0.000000000000000000e+00
9.382428973913192749e-02,-1.230874285101890564e-01,-2.431539744138717651e-01,3.618635535240173340e-01,-4.301965832710266113e-01,-8.270342946052551270e-01,0.000000000000000000e+00
-8.195336908102035522e-02,-1.966897696256637573e-01,-1.973862051963806152e-01,-2.263471335172653198e-01,-6.830231547355651855e-01,-6.944395899772644043e-01,0.000000000000000000e+00
1.511389017105102539e-01,1.881438046693801880e-01,-1.513574719429016113e-01,6.288390755653381348e-01,7.241605520248413086e-01,-2.831128835678100586e-01,0.000000000000000000e+00
7.850505411624908447e-02,-2.589407265186309814e-01,-1.032112911343574524e-01,3.159922361373901367e-01,-8.925307989120483398e-01,-3.217726647853851318e-01,0.000000000000000000e+00
1.226560678333044052e-02,1.821788549423217773e-01,2.235033363103866577e-01,6.330706924200057983e-02,6.223860979080200195e-01,7.801460027694702148e-01,0.000000000000000000e+00
-1.180612146854400635e-01,-2.633933424949645996e-01,3.793717175722122192e-02,-3.592046797275543213e-01,-9.055762887001037598e-01,2.256181240081787109e-01,0.000000000000000000e+00
-2.654183804988861084e-01,9.863223135471343994e-02,-4.592480883002281189e-02,-7.503383755683898926e-01,5.696526765823364258e-01,-3.353925347328186035e-01,0.000000000000000000e+00
9.400124102830886841e-02,4.143457487225532532e-02,2.691375315189361572e-01,3.110695779323577881e-01,1.158743277192115784e-01,9.432967901229858398e-01,0.000000000000000000e+00
2.167626656591892242e-02,-1.951182931661605835e-01,-2.122202515602111816e-01,1.461978703737258911e-01,-6.394839882850646973e-01,-7.547757029533386230e-01,0.000000000000000000e+00
-2.517203092575073242e-01,-9.297918586526066065e-05,-1.490268260240554810e-01,-8.853890895843505859e-01,-6.185143813490867615e-02,-4.607173800468444824e-01,0.000000000000000000e+00
8.008827269077301025e-02,-2.587826251983642578e-01,-1.020195633172988892e-01,3.179531097412109375e-01,-8.983861804008483887e-01,-3.029985129833221436e-01,0.000000000000000000e+00
-2.012456767261028290e-02,2.780274450778961182e-01,6.944405287504196167e-02,-1.080802083015441895e-01,9.926769733428955078e-01,5.395490303635597229e-02,0.000000000000000000e+00
-3.605989739298820496e-02,2.748052775859832764e-01,6.902877241373062134e-02,-2.533890902996063232e-01,9.673576354980468750e-01,-3.632889827713370323e-03,0.000000000000000000e+00
-6.561999022960662842e-02,-1.177779678255319595e-02,2.861769497394561768e-01,-6.587132811546325684e-02,7.616453804075717926e-03,9.977990388870239258e-01,0.000000000000000000e+00
-1.292841434478759766e-01,-6.767010316252708435e-03,2.608670592308044434e-01,-4.168567061424255371e-01,-4.317315667867660522e-02,9.079463481903076172e-01,0.000000000000000000e+00
-2.479319125413894653e-01,-5.553997308015823364e-02,1.450267136096954346e-01,-8.109880685806274414e-01,-1.634168028831481934e-01,5.617769360542297363e-01,0.000000000000000000e+00
-2.716065943241119385e-01,-2.443238720297813416e-02,-1.069106832146644592e-01,-9.215802550315856934e-01,-1.090621948242187500e-01,-3.725523352622985840e-01,0.000000000000000000e+00
-1.598761528730392456e-01,1.519064307212829590e-01,-1.877791285514831543e-01,-5.819138288497924805e-01,4.939295649528503418e-01,-6.460726261138916016e-01,0.000000000000000000e+00
1.040550097823143005e-01,-2.677606940269470215e-01,-3.071165829896926880e-02,4.006258845329284668e-01,-9.013609290122985840e-01,-1.644609123468399048e-01,0.000000000000000000e+00
1.582144796848297119e-01,1.767363250255584717e-01,-1.618318855762481689e-01,6.076641082763671875e-01,6.933013796806335449e-01,-3.873983919620513916e-01,0.000000000000000000e+00
-1.021081879734992981e-01,3.715426847338676453e-02,-2.679238617420196533e-01,-3.417736887931823730e-01,7.913973182439804077e-02,-9.364441633224487305e-01,0.000000000000000000e+00
