-8.178263902664184570e-03,1.901976466178894043e-01,-3.624280542135238647e-02,-4.800059497356414795e-01,7.737557888031005859e-01,-4.133960604667663574e-01,0.000000000000000000e+00
1.451069861650466919e-01,1.273317448794841766e-02,-6.564544886350631714e-02,7.067129611968994141e-01,5.357881784439086914e-01,-4.620473980903625488e-01,0.000000000000000000e+00
-8.598286658525466919e-02,8.670240640640258789e-02,1.890009045600891113e-01,-5.696682333946228027e-01,-6.302244067192077637e-01,5.275369882583618164e-01,0.000000000000000000e+00
2.330587953329086304e-01,-1.528355777263641357e-01,-5.288866907358169556e-02,7.743144631385803223e-01,5.896030068397521973e-01,-2.297941446304321289e-01,0.000000000000000000e+00
1.575193852186203003e-01,-2.325355410575866699e-01,-1.773349381983280182e-02,2.079743295907974243e-01,-8.610109686851501465e-01,4.641193747520446777e-01,0.000000000000000000e+00
1.078039556741714478e-01,5.477200821042060852e-02,-1.069300770759582520e-01,6.982997655868530273e-01,-5.191925168037414551e-01,-4.927642047405242920e-01,0.000000000000000000e+00
6.945476680994033813e-02,3.423413634300231934e-02,-2.062539011240005493e-01,4.977602064609527588e-01,3.364531993865966797e-01,-7.993960380554199219e-01,0.000000000000000000e+00
-5.460562184453010559e-02,4.740398749709129333e-02,-2.876240015029907227e-01,8.097114562988281250e-01,-2.920426242053508759e-02,-5.861011147499084473e-01,0.000000000000000000e+00
8.930759876966476440e-02,-5.200165137648582458e-02,-2.641182243824005127e-01,5.819025039672851562e-01,7.936305999755859375e-01,1.775948107242584229e-01,0.000000000000000000e+00
6.420805305242538452e-02,-2.324331700801849365e-01,-2.748287320137023926e-01,1.171359941363334656e-01,-6.227566599845886230e-01,-7.735976576805114746e-01,0.000000000000000000e+00
-6.361497938632965088e-02,2.072098404169082642e-01,-2.232026010751724243e-01,-5.671640038490295410e-01,8.170104622840881348e-01,-1.040139198303222656e-01,0.000000000000000000e+00
-1.779593378305435181e-01,1.327782869338989258e-01,-3.785583004355430603e-02,-1.616284437477588654e-02,9.550677537918090820e-01,-2.959464788436889648e-01,0.000000000000000000e+00
1.557351499795913696e-01,5.903374403715133667e-02,6.708972156047821045e-02,4.532350897789001465e-01,8.874045610427856445e-01,8.420842885971069336e-02,0.000000000000000000e+00
-9.528388828039169312e-02,1.533316522836685181e-01,1.732339113950729370e-01,-5.922768115997314453e-01,7.594551444053649902e-01,2.691396176815032959e-01,0.000000000000000000e+00
6.132028065621852875e-03,1.178785488009452820e-01,2.192489951848983765e-01,-7.608948945999145508e-01,2.914623022079467773e-01,5.797315239906311035e-01,0.000000000000000000e+00
-3.472689539194107056e-02,5.879883840680122375e-02,-2.464370131492614746e-01,9.040453433990478516e-01,-2.381870150566101074e-01,-3.549210727214813232e-01,0.000000000000000000e+00
2.321296334266662598e-01,-8.791692554950714111e-02,5.897090211510658264e-02,7.801563739776611328e-01,5.919526219367980957e-01,-2.023564875125885010e-01,0.000000000000000000e+00
1.575417071580886841e-02,-2.011173516511917114e-01,-1.956282854080200195e-01,-4.726840257644653320e-01,-8.514882922172546387e-01,-2.270186543464660645e-01,0.000000000000000000e+00
-2.352812094613909721e-03,9.173969924449920654e-02,-2.102399915456771851e-01,7.660967707633972168e-01,-2.280969321727752686e-01,-6.008889675140380859e-01,0.000000000000000000e+00
-2.559608221054077148e-01,-1.555827166885137558e-02,5.200041085481643677e-02,-8.884230852127075195e-01,-6.556227058172225952e-02,4.543192684650421143e-01,0.000000000000000000e+00
1.567173749208450317e-01,1.195128411054611206e-01,1.908495128154754639e-01,2.555037140846252441e-01,7.215279340744018555e-01,6.435179114341735840e-01,0.000000000000000000e+00
1.625827401876449585e-01,-1.973276138305664062e-01,1.681149750947952271e-02,3.807439282536506653e-02,-2.974274754524230957e-01,9.539849162101745605e-01,0.000000000000000000e+00
-5.269638821482658386e-02,-9.364750236272811890e-02,-5.512413755059242249e-02,1.673999428749084473e-01,-8.083643317222595215e-01,-5.643795728683471680e-01,0.000000000000000000e+00
2.056716680526733398e-01,-3.421353176236152649e-02,1.051457077264785767e-01,2.806670665740966797e-01,6.830641031265258789e-01,-6.742769479751586914e-01,0.000000000000000000e+00
1.695846617221832275e-01,-2.265380322933197021e-01,-5.200498271733522415e-03,-3.998127281665802002e-01,-6.191560029983520508e-01,6.758666038513183594e-01,0.000000000000000000e+00
1.298999339342117310e-01,1.856469511985778809e-01,7.938221842050552368e-02,6.543639898300170898e-01,7.341311573982238770e-01,1.812712103128433228e-01,0.000000000000000000e+00
-2.867295034229755402e-02,-2.174611985683441162e-01,8.770406246185302734e-02,-3.649604320526123047e-01,-9.166354537010192871e-01,-1.630439311265945435e-01,0.000000000000000000e+00
1.284677833318710327e-01,-1.540574878454208374e-01,4.035312309861183167e-02,-1.094453185796737671e-01,-6.419729590415954590e-01,7.588757872581481934e-01,0.000000000000000000e+00
8.104436099529266357e-02,-1.871859095990657806e-02,-2.049734294414520264e-01,7.074621915817260742e-01,5.033054947853088379e-01,-4.961661696434020996e-01,0.000000000000000000e+00
2.820670977234840393e-02,1.721985936164855957e-01,-1.414476335048675537e-01,-5.182102322578430176e-01,7.087808251380920410e-01,-4.786312878131866455e-01,0.000000000000000000e+00
-2.524361014366149902e-01,1.105466950684785843e-02,-9.035910665988922119e-02,-7.339467406272888184e-01,1.929910294711589813e-02,-6.789327859878540039e-01,0.000000000000000000e+00
-1.725662052631378174e-01,-1.296675652265548706e-01,1.174966767430305481e-01,8.994263410568237305e-01,-3.531376719474792480e-01,2.575384676456451416e-01,0.000000000000000000e+00
2.274546623229980469e-01,-2.157099097967147827e-01,-2.628879807889461517e-02,7.498484849929809570e-01,-4.526745080947875977e-01,4.825069904327392578e-01,0.000000000000000000e+00
-3.182360529899597168e-02,-2.343473881483078003e-01,-1.014198884367942810e-01,-3.397732973098754883e-01,-7.919433712959289551e-01,5.073260664939880371e-01,0.000000000000000000e+00
-1.162295788526535034e-01,3.680358454585075378e-02,-2.182140499353408813e-01,-4.911293089389801025e-01,-3.269793093204498291e-01,8.073887228965759277e-01,0.000000000000000000e+00
-7.447974383831024170e-02,2.873608171939849854e-01,6.672564893960952759e-02,-5.451362114399671555e-03,9.485866427421569824e-01,-3.164707124233245850e-01,0.000000000000000000e+00
-2.240225523710250854e-01,-6.001454591751098633e-02,1.028665453195571899e-01,-1.941767036914825439e-01,8.415911197662353516e-01,5.040037631988525391e-01,0.000000000000000000e+00
1.127881258726119995e-01,6.060160696506500244e-02,-3.819696605205535889e-02,9.940587282180786133e-01,-9.776987880468368530e-02,-4.783556610345840454e-02,0.000000000000000000e+00
-1.507317125797271729e-01,-1.268226653337478638e-01,7.964017242193222046e-02,5.962930321693420410e-01,-7.107519507408142090e-01,3.731839954853057861e-01,0.000000000000000000e+00
2.863179892301559448e-02,-4.589632153511047363e-02,-2.358178198337554932e-01,-9.275362491607666016e-01,3.708772063255310059e-01,4.611537605524063110e-02,0.000000000000000000e+00
1.188167780637741089e-01,-7.416308671236038208e-02,-1.827782839536666870e-01,9.890444874763488770e-01,-7.275367388501763344e-04,-1.476161330938339233e-01,0.000000000000000000e+00
1.196717843413352966e-01,-1.349718719720840454e-01,5.393510311841964722e-02,-6.062711477279663086e-01,-7.519062757492065430e-01,2.589831352233886719e-01,0.000000000000000000e+00
-2.620983123779296875e-01,-1.357179284095764160e-01,4.794346541166305542e-02,-8.510937690734863281e-01,-1.596195250749588013e-01,-5.001609921455383301e-01,0.000000000000000000e+00
2.705577015876770020e-02,-1.051891967654228210e-01,3.037169948220252991e-02,-3.285148441791534424e-01,-9.315204024314880371e-01,-1.560376584529876709e-01,0.000000000000000000e+00
-3.404898568987846375e-02,1.822302863001823425e-02,-1.606625020503997803e-01,-3.179583251476287842e-01,-9.017691016197204590e-01,-2.927712798118591309e-01,0.000000000000000000e+00
7.126162946224212646e-02,-6.947722285985946655e-02,2.206410169601440430e-01,3.948712646961212158e-01,7.616158127784729004e-01,5.138268470764160156e-01,0.000000000000000000e+00
3.483108431100845337e-02,-5.780023708939552307e-02,1.945047974586486816e-01,-2.925214469432830811e-01,9.486479163169860840e-01,1.204091235995292664e-01,0.000000000000000000e+00
6.767322309315204620e-03,2.975131012499332428e-02,1.438604593276977539e-01,-1.413612514734268188e-01,-9.088140130043029785e-01,3.925227224826812744e-01,0.000000000000000000e+00
-7.757417112588882446e-02,1.748393774032592773e-01,-1.680832803249359131e-01,-8.598884940147399902e-01,4.235777631402015686e-02,5.087214708328247070e-01,0.000000000000000000e+00
1.585982739925384521e-01,6.162585318088531494e-02,-2.361023426055908203e-02,8.872769474983215332e-01,-7.397728413343429565e-02,4.552658200263977051e-01,0.000000000000000000e+00
1.607099175453186035e-01,-1.464120745658874512e-01,-1.332387477159500122e-01,5.041371583938598633e-01,-7.760019898414611816e-01,3.790338635444641113e-01,0.000000000000000000e+00
2.346518635749816895e-01,-1.596768796443939209e-01,-3.244833648204803467e-02,8.925155997276306152e-01,4.409138560295104980e-01,9.492541849613189697e-02,0.000000000000000000e+00
9.756214916706085205e-02,-4.933056980371475220e-02,-2.364369779825210571e-01,8.408460617065429688e-01,4.285251796245574951e-01,-3.306721448898315430e-01,0.000000000000000000e+00
-2.751364707946777344e-01,-1.075137406587600708e-01,9.759230166673660278e-02,-6.591202616691589355e-01,7.481771707534790039e-01,-7.610140740871429443e-02,0.000000000000000000e+00
-2.500526793301105499e-02,9.167325682938098907e-03,1.080916151404380798e-01,-8.625056594610214233e-02,-5.149166584014892578e-01,8.528901934623718262e-01,0.000000000000000000e+00
-4.209697246551513672e-02,-1.711132973432540894e-01,-8.650100231170654297e-02,-8.993391990661621094e-01,2.015933543443679810e-01,3.880065381526947021e-01,0.000000000000000000e+00
6.413827836513519287e-02,-2.344581335783004761e-01,-1.328657567501068115e-01,-3.131923973560333252e-01,-9.493995308876037598e-01,2.347484789788722992e-02,0.000000000000000000e+00
7.968793064355850220e-02,6.063523516058921814e-02,2.303128540515899658e-01,6.093691587448120117e-01,-7.913010716438293457e-01,-5.011788010597229004e-02,0.000000000000000000e+00
-1.333768665790557861e-01,-2.710277773439884186e-02,1.153093874454498291e-01,3.007190823554992676e-01,-3.780667185783386230e-01,8.755761384963989258e-01,0.000000000000000000e+00
-2.252896130084991455e-01,-1.380031835287809372e-02,8.946324884891510010e-02,-5.230854153633117676e-01,8.248114585876464844e-02,8.482797145843505859e-01,0.000000000000000000e+00
2.212219238281250000e-01,-5.010478198528289795e-02,1.979476213455200195e-01,4.231627881526947021e-01,7.533836364746093750e-01,5.033351778984069824e-01,0.000000000000000000e+00
1.684828549623489380e-01,3.948630392551422119e-02,8.554209023714065552e-02,7.662211060523986816e-01,5.203776955604553223e-01,3.769778609275817871e-01,0.000000000000000000e+00
-2.674818336963653564e-01,-8.595033735036849976e-02,1.024843826889991760e-01,-4.311418831348419189e-01,8.796711564064025879e-01,2.007368803024291992e-01,0.000000000000000000e+00
-1.701687425374984741e-01,6.304949522018432617e-02,-1.957268863916397095e-01,-4.983805418014526367e-01,-8.359435796737670898e-01,-2.298155277967453003e-01,0.000000000000000000e+00
1.027626618742942810e-01,4.023520648479461670e-02,-1.843702346086502075e-01,6.004140973091125488e-01,6.292819380760192871e-01,-4.934644401073455811e-01,0.000000000000000000e+00
2.312765270471572876e-01,-1.959121823310852051e-01,-1.720791310071945190e-02,7.798467278480529785e-01,-9.711611270904541016e-02,6.183910965919494629e-01,0.000000000000000000e+00
4.709003493189811707e-02,-5.939232558012008667e-02,1.092232838273048401e-01,-8.468267917633056641e-01,3.510733544826507568e-01,3.995395302772521973e-01,0.000000000000000000e+00
-7.360222190618515015e-02,-1.049021407961845398e-01,4.734150599688291550e-03,6.245300173759460449e-01,-5.793469548225402832e-01,-5.237550735473632812e-01,0.000000000000000000e+00
-8.759083598852157593e-02,1.761340163648128510e-02,-1.674158424139022827e-01,-3.056491911411285400e-01,-8.619855642318725586e-01,-4.044248759746551514e-01,0.000000000000000000e+00
8.046197891235351562e-02,-2.657477743923664093e-04,-2.056015133857727051e-01,2.043102532625198364e-01,-2.193216979503631592e-01,-9.540206193923950195e-01,0.000000000000000000e+00
-3.105621319264173508e-03,-1.035395264625549316e-01,-4.629373922944068909e-02,-3.772963285446166992e-01,-9.171179533004760742e-01,-1.286161988973617554e-01,0.000000000000000000e+00
-2.608538866043090820e-01,-3.273185342550277710e-02,3.451002389192581177e-02,-9.854066967964172363e-01,-1.623631566762924194e-01,5.110589787364006042e-02,0.000000000000000000e+00
-3.110201284289360046e-02,-2.218331098556518555e-01,1.071182191371917725e-01,-2.776665985584259033e-01,-8.132228255271911621e-01,5.114390850067138672e-01,0.000000000000000000e+00
1.885219067335128784e-01,-1.189473122358322144e-01,2.071834057569503784e-01,2.056534141302108765e-01,-6.616055369377136230e-01,7.210996747016906738e-01,0.000000000000000000e+00
-2.592466175556182861e-01,-1.694427728652954102e-01,1.010203212499618530e-01,-2.459050267934799194e-01,-7.258577346801757812e-01,-6.423871517181396484e-01,0.000000000000000000e+00
1.481367927044630051e-02,1.266043335199356079e-01,2.503486871719360352e-01,-7.324224710464477539e-01,5.971901416778564453e-01,3.269881606101989746e-01,0.000000000000000000e+00
-9.134690463542938232e-02,1.460238099098205566e-01,5.814872682094573975e-02,-9.255625009536743164e-01,-2.760170102119445801e-01,2.591306865215301514e-01,0.000000000000000000e+00
1.840488314628601074e-01,-4.409615695476531982e-02,-3.938477113842964172e-02,8.805639743804931641e-01,-1.073436290025711060e-01,4.616106450557708740e-01,0.000000000000000000e+00
7.162269204854965210e-02,2.088371068239212036e-01,5.414177477359771729e-02,9.581218957901000977e-01,6.229480728507041931e-02,2.795028090476989746e-01,0.000000000000000000e+00
-4.460224509239196777e-02,-6.215761229395866394e-02,-1.058387234807014465e-01,-3.213401138782501221e-02,-9.408174753189086914e-01,-3.373869061470031738e-01,0.000000000000000000e+00
-9.478863328695297241e-02,8.400805294513702393e-02,1.793950349092483521e-01,-8.284689784049987793e-01,-3.543516695499420166e-01,4.336750209331512451e-01,0.000000000000000000e+00
2.447824366390705109e-02,2.349238246679306030e-01,-1.071143150329589844e-02,-5.084559917449951172e-01,1.604783162474632263e-02,-8.609384298324584961e-01,0.000000000000000000e+00
-3.936306387186050415e-02,-1.191504225134849548e-01,1.312785893678665161e-01,-4.407110214233398438e-01,5.685389041900634766e-01,6.946490406990051270e-01,0.000000000000000000e+00
2.315150350332260132e-01,-2.194702327251434326e-01,-5.022373422980308533e-02,7.699584960937500000e-01,-6.378124356269836426e-01,1.895472407341003418e-02,0.000000000000000000e+00
-6.331371515989303589e-02,-7.891697436571121216e-02,-7.779704034328460693e-02,4.112790226936340332e-01,-7.417225837707519531e-01,-5.298086404800415039e-01,0.000000000000000000e+00
8.560689538717269897e-02,1.928259730339050293e-01,3.122313693165779114e-02,4.610935151576995850e-01,5.628186464309692383e-01,-6.860232949256896973e-01,0.000000000000000000e+00
4.625218454748392105e-03,-1.938818097114562988e-01,-1.986592262983322144e-01,-4.978472292423248291e-01,-8.391011953353881836e-01,-2.192199230194091797e-01,0.000000000000000000e+00
-2.679662406444549561e-01,2.936195023357868195e-02,-5.251014232635498047e-02,-9.379045963287353516e-01,-1.331236809492111206e-01,-3.203327059745788574e-01,0.000000000000000000e+00
-2.503223419189453125e-01,-1.701603382825851440e-01,1.577341258525848389e-01,2.072455435991287231e-01,-8.543919324874877930e-01,4.765120744705200195e-01,0.000000000000000000e+00
2.280670404434204102e-02,2.199705541133880615e-01,1.061564758419990540e-01,-6.060346364974975586e-01,7.865265607833862305e-01,-1.187347546219825745e-01,0.000000000000000000e+00
7.108872383832931519e-02,1.590300798416137695e-01,2.155892252922058105e-01,2.443073987960815430e-01,9.607255458831787109e-01,1.316066682338714600e-01,0.000000000000000000e+00
4.491398483514785767e-02,-1.460687518119812012e-01,2.100575566291809082e-01,1.583518236875534058e-01,-7.197273373603820801e-01,6.759566068649291992e-01,0.000000000000000000e+00
2.341383248567581177e-01,-1.250824183225631714e-01,1.370779871940612793e-01,6.790102124214172363e-01,2.872457206249237061e-01,-6.755997538566589355e-01,0.000000000000000000e+00
1.856243237853050232e-02,-2.244680821895599365e-01,-8.191966265439987183e-02,6.204433739185333252e-02,-7.246362566947937012e-01,6.863328814506530762e-01,0.000000000000000000e+00
6.973335891962051392e-02,-1.399454027414321899e-01,2.240248620510101318e-01,-3.075908720493316650e-01,-7.188152670860290527e-01,-6.234520673751831055e-01,0.000000000000000000e+00
-2.706971466541290283e-01,2.385518327355384827e-02,1.971248164772987366e-02,-9.291176199913024902e-01,-1.436633467674255371e-01,3.407363295555114746e-01,0.000000000000000000e+00
9.174840152263641357e-02,-4.922961816191673279e-02,-2.468587905168533325e-01,4.892447590827941895e-01,7.233665585517883301e-01,-4.872169494628906250e-01,0.000000000000000000e+00
1.325938403606414795e-01,2.838975191116333008e-02,1.917652487754821777e-01,3.669905290007591248e-02,-4.876067042350769043e-01,8.722917437553405762e-01,0.000000000000000000e+00
1.116188913583755493e-01,8.015758544206619263e-02,-8.141507208347320557e-02,6.564601510763168335e-02,2.711407542228698730e-01,-9.602985382080078125e-01,0.000000000000000000e+00
9.807956963777542114e-02,7.279989123344421387e-02,2.343440949916839600e-01,7.670940756797790527e-01,-6.367204785346984863e-01,7.844532281160354614e-02,0.000000000000000000e+00
2.012161463499069214e-01,6.946550309658050537e-02,1.706789433956146240e-01,7.665796875953674316e-01,4.728998839855194092e-01,4.344206452369689941e-01,0.000000000000000000e+00
-3.039516508579254150e-02,-2.220901548862457275e-01,1.070932373404502869e-01,-2.776665985584259033e-01,-8.132228255271911621e-01,5.114390850067138672e-01,0.000000000000000000e+00
2.091808021068572998e-01,-8.828284591436386108e-02,2.138140052556991577e-01,6.372696757316589355e-01,8.482443541288375854e-02,7.659583687782287598e-01,0.000000000000000000e+00
-1.515897810459136963e-01,6.675416231155395508e-02,1.077267974615097046e-01,2.796336114406585693e-01,4.447045028209686279e-01,8.509071469306945801e-01,0.000000000000000000e+00
8.409557491540908813e-02,1.983813941478729248e-01,8.295836299657821655e-02,2.350386083126068115e-01,9.363473653793334961e-01,2.607881426811218262e-01,0.000000000000000000e+00
-1.145508661866188049e-01,1.405131816864013672e-01,-1.080118119716644287e-01,-8.093310147523880005e-02,8.654025197029113770e-01,4.944980442523956299e-01,0.000000000000000000e+00
-1.977235823869705200e-01,9.415596723556518555e-02,-1.932094991207122803e-01,-9.690278768539428711e-01,-1.465463489294052124e-01,-1.987690180540084839e-01,0.000000000000000000e+00
1.445818226784467697e-02,5.165246501564979553e-02,-1.946437954902648926e-01,2.255539447069168091e-01,1.231338679790496826e-01,-9.664178490638732910e-01,0.000000000000000000e+00
-1.045920923352241516e-01,1.394688040018081665e-01,1.551204919815063477e-01,-8.821347951889038086e-01,3.141171038150787354e-01,-3.509538769721984863e-01,0.000000000000000000e+00
1.848388165235519409e-01,1.165542006492614746e-01,1.746084392070770264e-01,7.662351727485656738e-01,9.877425432205200195e-02,6.349230408668518066e-01,0.000000000000000000e+00
-1.193229407072067261e-01,1.291681081056594849e-01,7.810918148607015610e-03,6.785514415241777897e-04,9.951531887054443359e-01,9.833470731973648071e-02,0.000000000000000000e+00
2.713624387979507446e-02,-4.984812811017036438e-02,-2.387220263481140137e-01,-9.633511900901794434e-01,2.564642727375030518e-01,-7.861667871475219727e-02,0.000000000000000000e+00
-2.222443372011184692e-02,3.957600519061088562e-02,1.558621376752853394e-01,-2.268878072500228882e-01,-9.452277421951293945e-01,2.346623688936233521e-01,0.000000000000000000e+00
1.082161366939544678e-01,-1.258335709571838379e-01,5.608335137367248535e-02,-4.467947781085968018e-01,-8.524317145347595215e-01,2.715412676334381104e-01,0.000000000000000000e+00
5.641087517142295837e-02,-2.320035845041275024e-01,-1.366917788982391357e-01,-3.131923973560333252e-01,-9.493995308876037598e-01,2.347484789788722992e-02,0.000000000000000000e+00
2.034436017274856567e-01,-1.499436199665069580e-01,1.420235335826873779e-01,8.093086481094360352e-01,-5.832645297050476074e-01,6.944070011377334595e-02,0.000000000000000000e+00
-3.397500142455101013e-02,-1.625730544328689575e-01,4.310691356658935547e-02,-3.413676321506500244e-01,-1.665277034044265747e-01,-9.250603914260864258e-01,0.000000000000000000e+00
-1.303552091121673584e-01,-6.647152453660964966e-02,9.520370513200759888e-02,2.434169799089431763e-01,-3.968443274497985840e-01,8.850213289260864258e-01,0.000000000000000000e+00
1.683629155158996582e-01,1.294402778148651123e-02,1.079366803169250488e-01,9.976277947425842285e-01,6.110528111457824707e-02,3.170130029320716858e-02,0.000000000000000000e+00
-3.682012856006622314e-02,-2.308744341135025024e-01,-1.029142141342163086e-01,-8.293084502220153809e-01,-5.348604321479797363e-01,1.617769598960876465e-01,0.000000000000000000e+00
-2.944246828556060791e-01,-1.572581231594085693e-01,1.417833417654037476e-01,-8.535243570804595947e-02,-9.364015460014343262e-01,-3.403926193714141846e-01,0.000000000000000000e+00
1.357551515102386475e-01,-2.806837856769561768e-01,-1.609738916158676147e-01,3.425883352756500244e-01,-8.822881579399108887e-01,-3.228015303611755371e-01,0.000000000000000000e+00
-8.044502884149551392e-02,5.752373114228248596e-02,1.120123043656349182e-01,-5.342535972595214844e-01,-3.365872204303741455e-01,7.754238247871398926e-01,0.000000000000000000e+00
-8.695375919342041016e-02,1.381448805332183838e-01,2.095965668559074402e-03,-7.802071571350097656e-01,5.238776206970214844e-01,-3.418026566505432129e-01,0.000000000000000000e+00
-1.276212185621261597e-01,2.231643348932266235e-02,-2.328682839870452881e-01,-7.012518048286437988e-01,-4.131940007209777832e-01,5.809617638587951660e-01,0.000000000000000000e+00
-7.923677563667297363e-02,2.296442389488220215e-01,9.238874539732933044e-03,-3.271156847476959229e-01,2.909974157810211182e-01,-8.990638852119445801e-01,0.000000000000000000e+00
2.120395004749298096e-01,-1.108874231576919556e-01,-1.819511689245700836e-02,3.337174355983734131e-01,5.396577343344688416e-02,-9.411271810531616211e-01,0.000000000000000000e+00
-2.726789414882659912e-01,-1.443704515695571899e-01,7.264371216297149658e-02,-8.629032969474792480e-01,-3.682602255139499903e-04,-5.053688883781433105e-01,0.000000000000000000e+00
7.374954223632812500e-02,-1.387094855308532715e-01,-7.650493062101304531e-04,-8.889209628105163574e-01,-2.542112767696380615e-01,3.810461759567260742e-01,0.000000000000000000e+00
4.303660988807678223e-02,2.361994534730911255e-01,1.804044842720031738e-01,-7.185766100883483887e-02,7.705549597740173340e-01,6.333099603652954102e-01,0.000000000000000000e+00
-8.874399960041046143e-02,-1.222949177026748657e-01,2.632356062531471252e-02,3.033199310302734375e-01,-8.885736465454101562e-01,-3.441422283649444580e-01,0.000000000000000000e+00
-2.490828484296798706e-01,-1.203557401895523071e-01,1.787601858377456665e-01,1.136677488684654236e-01,2.943755984306335449e-01,9.489060044288635254e-01,0.000000000000000000e+00
6.125006079673767090e-02,2.402924001216888428e-01,1.353475004434585571e-01,4.196820855140686035e-01,8.815426826477050781e-01,-2.162161469459533691e-01,0.000000000000000000e+00
-2.112976312637329102e-01,1.222618147730827332e-01,-3.924644365906715393e-02,-4.131077527999877930e-01,9.106771349906921387e-01,3.016072092577815056e-03,0.000000000000000000e+00
-1.721486099995672703e-03,-9.302879869937896729e-02,-1.435158848762512207e-01,-9.221743345260620117e-01,9.236939996480941772e-02,-3.755827844142913818e-01,0.000000000000000000e+00
2.008437663316726685e-01,9.779393672943115234e-02,1.499811559915542603e-01,9.532205462455749512e-01,3.005337715148925781e-01,3.240402787923812866e-02,0.000000000000000000e+00
2.331999242305755615e-01,-1.549078822135925293e-01,-5.810041353106498718e-02,7.683113813400268555e-01,6.107823848724365234e-01,-1.914221495389938354e-01,0.000000000000000000e+00
1.903176754713058472e-01,2.262753993272781372e-02,5.648770183324813843e-02,8.641896843910217285e-01,1.916816681623458862e-01,-4.652250707149505615e-01,0.000000000000000000e+00
9.266538918018341064e-02,-2.150713205337524414e-01,-4.001378268003463745e-02,-5.008320212364196777e-01,-8.580276966094970703e-01,1.138234958052635193e-01,0.000000000000000000e+00
-6.138575822114944458e-02,2.135786116123199463e-01,1.142885070294141769e-03,-1.813636720180511475e-01,2.286340445280075073e-01,-9.564694166183471680e-01,0.000000000000000000e+00
-1.698636561632156372e-01,-1.261118501424789429e-01,9.707187302410602570e-03,5.496063083410263062e-02,-9.795744419097900391e-01,1.934251189231872559e-01,0.000000000000000000e+00
1.063236594200134277e-01,5.469651147723197937e-02,-1.130081340670585632e-01,9.754737019538879395e-01,-1.122159585356712341e-01,-1.893638670444488525e-01,0.000000000000000000e+00
-2.140473723411560059e-01,3.300217166543006897e-02,-1.277400106191635132e-01,-4.717453122138977051e-01,3.235056102275848389e-01,-8.202441930770874023e-01,0.000000000000000000e+00
-2.630135715007781982e-01,-8.080115169286727905e-02,1.200862452387809753e-01,-9.987708926200866699e-01,-4.953483119606971741e-02,1.745091401971876621e-03,0.000000000000000000e+00
-1.249044835567474365e-01,2.811293862760066986e-02,-2.270105183124542236e-01,-4.911293089389801025e-01,-3.269793093204498291e-01,8.073887228965759277e-01,0.000000000000000000e+00
4.011492058634757996e-02,-1.250436902046203613e-01,-4.712969809770584106e-02,-5.246948003768920898e-01,-7.831162214279174805e-01,3.338028490543365479e-01,0.000000000000000000e+00
8.435248583555221558e-02,2.329531610012054443e-01,1.171815618872642517e-01,-4.167224466800689697e-01,-1.218886747956275940e-01,-9.008249640464782715e-01,0.000000000000000000e+00
1.235833689570426941e-01,1.080523356795310974e-01,2.737303450703620911e-02,8.628081083297729492e-01,-1.839170455932617188e-01,-4.708892703056335449e-01,0.000000000000000000e+00
-5.546329542994499207e-02,-1.987064778804779053e-01,1.000606045126914978e-01,-6.243432760238647461e-01,-7.327022552490234375e-01,-2.708189487457275391e-01,0.000000000000000000e+00
7.710687071084976196e-02,2.303165346384048462e-01,1.698556095361709595e-01,6.691049337387084961e-01,6.499696373939514160e-01,3.603305518627166748e-01,0.000000000000000000e+00
2.425054758787155151e-01,-1.083547323942184448e-01,4.223650693893432617e-02,6.762890815734863281e-01,6.985037773847579956e-02,7.333171367645263672e-01,0.000000000000000000e+00
1.639383733272552490e-01,9.858787059783935547e-02,8.923205733299255371e-02,2.958019971847534180e-01,-2.905621230602264404e-01,-9.099861979484558105e-01,0.000000000000000000e+00
1.214855983853340149e-01,-2.720040380954742432e-01,-9.835807234048843384e-02,2.631866931915283203e-01,2.924712002277374268e-01,9.193440079689025879e-01,0.000000000000000000e+00
1.674113981425762177e-02,1.326827406883239746e-01,-1.988638490438461304e-01,9.551661610603332520e-01,-1.613024920225143433e-01,2.482722550630569458e-01,0.000000000000000000e+00
2.681984752416610718e-02,1.827263236045837402e-01,-6.993143260478973389e-02,-5.754161626100540161e-02,6.970538496971130371e-01,-7.147061824798583984e-01,0.000000000000000000e+00
5.213316064327955246e-03,1.627862304449081421e-01,-1.558390408754348755e-01,-3.863253295421600342e-01,5.536229610443115234e-01,-7.377359271049499512e-01,0.000000000000000000e+00
9.773960709571838379e-02,-1.255859136581420898e-01,-2.311194837093353271e-01,7.595607042312622070e-01,-1.984510421752929688e-01,-6.194228529930114746e-01,0.000000000000000000e+00
1.367464065551757812e-01,-1.702436506748199463e-01,2.800545282661914825e-02,-2.956197783350944519e-02,-5.096514225006103516e-01,8.598729372024536133e-01,0.000000000000000000e+00
1.101747900247573853e-01,-1.257285922765731812e-01,1.747179627418518066e-01,-2.338163703680038452e-01,-9.349662661552429199e-01,2.667733430862426758e-01,0.000000000000000000e+00
-2.445247918367385864e-01,1.576405949890613556e-02,7.266867160797119141e-02,-9.395930767059326172e-01,-2.589628994464874268e-01,2.238371223211288452e-01,0.000000000000000000e+00
-6.464349478483200073e-02,1.652489304542541504e-01,-1.132910791784524918e-02,-7.782760262489318848e-01,3.057747483253479004e-01,-5.484415888786315918e-01,0.000000000000000000e+00
5.194318294525146484e-02,-2.442784756422042847e-01,-2.055304944515228271e-01,-7.717844843864440918e-02,-8.166795372962951660e-01,5.719073414802551270e-01,0.000000000000000000e+00
4.692247137427330017e-02,-2.047519944608211517e-02,-2.139122784137725830e-01,-2.014648467302322388e-01,2.741215229034423828e-01,-9.403559565544128418e-01,0.000000000000000000e+00
2.789711207151412964e-02,-1.366473734378814697e-01,-5.313187092542648315e-02,-8.625040203332901001e-02,1.401953846216201782e-01,9.863600134849548340e-01,0.000000000000000000e+00
1.510657649487257004e-02,1.100053191184997559e-01,-1.911315172910690308e-01,2.218952178955078125e-01,8.957415074110031128e-02,-9.709474444389343262e-01,0.000000000000000000e+00
1.122243553400039673e-01,-1.315665692090988159e-01,1.560788750648498535e-01,-2.437145859003067017e-01,-9.300756454467773438e-01,2.748863697052001953e-01,0.000000000000000000e+00
2.087923139333724976e-01,-7.242867350578308105e-02,2.132176756858825684e-01,6.716046929359436035e-01,3.029188513755798340e-02,7.402901649475097656e-01,0.000000000000000000e+00
1.094349026679992676e-01,-2.156654745340347290e-01,-2.433343380689620972e-01,8.947814106941223145e-01,-4.245233237743377686e-01,-1.383698284626007080e-01,0.000000000000000000e+00
-2.886204235255718231e-02,8.454587310552597046e-02,2.131518572568893433e-01,5.134931206703186035e-01,-5.801961421966552734e-01,6.322161555290222168e-01,0.000000000000000000e+00
1.045848205685615540e-01,-3.413530811667442322e-02,-1.684548407793045044e-01,5.858298540115356445e-01,-2.421022355556488037e-01,-7.734273672103881836e-01,0.000000000000000000e+00
-6.237478554248809814e-02,-1.294066756963729858e-01,1.006927564740180969e-01,-9.906046986579895020e-01,1.137204766273498535e-01,7.596074044704437256e-02,0.000000000000000000e+00
9.960247576236724854e-02,-8.427551388740539551e-02,-2.726527452468872070e-01,1.507050544023513794e-01,-2.480534315109252930e-01,-9.569521546363830566e-01,0.000000000000000000e+00
4.165456444025039673e-02,2.544535100460052490e-01,-1.581580005586147308e-02,1.762190908193588257e-01,1.920014172792434692e-01,-9.654440879821777344e-01,0.000000000000000000e+00
1.040839329361915588e-01,-1.959737837314605713e-01,-2.667999863624572754e-01,3.146570324897766113e-01,2.203836664557456970e-02,-9.489495754241943359e-01,0.000000000000000000e+00
5.291498824954032898e-02,-8.779886364936828613e-02,-2.739411890506744385e-01,-3.806832730770111084e-01,-2.945926487445831299e-01,-8.765246272087097168e-01,0.000000000000000000e+00
-6.316724419593811035e-02,-1.351167708635330200e-01,9.890685975551605225e-02,-9.906046986579895020e-01,1.137204766273498535e-01,7.596074044704437256e-02,0.000000000000000000e+00
1.179623082280158997e-01,1.058916449546813965e-01,1.960628665983676910e-02,5.414637327194213867e-01,-9.484030306339263916e-02,-8.353576064109802246e-01,0.000000000000000000e+00
-1.417565643787384033e-01,9.185674716718494892e-04,1.181645840406417847e-01,2.886183857917785645e-01,-2.048678994178771973e-01,9.352692365646362305e-01,0.000000000000000000e+00
7.321834564208984375e-02,-2.272750288248062134e-01,-1.010449454188346863e-01,-1.364875677973031998e-02,-9.220597743988037109e-01,3.868067264556884766e-01,0.000000000000000000e+00
5.785258114337921143e-02,2.015353590250015259e-01,-6.276013702154159546e-02,-1.075835078954696655e-01,9.300397038459777832e-01,-3.513573408126831055e-01,0.000000000000000000e+00
-2.573062181472778320e-01,-2.385821565985679626e-02,4.863369837403297424e-02,-9.607301950454711914e-01,7.601571083068847656e-02,2.668690979480743408e-01,0.000000000000000000e+00
4.727149754762649536e-02,-1.072765663266181946e-01,1.062469277530908585e-02,-2.461401969194412231e-01,-9.571236371994018555e-01,-1.527395248413085938e-01,0.000000000000000000e+00
-1.973667144775390625e-01,4.426732286810874939e-02,-1.308307945728302002e-01,-5.417556762695312500e-01,5.095282196998596191e-01,-6.684921383857727051e-01,0.000000000000000000e+00
2.311672866344451904e-01,-5.030109733343124390e-02,1.866633147001266479e-01,6.687872409820556641e-01,6.192541718482971191e-01,4.113974869251251221e-01,0.000000000000000000e+00
-1.987752914428710938e-01,9.084476530551910400e-02,-1.065418720245361328e-01,-3.076151907444000244e-01,7.354326844215393066e-01,-6.037480235099792480e-01,0.000000000000000000e+00
-2.620884776115417480e-01,-7.922972738742828369e-02,7.715938985347747803e-02,-8.077287077903747559e-01,5.536540746688842773e-01,2.025869488716125488e-01,0.000000000000000000e+00
-9.254924952983856201e-02,-1.227612420916557312e-01,4.841256141662597656e-02,1.725198328495025635e-01,-9.064624309539794922e-01,3.854384124279022217e-01,0.000000000000000000e+00
-3.440922126173973083e-02,2.739817500114440918e-01,6.422560662031173706e-02,4.756783246994018555e-01,8.324940800666809082e-01,-2.840488255023956299e-01,0.000000000000000000e+00
-2.418299466371536255e-01,9.833960980176925659e-02,-4.165266826748847961e-02,-8.957860469818115234e-01,1.800702065229415894e-01,4.063767790794372559e-01,0.000000000000000000e+00
-2.723899483680725098e-01,1.087576616555452347e-02,1.010174863040447235e-02,-9.860262870788574219e-01,6.283504888415336609e-03,1.664711087942123413e-01,0.000000000000000000e+00
7.945107668638229370e-02,1.556975245475769043e-01,2.228013277053833008e-01,1.662298291921615601e-01,9.392727613449096680e-01,3.002238273620605469e-01,0.000000000000000000e+00
-2.282731980085372925e-02,1.794247925281524658e-01,1.674804240465164185e-01,2.686209678649902344e-01,9.039487242698669434e-01,3.327453136444091797e-01,0.000000000000000000e+00
-2.095744013786315918e-01,-1.261499971151351929e-01,1.795627325773239136e-01,1.994531452655792236e-01,-1.769031584262847900e-01,9.638068675994873047e-01,0.000000000000000000e+00
-9.903956949710845947e-02,1.320360153913497925e-01,1.436439342796802521e-02,-6.389803886413574219e-01,7.417094111442565918e-01,-2.038902044296264648e-01,0.000000000000000000e+00
7.393958419561386108e-02,9.294039011001586914e-02,2.699820399284362793e-01,3.640204668045043945e-01,-1.995783448219299316e-01,9.097568988800048828e-01,0.000000000000000000e+00
-7.358615845441818237e-02,2.431238591670989990e-01,1.475148797035217285e-01,2.248699218034744263e-01,1.637621223926544189e-01,9.605287313461303711e-01,0.000000000000000000e+00
-7.773612439632415771e-02,-1.101522073149681091e-01,7.599683944135904312e-03,4.642869532108306885e-01,-8.228159546852111816e-01,-3.277369737625122070e-01,0.000000000000000000e+00
9.308088570833206177e-02,-3.290475159883499146e-02,-1.940865218639373779e-01,5.968909263610839844e-01,8.022122979164123535e-01,1.329348143190145493e-02,0.000000000000000000e+00
-1.379788620397448540e-03,1.699532866477966309e-01,1.852353662252426147e-01,-4.872587919235229492e-01,3.873432278633117676e-01,7.826519608497619629e-01,0.000000000000000000e+00
6.255225837230682373e-02,-1.145434305071830750e-01,2.495032101869583130e-01,-2.244068086147308350e-01,-4.219135344028472900e-01,8.784250617027282715e-01,0.000000000000000000e+00
1.760404258966445923e-01,-1.058365926146507263e-01,-2.133917436003684998e-02,-5.515589937567710876e-02,4.017775654792785645e-01,-9.140747189521789551e-01,0.000000000000000000e+00
7.137749344110488892e-02,5.407480895519256592e-02,2.179284840822219849e-01,4.528271257877349854e-01,-8.824291229248046875e-01,1.275399625301361084e-01,0.000000000000000000e+00
1.749654300510883331e-02,1.681048572063446045e-01,-1.989223808050155640e-01,9.142330884933471680e-01,2.769501805305480957e-01,2.957642078399658203e-01,0.000000000000000000e+00
-1.620804816484451294e-01,2.481488883495330811e-02,1.245833039283752441e-01,-8.955169320106506348e-01,7.541881501674652100e-02,4.385902285575866699e-01,0.000000000000000000e+00
9.827348589897155762e-02,-5.085779353976249695e-02,-2.366073280572891235e-01,8.408460617065429688e-01,4.285251796245574951e-01,-3.306721448898315430e-01,0.000000000000000000e+00
3.361045941710472107e-02,-6.571958214044570923e-02,2.225282490253448486e-01,-1.351532191038131714e-01,9.278111457824707031e-01,3.477068245410919189e-01,0.000000000000000000e+00
-1.948014348745346069e-01,-1.230449154973030090e-01,2.877961285412311554e-02,4.040004909038543701e-01,-9.099683761596679688e-01,9.349408745765686035e-02,0.000000000000000000e+00
-4.336914792656898499e-02,2.134793400764465332e-01,-2.141080051660537720e-01,-8.863278478384017944e-02,9.942249059677124023e-01,6.050645560026168823e-02,0.000000000000000000e+00
-2.044967561960220337e-01,-7.061871886253356934e-02,1.180572062730789185e-01,4.469712376594543457e-01,6.863542199134826660e-01,5.737025737762451172e-01,0.000000000000000000e+00
5.790812522172927856e-02,-1.071190312504768372e-01,-2.608572840690612793e-01,-7.542720437049865723e-02,-7.761758565902709961e-01,-6.259886622428894043e-01,0.000000000000000000e+00
-1.275788620114326477e-02,-1.733411848545074463e-01,-5.937102437019348145e-02,-5.592319965362548828e-01,-1.189104188233613968e-02,8.289259076118469238e-01,0.000000000000000000e+00
1.036127209663391113e-01,8.279149234294891357e-02,-8.814372122287750244e-02,6.148636341094970703e-01,7.779724001884460449e-01,1.292350292205810547e-01,0.000000000000000000e+00
-1.632813736796379089e-02,2.651961520314216614e-02,-1.785251945257186890e-01,-1.725044995546340942e-01,-9.194449782371520996e-01,-3.533598482608795166e-01,0.000000000000000000e+00
1.373278796672821045e-01,-3.874369338154792786e-02,1.974989175796508789e-01,-3.110736310482025146e-01,5.265691280364990234e-01,7.911751866340637207e-01,0.000000000000000000e+00
-4.928959906101226807e-02,-8.576299995183944702e-02,-6.239505484700202942e-02,2.073320001363754272e-01,-6.994619965553283691e-01,-6.839344501495361328e-01,0.000000000000000000e+00
-5.476256087422370911e-02,1.998052746057510376e-01,1.451410502195358276e-01,3.906438127160072327e-02,-1.817550808191299438e-01,9.825676083564758301e-01,0.000000000000000000e+00
-1.660236567258834839e-01,5.925026535987854004e-02,-1.414332389831542969e-01,-9.852604866027832031e-01,-1.614386886358261108e-01,5.656274408102035522e-02,0.000000000000000000e+00
2.071416079998016357e-01,-1.146528199315071106e-01,7.495801150798797607e-02,1.878774613142013550e-01,-3.011889159679412842e-01,9.348728656768798828e-01,0.000000000000000000e+00
1.403822004795074463e-01,1.214311271905899048e-01,1.910182237625122070e-01,-1.387313287705183029e-02,4.905381798744201660e-01,8.713092803955078125e-01,0.000000000000000000e+00
1.821483075618743896e-01,-1.185927167534828186e-01,-3.298821300268173218e-02,-9.278004616498947144e-02,8.463559746742248535e-01,-5.244744420051574707e-01,0.000000000000000000e+00
6.573755294084548950e-02,-4.857814311981201172e-02,1.675166636705398560e-01,-1.995214074850082397e-01,9.791714549064636230e-01,-3.760911896824836731e-02,0.000000000000000000e+00
5.332105606794357300e-02,2.068839967250823975e-01,-3.082234971225261688e-02,1.467329710721969604e-01,9.300509691238403320e-01,3.368598818778991699e-01,0.000000000000000000e+00
1.388699114322662354e-01,-7.635599374771118164e-02,-1.102482005953788757e-01,7.916591167449951172e-01,3.337018489837646484e-01,-5.117801427841186523e-01,0.000000000000000000e+00
2.459281682968139648e-02,3.992004203610122204e-04,9.883828461170196533e-02,-1.239305213093757629e-01,-3.252161443233489990e-01,9.374837279319763184e-01,0.000000000000000000e+00
6.766112986952066422e-03,-1.957524120807647705e-01,4.987325146794319153e-02,2.066489607095718384e-01,-4.148459434509277344e-01,-8.861145973205566406e-01,0.000000000000000000e+00
1.073549613356590271e-01,-1.027285158634185791e-01,-2.228520363569259644e-01,8.679929375648498535e-01,-2.362252920866012573e-01,-4.367904663085937500e-01,0.000000000000000000e+00
-2.172410488128662109e-01,1.270077973604202271e-01,1.027985382825136185e-02,2.129245549440383911e-01,9.479966759681701660e-01,2.365701347589492798e-01,0.000000000000000000e+00
-1.978734880685806274e-01,6.555415689945220947e-02,-1.225851774215698242e-01,-1.080143377184867859e-01,6.696340441703796387e-01,-7.347946763038635254e-01,0.000000000000000000e+00
1.665393123403191566e-03,-1.971811354160308838e-01,1.478838622570037842e-01,2.375925183296203613e-01,-4.589459598064422607e-01,8.561065196990966797e-01,0.000000000000000000e+00
1.072994247078895569e-02,-2.244044691324234009e-01,-1.752567291259765625e-01,3.137889206409454346e-01,-4.654340744018554688e-01,-8.275914788246154785e-01,0.000000000000000000e+00
1.600803583860397339e-01,-8.830168843269348145e-02,-8.935005962848663330e-02,5.774571299552917480e-01,-6.085813045501708984e-01,-5.442169308662414551e-01,0.000000000000000000e+00
-1.728219538927078247e-01,8.480056189000606537e-03,1.183972656726837158e-01,-2.206152826547622681e-01,5.521599575877189636e-02,9.737967252731323242e-01,0.000000000000000000e+00
-2.606148421764373779e-01,6.573253870010375977e-02,-4.562822729349136353e-02,-8.800451159477233887e-01,1.418425291776657104e-01,-4.532122313976287842e-01,0.000000000000000000e+00
2.153527289628982544e-01,-1.404243856668472290e-01,1.555032134056091309e-01,2.500802278518676758e-01,-9.507986307144165039e-01,-1.828712224960327148e-01,0.000000000000000000e+00
-5.716102942824363708e-02,1.647906601428985596e-01,-2.766636610031127930e-01,-2.325688600540161133e-01,1.110338494181632996e-01,-9.662210941314697266e-01,0.000000000000000000e+00
7.143991440534591675e-02,1.990504413843154907e-01,1.343625411391258240e-02,8.563455343246459961e-01,3.156130015850067139e-01,-4.087306261062622070e-01,0.000000000000000000e+00
-7.940100133419036865e-02,1.362576633691787720e-01,9.680145978927612305e-02,-9.228089451789855957e-01,3.189227879047393799e-01,-2.161293178796768188e-01,0.000000000000000000e+00
-7.044903934001922607e-02,1.828745007514953613e-01,-1.678329408168792725e-01,-4.854503571987152100e-01,6.922248601913452148e-01,5.340062975883483887e-01,0.000000000000000000e+00
1.146787703037261963e-01,8.384461700916290283e-02,-8.016486465930938721e-02,6.564601510763168335e-02,2.711407542228698730e-01,-9.602985382080078125e-01,0.000000000000000000e+00
2.101724296808242798e-01,-4.984154924750328064e-02,3.613911196589469910e-02,8.966676592826843262e-01,4.169912338256835938e-01,-1.486788392066955566e-01,0.000000000000000000e+00
-1.960857957601547241e-01,-8.835869282484054565e-02,1.523514986038208008e-01,6.904557347297668457e-01,6.937391161918640137e-01,2.049314230680465698e-01,0.000000000000000000e+00
-3.179872035980224609e-02,-2.403245270252227783e-01,-1.157896220684051514e-01,-5.377296805381774902e-01,-8.315003514289855957e-01,1.394776105880737305e-01,0.000000000000000000e+00
-9.077958762645721436e-02,2.689225971698760986e-01,1.288575381040573120e-01,-3.364410996437072754e-01,6.185166835784912109e-01,7.101017236709594727e-01,0.000000000000000000e+00
1.045473515987396240e-01,1.319377273321151733e-01,2.436942756175994873e-01,9.166446924209594727e-01,3.140136599540710449e-01,2.473012655973434448e-01,0.000000000000000000e+00
-1.744684576988220215e-01,-1.242827028036117554e-01,1.312265843152999878e-01,9.253795742988586426e-01,-1.069448366761207581e-01,3.636418581008911133e-01,0.000000000000000000e+00
-9.063858538866043091e-02,-1.123504042625427246e-01,-1.143410801887512207e-03,2.945719361305236816e-01,-9.556289315223693848e-01,-8.210685919038951397e-04,0.000000000000000000e+00
8.675359934568405151e-02,-9.760682284832000732e-02,2.335713803768157959e-01,7.718185782432556152e-01,2.547443509101867676e-01,5.825816392898559570e-01,0.000000000000000000e+00
1.311872899532318115e-01,9.814663976430892944e-02,4.826928302645683289e-02,8.646697402000427246e-01,-5.022538304328918457e-01,-9.345296770334243774e-03,0.000000000000000000e+00
-1.417172104120254517e-01,1.538835167884826660e-01,-2.144835442304611206e-01,-2.624785900115966797e-01,8.225635290145874023e-01,-5.044742822647094727e-01,0.000000000000000000e+00
1.315217316150665283e-01,6.729131191968917847e-02,2.063000202178955078e-01,1.712291389703750610e-01,-2.687484622001647949e-01,9.478685855865478516e-01,0.000000000000000000e+00
-2.921929955482482910e-01,-1.207132861018180847e-01,1.499952673912048340e-01,-2.238260507583618164e-01,9.418019652366638184e-01,-2.508206665515899658e-01,0.000000000000000000e+00
-2.913080155849456787e-02,2.610864043235778809e-01,1.141937375068664551e-01,9.448513984680175781e-01,2.919086515903472900e-01,1.484759747982025146e-01,0.000000000000000000e+00
7.761923223733901978e-02,-2.694169580936431885e-01,-1.481920033693313599e-01,-9.781062602996826172e-01,4.300986602902412415e-02,2.036130875349044800e-01,0.000000000000000000e+00
1.709698140621185303e-01,5.531722679734230042e-02,5.430606752634048462e-02,2.553686797618865967e-01,9.668437242507934570e-01,-6.995223520789295435e-05,0.000000000000000000e+00
9.392761439085006714e-02,1.935870796442031860e-01,9.091653674840927124e-02,8.727088570594787598e-02,6.911945343017578125e-01,7.173799276351928711e-01,0.000000000000000000e+00
1.259267628192901611e-01,1.978449523448944092e-02,-1.071325242519378662e-01,-3.171533942222595215e-01,8.032234907150268555e-01,-5.042278170585632324e-01,0.000000000000000000e+00
5.238056182861328125e-02,-2.328363507986068726e-01,-1.257884651422500610e-01,-3.114669211208820343e-02,-9.898357391357421875e-01,-1.387628614902496338e-01,0.000000000000000000e+00
-2.735312581062316895e-01,-1.348575800657272339e-01,7.160233706235885620e-02,-9.487112760543823242e-01,2.723345160484313965e-01,-1.605641841888427734e-01,0.000000000000000000e+00
2.081625610589981079e-01,-1.521595269441604614e-01,3.064901567995548248e-02,3.435097634792327881e-01,-9.384222626686096191e-01,-3.694187849760055542e-02,0.000000000000000000e+00
-6.345550715923309326e-02,-9.867331385612487793e-02,-4.897175729274749756e-02,1.570361405611038208e-01,-9.276182651519775391e-01,-3.389159142971038818e-01,0.000000000000000000e+00
-1.761246770620346069e-01,-1.402291953563690186e-01,9.576414525508880615e-02,6.523361206054687500e-01,-7.318688631057739258e-01,1.970419883728027344e-01,0.000000000000000000e+00
1.651510000228881836e-01,-7.992872036993503571e-03,-4.564042016863822937e-02,8.054472804069519043e-01,4.459713101387023926e-01,3.903387188911437988e-01,0.000000000000000000e+00
5.389954894781112671e-02,5.814208835363388062e-02,2.407121807336807251e-01,-4.267911016941070557e-01,-7.670090794563293457e-01,4.791100323200225830e-01,0.000000000000000000e+00
-2.227450488135218620e-03,-2.176584750413894653e-01,1.263124793767929077e-01,2.564881742000579834e-01,-6.278939843177795410e-01,7.348216772079467773e-01,0.000000000000000000e+00
6.047584488987922668e-02,2.457170039415359497e-01,1.515634059906005859e-01,1.535672992467880249e-01,9.767688512802124023e-01,-1.494647860527038574e-01,0.000000000000000000e+00
-4.351516440510749817e-02,1.220747381448745728e-01,2.227152734994888306e-01,2.004109695553779602e-02,-5.054666846990585327e-02,9.985206127166748047e-01,0.000000000000000000e+00
-9.912439435720443726e-02,2.469719201326370239e-02,-2.166354209184646606e-01,-4.594052731990814209e-01,-6.722697019577026367e-01,5.805172324180603027e-01,0.000000000000000000e+00
1.769737005233764648e-01,-1.873199641704559326e-02,-5.406906828284263611e-02,9.553118944168090820e-01,-1.435437202453613281e-01,-2.584073543548583984e-01,0.000000000000000000e+00
-1.553431004285812378e-01,5.799181386828422546e-02,1.107141748070716858e-01,-2.047574073076248169e-01,-2.210662327706813812e-02,9.785630702972412109e-01,0.000000000000000000e+00
2.629670128226280212e-02,-9.026269614696502686e-02,2.481877803802490234e-01,-8.661910891532897949e-02,3.081853985786437988e-01,9.473747611045837402e-01,0.000000000000000000e+00
1.263479143381118774e-01,6.643940508365631104e-02,-2.169059216976165771e-02,-6.519465446472167969e-01,6.801429390907287598e-01,-3.352182805538177490e-01,0.000000000000000000e+00
1.056992784142494202e-01,8.873481303453445435e-02,2.376580089330673218e-01,7.038381099700927734e-01,-5.372433066368103027e-01,4.647381007671356201e-01,0.000000000000000000e+00
-5.688839778304100037e-02,2.425036728382110596e-01,1.565395668148994446e-02,2.300925701856613159e-01,5.452705621719360352e-01,-8.060628771781921387e-01,0.000000000000000000e+00
9.466840326786041260e-02,-2.282236367464065552e-01,-2.603041231632232666e-01,6.416187882423400879e-01,-6.904163360595703125e-01,-3.341415822505950928e-01,0.000000000000000000e+00
-6.071058288216590881e-02,2.082499414682388306e-01,-2.281163185834884644e-01,-3.826636373996734619e-01,9.090599417686462402e-01,-1.648591607809066772e-01,0.000000000000000000e+00
1.758304685354232788e-01,2.735616639256477356e-02,1.333876699209213257e-01,8.526042699813842773e-01,-4.284531176090240479e-01,-2.991552054882049561e-01,0.000000000000000000e+00
9.961511194705963135e-02,-1.294416189193725586e-01,1.163017749786376953e-01,-1.593378782272338867e-01,-9.764424562454223633e-01,-1.455044150352478027e-01,0.000000000000000000e+00
-2.550380825996398926e-01,-1.706431061029434204e-01,1.589194685220718384e-01,2.072455435991287231e-01,-8.543919324874877930e-01,4.765120744705200195e-01,0.000000000000000000e+00
-2.034452110528945923e-01,4.732751753181219101e-03,-1.357321888208389282e-01,-1.956441998481750488e-01,-5.133237689733505249e-02,-9.793305397033691406e-01,0.000000000000000000e+00
-1.649087369441986084e-01,1.309015154838562012e-01,2.534010447561740875e-02,-1.400121450424194336e-01,9.763984084129333496e-01,1.644466668367385864e-01,0.000000000000000000e+00
5.101193115115165710e-02,-1.338931322097778320e-01,-3.875014930963516235e-02,-7.362148165702819824e-01,-5.993263721466064453e-01,3.143177330493927002e-01,0.000000000000000000e+00
1.469321101903915405e-01,-1.637016087770462036e-01,-1.153302267193794250e-01,3.827841281890869141e-01,-8.689447492361068726e-02,-9.197421669960021973e-01,0.000000000000000000e+00
-1.934056431055068970e-01,1.226514428853988647e-01,3.188520297408103943e-02,-3.973189592361450195e-01,5.955837368965148926e-01,6.981530189514160156e-01,0.000000000000000000e+00
2.456322163343429565e-01,-8.835280686616897583e-02,1.569195389747619629e-01,9.338346123695373535e-01,2.227841168642044067e-01,-2.798573672771453857e-01,0.000000000000000000e+00
-9.121160209178924561e-02,-9.252642095088958740e-02,-8.064237236976623535e-02,1.267609447240829468e-01,-7.298278808593750000e-01,-6.717759370803833008e-01,0.000000000000000000e+00
8.356779813766479492e-02,1.991681158542633057e-01,-3.495614603161811829e-02,2.438894808292388916e-01,9.659652709960937500e-01,-8.619160950183868408e-02,0.000000000000000000e+00
4.247544705867767334e-02,2.107080072164535522e-01,-2.549909800291061401e-02,2.554728090763092041e-01,9.517807960510253906e-01,-1.698438078165054321e-01,0.000000000000000000e+00
1.090430393815040588e-01,1.583976447582244873e-01,-2.027839422225952148e-02,9.408428668975830078e-01,3.336973488330841064e-01,-5.882843956351280212e-02,0.000000000000000000e+00
9.655679762363433838e-02,-1.332787871360778809e-01,1.607782691717147827e-01,4.442896544933319092e-01,-8.952329158782958984e-01,-3.412877768278121948e-02,0.000000000000000000e+00
1.607165336608886719e-01,-1.070427894592285156e-01,-4.503197968006134033e-02,8.874147534370422363e-01,-1.622577458620071411e-01,4.314712584018707275e-01,0.000000000000000000e+00
-1.287378072738647461e-01,-3.424777835607528687e-02,-1.391038894653320312e-01,-8.992579579353332520e-02,-1.085135936737060547e-01,-9.900192618370056152e-01,0.000000000000000000e+00
3.176839277148246765e-02,-1.055817380547523499e-01,2.498756535351276398e-02,-2.461401969194412231e-01,-9.571236371994018555e-01,-1.527395248413085938e-01,0.000000000000000000e+00
6.957358680665493011e-03,-1.826750189065933228e-01,-5.235311016440391541e-02,8.961883932352066040e-02,-5.128906667232513428e-02,9.946546554565429688e-01,0.000000000000000000e+00
-6.971446424722671509e-02,1.341096907854080200e-01,-4.747858643531799316e-02,-3.966335356235504150e-01,9.176601767539978027e-01,2.411655336618423462e-02,0.000000000000000000e+00
-1.743766292929649353e-02,-7.166126370429992676e-02,9.858872741460800171e-02,-3.241254687309265137e-01,5.663714408874511719e-01,7.577374577522277832e-01,0.000000000000000000e+00
1.404036432504653931e-01,2.858710289001464844e-02,1.912571936845779419e-01,1.514928340911865234e-01,-5.578242540359497070e-01,8.160159587860107422e-01,0.000000000000000000e+00
-2.598015591502189636e-02,2.046816945075988770e-01,1.403752565383911133e-01,-3.940493986010551453e-02,1.073442120105028152e-02,9.991656541824340820e-01,0.000000000000000000e+00
-2.359706163406372070e-01,1.036818996071815491e-01,-1.307748723775148392e-02,-7.213007211685180664e-01,6.919332146644592285e-01,3.088138625025749207e-02,0.000000000000000000e+00
-1.955803483724594116e-01,1.078511327505111694e-01,-1.453931629657745361e-01,-8.528714776039123535e-01,-2.287401258945465088e-01,4.693486690521240234e-01,0.000000000000000000e+00
1.724570244550704956e-01,-9.379202127456665039e-02,-2.063289470970630646e-02,1.421192288398742676e-01,-4.319584071636199951e-01,-8.906256556510925293e-01,0.000000000000000000e+00
-8.919253945350646973e-02,1.002150923013687134e-01,-3.009287416934967041e-01,7.149304151535034180e-01,6.447609663009643555e-01,-2.704769074916839600e-01,0.000000000000000000e+00
-2.118574827909469604e-01,1.111834347248077393e-01,4.103396087884902954e-02,-4.939793646335601807e-01,8.683847188949584961e-01,-4.350140690803527832e-02,0.000000000000000000e+00
-1.546266488730907440e-02,-1.853076219558715820e-01,-1.925394237041473389e-01,-4.852690696716308594e-01,-1.756718903779983521e-01,-8.565356731414794922e-01,0.000000000000000000e+00
1.564245522022247314e-01,-4.854028578847646713e-03,-8.674041926860809326e-02,-4.221319854259490967e-01,-1.639170050621032715e-01,-8.915917277336120605e-01,0.000000000000000000e+00
-7.990670204162597656e-02,-3.096596896648406982e-02,9.745524078607559204e-02,2.375088036060333252e-01,-7.897203564643859863e-01,5.656247138977050781e-01,0.000000000000000000e+00
-2.631966471672058105e-01,-1.174841895699501038e-01,5.360660701990127563e-02,-6.897311806678771973e-01,-6.274315714836120605e-01,-3.613869845867156982e-01,0.000000000000000000e+00
1.556036621332168579e-01,5.382645875215530396e-02,3.584443032741546631e-02,8.365749120712280273e-01,1.622181385755538940e-01,-5.232855081558227539e-01,0.000000000000000000e+00
-9.433774650096893311e-02,2.448331862688064575e-01,1.442455947399139404e-01,-3.524158596992492676e-01,1.975910365581512451e-01,9.147463440895080566e-01,0.000000000000000000e+00
5.539503321051597595e-02,-1.152235418558120728e-01,6.174520403146743774e-02,3.884961903095245361e-01,-7.952094078063964844e-01,-4.655241370201110840e-01,0.000000000000000000e+00
2.418271824717521667e-02,-4.760778322815895081e-02,-2.029453217983245850e-01,-9.429529309272766113e-01,2.713688611984252930e-01,-1.928696483373641968e-01,0.000000000000000000e+00
2.700833603739738464e-02,-1.454992592334747314e-01,1.842563599348068237e-01,-2.224437743425369263e-01,-9.396232962608337402e-01,2.600516974925994873e-01,0.000000000000000000e+00
-1.427825540304183960e-01,6.353247910737991333e-02,1.067169904708862305e-01,2.343353033065795898e-01,6.356576085090637207e-01,7.355449199676513672e-01,0.000000000000000000e+00
1.314673107117414474e-02,1.687314808368682861e-01,-1.353811919689178467e-01,-2.940458059310913086e-01,8.705646991729736328e-01,-3.945303559303283691e-01,0.000000000000000000e+00
-3.018301166594028473e-02,2.629584670066833496e-01,5.453946441411972046e-02,6.462849378585815430e-01,6.615474820137023926e-01,-3.803560435771942139e-01,0.000000000000000000e+00
-2.459813803434371948e-01,-4.029499366879463196e-02,5.513408780097961426e-02,-6.714103221893310547e-01,-4.068448245525360107e-01,6.194235086441040039e-01,0.000000000000000000e+00
-5.086706578731536865e-02,4.991605877876281738e-02,1.462629288434982300e-01,-3.430607318878173828e-01,-8.976234793663024902e-01,-2.767334580421447754e-01,0.000000000000000000e+00
1.233837381005287170e-01,6.472652405500411987e-02,-1.016814857721328735e-01,2.050600051879882812e-01,-3.054662048816680908e-01,-9.298606514930725098e-01,0.000000000000000000e+00
-2.699965983629226685e-02,1.772349476814270020e-01,-3.648285940289497375e-02,-5.167265534400939941e-01,6.548403501510620117e-01,-5.515230894088745117e-01,0.000000000000000000e+00
8.884024620056152344e-02,1.320492774248123169e-01,1.771554499864578247e-01,6.997206807136535645e-01,4.686774611473083496e-01,-5.391961336135864258e-01,0.000000000000000000e+00
8.729913085699081421e-02,5.538256466388702393e-02,-1.896125823259353638e-01,6.380236148834228516e-01,6.729860901832580566e-01,-3.741865158081054688e-01,0.000000000000000000e+00
8.746664971113204956e-02,2.275810390710830688e-01,4.739594832062721252e-02,6.187438368797302246e-01,-6.538663506507873535e-01,4.354479014873504639e-01,0.000000000000000000e+00
3.527535125613212585e-02,6.794419884681701660e-02,2.328769415616989136e-01,-5.999525189399719238e-01,-7.319566607475280762e-01,3.229495286941528320e-01,0.000000000000000000e+00
-4.321332648396492004e-02,1.544829905033111572e-01,-1.034251227974891663e-01,-3.075680136680603027e-01,9.225221872329711914e-01,2.331409454345703125e-01,0.000000000000000000e+00
1.382736265659332275e-01,-2.208072245121002197e-01,-9.565153717994689941e-02,2.873241007328033447e-01,-5.851941108703613281e-01,-7.582827210426330566e-01,0.000000000000000000e+00
8.295670151710510254e-02,-1.617701351642608643e-01,2.876080805435776711e-03,-6.767780780792236328e-01,-4.826089441776275635e-01,5.559317469596862793e-01,0.000000000000000000e+00
-2.332196086645126343e-01,-8.278909325599670410e-02,-5.801129713654518127e-02,-9.886369705200195312e-01,-4.712117090821266174e-02,-1.427465826272964478e-01,0.000000000000000000e+00
-3.437553346157073975e-02,1.571660041809082031e-01,2.117666453123092651e-01,2.262616753578186035e-01,4.441191852092742920e-01,8.669278025627136230e-01,0.000000000000000000e+00
-9.062469750642776489e-02,-1.085058320313692093e-03,1.072414591908454895e-01,3.940193653106689453e-01,1.047523915767669678e-01,9.131131768226623535e-01,0.000000000000000000e+00
1.430266499519348145e-01,-1.004202067852020264e-01,-1.089899316430091858e-01,7.659491896629333496e-01,3.575069606304168701e-01,5.343319773674011230e-01,0.000000000000000000e+00
4.962762072682380676e-02,-1.057559624314308167e-01,2.170223556458950043e-02,1.271448284387588501e-01,-9.773507714271545410e-01,1.691734045743942261e-01,0.000000000000000000e+00
-5.190335214138031006e-02,2.331876195967197418e-02,-1.947501003742218018e-01,3.662720024585723877e-01,-9.262045621871948242e-01,-8.938638865947723389e-02,0.000000000000000000e+00
1.138093322515487671e-01,1.645884364843368530e-01,1.103826910257339478e-01,3.978260457515716553e-01,1.765156164765357971e-02,9.172910451889038086e-01,0.000000000000000000e+00
-1.770779937505722046e-01,1.509412676095962524e-01,-1.691159605979919434e-01,5.127252661623060703e-04,9.935708045959472656e-01,1.132113113999366760e-01,0.000000000000000000e+00
1.236444190144538879e-01,-1.511378139257431030e-01,4.103885963559150696e-02,-2.996144592761993408e-01,-6.544418334960937500e-01,6.942169070243835449e-01,0.000000000000000000e+00
9.760591387748718262e-02,1.048777997493743896e-02,1.763971447944641113e-01,-4.807848632335662842e-01,-4.447226226329803467e-01,7.556902170181274414e-01,0.000000000000000000e+00
-1.841818392276763916e-01,-1.344072669744491577e-01,-5.201652646064758301e-03,6.782196760177612305e-01,-7.232133746147155762e-01,-1.303092390298843384e-01,0.000000000000000000e+00
-9.990199655294418335e-02,2.818481028079986572e-01,9.659393131732940674e-02,-5.028755068778991699e-01,8.481937050819396973e-01,1.663841158151626587e-01,0.000000000000000000e+00
1.298775374889373779e-01,-1.105741858482360840e-01,-9.116171300411224365e-02,9.448131918907165527e-01,-3.151468336582183838e-01,8.950160443782806396e-02,0.000000000000000000e+00
-1.105449199676513672e-01,2.117983251810073853e-01,3.134853765368461609e-02,-3.789510130882263184e-01,-3.255453705787658691e-01,-8.662657737731933594e-01,0.000000000000000000e+00
1.698446422815322876e-01,-2.173017151653766632e-02,9.453974198549985886e-04,3.365928530693054199e-01,-3.899025321006774902e-01,-8.571355342864990234e-01,0.000000000000000000e+00
9.894486516714096069e-02,1.040326207876205444e-01,-3.806677460670471191e-02,9.340358972549438477e-01,3.118214607238769531e-01,1.741961240768432617e-01,0.000000000000000000e+00
-6.843250244855880737e-02,2.885815799236297607e-01,9.910789132118225098e-02,2.824840694665908813e-02,9.954780340194702148e-01,9.069431573152542114e-02,0.000000000000000000e+00
-1.570892184972763062e-01,5.866272747516632080e-02,-1.916803419589996338e-01,-2.181861251592636108e-01,-9.403910636901855469e-01,-2.608821392059326172e-01,0.000000000000000000e+00
-1.472275406122207642e-01,-9.404783695936203003e-02,-9.925545006990432739e-02,2.429531514644622803e-01,-7.378222942352294922e-01,-6.297555565834045410e-01,0.000000000000000000e+00
8.622249215841293335e-02,7.656832039356231689e-02,-1.331200152635574341e-01,2.467844784259796143e-01,5.607655644416809082e-01,-7.903413176536560059e-01,0.000000000000000000e+00
1.779436171054840088e-01,-2.033459022641181946e-02,1.179494708776473999e-01,3.498634397983551025e-01,6.785849928855895996e-01,-6.458466649055480957e-01,0.000000000000000000e+00
-8.632985502481460571e-02,2.705655694007873535e-01,1.285575032234191895e-01,-1.571969389915466309e-01,6.710112690925598145e-01,7.245916128158569336e-01,0.000000000000000000e+00
2.085669711232185364e-02,-2.342170476913452148e-01,-1.589532345533370972e-01,1.523462831974029541e-01,-8.085055351257324219e-01,-5.684271454811096191e-01,0.000000000000000000e+00
1.876031421124935150e-02,-1.183122396469116211e-01,-5.293925106525421143e-02,-2.049839347600936890e-01,-7.476219534873962402e-01,6.316984891891479492e-01,0.000000000000000000e+00
1.905619055032730103e-01,-1.612706631422042847e-01,1.055490877479314804e-02,4.448907673358917236e-01,-1.274716705083847046e-01,8.864666819572448730e-01,0.000000000000000000e+00
1.223886832594871521e-01,-9.832736849784851074e-02,-1.966213881969451904e-01,9.157903194427490234e-01,3.628396689891815186e-01,1.722655892372131348e-01,0.000000000000000000e+00
1.630002111196517944e-01,-1.466515064239501953e-01,-1.843818128108978271e-01,2.762774527072906494e-01,-2.951879501342773438e-01,-9.146227836608886719e-01,0.000000000000000000e+00
-3.336051851511001587e-02,-2.133371382951736450e-01,1.255815327167510986e-01,-3.339968323707580566e-01,-8.359965682029724121e-01,4.353801310062408447e-01,0.000000000000000000e+00
1.933636218309402466e-01,-1.487531512975692749e-01,-9.894995391368865967e-02,3.247613608837127686e-01,5.876995921134948730e-01,-7.410392761230468750e-01,0.000000000000000000e+00
-8.183147758245468140e-03,-8.647974580526351929e-02,-1.095865443348884583e-01,-8.800656199455261230e-01,-4.689943790435791016e-01,-7.435606420040130615e-02,0.000000000000000000e+00
-1.542445421218872070e-01,-1.159938275814056396e-01,9.994950890541076660e-02,7.376273870468139648e-01,-4.800459146499633789e-01,4.748280942440032959e-01,0.000000000000000000e+00
3.576854988932609558e-02,-6.429633498191833496e-02,1.188513711094856262e-01,-2.201599534600973129e-03,9.969640970230102539e-01,7.783135771751403809e-02,0.000000000000000000e+00
-2.368516474962234497e-01,-1.656601727008819580e-01,1.613503694534301758e-01,5.010385513305664062e-01,-8.188862800598144531e-01,2.799743115901947021e-01,0.000000000000000000e+00
2.127624005079269409e-01,-9.382577985525131226e-02,9.292122721672058105e-02,5.868044495582580566e-01,-1.795592010021209717e-01,-7.895689010620117188e-01,0.000000000000000000e+00
2.003608494997024536e-01,-2.590082958340644836e-02,4.843921959400177002e-02,7.719913721084594727e-01,-3.076932728290557861e-01,5.561961531639099121e-01,0.000000000000000000e+00
-1.150166615843772888e-03,-1.559672206640243530e-01,-5.687988176941871643e-02,-4.514335989952087402e-01,2.573527693748474121e-01,8.543870449066162109e-01,0.000000000000000000e+00
2.272798214107751846e-03,-8.205281198024749756e-02,1.589498668909072876e-01,-8.737578988075256348e-01,4.386500418186187744e-01,-2.100793123245239258e-01,0.000000000000000000e+00
-6.998907774686813354e-02,1.722627282142639160e-01,1.522641927003860474e-01,-4.751001298427581787e-01,8.738454580307006836e-01,1.033152565360069275e-01,0.000000000000000000e+00
-2.209991030395030975e-02,-1.627825945615768433e-01,3.967054560780525208e-02,-1.605124324560165405e-01,-1.883915364742279053e-01,-9.688882231712341309e-01,0.000000000000000000e+00
1.879221946001052856e-01,-2.225791662931442261e-02,2.115185931324958801e-02,8.868398070335388184e-01,-3.340573906898498535e-01,-3.192503750324249268e-01,0.000000000000000000e+00
-2.560647726058959961e-01,5.505162477493286133e-02,-6.921963393688201904e-02,-6.721394658088684082e-01,5.637190341949462891e-01,-4.800514876842498779e-01,0.000000000000000000e+00
-1.871972903609275818e-02,-6.846192479133605957e-02,-1.136310994625091553e-01,-4.660075008869171143e-01,-7.177859544754028320e-01,-5.173202753067016602e-01,0.000000000000000000e+00
1.690759956836700439e-01,-1.228752359747886658e-02,-5.925153195858001709e-02,5.820828080177307129e-01,8.123869299888610840e-01,-3.474247083067893982e-02,0.000000000000000000e+00
1.787056326866149902e-01,-1.253907382488250732e-01,-1.584290564060211182e-01,9.766529202461242676e-01,-5.930720642209053040e-02,2.064745426177978516e-01,0.000000000000000000e+00
-2.495396584272384644e-01,8.288487046957015991e-02,-4.328795149922370911e-02,-7.101997137069702148e-01,6.349614262580871582e-01,-3.040401041507720947e-01,0.000000000000000000e+00
-4.452658817172050476e-02,1.255003809928894043e-01,-2.752917110919952393e-01,1.139417849481105804e-02,-7.625124454498291016e-01,-6.468731760978698730e-01,0.000000000000000000e+00
2.100705206394195557e-01,-1.378635317087173462e-01,1.794082075357437134e-01,3.563520312309265137e-01,-7.807269096374511719e-01,5.133018493652343750e-01,0.000000000000000000e+00
2.351525127887725830e-01,-4.228279739618301392e-02,1.567807495594024658e-01,9.425275921821594238e-01,-2.947576642036437988e-01,-1.573520302772521973e-01,0.000000000000000000e+00
-9.508541226387023926e-02,1.300809830427169800e-01,-7.792083919048309326e-02,-1.568806320428848267e-01,9.706636071205139160e-01,1.822103410959243774e-01,0.000000000000000000e+00
3.628986328840255737e-02,6.725443899631500244e-02,2.331983000040054321e-01,-5.999525189399719238e-01,-7.319566607475280762e-01,3.229495286941528320e-01,0.000000000000000000e+00
9.969785809516906738e-02,-1.324667632579803467e-01,1.481195539236068726e-01,5.488061159849166870e-02,-9.972662329673767090e-01,-4.947920516133308411e-02,0.000000000000000000e+00
-2.606949210166931152e-01,3.359238617122173309e-03,4.824936017394065857e-02,-7.418473958969116211e-01,-1.496350914239883423e-01,6.536602973937988281e-01,0.000000000000000000e+00
9.175714105367660522e-02,1.521951258182525635e-01,2.089738249778747559e-01,4.557971954345703125e-01,8.858907818794250488e-01,-8.629276603460311890e-02,0.000000000000000000e+00
8.971723914146423340e-02,-1.432788521051406860e-01,1.944749504327774048e-01,7.194866538047790527e-01,-6.900156140327453613e-01,-7.885045558214187622e-02,0.000000000000000000e+00
-3.040586411952972412e-01,-1.380792111158370972e-01,1.464580744504928589e-01,-9.932922720909118652e-01,-7.978737354278564453e-02,8.369236439466476440e-02,0.000000000000000000e+00
-2.493348158895969391e-02,-2.157652229070663452e-01,1.268655955791473389e-01,-2.156096398830413818e-01,-8.527025580406188965e-01,4.758265018463134766e-01,0.000000000000000000e+00
-7.784702349454164505e-03,-9.964494407176971436e-02,-1.128311231732368469e-01,-9.937571883201599121e-01,1.098297461867332458e-01,-1.959720812737941742e-02,0.000000000000000000e+00
1.024181097745895386e-01,-1.940132528543472290e-01,-1.772597581148147583e-01,9.826779961585998535e-01,-1.289584860205650330e-02,-1.848721057176589966e-01,0.000000000000000000e+00
1.251720190048217773e-01,1.846130341291427612e-01,8.733788132667541504e-02,3.701464533805847168e-01,7.856669425964355469e-01,4.957006275653839111e-01,0.000000000000000000e+00
-1.232613921165466309e-01,2.555720210075378418e-01,1.134158074855804443e-01,-7.976391315460205078e-01,4.137052297592163086e-01,4.388847649097442627e-01,0.000000000000000000e+00
-1.582111120223999023e-01,-1.300313025712966919e-01,5.769986193627119064e-03,7.339342236518859863e-01,-5.252082943916320801e-01,4.306933879852294922e-01,0.000000000000000000e+00
3.976925835013389587e-02,-1.234674900770187378e-01,5.942581221461296082e-02,5.786648392677307129e-01,-5.450402498245239258e-01,-6.066944599151611328e-01,0.000000000000000000e+00
2.886351570487022400e-02,-4.610347002744674683e-02,-2.284519076347351074e-01,-9.304065704345703125e-01,3.618004024028778076e-01,-5.868656560778617859e-02,0.000000000000000000e+00
-1.312828510999679565e-01,1.570829302072525024e-01,-1.544558405876159668e-01,-4.855564534664154053e-01,8.738676905632019043e-01,-2.429402060806751251e-02,0.000000000000000000e+00
1.934198439121246338e-01,-1.462603956460952759e-01,1.745190471410751343e-01,4.560208022594451904e-01,-8.834553360939025879e-01,-1.074788644909858704e-01,0.000000000000000000e+00
-2.887129969894886017e-02,2.619322836399078369e-01,5.498342961072921753e-02,6.462849378585815430e-01,6.615474820137023926e-01,-3.803560435771942139e-01,0.000000000000000000e+00
-2.287395484745502472e-02,-1.235834360122680664e-01,2.906864322721958160e-02,-3.292094469070434570e-01,-4.478282034397125244e-01,-8.313068151473999023e-01,0.000000000000000000e+00
-2.241471707820892334e-01,-1.531486809253692627e-01,3.858930990099906921e-02,-1.969558373093605042e-02,-8.894289731979370117e-01,-4.566488862037658691e-01,0.000000000000000000e+00
-4.943198338150978088e-02,1.382863521575927734e-01,2.197410613298416138e-01,-9.939589351415634155e-02,6.248475983738899231e-02,9.930841326713562012e-01,0.000000000000000000e+00
1.044141873717308044e-01,-1.020652502775192261e-01,-2.396172583103179932e-01,7.816048264503479004e-01,-6.213616728782653809e-01,5.480518192052841187e-02,0.000000000000000000e+00
-7.462883740663528442e-02,-3.526395931839942932e-02,9.378723055124282837e-02,-6.625284254550933838e-02,-4.321627020835876465e-01,8.993586301803588867e-01,0.000000000000000000e+00
1.292264610528945923e-01,-1.153969243168830872e-01,-8.601840585470199585e-02,9.141381382942199707e-01,3.923545181751251221e-01,1.020265892148017883e-01,0.000000000000000000e+00
-4.624477401375770569e-02,-1.490499079227447510e-01,-1.126351058483123779e-01,-8.702601790428161621e-01,3.970933854579925537e-01,2.914858758449554443e-01,0.000000000000000000e+00
1.977168470621109009e-01,5.964239686727523804e-02,1.723748296499252319e-01,6.836194992065429688e-01,-6.326872706413269043e-01,-3.638284802436828613e-01,0.000000000000000000e+00
-1.897582411766052246e-01,-1.457743644714355469e-01,1.422778218984603882e-01,9.087454080581665039e-01,-4.117412567138671875e-01,6.819740682840347290e-02,0.000000000000000000e+00
-2.621474266052246094e-01,-9.859406203031539917e-02,1.524329632520675659e-01,-1.795752346515655518e-01,4.576861683744937181e-04,9.837441444396972656e-01,0.000000000000000000e+00
1.208028271794319153e-01,8.728494495153427124e-02,2.078088670969009399e-01,7.113348841667175293e-01,3.477458953857421875e-01,6.107990145683288574e-01,0.000000000000000000e+00
7.570077478885650635e-02,4.197191074490547180e-02,-1.991696506738662720e-01,-6.139426827430725098e-01,6.780835986137390137e-01,-4.040755331516265869e-01,0.000000000000000000e+00
-4.123058915138244629e-02,-2.335312068462371826e-01,-1.125477403402328491e-01,-5.901616811752319336e-01,-8.072849512100219727e-01,-5.038639064878225327e-04,0.000000000000000000e+00
-8.410832285881042480e-02,1.289967447519302368e-01,-5.832782015204429626e-02,-1.113650947809219360e-01,9.932742118835449219e-01,3.168844059109687805e-02,0.000000000000000000e+00
-1.512153893709182739e-01,5.953506380319595337e-02,-2.580693960189819336e-01,-9.989570975303649902e-01,-3.000751370564103127e-03,4.556002095341682434e-02,0.000000000000000000e+00
1.045341719873249531e-03,-2.167026251554489136e-01,6.710869818925857544e-02,1.228218302130699158e-01,-7.750236392021179199e-01,-6.198815703392028809e-01,0.000000000000000000e+00
1.425275653600692749e-01,-2.701370120048522949e-01,-1.483344882726669312e-01,9.272843003273010254e-01,-3.589564561843872070e-01,-1.062735915184020996e-01,0.000000000000000000e+00
-8.999443799257278442e-02,2.420443110167980194e-02,-1.791332662105560303e-01,-3.374703228473663330e-01,-8.324382305145263672e-01,-4.395000934600830078e-01,0.000000000000000000e+00
-1.100820600986480713e-01,7.259459793567657471e-02,-3.171914815902709961e-01,-3.858277499675750732e-01,7.733404636383056641e-03,-9.225383996963500977e-01,0.000000000000000000e+00
7.235607504844665527e-02,3.707379475235939026e-02,1.906657367944717407e-01,-2.670050263404846191e-01,-7.162815332412719727e-01,6.447085142135620117e-01,0.000000000000000000e+00
-5.908807739615440369e-02,-1.629205495119094849e-01,1.272303014993667603e-01,-7.314550280570983887e-01,5.248220637440681458e-02,6.798670291900634766e-01,0.000000000000000000e+00
1.224595308303833008e-01,8.413781411945819855e-03,-1.193391978740692139e-01,6.416040062904357910e-01,5.096457600593566895e-01,-5.732412338256835938e-01,0.000000000000000000e+00
-1.505819261074066162e-01,4.416128620505332947e-02,-2.628902792930603027e-01,-9.433944821357727051e-01,-3.077800273895263672e-01,1.236056089401245117e-01,0.000000000000000000e+00
1.781240105628967285e-01,-6.322266161441802979e-02,-9.300651028752326965e-03,9.076572656631469727e-01,3.225972056388854980e-01,-2.684945166110992432e-01,0.000000000000000000e+00
-2.084015309810638428e-01,1.154746264219284058e-01,2.991287969052791595e-02,-3.253654539585113525e-01,7.841343283653259277e-01,5.284607410430908203e-01,0.000000000000000000e+00
1.196763142943382263e-01,-2.674688771367073059e-02,-1.629619449377059937e-01,3.268514871597290039e-01,-3.276825547218322754e-01,-8.864492177963256836e-01,0.000000000000000000e+00
2.281462587416172028e-02,-6.312834471464157104e-02,1.018685325980186462e-01,-7.007559761404991150e-04,9.992937445640563965e-01,3.757083788514137268e-02,0.000000000000000000e+00
-2.547008916735649109e-02,2.683835923671722412e-01,7.972221821546554565e-02,8.170228004455566406e-01,5.716161727905273438e-01,-7.568776607513427734e-02,0.000000000000000000e+00
1.016188710927963257e-01,-3.001387715339660645e-01,-1.370846033096313477e-01,-5.533587932586669922e-01,-8.325908780097961426e-01,2.421626076102256775e-02,0.000000000000000000e+00
1.482987403869628906e-01,1.547975838184356689e-01,7.557295262813568115e-02,8.933293223381042480e-01,4.391975700855255127e-01,9.522721916437149048e-02,0.000000000000000000e+00
-2.036415040493011475e-01,-1.370291411876678467e-01,1.754110455513000488e-01,3.341061770915985107e-01,-3.368820622563362122e-02,9.419332146644592285e-01,0.000000000000000000e+00
-9.758835285902023315e-02,2.839235663414001465e-01,8.919668197631835938e-02,-4.377569556236267090e-01,8.986405730247497559e-01,2.852943353354930878e-02,0.000000000000000000e+00
-8.312790840864181519e-02,-8.070806413888931274e-02,8.420380204916000366e-02,-8.680650591850280762e-02,-3.168164789676666260e-01,9.445061683654785156e-01,0.000000000000000000e+00
1.254323720932006836e-01,-2.835402190685272217e-01,-1.670540124177932739e-01,4.140021204948425293e-01,-7.915444970130920410e-01,-4.495103657245635986e-01,0.000000000000000000e+00
-9.749266505241394043e-02,-5.489606992341578007e-04,-2.650516629219055176e-01,2.341723591089248657e-01,-9.419612884521484375e-01,-2.405664771795272827e-01,0.000000000000000000e+00
3.199528902769088745e-03,-2.181747853755950928e-01,-2.379874885082244873e-01,-8.880752325057983398e-01,-4.327822625637054443e-01,-1.549901217222213745e-01,0.000000000000000000e+00
-5.800909548997879028e-02,1.892365813255310059e-01,-1.665278673171997070e-01,-3.699901103973388672e-01,7.342453002929687500e-01,5.692022442817687988e-01,0.000000000000000000e+00
-2.659138441085815430e-01,3.753362223505973816e-03,-6.253695487976074219e-02,-9.515687823295593262e-01,-3.591651469469070435e-02,-3.053307831287384033e-01,0.000000000000000000e+00
4.451695084571838379e-02,2.583298087120056152e-01,8.366470038890838623e-02,-3.182118833065032959e-01,-1.253655254840850830e-01,9.396939277648925781e-01,0.000000000000000000e+00
1.762953400611877441e-01,-1.542810350656509399e-01,1.226884424686431885e-01,-1.084251180291175842e-01,-9.524192810058593750e-01,-2.848535776138305664e-01,0.000000000000000000e+00
1.324136406183242798e-01,6.284990906715393066e-02,-6.747064739465713501e-02,-2.301032990217208862e-01,9.647285342216491699e-01,-1.278722286224365234e-01,0.000000000000000000e+00
-3.161422908306121826e-02,-2.403208315372467041e-01,-1.176604479551315308e-01,-4.975859522819519043e-01,-8.048798441886901855e-01,-3.233830630779266357e-01,0.000000000000000000e+00
-2.450625747442245483e-01,9.052459150552749634e-02,-3.375729918479919434e-02,-8.832007050514221191e-01,4.638654589653015137e-01,6.917643547058105469e-02,0.000000000000000000e+00
2.570193633437156677e-02,-1.744333282113075256e-02,9.279527515172958374e-02,-1.239305213093757629e-01,-3.252161443233489990e-01,9.374837279319763184e-01,0.000000000000000000e+00
2.000292241573333740e-01,-1.300853211432695389e-03,3.464015573263168335e-02,5.160219669342041016e-01,6.180980801582336426e-01,-5.930228829383850098e-01,0.000000000000000000e+00
2.039399594068527222e-01,-1.545807421207427979e-01,-9.879484772682189941e-02,3.309428095817565918e-01,7.575126886367797852e-01,-5.627178549766540527e-01,0.000000000000000000e+00
6.912736594676971436e-02,2.023817002773284912e-01,-5.568130314350128174e-02,-9.105028957128524780e-02,9.683504104614257812e-01,-2.323946505784988403e-01,0.000000000000000000e+00
-2.020031362771987915e-01,-5.786887183785438538e-02,9.632435441017150879e-02,1.809756159782409668e-01,4.000295102596282959e-01,8.984565734863281250e-01,0.000000000000000000e+00
1.504422426223754883e-01,1.326310932636260986e-01,6.382830440998077393e-02,8.628961443901062012e-01,-4.664793312549591064e-01,-1.944409459829330444e-01,0.000000000000000000e+00
4.252003878355026245e-02,-2.509394586086273193e-01,-2.383054196834564209e-01,-2.614609599113464355e-01,-9.166185259819030762e-01,-3.024047315120697021e-01,0.000000000000000000e+00
-2.701358124613761902e-02,-1.287508159875869751e-01,-1.020554304122924805e-01,-6.720714569091796875e-01,6.473211646080017090e-01,3.595764935016632080e-01,0.000000000000000000e+00
-2.322345823049545288e-01,1.153713539242744446e-01,-2.041490934789180756e-02,-9.866065382957458496e-01,-7.265863567590713501e-02,1.460418850183486938e-01,0.000000000000000000e+00
2.355026155710220337e-01,-1.147438287734985352e-01,1.579533070325851440e-01,9.705014824867248535e-01,-2.336095273494720459e-01,5.961046367883682251e-02,0.000000000000000000e+00
1.902369596064090729e-02,1.669192910194396973e-01,-9.934017062187194824e-02,-7.576526701450347900e-02,9.932956099510192871e-01,-8.731247484683990479e-02,0.000000000000000000e+00
9.231166541576385498e-02,-1.340505033731460571e-01,1.439868658781051636e-01,3.185746967792510986e-01,-9.473860859870910645e-01,-3.114014677703380585e-02,0.000000000000000000e+00
1.569264531135559082e-01,-2.011303007602691650e-01,1.449284143745899200e-02,-2.393496334552764893e-01,-5.878378748893737793e-01,7.727602720260620117e-01,0.000000000000000000e+00
6.720501929521560669e-02,2.588765621185302734e-01,8.470673859119415283e-02,-3.309230208396911621e-01,7.464511990547180176e-01,5.773218870162963867e-01,0.000000000000000000e+00
-1.333834826946258545e-01,2.166460007429122925e-01,1.162159293889999390e-01,-5.768613815307617188e-01,-2.084682583808898926e-01,7.897923588752746582e-01,0.000000000000000000e+00
7.639935612678527832e-02,-1.352756167761981487e-03,-2.066880762577056885e-01,3.952327966690063477e-01,-2.469739168882369995e-01,-8.847569823265075684e-01,0.000000000000000000e+00
1.643254309892654419e-01,-2.713732980191707611e-02,1.949330270290374756e-01,-5.896249040961265564e-02,6.935297846794128418e-01,7.180110216140747070e-01,0.000000000000000000e+00
-2.534795179963111877e-02,-4.407205432653427124e-02,-1.337681859731674194e-01,-3.584629595279693604e-01,-4.446995258331298828e-01,-8.208206892013549805e-01,0.000000000000000000e+00
-1.098553761839866638e-01,2.197930961847305298e-01,2.780842222273349762e-02,-7.325091361999511719e-01,1.449533402919769287e-01,-6.651457548141479492e-01,0.000000000000000000e+00
1.570190638303756714e-01,-1.628422737121582031e-01,-1.680090576410293579e-01,-3.273785486817359924e-02,-9.992291927337646484e-01,-2.166327461600303650e-02,0.000000000000000000e+00
-1.035482138395309448e-01,1.120454668998718262e-01,6.307374686002731323e-02,-4.885465800762176514e-01,7.396978735923767090e-01,4.627842307090759277e-01,0.000000000000000000e+00
-4.598931223154067993e-02,2.955299988389015198e-02,-2.318689227104187012e-01,7.167466878890991211e-01,-6.967763304710388184e-01,-2.787425369024276733e-02,0.000000000000000000e+00
-2.081385068595409393e-02,-1.034018024802207947e-02,9.976165741682052612e-02,8.142562955617904663e-02,-3.159164190292358398e-01,9.452865719795227051e-01,0.000000000000000000e+00
-5.186713114380836487e-02,5.363061092793941498e-03,-1.535230726003646851e-01,-1.052983105182647705e-02,-5.750811100006103516e-01,-8.180286288261413574e-01,0.000000000000000000e+00
4.412838071584701538e-02,-2.439619898796081543e-01,-2.603904604911804199e-01,-1.584902033209800720e-02,-9.141699671745300293e-01,-4.050210714340209961e-01,0.000000000000000000e+00
7.327429205179214478e-02,7.024402171373367310e-02,-1.659081727266311646e-01,4.879631698131561279e-01,7.835760116577148438e-01,-3.845784068107604980e-01,0.000000000000000000e+00
1.079551503062248230e-01,7.879634946584701538e-02,-4.272736981511116028e-02,5.963580012321472168e-01,7.754337787628173828e-01,-2.075079381465911865e-01,0.000000000000000000e+00
-1.365912239998579025e-02,1.835056245326995850e-01,-1.693111807107925415e-01,4.895081520080566406e-01,4.888502657413482666e-01,7.220852971076965332e-01,0.000000000000000000e+00
-1.741794943809509277e-01,-7.554111629724502563e-02,1.033486202359199524e-01,7.857612371444702148e-01,5.853669047355651855e-01,1.998119652271270752e-01,0.000000000000000000e+00
1.125665754079818726e-01,1.098343580961227417e-01,1.812927424907684326e-01,2.161498218774795532e-01,8.955560922622680664e-01,3.889196813106536865e-01,0.000000000000000000e+00
-1.509320288896560669e-01,-1.530298441648483276e-01,3.862323984503746033e-02,9.132943749427795410e-01,-3.314184844493865967e-01,2.367597222328186035e-01,0.000000000000000000e+00
-2.606088519096374512e-01,-1.012006029486656189e-01,1.563609838485717773e-01,-4.573346674442291260e-01,7.908474206924438477e-01,4.067006111145019531e-01,0.000000000000000000e+00
-6.435226649045944214e-02,2.009918242692947388e-01,-2.479421198368072510e-01,-2.790724337100982666e-01,8.878887891769409180e-01,-3.657486736774444580e-01,0.000000000000000000e+00
-1.726798564195632935e-01,1.054857969284057617e-01,7.580160349607467651e-02,1.809709370136260986e-01,7.076997756958007812e-01,6.829425692558288574e-01,0.000000000000000000e+00
2.294709831476211548e-01,-3.471792861819267273e-02,1.478157788515090942e-01,6.725626587867736816e-01,6.931744217872619629e-01,-2.591692805290222168e-01,0.000000000000000000e+00
-1.205549538135528564e-01,2.204826846718788147e-02,1.157668232917785645e-01,4.453475475311279297e-01,2.422036230564117432e-02,8.950301408767700195e-01,0.000000000000000000e+00
1.768366396427154541e-01,-4.591131955385208130e-02,-8.491817861795425415e-02,7.328102588653564453e-01,8.426561206579208374e-02,-6.751950979232788086e-01,0.000000000000000000e+00
-1.348866224288940430e-01,-1.310757249593734741e-01,5.629336461424827576e-02,7.591017335653305054e-02,-8.916808366775512695e-01,4.462542831897735596e-01,0.000000000000000000e+00
1.957271844148635864e-01,-1.214622706174850464e-01,2.035393565893173218e-01,5.787728726863861084e-02,-3.522446453571319580e-01,9.341166615486145020e-01,0.000000000000000000e+00
4.966402892023324966e-03,1.389237493276596069e-01,-2.584747970104217529e-01,7.245563268661499023e-01,-2.321891635656356812e-01,-6.489270329475402832e-01,0.000000000000000000e+00
-2.181540876626968384e-01,3.768688812851905823e-02,9.326637536287307739e-02,-8.763375878334045410e-01,-1.247800141572952271e-01,4.652552306652069092e-01,0.000000000000000000e+00
1.139358580112457275e-01,-1.857101321220397949e-01,-2.519437074661254883e-01,8.808369040489196777e-01,9.676372259855270386e-02,-4.634254276752471924e-01,0.000000000000000000e+00
-2.454419881105422974e-01,-1.711590439081192017e-01,8.080127090215682983e-02,-4.948378205299377441e-01,-8.608389496803283691e-01,1.187090426683425903e-01,0.000000000000000000e+00
2.169573605060577393e-01,-1.069282963871955872e-01,1.985230296850204468e-01,7.042124867439270020e-01,1.280270069837570190e-01,6.983508467674255371e-01,0.000000000000000000e+00
1.039805263280868530e-01,-1.318505704402923584e-01,1.298148930072784424e-01,6.220718380063772202e-03,-9.999622702598571777e-01,-6.061818450689315796e-03,0.000000000000000000e+00
1.366968154907226562e-01,-7.569850236177444458e-02,-1.130508556962013245e-01,6.584895849227905273e-01,-1.400229036808013916e-01,-7.394491434097290039e-01,0.000000000000000000e+00
9.172659367322921753e-02,4.874849691987037659e-02,-1.938367784023284912e-01,6.952336430549621582e-01,6.065370440483093262e-01,-3.856980502605438232e-01,0.000000000000000000e+00
8.303888887166976929e-02,1.723520308732986450e-01,1.391744762659072876e-01,9.536284208297729492e-01,-5.573537200689315796e-03,3.009347617626190186e-01,0.000000000000000000e+00
7.964237593114376068e-03,9.087141603231430054e-02,2.180363088846206665e-01,-7.208937406539916992e-01,-6.411398649215698242e-01,2.631575465202331543e-01,0.000000000000000000e+00
-1.689453870058059692e-01,1.115046665072441101e-01,-2.341521382331848145e-01,-4.744767770171165466e-02,-1.559108644723892212e-01,-9.866309165954589844e-01,0.000000000000000000e+00
-1.934293657541275024e-01,1.315133124589920044e-01,-4.187393933534622192e-02,-1.165341734886169434e-01,9.921166896820068359e-01,-4.608941823244094849e-02,0.000000000000000000e+00
-4.972846060991287231e-02,1.488826721906661987e-01,-2.803168594837188721e-01,-4.799143373966217041e-01,5.657800287008285522e-02,-8.754891157150268555e-01,0.000000000000000000e+00
1.277401447296142578e-01,-2.245923727750778198e-01,-3.869836032390594482e-02,-3.483719527721405029e-01,-9.041364789009094238e-01,-2.473342567682266235e-01,0.000000000000000000e+00
9.453327208757400513e-02,-1.307705640792846680e-01,1.288443356752395630e-01,1.009048521518707275e-01,-9.667588472366333008e-01,-2.349373996257781982e-01,0.000000000000000000e+00
2.091159112751483917e-02,6.996162701398134232e-03,-1.947846114635467529e-01,-5.952047109603881836e-01,-1.578518003225326538e-02,-8.034190535545349121e-01,0.000000000000000000e+00
-4.710698127746582031e-02,5.307837575674057007e-02,1.817280501127243042e-01,-2.666437327861785889e-01,-9.025673866271972656e-01,3.380432128906250000e-01,0.000000000000000000e+00
-1.716160625219345093e-01,4.930523782968521118e-02,-1.366288214921951294e-01,-6.931124925613403320e-01,2.534866631031036377e-01,-6.747885942459106445e-01,0.000000000000000000e+00
-9.884030371904373169e-02,1.298069208860397339e-01,-2.294694483280181885e-01,-4.058112204074859619e-01,2.625449001789093018e-01,-8.754355907440185547e-01,0.000000000000000000e+00
-8.308476954698562622e-02,1.140914708375930786e-01,9.004805982112884521e-02,-7.973397374153137207e-01,4.883247017860412598e-01,3.546665012836456299e-01,0.000000000000000000e+00
-2.671031355857849121e-01,1.298995222896337509e-02,3.073818609118461609e-02,-9.559463858604431152e-01,1.626911908388137817e-01,2.443320155143737793e-01,0.000000000000000000e+00
-1.907207667827606201e-01,1.277986168861389160e-01,-2.142887562513351440e-01,-4.762949645519256592e-01,5.660048127174377441e-01,-6.728905439376831055e-01,0.000000000000000000e+00
-8.497215062379837036e-02,3.052979335188865662e-02,-3.129432499408721924e-01,1.415102183818817139e-02,-3.632899820804595947e-01,-9.315686225891113281e-01,0.000000000000000000e+00
-1.863198280334472656e-01,1.433809846639633179e-01,-2.034767121076583862e-01,-5.867903828620910645e-01,5.280600786209106445e-01,-6.138644814491271973e-01,0.000000000000000000e+00
-1.015856638550758362e-01,2.654902040958404541e-01,1.267274171113967896e-01,-3.364410996437072754e-01,6.185166835784912109e-01,7.101017236709594727e-01,0.000000000000000000e+00
-1.575795561075210571e-01,-1.563806682825088501e-01,3.705069422721862793e-02,-4.426527321338653564e-01,-7.133813500404357910e-01,-5.432730317115783691e-01,0.000000000000000000e+00
1.091050822287797928e-02,-1.028915345668792725e-01,-1.848749369382858276e-01,-9.235644936561584473e-01,1.345473527908325195e-01,-3.590621352195739746e-01,0.000000000000000000e+00
-1.608040928840637207e-01,1.525219231843948364e-01,-1.646170020103454590e-01,-2.585040628910064697e-01,9.649885296821594238e-01,4.441610351204872131e-02,0.000000000000000000e+00
1.719837784767150879e-01,4.927095770835876465e-02,3.683288022875785828e-02,7.265282869338989258e-01,5.881744623184204102e-01,3.552568852901458740e-01,0.000000000000000000e+00
2.148729562759399414e-01,-1.315041929483413696e-01,1.137165650725364685e-01,2.947245240211486816e-01,-6.153444647789001465e-01,-7.310873270034790039e-01,0.000000000000000000e+00
-1.740249991416931152e-01,-7.608142495155334473e-02,1.120629906654357910e-01,8.801442980766296387e-01,4.737848639488220215e-01,-2.956280112266540527e-02,0.000000000000000000e+00
-2.390514761209487915e-01,-1.799066215753555298e-01,1.280322819948196411e-01,-3.642795979976654053e-01,-8.590224385261535645e-01,-3.596954643726348877e-01,0.000000000000000000e+00
7.379084825515747070e-02,1.788552403450012207e-01,-8.140002191066741943e-02,4.372913241386413574e-01,5.922824740409851074e-01,-6.767405867576599121e-01,0.000000000000000000e+00
5.742246750742197037e-03,2.221091091632843018e-01,-4.430229309946298599e-03,-6.112117171287536621e-01,5.549048781394958496e-01,-5.643587708473205566e-01,0.000000000000000000e+00
-8.747172355651855469e-02,1.604311913251876831e-01,1.054622977972030640e-01,-5.166622251272201538e-02,-7.922163605690002441e-01,6.080492138862609863e-01,0.000000000000000000e+00
2.195289880037307739e-01,-2.922286652028560638e-02,1.967805624008178711e-01,8.825302720069885254e-01,4.575579464435577393e-01,1.085404604673385620e-01,0.000000000000000000e+00
-8.693965151906013489e-03,1.002137884497642517e-01,-2.387624830007553101e-01,8.786433339118957520e-01,-4.772079885005950928e-01,-1.607686281204223633e-02,0.000000000000000000e+00
8.290835469961166382e-02,2.360063642263412476e-01,6.036016717553138733e-02,8.380580544471740723e-01,-2.996697723865509033e-01,4.559130668640136719e-01,0.000000000000000000e+00
-9.443815797567367554e-02,2.766655012965202332e-02,-1.841410696506500244e-01,-4.161719679832458496e-01,-9.014601111412048340e-01,-1.190402433276176453e-01,0.000000000000000000e+00
9.813813120126724243e-02,-1.315307468175888062e-01,1.781784743070602417e-01,5.843804478645324707e-01,-8.114653825759887695e-01,4.842747002840042114e-03,0.000000000000000000e+00
-5.422515794634819031e-02,2.268025092780590057e-02,-1.928437352180480957e-01,1.762374937534332275e-01,-9.748041629791259766e-01,-1.367375403642654419e-01,0.000000000000000000e+00
9.824231266975402832e-02,4.819339141249656677e-02,2.020150870084762573e-01,3.243577480316162109e-02,-5.154793262481689453e-01,8.562878966331481934e-01,0.000000000000000000e+00
1.268963515758514404e-01,1.280526369810104370e-01,1.802154779434204102e-01,-6.533190608024597168e-02,7.759033441543579102e-01,6.274597644805908203e-01,0.000000000000000000e+00
1.370103657245635986e-01,-9.823045879602432251e-02,2.134513854980468750e-01,-6.246105432510375977e-01,-8.104786276817321777e-02,7.767193317413330078e-01,0.000000000000000000e+00
-6.746213138103485107e-02,-1.767629012465476990e-02,-1.402909308671951294e-01,4.274935275316238403e-02,-3.716726601123809814e-01,-9.273790717124938965e-01,0.000000000000000000e+00
1.017315611243247986e-01,-7.843489199876785278e-02,-2.745428085327148438e-01,1.017828956246376038e-01,-8.159512281417846680e-01,-5.690903067588806152e-01,0.000000000000000000e+00
-8.413438498973846436e-02,2.149770110845565796e-01,8.194505237042903900e-03,-4.604639410972595215e-01,3.447963669896125793e-02,-8.870084881782531738e-01,0.000000000000000000e+00
2.384057790040969849e-01,-1.103261709213256836e-01,1.399382501840591431e-01,4.587450325489044189e-01,-8.864602446556091309e-01,-6.116563081741333008e-02,0.000000000000000000e+00
1.668498367071151733e-01,-1.250747442245483398e-01,-6.697714328765869141e-02,-2.696980535984039307e-01,8.748031258583068848e-01,-4.024704098701477051e-01,0.000000000000000000e+00
8.267266303300857544e-02,9.702287614345550537e-02,2.661454677581787109e-01,5.288946628570556641e-01,-2.083511948585510254e-01,8.227151632308959961e-01,0.000000000000000000e+00
9.616993367671966553e-03,-6.895973533391952515e-02,1.736820787191390991e-01,-6.118615865707397461e-01,7.679441571235656738e-01,-1.894391924142837524e-01,0.000000000000000000e+00
9.057158231735229492e-02,2.536865174770355225e-01,4.312321916222572327e-02,9.747472405433654785e-01,1.281285434961318970e-01,-1.828957051038742065e-01,0.000000000000000000e+00
8.658386021852493286e-02,-3.978836908936500549e-02,1.557830274105072021e-01,-8.851332068443298340e-01,3.767919242382049561e-01,2.730696797370910645e-01,0.000000000000000000e+00
2.610448747873306274e-02,-1.312415152788162231e-01,-2.260448783636093140e-01,-8.334585428237915039e-01,2.107277661561965942e-01,-5.108235478401184082e-01,0.000000000000000000e+00
1.216447129845619202e-01,-2.651594579219818115e-02,-1.420804262161254883e-01,8.334022164344787598e-01,-5.518093109130859375e-01,3.077763505280017853e-02,0.000000000000000000e+00
-1.442344021052122116e-02,2.517835795879364014e-01,8.459282666444778442e-02,9.976821541786193848e-01,-3.475487697869539261e-03,6.795804202556610107e-02,0.000000000000000000e+00
4.109368100762367249e-02,1.205296814441680908e-01,-1.862807571887969971e-01,-3.499317215755581856e-03,1.403944194316864014e-01,-9.900894761085510254e-01,0.000000000000000000e+00
-2.363542094826698303e-02,2.222294211387634277e-01,9.169192984700202942e-03,-1.634782925248146057e-02,8.565587401390075684e-01,-5.157905220985412598e-01,0.000000000000000000e+00
-2.688285410404205322e-01,1.876063831150531769e-02,2.265977486968040466e-02,-9.291176199913024902e-01,-1.436633467674255371e-01,3.407363295555114746e-01,0.000000000000000000e+00
1.221747770905494690e-01,8.286367356777191162e-02,1.147706899791955948e-02,4.826498031616210938e-01,8.686388134956359863e-01,1.118739396333694458e-01,0.000000000000000000e+00
1.220479682087898254e-01,-2.230940610170364380e-01,-1.911096274852752686e-02,-1.340255588293075562e-01,-9.340322613716125488e-01,3.310904204845428467e-01,0.000000000000000000e+00
1.379068568348884583e-02,-1.044405549764633179e-01,1.216220390051603317e-02,6.354217529296875000e-01,-7.171711325645446777e-01,-2.861900031566619873e-01,0.000000000000000000e+00
5.098052322864532471e-02,1.296555250883102417e-01,2.685002684593200684e-01,-1.276583373546600342e-01,6.192119121551513672e-01,7.747773528099060059e-01,0.000000000000000000e+00
3.311626613140106201e-02,-2.428223639726638794e-01,-2.587032616138458252e-01,-3.198379874229431152e-01,-8.242942094802856445e-01,-4.671645462512969971e-01,0.000000000000000000e+00
1.761168092489242554e-01,4.736749455332756042e-02,4.602986201643943787e-02,6.691376566886901855e-01,7.295266389846801758e-01,-1.415826231241226196e-01,0.000000000000000000e+00
-1.039467677474021912e-01,-1.175585761666297913e-01,-7.908384315669536591e-03,6.257295012474060059e-01,-7.795909047126770020e-01,-2.646891027688980103e-02,0.000000000000000000e+00
1.450511068105697632e-01,6.400370597839355469e-02,6.205664947628974915e-02,3.195127546787261963e-01,9.470689296722412109e-01,-3.117822296917438507e-02,0.000000000000000000e+00
6.127277016639709473e-02,5.987045541405677795e-02,2.488479912281036377e-01,-2.304497957229614258e-01,-7.437665462493896484e-01,6.274585723876953125e-01,0.000000000000000000e+00
-1.027077287435531616e-01,1.756684854626655579e-02,1.108950227499008179e-01,-2.331167459487915039e-01,3.963662683963775635e-01,8.880035877227783203e-01,0.000000000000000000e+00
-3.696355968713760376e-02,1.316678673028945923e-01,2.198074162006378174e-01,8.522059023380279541e-02,2.884869575500488281e-01,9.536837935447692871e-01,0.000000000000000000e+00
5.465913563966751099e-03,-2.023823410272598267e-01,-6.075207516551017761e-02,2.132205963134765625e-01,-5.593956708908081055e-01,8.010078072547912598e-01,0.000000000000000000e+00
-1.052138134837150574e-01,-8.042837679386138916e-02,8.611169457435607910e-02,1.407737936824560165e-02,-5.774564743041992188e-01,8.163000941276550293e-01,0.000000000000000000e+00
-1.077310368418693542e-01,4.393446445465087891e-02,-3.175741732120513916e-01,-3.384389877319335938e-01,-6.775105744600296021e-02,-9.385461211204528809e-01,0.000000000000000000e+00
1.766256242990493774e-01,-7.771877199411392212e-02,-3.650405630469322205e-02,7.149298787117004395e-01,-5.906533598899841309e-01,3.741709291934967041e-01,0.000000000000000000e+00
-9.091366082429885864e-02,1.348575949668884277e-01,1.152662932872772217e-01,-9.621553421020507812e-01,1.683303713798522949e-01,-2.142940610647201538e-01,0.000000000000000000e+00
-1.866906136274337769e-01,1.319126039743423462e-01,-6.461592856794595718e-03,-7.116325199604034424e-02,9.880520701408386230e-01,-1.367074698209762573e-01,0.000000000000000000e+00
1.215335801243782043e-01,1.649060547351837158e-01,1.971687562763690948e-02,3.381763696670532227e-01,4.330269098281860352e-01,-8.355383872985839844e-01,0.000000000000000000e+00
1.284608244895935059e-01,-6.209886074066162109e-02,-1.176001355051994324e-01,1.300342231988906860e-01,3.543039038777351379e-02,-9.908762574195861816e-01,0.000000000000000000e+00
1.641500741243362427e-02,1.988512277603149414e-01,-4.583596438169479370e-02,-3.580366671085357666e-01,8.713604211807250977e-01,-3.354710042476654053e-01,0.000000000000000000e+00
2.476498670876026154e-02,-1.246516406536102295e-01,2.373406291007995605e-01,3.793990015983581543e-01,-8.800535202026367188e-01,2.855909466743469238e-01,0.000000000000000000e+00
-2.231570631265640259e-01,3.387854620814323425e-02,8.837836235761642456e-02,-8.000186681747436523e-01,3.533029556274414062e-01,4.849197268486022949e-01,0.000000000000000000e+00
1.102070659399032593e-01,3.283521533012390137e-02,1.934194713830947876e-01,-3.822823241353034973e-02,-4.761896133422851562e-01,8.785112500190734863e-01,0.000000000000000000e+00
1.437802314758300781e-01,-2.430548071861267090e-01,-1.581052094697952271e-01,2.985248267650604248e-01,6.229103207588195801e-01,-7.230945229530334473e-01,0.000000000000000000e+00
-1.562023721635341644e-02,-1.022459939122200012e-01,-3.190045803785324097e-02,-1.108326539397239685e-01,-9.883447885513305664e-01,-1.043584719300270081e-01,0.000000000000000000e+00
-8.792869746685028076e-02,1.221195906400680542e-01,7.018501311540603638e-02,-8.159693479537963867e-01,4.154130220413208008e-01,4.020274579524993896e-01,0.000000000000000000e+00
8.392610400915145874e-02,-1.663156598806381226e-01,1.102010937756858766e-04,-6.767780780792236328e-01,-4.826089441776275635e-01,5.559317469596862793e-01,0.000000000000000000e+00
5.889841169118881226e-02,2.080565392971038818e-01,-3.648911789059638977e-02,1.467329710721969604e-01,9.300509691238403320e-01,3.368598818778991699e-01,0.000000000000000000e+00
1.965879052877426147e-01,-1.276780217885971069e-01,-2.482181414961814880e-02,7.604255676269531250e-01,5.890155434608459473e-01,-2.735207676887512207e-01,0.000000000000000000e+00
7.827793247997760773e-03,-2.493456155061721802e-01,-1.210512518882751465e-01,-1.482171416282653809e-01,-9.656969904899597168e-01,-2.132159918546676636e-01,0.000000000000000000e+00
-5.957591533660888672e-02,1.053683310747146606e-01,2.183734029531478882e-01,-1.869492530822753906e-01,-1.183223724365234375e-01,9.752178192138671875e-01,0.000000000000000000e+00
2.187908589839935303e-01,-1.504142880439758301e-01,-8.381631225347518921e-02,7.787104249000549316e-01,4.346320927143096924e-01,-4.524433910846710205e-01,0.000000000000000000e+00
8.009580522775650024e-02,-2.055079862475395203e-02,-2.133535146713256836e-01,1.380104124546051025e-01,9.597781300544738770e-01,2.444975376129150391e-01,0.000000000000000000e+00
1.470860093832015991e-01,1.538634672760963440e-02,-1.960715837776660919e-02,7.644507288932800293e-01,2.743327617645263672e-01,-5.834009051322937012e-01,0.000000000000000000e+00
2.351019978523254395e-01,-1.004465669393539429e-01,5.607298016548156738e-02,8.719753623008728027e-01,-3.499706089496612549e-01,3.423149287700653076e-01,0.000000000000000000e+00
-2.934307157993316650e-01,-1.486424952745437622e-01,1.738915890455245972e-01,-4.296483397483825684e-01,-8.775655627250671387e-01,2.127933949232101440e-01,0.000000000000000000e+00
-2.536590956151485443e-02,2.347578406333923340e-01,1.261834502220153809e-01,6.284214258193969727e-01,2.634779810905456543e-01,7.318919897079467773e-01,0.000000000000000000e+00
1.528186500072479248e-01,-1.436749100685119629e-01,1.867159456014633179e-01,-4.315930977463722229e-02,-8.225909471511840820e-01,5.669933557510375977e-01,0.000000000000000000e+00
1.434784531593322754e-01,-1.417961120605468750e-01,9.508773684501647949e-02,-2.326992154121398926e-01,-9.622982144355773926e-01,-1.408303976058959961e-01,0.000000000000000000e+00
6.397130340337753296e-02,-2.447775453329086304e-01,-2.065113335847854614e-01,2.488796412944793701e-01,-8.884431123733520508e-01,3.856524229049682617e-01,0.000000000000000000e+00
-2.223644107580184937e-01,-4.198995605111122131e-02,8.049158006906509399e-02,-2.947736084461212158e-01,-2.587490379810333252e-01,9.198681712150573730e-01,0.000000000000000000e+00
2.104020863771438599e-01,-1.321635097265243530e-01,-4.070589318871498108e-02,4.841759204864501953e-01,8.522707223892211914e-01,1.980109661817550659e-01,0.000000000000000000e+00
-1.096363589167594910e-01,-2.330810204148292542e-02,1.096037328243255615e-01,1.754852384328842163e-01,-2.276913374662399292e-01,9.577899575233459473e-01,0.000000000000000000e+00
-1.882799156010150909e-02,2.060640603303909302e-01,-1.943274438381195068e-01,4.600973725318908691e-01,7.605038881301879883e-01,4.581967592239379883e-01,0.000000000000000000e+00
-6.858256459236145020e-02,-2.550199441611766815e-02,-1.369934678077697754e-01,7.744205743074417114e-02,-3.980333805084228516e-01,-9.140963554382324219e-01,0.000000000000000000e+00
1.142313517630100250e-02,-1.549789160490036011e-01,3.853685036301612854e-02,1.907319426536560059e-01,-1.956314593553543091e-01,-9.619509577751159668e-01,0.000000000000000000e+00
7.092472910881042480e-02,1.971407234668731689e-02,-2.091425657272338867e-01,1.034327819943428040e-01,2.199811339378356934e-01,-9.700051546096801758e-01,0.000000000000000000e+00
2.080472260713577271e-01,-2.839787304401397705e-02,1.946319192647933960e-01,-1.983928531408309937e-01,7.511432170867919922e-01,6.296222209930419922e-01,0.000000000000000000e+00
1.383333057165145874e-01,1.408887803554534912e-01,3.018842823803424835e-02,8.388023376464843750e-01,-7.694849371910095215e-02,-5.389708876609802246e-01,0.000000000000000000e+00
-2.145214229822158813e-01,-1.556614637374877930e-01,1.704815775156021118e-01,8.842481672763824463e-02,-8.201647400856018066e-01,5.652529001235961914e-01,0.000000000000000000e+00
5.141166225075721741e-02,5.275737494230270386e-03,1.207290738821029663e-01,-5.080806612968444824e-01,-5.980668067932128906e-01,6.198145747184753418e-01,0.000000000000000000e+00
8.088059723377227783e-02,2.287167608737945557e-01,5.806867778301239014e-02,7.960661053657531738e-01,-2.867677211761474609e-01,5.329568386077880859e-01,0.000000000000000000e+00
-4.293667897582054138e-02,-1.625180840492248535e-01,1.476458609104156494e-01,-6.114167571067810059e-01,2.210153192281723022e-01,7.598169445991516113e-01,0.000000000000000000e+00
-1.017304211854934692e-01,1.304701864719390869e-01,1.805290393531322479e-02,-2.259598523378372192e-01,9.608390927314758301e-01,1.604070216417312622e-01,0.000000000000000000e+00
8.889912068843841553e-02,-8.702415227890014648e-02,2.245535403490066528e-01,5.988926291465759277e-01,5.152249932289123535e-01,6.130830645561218262e-01,0.000000000000000000e+00
-6.409076508134603500e-03,2.211522907018661499e-01,9.249612689018249512e-02,9.823039174079895020e-01,-7.055711001157760620e-02,-1.734954118728637695e-01,0.000000000000000000e+00
1.147680655121803284e-01,-8.596555143594741821e-02,-2.263467162847518921e-01,8.539668321609497070e-01,-4.444416761398315430e-01,-2.705775797367095947e-01,0.000000000000000000e+00
-2.460087984800338745e-01,-7.676948606967926025e-02,2.720139920711517334e-02,-7.262123227119445801e-01,-1.351767033338546753e-01,-6.740496754646301270e-01,0.000000000000000000e+00
2.198880761861801147e-01,-1.369539499282836914e-01,-4.484194517135620117e-02,5.330599546432495117e-01,8.325111269950866699e-01,1.509048193693161011e-01,0.000000000000000000e+00
6.472017150372266769e-03,-2.085070610046386719e-01,-2.264319509267807007e-01,-9.369719028472900391e-01,4.044631868600845337e-02,3.470558822154998779e-01,0.000000000000000000e+00
-1.155315246433019638e-02,-2.467236071825027466e-01,-1.313175410032272339e-01,1.150293052196502686e-01,-9.917199611663818359e-01,-5.709486082196235657e-02,0.000000000000000000e+00
-1.126260608434677124e-01,5.361773818731307983e-02,-3.170082867145538330e-01,-2.402522116899490356e-01,-1.710595339536666870e-01,-9.555194973945617676e-01,0.000000000000000000e+00
2.753576077520847321e-02,2.347024828195571899e-01,1.782741993665695190e-01,-2.521584331989288330e-01,7.674313187599182129e-01,5.894618630409240723e-01,0.000000000000000000e+00
-3.348908945918083191e-02,1.765791624784469604e-01,1.840452402830123901e-01,6.073160842061042786e-02,9.217522144317626953e-01,3.829941451549530029e-01,0.000000000000000000e+00
-1.057606935501098633e-01,1.370920091867446899e-01,1.595912277698516846e-01,-9.575319886207580566e-01,2.753597795963287354e-01,8.549554646015167236e-02,0.000000000000000000e+00
6.032871827483177185e-02,-9.088969230651855469e-02,2.485171705484390259e-01,5.250172019004821777e-01,3.797858953475952148e-01,7.616558670997619629e-01,0.000000000000000000e+00
-1.365972012281417847e-01,7.445991039276123047e-02,9.923181682825088501e-02,-1.092484220862388611e-01,2.514183521270751953e-01,9.616931080818176270e-01,0.000000000000000000e+00
-1.171829998493194580e-01,-1.234829127788543701e-01,-3.616639226675033569e-02,2.102536708116531372e-01,-9.649312496185302734e-01,-1.571658998727798462e-01,0.000000000000000000e+00
1.663272231817245483e-01,-1.007858142256736755e-01,-1.526989787817001343e-01,7.701998949050903320e-01,5.987306833267211914e-01,-2.198036015033721924e-01,0.000000000000000000e+00
-2.285389304161071777e-01,2.292705699801445007e-02,-1.181248873472213745e-01,-5.072566270828247070e-01,8.147110790014266968e-02,-8.579354286193847656e-01,0.000000000000000000e+00
7.402791827917098999e-02,8.448352664709091187e-02,-1.480854600667953491e-01,1.076914072036743164e-01,-9.453005194664001465e-01,-3.079115450382232666e-01,0.000000000000000000e+00
-1.703798025846481323e-01,7.206358760595321655e-02,-1.305136084556579590e-01,-4.508222043514251709e-01,1.755776405334472656e-01,-8.751752972602844238e-01,0.000000000000000000e+00
-4.648643359541893005e-02,6.142324581742286682e-02,-2.834641635417938232e-01,6.472423672676086426e-01,2.961667180061340332e-01,-7.023977637290954590e-01,0.000000000000000000e+00
-1.052256599068641663e-01,2.453224360942840576e-01,1.390708684921264648e-01,-4.737086594104766846e-01,4.406873881816864014e-01,7.624924182891845703e-01,0.000000000000000000e+00
1.822382360696792603e-01,-2.344090193510055542e-01,-9.060236066579818726e-02,2.737402915954589844e-01,-8.621554374694824219e-01,-4.263265132904052734e-01,0.000000000000000000e+00
1.489856690168380737e-01,5.980484932661056519e-02,-6.437269598245620728e-02,7.760306000709533691e-01,4.503530263900756836e-01,-4.415412247180938721e-01,0.000000000000000000e+00
-2.215221673250198364e-01,-1.190563514828681946e-01,1.812433302402496338e-01,-1.303010880947113037e-01,2.866102755069732666e-01,9.491449594497680664e-01,0.000000000000000000e+00
-2.037267684936523438e-01,-1.040787249803543091e-01,1.687871366739273071e-01,5.512747764587402344e-01,3.009793162345886230e-01,7.781436443328857422e-01,0.000000000000000000e+00
1.523183584213256836e-01,1.723012141883373260e-02,-8.593233674764633179e-02,9.343314170837402344e-01,1.402511000633239746e-01,-3.276498615741729736e-01,0.000000000000000000e+00
7.381307892501354218e-03,-1.617003083229064941e-01,1.549682915210723877e-01,5.460330843925476074e-01,-2.977012991905212402e-01,7.830847501754760742e-01,0.000000000000000000e+00
-5.719510838389396667e-02,-1.736672371625900269e-01,1.308472603559494019e-01,-8.166175484657287598e-01,2.031784206628799438e-01,5.402354598045349121e-01,0.000000000000000000e+00
-2.314498573541641235e-01,-1.644954532384872437e-01,5.853487551212310791e-02,-1.636585295200347900e-01,-9.859854578971862793e-01,3.238219767808914185e-02,0.000000000000000000e+00
-1.402542144060134888e-01,2.541086077690124512e-02,-2.554914653301239014e-01,-6.497176885604858398e-01,-6.443079113960266113e-01,4.034032523632049561e-01,0.000000000000000000e+00
5.221362039446830750e-02,-1.353168338537216187e-01,-3.843281790614128113e-02,-7.922292351722717285e-01,-3.336560726165771484e-01,5.109270811080932617e-01,0.000000000000000000e+00
1.977902501821517944e-01,-1.427677273750305176e-01,1.871211975812911987e-01,6.244299411773681641e-01,-7.156808376312255859e-01,3.128708004951477051e-01,0.000000000000000000e+00
-1.326431930065155029e-01,2.062748372554779053e-02,-1.530878692865371704e-01,-2.507714629173278809e-01,-4.801545143127441406e-01,-8.405743837356567383e-01,0.000000000000000000e+00
-2.127737849950790405e-01,1.011092811822891235e-01,-8.290389925241470337e-02,-8.005203306674957275e-02,6.733575463294982910e-01,-7.349702715873718262e-01,0.000000000000000000e+00
9.485697746276855469e-02,2.000835835933685303e-01,1.416724175214767456e-01,8.510940074920654297e-01,-5.218272805213928223e-01,-5.775171518325805664e-02,0.000000000000000000e+00
1.339202187955379486e-02,1.186557263135910034e-01,-2.169511169195175171e-01,9.207050204277038574e-01,-3.894782662391662598e-01,2.467684261500835419e-02,0.000000000000000000e+00
-6.351174414157867432e-02,1.376492679119110107e-01,-5.425130203366279602e-02,-6.035034060478210449e-01,7.961964607238769531e-01,-4.306849837303161621e-02,0.000000000000000000e+00
-1.233045682311058044e-01,4.697585478425025940e-02,-1.907735913991928101e-01,-3.588648736476898193e-01,-8.475959897041320801e-01,-3.908925950527191162e-01,0.000000000000000000e+00
-4.634141176939010620e-02,1.735389083623886108e-01,1.902609467506408691e-01,9.426982142031192780e-03,7.857586145401000977e-01,6.184614300727844238e-01,0.000000000000000000e+00
4.438290372490882874e-03,-1.711244285106658936e-01,-2.099376171827316284e-01,-8.122100234031677246e-01,1.550472825765609741e-01,-5.623835325241088867e-01,0.000000000000000000e+00
1.019847299903631210e-02,2.144308537244796753e-01,1.200555711984634399e-01,-3.767686486244201660e-01,9.171199202537536621e-01,-1.301398724317550659e-01,0.000000000000000000e+00
2.410948090255260468e-02,-6.534041464328765869e-02,1.320883184671401978e-01,-5.136658549308776855e-01,8.507775664329528809e-01,1.110176816582679749e-01,0.000000000000000000e+00
-6.516098976135253906e-02,1.673910319805145264e-01,-1.474635004997253418e-01,-3.889310956001281738e-01,7.179863452911376953e-01,5.772592425346374512e-01,0.000000000000000000e+00
1.415881961584091187e-01,-1.629796922206878662e-01,-1.511278748512268066e-01,3.245199918746948242e-01,-9.038177132606506348e-01,2.789271473884582520e-01,0.000000000000000000e+00
-2.344543486833572388e-01,-1.752212792634963989e-01,1.032503694295883179e-01,-1.156773865222930908e-01,-9.772958159446716309e-01,-1.775153130292892456e-01,0.000000000000000000e+00
-1.651277989149093628e-01,-1.319644749164581299e-01,9.137534350156784058e-02,5.993871092796325684e-01,-7.769997715950012207e-01,1.923705339431762695e-01,0.000000000000000000e+00
-3.008205443620681763e-02,1.994659453630447388e-01,-1.795150637626647949e-01,6.285057961940765381e-02,8.274729251861572266e-01,5.579770207405090332e-01,0.000000000000000000e+00
-2.144321352243423462e-01,1.097124442458152771e-01,4.090623930096626282e-02,-4.939793646335601807e-01,8.683847188949584961e-01,-4.350140690803527832e-02,0.000000000000000000e+00
1.747343987226486206e-01,-1.530840396881103516e-01,1.579531580209732056e-01,-1.237200573086738586e-01,-9.215612411499023438e-01,3.679922223091125488e-01,0.000000000000000000e+00
-1.026702970266342163e-01,8.995978534221649170e-02,1.588041633367538452e-01,-9.186463952064514160e-01,-2.856584489345550537e-01,2.729251086711883545e-01,0.000000000000000000e+00
9.580404311418533325e-02,-2.680196762084960938e-01,-1.192934885621070862e-01,-6.507463455200195312e-01,-2.711096107959747314e-01,7.092452049255371094e-01,0.000000000000000000e+00
1.034743711352348328e-01,-1.172611713409423828e-01,1.978200376033782959e-01,7.987384200096130371e-01,-2.454237192869186401e-01,5.493487715721130371e-01,0.000000000000000000e+00
-2.085515707731246948e-01,-1.767417881637811661e-03,1.020799800753593445e-01,-4.460467994213104248e-01,-2.116581946611404419e-01,8.696223497390747070e-01,0.000000000000000000e+00
-7.264730334281921387e-02,8.023001998662948608e-02,1.976906806230545044e-01,-6.004402637481689453e-01,-6.734150052070617676e-01,4.312582910060882568e-01,0.000000000000000000e+00
1.620814949274063110e-01,-9.818721562623977661e-03,-3.014049865305423737e-02,3.498900234699249268e-01,8.833155035972595215e-01,3.119786977767944336e-01,0.000000000000000000e+00
-3.272055834531784058e-02,1.099434420466423035e-01,-2.642193734645843506e-01,1.098645031452178955e-01,-7.784498333930969238e-01,-6.180175542831420898e-01,0.000000000000000000e+00
-6.816223729401826859e-03,1.374288201332092285e-01,-2.705113887786865234e-01,6.040505766868591309e-01,-1.766670942306518555e-01,-7.771174907684326172e-01,0.000000000000000000e+00
-4.194154590368270874e-02,1.712543964385986328e-01,-2.778479158878326416e-01,-2.415537387132644653e-01,5.505304932594299316e-01,-7.991044521331787109e-01,0.000000000000000000e+00
-1.855345666408538818e-01,7.932537049055099487e-02,-1.155150681734085083e-01,-1.322975847870111465e-02,3.350424468517303467e-01,-9.421101212501525879e-01,0.000000000000000000e+00
1.303724050521850586e-01,1.382671296596527100e-01,1.478402614593505859e-01,2.752278745174407959e-02,9.480130672454833984e-01,3.170389235019683838e-01,0.000000000000000000e+00
-2.415333241224288940e-01,8.418457210063934326e-02,3.267486765980720520e-02,-7.286203503608703613e-01,6.824406981468200684e-01,-5.819915607571601868e-02,0.000000000000000000e+00
1.126535385847091675e-01,-1.678722351789474487e-01,-2.346648573875427246e-01,6.926528811454772949e-01,6.593407988548278809e-01,-2.924067378044128418e-01,0.000000000000000000e+00
-2.715678215026855469e-01,-1.496140062808990479e-01,7.152789086103439331e-02,-8.382490873336791992e-01,-7.755574584007263184e-02,-5.397439599037170410e-01,0.000000000000000000e+00
5.632775276899337769e-02,-1.381956636905670166e-01,7.430663704872131348e-02,8.624005317687988281e-01,-3.216008543968200684e-01,-3.909452855587005615e-01,0.000000000000000000e+00
1.406362354755401611e-01,1.146506145596504211e-01,1.948396414518356323e-01,-1.387313287705183029e-02,4.905381798744201660e-01,8.713092803955078125e-01,0.000000000000000000e+00
-8.413222432136535645e-02,1.379982382059097290e-01,7.767783105373382568e-02,-9.129090309143066406e-01,-2.502366900444030762e-01,3.224573135375976562e-01,0.000000000000000000e+00
1.182575225830078125e-01,-6.876201927661895752e-02,-2.595727443695068359e-01,-2.734038829803466797e-01,5.975685715675354004e-01,-7.537652850151062012e-01,0.000000000000000000e+00
1.096015721559524536e-01,1.555804461240768433e-01,1.151454448699951172e-01,2.149480730295181274e-01,4.708347022533416748e-01,8.556354641914367676e-01,0.000000000000000000e+00
-1.875667721033096313e-01,-9.579309821128845215e-02,-9.588415920734405518e-02,-3.436163663864135742e-01,-5.805504322052001953e-01,-7.381659150123596191e-01,0.000000000000000000e+00
4.172584414482116699e-02,-1.868681758642196655e-01,1.158014535903930664e-01,8.560349941253662109e-01,-3.345138728618621826e-01,3.940870165824890137e-01,0.000000000000000000e+00
1.823075711727142334e-01,1.161956489086151123e-01,1.779833585023880005e-01,4.881734848022460938e-01,5.838381052017211914e-01,6.487061977386474609e-01,0.000000000000000000e+00
-2.572038024663925171e-02,-1.535049229860305786e-01,-7.514733821153640747e-02,-6.157971620559692383e-01,3.307367265224456787e-01,7.151272892951965332e-01,0.000000000000000000e+00
-2.020247578620910645e-01,-1.006037741899490356e-01,-8.698451519012451172e-02,3.402799665927886963e-01,7.734694052487611771e-03,-9.402923583984375000e-01,0.000000000000000000e+00
1.826870590448379517e-01,-5.819941312074661255e-02,-7.075867801904678345e-02,9.368361830711364746e-01,-1.938106566667556763e-01,-2.911620736122131348e-01,0.000000000000000000e+00
-1.459178030490875244e-01,-8.837872743606567383e-02,9.295167773962020874e-02,8.669221401214599609e-01,-4.214341193437576294e-02,4.966588020324707031e-01,0.000000000000000000e+00
-1.891725510358810425e-01,-1.187881827354431152e-01,1.642074733972549438e-01,5.635781288146972656e-01,4.763539135456085205e-01,6.748826503753662109e-01,0.000000000000000000e+00
1.349228024482727051e-01,2.776565775275230408e-02,-5.326930806040763855e-02,9.892804622650146484e-01,7.573611289262771606e-02,-1.248529627919197083e-01,0.000000000000000000e+00
-4.174059256911277771e-02,1.698788553476333618e-01,1.948409378528594971e-01,9.426982142031192780e-03,7.857586145401000977e-01,6.184614300727844238e-01,0.000000000000000000e+00
-3.990212827920913696e-02,2.137178927659988403e-01,-2.239282876253128052e-01,-1.510819047689437866e-02,9.955690503120422363e-01,-9.281140565872192383e-02,0.000000000000000000e+00
2.409497499465942383e-01,-7.762882858514785767e-02,1.284861415624618530e-01,9.953048229217529297e-01,9.677764028310775757e-02,-1.557916169986128807e-03,0.000000000000000000e+00
-2.258493900299072266e-01,1.988681592047214508e-02,-1.200037971138954163e-01,-5.072566270828247070e-01,8.147110790014266968e-02,-8.579354286193847656e-01,0.000000000000000000e+00
-1.215474158525466919e-01,1.490466445684432983e-01,-1.227089837193489075e-01,5.361562967300415039e-02,9.118933677673339844e-01,4.069100916385650635e-01,0.000000000000000000e+00
-1.422466933727264404e-01,1.575099974870681763e-01,-1.804751604795455933e-01,-3.739477097988128662e-01,8.971264362335205078e-01,2.352174073457717896e-01,0.000000000000000000e+00
-2.366298111155629158e-03,-8.992587774991989136e-02,-1.411695480346679688e-01,-9.221743345260620117e-01,9.236939996480941772e-02,-3.755827844142913818e-01,0.000000000000000000e+00
-1.870992481708526611e-01,-7.850280404090881348e-02,1.149575635790824890e-01,4.732020497322082520e-01,8.034186363220214844e-01,3.613838553428649902e-01,0.000000000000000000e+00
-3.441333398222923279e-02,-2.364719212055206299e-01,-1.483870446681976318e-01,-8.035065978765487671e-02,-9.552454352378845215e-01,-2.846926152706146240e-01,0.000000000000000000e+00
1.141735836863517761e-01,-1.225765943527221680e-01,1.821288466453552246e-01,9.408102184534072876e-02,-8.942221403121948242e-01,4.376248717308044434e-01,0.000000000000000000e+00
-2.615195140242576599e-02,-1.445350199937820435e-01,1.503460258245468140e-01,-4.279688596725463867e-01,1.662084162235260010e-01,8.883790969848632812e-01,0.000000000000000000e+00
1.997300833463668823e-01,1.494649518281221390e-02,4.795736074447631836e-02,3.475652635097503662e-01,8.903331160545349121e-01,-2.941178679466247559e-01,0.000000000000000000e+00
1.920492351055145264e-01,-2.260052859783172607e-01,-9.747294336557388306e-02,6.799153983592987061e-02,-5.628868341445922852e-01,-8.237326741218566895e-01,0.000000000000000000e+00
-1.363417804241180420e-01,-1.070477142930030823e-01,-8.614184707403182983e-02,1.116412281990051270e-01,-6.961650848388671875e-01,-7.091476321220397949e-01,0.000000000000000000e+00
-7.362921535968780518e-02,3.651752322912216187e-02,1.102379411458969116e-01,-6.207240745425224304e-02,-9.061602503061294556e-02,9.939495921134948730e-01,0.000000000000000000e+00
-6.988555192947387695e-02,1.623183488845825195e-01,-5.794718395918607712e-03,-7.060953974723815918e-01,2.367722988128662109e-01,-6.673590540885925293e-01,0.000000000000000000e+00
9.742838144302368164e-02,-2.330897003412246704e-01,-2.145684361457824707e-01,6.435156464576721191e-01,-7.313286066055297852e-01,2.259337455034255981e-01,0.000000000000000000e+00
-9.614693373441696167e-02,1.000180765986442566e-01,1.163577139377593994e-01,-9.903384447097778320e-01,1.386297941207885742e-01,3.399061039090156555e-03,0.000000000000000000e+00
5.827240645885467529e-02,-1.429658681154251099e-01,-3.736928850412368774e-02,-6.097140908241271973e-01,-5.039095282554626465e-01,6.118201613426208496e-01,0.000000000000000000e+00
8.054977655410766602e-02,1.411225199699401855e-01,-1.302155107259750366e-01,3.981920778751373291e-01,9.142125844955444336e-01,-7.522241026163101196e-02,0.000000000000000000e+00
1.966231875121593475e-02,2.375916540622711182e-01,1.453448086977005005e-01,-7.979287505149841309e-01,5.150098204612731934e-01,-3.131685853004455566e-01,0.000000000000000000e+00
2.185998670756816864e-02,1.647993624210357666e-01,-2.173653393983840942e-01,9.970573782920837402e-01,5.692122131586074829e-02,5.134779959917068481e-02,0.000000000000000000e+00
8.715829253196716309e-02,1.967078596353530884e-01,-3.793197870254516602e-02,5.490132570266723633e-01,8.309469819068908691e-01,-9.006434679031372070e-02,0.000000000000000000e+00
9.822566807270050049e-02,1.778996735811233521e-01,1.161738932132720947e-01,-1.286575687117874622e-03,6.345442533493041992e-01,7.728855013847351074e-01,0.000000000000000000e+00
1.027664914727210999e-02,1.990215033292770386e-01,1.977009326219558716e-01,-9.222725033760070801e-01,-1.590555310249328613e-01,3.522993028163909912e-01,0.000000000000000000e+00
-8.084971457719802856e-02,1.400966495275497437e-01,8.944222331047058105e-02,-8.432961702346801758e-01,2.578296661376953125e-01,4.715669453144073486e-01,0.000000000000000000e+00
1.840772330760955811e-01,-7.230601459741592407e-02,2.217509895563125610e-01,4.617600440979003906e-01,2.762936651706695557e-01,8.428757190704345703e-01,0.000000000000000000e+00
-1.305810809135437012e-01,-1.270456314086914062e-01,-9.222695603966712952e-03,-1.551045477390289307e-01,-9.867352843284606934e-01,-4.791744425892829895e-02,0.000000000000000000e+00
-1.420699059963226318e-01,1.539692431688308716e-01,-1.463464498519897461e-01,3.808951675891876221e-01,9.245144724845886230e-01,-1.385228149592876434e-02,0.000000000000000000e+00
1.549319922924041748e-01,-3.939871490001678467e-02,-1.091820225119590759e-01,9.105357527732849121e-01,-2.125184088945388794e-01,-3.546272814273834229e-01,0.000000000000000000e+00
1.240955442190170288e-01,-1.571597456932067871e-01,3.598731756210327148e-02,-2.949617207050323486e-01,-6.206538677215576172e-01,7.264890670776367188e-01,0.000000000000000000e+00
4.614722914993762970e-03,1.140607893466949463e-01,-2.376397997140884399e-01,9.091533422470092773e-01,-2.062660157680511475e-01,-3.617934286594390869e-01,0.000000000000000000e+00
1.045929566025733948e-01,-6.089944392442703247e-02,-2.535119056701660156e-01,6.204479932785034180e-01,6.880249381065368652e-01,-3.763853311538696289e-01,0.000000000000000000e+00
-7.787431776523590088e-02,1.969948559999465942e-01,-2.085848003625869751e-01,-8.138427138328552246e-01,5.141125321388244629e-01,2.708289623260498047e-01,0.000000000000000000e+00
-1.240343600511550903e-01,4.676387831568717957e-02,-1.896439641714096069e-01,-3.588648736476898193e-01,-8.475959897041320801e-01,-3.908925950527191162e-01,0.000000000000000000e+00
7.082927972078323364e-02,1.435999423265457153e-01,-1.103402972221374512e-01,7.406542897224426270e-01,4.774693846702575684e-01,4.727094471454620361e-01,0.000000000000000000e+00
-1.044497340917587280e-01,1.160007789731025696e-01,-2.427462041378021240e-01,3.721290081739425659e-02,9.259642362594604492e-01,-3.757730424404144287e-01,0.000000000000000000e+00
8.555851131677627563e-02,-3.282979130744934082e-02,1.441926807165145874e-01,-7.885594367980957031e-01,5.057302117347717285e-01,3.498727679252624512e-01,0.000000000000000000e+00
-2.302091009914875031e-02,3.239927440881729126e-02,1.358582377433776855e-01,-3.029944002628326416e-01,-8.568741083145141602e-01,4.170864820480346680e-01,0.000000000000000000e+00
-2.381408363580703735e-01,-3.248002752661705017e-02,6.983214616775512695e-02,-6.617307662963867188e-01,-3.865263164043426514e-01,6.424249410629272461e-01,0.000000000000000000e+00
-1.717622876167297363e-01,-1.173524409532546997e-01,1.272759735584259033e-01,8.292192816734313965e-01,-2.247670292854309082e-01,5.117374062538146973e-01,0.000000000000000000e+00
1.727758198976516724e-01,-1.063728556036949158e-01,-1.407562494277954102e-01,9.568147659301757812e-01,1.453107744455337524e-01,2.517741918563842773e-01,0.000000000000000000e+00
-1.282189190387725830e-01,2.028335779905319214e-01,1.170284673571586609e-01,-8.264810442924499512e-01,-4.215424954891204834e-01,3.731367290019989014e-01,0.000000000000000000e+00
-1.266198046505451202e-02,2.063248008489608765e-01,-1.142988167703151703e-02,-2.985658943653106689e-01,7.408655881881713867e-01,-6.016448736190795898e-01,0.000000000000000000e+00
1.356723308563232422e-01,-1.242442205548286438e-01,1.982699185609817505e-01,-2.532209753990173340e-01,-7.294497489929199219e-01,6.354385614395141602e-01,0.000000000000000000e+00
1.921549439430236816e-01,-3.495958447456359863e-02,8.362365514039993286e-02,9.474659562110900879e-01,3.181652724742889404e-01,3.285088390111923218e-02,0.000000000000000000e+00
3.238673508167266846e-02,-1.562857925891876221e-01,-5.133543536067008972e-02,-5.717861279845237732e-02,2.262412570416927338e-02,9.981076121330261230e-01,0.000000000000000000e+00
-1.263128519058227539e-01,2.583748996257781982e-01,6.726080179214477539e-02,-7.633584737777709961e-01,5.903016328811645508e-01,-2.623505592346191406e-01,0.000000000000000000e+00
-9.413103014230728149e-02,-9.425907582044601440e-02,-7.931087166070938110e-02,1.267609447240829468e-01,-7.298278808593750000e-01,-6.717759370803833008e-01,0.000000000000000000e+00
1.539954990148544312e-01,-2.950469031929969788e-02,1.961811482906341553e-01,-2.005400061607360840e-01,5.656600594520568848e-01,7.998827099800109863e-01,0.000000000000000000e+00
6.298964470624923706e-02,1.955553740262985229e-01,1.845474988222122192e-01,6.491038203239440918e-01,-1.807862371206283569e-01,7.389049530029296875e-01,0.000000000000000000e+00
7.775534689426422119e-02,-1.286128349602222443e-02,1.348991841077804565e-01,-7.958759069442749023e-01,-8.650464564561843872e-02,5.992482900619506836e-01,0.000000000000000000e+00
1.718533933162689209e-01,3.093793243169784546e-02,1.199983209371566772e-01,8.819276094436645508e-01,-1.015548780560493469e-01,-4.603154361248016357e-01,0.000000000000000000e+00
-9.018645435571670532e-02,1.441016495227813721e-01,3.194395452737808228e-02,-9.606215357780456543e-01,2.374849021434783936e-01,-1.442470550537109375e-01,0.000000000000000000e+00
-6.132104247808456421e-02,9.615402668714523315e-02,-2.721975743770599365e-01,5.958997011184692383e-01,6.783866882324218750e-01,-4.297616481781005859e-01,0.000000000000000000e+00
-1.467689722776412964e-01,1.319140940904617310e-01,-4.044692032039165497e-03,7.318472117185592651e-02,9.969986081123352051e-01,-2.525382861495018005e-02,0.000000000000000000e+00
1.942173689603805542e-01,1.142975464463233948e-01,1.466292589902877808e-01,3.465343117713928223e-01,9.334011077880859375e-01,9.314686805009841919e-02,0.000000000000000000e+00
1.550541669130325317e-01,-2.362568229436874390e-01,-4.364771023392677307e-02,-5.597696304321289062e-01,-8.042444586753845215e-01,1.996216773986816406e-01,0.000000000000000000e+00
-2.403713017702102661e-02,-1.716324090957641602e-01,1.565078347921371460e-01,-1.147788390517234802e-01,-4.135623872280120850e-01,9.032120108604431152e-01,0.000000000000000000e+00
2.947997860610485077e-02,-1.592952013015747070e-01,1.407476067543029785e-01,5.162001252174377441e-01,-3.480539917945861816e-01,7.825572490692138672e-01,0.000000000000000000e+00
1.891147196292877197e-01,-1.561264097690582275e-01,1.478521674871444702e-01,2.518604099750518799e-01,-8.188599348068237305e-01,5.157855153083801270e-01,0.000000000000000000e+00
-2.438146620988845825e-02,-6.094720959663391113e-02,-1.188037171959877014e-01,-4.725672900676727295e-01,-7.034450173377990723e-01,-5.308910012245178223e-01,0.000000000000000000e+00
-1.468940526247024536e-01,-1.298506855964660645e-01,6.298222392797470093e-02,2.797856926918029785e-01,-9.359492659568786621e-01,2.138198465108871460e-01,0.000000000000000000e+00
7.615954428911209106e-02,-2.469111084938049316e-01,-1.412268877029418945e-01,-9.521142840385437012e-01,-2.739150822162628174e-01,1.358267217874526978e-01,0.000000000000000000e+00
2.148033678531646729e-02,1.694370657205581665e-01,-1.178542599081993103e-01,-1.933135986328125000e-01,9.471449255943298340e-01,2.560202777385711670e-01,0.000000000000000000e+00
1.193193271756172180e-01,1.929582953453063965e-01,7.896939665079116821e-02,1.101766601204872131e-01,9.865204095840454102e-01,1.209898144006729126e-01,0.000000000000000000e+00
1.038191840052604675e-01,-2.068117111921310425e-01,-1.691511720418930054e-01,9.899363517761230469e-01,-1.405569463968276978e-01,-1.642417162656784058e-02,0.000000000000000000e+00
-1.447974424809217453e-02,-1.024593934416770935e-01,-3.109067119657993317e-02,-1.108326539397239685e-01,-9.883447885513305664e-01,-1.043584719300270081e-01,0.000000000000000000e+00
-3.663782402873039246e-02,1.627866327762603760e-01,2.046255469322204590e-01,-7.728529628366231918e-03,8.684260845184326172e-01,4.957584440708160400e-01,0.000000000000000000e+00
2.275767549872398376e-02,-2.377841770648956299e-01,-1.524402648210525513e-01,3.202670812606811523e-01,-7.978700995445251465e-01,-5.107173919677734375e-01,0.000000000000000000e+00
-1.354948878288269043e-01,-1.347336173057556152e-01,8.135410957038402557e-03,-5.010920763015747070e-01,-5.912166237831115723e-01,-6.319569945335388184e-01,0.000000000000000000e+00
1.922976225614547729e-01,-1.475955545902252197e-01,1.670937240123748779e-01,1.695786863565444946e-01,-9.681738018989562988e-01,1.840722262859344482e-01,0.000000000000000000e+00
-2.271687090396881104e-01,9.067596495151519775e-02,-9.105876088142395020e-02,-9.041481614112854004e-01,3.883950710296630859e-01,-1.779477149248123169e-01,0.000000000000000000e+00
2.799681201577186584e-02,2.481660395860671997e-01,7.204660773277282715e-02,-7.952079772949218750e-01,-8.406311273574829102e-02,6.004812121391296387e-01,0.000000000000000000e+00
-1.290687620639801025e-01,-6.752870976924896240e-02,-1.244544386863708496e-01,1.045182645320892334e-01,-5.475943088531494141e-01,-8.301905989646911621e-01,0.000000000000000000e+00
1.991413533687591553e-01,-1.191264614462852478e-01,9.606250375509262085e-02,3.277973830699920654e-01,-5.662296414375305176e-01,-7.562624216079711914e-01,0.000000000000000000e+00
8.681557327508926392e-02,1.859959661960601807e-01,1.394906938076019287e-01,9.118986129760742188e-01,-3.967895209789276123e-01,-1.048760414123535156e-01,0.000000000000000000e+00
1.526554375886917114e-01,-1.092978268861770630e-01,-6.649445742368698120e-02,3.729823231697082520e-01,-7.138837575912475586e-01,-5.926669836044311523e-01,0.000000000000000000e+00
-8.961397409439086914e-02,1.592217087745666504e-01,1.418939828872680664e-01,-7.796873450279235840e-01,5.548457503318786621e-01,-2.902306020259857178e-01,0.000000000000000000e+00
1.072756797075271606e-01,-2.205349802970886230e-01,-2.348134219646453857e-01,8.578689098358154297e-01,-5.100180506706237793e-01,-6.278998404741287231e-02,0.000000000000000000e+00
9.584818035364151001e-03,1.501091867685317993e-01,2.092104554176330566e-01,-7.518904656171798706e-02,7.989587783813476562e-01,5.966669917106628418e-01,0.000000000000000000e+00
-6.194363906979560852e-02,9.984303265810012817e-02,-2.674463093280792236e-01,6.454283595085144043e-01,6.067270636558532715e-01,-4.640091359615325928e-01,0.000000000000000000e+00
5.005434155464172363e-02,1.974665075540542603e-01,-6.516119837760925293e-02,-2.742117345333099365e-01,9.138953685760498047e-01,-2.993378639221191406e-01,0.000000000000000000e+00
-2.425982058048248291e-01,9.604298323392868042e-02,-9.749141521751880646e-03,-7.496805191040039062e-01,6.265836358070373535e-01,2.130072563886642456e-01,0.000000000000000000e+00
-1.347358524799346924e-01,2.251738756895065308e-01,1.165037900209426880e-01,-7.388352155685424805e-01,3.088120520114898682e-01,5.989637970924377441e-01,0.000000000000000000e+00
-7.346296310424804688e-02,1.709190458059310913e-01,1.041782321408390999e-03,-7.060953974723815918e-01,2.367722988128662109e-01,-6.673590540885925293e-01,0.000000000000000000e+00
3.531897440552711487e-02,-2.418605387210845947e-01,-2.619084119796752930e-01,-3.198379874229431152e-01,-8.242942094802856445e-01,-4.671645462512969971e-01,0.000000000000000000e+00
8.688505738973617554e-02,1.938020288944244385e-01,1.223257333040237427e-01,8.267915248870849609e-01,-4.460435211658477783e-01,-3.427258133888244629e-01,0.000000000000000000e+00
-1.222108229994773865e-01,1.247296631336212158e-01,-7.484258711338043213e-02,-1.208300292491912842e-01,9.903658628463745117e-01,-6.764273345470428467e-02,0.000000000000000000e+00
-1.865219324827194214e-01,-1.329208016395568848e-01,4.438860714435577393e-02,5.525679588317871094e-01,-5.575877428054809570e-01,-6.194873452186584473e-01,0.000000000000000000e+00
-2.475499063730239868e-01,9.047881513833999634e-02,-1.884920150041580200e-02,-4.883762001991271973e-01,8.366888165473937988e-01,-2.478719353675842285e-01,0.000000000000000000e+00
-2.867531180381774902e-01,-1.287984549999237061e-01,1.717242747545242310e-01,-4.429917335510253906e-01,3.468339145183563232e-01,8.267191648483276367e-01,0.000000000000000000e+00
1.438554823398590088e-01,-1.290522813796997070e-01,-8.407431840896606445e-02,3.980733156204223633e-01,9.111973047256469727e-01,-1.060997024178504944e-01,0.000000000000000000e+00
1.335102170705795288e-01,7.572660595178604126e-02,1.228000316768884659e-02,2.668767273426055908e-01,8.658235073089599609e-01,4.232333600521087646e-01,0.000000000000000000e+00
8.742415904998779297e-02,1.892186403274536133e-01,-5.722614750266075134e-02,7.736888527870178223e-01,5.708444714546203613e-01,-2.748493254184722900e-01,0.000000000000000000e+00
1.675556898117065430e-01,-4.189475625753402710e-02,-8.795371279120445251e-03,9.060794115066528320e-01,4.223211705684661865e-01,2.578624337911605835e-02,0.000000000000000000e+00
7.284621894359588623e-02,1.336451768875122070e-01,-1.055834889411926270e-01,5.369557738304138184e-01,5.524716377258300781e-01,6.375371217727661133e-01,0.000000000000000000e+00
-9.575276821851730347e-02,1.327035725116729736e-01,3.595306351780891418e-02,-7.369694709777832031e-01,6.478028297424316406e-01,1.929444670677185059e-01,0.000000000000000000e+00
3.066334687173366547e-02,-7.425749301910400391e-02,2.366719841957092285e-01,-2.073318362236022949e-01,8.434508442878723145e-01,4.955846369266510010e-01,0.000000000000000000e+00
-1.487374026328325272e-02,2.191913872957229614e-01,1.134313866496086121e-01,9.323385357856750488e-01,1.594927906990051270e-02,3.612346351146697998e-01,0.000000000000000000e+00
-1.167036145925521851e-01,1.012053992599248886e-02,-1.519076526165008545e-01,-1.366599798202514648e-01,-4.954327344894409180e-01,-8.578289151191711426e-01,0.000000000000000000e+00
2.025946043431758881e-02,2.705090641975402832e-01,5.859595164656639099e-02,-8.990564346313476562e-01,2.007256895303726196e-01,3.891101479530334473e-01,0.000000000000000000e+00
1.338572353124618530e-01,1.408836990594863892e-01,2.198494784533977509e-02,9.988453388214111328e-01,-1.080188900232315063e-02,-4.681102186441421509e-02,0.000000000000000000e+00
-8.840186148881912231e-02,2.555915713310241699e-01,2.780935168266296387e-02,-3.481779694557189941e-01,7.185506224632263184e-01,-6.020441055297851562e-01,0.000000000000000000e+00
6.965897232294082642e-02,1.519258618354797363e-01,2.359479218721389771e-01,6.865779310464859009e-02,9.303557276725769043e-01,3.601727187633514404e-01,0.000000000000000000e+00
9.721425175666809082e-02,-2.197767049074172974e-01,-5.168484523892402649e-02,-3.889953494071960449e-01,-9.060035943984985352e-01,1.668536961078643799e-01,0.000000000000000000e+00
1.561935842037200928e-01,-2.170749008655548096e-01,-3.971355035901069641e-03,-3.987255990505218506e-01,-7.079589962959289551e-01,5.829339027404785156e-01,0.000000000000000000e+00
-2.354537844657897949e-01,1.029618605971336365e-01,8.408406749367713928e-03,-3.584560155868530273e-01,9.059150815010070801e-01,2.254486829042434692e-01,0.000000000000000000e+00
-1.484658271074295044e-01,4.970493167638778687e-02,-1.711949706077575684e-01,-4.083814322948455811e-01,-8.979113698005676270e-01,-1.642553359270095825e-01,0.000000000000000000e+00
-1.918919943273067474e-02,2.252108752727508545e-01,1.243882626295089722e-01,9.705584049224853516e-01,2.257090955972671509e-01,8.409427106380462646e-02,0.000000000000000000e+00
5.458353459835052490e-02,-5.103994533419609070e-02,1.625960916280746460e-01,-1.995214074850082397e-01,9.791714549064636230e-01,-3.760911896824836731e-02,0.000000000000000000e+00
-1.875895820558071136e-02,2.280692309141159058e-01,1.784709282219409943e-02,8.448065072298049927e-02,9.127008914947509766e-01,-3.998000919818878174e-01,0.000000000000000000e+00
-4.912394285202026367e-02,-1.785486340522766113e-01,-9.514449536800384521e-02,-8.345407247543334961e-01,2.356731593608856201e-01,4.979959130287170410e-01,0.000000000000000000e+00
-7.703186571598052979e-02,1.520621031522750854e-01,1.127874553203582764e-01,-9.264008402824401855e-01,1.639036387205123901e-01,-3.389942049980163574e-01,0.000000000000000000e+00
-2.504796981811523438e-01,-1.084570363163948059e-01,1.702699810266494751e-01,-3.685443401336669922e-01,6.623234748840332031e-01,6.523056626319885254e-01,0.000000000000000000e+00
-3.376342356204986572e-03,-2.471020966768264771e-01,-1.410860568284988403e-01,3.465740010142326355e-02,-9.843495488166809082e-01,1.727856546640396118e-01,0.000000000000000000e+00
2.311483770608901978e-01,-1.528733223676681519e-01,-5.984289571642875671e-02,7.683113813400268555e-01,6.107823848724365234e-01,-1.914221495389938354e-01,0.000000000000000000e+00
-4.071530699729919434e-02,-2.339043766260147095e-01,-1.182044893503189087e-01,-5.901616811752319336e-01,-8.072849512100219727e-01,-5.038639064878225327e-04,0.000000000000000000e+00
-8.835052698850631714e-02,1.500305682420730591e-01,-1.279251128435134888e-01,-1.204866543412208557e-02,9.634867310523986816e-01,2.674849033355712891e-01,0.000000000000000000e+00
2.681331709027290344e-02,-1.671067178249359131e-01,4.746301099658012390e-02,4.942383170127868652e-01,-1.729092001914978027e-01,-8.519570827484130859e-01,0.000000000000000000e+00
1.186122223734855652e-01,-1.936576366424560547e-01,-2.334862798452377319e-01,8.556913137435913086e-01,1.435578614473342896e-01,4.971755445003509521e-01,0.000000000000000000e+00
-2.121960371732711792e-01,3.438015654683113098e-02,-1.282612830400466919e-01,-4.717453122138977051e-01,3.235056102275848389e-01,-8.202441930770874023e-01,0.000000000000000000e+00
6.419763714075088501e-02,-9.558307379484176636e-02,2.473890036344528198e-01,4.423322081565856934e-01,-1.596162095665931702e-02,8.967092037200927734e-01,0.000000000000000000e+00
2.212355136871337891e-01,-3.035816177725791931e-02,1.876909732818603516e-01,8.825302720069885254e-01,4.575579464435577393e-01,1.085404604673385620e-01,0.000000000000000000e+00
-2.179985344409942627e-01,-1.609880924224853516e-01,5.182715132832527161e-02,1.762782186269760132e-01,-8.289391398429870605e-01,-5.308350920677185059e-01,0.000000000000000000e+00
6.414975970983505249e-02,5.242221057415008545e-02,2.361241430044174194e-01,-2.373955696821212769e-01,-8.872573971748352051e-01,3.954967558383941650e-01,0.000000000000000000e+00
-9.420025348663330078e-02,1.680354773998260498e-01,-2.233049422502517700e-01,-9.285714626312255859e-01,2.797065079212188721e-01,-2.439658790826797485e-01,0.000000000000000000e+00
7.605530321598052979e-02,-1.140254512429237366e-01,4.837279766798019409e-02,-3.909382224082946777e-01,-9.142636060714721680e-01,-1.062516197562217712e-01,0.000000000000000000e+00
1.117388084530830383e-01,-1.029869541525840759e-01,-2.704808413982391357e-01,8.534104228019714355e-01,-4.654634594917297363e-01,-2.345941513776779175e-01,0.000000000000000000e+00
-1.496366113424301147e-01,1.270403116941452026e-01,-5.204347148537635803e-02,7.519401609897613525e-02,9.134098291397094727e-01,-4.000354409217834473e-01,0.000000000000000000e+00
-1.011894270777702332e-01,1.097306236624717712e-01,-2.767192721366882324e-01,2.201929315924644470e-02,9.554831981658935547e-01,-2.942226827144622803e-01,0.000000000000000000e+00
4.537582769989967346e-02,-1.833760440349578857e-01,1.018636822700500488e-01,8.844017386436462402e-01,-4.642774760723114014e-01,4.774894565343856812e-02,0.000000000000000000e+00
1.633489727973937988e-01,-2.973594516515731812e-02,-1.419453602284193039e-02,3.674433231353759766e-01,5.560012459754943848e-01,7.455521225929260254e-01,0.000000000000000000e+00
-7.093854248523712158e-02,1.489747464656829834e-01,2.099731415510177612e-01,-4.428891241550445557e-01,5.647334456443786621e-01,6.963658332824707031e-01,0.000000000000000000e+00
-1.975952647626399994e-02,3.735215589404106140e-02,1.506668180227279663e-01,-3.135421872138977051e-01,-8.927452564239501953e-01,3.235695362091064453e-01,0.000000000000000000e+00
-3.830686584115028381e-02,1.709943860769271851e-01,-2.784350812435150146e-01,-5.594161152839660645e-02,2.443341761827468872e-01,-9.680761098861694336e-01,0.000000000000000000e+00
1.149609014391899109e-01,-6.564801931381225586e-02,-2.446608394384384155e-01,7.438728809356689453e-01,6.490201354026794434e-01,1.594554185867309570e-01,0.000000000000000000e+00
-8.098430186510086060e-02,-5.604404956102371216e-02,8.570487797260284424e-02,3.988115191459655762e-01,-3.665359318256378174e-01,8.405954837799072266e-01,0.000000000000000000e+00
2.357332259416580200e-01,-1.196375265717506409e-01,1.727275103330612183e-01,6.944010853767395020e-01,-1.903892755508422852e-01,6.939445734024047852e-01,0.000000000000000000e+00
-6.159097701311111450e-02,2.387485653162002563e-01,1.466505825519561768e-01,4.452511668205261230e-01,2.599556446075439453e-01,8.568398356437683105e-01,0.000000000000000000e+00
6.460796296596527100e-02,-2.499235123395919800e-01,-2.232568114995956421e-01,2.591291368007659912e-01,-9.327504634857177734e-01,2.506565451622009277e-01,0.000000000000000000e+00
-5.681228265166282654e-02,-1.589135825634002686e-01,1.324350237846374512e-01,-9.269350767135620117e-01,-6.170361861586570740e-02,3.701135516166687012e-01,0.000000000000000000e+00
1.457081455737352371e-02,1.735703796148300171e-01,-7.628785073757171631e-02,-2.241152673959732056e-01,7.027773261070251465e-01,-6.751861572265625000e-01,0.000000000000000000e+00
1.600710749626159668e-01,-1.042896807193756104e-01,-6.366584450006484985e-02,7.800974845886230469e-01,-6.196707487106323242e-01,-8.634865283966064453e-02,0.000000000000000000e+00
4.386170953512191772e-02,-3.643766790628433228e-02,-2.517672777175903320e-01,-4.967506229877471924e-01,8.228888511657714844e-01,-2.758491337299346924e-01,0.000000000000000000e+00
1.734824478626251221e-01,-1.764890700578689575e-01,1.334177237004041672e-02,4.995262324810028076e-01,9.730093926191329956e-02,8.608170747756958008e-01,0.000000000000000000e+00
-1.418784707784652710e-01,-1.247303467243909836e-02,1.187411695718765259e-01,5.602525081485509872e-03,3.065975010395050049e-01,9.518227577209472656e-01,0.000000000000000000e+00
1.256036758422851562e-01,6.682351231575012207e-02,-7.733809202909469604e-02,9.711263775825500488e-01,1.628614962100982666e-01,1.743263304233551025e-01,0.000000000000000000e+00
-1.411676108837127686e-01,1.472419649362564087e-01,-2.220765352249145508e-01,1.150010451674461365e-01,6.379348635673522949e-01,-7.614551186561584473e-01,0.000000000000000000e+00
-7.359959930181503296e-02,7.285634987056255341e-03,-2.496465295553207397e-01,4.177953004837036133e-01,-8.986268043518066406e-01,1.338541954755783081e-01,0.000000000000000000e+00
1.419302821159362793e-02,2.795155346393585205e-01,4.191645607352256775e-02,-7.231467962265014648e-01,6.251655817031860352e-01,2.936438322067260742e-01,0.000000000000000000e+00
7.280897349119186401e-02,-1.509615480899810791e-01,-1.113309618085622787e-02,-8.889209628105163574e-01,-2.542112767696380615e-01,3.810461759567260742e-01,0.000000000000000000e+00
-2.364985346794128418e-01,-8.567135035991668701e-02,-3.656017407774925232e-02,-7.237063050270080566e-01,-1.274445466697216034e-02,-6.899904012680053711e-01,0.000000000000000000e+00
-4.179120063781738281e-03,-8.279383182525634766e-02,-1.332310438156127930e-01,-9.847047328948974609e-01,-3.864092752337455750e-02,-1.698924005031585693e-01,0.000000000000000000e+00
3.816406428813934326e-02,2.420462369918823242e-01,1.310243755578994751e-01,-4.657418727874755859e-01,6.966266632080078125e-01,-5.457066893577575684e-01,0.000000000000000000e+00
-1.579729765653610229e-01,1.267482340335845947e-01,-1.167533472180366516e-01,1.501655578613281250e-01,2.037850320339202881e-01,9.674305915832519531e-01,0.000000000000000000e+00
9.475503116846084595e-02,2.904749102890491486e-02,-1.994269192218780518e-01,8.082858920097351074e-01,-9.897516667842864990e-02,-5.804117918014526367e-01,0.000000000000000000e+00
-1.256633400917053223e-01,-1.385444104671478271e-01,3.329221531748771667e-02,3.499351143836975098e-01,-9.042509794235229492e-01,2.446948289871215820e-01,0.000000000000000000e+00
-9.607765823602676392e-02,1.323841065168380737e-01,4.367133136838674545e-03,-3.648195862770080566e-01,9.297516345977783203e-01,-4.968438297510147095e-02,0.000000000000000000e+00
1.604371070861816406e-01,6.071832776069641113e-02,5.679724738001823425e-02,2.389690577983856201e-01,9.165654778480529785e-01,3.206268250942230225e-01,0.000000000000000000e+00
7.589186728000640869e-02,2.040001302957534790e-01,1.065525114536285400e-01,4.289233088493347168e-01,9.597550332546234131e-02,-8.982279896736145020e-01,0.000000000000000000e+00
3.714844211935997009e-02,-5.538396909832954407e-02,-2.621889412403106689e-01,-7.014327049255371094e-01,4.138663709163665771e-01,-5.802643895149230957e-01,0.000000000000000000e+00
2.842949936166405678e-03,8.728466182947158813e-02,-2.019245773553848267e-01,7.660967707633972168e-01,-2.280969321727752686e-01,-6.008889675140380859e-01,0.000000000000000000e+00
-2.016569823026657104e-01,1.220348179340362549e-01,2.747236005961894989e-02,-6.266633868217468262e-01,6.889048814773559570e-01,3.642842769622802734e-01,0.000000000000000000e+00
-2.782602310180664062e-01,-9.861624240875244141e-02,1.149841994047164917e-01,-7.451153397560119629e-01,4.814354181289672852e-01,-4.615441858768463135e-01,0.000000000000000000e+00
-1.626666039228439331e-01,-1.129840500652790070e-02,1.190775260329246521e-01,8.622635006904602051e-01,8.268706500530242920e-02,4.996643960475921631e-01,0.000000000000000000e+00
3.806086629629135132e-02,3.335394337773323059e-02,-2.008959054946899414e-01,-2.611799836158752441e-01,3.490522801876068115e-01,-8.999708294868469238e-01,0.000000000000000000e+00
1.889394521713256836e-01,9.802718460559844971e-02,1.120936200022697449e-01,4.365865588188171387e-01,5.578894019126892090e-01,-7.057985663414001465e-01,0.000000000000000000e+00
2.092438787221908569e-01,-4.810173064470291138e-02,2.096351534128189087e-01,-1.412534266710281372e-01,6.287163496017456055e-01,7.646981477737426758e-01,0.000000000000000000e+00
-2.287650853395462036e-01,-8.145109564065933228e-02,1.571027338504791260e-01,2.338776737451553345e-01,6.732460856437683105e-01,7.014562487602233887e-01,0.000000000000000000e+00
4.670743644237518311e-02,-2.396556735038757324e-01,-1.960497051477432251e-01,-3.612177073955535889e-01,-9.236357808113098145e-01,1.281355470418930054e-01,0.000000000000000000e+00
1.507066339254379272e-01,7.065279781818389893e-02,9.553054347634315491e-03,2.714206576347351074e-01,3.447008728981018066e-01,8.986167907714843750e-01,0.000000000000000000e+00
-6.021608412265777588e-02,-2.084631025791168213e-01,-1.407392472028732300e-01,-9.636761546134948730e-01,-1.895659975707530975e-02,-2.663999497890472412e-01,0.000000000000000000e+00
-1.173257902264595032e-01,1.252480447292327881e-01,-2.351215481758117676e-01,2.258161455392837524e-01,3.632359802722930908e-01,-9.039174318313598633e-01,0.000000000000000000e+00
-3.575283661484718323e-02,-2.833065763115882874e-02,-1.379240155220031738e-01,-3.523341715335845947e-01,-4.541236162185668945e-01,-8.183106780052185059e-01,0.000000000000000000e+00
-3.102639317512512207e-02,1.623078286647796631e-01,-1.223179772496223450e-01,-8.044478297233581543e-02,9.583425521850585938e-01,2.740586996078491211e-01,0.000000000000000000e+00
-2.407964169979095459e-01,-1.624823063611984253e-01,1.660543233156204224e-01,3.201833739876747131e-02,-8.708459138870239258e-01,4.905122518539428711e-01,0.000000000000000000e+00
4.743900895118713379e-02,2.768349647521972656e-01,7.970517128705978394e-02,8.162186145782470703e-01,3.807512521743774414e-01,-4.345291852951049805e-01,0.000000000000000000e+00
-2.053030207753181458e-02,1.787391453981399536e-01,-4.212951287627220154e-02,-5.563868284225463867e-01,7.303774952888488770e-01,-3.962100446224212646e-01,0.000000000000000000e+00
-1.723111979663372040e-02,9.469587355852127075e-02,-2.391282618045806885e-01,4.327350556850433350e-01,-7.840611338615417480e-01,-4.449589848518371582e-01,0.000000000000000000e+00
9.873268008232116699e-02,-2.261686772108078003e-01,-2.027889192104339600e-01,8.859517574310302734e-01,-4.509170949459075928e-01,1.084586605429649353e-01,0.000000000000000000e+00
-9.086644649505615234e-02,6.459917128086090088e-02,1.084382534027099609e-01,-5.404811501502990723e-01,-4.509021043777465820e-01,7.103290557861328125e-01,0.000000000000000000e+00
2.075523138046264648e-01,-6.100282445549964905e-02,8.472601324319839478e-02,9.067574143409729004e-01,2.741860747337341309e-01,-3.203326463699340820e-01,0.000000000000000000e+00
1.620335131883621216e-01,-1.532218158245086670e-01,1.501367539167404175e-01,7.303246110677719116e-02,-9.914543628692626953e-01,-1.080949306488037109e-01,0.000000000000000000e+00
-1.438069939613342285e-01,7.656031847000122070e-02,-2.244118005037307739e-01,-6.404669880867004395e-01,-1.498308628797531128e-01,-7.532281875610351562e-01,0.000000000000000000e+00
6.028147041797637939e-02,1.602310538291931152e-01,-1.070702672004699707e-01,7.961196303367614746e-01,-9.200826287269592285e-02,5.981037020683288574e-01,0.000000000000000000e+00
1.709231883287429810e-01,-2.031185179948806763e-01,-1.105920970439910889e-01,3.004472143948078156e-02,-5.106537342071533203e-01,-8.592613339424133301e-01,0.000000000000000000e+00
1.417980194091796875e-01,1.773266494274139404e-01,7.225703448057174683e-02,7.727315425872802734e-01,3.695370852947235107e-01,5.160700082778930664e-01,0.000000000000000000e+00
-2.687330842018127441e-01,-9.394546598196029663e-02,1.489465683698654175e-01,-9.931613206863403320e-01,7.888355106115341187e-02,8.606971055269241333e-02,0.000000000000000000e+00
-1.050435155630111694e-01,1.784229725599288940e-01,5.091480538249015808e-02,-3.245988786220550537e-01,-6.436363458633422852e-01,-6.930857300758361816e-01,0.000000000000000000e+00
2.194026112556457520e-01,-2.334919422864913940e-01,-5.329301953315734863e-02,6.850099563598632812e-01,-7.223823666572570801e-01,9.447278827428817749e-02,0.000000000000000000e+00
7.177662104368209839e-02,-1.317604780197143555e-01,-2.457096725702285767e-01,-8.833871036767959595e-02,-3.163871169090270996e-01,-9.445080757141113281e-01,0.000000000000000000e+00
6.058344617486000061e-02,-2.488285154104232788e-01,-2.150215357542037964e-01,2.591291368007659912e-01,-9.327504634857177734e-01,2.506565451622009277e-01,0.000000000000000000e+00
1.055042222142219543e-01,8.229810744524002075e-02,2.323336005210876465e-01,8.014631271362304688e-01,-3.245137035846710205e-01,5.023422241210937500e-01,0.000000000000000000e+00
1.536265462636947632e-01,8.158323913812637329e-02,4.220672126393765211e-04,2.291091233491897583e-01,7.287437319755554199e-01,6.453228592872619629e-01,0.000000000000000000e+00
-1.086279824376106262e-01,1.546690613031387329e-01,-1.629939973354339600e-01,5.836383700370788574e-01,7.967416644096374512e-01,-1.567450314760208130e-01,0.000000000000000000e+00
-1.764959841966629028e-01,-1.034171432256698608e-01,1.328869163990020752e-01,6.985781788825988770e-01,3.054447770118713379e-01,6.470641493797302246e-01,0.000000000000000000e+00
-2.166493088006973267e-01,7.694324851036071777e-02,7.551068812608718872e-02,-6.429373621940612793e-01,5.338898301124572754e-01,5.491750240325927734e-01,0.000000000000000000e+00
9.403343498706817627e-02,-1.611333340406417847e-01,1.537623070180416107e-02,-5.825610160827636719e-01,-5.177563428878784180e-01,6.265388727188110352e-01,0.000000000000000000e+00
1.206986531615257263e-01,-1.533730328083038330e-01,3.784321621060371399e-02,-2.949617207050323486e-01,-6.206538677215576172e-01,7.264890670776367188e-01,0.000000000000000000e+00
2.502848953008651733e-02,7.007407397031784058e-02,2.195857167243957520e-01,-6.678066253662109375e-01,-6.419066190719604492e-01,3.768159449100494385e-01,0.000000000000000000e+00
-2.319483309984207153e-01,-8.470477908849716187e-02,-4.800439625978469849e-02,-8.825458884239196777e-01,-4.679424464702606201e-01,-4.628783091902732849e-02,0.000000000000000000e+00
2.008725404739379883e-01,-5.514017306268215179e-03,6.837230920791625977e-02,8.112079501152038574e-01,-5.250434875488281250e-01,-2.574314177036285400e-01,0.000000000000000000e+00
5.849969387054443359e-02,8.816190063953399658e-02,-1.728267818689346313e-01,8.413833379745483398e-01,2.400359362363815308e-01,-4.842073917388916016e-01,0.000000000000000000e+00
4.046967253088951111e-03,2.437160909175872803e-02,1.299593895673751831e-01,9.069070219993591309e-02,-9.746826887130737305e-01,2.043743878602981567e-01,0.000000000000000000e+00
-8.210118860006332397e-02,1.506817638874053955e-01,1.238002777099609375e-01,-8.824763894081115723e-01,1.319268047809600830e-01,-4.514762163162231445e-01,0.000000000000000000e+00
1.729766428470611572e-01,5.041667073965072632e-02,4.426277056336402893e-02,7.229954004287719727e-01,6.163392663002014160e-01,-3.120953440666198730e-01,0.000000000000000000e+00
-8.667616057209670544e-04,-7.300704717636108398e-02,1.847606748342514038e-01,-5.307440757751464844e-01,8.086212277412414551e-01,-2.538552284240722656e-01,0.000000000000000000e+00
-1.619015783071517944e-01,2.464701980352401733e-02,1.249774470925331116e-01,-8.955169320106506348e-01,7.541881501674652100e-02,4.385902285575866699e-01,0.000000000000000000e+00
1.203266754746437073e-01,2.940437523648142815e-03,-1.542734652757644653e-01,8.368182182312011719e-01,-4.125800430774688721e-01,-3.598790466785430908e-01,0.000000000000000000e+00
-2.303800284862518311e-01,3.939843270927667618e-03,8.681371808052062988e-02,-7.250049114227294922e-01,-1.810734421014785767e-01,6.645150780677795410e-01,0.000000000000000000e+00
1.215120777487754822e-01,1.942055225372314453e-01,6.078487262129783630e-02,1.881196498870849609e-01,9.586420655250549316e-01,-2.135800570249557495e-01,0.000000000000000000e+00
6.680545955896377563e-02,2.442349195480346680e-01,1.516191214323043823e-01,4.109404087066650391e-01,9.085741639137268066e-01,7.497335970401763916e-02,0.000000000000000000e+00
-6.063837185502052307e-02,-2.005158364772796631e-01,-1.124728471040725708e-01,-8.409847021102905273e-01,-2.963858246803283691e-01,4.526589810848236084e-01,0.000000000000000000e+00
-1.514360960572957993e-02,3.455924242734909058e-02,-1.920848637819290161e-01,1.940962076187133789e-01,-6.880361437797546387e-01,-6.992374062538146973e-01,0.000000000000000000e+00
-2.678637206554412842e-01,-3.112890757620334625e-02,1.257322169840335846e-02,-8.274314403533935547e-01,-3.726948797702789307e-02,5.603286623954772949e-01,0.000000000000000000e+00
1.599529385566711426e-01,-1.476675868034362793e-01,1.793542653322219849e-01,3.174563348293304443e-01,-7.675085067749023438e-01,5.569130182266235352e-01,0.000000000000000000e+00
3.446257906034588814e-03,1.824590116739273071e-01,-6.117698550224304199e-02,-3.615234196186065674e-01,7.000865340232849121e-01,-6.157756447792053223e-01,0.000000000000000000e+00
-3.404853865504264832e-02,1.209823861718177795e-01,-2.709607481956481934e-01,-8.816558867692947388e-02,-4.214707911014556885e-01,-9.025459289550781250e-01,0.000000000000000000e+00
1.219178810715675354e-01,-5.142272636294364929e-02,-1.864719688892364502e-01,3.974756971001625061e-02,1.756693571805953979e-01,9.836465120315551758e-01,0.000000000000000000e+00
-2.614160440862178802e-02,2.099142521619796753e-01,-2.429247200489044189e-01,8.093885332345962524e-02,8.034963607788085938e-01,-5.897817015647888184e-01,0.000000000000000000e+00
-6.174385547637939453e-02,-1.702446937561035156e-01,1.223109364509582520e-01,-8.798947930335998535e-01,2.445614486932754517e-01,4.074000716209411621e-01,0.000000000000000000e+00
2.344035059213638306e-01,-8.437137305736541748e-02,4.467179626226425171e-02,8.886387944221496582e-01,4.294161200523376465e-01,1.610057950019836426e-01,0.000000000000000000e+00
-1.756675913929939270e-02,1.506637632846832275e-01,2.039296329021453857e-01,2.846053838729858398e-01,7.196368575096130371e-01,6.333423852920532227e-01,0.000000000000000000e+00
1.150698214769363403e-01,7.853467762470245361e-02,-2.458044327795505524e-02,9.777702689170837402e-01,1.544503420591354370e-01,-1.418112516403198242e-01,0.000000000000000000e+00
1.014631539583206177e-01,-2.259528636932373047e-01,-1.717070639133453369e-01,6.546900272369384766e-01,2.873249948024749756e-01,-6.991604566574096680e-01,0.000000000000000000e+00
-3.158081322908401489e-02,1.678388267755508423e-01,-1.379517018795013428e-01,5.499291419982910156e-02,8.877971172332763672e-01,4.569377303123474121e-01,0.000000000000000000e+00
1.636430472135543823e-01,-1.087557971477508545e-01,-2.701437473297119141e-02,5.324743390083312988e-01,5.340465903282165527e-01,-6.567079424858093262e-01,0.000000000000000000e+00
-1.631589829921722412e-01,1.328332275152206421e-01,1.580327562987804413e-02,-3.763711452484130859e-02,9.992739558219909668e-01,5.912868771702051163e-03,0.000000000000000000e+00
1.826003044843673706e-01,-2.062400877475738525e-01,-1.103442385792732239e-01,-1.531043946743011475e-01,-3.277882635593414307e-01,-9.322627782821655273e-01,0.000000000000000000e+00
1.037796810269355774e-01,1.406175643205642700e-01,-5.947318673133850098e-02,9.298944473266601562e-01,-1.676860004663467407e-01,-3.273801207542419434e-01,0.000000000000000000e+00
7.531689107418060303e-02,1.711441949009895325e-02,1.676698625087738037e-01,-4.053093194961547852e-01,-7.832566499710083008e-01,4.714163541793823242e-01,0.000000000000000000e+00
-1.978505402803421021e-01,-1.241722181439399719e-01,5.226210691034793854e-03,-9.764665961265563965e-01,-1.629773527383804321e-01,-1.412491649389266968e-01,0.000000000000000000e+00
-4.103376530110836029e-03,1.986300572752952576e-02,1.197911277413368225e-01,-7.723791152238845825e-02,-7.812602519989013672e-01,6.194083690643310547e-01,0.000000000000000000e+00
-1.897811144590377808e-01,4.836639389395713806e-02,1.073780506849288940e-01,-4.488928318023681641e-01,4.350792467594146729e-01,7.805134654045104980e-01,0.000000000000000000e+00
-1.407522708177566528e-01,2.195517718791961670e-01,8.126436173915863037e-02,-9.340819120407104492e-01,-3.234288692474365234e-01,1.512770950794219971e-01,0.000000000000000000e+00
1.020909398794174194e-01,-2.666676044464111328e-01,-1.130083054304122925e-01,-6.507463455200195312e-01,-2.711096107959747314e-01,7.092452049255371094e-01,0.000000000000000000e+00
-2.737592719495296478e-02,-2.110348045825958252e-01,-8.001024276018142700e-02,-5.715936422348022461e-01,-4.148592352867126465e-01,7.079353928565979004e-01,0.000000000000000000e+00
2.338673733174800873e-02,8.849521726369857788e-02,2.492079138755798340e-01,-7.237838506698608398e-01,-6.307203173637390137e-01,2.798727750778198242e-01,0.000000000000000000e+00
-1.291926503181457520e-01,2.534265220165252686e-01,1.034711450338363647e-01,-8.221548795700073242e-01,5.354888439178466797e-01,1.931658834218978882e-01,0.000000000000000000e+00
9.790256619453430176e-02,2.038305252790451050e-01,1.526995599269866943e-01,8.510940074920654297e-01,-5.218272805213928223e-01,-5.775171518325805664e-02,0.000000000000000000e+00
-2.116300016641616821e-01,-5.299126729369163513e-02,-1.142107173800468445e-01,-7.990607023239135742e-01,-4.245348870754241943e-01,-4.257605969905853271e-01,0.000000000000000000e+00
-3.424926428124308586e-03,2.117092758417129517e-01,7.997896522283554077e-02,4.648241996765136719e-01,8.751460313796997070e-01,-1.343796849250793457e-01,0.000000000000000000e+00
1.699274480342864990e-01,-2.385246194899082184e-02,-2.409312501549720764e-02,7.896218895912170410e-01,2.901096940040588379e-01,5.406788587570190430e-01,0.000000000000000000e+00
3.603717684745788574e-02,6.413689255714416504e-02,2.256630510091781616e-01,-5.999525189399719238e-01,-7.319566607475280762e-01,3.229495286941528320e-01,0.000000000000000000e+00
-1.877523362636566162e-01,1.165663525462150574e-01,-7.023613899946212769e-02,-2.037242949008941650e-01,7.995309233665466309e-01,-5.650191903114318848e-01,0.000000000000000000e+00
9.659096598625183105e-02,-8.062329888343811035e-02,2.106783986091613770e-01,5.953251123428344727e-01,3.443165719509124756e-01,7.259711623191833496e-01,0.000000000000000000e+00
6.753284484148025513e-02,1.433809250593185425e-01,-9.332474321126937866e-02,7.953453063964843750e-01,5.817501544952392578e-01,-1.702722162008285522e-01,0.000000000000000000e+00
3.212011978030204773e-02,-9.555967897176742554e-02,2.516357004642486572e-01,-3.572756648063659668e-01,2.518085837364196777e-01,8.994145393371582031e-01,0.000000000000000000e+00
-5.126998573541641235e-02,-1.961104422807693481e-01,-9.130836278200149536e-02,-6.888449788093566895e-01,-1.844484806060791016e-01,7.010501623153686523e-01,0.000000000000000000e+00
6.377890706062316895e-02,2.206091433763504028e-01,8.212164789438247681e-02,5.738652944564819336e-01,-1.912218332290649414e-01,7.963120341300964355e-01,0.000000000000000000e+00
-8.521212637424468994e-02,1.445109583437442780e-02,-2.237325608730316162e-01,-1.485722213983535767e-01,-8.677973151206970215e-01,4.741878807544708252e-01,0.000000000000000000e+00
1.675653755664825439e-01,3.023897763341665268e-03,1.190488040447235107e-01,9.982732534408569336e-01,-3.040744923055171967e-02,-5.025814846158027649e-02,0.000000000000000000e+00
1.313129067420959473e-02,1.374046057462692261e-01,2.236778885126113892e-01,-9.188761711120605469e-01,3.727465569972991943e-01,1.293314248323440552e-01,0.000000000000000000e+00
1.747861057519912720e-01,2.503354102373123169e-02,1.543595641851425171e-01,8.373379111289978027e-01,-5.435150265693664551e-01,5.879303812980651855e-02,0.000000000000000000e+00
5.587158352136611938e-02,1.172698065638542175e-01,2.750878930091857910e-01,-8.315862715244293213e-02,3.304571211338043213e-01,9.401503801345825195e-01,0.000000000000000000e+00
-2.749226391315460205e-01,-1.235550120472908020e-01,1.219736710190773010e-01,-8.838613629341125488e-01,8.557318896055221558e-02,-4.598546624183654785e-01,0.000000000000000000e+00
1.451361626386642456e-01,3.812233731150627136e-02,-5.808825045824050903e-02,3.632117509841918945e-01,-9.197252988815307617e-01,1.489383876323699951e-01,0.000000000000000000e+00
-6.427145004272460938e-02,1.483732461929321289e-01,2.112103998661041260e-01,-8.787215687334537506e-03,3.955660760402679443e-01,9.183954596519470215e-01,0.000000000000000000e+00
-6.435449421405792236e-02,2.050595283508300781e-01,-2.360146492719650269e-01,-4.713107347488403320e-01,8.697937130928039551e-01,-1.460312455892562866e-01,0.000000000000000000e+00
-1.179241016507148743e-01,-3.493656637147068977e-03,-1.460383832454681396e-01,-8.458369225263595581e-02,-2.753086686134338379e-01,-9.576276540756225586e-01,0.000000000000000000e+00
1.050417572259902954e-01,-1.016825959086418152e-01,-2.442289739847183228e-01,7.816048264503479004e-01,-6.213616728782653809e-01,5.480518192052841187e-02,0.000000000000000000e+00
2.066951841115951538e-01,-2.381846904754638672e-01,-3.185115009546279907e-02,2.474255859851837158e-01,-9.507490992546081543e-01,1.866995096206665039e-01,0.000000000000000000e+00
-5.927620828151702881e-02,1.637505367398262024e-02,-2.519668638706207275e-01,6.553128957748413086e-01,-7.515017390251159668e-01,7.622475922107696533e-02,0.000000000000000000e+00
-5.996834859251976013e-02,-1.193741559982299805e-01,9.705891460180282593e-02,-9.387289285659790039e-01,3.272814154624938965e-01,1.080501154065132141e-01,0.000000000000000000e+00
1.955111324787139893e-01,-1.080612931400537491e-02,7.875235378742218018e-02,9.334256052970886230e-01,-1.223602220416069031e-01,3.372605144977569580e-01,0.000000000000000000e+00
6.177817285060882568e-02,-1.055114641785621643e-01,2.492014169692993164e-01,7.349910587072372437e-02,1.396368891000747681e-01,9.874712228775024414e-01,0.000000000000000000e+00
-2.466273754835128784e-01,7.628811057657003403e-03,-1.114764362573623657e-01,-2.828330099582672119e-01,5.590173006057739258e-01,-7.794261574745178223e-01,0.000000000000000000e+00
5.356613919138908386e-02,2.829454243183135986e-01,5.541649088263511658e-02,-2.410293556749820709e-03,9.672218561172485352e-01,2.539214193820953369e-01,0.000000000000000000e+00
1.161130666732788086e-01,-1.265378892421722412e-01,-2.116664648056030273e-01,6.360194087028503418e-01,-3.212670981884002686e-01,-7.016172409057617188e-01,0.000000000000000000e+00
-2.173939049243927002e-01,-1.037062928080558777e-01,1.741544902324676514e-01,-4.604323208332061768e-02,2.171236723661422729e-01,9.750576019287109375e-01,0.000000000000000000e+00
1.714231073856353760e-01,-5.490155145525932312e-02,2.167921811342239380e-01,1.705793081782758236e-03,4.892331957817077637e-01,8.721513152122497559e-01,0.000000000000000000e+00
-2.458275109529495239e-01,2.299726195633411407e-02,-9.741989523172378540e-02,-7.440533041954040527e-01,4.236962180584669113e-03,-6.681068539619445801e-01,0.000000000000000000e+00
-1.213853731751441956e-01,1.146302148699760437e-01,5.631832405924797058e-02,4.286312684416770935e-02,8.900135755538940430e-01,4.539147615432739258e-01,0.000000000000000000e+00
8.561531454324722290e-02,-2.176723331212997437e-01,-6.616744399070739746e-02,-3.627792000770568848e-01,-9.057382941246032715e-01,2.191561758518218994e-01,0.000000000000000000e+00
-5.572558566927909851e-02,1.427429914474487305e-01,2.168594449758529663e-01,-3.260035514831542969e-01,6.599319577217102051e-01,6.769132018089294434e-01,0.000000000000000000e+00
-1.061023920774459839e-01,-1.109585836529731750e-01,6.955716013908386230e-02,8.427376858890056610e-03,-4.485806226730346680e-01,8.937026262283325195e-01,0.000000000000000000e+00
8.066815882921218872e-02,2.358077466487884521e-01,1.570671796798706055e-01,4.956286549568176270e-01,7.036841511726379395e-01,5.090980529785156250e-01,0.000000000000000000e+00
2.210938036441802979e-01,-9.464929252862930298e-02,-1.427120529115200043e-02,-3.115830719470977783e-01,-6.895518898963928223e-01,-6.537845134735107422e-01,0.000000000000000000e+00
2.690210007131099701e-02,1.724635213613510132e-01,-8.258704096078872681e-02,-2.841185629367828369e-01,7.824118137359619141e-01,-5.541736483573913574e-01,0.000000000000000000e+00
-1.399300247430801392e-01,1.289170235395431519e-01,-2.383531033992767334e-01,-2.177096158266067505e-01,1.169932782649993896e-01,-9.689763188362121582e-01,0.000000000000000000e+00
2.381108887493610382e-02,2.512937188148498535e-01,6.694137305021286011e-02,-7.952079772949218750e-01,-8.406311273574829102e-02,6.004812121391296387e-01,0.000000000000000000e+00
1.088078916072845459e-01,7.386744022369384766e-02,-1.237117946147918701e-01,7.675443291664123535e-01,2.370405048131942749e-01,-5.955564975738525391e-01,0.000000000000000000e+00
2.251362055540084839e-02,2.005044072866439819e-01,-4.875222221016883850e-02,-3.925131857395172119e-01,8.634052276611328125e-01,-3.169618248939514160e-01,0.000000000000000000e+00
6.348504126071929932e-02,2.018360197544097900e-01,-6.787294894456863403e-02,-6.257134675979614258e-01,7.514183521270751953e-01,-2.094113379716873169e-01,0.000000000000000000e+00
2.272095233201980591e-01,-1.259948313236236572e-01,7.149387383833527565e-04,8.828231692314147949e-01,-3.675631880760192871e-01,-2.924389243125915527e-01,0.000000000000000000e+00
-7.935293018817901611e-02,1.360763460397720337e-01,9.632864594459533691e-02,-9.228089451789855957e-01,3.189227879047393799e-01,-2.161293178796768188e-01,0.000000000000000000e+00
-5.139955133199691772e-02,2.760467827320098877e-01,4.697317630052566528e-02,2.328648567199707031e-01,9.180395007133483887e-01,-3.209010362625122070e-01,0.000000000000000000e+00
1.389701813459396362e-01,7.580945268273353577e-03,-1.023028343915939331e-01,7.276924252510070801e-01,5.650226473808288574e-01,-3.888613283634185791e-01,0.000000000000000000e+00
1.186057105660438538e-01,5.621277540922164917e-02,-2.753526158630847931e-02,3.116323053836822510e-01,8.501658439636230469e-01,-4.243858754634857178e-01,0.000000000000000000e+00
3.048186190426349640e-02,3.331059589982032776e-02,1.623193770647048950e-01,-1.640766561031341553e-01,-8.529565930366516113e-01,4.955238103866577148e-01,0.000000000000000000e+00
-1.614683121442794800e-02,-2.463608384132385254e-01,-1.432449072599411011e-01,4.688872769474983215e-02,-9.945226311683654785e-01,-9.341397881507873535e-02,0.000000000000000000e+00
1.372606754302978516e-01,-2.290776818990707397e-01,-3.777753561735153198e-02,-5.331368446350097656e-01,-8.449230194091796875e-01,4.324578493833541870e-02,0.000000000000000000e+00
1.402554214000701904e-01,1.202279850840568542e-01,9.853163361549377441e-02,5.346588492393493652e-01,4.697799086570739746e-01,-7.024576663970947266e-01,0.000000000000000000e+00
-1.147150993347167969e-01,-1.251440793275833130e-01,-1.890444196760654449e-02,4.267335534095764160e-01,-8.943077921867370605e-01,-1.345810443162918091e-01,0.000000000000000000e+00
-9.145658463239669800e-02,1.880277693271636963e-01,2.217787504196166992e-02,-7.959449291229248047e-01,-2.166240364313125610e-01,-5.652837157249450684e-01,0.000000000000000000e+00
7.940027117729187012e-02,-9.833912551403045654e-02,-2.708696722984313965e-01,3.022901117801666260e-01,-2.556432485580444336e-01,-9.182958006858825684e-01,0.000000000000000000e+00
-1.214325502514839172e-01,-2.174064517021179199e-02,-1.416637450456619263e-01,-6.786622107028961182e-02,-2.158914804458618164e-01,-9.740560054779052734e-01,0.000000000000000000e+00
-1.551911607384681702e-02,-2.071945220232009888e-01,5.688441544771194458e-02,-1.752418875694274902e-01,-7.993422746658325195e-01,-5.747539997100830078e-01,0.000000000000000000e+00
2.057839483022689819e-01,-1.857282668352127075e-01,4.883357323706150055e-03,3.412638604640960693e-01,2.125556468963623047e-01,9.156194925308227539e-01,0.000000000000000000e+00
7.532147690653800964e-03,2.506098449230194092e-01,2.733246609568595886e-02,-9.969265460968017578e-01,7.817572355270385742e-02,-5.095578730106353760e-03,0.000000000000000000e+00
-9.895878285169601440e-02,1.821549385786056519e-01,3.678034618496894836e-02,-7.357723116874694824e-01,-3.331469297409057617e-01,-5.896204113960266113e-01,0.000000000000000000e+00
1.108256429433822632e-01,1.531001329421997070e-01,-4.311786592006683350e-02,8.358317017555236816e-01,-5.220857858657836914e-01,-1.697402447462081909e-01,0.000000000000000000e+00
-2.606101632118225098e-01,6.859559565782546997e-02,-7.980833761394023895e-03,-8.826017379760742188e-01,4.565505981445312500e-01,1.121414154767990112e-01,0.000000000000000000e+00
-1.324722468852996826e-01,2.308344095945358276e-01,1.162836253643035889e-01,-6.346325278282165527e-01,4.636497199535369873e-01,6.182802915573120117e-01,0.000000000000000000e+00
1.819975078105926514e-01,-1.907442659139633179e-01,-1.143738403916358948e-01,-3.176078945398330688e-02,7.702747732400894165e-02,-9.965229630470275879e-01,0.000000000000000000e+00
-1.915366053581237793e-01,1.321088224649429321e-01,-3.384088352322578430e-02,-1.165341734886169434e-01,9.921166896820068359e-01,-4.608941823244094849e-02,0.000000000000000000e+00
8.869346231222152710e-02,4.638625681400299072e-02,-2.004811614751815796e-01,6.930885910987854004e-01,3.896537423133850098e-01,-6.064636111259460449e-01,0.000000000000000000e+00
3.130601719021797180e-02,2.767335772514343262e-01,6.936027202755212784e-03,-3.028108179569244385e-01,5.640866160392761230e-01,-7.681874036788940430e-01,0.000000000000000000e+00
-7.048897445201873779e-02,2.029133588075637817e-01,-2.251035720109939575e-01,-5.448130369186401367e-01,8.169876933097839355e-01,1.889705210924148560e-01,0.000000000000000000e+00
8.438577502965927124e-02,-1.876583397388458252e-01,-1.898273453116416931e-02,-7.883871793746948242e-01,-4.050565063953399658e-01,4.630063176155090332e-01,0.000000000000000000e+00
2.130105532705783844e-02,-2.379568070173263550e-01,-2.571591734886169434e-01,-2.660424113273620605e-01,-9.464941620826721191e-01,-1.826751083135604858e-01,0.000000000000000000e+00
-1.165702641010284424e-01,-3.239607438445091248e-02,1.090240329504013062e-01,1.880822628736495972e-01,-1.516668796539306641e-01,9.703722000122070312e-01,0.000000000000000000e+00
-2.650659680366516113e-01,-1.110228449106216431e-01,1.637292057275772095e-01,-3.211740255355834961e-01,4.042355418205261230e-01,8.564116358757019043e-01,0.000000000000000000e+00
8.807929605245590210e-02,1.524190306663513184e-01,2.027512639760971069e-01,4.938770830631256104e-01,7.004110217094421387e-01,-5.152764916419982910e-01,0.000000000000000000e+00
1.049861535429954529e-01,-1.154765263199806213e-01,1.964192241430282593e-01,7.987384200096130371e-01,-2.454237192869186401e-01,5.493487715721130371e-01,0.000000000000000000e+00
-6.445340067148208618e-02,2.776756882667541504e-01,1.220845356583595276e-01,1.625350415706634521e-01,6.963008046150207520e-01,6.991047859191894531e-01,0.000000000000000000e+00
6.022004038095474243e-02,4.610857367515563965e-02,-1.981925815343856812e-01,-4.410062916576862335e-03,5.332543253898620605e-01,-8.459434509277343750e-01,0.000000000000000000e+00
-1.146822199225425720e-01,1.094382852315902710e-01,6.401929259300231934e-02,9.103692322969436646e-02,8.543775677680969238e-01,5.116162896156311035e-01,0.000000000000000000e+00
6.210166960954666138e-02,-1.625359207391738892e-01,-4.360810667276382446e-02,-4.805406630039215088e-01,-3.969121351838111877e-02,8.760737776756286621e-01,0.000000000000000000e+00
1.861781477928161621e-01,1.480679586529731750e-02,8.939204365015029907e-02,3.133777678012847900e-01,7.259412407875061035e-01,6.122121214866638184e-01,0.000000000000000000e+00
-2.475947737693786621e-01,-4.971937835216522217e-02,-7.118552178144454956e-02,-9.569764137268066406e-01,-1.616526693105697632e-01,-2.409658282995223999e-01,0.000000000000000000e+00
-1.057946085929870605e-01,2.597620487213134766e-01,4.160375893115997314e-02,-4.636509418487548828e-01,6.094843745231628418e-01,-6.430836319923400879e-01,0.000000000000000000e+00
2.031074166297912598e-01,8.867801725864410400e-02,1.570536196231842041e-01,9.346318840980529785e-01,-1.993851363658905029e-01,2.944636046886444092e-01,0.000000000000000000e+00
-1.965911686420440674e-01,-5.600317567586898804e-02,9.537728130817413330e-02,9.229747205972671509e-02,-2.380100823938846588e-02,9.954469799995422363e-01,0.000000000000000000e+00
-1.082327589392662048e-01,1.540356874465942383e-01,-1.746145784854888916e-01,4.024612307548522949e-01,9.146570563316345215e-01,3.778115659952163696e-02,0.000000000000000000e+00
-2.154064364731311798e-02,-7.381474226713180542e-02,9.798170626163482666e-02,-4.853121936321258545e-01,4.935999512672424316e-01,7.216863036155700684e-01,0.000000000000000000e+00
-2.449644058942794800e-01,8.954443782567977905e-02,-4.545841366052627563e-02,-8.820452690124511719e-01,4.315457940101623535e-01,-1.891148090362548828e-01,0.000000000000000000e+00
7.148677017539739609e-03,9.964642673730850220e-02,-1.997964978218078613e-01,8.799304366111755371e-01,-1.069901585578918457e-01,-4.628990590572357178e-01,0.000000000000000000e+00
6.828036159276962280e-02,-1.371330767869949341e-01,1.111808419227600098e-01,6.795949339866638184e-01,-7.226796150207519531e-01,-1.260354667901992798e-01,0.000000000000000000e+00
-2.044801712036132812e-01,-8.634798228740692139e-02,1.580844819545745850e-01,1.870350241661071777e-01,9.003104567527770996e-01,3.930127620697021484e-01,0.000000000000000000e+00
8.342104405164718628e-02,-1.573880761861801147e-01,-2.588745951652526855e-01,2.969315350055694580e-01,7.227670550346374512e-01,-6.240508556365966797e-01,0.000000000000000000e+00
-3.131177648901939392e-02,-2.152501046657562256e-01,8.118007332086563110e-02,-3.649604320526123047e-01,-9.166354537010192871e-01,-1.630439311265945435e-01,0.000000000000000000e+00
1.745818555355072021e-01,1.266566850244998932e-02,9.887770563364028931e-02,6.240392923355102539e-01,4.116099476814270020e-01,6.641929149627685547e-01,0.000000000000000000e+00
8.658699691295623779e-02,-1.296394616365432739e-01,1.190720424056053162e-01,3.238558769226074219e-01,-9.169499278068542480e-01,-2.330668270587921143e-01,0.000000000000000000e+00
-1.862786263227462769e-01,1.280937790870666504e-01,-2.174993157386779785e-01,-5.793001651763916016e-01,3.092076182365417480e-01,-7.541896104812622070e-01,0.000000000000000000e+00
-2.739163339138031006e-01,1.797129213809967041e-02,-4.382305592298507690e-02,-8.825005888938903809e-01,4.532693922519683838e-01,1.254575252532958984e-01,0.000000000000000000e+00
-7.229163497686386108e-02,-5.232337862253189087e-02,-1.232032403349876404e-01,1.688434779644012451e-01,-5.605511069297790527e-01,-8.107246160507202148e-01,0.000000000000000000e+00
