-1.771256029605865479e-01,2.273170202970504761e-01,9.285358786582946777e-01,-1.450288295745849609e-01,2.275794148445129395e-01,9.628988504409790039e-01,0.000000000000000000e+00
1.585227251052856445e-01,-2.735758721828460693e-01,-9.077157378196716309e-01,1.617382019758224487e-01,-2.954255342483520508e-01,-9.415755271911621094e-01,0.000000000000000000e+00
6.683882474899291992e-01,-2.902036309242248535e-01,-6.010707020759582520e-01,7.319846153259277344e-01,-3.176179230213165283e-01,-6.027581095695495605e-01,0.000000000000000000e+00
3.149184286594390869e-01,-8.786737322807312012e-01,8.451221138238906860e-02,3.769405484199523926e-01,-9.260008931159973145e-01,2.093267440795898438e-02,0.000000000000000000e+00
3.469898402690887451e-01,7.771289348602294922e-01,-4.619789719581604004e-01,4.197858572006225586e-01,7.638263106346130371e-01,-4.902542531490325928e-01,0.000000000000000000e+00
7.157592177391052246e-01,6.284759044647216797e-01,-1.015576347708702087e-01,7.653877735137939453e-01,6.384795904159545898e-01,-8.077970147132873535e-02,0.000000000000000000e+00
-2.817366719245910645e-01,3.964842259883880615e-01,8.466963768005371094e-01,-2.990535497665405273e-01,2.549698948860168457e-01,9.195418953895568848e-01,0.000000000000000000e+00
-3.921718895435333252e-01,1.974411606788635254e-01,8.696745634078979492e-01,-3.015647232532501221e-01,1.443055719137191772e-01,9.424620270729064941e-01,0.000000000000000000e+00
-4.825281798839569092e-01,-8.128483891487121582e-01,1.955233216285705566e-01,-4.533858001232147217e-01,-8.755593299865722656e-01,1.668447852134704590e-01,0.000000000000000000e+00
6.400250792503356934e-01,-3.568332493305206299e-01,-5.979696512222290039e-01,7.012389898300170898e-01,-3.173260986804962158e-01,-6.384105086326599121e-01,0.000000000000000000e+00
9.131354093551635742e-01,2.221783846616744995e-01,-1.252936869859695435e-01,9.736757278442382812e-01,2.278401851654052734e-01,6.663114298135042191e-03,0.000000000000000000e+00
5.618370175361633301e-01,-6.256597638130187988e-01,-4.211649596691131592e-01,5.726044774055480957e-01,-6.871886849403381348e-01,-4.470971226692199707e-01,0.000000000000000000e+00
5.416544675827026367e-01,-7.483097314834594727e-01,1.690042018890380859e-01,6.056659817695617676e-01,-7.772408127784729004e-01,1.704857498407363892e-01,0.000000000000000000e+00
6.297750025987625122e-02,-7.486571669578552246e-01,-5.892800092697143555e-01,8.560794591903686523e-02,-7.552841305732727051e-01,-6.497824192047119141e-01,0.000000000000000000e+00
-1.448877304792404175e-01,9.688563942909240723e-01,-6.442104279994964600e-02,-1.617947071790695190e-01,9.867473840713500977e-01,-1.233083102852106094e-02,0.000000000000000000e+00
7.307434678077697754e-01,5.927728414535522461e-01,2.256293594837188721e-02,8.044536113739013672e-01,5.327253341674804688e-01,2.627890706062316895e-01,0.000000000000000000e+00
-2.657050639390945435e-02,2.075674682855606079e-01,9.421390295028686523e-01,-9.113628417253494263e-03,2.370792925357818604e-01,9.714475274085998535e-01,0.000000000000000000e+00
6.658454537391662598e-01,1.683435589075088501e-01,-6.669523715972900391e-01,6.916691660881042480e-01,2.057657837867736816e-01,-6.922819018363952637e-01,0.000000000000000000e+00
2.111907750368118286e-01,7.466484308242797852e-01,5.785028934478759766e-01,2.187635302543640137e-01,8.437547683715820312e-01,4.901228249073028564e-01,0.000000000000000000e+00
3.439318537712097168e-01,-6.082390546798706055e-01,6.410704255104064941e-01,3.620475828647613525e-01,-5.708168148994445801e-01,7.369462251663208008e-01,0.000000000000000000e+00
-2.117819041013717651e-01,-3.616062998771667480e-01,-8.745070099830627441e-01,-2.069150954484939575e-01,-3.790814876556396484e-01,-9.019331336021423340e-01,0.000000000000000000e+00
-2.604753375053405762e-01,8.518323302268981934e-01,4.015267491340637207e-01,-3.131147325038909912e-01,7.320516109466552734e-01,6.050286293029785156e-01,0.000000000000000000e+00
6.021372675895690918e-01,-3.565044701099395752e-01,6.324808597564697266e-01,6.412136554718017578e-01,-4.138727784156799316e-01,6.461845040321350098e-01,0.000000000000000000e+00
2.569960057735443115e-01,3.742615580558776855e-01,8.552799820899963379e-01,3.168319165706634521e-01,3.602765500545501709e-01,8.773929476737976074e-01,0.000000000000000000e+00
1.733852475881576538e-01,3.621682822704315186e-01,-8.808897137641906738e-01,1.942902356386184692e-01,4.494785368442535400e-01,-8.719061613082885742e-01,0.000000000000000000e+00
5.583992600440979004e-01,2.688381969928741455e-01,7.293022871017456055e-01,6.435264945030212402e-01,2.734989523887634277e-01,7.148929834365844727e-01,0.000000000000000000e+00
3.938255012035369873e-01,-7.957583069801330566e-01,3.153849542140960693e-01,4.155241250991821289e-01,-8.443235158920288086e-01,3.383156955242156982e-01,0.000000000000000000e+00
-1.905499696731567383e-01,-1.924825012683868408e-01,-9.349152445793151855e-01,-1.599026769399642944e-01,-1.578502655029296875e-01,-9.744303226470947266e-01,0.000000000000000000e+00
-8.677612543106079102e-01,2.067076861858367920e-01,4.129088222980499268e-01,-8.725619316101074219e-01,2.108355462551116943e-01,4.406632184982299805e-01,0.000000000000000000e+00
-8.722099661827087402e-01,5.733666196465492249e-02,4.302333593368530273e-01,-8.598415255546569824e-01,1.608654856681823730e-01,4.845563769340515137e-01,0.000000000000000000e+00
2.444580346345901489e-01,-1.265225708484649658e-01,9.153696894645690918e-01,2.563526630401611328e-01,-1.379712671041488647e-01,9.566855430603027344e-01,0.000000000000000000e+00
7.854316234588623047e-01,-2.295592427253723145e-01,-4.710959792137145996e-01,8.244107365608215332e-01,-2.753416299819946289e-01,-4.945037066936492920e-01,0.000000000000000000e+00
6.712250113487243652e-01,-5.894903540611267090e-01,2.847883105278015137e-01,7.662798762321472168e-01,-5.179033875465393066e-01,3.802515864372253418e-01,0.000000000000000000e+00
5.047875642776489258e-01,-6.641380190849304199e-01,-4.350643455982208252e-01,5.438007116317749023e-01,-6.935186386108398438e-01,-4.725596904754638672e-01,0.000000000000000000e+00
3.948561847209930420e-01,-3.538624644279479980e-01,-7.925836443901062012e-01,4.475282430648803711e-01,-3.890725076198577881e-01,-8.051962852478027344e-01,0.000000000000000000e+00
-6.907954216003417969e-01,2.302828580141067505e-01,6.536715626716613770e-01,-6.775814294815063477e-01,3.929362893104553223e-01,6.216787695884704590e-01,0.000000000000000000e+00
-7.833802103996276855e-01,-5.423541665077209473e-01,-2.352952808141708374e-01,-8.059166669845581055e-01,-5.005013346672058105e-01,-3.162225484848022461e-01,0.000000000000000000e+00
-4.571123421192169189e-01,8.724440336227416992e-01,8.120126090943813324e-03,-4.311149418354034424e-01,9.022687077522277832e-01,-7.150628603994846344e-03,0.000000000000000000e+00
-1.614435203373432159e-02,9.031807184219360352e-01,3.783328831195831299e-01,-3.193948045372962952e-02,9.280748367309570312e-01,3.710215985774993896e-01,0.000000000000000000e+00
-5.813405513763427734e-01,1.684514135122299194e-01,7.655992507934570312e-01,-5.498232245445251465e-01,1.371382921934127808e-01,8.239462971687316895e-01,0.000000000000000000e+00
1.841427832841873169e-01,-9.085012674331665039e-01,-1.446069329977035522e-01,2.385814189910888672e-01,-9.634191989898681641e-01,-1.220753118395805359e-01,0.000000000000000000e+00
-6.376362442970275879e-01,-6.849157214164733887e-01,2.286728173494338989e-01,-7.021210193634033203e-01,-6.768918633460998535e-01,2.210055291652679443e-01,0.000000000000000000e+00
5.252473354339599609e-01,-2.302972078323364258e-01,-7.561299800872802734e-01,5.444667339324951172e-01,-2.641881704330444336e-01,-7.960908412933349609e-01,0.000000000000000000e+00
3.286081552505493164e-01,2.071275264024734497e-01,-8.822245001792907715e-01,3.384138941764831543e-01,2.179725617170333862e-01,-9.154037237167358398e-01,0.000000000000000000e+00
-1.320795714855194092e-01,8.568972945213317871e-01,4.473767578601837158e-01,-1.442669630050659180e-01,7.898119091987609863e-01,5.961410999298095703e-01,0.000000000000000000e+00
-6.831350922584533691e-01,6.881408095359802246e-01,-8.104337751865386963e-02,-8.224871754646301270e-01,5.681417584419250488e-01,-2.701482176780700684e-02,0.000000000000000000e+00
2.111692875623703003e-01,6.706175804138183594e-01,-6.710370779037475586e-01,3.259560465812683105e-01,6.507447957992553711e-01,-6.857724189758300781e-01,0.000000000000000000e+00
-4.977060854434967041e-01,-7.841829657554626465e-01,2.778300046920776367e-01,-5.732285976409912109e-01,-7.680807113647460938e-01,2.854137420654296875e-01,0.000000000000000000e+00
5.682249069213867188e-01,4.586372077465057373e-01,6.217533946037292480e-01,6.068282723426818848e-01,4.753057956695556641e-01,6.370587348937988281e-01,0.000000000000000000e+00
2.743993699550628662e-01,-7.615323662757873535e-01,-4.961899518966674805e-01,3.377425670623779297e-01,-8.674802780151367188e-01,-3.652504980564117432e-01,0.000000000000000000e+00
7.581333518028259277e-01,-4.147715270519256592e-01,-3.626194000244140625e-01,8.569012880325317383e-01,-4.081530570983886719e-01,-3.148512542247772217e-01,0.000000000000000000e+00
-5.907386541366577148e-03,5.999144315719604492e-01,7.703579664230346680e-01,-3.541180491447448730e-02,6.282141804695129395e-01,7.772341966629028320e-01,0.000000000000000000e+00
4.647450745105743408e-01,2.055499702692031860e-01,8.132334947586059570e-01,4.816462695598602295e-01,1.134082227945327759e-01,8.689967989921569824e-01,0.000000000000000000e+00
-7.576150298118591309e-01,-6.148802042007446289e-01,-5.402882397174835205e-02,-6.618924140930175781e-01,-7.490406036376953125e-01,-2.892270870506763458e-02,0.000000000000000000e+00
4.503208696842193604e-01,-7.687350511550903320e-01,3.055400252342224121e-01,4.658175408840179443e-01,-8.102354407310485840e-01,3.557141125202178955e-01,0.000000000000000000e+00
7.621847391128540039e-01,2.882056832313537598e-01,4.865624010562896729e-01,8.212502598762512207e-01,3.023738861083984375e-01,4.838574826717376709e-01,0.000000000000000000e+00
5.657481551170349121e-01,3.384416103363037109e-01,6.949563622474670410e-01,5.808952450752258301e-01,3.226509392261505127e-01,7.472999095916748047e-01,0.000000000000000000e+00
9.157241582870483398e-01,2.072441279888153076e-01,-1.466084420680999756e-01,9.722859859466552734e-01,2.288129627704620361e-01,-4.800637066364288330e-02,0.000000000000000000e+00
-2.759684622287750244e-01,-9.020448327064514160e-01,1.659622788429260254e-01,-2.804745435714721680e-01,-9.411782622337341309e-01,1.884608119726181030e-01,0.000000000000000000e+00
8.540793061256408691e-01,3.955761194229125977e-01,-8.999709039926528931e-02,9.439480304718017578e-01,3.171575665473937988e-01,9.150540828704833984e-02,0.000000000000000000e+00
3.437063992023468018e-01,7.678534984588623047e-01,4.635410308837890625e-01,3.001039624214172363e-01,9.240736365318298340e-01,2.366971671581268311e-01,0.000000000000000000e+00
3.387158215045928955e-01,-5.731700062751770020e-01,6.680250763893127441e-01,4.169122278690338135e-01,-4.603998363018035889e-01,7.837194800376892090e-01,0.000000000000000000e+00
-1.437254250049591064e-01,9.692841768264770508e-01,4.563939943909645081e-02,-1.096994355320930481e-01,9.939645528793334961e-01,-7.202780107036232948e-04,0.000000000000000000e+00
-4.123613834381103516e-01,-1.088677272200584412e-01,-8.807124495506286621e-01,-4.268366396427154541e-01,-1.485617458820343018e-01,-8.920425176620483398e-01,0.000000000000000000e+00
-9.113782644271850586e-01,-2.530227899551391602e-01,-2.529967129230499268e-01,-9.323670864105224609e-01,-2.613992691040039062e-01,-2.497238367795944214e-01,0.000000000000000000e+00
7.790763378143310547e-01,-3.329780399799346924e-01,-4.091444611549377441e-01,8.214071989059448242e-01,-3.709820806980133057e-01,-4.332003593444824219e-01,0.000000000000000000e+00
-8.139225244522094727e-01,-3.743414282798767090e-01,-4.093141257762908936e-01,-8.120142221450805664e-01,-4.476117491722106934e-01,-3.745352029800415039e-01,0.000000000000000000e+00
7.075605988502502441e-01,-5.877447724342346191e-01,-1.657914072275161743e-01,7.312826514244079590e-01,-6.547052860260009766e-01,-1.912764757871627808e-01,0.000000000000000000e+00
-6.402522325515747070e-01,-7.012352347373962402e-01,-7.381474971771240234e-02,-7.371026277542114258e-01,-6.693528294563293457e-01,-9.298662841320037842e-02,0.000000000000000000e+00
1.329846531152725220e-01,-7.596056461334228516e-01,-5.557365417480468750e-01,8.817085623741149902e-02,-8.345236182212829590e-01,-5.438715219497680664e-01,0.000000000000000000e+00
3.469673097133636475e-01,-8.552974462509155273e-01,-1.128522008657455444e-01,4.101802408695220947e-01,-9.028967022895812988e-01,-1.285680979490280151e-01,0.000000000000000000e+00
-8.917387723922729492e-01,3.688205033540725708e-02,3.988766968250274658e-01,-8.515601754188537598e-01,1.944652944803237915e-01,4.868557453155517578e-01,0.000000000000000000e+00
-8.685184121131896973e-01,-4.460762441158294678e-01,1.304795593023300171e-01,-8.408901691436767578e-01,-5.207282304763793945e-01,1.474646627902984619e-01,0.000000000000000000e+00
-6.497266888618469238e-01,3.987282812595367432e-01,-6.256679892539978027e-01,-6.602742075920104980e-01,4.076896309852600098e-01,-6.307353973388671875e-01,0.000000000000000000e+00
-5.394430160522460938e-01,6.301450133323669434e-01,-5.106062889099121094e-01,-6.626846194267272949e-01,5.595132112503051758e-01,-4.977892041206359863e-01,0.000000000000000000e+00
-6.859959363937377930e-01,3.982125222682952881e-01,-5.845317840576171875e-01,-6.756506562232971191e-01,4.230983853340148926e-01,-6.037250757217407227e-01,0.000000000000000000e+00
-9.578979611396789551e-01,-1.939763128757476807e-01,-2.714801020920276642e-02,-9.614312052726745605e-01,-2.652043402194976807e-01,-7.291534543037414551e-02,0.000000000000000000e+00
2.296610623598098755e-01,2.490045428276062012e-01,9.001993536949157715e-01,2.290646582841873169e-01,2.366221100091934204e-01,9.442136287689208984e-01,0.000000000000000000e+00
6.784147620201110840e-01,-3.399101495742797852e-01,-5.613399744033813477e-01,7.723423242568969727e-01,-2.823708653450012207e-01,-5.689938664436340332e-01,0.000000000000000000e+00
-7.811338305473327637e-01,-2.669518068432807922e-02,-6.027059555053710938e-01,-8.031442761421203613e-01,9.187547117471694946e-02,-5.886579155921936035e-01,0.000000000000000000e+00
4.519165754318237305e-01,3.418905660510063171e-02,8.392184376716613770e-01,5.102120637893676758e-01,2.471810206770896912e-02,8.596933484077453613e-01,0.000000000000000000e+00
-3.975468873977661133e-01,8.952296376228332520e-01,1.288193911314010620e-01,-3.888808190822601318e-01,9.187026619911193848e-01,6.897196173667907715e-02,0.000000000000000000e+00
8.250628709793090820e-01,-4.363317787647247314e-01,1.228131577372550964e-01,9.329950809478759766e-01,-3.412743806838989258e-01,1.142452582716941833e-01,0.000000000000000000e+00
-6.579355001449584961e-01,-6.169610619544982910e-01,-3.747348785400390625e-01,-6.640602946281433105e-01,-6.746734976768493652e-01,-3.222414553165435791e-01,0.000000000000000000e+00
-5.552328824996948242e-01,-2.023818343877792358e-01,-7.760462760925292969e-01,-5.024228692054748535e-01,-2.906572520732879639e-01,-8.143031597137451172e-01,0.000000000000000000e+00
-3.693309724330902100e-01,2.037263065576553345e-01,-8.742985129356384277e-01,-3.313580751419067383e-01,1.066047847270965576e-01,-9.374631643295288086e-01,0.000000000000000000e+00
-3.816525638103485107e-01,3.663036227226257324e-01,8.234520554542541504e-01,-4.879664480686187744e-01,4.535685479640960693e-01,7.457642555236816406e-01,0.000000000000000000e+00
2.418585419654846191e-01,-7.221493124961853027e-01,5.636038184165954590e-01,3.145433366298675537e-01,-7.484728693962097168e-01,5.838243365287780762e-01,0.000000000000000000e+00
-4.258445501327514648e-01,-7.278851866722106934e-01,-4.446429610252380371e-01,-2.371555715799331665e-01,-9.258108735084533691e-01,-2.943322360515594482e-01,0.000000000000000000e+00
-8.620024919509887695e-01,-3.621255159378051758e-01,-3.017016351222991943e-01,-8.534034490585327148e-01,-4.379155337810516357e-01,-2.827234268188476562e-01,0.000000000000000000e+00
-6.646292209625244141e-01,6.237593293190002441e-01,3.722558319568634033e-01,-6.842529177665710449e-01,6.263154149055480957e-01,3.735330104827880859e-01,0.000000000000000000e+00
6.541149020195007324e-01,-5.236468911170959473e-01,3.892514109611511230e-01,7.675815820693969727e-01,-3.194449245929718018e-01,5.556738376617431641e-01,0.000000000000000000e+00
8.324690461158752441e-01,1.564606577157974243e-01,4.339542388916015625e-01,8.370637893676757812e-01,1.512881219387054443e-01,5.257719159126281738e-01,0.000000000000000000e+00
-7.289969325065612793e-01,-3.829176127910614014e-01,-5.207579135894775391e-01,-7.426070570945739746e-01,-3.737357854843139648e-01,-5.557484626770019531e-01,0.000000000000000000e+00
6.245557069778442383e-01,-5.470075607299804688e-01,-4.451370239257812500e-01,6.904228925704956055e-01,-5.941592454910278320e-01,-4.126634001731872559e-01,0.000000000000000000e+00
-5.757163166999816895e-01,-4.840914905071258545e-01,5.825175046920776367e-01,-3.972662985324859619e-01,-7.537438869476318359e-01,5.234975218772888184e-01,0.000000000000000000e+00
-8.802966475486755371e-01,-3.001799285411834717e-01,-3.133167028427124023e-01,-9.077712893486022949e-01,-2.475668042898178101e-01,-3.386177420616149902e-01,0.000000000000000000e+00
1.604693979024887085e-01,3.230834901332855225e-01,8.945702910423278809e-01,1.824071705341339111e-01,3.422884941101074219e-01,9.217191338539123535e-01,0.000000000000000000e+00
2.704455852508544922e-01,-8.579906225204467773e-01,-2.757261097431182861e-01,3.095275759696960449e-01,-9.247278571128845215e-01,-2.215199470520019531e-01,0.000000000000000000e+00
7.923272848129272461e-01,4.818911254405975342e-01,-2.234418243169784546e-01,8.583484292030334473e-01,4.534451961517333984e-01,-2.400528788566589355e-01,0.000000000000000000e+00
5.899208784103393555e-01,3.607267886400222778e-02,-7.508291602134704590e-01,5.904003977775573730e-01,2.389072813093662262e-02,-8.067568540573120117e-01,0.000000000000000000e+00
-5.531793236732482910e-01,6.871706247329711914e-01,4.414377212524414062e-01,-5.537761449813842773e-01,6.508491635322570801e-01,5.193527936935424805e-01,0.000000000000000000e+00
-6.558122634887695312e-01,5.716992020606994629e-01,4.599312543869018555e-01,-6.897709965705871582e-01,5.041309595108032227e-01,5.196806192398071289e-01,0.000000000000000000e+00
-8.809663057327270508e-01,-3.412946760654449463e-01,2.735603749752044678e-01,-9.132256507873535156e-01,-3.215825855731964111e-01,2.502070963382720947e-01,0.000000000000000000e+00
7.377815246582031250e-01,1.728237420320510864e-02,-6.042075157165527344e-01,7.982421517372131348e-01,-5.896891653537750244e-02,-5.994431972503662109e-01,0.000000000000000000e+00
5.623503923416137695e-01,-6.623994559049606323e-02,7.574452161788940430e-01,6.609168052673339844e-01,-1.034603342413902283e-01,7.432932853698730469e-01,0.000000000000000000e+00
4.326949119567871094e-01,2.850993275642395020e-01,-8.085207939147949219e-01,4.494920670986175537e-01,2.386472523212432861e-01,-8.608161211013793945e-01,0.000000000000000000e+00
-2.990982532501220703e-01,8.835648894309997559e-01,-3.111728429794311523e-01,-1.945917755365371704e-01,9.357274174690246582e-01,-2.941908538341522217e-01,0.000000000000000000e+00
-1.896811872720718384e-01,-5.266272425651550293e-01,7.659485936164855957e-01,-2.231865972280502319e-01,-3.284838497638702393e-01,9.177614450454711914e-01,0.000000000000000000e+00
5.578498840332031250e-01,4.495280981063842773e-01,6.379932761192321777e-01,6.086485981941223145e-01,4.185472428798675537e-01,6.740660667419433594e-01,0.000000000000000000e+00
8.450546860694885254e-01,-1.004204228520393372e-01,-4.122193753719329834e-01,8.477911949157714844e-01,-2.991823554039001465e-01,-4.378812611103057861e-01,0.000000000000000000e+00
9.071375131607055664e-01,2.347487807273864746e-01,1.162968873977661133e-01,9.624853134155273438e-01,2.694775760173797607e-01,3.168433532118797302e-02,0.000000000000000000e+00
-5.785031318664550781e-01,6.014689803123474121e-01,-4.905552864074707031e-01,-6.326540112495422363e-01,5.211535096168518066e-01,-5.728419423103332520e-01,0.000000000000000000e+00
7.741956710815429688e-01,5.051853656768798828e-01,-2.459875643253326416e-01,8.656394481658935547e-01,4.423727393150329590e-01,-2.344669401645660400e-01,0.000000000000000000e+00
3.071595132350921631e-01,-1.773978918790817261e-01,8.845800161361694336e-01,4.135792553424835205e-01,-1.435005664825439453e-01,8.990883231163024902e-01,0.000000000000000000e+00
-8.600151538848876953e-01,-2.081881165504455566e-01,4.203483164310455322e-01,-8.818266987800598145e-01,-1.893332749605178833e-01,4.318965077400207520e-01,0.000000000000000000e+00
1.112446859478950500e-01,9.288699626922607422e-01,-2.737873792648315430e-01,1.287117004394531250e-01,9.260190129280090332e-01,-3.548550307750701904e-01,0.000000000000000000e+00
-9.052011966705322266e-01,-3.127708137035369873e-01,2.203766405582427979e-01,-9.170029163360595703e-01,-3.156728148460388184e-01,2.438367307186126709e-01,0.000000000000000000e+00
7.166456580162048340e-01,-5.901292562484741211e-01,1.533924043178558350e-01,7.127101421356201172e-01,-6.712859869003295898e-01,2.035176455974578857e-01,0.000000000000000000e+00
7.349997758865356445e-01,5.570479482412338257e-02,6.014590859413146973e-01,7.349581122398376465e-01,5.946493893861770630e-02,6.755002140998840332e-01,0.000000000000000000e+00
-6.405195593833923340e-01,6.750042438507080078e-01,-3.038749694824218750e-01,-8.143273591995239258e-01,5.168000459671020508e-01,-2.641754746437072754e-01,0.000000000000000000e+00
9.485912322998046875e-02,2.463584952056407928e-02,9.556950926780700684e-01,4.474132135510444641e-02,-1.803440973162651062e-02,9.988358020782470703e-01,0.000000000000000000e+00
-8.780947923660278320e-01,2.038545161485671997e-01,3.906051814556121826e-01,-9.277886748313903809e-01,5.913504213094711304e-02,3.683899939060211182e-01,0.000000000000000000e+00
-3.607610166072845459e-01,-3.015496185980737209e-04,9.015457034111022949e-01,-3.175795972347259521e-01,-2.418241091072559357e-02,9.479231834411621094e-01,0.000000000000000000e+00
-8.545019030570983887e-01,2.607926726341247559e-01,4.056832492351531982e-01,-8.379567861557006836e-01,2.373914420604705811e-01,4.913997948169708252e-01,0.000000000000000000e+00
7.606134414672851562e-01,3.015572428703308105e-01,4.806446433067321777e-01,8.127776384353637695e-01,3.162319660186767578e-01,4.892748594284057617e-01,0.000000000000000000e+00
-5.339542031288146973e-01,-4.296598434448242188e-01,6.803299188613891602e-01,-3.712088465690612793e-01,-6.099498867988586426e-01,7.001178860664367676e-01,0.000000000000000000e+00
-8.371076583862304688e-01,-4.606683552265167236e-01,-2.230268418788909912e-01,-8.381758332252502441e-01,-4.885275661945343018e-01,-2.424915134906768799e-01,0.000000000000000000e+00
-1.018156111240386963e-01,-7.388734072446823120e-02,-9.556648135185241699e-01,6.752945482730865479e-03,4.708642140030860901e-02,-9.988679885864257812e-01,0.000000000000000000e+00
2.551203072071075439e-01,7.949316501617431641e-01,-5.020876526832580566e-01,2.615454792976379395e-01,7.752974629402160645e-01,-5.748980641365051270e-01,0.000000000000000000e+00
2.277031093835830688e-01,-3.138585090637207031e-01,8.680247068405151367e-01,2.539961338043212891e-01,-3.300490677356719971e-01,9.091499447822570801e-01,0.000000000000000000e+00
-2.756389677524566650e-01,7.096458673477172852e-01,6.207798719406127930e-01,-2.825948297977447510e-01,7.326254844665527344e-01,6.191930770874023438e-01,0.000000000000000000e+00
8.707823753356933594e-01,2.187906950712203979e-01,2.996056377887725830e-01,9.188878536224365234e-01,2.500272989273071289e-01,3.051745295524597168e-01,0.000000000000000000e+00
5.943684577941894531e-01,1.878446340560913086e-02,-7.468106746673583984e-01,6.060164570808410645e-01,-9.484044462442398071e-02,-7.897779941558837891e-01,0.000000000000000000e+00
-5.512903332710266113e-01,1.619312316179275513e-01,7.874664068222045898e-01,-7.357199788093566895e-01,-8.953095972537994385e-02,6.713421344757080078e-01,0.000000000000000000e+00
-2.937546670436859131e-01,4.631590843200683594e-01,8.114172816276550293e-01,-3.405266404151916504e-01,3.149469792842864990e-01,8.859176039695739746e-01,0.000000000000000000e+00
8.940948545932769775e-02,-4.023887217044830322e-01,8.522995114326477051e-01,4.439735412597656250e-02,-6.239384412765502930e-01,7.802113294601440430e-01,0.000000000000000000e+00
-8.054565638303756714e-02,7.951295375823974609e-01,-5.655634999275207520e-01,-5.602537840604782104e-02,8.159407377243041992e-01,-5.754144787788391113e-01,0.000000000000000000e+00
-4.104544222354888916e-01,7.009071111679077148e-01,5.532791614532470703e-01,-4.488182067871093750e-01,6.723456978797912598e-01,5.886539816856384277e-01,0.000000000000000000e+00
6.645547151565551758e-01,5.757871270179748535e-01,-3.830237090587615967e-01,7.109500765800476074e-01,5.980249643325805664e-01,-3.700218200683593750e-01,0.000000000000000000e+00
2.679069526493549347e-02,-4.336380362510681152e-01,-8.386512994766235352e-01,-1.679089367389678955e-01,-4.181804060935974121e-01,-8.927103281021118164e-01,0.000000000000000000e+00
7.562375664710998535e-01,-2.905653119087219238e-01,-4.812966883182525635e-01,7.546152472496032715e-01,-3.600679636001586914e-01,-5.485497713088989258e-01,0.000000000000000000e+00
-2.225496619939804077e-01,4.267562925815582275e-01,8.484337925910949707e-01,-2.592226862907409668e-01,3.963847756385803223e-01,8.807284832000732422e-01,0.000000000000000000e+00
-6.892405450344085693e-02,1.402659565210342407e-01,9.571914076805114746e-01,-8.011407405138015747e-02,1.717824488878250122e-01,9.818719625473022461e-01,0.000000000000000000e+00
-9.424774646759033203e-01,-1.648315191268920898e-01,-2.096124738454818726e-01,-9.677308797836303711e-01,-1.713997870683670044e-01,-1.847134381532669067e-01,0.000000000000000000e+00
6.396085023880004883e-01,-1.690731793642044067e-01,6.693073511123657227e-01,7.169685959815979004e-01,-2.191338688135147095e-01,6.617676019668579102e-01,0.000000000000000000e+00
8.933784812688827515e-02,-9.366484284400939941e-01,-4.845909029245376587e-02,1.050692200660705566e-01,-9.943448305130004883e-01,-1.545321568846702576e-02,0.000000000000000000e+00
-5.192137360572814941e-01,5.600261688232421875e-01,-5.894889235496520996e-01,-5.417954921722412109e-01,5.738182067871093750e-01,-6.141582131385803223e-01,0.000000000000000000e+00
-2.025378644466400146e-01,1.549818832427263260e-02,-9.469620585441589355e-01,-1.886477023363113403e-01,-6.006510183215141296e-02,-9.802061915397644043e-01,0.000000000000000000e+00
-5.389131307601928711e-01,-7.160059809684753418e-01,3.559809327125549316e-01,-5.038896799087524414e-01,-7.729257941246032715e-01,3.855915665626525879e-01,0.000000000000000000e+00
2.293913662433624268e-01,-8.706679344177246094e-01,2.842271327972412109e-01,2.805163860321044922e-01,-9.028235077857971191e-01,3.259145915508270264e-01,0.000000000000000000e+00
-4.360336363315582275e-01,8.298240303993225098e-01,-2.968890666961669922e-01,-4.678746461868286133e-01,8.269571065902709961e-01,-3.118257522583007812e-01,0.000000000000000000e+00
-2.160377502441406250e-01,-6.452866792678833008e-01,6.740088462829589844e-01,-1.560210138559341431e-01,-6.490714550018310547e-01,7.445560097694396973e-01,0.000000000000000000e+00
-6.162781715393066406e-01,4.798637628555297852e-01,5.966621041297912598e-01,-5.971696972846984863e-01,5.583479404449462891e-01,5.758783817291259766e-01,0.000000000000000000e+00
-8.049358129501342773e-01,5.639389753341674805e-01,-1.554199010133743286e-01,-8.000881671905517578e-01,5.786541700363159180e-01,-1.581715196371078491e-01,0.000000000000000000e+00
8.732988834381103516e-01,3.422128558158874512e-01,1.191345602273941040e-01,9.395031929016113281e-01,3.425347208976745605e-01,1.920437905937433243e-03,0.000000000000000000e+00
-7.782049775123596191e-01,2.107316404581069946e-01,5.502659082412719727e-01,-8.204007148742675781e-01,1.708356291055679321e-01,5.456719994544982910e-01,0.000000000000000000e+00
-5.169555544853210449e-01,-4.305542707443237305e-01,-7.044934630393981934e-01,-4.750980436801910400e-01,-5.020525455474853516e-01,-7.226514220237731934e-01,0.000000000000000000e+00
2.809764072299003601e-02,1.807932555675506592e-01,-9.448853135108947754e-01,-1.173677891492843628e-01,1.531478166580200195e-01,-9.812087416648864746e-01,0.000000000000000000e+00
5.848518610000610352e-01,-4.611051976680755615e-01,-5.801767110824584961e-01,6.391342878341674805e-01,-5.444834232330322266e-01,-5.431805849075317383e-01,0.000000000000000000e+00
3.273750841617584229e-01,-5.433362126350402832e-01,6.907278895378112793e-01,4.667868614196777344e-01,-3.646930754184722900e-01,8.056730031967163086e-01,0.000000000000000000e+00
-6.475340127944946289e-01,3.191297948360443115e-01,6.588429808616638184e-01,-6.597816944122314453e-01,3.245302736759185791e-01,6.777670383453369141e-01,0.000000000000000000e+00
-5.443449616432189941e-01,8.181899785995483398e-01,5.451914668083190918e-02,-5.247774720191955566e-01,8.500180840492248535e-01,4.558423534035682678e-02,0.000000000000000000e+00
-1.102752704173326492e-02,-1.379890274256467819e-02,-9.412119388580322266e-01,-3.447173163294792175e-02,-5.576372519135475159e-02,-9.978487491607666016e-01,0.000000000000000000e+00
5.563445091247558594e-01,-7.054702639579772949e-01,2.800776958465576172e-01,5.948722958564758301e-01,-7.613158226013183594e-01,2.579248547554016113e-01,0.000000000000000000e+00
-7.199219614267349243e-02,-8.224906325340270996e-01,4.752886891365051270e-01,-7.525040209293365479e-02,-8.603049516677856445e-01,5.041951537132263184e-01,0.000000000000000000e+00
5.753813982009887695e-01,5.809428095817565918e-01,4.966221749782562256e-01,6.691147089004516602e-01,5.913689136505126953e-01,4.500758945941925049e-01,0.000000000000000000e+00
7.978419065475463867e-01,2.028530538082122803e-01,4.721582233905792236e-01,8.495029211044311523e-01,2.318505644798278809e-01,4.739093184471130371e-01,0.000000000000000000e+00
-2.182389050722122192e-01,-9.314806461334228516e-01,-4.679222032427787781e-02,-2.696560323238372803e-01,-9.627876281738281250e-01,-1.804423332214355469e-02,0.000000000000000000e+00
1.895835436880588531e-02,9.115062355995178223e-01,-3.419196903705596924e-01,7.781121879816055298e-02,9.325500726699829102e-01,-3.525560498237609863e-01,0.000000000000000000e+00
8.797819018363952637e-01,-3.232029974460601807e-01,-7.416415214538574219e-02,9.006512761116027832e-01,-4.190226495265960693e-01,-1.150968447327613831e-01,0.000000000000000000e+00
5.308473706245422363e-01,7.899758219718933105e-01,-1.628684848546981812e-01,5.898098349571228027e-01,7.921617031097412109e-01,-1.568572521209716797e-01,0.000000000000000000e+00
7.309239506721496582e-01,4.832413792610168457e-01,3.671288490295410156e-01,7.672241926193237305e-01,4.723942875862121582e-01,4.338325560092926025e-01,0.000000000000000000e+00
-4.780704677104949951e-01,3.130242824554443359e-01,7.931002974510192871e-01,-4.278269410133361816e-01,3.100001513957977295e-01,8.490371108055114746e-01,0.000000000000000000e+00
-9.052175879478454590e-01,-1.956141442060470581e-01,3.236563801765441895e-01,-9.047091603279113770e-01,-2.316738367080688477e-01,3.575312197208404541e-01,0.000000000000000000e+00
2.139846682548522949e-01,-9.004471898078918457e-01,1.817266941070556641e-01,2.573286890983581543e-01,-9.514199495315551758e-01,1.690620630979537964e-01,0.000000000000000000e+00
2.604665756225585938e-01,-4.959260225296020508e-01,-7.743826508522033691e-01,3.023188710212707520e-01,-6.046878695487976074e-01,-7.368554472923278809e-01,0.000000000000000000e+00
-2.993087470531463623e-01,-4.807457923889160156e-01,-7.879784107208251953e-01,-3.160441219806671143e-01,-4.554160535335540771e-01,-8.322934508323669434e-01,0.000000000000000000e+00
-7.880505919456481934e-01,4.695504903793334961e-02,-5.826348662376403809e-01,-7.737364768981933594e-01,6.703890115022659302e-02,-6.299505233764648438e-01,0.000000000000000000e+00
2.377249896526336670e-01,7.712370753288269043e-01,5.214805006980895996e-01,2.007798254489898682e-01,9.034085273742675781e-01,3.788673877716064453e-01,0.000000000000000000e+00
7.534406781196594238e-01,-4.179800152778625488e-01,-3.711035847663879395e-01,8.612344861030578613e-01,-3.798952400684356689e-01,-3.375718593597412109e-01,0.000000000000000000e+00
3.692493736743927002e-01,-6.959431767463684082e-01,5.170190334320068359e-01,4.629431962966918945e-01,-7.078037261962890625e-01,5.335704684257507324e-01,0.000000000000000000e+00
8.782520890235900879e-01,-3.680790960788726807e-02,-3.595661818981170654e-01,9.532694816589355469e-01,9.981430135667324066e-03,-3.019563853740692139e-01,0.000000000000000000e+00
-5.073511227965354919e-02,8.520940542221069336e-01,-4.782563149929046631e-01,3.113350830972194672e-02,8.872364163398742676e-01,-4.602632820606231689e-01,0.000000000000000000e+00
-1.961710751056671143e-01,-1.732369065284729004e-01,9.271724820137023926e-01,-1.711454242467880249e-01,-2.351030409336090088e-01,9.567840695381164551e-01,0.000000000000000000e+00
5.365318059921264648e-01,-1.084848791360855103e-01,-7.829081416130065918e-01,6.248993277549743652e-01,-8.347479999065399170e-02,-7.762298583984375000e-01,0.000000000000000000e+00
7.780095338821411133e-01,-3.227350413799285889e-01,-4.199392199516296387e-01,8.214071989059448242e-01,-3.709820806980133057e-01,-4.332003593444824219e-01,0.000000000000000000e+00
-7.804203033447265625e-02,9.717698693275451660e-01,1.068484559655189514e-01,-8.082218468189239502e-02,9.954580068588256836e-01,5.031092092394828796e-02,0.000000000000000000e+00
1.298626214265823364e-01,8.083468675613403320e-01,4.902445375919342041e-01,1.966128796339035034e-01,8.559578657150268555e-01,4.782044589519500732e-01,0.000000000000000000e+00
2.557565867900848389e-01,-8.953017592430114746e-01,-8.511690050363540649e-02,2.965192198753356934e-01,-9.524739384651184082e-01,-6.978350877761840820e-02,0.000000000000000000e+00
-2.588394880294799805e-01,7.052120566368103027e-01,6.335978507995605469e-01,-2.696669101715087891e-01,7.355195283889770508e-01,6.215229630470275879e-01,0.000000000000000000e+00
5.744894221425056458e-02,9.706090688705444336e-01,8.652870357036590576e-02,5.933918431401252747e-02,9.980027675628662109e-01,2.166299894452095032e-02,0.000000000000000000e+00
-4.821312725543975830e-01,-6.468183994293212891e-01,-5.442476868629455566e-01,-4.380719363689422607e-01,-7.043418288230895996e-01,-5.585656166076660156e-01,0.000000000000000000e+00
3.251885175704956055e-01,4.227271378040313721e-01,-8.037914633750915527e-01,2.975083291530609131e-01,4.598341584205627441e-01,-8.366847038269042969e-01,0.000000000000000000e+00
-2.629284560680389404e-02,9.776359796524047852e-02,9.617916345596313477e-01,-1.782093197107315063e-02,-1.472110301256179810e-02,9.997327923774719238e-01,0.000000000000000000e+00
-2.588028013706207275e-01,-2.361471652984619141e-01,-9.077981114387512207e-01,-2.035536766052246094e-01,-2.459396719932556152e-01,-9.476705789566040039e-01,0.000000000000000000e+00
2.929233312606811523e-01,-3.308810591697692871e-01,-8.510705828666687012e-01,2.637673020362854004e-01,-3.281088769435882568e-01,-9.070674777030944824e-01,0.000000000000000000e+00
-3.607937097549438477e-01,-3.499885201454162598e-01,8.239281773567199707e-01,-4.345818161964416504e-01,-3.634077310562133789e-01,8.240591287612915039e-01,0.000000000000000000e+00
2.789019644260406494e-01,-8.771063685417175293e-01,-1.668726503849029541e-01,3.514896035194396973e-01,-9.215350151062011719e-01,-1.650099903345108032e-01,0.000000000000000000e+00
3.888341188430786133e-01,6.536994129419326782e-02,-8.731006979942321777e-01,4.696887731552124023e-01,1.278687119483947754e-01,-8.735227584838867188e-01,0.000000000000000000e+00
-8.466466069221496582e-01,4.020107910037040710e-02,-4.979003965854644775e-01,-8.626356720924377441e-01,3.249091282486915588e-02,-5.047811269760131836e-01,0.000000000000000000e+00
2.154919318854808807e-02,9.734802842140197754e-01,7.288221269845962524e-02,6.788843125104904175e-02,9.972130656242370605e-01,3.093899413943290710e-02,0.000000000000000000e+00
-8.303926587104797363e-01,4.934922754764556885e-01,-2.386092990636825562e-01,-8.046497702598571777e-01,5.306675434112548828e-01,-2.663281559944152832e-01,0.000000000000000000e+00
7.452359199523925781e-01,-5.683806538581848145e-01,7.026107050478458405e-03,7.515164613723754883e-01,-6.592928767204284668e-01,-2.357659861445426941e-02,0.000000000000000000e+00
-5.844511389732360840e-01,-7.173386812210083008e-01,2.769580185413360596e-01,-6.703118085861206055e-01,-7.112865447998046875e-01,2.115503847599029541e-01,0.000000000000000000e+00
-9.653611183166503906e-01,-1.534734368324279785e-01,2.969448827207088470e-02,-9.857137203216552734e-01,-9.312617778778076172e-02,-1.403423249721527100e-01,0.000000000000000000e+00
-6.445614099502563477e-01,-5.460322499275207520e-01,-4.902249574661254883e-01,-7.062751650810241699e-01,-5.196726918220520020e-01,-4.807449281215667725e-01,0.000000000000000000e+00
1.694465577602386475e-01,9.572123885154724121e-01,2.383690094575285912e-03,1.894716322422027588e-01,9.812607765197753906e-01,-3.503932058811187744e-02,0.000000000000000000e+00
-9.546847343444824219e-01,-1.617083549499511719e-01,-1.501899063587188721e-01,-9.658787250518798828e-01,-1.701112538576126099e-01,-1.952957510948181152e-01,0.000000000000000000e+00
7.539448738098144531e-01,-2.801834046840667725e-01,4.889118075370788574e-01,8.387110233306884766e-01,-3.365450799465179443e-01,4.281369745731353760e-01,0.000000000000000000e+00
-5.903129577636718750e-01,2.698235809803009033e-01,-7.336515188217163086e-01,-5.566765069961547852e-01,2.525051236152648926e-01,-7.914243340492248535e-01,0.000000000000000000e+00
8.993239402770996094e-01,2.272817343473434448e-01,-2.168658077716827393e-01,9.418510198593139648e-01,2.528369128704071045e-01,-2.213372290134429932e-01,0.000000000000000000e+00
-7.621979117393493652e-01,-5.110375285148620605e-01,-3.404481112957000732e-01,-8.058725595474243164e-01,-4.642245173454284668e-01,-3.675119578838348389e-01,0.000000000000000000e+00
4.024383425712585449e-01,-7.889150381088256836e-01,3.208107352256774902e-01,4.407754838466644287e-01,-8.279306888580322266e-01,3.467676043510437012e-01,0.000000000000000000e+00
7.706034183502197266e-01,-3.885603547096252441e-01,-3.647345602512359619e-01,8.005135059356689453e-01,-4.851540029048919678e-01,-3.518575429916381836e-01,0.000000000000000000e+00
3.088299632072448730e-01,-6.794393658638000488e-01,-5.893248319625854492e-01,3.827455639839172363e-01,-7.346610426902770996e-01,-5.601597428321838379e-01,0.000000000000000000e+00
5.625121667981147766e-02,9.716424345970153809e-01,4.220148921012878418e-02,5.933918431401252747e-02,9.980027675628662109e-01,2.166299894452095032e-02,0.000000000000000000e+00
6.757952570915222168e-01,5.434992909431457520e-01,-4.059459269046783447e-01,6.954004168510437012e-01,5.615063309669494629e-01,-4.484739899635314941e-01,0.000000000000000000e+00
6.567218303680419922e-01,-6.677623987197875977e-01,-1.717120781540870667e-02,6.280770301818847656e-01,-7.764770984649658203e-01,-5.101499333977699280e-02,0.000000000000000000e+00
-4.506257772445678711e-01,8.614294528961181641e-01,-1.425579935312271118e-01,-4.143469035625457764e-01,8.926708102226257324e-01,-1.773568242788314819e-01,0.000000000000000000e+00
-8.211039900779724121e-01,5.358346104621887207e-01,-1.694390177726745605e-01,-8.400346040725708008e-01,5.306016802787780762e-01,-1.131535470485687256e-01,0.000000000000000000e+00
-2.890114486217498779e-01,-4.046125710010528564e-01,-8.317031264305114746e-01,-2.753628790378570557e-01,-4.070549011230468750e-01,-8.709084987640380859e-01,0.000000000000000000e+00
2.025494873523712158e-01,1.438101083040237427e-01,9.331507682800292969e-01,1.724131554365158081e-01,2.142024934291839600e-01,9.614525437355041504e-01,0.000000000000000000e+00
1.997323334217071533e-01,5.248259305953979492e-01,-7.905178666114807129e-01,2.350787371397018433e-01,5.763579607009887695e-01,-7.826554179191589355e-01,0.000000000000000000e+00
-1.408375799655914307e-01,7.455226778984069824e-01,-6.159753203392028809e-01,-1.175832599401473999e-01,7.467550635337829590e-01,-6.546227931976318359e-01,0.000000000000000000e+00
-9.765900373458862305e-01,-9.128759056329727173e-02,-1.509110559709370136e-03,-9.973381757736206055e-01,-1.336010452359914780e-02,7.168069481849670410e-02,0.000000000000000000e+00
2.442575246095657349e-01,-9.023572802543640137e-01,-3.366361930966377258e-02,2.920983731746673584e-01,-9.492720961570739746e-01,-1.164516285061836243e-01,0.000000000000000000e+00
1.195608824491500854e-01,9.159377217292785645e-01,-3.060927689075469971e-01,1.417819708585739136e-01,9.305032491683959961e-01,-3.377300202846527100e-01,0.000000000000000000e+00
4.754205644130706787e-01,9.898542612791061401e-02,8.252308368682861328e-01,4.737975001335144043e-01,1.276512742042541504e-01,8.713329434394836426e-01,0.000000000000000000e+00
5.722402334213256836e-01,-5.901132822036743164e-01,4.562833905220031738e-01,6.466771364212036133e-01,-4.389553666114807129e-01,6.238003373146057129e-01,0.000000000000000000e+00
7.114387750625610352e-01,1.393835246562957764e-01,6.175976395606994629e-01,7.823669910430908203e-01,1.213654801249504089e-01,6.108783483505249023e-01,0.000000000000000000e+00
-5.649963393807411194e-02,-8.681287765502929688e-01,-3.911598324775695801e-01,-4.300167784094810486e-02,-9.458048939704895020e-01,-3.218757808208465576e-01,0.000000000000000000e+00
6.568746566772460938e-01,2.829050421714782715e-01,6.300216913223266602e-01,7.107849717140197754e-01,2.450615018606185913e-01,6.593402624130249023e-01,0.000000000000000000e+00
5.120570063591003418e-01,-4.904084801673889160e-01,6.022465229034423828e-01,4.240410625934600830e-01,-7.111524939537048340e-01,5.607595443725585938e-01,0.000000000000000000e+00
1.610901206731796265e-01,7.942197918891906738e-01,-5.384404063224792480e-01,1.936818361282348633e-01,8.523721098899841309e-01,-4.857459664344787598e-01,0.000000000000000000e+00
-2.240981906652450562e-01,2.128940224647521973e-01,-9.134166240692138672e-01,-1.115007624030113220e-01,3.020329773426055908e-01,-9.467542767524719238e-01,0.000000000000000000e+00
-7.258294820785522461e-01,1.619036644697189331e-01,-6.371820569038391113e-01,-6.880184412002563477e-01,2.040938436985015869e-01,-6.964024305343627930e-01,0.000000000000000000e+00
-2.129046618938446045e-01,8.711790442466735840e-01,-4.054761230945587158e-01,-2.962573766708374023e-01,8.422207236289978027e-01,-4.504396021366119385e-01,0.000000000000000000e+00
1.359482407569885254e-01,8.034943938255310059e-01,-5.335097312927246094e-01,2.005056142807006836e-01,8.120567202568054199e-01,-5.480523109436035156e-01,0.000000000000000000e+00
-3.603996336460113525e-01,-8.900372982025146484e-01,-5.868339166045188904e-02,-3.592388927936553955e-01,-9.209905862808227539e-01,-1.507440358400344849e-01,0.000000000000000000e+00
-8.920697122812271118e-02,-4.898682534694671631e-01,7.961537241935729980e-01,-6.843374669551849365e-02,-3.288574218750000000e-01,9.418967962265014648e-01,0.000000000000000000e+00
-8.492214977741241455e-02,4.779819548130035400e-01,8.432043194770812988e-01,-6.849507987499237061e-02,4.469263553619384766e-01,8.919446468353271484e-01,0.000000000000000000e+00
-9.163717627525329590e-01,-3.384658396244049072e-01,9.451317042112350464e-02,-9.182228446006774902e-01,-3.820759057998657227e-01,1.043301746249198914e-01,0.000000000000000000e+00
-3.174588084220886230e-01,7.155175209045410156e-01,-5.907030701637268066e-01,-3.665644824504852295e-01,7.333946824073791504e-01,-5.725056529045104980e-01,0.000000000000000000e+00
-2.387887090444564819e-01,-6.610972881317138672e-01,-6.506434082984924316e-01,5.907799303531646729e-02,-8.153900504112243652e-01,-5.758896470069885254e-01,0.000000000000000000e+00
-6.640423536300659180e-01,4.251610338687896729e-01,5.952375531196594238e-01,-6.232824325561523438e-01,3.057117164134979248e-01,7.197633981704711914e-01,0.000000000000000000e+00
-4.316373467445373535e-01,2.177109271287918091e-01,-8.465434908866882324e-01,-4.090355932712554932e-01,1.967560648918151855e-01,-8.910538554191589355e-01,0.000000000000000000e+00
1.701666116714477539e-01,-3.345680832862854004e-01,-8.867906332015991211e-01,1.152386441826820374e-01,-3.670657873153686523e-01,-9.230291247367858887e-01,0.000000000000000000e+00
-6.163339018821716309e-01,-6.622969508171081543e-01,3.306030929088592529e-01,-7.214064598083496094e-01,-5.904756188392639160e-01,3.618166446685791016e-01,0.000000000000000000e+00
-1.880677938461303711e-01,-5.816111564636230469e-01,7.309291362762451172e-01,-1.667679995298385620e-01,-5.833677649497985840e-01,7.949028015136718750e-01,0.000000000000000000e+00
2.929206192493438721e-01,-4.513161629438400269e-02,-9.165230393409729004e-01,2.779952883720397949e-01,6.029093265533447266e-02,-9.586884975433349609e-01,0.000000000000000000e+00
-1.142778098583221436e-01,-5.775001645088195801e-01,-7.376552224159240723e-01,5.279695615172386169e-02,-7.037185430526733398e-01,-7.085144519805908203e-01,0.000000000000000000e+00
9.139304161071777344e-01,-9.394507855176925659e-02,-2.246703505516052246e-01,9.653930664062500000e-01,-9.720433503389358521e-02,-2.420073747634887695e-01,0.000000000000000000e+00
-5.479349493980407715e-01,-3.925505876541137695e-01,6.964044570922851562e-01,-5.164852738380432129e-01,-3.766043186187744141e-01,7.690332531929016113e-01,0.000000000000000000e+00
-6.329910159111022949e-01,-6.198546886444091797e-01,-4.104771912097930908e-01,-5.882832407951354980e-01,-6.979227662086486816e-01,-4.084441661834716797e-01,0.000000000000000000e+00
-4.080170989036560059e-01,5.571848154067993164e-01,6.973804831504821777e-01,-4.231395721435546875e-01,5.193568468093872070e-01,7.424428462982177734e-01,0.000000000000000000e+00
-7.083503603935241699e-01,6.110563874244689941e-01,-2.641358673572540283e-01,-6.744028329849243164e-01,6.930486559867858887e-01,-2.546848952770233154e-01,0.000000000000000000e+00
-6.324713230133056641e-01,-5.508533120155334473e-01,-5.024315118789672852e-01,-6.923897862434387207e-01,-5.243790745735168457e-01,-4.956036508083343506e-01,0.000000000000000000e+00
3.092005252838134766e-01,5.111901164054870605e-01,7.626444697380065918e-01,3.686190247535705566e-01,4.656842350959777832e-01,8.045235872268676758e-01,0.000000000000000000e+00
-6.138938665390014648e-01,5.130083560943603516e-01,5.682619214057922363e-01,-6.227781176567077637e-01,5.250304937362670898e-01,5.800779461860656738e-01,0.000000000000000000e+00
8.847489356994628906e-01,-3.101664781570434570e-01,-7.747080177068710327e-02,9.330199956893920898e-01,-3.370626866817474365e-01,-1.259460598230361938e-01,0.000000000000000000e+00
8.845797181129455566e-01,-9.656881541013717651e-02,-3.231501579284667969e-01,9.231778383255004883e-01,-1.728361546993255615e-01,-3.433225452899932861e-01,0.000000000000000000e+00
-1.599967293441295624e-02,-8.433043956756591797e-01,4.437099397182464600e-01,5.492525920271873474e-02,-8.947683572769165039e-01,4.431397616863250732e-01,0.000000000000000000e+00
-6.739098429679870605e-01,-3.709951937198638916e-01,-5.918489098548889160e-01,-6.732305884361267090e-01,-3.425901234149932861e-01,-6.552805304527282715e-01,0.000000000000000000e+00
5.224938988685607910e-01,4.859828352928161621e-01,-6.422464251518249512e-01,5.878205299377441406e-01,4.793923497200012207e-01,-6.516517400741577148e-01,0.000000000000000000e+00
-2.996687591075897217e-01,-8.233487606048583984e-01,3.799403011798858643e-01,-2.000146061182022095e-01,-8.862785100936889648e-01,4.177374541759490967e-01,0.000000000000000000e+00
4.270138144493103027e-01,-5.049704313278198242e-01,6.498664617538452148e-01,4.132116734981536865e-01,-6.225291490554809570e-01,6.646153330802917480e-01,0.000000000000000000e+00
5.237686447799205780e-03,-2.488823980093002319e-01,9.233065843582153320e-01,4.994218423962593079e-02,-2.865998446941375732e-01,9.567477703094482422e-01,0.000000000000000000e+00
7.939860224723815918e-01,4.641528725624084473e-01,2.351621836423873901e-01,8.906057476997375488e-01,3.830392956733703613e-01,2.451577037572860718e-01,0.000000000000000000e+00
7.844249606132507324e-01,-1.660212278366088867e-01,4.925741553306579590e-01,8.299964666366577148e-01,-2.185391783714294434e-01,5.131729841232299805e-01,0.000000000000000000e+00
9.187767505645751953e-01,-4.238330200314521790e-02,2.880366705358028412e-02,9.383136034011840820e-01,-3.322173953056335449e-01,9.591265767812728882e-02,0.000000000000000000e+00
7.639973759651184082e-01,-4.053406119346618652e-01,3.106072247028350830e-01,7.992771267890930176e-01,-5.226054191589355469e-01,2.967147529125213623e-01,0.000000000000000000e+00
-7.607395648956298828e-01,2.372301667928695679e-01,-5.746753811836242676e-01,-7.935343980789184570e-01,2.143311649560928345e-01,-5.695307850837707520e-01,0.000000000000000000e+00
5.176751613616943359e-01,3.334587812423706055e-01,-7.342438697814941406e-01,5.640336871147155762e-01,3.261414766311645508e-01,-7.586156725883483887e-01,0.000000000000000000e+00
4.725096225738525391e-01,6.855654716491699219e-01,4.884041249752044678e-01,5.340170264244079590e-01,7.084129452705383301e-01,4.614942371845245361e-01,0.000000000000000000e+00
4.082053601741790771e-01,-8.228555321693420410e-01,-1.390855014324188232e-01,4.542917609214782715e-01,-8.852928280830383301e-01,-9.937620908021926880e-02,0.000000000000000000e+00
2.388535290956497192e-01,-3.099207878112792969e-01,-8.755096197128295898e-01,2.848644852638244629e-01,-3.583907783031463623e-01,-8.890491127967834473e-01,0.000000000000000000e+00
3.355284929275512695e-01,-1.748340278863906860e-01,-8.781716227531433105e-01,4.053363204002380371e-01,-2.254277765750885010e-01,-8.859372138977050781e-01,0.000000000000000000e+00
-1.073036342859268188e-01,9.755111932754516602e-01,-1.480521634221076965e-02,-9.040659666061401367e-02,9.952556490898132324e-01,-3.595642745494842529e-02,0.000000000000000000e+00
9.265574812889099121e-01,-9.791177511215209961e-02,1.858378062024712563e-03,9.496124386787414551e-01,6.752169877290725708e-02,3.060671091079711914e-01,0.000000000000000000e+00
-9.068145751953125000e-01,-3.037424944341182709e-02,3.707417845726013184e-01,-9.421708583831787109e-01,-1.140589639544487000e-02,3.349388241767883301e-01,0.000000000000000000e+00
8.560674190521240234e-01,-6.657949835062026978e-02,3.899295628070831299e-01,9.116926789283752441e-01,-1.135134324431419373e-01,3.948811590671539307e-01,0.000000000000000000e+00
-3.876464962959289551e-01,-6.957032084465026855e-01,-5.490537881851196289e-01,-2.887770235538482666e-01,-7.852779030799865723e-01,-5.476736426353454590e-01,0.000000000000000000e+00
-5.771982073783874512e-01,7.668174505233764648e-01,1.683276444673538208e-01,-7.073205113410949707e-01,6.466280817985534668e-01,2.856042385101318359e-01,0.000000000000000000e+00
6.630473136901855469e-01,-6.479288935661315918e-01,1.450645476579666138e-01,6.981222629547119141e-01,-6.999364495277404785e-01,1.507124155759811401e-01,0.000000000000000000e+00
7.031105160713195801e-01,-3.982661068439483643e-01,4.806076586246490479e-01,8.036476373672485352e-01,-4.520469009876251221e-01,3.870453536510467529e-01,0.000000000000000000e+00
-9.305799007415771484e-01,1.049749255180358887e-01,3.074325025081634521e-01,-8.264694809913635254e-01,1.633305400609970093e-01,5.387683510780334473e-01,0.000000000000000000e+00
5.087480545043945312e-01,3.410304188728332520e-01,7.394260168075561523e-01,6.465974450111389160e-01,3.065007925033569336e-01,6.985477805137634277e-01,0.000000000000000000e+00
6.046417355537414551e-01,6.636475324630737305e-01,-3.510257005691528320e-01,6.946225166320800781e-01,6.262694001197814941e-01,-3.539579510688781738e-01,0.000000000000000000e+00
-3.432557582855224609e-01,3.078094720840454102e-01,-8.572655320167541504e-01,-2.945934236049652100e-01,3.762018084526062012e-01,-8.784571290016174316e-01,0.000000000000000000e+00
-2.950823307037353516e-01,4.815326929092407227e-01,8.032971024513244629e-01,-3.873044848442077637e-01,4.823119938373565674e-01,7.857292294502258301e-01,0.000000000000000000e+00
-1.673095114529132843e-02,9.550764560699462891e-01,-2.036572396755218506e-01,2.229760773479938507e-02,9.769339561462402344e-01,-2.123744338750839233e-01,0.000000000000000000e+00
-4.936993420124053955e-01,-3.503777682781219482e-01,7.512285709381103516e-01,-5.454657673835754395e-01,-3.669157326221466064e-01,7.535515427589416504e-01,0.000000000000000000e+00
-3.142941594123840332e-01,8.920528292655944824e-01,2.833665311336517334e-01,-3.332234919071197510e-01,8.893007040023803711e-01,3.132193982601165771e-01,0.000000000000000000e+00
6.392556428909301758e-01,-3.847609162330627441e-01,-5.813382267951965332e-01,6.967252492904663086e-01,-4.388927817344665527e-01,-5.674037933349609375e-01,0.000000000000000000e+00
-9.187242984771728516e-01,2.266431450843811035e-01,2.743784785270690918e-01,-8.925498127937316895e-01,2.589489817619323730e-01,3.691886365413665771e-01,0.000000000000000000e+00
-1.743170022964477539e-01,5.442291498184204102e-01,7.916467785835266113e-01,-1.445955485105514526e-01,5.475013256072998047e-01,8.242174983024597168e-01,0.000000000000000000e+00
7.232148647308349609e-01,2.538956701755523682e-01,-5.710485577583312988e-01,7.420293092727661133e-01,2.649073004722595215e-01,-6.158056855201721191e-01,0.000000000000000000e+00
6.335259079933166504e-01,1.406218670308589935e-02,-7.138088345527648926e-01,6.158277392387390137e-01,-3.548366948962211609e-02,-7.870813608169555664e-01,0.000000000000000000e+00
-4.955669343471527100e-01,-6.629168987274169922e-01,4.952661693096160889e-01,-5.746360421180725098e-01,-6.046258807182312012e-01,5.515622496604919434e-01,0.000000000000000000e+00
-7.429713606834411621e-01,1.302131712436676025e-01,6.273050308227539062e-01,-7.873912453651428223e-01,1.633682399988174438e-01,5.944122076034545898e-01,0.000000000000000000e+00
7.083619385957717896e-02,9.704890847206115723e-01,2.915824763476848602e-03,7.137325406074523926e-02,9.974254965782165527e-01,-6.946865934878587723e-03,0.000000000000000000e+00
-6.858108043670654297e-01,-4.162004292011260986e-01,5.537000894546508789e-01,-5.995950698852539062e-01,-5.095253586769104004e-01,6.171463727951049805e-01,0.000000000000000000e+00
-7.565521597862243652e-01,-6.015909910202026367e-01,9.154468774795532227e-02,-5.714513659477233887e-01,-8.064441084861755371e-01,1.519579589366912842e-01,0.000000000000000000e+00
-8.098664879798889160e-01,2.451957613229751587e-01,-5.058242678642272949e-01,-8.355204463005065918e-01,1.856676489114761353e-01,-5.171393752098083496e-01,0.000000000000000000e+00
4.304819703102111816e-01,7.452801465988159180e-01,4.266633689403533936e-01,3.304794430732727051e-01,9.056790471076965332e-01,2.655726671218872070e-01,0.000000000000000000e+00
-2.400714904069900513e-02,-9.233241081237792969e-01,1.945807635784149170e-01,-2.486024750396609306e-03,-9.698480963706970215e-01,2.436974495649337769e-01,0.000000000000000000e+00
-8.865314126014709473e-01,-2.907390594482421875e-01,3.039410412311553955e-01,-9.269843697547912598e-01,-2.313013523817062378e-01,2.952958047389984131e-01,0.000000000000000000e+00
6.572318077087402344e-01,-5.387985706329345703e-01,-3.983324766159057617e-01,7.172965407371520996e-01,-5.952427983283996582e-01,-3.621762990951538086e-01,0.000000000000000000e+00
-3.563095629215240479e-01,-1.482579857110977173e-01,8.902046084403991699e-01,-3.615309000015258789e-01,-1.204488798975944519e-01,9.245471954345703125e-01,0.000000000000000000e+00
-6.745445728302001953e-01,-2.747856676578521729e-01,-6.469637751579284668e-01,-6.623976826667785645e-01,-3.816320896148681641e-01,-6.446598172187805176e-01,0.000000000000000000e+00
5.827213525772094727e-01,-7.316777110099792480e-01,-1.294526085257530212e-02,6.409062147140502930e-01,-7.661591172218322754e-01,-4.732245206832885742e-02,0.000000000000000000e+00
-2.989048957824707031e-01,6.466548442840576172e-01,6.727561950683593750e-01,-2.581356763839721680e-01,6.409642100334167480e-01,7.228629589080810547e-01,0.000000000000000000e+00
8.894394338130950928e-02,-3.664183318614959717e-01,-8.797227740287780762e-01,-6.427015364170074463e-02,-3.477263748645782471e-01,-9.353906512260437012e-01,0.000000000000000000e+00
-7.116762399673461914e-01,-5.862934589385986328e-01,2.385312616825103760e-01,-5.647211670875549316e-01,-7.749974727630615234e-01,2.836704552173614502e-01,0.000000000000000000e+00
6.237050294876098633e-01,-2.740253508090972900e-01,-6.578248143196105957e-01,6.691997051239013672e-01,-2.941597998142242432e-01,-6.823794841766357422e-01,0.000000000000000000e+00
4.832397401332855225e-01,-7.761229276657104492e-01,2.315491139888763428e-01,5.195040702819824219e-01,-8.289938569068908691e-01,2.070863097906112671e-01,0.000000000000000000e+00
-6.778599023818969727e-01,3.231433629989624023e-01,-6.344460248947143555e-01,-6.967830061912536621e-01,2.447179108858108521e-01,-6.742452383041381836e-01,0.000000000000000000e+00
-5.861339569091796875e-01,5.788747668266296387e-01,-5.040336251258850098e-01,-5.700201988220214844e-01,6.227391958236694336e-01,-5.359784364700317383e-01,0.000000000000000000e+00
-9.373279213905334473e-01,-2.760621607303619385e-01,5.293473601341247559e-02,-9.630404114723205566e-01,-2.607816159725189209e-01,6.742510199546813965e-02,0.000000000000000000e+00
-2.941064238548278809e-01,9.188591241836547852e-01,-1.967489272356033325e-01,-2.980412840843200684e-01,9.241579771041870117e-01,-2.389632314443588257e-01,0.000000000000000000e+00
-3.341135010123252869e-02,7.592352032661437988e-01,-6.101160049438476562e-01,3.485190495848655701e-02,7.424496412277221680e-01,-6.689947247505187988e-01,0.000000000000000000e+00
3.457217514514923096e-01,-8.478215336799621582e-01,-1.737565696239471436e-01,4.011888206005096436e-01,-9.090059995651245117e-01,-1.129406392574310303e-01,0.000000000000000000e+00
-1.705136746168136597e-01,-4.040107131004333496e-01,-8.601822853088378906e-01,-7.372600585222244263e-02,-4.213292598724365234e-01,-9.039060473442077637e-01,0.000000000000000000e+00
-2.537973225116729736e-01,-8.594961166381835938e-01,3.234600722789764404e-01,-2.306465804576873779e-01,-8.717444539070129395e-01,4.322773516178131104e-01,0.000000000000000000e+00
-9.254958033561706543e-01,-3.213643729686737061e-01,2.915262244641780853e-02,-9.411432743072509766e-01,-3.377276062965393066e-01,1.376445591449737549e-02,0.000000000000000000e+00
2.662041783332824707e-01,1.725215930491685867e-03,-9.261658787727355957e-01,2.984576821327209473e-01,-3.237611427903175354e-02,-9.538735747337341309e-01,0.000000000000000000e+00
4.941527545452117920e-01,-7.738836407661437988e-01,-1.574605554342269897e-01,5.011088848114013672e-01,-8.506080508232116699e-01,-1.592352092266082764e-01,0.000000000000000000e+00
-1.654457300901412964e-01,-9.263179898262023926e-01,1.583782434463500977e-01,-7.146082073450088501e-02,-9.643606543540954590e-01,2.547584176063537598e-01,0.000000000000000000e+00
-5.362426638603210449e-01,-5.353908538818359375e-01,5.665571689605712891e-01,-6.330549120903015137e-01,-3.989203274250030518e-01,6.634033322334289551e-01,0.000000000000000000e+00
-3.133121430873870850e-01,-6.205985546112060547e-01,-6.715793609619140625e-01,-2.986382842063903809e-01,-6.867675185203552246e-01,-6.626957058906555176e-01,0.000000000000000000e+00
1.425701677799224854e-01,-8.254159688949584961e-01,-4.527083635330200195e-01,2.101498395204544067e-01,-8.587717413902282715e-01,-4.672774076461791992e-01,0.000000000000000000e+00
-7.737332582473754883e-01,-5.987033843994140625e-01,1.377417054027318954e-02,-6.710712313652038574e-01,-7.370673418045043945e-01,7.996982336044311523e-02,0.000000000000000000e+00
-5.589133501052856445e-01,-4.129093885421752930e-01,-6.835315227508544922e-01,-5.848305225372314453e-01,-4.178003966808319092e-01,-6.952813267707824707e-01,0.000000000000000000e+00
-6.561268568038940430e-01,3.491728901863098145e-01,6.393636465072631836e-01,-7.352066636085510254e-01,2.856425940990447998e-01,6.147189736366271973e-01,0.000000000000000000e+00
1.082782745361328125e-01,-5.628764629364013672e-01,-7.618765234947204590e-01,1.050829887390136719e-01,-5.429611802101135254e-01,-8.331571221351623535e-01,0.000000000000000000e+00
-1.847692877054214478e-01,9.166746735572814941e-01,-3.004184663295745850e-01,-1.517749875783920288e-01,9.428173303604125977e-01,-2.967487871646881104e-01,0.000000000000000000e+00
3.022357225418090820e-01,6.024539470672607422e-01,6.979061961174011230e-01,3.326292634010314941e-01,6.111510396003723145e-01,7.182285189628601074e-01,0.000000000000000000e+00
4.454942420125007629e-02,3.852641442790627480e-03,9.583603143692016602e-01,4.090610146522521973e-02,-2.763211913406848907e-02,9.987808465957641602e-01,0.000000000000000000e+00
-6.878527998924255371e-01,-5.479658842086791992e-01,3.593971729278564453e-01,-5.547379255294799805e-01,-7.286873459815979004e-01,4.015974700450897217e-01,0.000000000000000000e+00
-5.756792426109313965e-01,3.288764059543609619e-01,-7.201902270317077637e-01,-6.132187247276306152e-01,3.381885290145874023e-01,-7.138566374778747559e-01,0.000000000000000000e+00
8.449578285217285156e-01,-3.677852749824523926e-01,1.457084715366363525e-01,9.094540476799011230e-01,-2.903771102428436279e-01,2.976145744323730469e-01,0.000000000000000000e+00
8.901864886283874512e-01,-2.282740920782089233e-01,-2.159604132175445557e-01,9.438619017601013184e-01,-1.890912950038909912e-01,-2.708674073219299316e-01,0.000000000000000000e+00
2.128704786300659180e-01,-9.121972918510437012e-01,7.745632529258728027e-02,2.956035137176513672e-01,-9.536167383193969727e-01,5.686500668525695801e-02,0.000000000000000000e+00
-5.502795055508613586e-02,-9.392780661582946777e-01,-1.137133836746215820e-01,6.859079003334045410e-02,-9.920443892478942871e-01,-1.055616438388824463e-01,0.000000000000000000e+00
-2.323896139860153198e-01,-8.605045676231384277e-01,3.338721096515655518e-01,-2.406592071056365967e-01,-9.070330858230590820e-01,3.455055952072143555e-01,0.000000000000000000e+00
-2.723890244960784912e-01,-6.805790662765502930e-01,6.170058846473693848e-01,-3.385098874568939209e-01,-6.951365470886230469e-01,6.341894268989562988e-01,0.000000000000000000e+00
6.742016673088073730e-01,3.900631070137023926e-01,-5.549888014793395996e-01,7.385350465774536133e-01,3.602561950683593750e-01,-5.698959827423095703e-01,0.000000000000000000e+00
-9.737319946289062500e-01,1.399593800306320190e-01,-3.314090892672538757e-02,-9.941774606704711914e-01,1.051418408751487732e-01,2.358653955161571503e-02,0.000000000000000000e+00
7.654736638069152832e-01,-9.405363351106643677e-02,5.453437566757202148e-01,8.203519582748413086e-01,-1.386929750442504883e-01,5.547854900360107422e-01,0.000000000000000000e+00
-9.216459468007087708e-03,4.354223012924194336e-01,-8.725779652595520020e-01,1.113875359296798706e-01,3.408597707748413086e-01,-9.334920644760131836e-01,0.000000000000000000e+00
-2.667504847049713135e-01,-5.586240291595458984e-01,7.244430780410766602e-01,-2.919736206531524658e-01,-5.158766508102416992e-01,8.053711652755737305e-01,0.000000000000000000e+00
6.525355577468872070e-01,-2.320175766944885254e-01,6.379821300506591797e-01,6.833854317665100098e-01,-1.813694834709167480e-01,7.071700096130371094e-01,0.000000000000000000e+00
7.569273114204406738e-01,4.475926756858825684e-01,3.574785888195037842e-01,7.935589551925659180e-01,4.639853537082672119e-01,3.936772048473358154e-01,0.000000000000000000e+00
9.362217783927917480e-01,-8.072899654507637024e-03,5.531808361411094666e-02,8.164362907409667969e-01,-5.520634055137634277e-01,1.692860275506973267e-01,0.000000000000000000e+00
7.210710048675537109e-01,6.236877441406250000e-01,-5.493878200650215149e-02,7.693443894386291504e-01,6.388157606124877930e-01,4.868372809141874313e-03,0.000000000000000000e+00
-4.535140693187713623e-01,-8.241293430328369141e-01,2.149534076452255249e-01,-4.492585062980651855e-01,-8.737363815307617188e-01,1.864176690578460693e-01,0.000000000000000000e+00
-3.464833199977874756e-01,1.431176960468292236e-01,8.985068798065185547e-01,-3.240828812122344971e-01,1.756398230791091919e-01,9.295810461044311523e-01,0.000000000000000000e+00
-6.414049863815307617e-01,7.207924723625183105e-01,1.074351221323013306e-01,-6.839361786842346191e-01,7.195078134536743164e-01,1.205811798572540283e-01,0.000000000000000000e+00
-1.183103770017623901e-01,-9.018141031265258789e-01,-2.835756540298461914e-01,-6.756801903247833252e-02,-9.654386639595031738e-01,-2.517195343971252441e-01,0.000000000000000000e+00
1.813111901283264160e-01,9.539921879768371582e-01,-4.888484627008438110e-02,2.462276965379714966e-01,9.691546559333801270e-01,-1.054598484188318253e-02,0.000000000000000000e+00
-5.385421514511108398e-01,2.879053652286529541e-01,-7.616758942604064941e-01,-4.968283474445343018e-01,2.515412271022796631e-01,-8.305953145027160645e-01,0.000000000000000000e+00
3.590644001960754395e-01,1.905499398708343506e-02,-8.893796801567077637e-01,4.076739847660064697e-01,2.593143284320831299e-02,-9.127592444419860840e-01,0.000000000000000000e+00
-8.102687597274780273e-01,-2.782385051250457764e-01,-4.813800156116485596e-01,-7.615867257118225098e-01,-3.194180428981781006e-01,-5.638774037361145020e-01,0.000000000000000000e+00
-5.892539024353027344e-01,7.880778908729553223e-01,4.165222868323326111e-02,-6.210495829582214355e-01,7.809319496154785156e-01,6.665366142988204956e-02,0.000000000000000000e+00
-1.562538743019104004e-01,2.576894462108612061e-01,9.228601455688476562e-01,-1.641023904085159302e-01,2.894986271858215332e-01,9.430063366889953613e-01,0.000000000000000000e+00
-2.826810479164123535e-01,5.729055404663085938e-01,-7.394235730171203613e-01,-2.856889367103576660e-01,5.623755455017089844e-01,-7.759610414505004883e-01,0.000000000000000000e+00
7.153886556625366211e-02,2.077543735504150391e-02,-9.540413022041320801e-01,-1.604123041033744812e-02,5.161312222480773926e-02,-9.985383152961730957e-01,0.000000000000000000e+00
6.897393465042114258e-01,-2.462926208972930908e-01,-5.978802442550659180e-01,7.269969582557678223e-01,-3.058031201362609863e-01,-6.147844195365905762e-01,0.000000000000000000e+00
-8.961544036865234375e-01,-1.971416771411895752e-01,-3.455917537212371826e-01,-9.217174053192138672e-01,-1.851905882358551025e-01,-3.407953679561614990e-01,0.000000000000000000e+00
2.627445757389068604e-02,-1.124863103032112122e-01,-9.513372182846069336e-01,5.797363352030515671e-03,-4.606253802776336670e-01,-8.875756859779357910e-01,0.000000000000000000e+00
8.496491909027099609e-01,1.306997388601303101e-01,4.102565348148345947e-01,8.965694904327392578e-01,1.203301623463630676e-01,4.262438714504241943e-01,0.000000000000000000e+00
7.473351955413818359e-01,-3.057067096233367920e-01,4.817970097064971924e-01,8.387110233306884766e-01,-3.365450799465179443e-01,4.281369745731353760e-01,0.000000000000000000e+00
-6.544116735458374023e-01,-3.121374547481536865e-01,-6.478515267372131348e-01,-7.219873070716857910e-01,-3.494103252887725830e-01,-5.971990823745727539e-01,0.000000000000000000e+00
2.630172669887542725e-01,-8.138749003410339355e-01,-3.984296023845672607e-01,3.267977833747863770e-01,-8.506051301956176758e-01,-4.119151234626770020e-01,0.000000000000000000e+00
-4.913529753684997559e-01,1.607933342456817627e-01,8.238731622695922852e-01,-4.988288283348083496e-01,1.434519439935684204e-01,8.547463417053222656e-01,0.000000000000000000e+00
-8.058649897575378418e-01,3.772297799587249756e-01,-4.347020983695983887e-01,-8.266304135322570801e-01,3.984475135803222656e-01,-3.973937034606933594e-01,0.000000000000000000e+00
-5.165788531303405762e-01,8.171054124832153320e-01,-1.832252591848373413e-01,-4.342265427112579346e-01,8.881073594093322754e-01,-1.507072448730468750e-01,0.000000000000000000e+00
8.223475217819213867e-01,1.585289090871810913e-01,4.494732618331909180e-01,8.370637893676757812e-01,1.512881219387054443e-01,5.257719159126281738e-01,0.000000000000000000e+00
-9.057146310806274414e-01,-2.911122739315032959e-01,-2.304617315530776978e-01,-9.228897094726562500e-01,-2.668581008911132812e-01,-2.775991559028625488e-01,0.000000000000000000e+00
4.674494862556457520e-01,8.157256245613098145e-01,-2.432662397623062134e-01,5.395472645759582520e-01,8.088076710700988770e-01,-2.339206933975219727e-01,0.000000000000000000e+00
6.500087380409240723e-01,-4.185454845428466797e-01,5.380294322967529297e-01,6.985298991203308105e-01,-5.288184285163879395e-01,4.820861220359802246e-01,0.000000000000000000e+00
3.301467597484588623e-01,8.325005769729614258e-01,3.467057049274444580e-01,4.777992367744445801e-01,6.683337688446044922e-01,5.701209306716918945e-01,0.000000000000000000e+00
4.144870638847351074e-01,6.635805964469909668e-01,-5.592531561851501465e-01,4.829221069812774658e-01,6.674261689186096191e-01,-5.668585300445556641e-01,0.000000000000000000e+00
-2.163426429033279419e-01,-4.810143709182739258e-01,-8.045837879180908203e-01,-2.222512066364288330e-01,-4.963878989219665527e-01,-8.391683101654052734e-01,0.000000000000000000e+00
5.598632693290710449e-01,6.106425523757934570e-01,-4.861595928668975830e-01,5.863228440284729004e-01,6.055848002433776855e-01,-5.380451679229736328e-01,0.000000000000000000e+00
8.118109703063964844e-01,-1.273861229419708252e-01,4.606597125530242920e-01,8.592149615287780762e-01,-1.777869611978530884e-01,4.797305762767791748e-01,0.000000000000000000e+00
-4.921597242355346680e-01,5.599591732025146484e-01,6.393152475357055664e-01,-4.793395102024078369e-01,5.426904559135437012e-01,6.897251009941101074e-01,0.000000000000000000e+00
-8.667578697204589844e-01,4.511305987834930420e-01,1.813676506280899048e-01,-8.373650312423706055e-01,4.949660897254943848e-01,2.320093214511871338e-01,0.000000000000000000e+00
4.898540079593658447e-01,-2.420517802238464355e-01,-7.775951027870178223e-01,5.891175866127014160e-01,-2.534170150756835938e-01,-7.672811150550842285e-01,0.000000000000000000e+00
-8.527300953865051270e-01,-3.273633494973182678e-02,-4.933594167232513428e-01,-8.841424584388732910e-01,-1.081844642758369446e-01,-4.545198082923889160e-01,0.000000000000000000e+00
3.639032542705535889e-01,-7.398223876953125000e-01,4.615099430084228516e-01,4.160180687904357910e-01,-8.079709410667419434e-01,4.172672331333160400e-01,0.000000000000000000e+00
-4.686881229281425476e-02,-2.480726093053817749e-01,9.258422851562500000e-01,2.935557067394256592e-02,-2.793145179748535156e-01,9.597508311271667480e-01,0.000000000000000000e+00
2.827128171920776367e-01,-3.984821140766143799e-01,-8.258463144302368164e-01,3.006385564804077148e-01,-4.840874969959259033e-01,-8.217516541481018066e-01,0.000000000000000000e+00
5.748748779296875000e-01,-2.134784907102584839e-01,-7.244678735733032227e-01,6.046615242958068848e-01,-2.366305291652679443e-01,-7.605198621749877930e-01,0.000000000000000000e+00
4.312266111373901367e-01,5.960853304713964462e-03,-8.554227948188781738e-01,5.006000995635986328e-01,5.094040930271148682e-02,-8.641785979270935059e-01,0.000000000000000000e+00
6.503022909164428711e-01,2.865583002567291260e-01,6.357489824295043945e-01,7.107849717140197754e-01,2.450615018606185913e-01,6.593402624130249023e-01,0.000000000000000000e+00
-1.235174015164375305e-01,5.509606003761291504e-01,-8.004128932952880859e-01,-6.212848424911499023e-02,5.183631181716918945e-01,-8.529008030891418457e-01,0.000000000000000000e+00
-6.796272397041320801e-01,4.489727616310119629e-01,5.525510907173156738e-01,-7.164237499237060547e-01,4.861941933631896973e-01,5.003521442413330078e-01,0.000000000000000000e+00
2.987605631351470947e-01,-5.070639252662658691e-01,-7.492169737815856934e-01,3.394257128238677979e-01,-5.554705858230590820e-01,-7.591064572334289551e-01,0.000000000000000000e+00
-6.408970355987548828e-01,6.990271210670471191e-01,2.516066730022430420e-01,-5.439135432243347168e-01,8.047752380371093750e-01,2.376865595579147339e-01,0.000000000000000000e+00
4.710686206817626953e-01,1.450212150812149048e-01,-8.200206160545349121e-01,4.862084686756134033e-01,1.471656560897827148e-01,-8.613615036010742188e-01,0.000000000000000000e+00
3.104394972324371338e-01,-8.714966177940368652e-01,-1.133741363883018494e-01,4.201042652130126953e-01,-9.009795188903808594e-01,-1.083895638585090637e-01,0.000000000000000000e+00
8.832268118858337402e-01,2.834763228893280029e-01,-2.140670865774154663e-01,9.366377592086791992e-01,2.961588799953460693e-01,-1.870819181203842163e-01,0.000000000000000000e+00
-8.983796834945678711e-01,-1.553608477115631104e-01,-3.608605265617370605e-01,-9.085174202919006348e-01,-1.538977473974227905e-01,-3.884734511375427246e-01,0.000000000000000000e+00
-5.192892551422119141e-01,-3.356082439422607422e-01,7.419583797454833984e-01,-4.854613840579986572e-01,-3.900187909603118896e-01,7.824401259422302246e-01,0.000000000000000000e+00
9.060841798782348633e-01,-8.512875647284090519e-04,2.697275578975677490e-01,9.458491802215576172e-01,-1.090701669454574585e-01,3.057335913181304932e-01,0.000000000000000000e+00
-7.913565039634704590e-01,5.067464113235473633e-01,-3.230901062488555908e-01,-8.211283087730407715e-01,4.460011422634124756e-01,-3.561338484287261963e-01,0.000000000000000000e+00
3.482062220573425293e-01,1.884614080190658569e-01,-8.782351613044738770e-01,3.924345374107360840e-01,1.731189489364624023e-01,-9.033409953117370605e-01,0.000000000000000000e+00
6.255950778722763062e-02,-6.824155449867248535e-01,6.571772098541259766e-01,3.072169050574302673e-02,-7.267996668815612793e-01,6.861621141433715820e-01,0.000000000000000000e+00
2.536906898021697998e-01,-9.005747437477111816e-01,-1.941870152950286865e-02,3.575175106525421143e-01,-9.338093996047973633e-01,-1.346457377076148987e-02,0.000000000000000000e+00
-3.038629591464996338e-01,-3.490025401115417480e-01,8.499250411987304688e-01,-2.590243816375732422e-01,-3.507788479328155518e-01,8.999225497245788574e-01,0.000000000000000000e+00
6.224623918533325195e-01,6.747138500213623047e-01,2.443378269672393799e-01,5.345349311828613281e-01,8.346994519233703613e-01,1.324734687805175781e-01,0.000000000000000000e+00
-5.115689039230346680e-01,-6.470026373863220215e-01,4.960225820541381836e-01,-5.869039893150329590e-01,-6.126247048377990723e-01,5.293719172477722168e-01,0.000000000000000000e+00
5.858607217669487000e-02,4.988923668861389160e-01,-8.418164849281311035e-01,1.019807253032922745e-02,3.205877840518951416e-01,-9.471638798713684082e-01,0.000000000000000000e+00
4.374914169311523438e-01,2.597560882568359375e-01,-8.123424053192138672e-01,4.531945884227752686e-01,2.102922946214675903e-01,-8.662515878677368164e-01,0.000000000000000000e+00
5.990608334541320801e-01,4.270670711994171143e-01,6.142154932022094727e-01,6.210940480232238770e-01,4.283884465694427490e-01,6.562967896461486816e-01,0.000000000000000000e+00
2.437687367200851440e-01,5.800148248672485352e-01,-7.372046113014221191e-01,2.860053181648254395e-01,5.742565393447875977e-01,-7.670921683311462402e-01,0.000000000000000000e+00
-4.368960857391357422e-01,-8.072170615196228027e-01,-2.752740383148193359e-01,-4.522432386875152588e-01,-7.889063358306884766e-01,-4.160563051700592041e-01,0.000000000000000000e+00
8.045598268508911133e-01,-4.371188879013061523e-01,1.808471530675888062e-01,8.459504842758178711e-01,-4.325906634330749512e-01,3.118222057819366455e-01,0.000000000000000000e+00
6.836491823196411133e-01,6.311368346214294434e-01,1.508524566888809204e-01,6.721857190132141113e-01,7.387832403182983398e-01,-4.863816499710083008e-02,0.000000000000000000e+00
-8.697204589843750000e-01,-1.607551425695419312e-02,4.507563412189483643e-01,-8.634755611419677734e-01,-2.491815946996212006e-02,5.037747621536254883e-01,0.000000000000000000e+00
5.788865685462951660e-01,-6.814818382263183594e-01,2.974127829074859619e-01,6.181145310401916504e-01,-7.214108705520629883e-01,3.122511208057403564e-01,0.000000000000000000e+00
-4.827793240547180176e-01,-6.932020932435989380e-02,8.404465317726135254e-01,-4.921367764472961426e-01,-8.558831363916397095e-02,8.663001656532287598e-01,0.000000000000000000e+00
5.248370170593261719e-01,-7.467325329780578613e-01,2.346366941928863525e-01,6.205142736434936523e-01,-7.437289357185363770e-01,2.486549168825149536e-01,0.000000000000000000e+00
4.896992743015289307e-01,5.470646023750305176e-01,-6.177860498428344727e-01,5.403211116790771484e-01,5.658195614814758301e-01,-6.228172779083251953e-01,0.000000000000000000e+00
-8.690146803855895996e-01,-3.203665316104888916e-01,3.292897045612335205e-01,-8.893147706985473633e-01,-2.792887985706329346e-01,3.621007502079010010e-01,0.000000000000000000e+00
-4.461933970451354980e-01,-4.695284068584442139e-01,6.848167181015014648e-01,-4.002016186714172363e-01,-6.450632810592651367e-01,6.509470343589782715e-01,0.000000000000000000e+00
8.940944671630859375e-01,-1.732655763626098633e-01,1.625798493623733521e-01,9.595723152160644531e-01,-2.718696296215057373e-01,-7.285534590482711792e-02,0.000000000000000000e+00
-5.258079767227172852e-01,7.752575278282165527e-01,2.557847797870635986e-01,-5.846594572067260742e-01,7.659549713134765625e-01,2.673692107200622559e-01,0.000000000000000000e+00
-4.662087559700012207e-01,7.885447740554809570e-01,-3.524406552314758301e-01,-4.571311175823211670e-01,8.187735080718994141e-01,-3.473342061042785645e-01,0.000000000000000000e+00
7.213996648788452148e-01,5.739595293998718262e-01,-2.605220377445220947e-01,7.841244935989379883e-01,5.703589916229248047e-01,-2.446209341287612915e-01,0.000000000000000000e+00
5.849307179450988770e-01,6.447332501411437988e-01,3.970316946506500244e-01,6.556559205055236816e-01,6.586110591888427734e-01,3.692515790462493896e-01,0.000000000000000000e+00
-1.620553433895111084e-01,9.417763948440551758e-01,-2.170343995094299316e-01,-1.418170779943466187e-01,9.667717814445495605e-01,-2.126976400613784790e-01,0.000000000000000000e+00
2.229988425970077515e-01,-7.101606726646423340e-01,5.897291898727416992e-01,2.348735332489013672e-01,-8.007214069366455078e-01,5.510714054107666016e-01,0.000000000000000000e+00
6.959667205810546875e-01,3.977828323841094971e-01,5.137629508972167969e-01,7.416595220565795898e-01,4.645141363143920898e-01,4.839088320732116699e-01,0.000000000000000000e+00
-4.749391674995422363e-01,-2.612557075917720795e-02,8.475487828254699707e-01,-4.673103690147399902e-01,-5.467833578586578369e-02,8.824008703231811523e-01,0.000000000000000000e+00
-8.197650313377380371e-01,-4.701819419860839844e-01,2.637365758419036865e-01,-7.807835340499877930e-01,-5.344194769859313965e-01,3.236863911151885986e-01,0.000000000000000000e+00
-3.491963148117065430e-01,-2.155318260192871094e-01,-8.840207457542419434e-01,-3.296703100204467773e-01,-2.566590607166290283e-01,-9.085392951965332031e-01,0.000000000000000000e+00
-1.778010278940200806e-01,1.602291315793991089e-01,9.433615803718566895e-01,-1.641909629106521606e-01,1.743179708719253540e-01,9.709039926528930664e-01,0.000000000000000000e+00
-1.419943124055862427e-01,8.905984163284301758e-01,3.880481421947479248e-01,-1.733443439006805420e-01,8.872972130775451660e-01,4.273820519447326660e-01,0.000000000000000000e+00
3.805771768093109131e-01,3.865868747234344482e-01,-8.003543615341186523e-01,4.112685620784759521e-01,3.233515024185180664e-01,-8.522335290908813477e-01,0.000000000000000000e+00
-9.688130617141723633e-01,1.918633729219436646e-01,-3.103932552039623260e-02,-9.930895566940307617e-01,1.171851232647895813e-01,6.382571067661046982e-03,0.000000000000000000e+00
2.303854078054428101e-01,7.043532133102416992e-01,6.256626844406127930e-01,3.035337328910827637e-01,7.074230909347534180e-01,6.382944583892822266e-01,0.000000000000000000e+00
7.891340255737304688e-01,1.949471533298492432e-01,4.940803945064544678e-01,8.564897179603576660e-01,2.744698226451873779e-01,4.371404051780700684e-01,0.000000000000000000e+00
4.967984557151794434e-01,1.900912672281265259e-01,-7.942803502082824707e-01,5.112825036048889160e-01,1.403125822544097900e-01,-8.478811979293823242e-01,0.000000000000000000e+00
5.714902877807617188e-01,7.235957384109497070e-01,1.804115623235702515e-01,6.510173082351684570e-01,7.224867343902587891e-01,2.327861785888671875e-01,0.000000000000000000e+00
-6.912755966186523438e-01,4.465621411800384521e-01,-5.434206128120422363e-01,-6.888577938079833984e-01,4.307612776756286621e-01,-5.830262899398803711e-01,0.000000000000000000e+00
6.829777956008911133e-01,-6.336108446121215820e-01,-8.938501775264739990e-02,7.250452637672424316e-01,-6.842037439346313477e-01,-7.857862114906311035e-02,0.000000000000000000e+00
8.070024102926254272e-02,2.872989773750305176e-01,-9.250028133392333984e-01,1.163375303149223328e-01,2.926811575889587402e-01,-9.491065740585327148e-01,0.000000000000000000e+00
2.838376164436340332e-01,6.314409375190734863e-01,-6.763461232185363770e-01,3.236961960792541504e-01,6.922838091850280762e-01,-6.449526548385620117e-01,0.000000000000000000e+00
-7.518213987350463867e-01,3.732275366783142090e-01,5.176182389259338379e-01,-7.681953310966491699e-01,3.453183472156524658e-01,5.391021966934204102e-01,0.000000000000000000e+00
9.218823313713073730e-01,-1.165603566914796829e-02,-2.080550193786621094e-01,9.768850207328796387e-01,3.183162584900856018e-02,-2.113820165395736694e-01,0.000000000000000000e+00
-5.649444460868835449e-01,-1.069255396723747253e-01,-7.883283495903015137e-01,-6.057578921318054199e-01,-1.346816569566726685e-01,-7.841671705245971680e-01,0.000000000000000000e+00
-8.763287067413330078e-01,-2.280061244964599609e-01,3.758004605770111084e-01,-9.106902480125427246e-01,-1.825879216194152832e-01,3.705468177795410156e-01,0.000000000000000000e+00
6.358159184455871582e-01,6.456769704818725586e-01,2.955122888088226318e-01,6.908879876136779785e-01,6.371704339981079102e-01,3.415957391262054443e-01,0.000000000000000000e+00
-9.565185904502868652e-01,-1.751372367143630981e-01,-1.242809742689132690e-01,-9.597739577293395996e-01,-2.303018122911453247e-01,-1.606082767248153687e-01,0.000000000000000000e+00
7.441101968288421631e-02,-7.764875888824462891e-01,-5.457303524017333984e-01,7.812258601188659668e-02,-8.391546607017517090e-01,-5.382530093193054199e-01,0.000000000000000000e+00
5.610523223876953125e-01,-7.462570071220397949e-01,-2.950045280158519745e-02,5.326476097106933594e-01,-8.384484648704528809e-01,-1.152853071689605713e-01,0.000000000000000000e+00
-1.224313452839851379e-01,1.810642778873443604e-01,-9.238527417182922363e-01,-4.596719145774841309e-02,1.991977542638778687e-01,-9.788806438446044922e-01,0.000000000000000000e+00
1.536203455179929733e-02,-9.252977967262268066e-01,-2.192855477333068848e-01,1.262118816375732422e-01,-9.405714869499206543e-01,-3.152709901332855225e-01,0.000000000000000000e+00
5.091067031025886536e-02,7.686667442321777344e-01,5.868161320686340332e-01,1.062213629484176636e-01,8.990072011947631836e-01,4.248564839363098145e-01,0.000000000000000000e+00
7.987309098243713379e-01,4.978326559066772461e-01,-4.387493059039115906e-02,8.843806982040405273e-01,4.339621663093566895e-01,1.718942075967788696e-01,0.000000000000000000e+00
-1.614091396331787109e-01,5.758826136589050293e-01,7.717542648315429688e-01,-1.596736311912536621e-01,6.021006703376770020e-01,7.822909355163574219e-01,0.000000000000000000e+00
6.545171141624450684e-01,-1.293625384569168091e-01,6.660963296890258789e-01,7.253015637397766113e-01,-2.130282521247863770e-01,6.546423435211181641e-01,0.000000000000000000e+00
-7.742199301719665527e-01,5.264468789100646973e-01,3.119449317455291748e-01,-7.667688131332397461e-01,5.011205077171325684e-01,4.011781215667724609e-01,0.000000000000000000e+00
3.505951762199401855e-01,-8.285342454910278320e-01,2.821434140205383301e-01,3.819953799247741699e-01,-8.855129480361938477e-01,2.644736766815185547e-01,0.000000000000000000e+00
4.733003377914428711e-01,2.879432775080204010e-02,8.266223073005676270e-01,5.242463350296020508e-01,1.334443502128124237e-02,8.514620661735534668e-01,0.000000000000000000e+00
-1.120341420173645020e-01,8.533309102058410645e-01,-4.688529074192047119e-01,-1.683843135833740234e-01,8.860777616500854492e-01,-4.318714439868927002e-01,0.000000000000000000e+00
7.907416820526123047e-01,5.056307911872863770e-01,-1.630941480398178101e-01,8.397793173789978027e-01,5.267012715339660645e-01,-1.317440718412399292e-01,0.000000000000000000e+00
-5.011751875281333923e-02,3.654238954186439514e-02,-9.424846768379211426e-01,4.437950998544692993e-02,4.435396566987037659e-02,-9.980296492576599121e-01,0.000000000000000000e+00
4.519859850406646729e-01,-4.877052307128906250e-01,6.525834202766418457e-01,4.162506163120269775e-01,-6.971705555915832520e-01,5.836854577064514160e-01,0.000000000000000000e+00
1.487841755151748657e-01,3.652874231338500977e-01,8.817920684814453125e-01,1.166305989027023315e-01,2.781143486499786377e-01,9.534409642219543457e-01,0.000000000000000000e+00
4.552726149559020996e-01,-2.003056704998016357e-01,8.095759153366088867e-01,5.692428350448608398e-01,-1.989048719406127930e-01,7.977464795112609863e-01,0.000000000000000000e+00
-7.578032612800598145e-01,-2.127041667699813843e-01,5.782631635665893555e-01,-7.929373383522033691e-01,-2.266071736812591553e-01,5.655966997146606445e-01,0.000000000000000000e+00
6.053491830825805664e-01,-5.444712638854980469e-01,4.444979429244995117e-01,7.170882821083068848e-01,-3.230009675025939941e-01,6.176202297210693359e-01,0.000000000000000000e+00
3.837582468986511230e-01,8.879368305206298828e-01,-5.117989704012870789e-02,3.997316062450408936e-01,9.094018936157226562e-01,-1.149035543203353882e-01,0.000000000000000000e+00
4.905562698841094971e-01,-1.685186326503753662e-01,-8.014130592346191406e-01,5.216689705848693848e-01,-2.314410805702209473e-01,-8.211556077003479004e-01,0.000000000000000000e+00
-3.595996499061584473e-01,2.210442423820495605e-01,8.765992522239685059e-01,-3.406677842140197754e-01,1.910890638828277588e-01,9.205598235130310059e-01,0.000000000000000000e+00
9.871176630258560181e-02,-6.982228755950927734e-01,6.367173194885253906e-01,1.504106670618057251e-01,-7.342795729637145996e-01,6.619744300842285156e-01,0.000000000000000000e+00
-3.046026527881622314e-01,5.859222412109375000e-01,7.236384749412536621e-01,-3.030859827995300293e-01,6.045062541961669922e-01,7.366892695426940918e-01,0.000000000000000000e+00
7.443256676197052002e-02,7.141596674919128418e-01,6.574487090110778809e-01,1.095416694879531860e-01,6.962890625000000000e-01,7.093533277511596680e-01,0.000000000000000000e+00
7.787364125251770020e-01,5.287512540817260742e-01,-2.195280231535434723e-02,8.763668537139892578e-01,4.243735074996948242e-01,2.277900427579879761e-01,0.000000000000000000e+00
-5.071548223495483398e-01,-3.635976314544677734e-01,7.355354428291320801e-01,-4.854613840579986572e-01,-3.900187909603118896e-01,7.824401259422302246e-01,0.000000000000000000e+00
-1.094206273555755615e-01,-9.031267762184143066e-01,-2.809272706508636475e-01,-6.756801903247833252e-02,-9.654386639595031738e-01,-2.517195343971252441e-01,0.000000000000000000e+00
-4.120306968688964844e-01,-3.021811842918395996e-01,-8.277838826179504395e-01,-3.961994051933288574e-01,-3.895849287509918213e-01,-8.314142227172851562e-01,0.000000000000000000e+00
1.811697334051132202e-01,-9.167337417602539062e-01,-7.746694236993789673e-02,2.510870993137359619e-01,-9.599702358245849609e-01,-1.241468936204910278e-01,0.000000000000000000e+00
4.708476066589355469e-01,2.412823438644409180e-01,8.045587539672851562e-01,5.642797350883483887e-01,1.207017153501510620e-01,8.167126178741455078e-01,0.000000000000000000e+00
3.457495570182800293e-01,-4.979538619518280029e-01,7.027606964111328125e-01,3.853058218955993652e-01,-5.506908297538757324e-01,7.404586672782897949e-01,0.000000000000000000e+00
-2.090998440980911255e-01,3.190782368183135986e-01,-8.740370273590087891e-01,-1.300662606954574585e-01,4.145548641681671143e-01,-9.006814360618591309e-01,0.000000000000000000e+00
-5.116602182388305664e-01,-4.000758230686187744e-01,-7.279837727546691895e-01,-5.199440121650695801e-01,-3.689497411251068115e-01,-7.704117894172668457e-01,0.000000000000000000e+00
-2.931669354438781738e-01,-6.965872049331665039e-01,-5.881431698799133301e-01,-3.753417730331420898e-02,-8.879619836807250977e-01,-4.583826959133148193e-01,0.000000000000000000e+00
-3.740735948085784912e-01,7.890062332153320312e-01,4.236385822296142578e-01,-2.972714006900787354e-01,8.946713805198669434e-01,3.334558904170989990e-01,0.000000000000000000e+00
-2.186164855957031250e-01,2.956160604953765869e-01,8.999559879302978516e-01,-2.235399484634399414e-01,3.096679151058197021e-01,9.241946339607238770e-01,0.000000000000000000e+00
5.556044578552246094e-01,3.023541271686553955e-01,-7.188220024108886719e-01,5.709148645401000977e-01,3.669936060905456543e-01,-7.344194054603576660e-01,0.000000000000000000e+00
-4.563109278678894043e-01,1.806892305612564087e-01,8.406606316566467285e-01,-4.565289914608001709e-01,9.309362620115280151e-02,8.848247528076171875e-01,0.000000000000000000e+00
-1.209816411137580872e-01,-9.211115241050720215e-01,1.933421045541763306e-01,-5.846402049064636230e-02,-9.636132121086120605e-01,2.608286142349243164e-01,0.000000000000000000e+00
-8.667877316474914551e-01,-2.351027876138687134e-01,-3.945095241069793701e-01,-8.994898200035095215e-01,-1.428401172161102295e-01,-4.129343926906585693e-01,0.000000000000000000e+00
1.201934143900871277e-01,9.294798970222473145e-01,-2.689499557018280029e-01,1.287117004394531250e-01,9.260190129280090332e-01,-3.548550307750701904e-01,0.000000000000000000e+00
3.943944573402404785e-01,-8.202664256095886230e-01,2.400611937046051025e-01,4.136762320995330811e-01,-8.901399970054626465e-01,1.911091953516006470e-01,0.000000000000000000e+00
8.630349636077880859e-01,3.662727475166320801e-01,1.333084851503372192e-01,9.216643571853637695e-01,3.844618201255798340e-01,5.219176411628723145e-02,0.000000000000000000e+00
4.505610167980194092e-01,4.469511508941650391e-01,7.196922302246093750e-01,4.781735241413116455e-01,4.929243624210357666e-01,7.268945574760437012e-01,0.000000000000000000e+00
2.675139307975769043e-01,9.264864921569824219e-01,-1.068924069404602051e-01,2.645992636680603027e-01,9.605916142463684082e-01,-8.515293151140213013e-02,0.000000000000000000e+00
-6.062898039817810059e-01,-7.455288767814636230e-01,1.103506237268447876e-01,-6.409445405006408691e-01,-7.673678398132324219e-01,1.835121773183345795e-02,0.000000000000000000e+00
-2.429182678461074829e-01,-8.958387970924377441e-01,-2.467119693756103516e-01,-2.470475435256958008e-01,-9.449546337127685547e-01,-2.145420163869857788e-01,0.000000000000000000e+00
-7.430798411369323730e-01,-1.887528598308563232e-01,-6.163244247436523438e-01,-6.757068634033203125e-01,-2.371833175420761108e-01,-6.979715228080749512e-01,0.000000000000000000e+00
-2.671884596347808838e-01,3.265926837921142578e-01,8.736500740051269531e-01,-3.515599071979522705e-01,3.049931228160858154e-01,8.850902915000915527e-01,0.000000000000000000e+00
-3.745315372943878174e-01,1.440184563398361206e-01,-8.824207782745361328e-01,-3.509706556797027588e-01,1.287218332290649414e-01,-9.274967908859252930e-01,0.000000000000000000e+00
-9.052528738975524902e-01,-2.453030049800872803e-01,-2.835641205310821533e-01,-9.187957644462585449e-01,-2.317312955856323242e-01,-3.195542991161346436e-01,0.000000000000000000e+00
7.084316611289978027e-01,5.094692856073379517e-02,-6.405074000358581543e-01,7.035310864448547363e-01,2.429535426199436188e-02,-7.102490663528442383e-01,0.000000000000000000e+00
4.928791522979736328e-01,-7.531740665435791016e-01,-2.484535276889801025e-01,5.743122100830078125e-01,-7.993119955062866211e-01,-1.768214106559753418e-01,0.000000000000000000e+00
4.904361367225646973e-01,1.603509336709976196e-01,-8.050010204315185547e-01,5.421434044837951660e-01,1.816867589950561523e-01,-8.204087018966674805e-01,0.000000000000000000e+00
-7.773718833923339844e-01,-5.333672761917114258e-01,2.505306005477905273e-01,-7.293530106544494629e-01,-5.959880352020263672e-01,3.359202444553375244e-01,0.000000000000000000e+00
4.853042960166931152e-01,7.932332158088684082e-02,-8.204531669616699219e-01,4.865238070487976074e-01,4.786350205540657043e-02,-8.723552227020263672e-01,0.000000000000000000e+00
-3.899795413017272949e-01,-8.120398521423339844e-01,-3.175841867923736572e-01,-5.457579493522644043e-01,-7.867035269737243652e-01,-2.885235846042633057e-01,0.000000000000000000e+00
3.164157569408416748e-01,-3.072986602783203125e-01,-8.483386635780334473e-01,4.008224904537200928e-01,-2.944200932979583740e-01,-8.675587177276611328e-01,0.000000000000000000e+00
-1.874004006385803223e-01,3.533205389976501465e-01,8.866391777992248535e-01,-1.907243579626083374e-01,3.207576274871826172e-01,9.277600646018981934e-01,0.000000000000000000e+00
6.060688495635986328e-01,2.734186053276062012e-01,-6.887608170509338379e-01,6.308850049972534180e-01,3.062174320220947266e-01,-7.128919959068298340e-01,0.000000000000000000e+00
-6.159125566482543945e-01,7.321813702583312988e-01,1.673326194286346436e-01,-6.273805499076843262e-01,7.676897048950195312e-01,1.305609345436096191e-01,0.000000000000000000e+00
-3.863069117069244385e-01,9.040255546569824219e-01,2.849194779992103577e-02,-3.793754279613494873e-01,9.252196550369262695e-01,6.548961158841848373e-03,0.000000000000000000e+00
-2.578725293278694153e-02,-7.723891139030456543e-01,5.553440451622009277e-01,2.922142669558525085e-02,-8.102794289588928223e-01,5.853147506713867188e-01,0.000000000000000000e+00
-3.763263523578643799e-01,5.295357108116149902e-01,7.356146574020385742e-01,-3.930404782295227051e-01,5.664188265800476074e-01,7.243540883064270020e-01,0.000000000000000000e+00
-2.151489630341529846e-02,-9.113636612892150879e-01,2.431720942258834839e-01,-1.279366947710514069e-02,-9.719508290290832520e-01,2.348360419273376465e-01,0.000000000000000000e+00
4.668078720569610596e-01,-6.289740204811096191e-01,5.203808546066284180e-01,5.100529193878173828e-01,-6.421973705291748047e-01,5.722137093544006348e-01,0.000000000000000000e+00
2.309390455484390259e-01,1.426095962524414062e-01,-9.251648187637329102e-01,2.845364511013031006e-01,1.563297510147094727e-01,-9.458329677581787109e-01,0.000000000000000000e+00
1.546490937471389771e-01,-1.162784770131111145e-01,9.352070689201354980e-01,1.078190729022026062e-01,-1.480660885572433472e-01,9.830826520919799805e-01,0.000000000000000000e+00
1.834854781627655029e-01,8.134679794311523438e-01,4.648415744304656982e-01,2.216763049364089966e-01,7.320042252540588379e-01,6.442277431488037109e-01,0.000000000000000000e+00
7.237981557846069336e-01,-4.441719949245452881e-01,3.512723445892333984e-01,7.631607651710510254e-01,-5.640780925750732422e-01,3.152801990509033203e-01,0.000000000000000000e+00
6.692097783088684082e-01,-2.486322522163391113e-01,6.158932447433471680e-01,7.369019389152526855e-01,-2.190261334180831909e-01,6.395335197448730469e-01,0.000000000000000000e+00
3.602332621812820435e-02,7.369518280029296875e-01,6.376029253005981445e-01,5.825357884168624878e-02,7.628825902938842773e-01,6.439073681831359863e-01,0.000000000000000000e+00
-1.668877303600311279e-01,-4.788245856761932373e-01,7.883155941963195801e-01,-1.373191922903060913e-01,-4.022108316421508789e-01,9.051905274391174316e-01,0.000000000000000000e+00
2.311756610870361328e-01,9.400728940963745117e-01,1.101817041635513306e-01,2.182121276855468750e-01,9.738292098045349121e-01,6.356175243854522705e-02,0.000000000000000000e+00
-8.523202538490295410e-01,2.231732606887817383e-01,4.350257217884063721e-01,-8.450258970260620117e-01,1.775963306427001953e-01,5.043717026710510254e-01,0.000000000000000000e+00
-2.394233793020248413e-01,9.205645918846130371e-01,2.583691179752349854e-01,-2.347097694873809814e-01,9.345168471336364746e-01,2.675622105598449707e-01,0.000000000000000000e+00
-6.623299717903137207e-01,-6.855760812759399414e-01,9.160821139812469482e-02,-8.440823554992675781e-01,-5.300213694572448730e-01,8.125434815883636475e-02,0.000000000000000000e+00
-6.497427225112915039e-01,7.362582087516784668e-01,-5.644724145531654358e-02,-7.322004437446594238e-01,6.762583851814270020e-01,-8.097618073225021362e-02,0.000000000000000000e+00
-8.221518397331237793e-01,-5.324369072914123535e-01,3.752830252051353455e-02,-8.147397637367248535e-01,-5.794894099235534668e-01,1.977685466408729553e-02,0.000000000000000000e+00
5.770333409309387207e-01,-9.836298972368240356e-02,7.413778901100158691e-01,6.221323609352111816e-01,-8.675117045640945435e-02,7.780909538269042969e-01,0.000000000000000000e+00
9.000561833381652832e-01,-2.488769143819808960e-01,-1.384415030479431152e-01,9.199678897857666016e-01,-3.692429065704345703e-01,-1.316009014844894409e-01,0.000000000000000000e+00
-2.003938555717468262e-01,9.605350494384765625e-01,-3.179843351244926453e-02,-1.467738896608352661e-01,9.881420135498046875e-01,-4.508626088500022888e-02,0.000000000000000000e+00
-3.112257719039916992e-01,-9.015952348709106445e-01,-1.011245921254158020e-01,-3.282622694969177246e-01,-9.445778727531433105e-01,-4.059882368892431259e-03,0.000000000000000000e+00
5.914646983146667480e-01,2.529924511909484863e-01,-7.095940709114074707e-01,6.278073191642761230e-01,2.690329551696777344e-01,-7.303966283798217773e-01,0.000000000000000000e+00
5.081861019134521484e-01,-7.638249993324279785e-01,2.143215388059616089e-01,5.559195280075073242e-01,-8.153167963027954102e-01,1.619011461734771729e-01,0.000000000000000000e+00
-8.784303665161132812e-01,-9.377482533454895020e-02,-4.316974878311157227e-01,-8.932139277458190918e-01,-6.374120712280273438e-02,-4.450909495353698730e-01,0.000000000000000000e+00
-7.292585968971252441e-01,-2.998366951942443848e-01,5.751953125000000000e-01,-7.480033040046691895e-01,-3.435939550399780273e-01,5.678329467773437500e-01,0.000000000000000000e+00
-6.397542953491210938e-01,-7.154899835586547852e-01,3.051391057670116425e-02,-8.004347085952758789e-01,-5.985228419303894043e-01,-3.278298676013946533e-02,0.000000000000000000e+00
-5.981524586677551270e-01,6.072117090225219727e-01,4.897154867649078369e-01,-6.115255355834960938e-01,5.769006609916687012e-01,5.414999127388000488e-01,0.000000000000000000e+00
1.462517380714416504e-01,-8.076978474855422974e-02,-9.567477703094482422e-01,1.210218444466590881e-01,-1.412515342235565186e-01,-9.825485944747924805e-01,0.000000000000000000e+00
-6.630144715309143066e-01,-5.965213775634765625e-01,-4.022524356842041016e-01,-7.003138661384582520e-01,-5.809581279754638672e-01,-4.147868454456329346e-01,0.000000000000000000e+00
4.623188972473144531e-01,5.341095328330993652e-01,-6.534502506256103516e-01,5.022325515747070312e-01,5.411746501922607422e-01,-6.744571328163146973e-01,0.000000000000000000e+00
-4.610295295715332031e-01,9.931838512420654297e-02,8.533186316490173340e-01,-4.671359956264495850e-01,9.221854060888290405e-02,8.793632388114929199e-01,0.000000000000000000e+00
-6.567574739456176758e-01,6.214895844459533691e-01,-3.511135876178741455e-01,-6.793878078460693359e-01,6.459982395172119141e-01,-3.480207622051239014e-01,0.000000000000000000e+00
-3.773623108863830566e-01,8.936964869499206543e-01,-1.404777169227600098e-01,-4.045246243476867676e-01,9.098627567291259766e-01,-9.224729984998703003e-02,0.000000000000000000e+00
-8.142598271369934082e-01,3.843493461608886719e-01,-4.102426469326019287e-01,-8.245192170143127441e-01,3.950466513633728027e-01,-4.051002264022827148e-01,0.000000000000000000e+00
1.341698877513408661e-02,-9.163322448730468750e-01,-2.458771914243698120e-01,1.464288830757141113e-01,-9.233086705207824707e-01,-3.550488948822021484e-01,0.000000000000000000e+00
-5.186787247657775879e-01,1.893362402915954590e-01,8.076657056808471680e-01,-4.818862080574035645e-01,1.246160268783569336e-01,8.673272132873535156e-01,0.000000000000000000e+00
-5.600959658622741699e-01,-5.481097698211669922e-01,-5.839293003082275391e-01,-5.836189985275268555e-01,-6.247749328613281250e-01,-5.186955928802490234e-01,0.000000000000000000e+00
-6.940248012542724609e-01,-6.454113125801086426e-01,8.468805253505706787e-02,-6.336469054222106934e-01,-7.622527480125427246e-01,1.321452260017395020e-01,0.000000000000000000e+00
-6.438918411731719971e-02,-3.750890195369720459e-01,-8.754931688308715820e-01,2.114459425210952759e-01,-4.377813339233398438e-01,-8.738638758659362793e-01,0.000000000000000000e+00
1.006991490721702576e-01,-6.519592404365539551e-01,-6.898197531700134277e-01,1.108561679720878601e-01,-6.810299158096313477e-01,-7.238157391548156738e-01,0.000000000000000000e+00
-9.152240157127380371e-01,-7.640134543180465698e-02,3.386448323726654053e-01,-9.427940845489501953e-01,-6.155196577310562134e-02,3.276441395282745361e-01,0.000000000000000000e+00
-9.558773040771484375e-02,1.452220529317855835e-01,9.542800784111022949e-01,-6.118347868323326111e-02,1.609736829996109009e-01,9.850604534149169922e-01,0.000000000000000000e+00
-1.695186644792556763e-01,1.801804080605506897e-02,-9.525169134140014648e-01,-1.353650391101837158e-01,3.151752799749374390e-02,-9.902943968772888184e-01,0.000000000000000000e+00
-6.362189054489135742e-01,-2.861556112766265869e-01,-6.783497929573059082e-01,-6.105784177780151367e-01,-3.195719718933105469e-01,-7.246156334877014160e-01,0.000000000000000000e+00
-1.074474081397056580e-01,-7.322856038808822632e-02,9.539891481399536133e-01,-2.784645929932594299e-02,-1.110789626836776733e-01,9.934213757514953613e-01,0.000000000000000000e+00
-2.342193722724914551e-01,-1.020714119076728821e-01,9.307270646095275879e-01,-2.165214270353317261e-01,-1.269042491912841797e-01,9.679947495460510254e-01,0.000000000000000000e+00
2.679857313632965088e-01,-7.959185838699340820e-01,-4.302935004234313965e-01,3.080624341964721680e-01,-8.414242863655090332e-01,-4.439625144004821777e-01,0.000000000000000000e+00
-7.210564017295837402e-01,6.360031962394714355e-01,-1.392707675695419312e-01,-6.328949928283691406e-01,7.601812481880187988e-01,-1.468618661165237427e-01,0.000000000000000000e+00
-8.926203846931457520e-01,-2.475901395082473755e-01,-3.169986903667449951e-01,-9.075598120689392090e-01,-2.363940477371215820e-01,-3.470633924007415771e-01,0.000000000000000000e+00
7.851655483245849609e-01,-2.216622829437255859e-01,-4.759366512298583984e-01,8.244107365608215332e-01,-2.753416299819946289e-01,-4.945037066936492920e-01,0.000000000000000000e+00
-1.677762903273105621e-02,8.313586711883544922e-01,4.855951666831970215e-01,1.586914993822574615e-02,7.417350411415100098e-01,6.705052852630615234e-01,0.000000000000000000e+00
8.157379180192947388e-02,1.857008934020996094e-01,-9.451861381530761719e-01,1.317890267819166183e-02,1.928783059120178223e-01,-9.811341762542724609e-01,0.000000000000000000e+00
8.488055467605590820e-01,-2.988038063049316406e-01,1.712119877338409424e-01,9.293861985206604004e-01,-2.752751708030700684e-01,2.458961457014083862e-01,0.000000000000000000e+00
5.687640309333801270e-01,3.868025839328765869e-01,6.682611107826232910e-01,6.272957921028137207e-01,4.009320735931396484e-01,6.676477193832397461e-01,0.000000000000000000e+00
2.621356248855590820e-01,8.151262402534484863e-01,4.190784990787506104e-01,3.870520293712615967e-01,7.153527736663818359e-01,5.817741155624389648e-01,0.000000000000000000e+00
9.114978313446044922e-01,2.160392701625823975e-01,1.323604583740234375e-01,9.699113965034484863e-01,2.411243915557861328e-01,3.362892940640449524e-02,0.000000000000000000e+00
5.430946350097656250e-01,-6.355466246604919434e-01,4.423392415046691895e-01,4.637689292430877686e-01,-6.600224375724792480e-01,5.910065174102783203e-01,0.000000000000000000e+00
5.791699886322021484e-01,7.091876864433288574e-01,2.105253934860229492e-01,5.871443748474121094e-01,7.994251251220703125e-01,1.272041499614715576e-01,0.000000000000000000e+00
3.970212768763303757e-03,9.252349138259887695e-01,-3.037797510623931885e-01,5.048105493187904358e-02,9.485409855842590332e-01,-3.126046657562255859e-01,0.000000000000000000e+00
2.659688293933868408e-01,9.306210875511169434e-01,1.322345286607742310e-01,2.306382358074188232e-01,9.709526300430297852e-01,6.369480490684509277e-02,0.000000000000000000e+00
8.873437345027923584e-02,-5.753675699234008789e-01,7.481057047843933105e-01,2.399650812149047852e-01,-5.370597243309020996e-01,8.086925148963928223e-01,0.000000000000000000e+00
3.202838599681854248e-01,8.422313928604125977e-01,3.432793319225311279e-01,4.515543282032012939e-01,7.237414121627807617e-01,5.218209028244018555e-01,0.000000000000000000e+00
-3.920102417469024658e-01,-2.896571457386016846e-01,8.348479270935058594e-01,-3.789491653442382812e-01,-3.780478835105895996e-01,8.446758985519409180e-01,0.000000000000000000e+00
8.796362876892089844e-01,-3.221502304077148438e-01,-7.834622263908386230e-02,9.095655679702758789e-01,-3.913313746452331543e-01,-1.398222297430038452e-01,0.000000000000000000e+00
8.608735799789428711e-01,3.734333515167236328e-01,1.187288090586662292e-01,9.216643571853637695e-01,3.844618201255798340e-01,5.219176411628723145e-02,0.000000000000000000e+00
8.908693194389343262e-01,2.011468261480331421e-01,2.450414001941680908e-01,9.389972686767578125e-01,1.783722341060638428e-01,2.940534353256225586e-01,0.000000000000000000e+00
5.551989376544952393e-02,-3.107874095439910889e-01,9.003894925117492676e-01,8.202584087848663330e-02,-3.145340979099273682e-01,9.456955194473266602e-01,0.000000000000000000e+00
2.803069539368152618e-02,8.695448637008666992e-01,-4.427838027477264404e-01,4.794310405850410461e-02,9.142571091651916504e-01,-4.022877216339111328e-01,0.000000000000000000e+00
1.356576336547732353e-03,-9.006778001785278320e-01,2.858647406101226807e-01,-4.632876813411712646e-02,-9.631643295288085938e-01,2.648926079273223877e-01,0.000000000000000000e+00
4.820189177989959717e-01,-7.933045625686645508e-01,-6.132260710000991821e-02,4.787445962429046631e-01,-8.752313852310180664e-01,-6.909162551164627075e-02,0.000000000000000000e+00
4.984301626682281494e-01,-5.860734581947326660e-01,-5.463406443595886230e-01,5.280699729919433594e-01,-6.318577527999877930e-01,-5.673604607582092285e-01,0.000000000000000000e+00
3.701975643634796143e-01,1.957365423440933228e-01,-8.661636114120483398e-01,4.673235416412353516e-01,1.970315724611282349e-01,-8.618510961532592773e-01,0.000000000000000000e+00
2.949793338775634766e-01,8.736175298690795898e-02,9.105580449104309082e-01,3.467549979686737061e-01,-4.598895832896232605e-02,9.368276000022888184e-01,0.000000000000000000e+00
7.253782749176025391e-01,-3.146525323390960693e-01,5.109651088714599609e-01,7.301360368728637695e-01,-3.512406945228576660e-01,5.861154794692993164e-01,0.000000000000000000e+00
5.280154943466186523e-01,7.916681766510009766e-01,1.293181329965591431e-01,6.552392840385437012e-01,7.124860882759094238e-01,2.510479688644409180e-01,0.000000000000000000e+00
-5.579578280448913574e-01,-5.466516017913818359e-01,-5.886031389236450195e-01,-6.317517161369323730e-01,-6.096408963203430176e-01,-4.787773191928863525e-01,0.000000000000000000e+00
-9.295787811279296875e-01,-3.121967613697052002e-01,2.772697014734148979e-03,-9.286463856697082520e-01,-3.701262772083282471e-01,2.494747936725616455e-02,0.000000000000000000e+00
-5.789006352424621582e-01,-7.728115916252136230e-01,4.476378485560417175e-02,-5.694136619567871094e-01,-8.218874335289001465e-01,1.640373282134532928e-02,0.000000000000000000e+00
7.335531711578369141e-01,-5.431035161018371582e-01,-2.096691727638244629e-01,7.668869495391845703e-01,-6.011736392974853516e-01,-2.246656417846679688e-01,0.000000000000000000e+00
3.255708217620849609e-01,3.409333294257521629e-03,-9.057998657226562500e-01,3.717504143714904785e-01,4.978549480438232422e-02,-9.269967675209045410e-01,0.000000000000000000e+00
2.219410389661788940e-01,-2.727979123592376709e-01,-8.938216567039489746e-01,2.075827270746231079e-01,-2.636639773845672607e-01,-9.420141577720642090e-01,0.000000000000000000e+00
6.257369518280029297e-01,-5.860041826963424683e-03,7.146620750427246094e-01,7.027067542076110840e-01,-1.081042177975177765e-02,7.113974690437316895e-01,0.000000000000000000e+00
4.317748844623565674e-01,1.224346533417701721e-01,8.455283045768737793e-01,4.737975001335144043e-01,1.276512742042541504e-01,8.713329434394836426e-01,0.000000000000000000e+00
2.326846122741699219e-01,-4.727323651313781738e-01,-8.025469779968261719e-01,2.314677536487579346e-01,-5.465604066848754883e-01,-8.047946095466613770e-01,0.000000000000000000e+00
7.229012250900268555e-01,-4.515001773834228516e-01,-3.964390158653259277e-01,7.940837740898132324e-01,-4.914254844188690186e-01,-3.576757609844207764e-01,0.000000000000000000e+00
8.703381419181823730e-01,9.721053391695022583e-02,-3.661060333251953125e-01,9.163368344306945801e-01,1.369705647230148315e-01,-3.762524425983428955e-01,0.000000000000000000e+00
-3.618845939636230469e-01,8.826934695243835449e-01,2.471297532320022583e-01,-3.569069504737854004e-01,8.940874934196472168e-01,2.706010937690734863e-01,0.000000000000000000e+00
5.217181444168090820e-01,7.975093126296997070e-01,1.288997381925582886e-01,5.927937626838684082e-01,7.820578217506408691e-01,1.923047304153442383e-01,0.000000000000000000e+00
-1.773183941841125488e-01,-7.881696224212646484e-01,-5.085017681121826172e-01,-2.305966317653656006e-01,-7.753161787986755371e-01,-5.879710912704467773e-01,0.000000000000000000e+00
-5.712696909904479980e-01,-7.779310941696166992e-01,2.770154364407062531e-02,-5.848876237869262695e-01,-8.104849457740783691e-01,-3.194716945290565491e-02,0.000000000000000000e+00
6.840697526931762695e-01,-5.659154057502746582e-01,-3.011123836040496826e-01,7.267296314239501953e-01,-6.247122287750244141e-01,-2.856547832489013672e-01,0.000000000000000000e+00
-3.366845548152923584e-01,-1.766345091164112091e-02,9.084917306900024414e-01,-2.789468765258789062e-01,-5.398930236697196960e-02,9.587876796722412109e-01,0.000000000000000000e+00
-9.415611624717712402e-01,1.947464793920516968e-01,-2.259001284837722778e-01,-9.360027313232421875e-01,2.020351886749267578e-01,-2.882371842861175537e-01,0.000000000000000000e+00
-6.862755417823791504e-01,-1.401283293962478638e-01,6.830927133560180664e-01,-6.740534305572509766e-01,-1.772145181894302368e-01,7.171101570129394531e-01,0.000000000000000000e+00
3.189365565776824951e-01,-8.764901161193847656e-01,-1.337536610662937164e-02,3.477731049060821533e-01,-9.364004731178283691e-01,-4.698984324932098389e-02,0.000000000000000000e+00
2.767112255096435547e-01,-4.835400879383087158e-01,7.433372735977172852e-01,3.232118189334869385e-01,-4.962057471275329590e-01,8.058001995086669922e-01,0.000000000000000000e+00
5.912976264953613281e-01,3.436277210712432861e-01,-6.682229042053222656e-01,6.315215229988098145e-01,3.799989819526672363e-01,-6.758559942245483398e-01,0.000000000000000000e+00
1.171020343899726868e-01,-8.339537978172302246e-01,-4.455451965332031250e-01,8.827647566795349121e-02,-8.521499037742614746e-01,-5.157982110977172852e-01,0.000000000000000000e+00
7.371459007263183594e-01,-4.488444030284881592e-01,3.110056817531585693e-01,8.001959919929504395e-01,-4.954271912574768066e-01,3.379915058612823486e-01,0.000000000000000000e+00
8.927454352378845215e-01,2.704517543315887451e-01,-5.675162374973297119e-02,9.325781464576721191e-01,2.909456193447113037e-01,2.136555016040802002e-01,0.000000000000000000e+00
-2.082881331443786621e-01,-4.556261301040649414e-01,-8.236817121505737305e-01,-2.640722095966339111e-01,-5.407823324203491211e-01,-7.986365556716918945e-01,0.000000000000000000e+00
-1.740288436412811279e-01,2.246517390012741089e-01,9.296322464942932129e-01,-1.450288295745849609e-01,2.275794148445129395e-01,9.628988504409790039e-01,0.000000000000000000e+00
5.223504304885864258e-01,6.268517971038818359e-01,-5.045559406280517578e-01,5.143011808395385742e-01,6.749456524848937988e-01,-5.290960073471069336e-01,0.000000000000000000e+00
7.359760999679565430e-01,5.697117447853088379e-01,9.467793256044387817e-02,7.724509239196777344e-01,6.350470185279846191e-01,-5.903643555939197540e-03,0.000000000000000000e+00
-8.094346523284912109e-01,-1.501102149486541748e-01,5.267172455787658691e-01,-8.538591861724853516e-01,-1.547834128141403198e-01,4.969573616981506348e-01,0.000000000000000000e+00
3.300827741622924805e-01,8.199903368949890137e-01,-3.965527415275573730e-01,3.768444955348968506e-01,8.289420604705810547e-01,-4.133319258689880371e-01,0.000000000000000000e+00
-2.718131542205810547e-01,2.763116955757141113e-01,-8.837973475456237793e-01,-1.690914183855056763e-01,2.759202420711517334e-01,-9.461902976036071777e-01,0.000000000000000000e+00
6.545913964509963989e-02,9.581475257873535156e-01,-1.526953577995300293e-01,1.068354323506355286e-01,9.884566664695739746e-01,-1.074227914214134216e-01,0.000000000000000000e+00
6.889964938163757324e-01,-6.113176941871643066e-01,-1.570795625448226929e-01,6.918686032295227051e-01,-6.882851719856262207e-01,-2.181315273046493530e-01,0.000000000000000000e+00
5.036054849624633789e-01,2.878736257553100586e-01,-7.618409395217895508e-01,5.302024483680725098e-01,3.069344460964202881e-01,-7.903648614883422852e-01,0.000000000000000000e+00
-8.822835683822631836e-01,-3.443813920021057129e-01,2.647851109504699707e-01,-9.132256507873535156e-01,-3.215825855731964111e-01,2.502070963382720947e-01,0.000000000000000000e+00
-3.218604326248168945e-01,-5.879712700843811035e-01,-6.996114253997802734e-01,-3.261609673500061035e-01,-5.735898613929748535e-01,-7.514078021049499512e-01,0.000000000000000000e+00
6.258581876754760742e-01,8.666642010211944580e-02,7.202727794647216797e-01,7.498854398727416992e-01,-2.375007420778274536e-02,6.611412763595581055e-01,0.000000000000000000e+00
-8.840116858482360840e-01,4.511025547981262207e-01,7.805553823709487915e-02,-8.880462646484375000e-01,4.597471058368682861e-01,-2.538263564929366112e-03,0.000000000000000000e+00
-2.098464518785476685e-01,-5.640197396278381348e-01,7.392701506614685059e-01,-1.667679995298385620e-01,-5.833677649497985840e-01,7.949028015136718750e-01,0.000000000000000000e+00
4.725764393806457520e-01,8.420693278312683105e-01,-3.683830425143241882e-02,5.033226609230041504e-01,8.636990189552307129e-01,-2.627393603324890137e-02,0.000000000000000000e+00
9.115359187126159668e-01,2.178798466920852661e-01,1.180647462606430054e-01,9.699113965034484863e-01,2.411243915557861328e-01,3.362892940640449524e-02,0.000000000000000000e+00
4.667396843433380127e-01,-4.518547058105468750e-01,6.817667484283447266e-01,4.196267426013946533e-01,-6.087239980697631836e-01,6.733264327049255371e-01,0.000000000000000000e+00
-4.151527583599090576e-01,3.752285838127136230e-01,-7.974048852920532227e-01,-3.432333171367645264e-01,4.376626312732696533e-01,-8.310489058494567871e-01,0.000000000000000000e+00
5.741806626319885254e-01,1.069816052913665771e-01,-7.577227354049682617e-01,6.242515444755554199e-01,8.024876564741134644e-02,-7.770908474922180176e-01,0.000000000000000000e+00
4.215791821479797363e-01,8.724315762519836426e-01,6.099227443337440491e-02,4.838763773441314697e-01,8.742233514785766602e-01,3.996404632925987244e-02,0.000000000000000000e+00
-3.270674943923950195e-01,9.097764492034912109e-01,1.980591416358947754e-01,-3.271866738796234131e-01,9.320622086524963379e-01,1.555921584367752075e-01,0.000000000000000000e+00
-7.914881110191345215e-01,5.666264891624450684e-01,-1.933337450027465820e-01,-6.682318449020385742e-01,6.945046782493591309e-01,-2.667011022567749023e-01,0.000000000000000000e+00
-1.355836987495422363e-01,-5.514184832572937012e-01,-7.670376896858215332e-01,1.579535454511642456e-01,-6.688160300254821777e-01,-7.264542579650878906e-01,0.000000000000000000e+00
7.662249207496643066e-01,2.401420921087265015e-01,5.077483057975769043e-01,8.103790879249572754e-01,2.880951464176177979e-01,5.101832151412963867e-01,0.000000000000000000e+00
-4.822664856910705566e-01,-7.962043285369873047e-01,2.721119523048400879e-01,-3.801880180835723877e-01,-8.530526757240295410e-01,3.574327826499938965e-01,0.000000000000000000e+00
9.179503917694091797e-01,1.569867432117462158e-01,5.397578328847885132e-02,9.743174314498901367e-01,1.148403286933898926e-01,-1.936938017606735229e-01,0.000000000000000000e+00
-1.962644457817077637e-01,-3.197964131832122803e-01,-8.954564929008483887e-01,-1.531875431537628174e-01,-2.775299251079559326e-01,-9.484254121780395508e-01,0.000000000000000000e+00
3.910162746906280518e-01,-4.382286071777343750e-01,7.424293756484985352e-01,3.810313940048217773e-01,-6.310308575630187988e-01,6.757330894470214844e-01,0.000000000000000000e+00
-8.450580239295959473e-01,-4.966433048248291016e-01,1.533679850399494171e-02,-8.525241613388061523e-01,-5.109350085258483887e-01,1.102177947759628296e-01,0.000000000000000000e+00
2.887131571769714355e-01,6.716825962066650391e-01,6.352199316024780273e-01,2.885476350784301758e-01,6.951012611389160156e-01,6.584637761116027832e-01,0.000000000000000000e+00
1.256716847419738770e-01,6.675558090209960938e-01,-6.988071799278259277e-01,1.327481418848037720e-01,6.588284373283386230e-01,-7.404883503913879395e-01,0.000000000000000000e+00
-3.733553290367126465e-01,-3.223233669996261597e-02,-8.990339636802673340e-01,-4.081157445907592773e-01,1.720840781927108765e-01,-8.965649008750915527e-01,0.000000000000000000e+00
6.614875793457031250e-01,-4.787077009677886963e-02,-6.881918907165527344e-01,6.332807540893554688e-01,-3.429570794105529785e-02,-7.731618881225585938e-01,0.000000000000000000e+00
-5.276404023170471191e-01,5.432688593864440918e-01,-5.988718271255493164e-01,-4.888931810855865479e-01,6.262472867965698242e-01,-6.072872281074523926e-01,0.000000000000000000e+00
-4.288956820964813232e-01,8.800581693649291992e-01,1.274325251579284668e-01,-4.703041613101959229e-01,8.785058259963989258e-01,8.391346037387847900e-02,0.000000000000000000e+00
-1.785949245095252991e-02,-6.174729466438293457e-01,-7.238551974296569824e-01,-1.054178103804588318e-01,-5.327247381210327148e-01,-8.396972417831420898e-01,0.000000000000000000e+00
4.040619134902954102e-01,-5.238698720932006836e-01,-6.802945137023925781e-01,4.900270700454711914e-01,-5.479891300201416016e-01,-6.779243350028991699e-01,0.000000000000000000e+00
3.384081646800041199e-02,-6.326269507408142090e-01,-7.158932089805603027e-01,5.375485867261886597e-02,-6.633030772209167480e-01,-7.464177608489990234e-01,0.000000000000000000e+00
-1.015331372618675232e-01,-5.632969141006469727e-01,-7.496665716171264648e-01,1.083817481994628906e-01,-6.456313133239746094e-01,-7.559190392494201660e-01,0.000000000000000000e+00
-7.345799207687377930e-01,6.310309171676635742e-01,2.105320543050765991e-01,-7.012456059455871582e-01,6.438750028610229492e-01,3.060711324214935303e-01,0.000000000000000000e+00
5.401963591575622559e-01,-1.410861164331436157e-01,7.612640857696533203e-01,5.569665431976318359e-01,-1.422552317380905151e-01,8.182613849639892578e-01,0.000000000000000000e+00
-2.848318815231323242e-01,6.346647739410400391e-01,6.885569691658020020e-01,-2.485921084880828857e-01,6.604023575782775879e-01,7.085694670677185059e-01,0.000000000000000000e+00
6.904884241521358490e-03,-9.292928576469421387e-01,-2.106959670782089233e-01,1.220201514661312103e-02,-9.561020731925964355e-01,-2.927797436714172363e-01,0.000000000000000000e+00
-2.228580117225646973e-01,-4.040681719779968262e-01,-8.544008135795593262e-01,-3.024688363075256348e-01,-4.254918694496154785e-01,-8.529180884361267090e-01,0.000000000000000000e+00
-5.687445998191833496e-01,-3.196624517440795898e-01,7.155789732933044434e-01,-5.840615630149841309e-01,-3.177509307861328125e-01,7.469313740730285645e-01,0.000000000000000000e+00
4.410026371479034424e-01,8.549407124519348145e-01,-9.847996383905410767e-02,4.519306123256683350e-01,8.875033855438232422e-01,-8.998015522956848145e-02,0.000000000000000000e+00
-7.316046357154846191e-01,-1.295687854290008545e-01,6.388419270515441895e-01,-7.326543927192687988e-01,-1.510279774665832520e-01,6.636324524879455566e-01,0.000000000000000000e+00
-6.432610005140304565e-02,-6.957820653915405273e-01,6.496054530143737793e-01,-1.156428232789039612e-01,-7.370628714561462402e-01,6.658566594123840332e-01,0.000000000000000000e+00
-3.384203314781188965e-01,8.181447386741638184e-01,-4.229137599468231201e-01,-3.979191482067108154e-01,8.009592890739440918e-01,-4.473527967929840088e-01,0.000000000000000000e+00
3.074862360954284668e-01,-6.611304283142089844e-01,-6.098167300224304199e-01,3.890321552753448486e-01,-6.088442802429199219e-01,-6.913483738899230957e-01,0.000000000000000000e+00
2.763374149799346924e-01,-8.915019035339355469e-01,1.234785541892051697e-01,3.696130514144897461e-01,-9.245917797088623047e-01,9.228347241878509521e-02,0.000000000000000000e+00
-1.524677276611328125e-01,-7.684599161148071289e-01,5.438723564147949219e-01,-1.131612956523895264e-01,-8.029519915580749512e-01,5.852030515670776367e-01,0.000000000000000000e+00
7.574815750122070312e-01,-5.209721922874450684e-01,-1.794736981391906738e-01,7.960107326507568359e-01,-5.872588753700256348e-01,-1.466081142425537109e-01,0.000000000000000000e+00
-5.643142461776733398e-01,4.807733297348022461e-01,-6.443378925323486328e-01,-5.099584460258483887e-01,6.502065062522888184e-01,-5.631819367408752441e-01,0.000000000000000000e+00
-3.488495051860809326e-01,-5.460349377244710922e-03,-9.056948423385620117e-01,-3.724158704280853271e-01,1.083607673645019531e-01,-9.217181801795959473e-01,0.000000000000000000e+00
-2.661108076572418213e-01,8.671715855598449707e-01,-3.781636953353881836e-01,-2.382630258798599243e-01,8.746285438537597656e-01,-4.222033321857452393e-01,0.000000000000000000e+00
1.661199778318405151e-01,8.997088074684143066e-01,-3.270249664783477783e-01,1.766476333141326904e-01,9.223945736885070801e-01,-3.434878289699554443e-01,0.000000000000000000e+00
7.689332962036132812e-01,-5.345056653022766113e-01,-2.237075939774513245e-02,8.058016300201416016e-01,-5.921548008918762207e-01,-6.036572623997926712e-03,0.000000000000000000e+00
4.357689321041107178e-01,4.577201306819915771e-01,7.223157882690429688e-01,5.267251729965209961e-01,4.392132163047790527e-01,7.277721762657165527e-01,0.000000000000000000e+00
7.182446718215942383e-01,-4.507513344287872314e-01,-4.077481329441070557e-01,7.892583608627319336e-01,-4.888189435005187988e-01,-3.716548085212707520e-01,0.000000000000000000e+00
-4.203246831893920898e-01,4.726492464542388916e-01,7.555361986160278320e-01,-4.018727838993072510e-01,3.668271601200103760e-01,8.390089869499206543e-01,0.000000000000000000e+00
1.090617850422859192e-01,-1.044099256396293640e-01,-9.538687467575073242e-01,4.450434073805809021e-02,-2.998932600021362305e-01,-9.529340863227844238e-01,0.000000000000000000e+00
-3.563577532768249512e-01,5.728247165679931641e-01,7.125318646430969238e-01,-3.390517830848693848e-01,5.635249614715576172e-01,7.533150315284729004e-01,0.000000000000000000e+00
-6.543169617652893066e-01,-6.879904866218566895e-01,-1.535230427980422974e-01,-3.778094351291656494e-01,-9.258104562759399414e-01,1.161953713744878769e-02,0.000000000000000000e+00
-8.451141715049743652e-01,3.417940437793731689e-01,3.807291686534881592e-01,-8.321508169174194336e-01,1.448917388916015625e-01,5.352862477302551270e-01,0.000000000000000000e+00
-2.046111673116683960e-01,1.375908702611923218e-01,-9.333617091178894043e-01,-1.312904506921768188e-01,1.451347619295120239e-01,-9.806624054908752441e-01,0.000000000000000000e+00
-9.344140291213989258e-01,-2.847293913364410400e-01,6.328202039003372192e-02,-9.674599170684814453e-01,-2.467567920684814453e-01,5.596734955906867981e-02,0.000000000000000000e+00
8.308376669883728027e-01,2.518978416919708252e-01,3.884721994400024414e-01,8.845821619033813477e-01,3.288207948207855225e-01,3.307436108589172363e-01,0.000000000000000000e+00
-4.301812648773193359e-01,-8.304857611656188965e-01,-2.220892757177352905e-01,-4.314017593860626221e-01,-8.820326328277587891e-01,-1.895018219947814941e-01,0.000000000000000000e+00
-8.108640909194946289e-01,-2.141450941562652588e-01,-5.138549804687500000e-01,-8.362078666687011719e-01,-2.319412976503372192e-01,-4.969503283500671387e-01,0.000000000000000000e+00
-8.151260614395141602e-01,-7.786122709512710571e-02,-5.463396906852722168e-01,-8.267952203750610352e-01,-1.207187846302986145e-01,-5.493966341018676758e-01,0.000000000000000000e+00
9.069197177886962891e-01,-1.139865592122077942e-01,8.797420561313629150e-02,9.871012568473815918e-01,-1.538202017545700073e-01,4.438984021544456482e-02,0.000000000000000000e+00
-6.071174144744873047e-01,6.565895080566406250e-01,-3.987349569797515869e-01,-6.956498026847839355e-01,5.662040710449218750e-01,-4.421359896659851074e-01,0.000000000000000000e+00
5.392220020294189453e-01,1.905539333820343018e-01,7.632730603218078613e-01,6.031970977783203125e-01,1.391763985157012939e-01,7.853554487228393555e-01,0.000000000000000000e+00
1.475536972284317017e-01,-8.269066214561462402e-01,4.335124194622039795e-01,2.063074260950088501e-01,-8.564568161964416504e-01,4.732007682323455811e-01,0.000000000000000000e+00
5.176172852516174316e-01,5.083401203155517578e-01,-6.298298835754394531e-01,5.997291207313537598e-01,5.030922293663024902e-01,-6.222726106643676758e-01,0.000000000000000000e+00
6.154494881629943848e-01,-4.041858483105897903e-03,7.231925129890441895e-01,6.192373633384704590e-01,-1.119396835565567017e-01,7.771837115287780762e-01,0.000000000000000000e+00
-3.028959929943084717e-01,2.621821761131286621e-01,-8.815045356750488281e-01,-2.100495249032974243e-01,2.131335735321044922e-01,-9.541767239570617676e-01,0.000000000000000000e+00
7.315338850021362305e-01,5.752034783363342285e-01,6.319608539342880249e-02,7.925378680229187012e-01,6.024367213249206543e-01,9.462404251098632812e-02,0.000000000000000000e+00
1.262282282114028931e-01,3.561231493949890137e-01,8.883261680603027344e-01,1.560093909502029419e-01,3.153671026229858398e-01,9.360580444335937500e-01,0.000000000000000000e+00
-5.108065009117126465e-01,-7.232438921928405762e-01,-3.643928468227386475e-01,-3.170641660690307617e-01,-9.187089800834655762e-01,-2.354657202959060669e-01,0.000000000000000000e+00
-9.697934985160827637e-01,-1.278157383203506470e-01,7.402925938367843628e-02,-9.821612238883972168e-01,-1.560758948326110840e-01,1.048794165253639221e-01,0.000000000000000000e+00
-4.633726552128791809e-02,7.532870173454284668e-01,6.286623477935791016e-01,-2.333105728030204773e-02,7.999560236930847168e-01,5.996048450469970703e-01,0.000000000000000000e+00
-5.327892303466796875e-01,-7.829987406730651855e-01,-1.683953851461410522e-01,-6.431925892829895020e-01,-7.212430834770202637e-01,-2.571220695972442627e-01,0.000000000000000000e+00
-8.789348602294921875e-01,-1.011697500944137573e-01,-4.293778538703918457e-01,-9.133248329162597656e-01,-1.256845891475677490e-01,-3.873514831066131592e-01,0.000000000000000000e+00
7.054659128189086914e-01,4.666352868080139160e-01,4.315302371978759766e-01,7.807080149650573730e-01,4.623607695102691650e-01,4.203777909278869629e-01,0.000000000000000000e+00
1.553942859172821045e-01,-7.287407517433166504e-01,5.848233699798583984e-01,1.602126657962799072e-01,-7.799364328384399414e-01,6.050050258636474609e-01,0.000000000000000000e+00
-4.807495474815368652e-01,-4.876142442226409912e-01,6.472981572151184082e-01,-4.605530202388763428e-01,-5.861108899116516113e-01,6.666070222854614258e-01,0.000000000000000000e+00
8.819525241851806641e-01,7.522770762443542480e-02,-3.448299765586853027e-01,9.250367283821105957e-01,1.245917528867721558e-01,-3.588648140430450439e-01,0.000000000000000000e+00
1.679925918579101562e-01,2.505124919116497040e-02,9.469481110572814941e-01,1.485986858606338501e-01,5.379317328333854675e-03,9.888829588890075684e-01,0.000000000000000000e+00
-2.579793632030487061e-01,7.662476301193237305e-01,-5.543321371078491211e-01,-2.682927250862121582e-01,7.772070765495300293e-01,-5.691820383071899414e-01,0.000000000000000000e+00
-5.592241883277893066e-01,6.422128677368164062e-01,4.934587180614471436e-01,-5.635390281677246094e-01,6.019013524055480957e-01,5.658078789710998535e-01,0.000000000000000000e+00
-1.702459454536437988e-01,6.350197792053222656e-01,-7.245867848396301270e-01,-2.175832837820053101e-01,6.329852342605590820e-01,-7.429584264755249023e-01,0.000000000000000000e+00
-9.310510009527206421e-02,9.702658653259277344e-01,1.124091371893882751e-01,-8.082218468189239502e-02,9.954580068588256836e-01,5.031092092394828796e-02,0.000000000000000000e+00
6.013230681419372559e-01,-3.176434934139251709e-01,6.596595644950866699e-01,6.084077954292297363e-01,-3.259069323539733887e-01,7.236191034317016602e-01,0.000000000000000000e+00
-6.351093649864196777e-01,2.434193342924118042e-01,-7.039797902107238770e-01,-6.547028422355651855e-01,2.857003808021545410e-01,-6.998138427734375000e-01,0.000000000000000000e+00
-3.008973002433776855e-01,-2.062620073556900024e-01,-9.054426550865173340e-01,-3.642866611480712891e-01,-2.381122708320617676e-01,-9.003320336341857910e-01,0.000000000000000000e+00
4.999919980764389038e-02,8.222931623458862305e-01,4.907145202159881592e-01,1.404136121273040771e-01,7.163612246513366699e-01,6.834549307823181152e-01,0.000000000000000000e+00
-3.748100996017456055e-01,-8.808232545852661133e-01,7.239886373281478882e-02,-4.291720986366271973e-01,-9.026577472686767578e-01,3.194227442145347595e-02,0.000000000000000000e+00
5.974368453025817871e-01,7.567819952964782715e-02,-7.426074147224426270e-01,5.989045500755310059e-01,9.827681630849838257e-02,-7.947672605514526367e-01,0.000000000000000000e+00
5.577967166900634766e-01,7.847666144371032715e-01,4.241342842578887939e-02,5.833643674850463867e-01,8.063412308692932129e-01,9.746722877025604248e-02,0.000000000000000000e+00
-9.429823160171508789e-01,2.984014451503753662e-01,-5.680995807051658630e-02,-9.684532880783081055e-01,2.481713742017745972e-01,-2.256562560796737671e-02,0.000000000000000000e+00
6.825574040412902832e-01,-4.216023683547973633e-01,4.893786311149597168e-01,6.929658055305480957e-01,-5.815730690956115723e-01,4.261116385459899902e-01,0.000000000000000000e+00
5.357526540756225586e-01,-7.175875902175903320e-01,2.927263677120208740e-01,6.136019229888916016e-01,-7.587355971336364746e-01,2.186617851257324219e-01,0.000000000000000000e+00
-5.811470746994018555e-01,-7.712720036506652832e-01,3.959811851382255554e-02,-5.848876237869262695e-01,-8.104849457740783691e-01,-3.194716945290565491e-02,0.000000000000000000e+00
-1.738851219415664673e-01,4.368217289447784424e-01,8.557679057121276855e-01,-1.559223681688308716e-01,3.968969285488128662e-01,9.045225381851196289e-01,0.000000000000000000e+00
-9.005059599876403809e-01,-3.814259171485900879e-01,6.650225818157196045e-02,-9.262060523033142090e-01,-3.743295073509216309e-01,4.494184255599975586e-02,0.000000000000000000e+00
-2.012600451707839966e-01,1.508497893810272217e-01,-9.316396117210388184e-01,-3.469382226467132568e-02,1.831573098897933960e-01,-9.824712276458740234e-01,0.000000000000000000e+00
2.515780627727508545e-01,3.410448431968688965e-01,8.687686324119567871e-01,3.119666576385498047e-01,2.924874424934387207e-01,9.039512872695922852e-01,0.000000000000000000e+00
-3.213046863675117493e-02,8.128797411918640137e-01,-5.434799194335937500e-01,-2.241768641397356987e-03,8.222296237945556641e-01,-5.691515207290649414e-01,0.000000000000000000e+00
-5.155902504920959473e-01,-4.426988959312438965e-01,6.784772872924804688e-01,-3.888007998466491699e-01,-6.745274662971496582e-01,6.275720000267028809e-01,0.000000000000000000e+00
6.585016846656799316e-02,-4.092918038368225098e-01,8.480468392372131348e-01,1.461668964475393295e-02,-5.736122727394104004e-01,8.189965486526489258e-01,0.000000000000000000e+00
-1.386810094118118286e-01,2.539700269699096680e-01,-9.041961431503295898e-01,-7.642023265361785889e-02,2.649011611938476562e-01,-9.612426161766052246e-01,0.000000000000000000e+00
9.644195437431335449e-02,4.660705626010894775e-01,-8.476182222366333008e-01,1.325869709253311157e-01,2.864655256271362305e-01,-9.488720893859863281e-01,0.000000000000000000e+00
-2.540304064750671387e-01,-6.494367122650146484e-01,6.565502285957336426e-01,-2.780529260635375977e-01,-6.603245139122009277e-01,6.976088881492614746e-01,0.000000000000000000e+00
5.714156627655029297e-01,-6.481744647026062012e-01,3.792711198329925537e-01,6.890131831169128418e-01,-6.770958900451660156e-01,2.584608197212219238e-01,0.000000000000000000e+00
4.872552156448364258e-01,4.894690811634063721e-01,6.676843762397766113e-01,5.512996912002563477e-01,4.643008708953857422e-01,6.931762695312500000e-01,0.000000000000000000e+00
6.489174365997314453e-01,-5.299577116966247559e-01,-4.284161329269409180e-01,7.095571160316467285e-01,-5.865947604179382324e-01,-3.904295861721038818e-01,0.000000000000000000e+00
-7.901309728622436523e-01,5.632381439208984375e-01,-2.049577832221984863e-01,-6.568045616149902344e-01,6.950519680976867676e-01,-2.924218475818634033e-01,0.000000000000000000e+00
6.413682699203491211e-01,-2.263136953115463257e-01,-6.590676903724670410e-01,6.934846043586730957e-01,-2.654198408126831055e-01,-6.697995662689208984e-01,0.000000000000000000e+00
5.064538121223449707e-01,8.131616115570068359e-01,-1.312016099691390991e-01,5.405976772308349609e-01,8.364950418472290039e-01,-8.961176872253417969e-02,0.000000000000000000e+00
5.351236462593078613e-01,-6.698759198188781738e-01,-3.777549564838409424e-01,5.812172293663024902e-01,-7.299441695213317871e-01,-3.596776723861694336e-01,0.000000000000000000e+00
-1.261939257383346558e-01,2.781634405255317688e-02,-9.527328610420227051e-01,5.885838717222213745e-02,1.189749985933303833e-01,-9.911511540412902832e-01,0.000000000000000000e+00
-7.358651161193847656e-01,4.667377173900604248e-01,4.556351602077484131e-01,-7.523934245109558105e-01,4.691422581672668457e-01,4.623955786228179932e-01,0.000000000000000000e+00
1.271681040525436401e-01,-8.309996724128723145e-01,4.349920749664306641e-01,2.063074260950088501e-01,-8.564568161964416504e-01,4.732007682323455811e-01,0.000000000000000000e+00
-7.395227551460266113e-01,1.922969073057174683e-01,6.151471734046936035e-01,-7.306445837020874023e-01,1.548644155263900757e-01,6.649627685546875000e-01,0.000000000000000000e+00
-7.373720407485961914e-01,4.834223687648773193e-01,-4.536399543285369873e-01,-7.214770913124084473e-01,5.133702754974365234e-01,-4.646738469600677490e-01,0.000000000000000000e+00
4.547414183616638184e-01,3.711028099060058594e-01,-7.637878060340881348e-01,5.595013499259948730e-01,3.894977867603302002e-01,-7.316076159477233887e-01,0.000000000000000000e+00
1.651637605391442776e-03,7.574902176856994629e-01,6.141811609268188477e-01,1.206954270601272583e-01,8.072791099548339844e-01,5.776963233947753906e-01,0.000000000000000000e+00
4.819707572460174561e-01,-4.280250072479248047e-01,6.932379007339477539e-01,5.751782059669494629e-01,-4.994730949401855469e-01,6.478400230407714844e-01,0.000000000000000000e+00
-7.683564722537994385e-02,-8.425963521003723145e-01,-4.434905052185058594e-01,-7.810214906930923462e-02,-9.029189348220825195e-01,-4.226552844047546387e-01,0.000000000000000000e+00
6.374160945415496826e-02,-9.250328540802001953e-01,1.847342699766159058e-01,2.823569811880588531e-02,-9.850856661796569824e-01,1.697321832180023193e-01,0.000000000000000000e+00
-5.191286802291870117e-01,4.331245124340057373e-01,-7.087702751159667969e-01,-4.661297798156738281e-01,3.925982713699340820e-01,-7.928364276885986328e-01,0.000000000000000000e+00
5.009945631027221680e-01,-7.822735309600830078e-01,-6.803262233734130859e-02,5.033834576606750488e-01,-8.629932999610900879e-01,-4.298368841409683228e-02,0.000000000000000000e+00
-1.351439952850341797e-01,9.694147706031799316e-01,7.845840603113174438e-02,-6.660808622837066650e-02,9.961080551147460938e-01,5.772444233298301697e-02,0.000000000000000000e+00
-1.404897719621658325e-01,1.633174121379852295e-01,-9.284890890121459961e-01,6.496895104646682739e-02,2.635243833065032959e-01,-9.624624252319335938e-01,0.000000000000000000e+00
3.649300038814544678e-01,-1.230342611670494080e-01,-8.812844753265380859e-01,4.500511288642883301e-01,-3.237982988357543945e-01,-8.322311043739318848e-01,0.000000000000000000e+00
-5.556442141532897949e-01,-7.805766463279724121e-01,-8.625286072492599487e-02,-6.095274090766906738e-01,-7.887136340141296387e-01,-8.004472404718399048e-02,0.000000000000000000e+00
4.091010391712188721e-01,2.000990509986877441e-01,8.437851667404174805e-01,5.104075074195861816e-01,1.653609424829483032e-01,8.438838720321655273e-01,0.000000000000000000e+00
-4.931817948818206787e-02,-3.294372260570526123e-01,-8.929197788238525391e-01,2.277399003505706787e-01,-3.934117257595062256e-01,-8.907085657119750977e-01,0.000000000000000000e+00
-3.675848245620727539e-01,5.878926515579223633e-01,6.960734724998474121e-01,-3.348064124584197998e-01,5.711700916290283203e-01,7.494460344314575195e-01,0.000000000000000000e+00
3.938264846801757812e-01,-4.398923516273498535e-01,7.392910122871398926e-01,3.810313940048217773e-01,-6.310308575630187988e-01,6.757330894470214844e-01,0.000000000000000000e+00
7.344477176666259766e-01,-5.848921537399291992e-01,6.019058451056480408e-02,7.834259867668151855e-01,-6.212183237075805664e-01,-1.820625178515911102e-02,0.000000000000000000e+00
8.935229778289794922e-01,-1.756353080272674561e-01,1.098038777709007263e-01,9.683802723884582520e-01,-2.411506474018096924e-01,6.392148137092590332e-02,0.000000000000000000e+00
-6.556254625320434570e-01,-6.618158221244812012e-01,-2.966853380203247070e-01,-6.383082866668701172e-01,-7.109149694442749023e-01,-2.952328324317932129e-01,0.000000000000000000e+00
-4.503990411758422852e-01,5.985137224197387695e-01,-6.218382716178894043e-01,-5.950827002525329590e-01,4.124034345149993896e-01,-6.897825598716735840e-01,0.000000000000000000e+00
-1.901024766266345978e-02,5.465993285179138184e-01,-8.137128949165344238e-01,-9.496286511421203613e-02,5.448923707008361816e-01,-8.331112265586853027e-01,0.000000000000000000e+00
7.104675769805908203e-01,3.600061833858489990e-01,5.202250480651855469e-01,7.940698266029357910e-01,3.320459425449371338e-01,5.091155767440795898e-01,0.000000000000000000e+00
-4.848574995994567871e-01,-8.314722776412963867e-01,-1.934896595776081085e-02,-4.025202393531799316e-01,-9.143780469894409180e-01,4.347625374794006348e-02,0.000000000000000000e+00
-2.497277855873107910e-01,-9.191107749938964844e-01,-9.338688105344772339e-02,-2.041770070791244507e-01,-9.766792654991149902e-01,-6.640300154685974121e-02,0.000000000000000000e+00
-6.094526052474975586e-01,2.046800218522548676e-03,7.665479779243469238e-01,-6.407829523086547852e-01,-4.657167568802833557e-02,7.663082480430603027e-01,0.000000000000000000e+00
-1.098080798983573914e-01,2.391715198755264282e-01,9.346938729286193848e-01,-8.804749697446823120e-02,2.849790155887603760e-01,9.544813036918640137e-01,0.000000000000000000e+00
8.998088240623474121e-01,-1.723326891660690308e-01,-2.258687317371368408e-01,9.380671381950378418e-01,-2.199604511260986328e-01,-2.676704227924346924e-01,0.000000000000000000e+00
-6.939179301261901855e-01,-2.014737427234649658e-01,6.595474481582641602e-01,-7.047418355941772461e-01,-2.358505129814147949e-01,6.691139340400695801e-01,0.000000000000000000e+00
-8.976675868034362793e-01,2.395456433296203613e-01,3.190822005271911621e-01,-9.064522385597229004e-01,3.422262892127037048e-02,4.209194481372833252e-01,0.000000000000000000e+00
-5.544417500495910645e-01,-1.748253405094146729e-01,-7.834510803222656250e-01,-5.402045249938964844e-01,-1.514253169298171997e-01,-8.277979493141174316e-01,0.000000000000000000e+00
-5.785722732543945312e-01,-2.422154694795608521e-01,-7.455967664718627930e-01,-5.634601116180419922e-01,-2.972042858600616455e-01,-7.708322405815124512e-01,0.000000000000000000e+00
-5.288071632385253906e-01,-8.004858493804931641e-01,-9.443920850753784180e-02,-6.095274090766906738e-01,-7.887136340141296387e-01,-8.004472404718399048e-02,0.000000000000000000e+00
4.618394970893859863e-01,-8.011700510978698730e-01,1.839416027069091797e-01,5.058783888816833496e-01,-8.356772661209106445e-01,2.138471454381942749e-01,0.000000000000000000e+00
6.164745613932609558e-02,-5.337008833885192871e-02,9.546177387237548828e-01,1.048409789800643921e-01,-8.721663057804107666e-02,9.906571507453918457e-01,0.000000000000000000e+00
-7.681363224983215332e-01,5.309597849845886230e-01,3.179352283477783203e-01,-7.667688131332397461e-01,5.011205077171325684e-01,4.011781215667724609e-01,0.000000000000000000e+00
9.147683978080749512e-01,-5.549832805991172791e-02,5.798865854740142822e-02,9.938148260116577148e-01,-8.189278095960617065e-02,7.500465214252471924e-02,0.000000000000000000e+00
-3.788919746875762939e-01,-4.935041069984436035e-01,7.060743570327758789e-01,-4.255337417125701904e-01,-4.891695678234100342e-01,7.613371014595031738e-01,0.000000000000000000e+00
1.342608332633972168e-01,7.856098413467407227e-01,5.336627960205078125e-01,1.653049439191818237e-01,8.963690996170043945e-01,4.113353192806243896e-01,0.000000000000000000e+00
-1.886483877897262573e-01,9.638845920562744141e-02,-9.410498738288879395e-01,-8.954464644193649292e-02,1.141508072614669800e-01,-9.894196987152099609e-01,0.000000000000000000e+00
-1.640846729278564453e-01,7.040154933929443359e-01,6.563445925712585449e-01,-1.841847449541091919e-01,7.315469384193420410e-01,6.564412117004394531e-01,0.000000000000000000e+00
-9.171098470687866211e-01,5.953639373183250427e-02,-3.504573106765747070e-01,-9.310083389282226562e-01,7.179958373308181763e-02,-3.578662574291229248e-01,0.000000000000000000e+00
-6.509838104248046875e-01,5.813124775886535645e-01,-4.206148982048034668e-01,-5.848640203475952148e-01,6.846643686294555664e-01,-4.349353015422821045e-01,0.000000000000000000e+00
5.975796580314636230e-01,7.189869880676269531e-01,1.314723044633865356e-01,7.077475786209106445e-01,6.266886591911315918e-01,3.261206746101379395e-01,0.000000000000000000e+00
5.554028749465942383e-01,5.510738492012023926e-01,5.536441206932067871e-01,6.548580527305603027e-01,5.257954597473144531e-01,5.428628325462341309e-01,0.000000000000000000e+00
5.531000494956970215e-01,4.953616559505462646e-01,6.083283424377441406e-01,6.064660549163818359e-01,5.428497791290283203e-01,5.809587240219116211e-01,0.000000000000000000e+00
6.804347038269042969e-01,5.727261900901794434e-01,-3.571702241897583008e-01,7.303537130355834961e-01,5.900022387504577637e-01,-3.442103862762451172e-01,0.000000000000000000e+00
-9.643020629882812500e-01,2.079355567693710327e-01,-7.667341083288192749e-02,-9.736247062683105469e-01,1.972370594739913940e-01,-1.146842166781425476e-01,0.000000000000000000e+00
-8.925401568412780762e-01,2.406523078680038452e-01,-3.397305011749267578e-01,-8.897970914840698242e-01,2.336734831333160400e-01,-3.919920623302459717e-01,0.000000000000000000e+00
-7.376530170440673828e-01,-4.615407288074493408e-01,4.305160641670227051e-01,-6.673076152801513672e-01,-6.164352297782897949e-01,4.179810285568237305e-01,0.000000000000000000e+00
4.872559607028961182e-01,-7.788268923759460449e-01,-1.527583897113800049e-01,5.011088848114013672e-01,-8.506080508232116699e-01,-1.592352092266082764e-01,0.000000000000000000e+00
4.576740264892578125e-01,1.641158461570739746e-01,8.238198161125183105e-01,4.542882442474365234e-01,1.841637045145034790e-01,8.716111183166503906e-01,0.000000000000000000e+00
3.114903569221496582e-01,7.339228987693786621e-01,5.506417155265808105e-01,2.943534255027770996e-01,7.705554962158203125e-01,5.653319954872131348e-01,0.000000000000000000e+00
-1.874948441982269287e-01,8.585908412933349609e-01,-4.381976723670959473e-01,-1.901215314865112305e-01,8.316037058830261230e-01,-5.218132734298706055e-01,0.000000000000000000e+00
5.046306252479553223e-01,1.547756642103195190e-01,7.969371676445007324e-01,5.971013307571411133e-01,1.812461465597152710e-01,7.814216613769531250e-01,0.000000000000000000e+00
-7.616655230522155762e-01,4.301012158393859863e-01,4.517384171485900879e-01,-7.334447503089904785e-01,4.412283599376678467e-01,5.170844793319702148e-01,0.000000000000000000e+00
3.507033288478851318e-01,-5.822446942329406738e-01,6.563234329223632812e-01,4.160661101341247559e-01,-4.609446525573730469e-01,7.838488817214965820e-01,0.000000000000000000e+00
-6.716978549957275391e-01,-5.217454433441162109e-01,4.241270720958709717e-01,-6.066502928733825684e-01,-6.579140424728393555e-01,4.462336897850036621e-01,0.000000000000000000e+00
5.839905142784118652e-01,7.126245498657226562e-01,-2.896417379379272461e-01,6.680032610893249512e-01,6.930910944938659668e-01,-2.709177732467651367e-01,0.000000000000000000e+00
-6.577678024768829346e-02,3.128685355186462402e-01,-9.073342084884643555e-01,-2.542988657951354980e-01,2.236545383930206299e-01,-9.409095048904418945e-01,0.000000000000000000e+00
-7.255490422248840332e-01,1.573359072208404541e-01,-6.391159296035766602e-01,-7.090423107147216797e-01,2.424289435148239136e-01,-6.621837019920349121e-01,0.000000000000000000e+00
-5.980123877525329590e-01,5.177705883979797363e-01,-5.682707428932189941e-01,-4.950629770755767822e-01,6.895627975463867188e-01,-5.285980105400085449e-01,0.000000000000000000e+00
-5.613695383071899414e-01,-1.533503085374832153e-01,7.772856354713439941e-01,-5.156542062759399414e-01,-2.278521955013275146e-01,8.259443640708923340e-01,0.000000000000000000e+00
8.053726553916931152e-01,4.530303478240966797e-01,2.130464613437652588e-01,8.839239478111267090e-01,3.796055912971496582e-01,2.730898261070251465e-01,0.000000000000000000e+00
7.636774182319641113e-01,-2.708704769611358643e-02,5.651229619979858398e-01,7.790881395339965820e-01,-1.409147232770919800e-01,6.108720898628234863e-01,0.000000000000000000e+00
-6.118224263191223145e-01,2.862183451652526855e-01,-7.102845907211303711e-01,-6.403028964996337891e-01,2.231378704309463501e-01,-7.349977493286132812e-01,0.000000000000000000e+00
3.907389342784881592e-01,-7.018913030624389648e-01,-4.961093962192535400e-01,4.003605544567108154e-01,-7.714058756828308105e-01,-4.946154057979583740e-01,0.000000000000000000e+00
-8.986686170101165771e-02,-8.850681781768798828e-01,-3.489565253257751465e-01,7.926756888628005981e-02,-9.491663575172424316e-01,-3.046306371688842773e-01,0.000000000000000000e+00
-3.694562613964080811e-02,-4.249886274337768555e-01,8.380944728851318359e-01,4.756735172122716904e-03,-7.072880268096923828e-01,7.069094777107238770e-01,0.000000000000000000e+00
-3.838059902191162109e-01,-8.266298770904541016e-01,3.045678138732910156e-01,-3.551127910614013672e-01,-8.901015520095825195e-01,2.856819331645965576e-01,0.000000000000000000e+00
9.235185980796813965e-01,1.393768340349197388e-01,-8.765862137079238892e-02,9.915685057640075684e-01,8.740095794200897217e-02,9.567108005285263062e-02,0.000000000000000000e+00
1.569429226219654083e-02,2.992480695247650146e-01,9.191767573356628418e-01,9.305488318204879761e-02,2.720585465431213379e-01,9.577708244323730469e-01,0.000000000000000000e+00
3.400686979293823242e-01,4.917552769184112549e-01,-7.600143551826477051e-01,3.879325985908508301e-01,4.293680787086486816e-01,-8.155680894851684570e-01,0.000000000000000000e+00
1.017000526189804077e-01,2.047468274831771851e-01,-9.401829242706298828e-01,7.367052137851715088e-02,2.292997092008590698e-01,-9.705638885498046875e-01,0.000000000000000000e+00
-4.726395383477210999e-02,7.493909001350402832e-01,-6.219254136085510254e-01,1.925705373287200928e-02,7.648004293441772461e-01,-6.439793705940246582e-01,0.000000000000000000e+00
4.912470579147338867e-01,1.779584586620330811e-01,-8.003340363502502441e-01,5.110918879508972168e-01,2.035510540008544922e-01,-8.350760340690612793e-01,0.000000000000000000e+00
-8.696195483207702637e-01,-1.451354473829269409e-01,4.251447618007659912e-01,-9.091687798500061035e-01,-1.445139944553375244e-01,3.905480802059173584e-01,0.000000000000000000e+00
5.382166504859924316e-01,3.722827136516571045e-01,7.017349600791931152e-01,5.776175260543823242e-01,3.967889249324798584e-01,7.133839130401611328e-01,0.000000000000000000e+00
-1.359590049833059311e-02,-9.448273181915283203e-01,3.240725398063659668e-02,-4.164271429181098938e-02,-9.981755614280700684e-01,4.371970519423484802e-02,0.000000000000000000e+00
9.307363033294677734e-01,7.073844224214553833e-02,1.397081166505813599e-01,9.896411895751953125e-01,5.599770322442054749e-02,1.321915984153747559e-01,0.000000000000000000e+00
3.305158019065856934e-01,2.024356424808502197e-01,-8.826364278793334961e-01,3.384138941764831543e-01,2.179725617170333862e-01,-9.154037237167358398e-01,0.000000000000000000e+00
5.278034806251525879e-01,-5.425883531570434570e-01,5.331465601921081543e-01,7.201258540153503418e-01,-3.400341272354125977e-01,6.048103570938110352e-01,0.000000000000000000e+00
6.232770681381225586e-01,-6.960717439651489258e-01,3.704252839088439941e-02,6.619583368301391602e-01,-7.492800951004028320e-01,1.976149156689643860e-02,0.000000000000000000e+00
-2.583635449409484863e-01,2.050717622041702271e-01,9.161559939384460449e-01,-2.551543414592742920e-01,2.321683317422866821e-01,9.386128783226013184e-01,0.000000000000000000e+00
-4.320483207702636719e-01,7.095771431922912598e-01,5.250685214996337891e-01,-4.688422083854675293e-01,6.904253959655761719e-01,5.509081482887268066e-01,0.000000000000000000e+00
-7.774224970489740372e-03,-1.070419177412986755e-01,9.533071517944335938e-01,-6.546705961227416992e-03,-1.303258389234542847e-01,9.914495944976806641e-01,0.000000000000000000e+00
2.371111512184143066e-01,7.187976837158203125e-01,-6.088762879371643066e-01,2.453124821186065674e-01,7.588472962379455566e-01,-6.033014059066772461e-01,0.000000000000000000e+00
-9.579854607582092285e-01,-1.434638798236846924e-01,1.547736972570419312e-01,-9.870235323905944824e-01,-1.085103973746299744e-01,1.183640137314796448e-01,0.000000000000000000e+00
5.075716376304626465e-01,-2.442498356103897095e-01,7.577084302902221680e-01,5.575013160705566406e-01,-2.371121793985366821e-01,7.955941557884216309e-01,0.000000000000000000e+00
1.862174421548843384e-01,7.431298494338989258e-02,9.411099553108215332e-01,1.939627677202224731e-01,9.794047474861145020e-02,9.761076569557189941e-01,0.000000000000000000e+00
4.692973494529724121e-01,7.041316628456115723e-01,4.638486802577972412e-01,5.359171032905578613e-01,6.934919357299804688e-01,4.815202653408050537e-01,0.000000000000000000e+00
-4.566760063171386719e-01,-7.907265424728393555e-01,-2.820698916912078857e-01,-4.871499836444854736e-01,-7.318426370620727539e-01,-4.765409231185913086e-01,0.000000000000000000e+00
-2.421800047159194946e-01,6.581214666366577148e-01,6.816331148147583008e-01,-2.322731167078018188e-01,6.413795948028564453e-01,7.312191128730773926e-01,0.000000000000000000e+00
-5.227336883544921875e-01,4.986189603805541992e-01,-6.526298522949218750e-01,-3.225538134574890137e-01,6.980133652687072754e-01,-6.393249630928039551e-01,0.000000000000000000e+00
1.279569715261459351e-01,-3.210478723049163818e-01,-8.960700035095214844e-01,7.295402884483337402e-02,-3.241374492645263672e-01,-9.431927800178527832e-01,0.000000000000000000e+00
-1.757592707872390747e-01,-2.263252139091491699e-01,9.180697798728942871e-01,-1.774103939533233643e-01,-2.220519334077835083e-01,9.587588310241699219e-01,0.000000000000000000e+00
-5.778156518936157227e-01,-4.103201925754547119e-01,6.611464023590087891e-01,-6.364932656288146973e-01,-4.608909487724304199e-01,6.184301376342773438e-01,0.000000000000000000e+00
-1.985382437705993652e-01,-4.493429064750671387e-01,7.997319698333740234e-01,-1.708851605653762817e-01,-5.663843154907226562e-01,8.062301278114318848e-01,0.000000000000000000e+00
-2.775490880012512207e-01,6.007193922996520996e-01,-7.211296558380126953e-01,-3.192748129367828369e-01,5.612585544586181641e-01,-7.635787129402160645e-01,0.000000000000000000e+00
3.414229154586791992e-01,-3.897118568420410156e-01,-8.045328259468078613e-01,4.591995179653167725e-01,-3.161883652210235596e-01,-8.301570415496826172e-01,0.000000000000000000e+00
7.900664806365966797e-01,3.344241082668304443e-01,-4.118654131889343262e-01,8.283304572105407715e-01,3.548442125320434570e-01,-4.335369467735290527e-01,0.000000000000000000e+00
-5.310554504394531250e-01,2.387826144695281982e-01,7.870028018951416016e-01,-5.120610594749450684e-01,2.467202693223953247e-01,8.227530121803283691e-01,0.000000000000000000e+00
-9.718721508979797363e-01,9.743130207061767578e-02,1.463363319635391235e-01,-9.433098435401916504e-01,1.621854305267333984e-01,2.895900905132293701e-01,0.000000000000000000e+00
1.937531232833862305e-01,8.217455744743347168e-01,-4.899808764457702637e-01,2.320335656404495239e-01,8.171182274818420410e-01,-5.277103185653686523e-01,0.000000000000000000e+00
4.359415173530578613e-01,9.480911493301391602e-02,-8.441486954689025879e-01,4.533271193504333496e-01,1.171155571937561035e-01,-8.836166858673095703e-01,0.000000000000000000e+00
9.338021278381347656e-01,-9.752570837736129761e-02,-3.031790442764759064e-02,9.939532876014709473e-01,-2.288458310067653656e-02,1.073927506804466248e-01,0.000000000000000000e+00
-5.931088328361511230e-01,-4.248785078525543213e-01,-6.452376842498779297e-01,-6.504226922988891602e-01,-3.475573956966400146e-01,-6.753918528556823730e-01,0.000000000000000000e+00
4.675866961479187012e-01,-7.942370176315307617e-01,-1.240818649530410767e-01,4.471876025199890137e-01,-8.882302045822143555e-01,-1.052158400416374207e-01,0.000000000000000000e+00
-7.532434463500976562e-01,-5.427599549293518066e-01,2.738627791404724121e-01,-5.313161611557006836e-01,-7.628353834152221680e-01,3.684905469417572021e-01,0.000000000000000000e+00
-4.256169795989990234e-01,-7.600678205490112305e-01,4.088048636913299561e-01,-4.016911685466766357e-01,-8.220905661582946777e-01,4.034987986087799072e-01,0.000000000000000000e+00
8.903392553329467773e-01,2.147471159696578979e-02,3.268415629863739014e-01,9.584975838661193848e-01,-9.152767807245254517e-02,2.700094878673553467e-01,0.000000000000000000e+00
4.269624650478363037e-01,-7.425044178962707520e-01,3.940211832523345947e-01,4.290583431720733643e-01,-8.031090497970581055e-01,4.134305715560913086e-01,0.000000000000000000e+00
7.400391101837158203e-01,-4.228277504444122314e-01,-3.971808254718780518e-01,8.334776163101196289e-01,-3.973758816719055176e-01,-3.839368522167205811e-01,0.000000000000000000e+00
-4.303921759128570557e-02,-8.603694438934326172e-01,-4.100100100040435791e-01,-5.732509493827819824e-02,-9.060242772102355957e-01,-4.193254709243774414e-01,0.000000000000000000e+00
8.973557949066162109e-01,-1.064059734344482422e-01,-2.760625779628753662e-01,9.467518925666809082e-01,-1.462283283472061157e-01,-2.868416011333465576e-01,0.000000000000000000e+00
-1.132567971944808960e-01,-7.611951231956481934e-01,5.614930987358093262e-01,-1.150243505835533142e-01,-8.040812015533447266e-01,5.832862257957458496e-01,0.000000000000000000e+00
-1.248631924390792847e-01,-3.971726894378662109e-01,8.570261001586914062e-01,-3.036602027714252472e-02,-5.645641088485717773e-01,8.248304128646850586e-01,0.000000000000000000e+00
1.570083387196063995e-02,9.593693017959594727e-01,2.011982798576354980e-01,3.355645388364791870e-02,9.733792543411254883e-01,2.267307043075561523e-01,0.000000000000000000e+00
5.915098786354064941e-01,7.599731087684631348e-01,-7.833819836378097534e-02,6.356492638587951660e-01,7.705580592155456543e-01,-4.680069535970687866e-02,0.000000000000000000e+00
-1.169299613684415817e-02,9.287838935852050781e-01,-2.945763766765594482e-01,2.784969657659530640e-02,9.548645615577697754e-01,-2.957331836223602295e-01,0.000000000000000000e+00
5.928524732589721680e-01,3.638374209403991699e-01,-6.571424007415771484e-01,6.257765889167785645e-01,3.040337562561035156e-01,-7.183085083961486816e-01,0.000000000000000000e+00
8.309097886085510254e-01,2.479972988367080688e-01,3.916120827198028564e-01,9.179963469505310059e-01,2.729663848876953125e-01,2.877013981342315674e-01,0.000000000000000000e+00
5.839239954948425293e-01,3.311409056186676025e-01,6.839799880981445312e-01,5.808952450752258301e-01,3.226509392261505127e-01,7.472999095916748047e-01,0.000000000000000000e+00
-2.677280008792877197e-01,8.482040762901306152e-01,-4.142405092716217041e-01,-2.237711846828460693e-01,8.531234860420227051e-01,-4.712820649147033691e-01,0.000000000000000000e+00
-1.050138697028160095e-01,9.726679921150207520e-01,5.484000593423843384e-02,-5.677972361445426941e-02,9.970265626907348633e-01,5.209728702902793884e-02,0.000000000000000000e+00
6.854422092437744141e-01,2.233691662549972534e-01,6.228466033935546875e-01,6.845408082008361816e-01,2.401117384433746338e-01,6.882951855659484863e-01,0.000000000000000000e+00
-1.656495332717895508e-01,8.809629678726196289e-01,3.972046971321105957e-01,-1.979900002479553223e-01,8.821756839752197266e-01,4.272774159908294678e-01,0.000000000000000000e+00
-5.688813328742980957e-01,-7.371996045112609863e-01,2.603762745857238770e-01,-6.779291629791259766e-01,-6.990164518356323242e-01,2.275698184967041016e-01,0.000000000000000000e+00
6.492804884910583496e-01,-2.254695892333984375e-01,-6.512101888656616211e-01,6.934846043586730957e-01,-2.654198408126831055e-01,-6.697995662689208984e-01,0.000000000000000000e+00
3.065932989120483398e-01,1.222083568572998047e-01,9.064255952835083008e-01,3.527409136295318604e-01,5.467445030808448792e-02,9.341223239898681641e-01,0.000000000000000000e+00
7.597226500511169434e-01,-4.719609022140502930e-02,5.653184652328491211e-01,7.544226050376892090e-01,-1.705800592899322510e-01,6.338366866111755371e-01,0.000000000000000000e+00
-2.311587333679199219e-01,-5.869221687316894531e-01,-7.334277033805847168e-01,-1.535313427448272705e-01,-6.846617460250854492e-01,-7.125071287155151367e-01,0.000000000000000000e+00
-2.865818440914154053e-01,8.945153951644897461e-01,3.025820553302764893e-01,-2.860989570617675781e-01,8.855231404304504395e-01,3.660548627376556396e-01,0.000000000000000000e+00
7.242395877838134766e-01,-8.210186660289764404e-02,-6.158981323242187500e-01,7.680435180664062500e-01,-1.225048899650573730e-01,-6.285711526870727539e-01,0.000000000000000000e+00
5.787183642387390137e-01,2.856778502464294434e-01,-7.070469856262207031e-01,6.021072268486022949e-01,3.368239104747772217e-01,-7.238898277282714844e-01,0.000000000000000000e+00
8.536922335624694824e-01,-2.643672525882720947e-01,2.701033055782318115e-01,9.160682559013366699e-01,-3.486588001251220703e-01,1.981313377618789673e-01,0.000000000000000000e+00
-2.394549995660781860e-01,7.958573698997497559e-01,4.931968152523040771e-01,-1.571631878614425659e-01,9.041328430175781250e-01,3.972952067852020264e-01,0.000000000000000000e+00
3.507390245795249939e-02,-4.422374069690704346e-01,8.224590420722961426e-01,4.704716801643371582e-02,-6.420133709907531738e-01,7.652485966682434082e-01,0.000000000000000000e+00
3.391136527061462402e-01,7.724872827529907227e-01,-4.759548902511596680e-01,4.197858572006225586e-01,7.638263106346130371e-01,-4.902542531490325928e-01,0.000000000000000000e+00
5.771635770797729492e-01,-7.346253395080566406e-01,4.201966151595115662e-02,6.115090847015380859e-01,-7.909426689147949219e-01,2.159585803747177124e-02,0.000000000000000000e+00
-9.309286475181579590e-01,3.195898532867431641e-01,1.440446078777313232e-01,-9.713682532310485840e-01,1.581298559904098511e-02,2.370521128177642822e-01,0.000000000000000000e+00
-3.037975728511810303e-01,7.418640851974487305e-01,-5.649720430374145508e-01,-3.560464978218078613e-01,7.443888783454895020e-01,-5.649035573005676270e-01,0.000000000000000000e+00
-7.288156151771545410e-01,6.326974183320999146e-02,-6.522058248519897461e-01,-7.197151780128479004e-01,3.190106526017189026e-02,-6.935361027717590332e-01,0.000000000000000000e+00
-5.299727916717529297e-01,1.265202015638351440e-01,8.092450499534606934e-01,-5.604174733161926270e-01,3.423292040824890137e-01,7.541504502296447754e-01,0.000000000000000000e+00
-6.503108739852905273e-01,5.271510481834411621e-01,5.118550062179565430e-01,-6.558039784431457520e-01,5.625165104866027832e-01,5.034841299057006836e-01,0.000000000000000000e+00
-7.529801726341247559e-01,-5.971408486366271973e-01,-1.971751004457473755e-01,-7.783476114273071289e-01,-6.016190648078918457e-01,-1.795258074998855591e-01,0.000000000000000000e+00
-3.305214941501617432e-01,7.449560761451721191e-01,5.520915985107421875e-01,-2.369740903377532959e-01,8.344966173171997070e-01,4.974521994590759277e-01,0.000000000000000000e+00
-3.340210914611816406e-01,-1.454693377017974854e-01,-9.056397676467895508e-01,-3.112249076366424561e-01,-1.455760747194290161e-01,-9.391201734542846680e-01,0.000000000000000000e+00
4.696899354457855225e-01,6.418135166168212891e-01,5.485497117042541504e-01,4.726950824260711670e-01,6.691809296607971191e-01,5.733726620674133301e-01,0.000000000000000000e+00
-5.762933492660522461e-01,7.090009450912475586e-01,3.762116730213165283e-01,-6.190309524536132812e-01,7.344940304756164551e-01,2.780632674694061279e-01,0.000000000000000000e+00
4.940712451934814453e-01,7.557787299156188965e-01,2.708584070205688477e-01,5.500081777572631836e-01,7.774592041969299316e-01,3.050379753112792969e-01,0.000000000000000000e+00
-3.568663597106933594e-01,6.782119870185852051e-01,6.157531142234802246e-01,-3.439465463161468506e-01,6.847591996192932129e-01,6.424995064735412598e-01,0.000000000000000000e+00
2.933452427387237549e-01,2.557839155197143555e-01,8.802108168601989746e-01,3.174389600753784180e-01,2.411303818225860596e-01,9.171088337898254395e-01,0.000000000000000000e+00
2.642855048179626465e-01,1.111806370317935944e-02,-9.270850419998168945e-01,2.984576821327209473e-01,-3.237611427903175354e-02,-9.538735747337341309e-01,0.000000000000000000e+00
7.189427018165588379e-01,-3.916528820991516113e-01,4.554581344127655029e-01,8.036476373672485352e-01,-4.520469009876251221e-01,3.870453536510467529e-01,0.000000000000000000e+00
5.950428247451782227e-01,2.878388464450836182e-01,-6.923243999481201172e-01,6.308850049972534180e-01,3.062174320220947266e-01,-7.128919959068298340e-01,0.000000000000000000e+00
-4.074299633502960205e-01,4.762405529618263245e-02,8.824102878570556641e-01,-4.008420407772064209e-01,1.295161060988903046e-02,9.160556197166442871e-01,0.000000000000000000e+00
-3.994750678539276123e-01,-7.683908343315124512e-01,4.180758893489837646e-01,-4.073151350021362305e-01,-8.207667469978332520e-01,4.005450010299682617e-01,0.000000000000000000e+00
-5.567238330841064453e-01,-4.522688686847686768e-01,-6.635955572128295898e-01,-4.935195744037628174e-01,-4.608991444110870361e-01,-7.375705838203430176e-01,0.000000000000000000e+00
-1.922173202037811279e-01,-3.893225491046905518e-01,8.524813652038574219e-01,-1.079321950674057007e-01,-5.716466307640075684e-01,8.133700489997863770e-01,0.000000000000000000e+00
-2.125045061111450195e-01,-2.929684221744537354e-01,8.949741125106811523e-01,-1.843936592340469360e-01,-3.322763741016387939e-01,9.249818325042724609e-01,0.000000000000000000e+00
1.040121167898178101e-01,-3.370773196220397949e-01,8.859377503395080566e-01,8.486797660589218140e-02,-3.745175600051879883e-01,9.233276844024658203e-01,0.000000000000000000e+00
-3.127011656761169434e-01,-6.009336113929748535e-01,6.787587404251098633e-01,-2.887582182884216309e-01,-6.039014458656311035e-01,7.429143786430358887e-01,0.000000000000000000e+00
3.133305609226226807e-01,-7.688347101211547852e-01,-4.494017064571380615e-01,3.743923604488372803e-01,-8.068057894706726074e-01,-4.570501148700714111e-01,0.000000000000000000e+00
-5.278438925743103027e-01,1.907013803720474243e-01,-7.960718870162963867e-01,-5.132145881652832031e-01,2.116099447011947632e-01,-8.317644000053405762e-01,0.000000000000000000e+00
-7.809337377548217773e-01,5.523446202278137207e-01,2.546657025814056396e-01,-7.808242440223693848e-01,5.706101655960083008e-01,2.543963193893432617e-01,0.000000000000000000e+00
-8.614901304244995117e-01,3.989494442939758301e-01,2.682687938213348389e-01,-8.611826300621032715e-01,4.195934236049652100e-01,2.868898808956146240e-01,0.000000000000000000e+00
4.726792275905609131e-01,6.142802238464355469e-01,5.734509229660034180e-01,5.281617045402526855e-01,5.834740400314331055e-01,6.169304847717285156e-01,0.000000000000000000e+00
3.158631622791290283e-01,5.529491305351257324e-01,7.309396266937255859e-01,3.238289952278137207e-01,5.597820878028869629e-01,7.627442479133605957e-01,0.000000000000000000e+00
-3.965379670262336731e-02,8.793686032295227051e-01,4.239680469036102295e-01,-5.491331685334444046e-04,8.351465463638305664e-01,5.500272512435913086e-01,0.000000000000000000e+00
-5.780073404312133789e-01,7.917919158935546875e-01,-1.028090268373489380e-01,-5.935233235359191895e-01,8.033787608146667480e-01,-4.808932915329933167e-02,0.000000000000000000e+00
4.884608089923858643e-02,-9.356310367584228516e-01,1.285812258720397949e-01,7.311940193176269531e-02,-9.831295609474182129e-01,1.676597446203231812e-01,0.000000000000000000e+00
4.896289408206939697e-01,8.101863861083984375e-01,1.694346368312835693e-01,5.619009137153625488e-01,7.939348816871643066e-01,2.322386354207992554e-01,0.000000000000000000e+00
3.985831737518310547e-01,-5.535544157028198242e-01,6.421570181846618652e-01,5.257165431976318359e-01,-3.611965775489807129e-01,7.701683044433593750e-01,0.000000000000000000e+00
2.395984232425689697e-01,-1.396836936473846436e-01,-9.227694869041442871e-01,3.041960895061492920e-01,-2.035192847251892090e-01,-9.306151866912841797e-01,0.000000000000000000e+00
-8.388879299163818359e-01,-5.042017102241516113e-01,6.155382841825485229e-02,-8.691120147705078125e-01,-4.944815039634704590e-01,1.150314789265394211e-02,0.000000000000000000e+00
4.829052686691284180e-01,4.933626353740692139e-01,-6.693197488784790039e-01,5.165745615959167480e-01,5.037456750869750977e-01,-6.923807263374328613e-01,0.000000000000000000e+00
-6.163298487663269043e-01,1.744247674942016602e-01,-7.445722818374633789e-01,-6.315495967864990234e-01,1.013578101992607117e-01,-7.686818242073059082e-01,0.000000000000000000e+00
-2.318656295537948608e-01,-5.297846794128417969e-01,-7.746167182922363281e-01,-2.510523796081542969e-01,-5.540367960929870605e-01,-7.937353849411010742e-01,0.000000000000000000e+00
8.974952697753906250e-01,-1.263926774263381958e-01,-2.639953494071960449e-01,9.346505403518676758e-01,-2.264168262481689453e-01,-2.741602063179016113e-01,0.000000000000000000e+00
8.196721076965332031e-01,-4.513613581657409668e-01,8.387631922960281372e-02,8.268827795982360840e-01,-5.486568212509155273e-01,1.234525069594383240e-01,0.000000000000000000e+00
1.588714122772216797e-01,9.602422118186950684e-01,6.294096261262893677e-02,1.625943928956985474e-01,9.866171479225158691e-01,1.223399583250284195e-02,0.000000000000000000e+00
8.119542002677917480e-01,-4.348376989364624023e-01,1.636427342891693115e-01,8.475173115730285645e-01,-4.366089999675750732e-01,3.018061816692352295e-01,0.000000000000000000e+00
-2.995056807994842529e-01,9.325528144836425781e-01,-5.984087288379669189e-02,-3.000340163707733154e-01,9.535594582557678223e-01,2.653187140822410583e-02,0.000000000000000000e+00
-5.511294007301330566e-01,-3.386940956115722656e-01,-7.269830107688903809e-01,-5.309650301933288574e-01,-3.915786445140838623e-01,-7.514933943748474121e-01,0.000000000000000000e+00
2.415955066680908203e-01,2.061476558446884155e-01,-9.111073017120361328e-01,2.667475938796997070e-01,1.659148484468460083e-01,-9.493776559829711914e-01,0.000000000000000000e+00
1.492486298084259033e-01,-7.744637131690979004e-01,-5.274003744125366211e-01,1.743306070566177368e-01,-7.901638150215148926e-01,-5.875797867774963379e-01,0.000000000000000000e+00
1.871230639517307281e-02,-7.949196100234985352e-01,-5.280488133430480957e-01,1.716958135366439819e-01,-8.398299813270568848e-01,-5.149816870689392090e-01,0.000000000000000000e+00
2.847371399402618408e-01,-3.457893431186676025e-01,8.406271934509277344e-01,2.140194624662399292e-01,-3.330144286155700684e-01,9.183120727539062500e-01,0.000000000000000000e+00
-9.358136653900146484e-01,3.424222171306610107e-01,8.366470783948898315e-02,-9.432123303413391113e-01,2.878089547157287598e-01,1.658811569213867188e-01,0.000000000000000000e+00
-3.124816715717315674e-01,8.440893292427062988e-01,-3.952154815196990967e-01,-3.088627159595489502e-01,8.332722187042236328e-01,-4.585425257682800293e-01,0.000000000000000000e+00
-8.272517919540405273e-01,-5.276342034339904785e-01,-8.331490308046340942e-02,-8.663344383239746094e-01,-4.757845401763916016e-01,-1.519661396741867065e-01,0.000000000000000000e+00
8.469648361206054688e-01,-1.324054747819900513e-01,-3.947954475879669189e-01,8.918641209602355957e-01,-1.190443411469459534e-01,-4.363563656806945801e-01,0.000000000000000000e+00
1.081718951463699341e-01,-3.857224583625793457e-01,-8.702276945114135742e-01,1.104808598756790161e-01,-4.699569046497344971e-01,-8.757479786872863770e-01,0.000000000000000000e+00
4.098657667636871338e-01,-3.644933998584747314e-01,-7.788690924644470215e-01,4.543482363224029541e-01,-4.120339751243591309e-01,-7.898073792457580566e-01,0.000000000000000000e+00
-1.507131457328796387e-01,4.185556471347808838e-01,-8.582471609115600586e-01,-3.650474250316619873e-01,2.830348014831542969e-01,-8.869225978851318359e-01,0.000000000000000000e+00
7.077987194061279297e-01,-5.396980047225952148e-01,-2.960339784622192383e-01,7.833302021026611328e-01,-5.310024619102478027e-01,-3.231565952301025391e-01,0.000000000000000000e+00
-5.451974272727966309e-01,6.997846364974975586e-01,4.328195154666900635e-01,-4.749459326267242432e-01,7.011235356330871582e-01,5.318384766578674316e-01,0.000000000000000000e+00
-4.314124286174774170e-01,5.325753092765808105e-01,7.006645202636718750e-01,-4.483675360679626465e-01,5.378683209419250488e-01,7.139077186584472656e-01,0.000000000000000000e+00
-6.374468207359313965e-01,6.763072013854980469e-01,-3.097468018531799316e-01,-7.434806823730468750e-01,6.092655658721923828e-01,-2.757388055324554443e-01,0.000000000000000000e+00
-3.780938684940338135e-01,7.440584301948547363e-01,-5.149070620536804199e-01,-3.603546023368835449e-01,7.834864258766174316e-01,-5.062544941902160645e-01,0.000000000000000000e+00
-9.999603778123855591e-02,7.640221714973449707e-02,-9.416151046752929688e-01,1.785200834274291992e-01,1.250815093517303467e-01,-9.759534597396850586e-01,0.000000000000000000e+00
-7.128328084945678711e-01,6.321713924407958984e-01,2.560625076293945312e-01,-6.497381329536437988e-01,7.324256300926208496e-01,2.034529149532318115e-01,0.000000000000000000e+00
-5.383989810943603516e-01,-7.463104724884033203e-01,3.019189834594726562e-01,-6.078404784202575684e-01,-7.188382148742675781e-01,3.373448550701141357e-01,0.000000000000000000e+00
6.278768181800842285e-02,7.878377437591552734e-01,5.439038276672363281e-01,7.229276746511459351e-02,9.100021719932556152e-01,4.082521200180053711e-01,0.000000000000000000e+00
1.388825178146362305e-01,-8.589974641799926758e-01,-3.766447305679321289e-01,1.562328487634658813e-01,-9.314574003219604492e-01,-3.286006450653076172e-01,0.000000000000000000e+00
-5.891756415367126465e-01,2.671818435192108154e-01,-7.352943420410156250e-01,-5.566765069961547852e-01,2.525051236152648926e-01,-7.914243340492248535e-01,0.000000000000000000e+00
-6.546180248260498047e-01,-5.642536282539367676e-02,7.252094745635986328e-01,-6.802264451980590820e-01,1.582309789955615997e-02,7.328312397003173828e-01,0.000000000000000000e+00
1.401612907648086548e-01,-5.508263111114501953e-01,-7.671721577644348145e-01,7.415512204170227051e-02,-5.885713100433349609e-01,-8.050371408462524414e-01,0.000000000000000000e+00
4.268942773342132568e-01,8.287717103958129883e-01,2.405505031347274780e-01,5.325517654418945312e-01,7.666689753532409668e-01,3.586186468601226807e-01,0.000000000000000000e+00
-2.499985694885253906e-02,-2.434007972478866577e-01,9.265270233154296875e-01,4.994218423962593079e-02,-2.865998446941375732e-01,9.567477703094482422e-01,0.000000000000000000e+00
7.461083531379699707e-01,-5.361896157264709473e-01,-1.800165772438049316e-01,7.919655442237854004e-01,-5.922988653182983398e-01,-1.482316851615905762e-01,0.000000000000000000e+00
8.868159651756286621e-01,1.260749548673629761e-01,3.106612563133239746e-01,9.212630391120910645e-01,1.526339203119277954e-01,3.577391207218170166e-01,0.000000000000000000e+00
-7.375226020812988281e-01,-4.604824483394622803e-01,-4.475141167640686035e-01,-7.346432805061340332e-01,-4.852069318294525146e-01,-4.742082655429840088e-01,0.000000000000000000e+00
-6.967638134956359863e-01,-5.753328800201416016e-01,-3.743118941783905029e-01,-7.128623127937316895e-01,-6.226937770843505859e-01,-3.226139545440673828e-01,0.000000000000000000e+00
-6.079034209251403809e-01,5.789416432380676270e-01,5.099774599075317383e-01,-6.027678251266479492e-01,5.989049673080444336e-01,5.272417068481445312e-01,0.000000000000000000e+00
4.197818934917449951e-01,-6.084070801734924316e-01,5.891668796539306641e-01,4.813146889209747314e-01,-6.217479109764099121e-01,6.178718805313110352e-01,0.000000000000000000e+00
7.893964052200317383e-01,3.997968137264251709e-01,-3.552684783935546875e-01,8.200346231460571289e-01,3.965282440185546875e-01,-4.126846492290496826e-01,0.000000000000000000e+00
-2.933973073959350586e-01,-3.231535851955413818e-01,8.630129694938659668e-01,-2.590243816375732422e-01,-3.507788479328155518e-01,8.999225497245788574e-01,0.000000000000000000e+00
-2.206326574087142944e-01,-6.115670800209045410e-01,-7.108436226844787598e-01,-1.440042406320571899e-01,-7.313451766967773438e-01,-6.666311025619506836e-01,0.000000000000000000e+00
7.702665925025939941e-01,3.954374492168426514e-01,-3.972761332988739014e-01,8.177973628044128418e-01,3.792321979999542236e-01,-4.328861534595489502e-01,0.000000000000000000e+00
-7.315432429313659668e-01,-2.101085484027862549e-01,-6.183167099952697754e-01,-6.608032584190368652e-01,-3.128256201744079590e-01,-6.822603344917297363e-01,0.000000000000000000e+00
-6.524261832237243652e-01,6.783403158187866211e-01,-2.635587751865386963e-01,-7.923005819320678711e-01,5.339254736900329590e-01,-2.952683568000793457e-01,0.000000000000000000e+00
2.713980376720428467e-01,-8.258964419364929199e-01,-3.628236949443817139e-01,3.303739726543426514e-01,-8.772689104080200195e-01,-3.482129573822021484e-01,0.000000000000000000e+00
-4.098912179470062256e-01,-8.668212890625000000e-01,7.428853958845138550e-02,-2.955681383609771729e-01,-9.499813914299011230e-01,1.008702442049980164e-01,0.000000000000000000e+00
-2.365149408578872681e-01,-4.127400219440460205e-01,-8.452315926551818848e-01,-3.024688363075256348e-01,-4.254918694496154785e-01,-8.529180884361267090e-01,0.000000000000000000e+00
-1.805130988359451294e-01,-1.329723894596099854e-01,-9.437840580940246582e-01,-1.311646550893783569e-01,-8.678746968507766724e-02,-9.875544309616088867e-01,0.000000000000000000e+00
-8.670211434364318848e-01,-1.054601073265075684e-01,-4.529201984405517578e-01,-8.932139277458190918e-01,-6.374120712280273438e-02,-4.450909495353698730e-01,0.000000000000000000e+00
4.128130376338958740e-01,-3.816723823547363281e-01,-7.682115435600280762e-01,4.543482363224029541e-01,-4.120339751243591309e-01,-7.898073792457580566e-01,0.000000000000000000e+00
3.505598604679107666e-01,-8.628504872322082520e-01,-8.882336318492889404e-03,4.193123579025268555e-01,-9.054783582687377930e-01,-6.546819210052490234e-02,0.000000000000000000e+00
-4.501079022884368896e-01,3.821815848350524902e-01,7.787744402885437012e-01,-5.447655916213989258e-01,2.452773600816726685e-01,8.019161224365234375e-01,0.000000000000000000e+00
-3.166403472423553467e-01,-4.027881324291229248e-01,8.143188953399658203e-01,-3.266290128231048584e-01,-5.971290469169616699e-01,7.326325178146362305e-01,0.000000000000000000e+00
-2.615492641925811768e-01,-8.474578857421875000e-01,3.478117287158966064e-01,-2.406592071056365967e-01,-9.070330858230590820e-01,3.455055952072143555e-01,0.000000000000000000e+00
-2.048969566822052002e-01,-4.095482826232910156e-01,8.335294723510742188e-01,-1.168339550495147705e-01,-6.797356605529785156e-01,7.240920066833496094e-01,0.000000000000000000e+00
7.589544653892517090e-01,-1.870831847190856934e-01,5.220764875411987305e-01,7.860810756683349609e-01,-2.102452069520950317e-01,5.812688469886779785e-01,0.000000000000000000e+00
5.720506422221660614e-03,-3.845574855804443359e-01,-8.602429032325744629e-01,-4.078306257724761963e-02,-3.968544006347656250e-01,-9.169750809669494629e-01,0.000000000000000000e+00
-2.922201454639434814e-01,9.205983281135559082e-01,1.964767575263977051e-01,-2.928461134433746338e-01,9.424267411231994629e-01,1.614713966846466064e-01,0.000000000000000000e+00
6.402776837348937988e-01,-2.064104080200195312e-01,-6.672329306602478027e-01,6.845231056213378906e-01,-2.359993755817413330e-01,-6.897335648536682129e-01,0.000000000000000000e+00
6.849941611289978027e-01,5.990052819252014160e-01,-3.033169507980346680e-01,7.136301994323730469e-01,6.329571604728698730e-01,-3.001618385314941406e-01,0.000000000000000000e+00
-5.060367584228515625e-01,4.847885370254516602e-01,6.865620017051696777e-01,-5.001723766326904297e-01,5.141674876213073730e-01,6.967491507530212402e-01,0.000000000000000000e+00
5.811994075775146484e-01,5.288917422294616699e-01,-5.535323619842529297e-01,5.498301982879638672e-01,5.378739833831787109e-01,-6.390448808670043945e-01,0.000000000000000000e+00
-4.433500468730926514e-01,-7.492578625679016113e-01,-3.706753849983215332e-01,-4.009321928024291992e-01,-8.326699137687683105e-01,-3.819871246814727783e-01,0.000000000000000000e+00
4.218607544898986816e-01,-8.307914733886718750e-01,1.144258119165897369e-02,4.277876317501068115e-01,-9.016417264938354492e-01,-6.356053054332733154e-02,0.000000000000000000e+00
2.312533706426620483e-01,-4.443204998970031738e-01,-8.210600018501281738e-01,2.602462768554687500e-01,-4.968780875205993652e-01,-8.278792500495910645e-01,0.000000000000000000e+00
-8.829051256179809570e-01,1.981343328952789307e-01,3.794085383415222168e-01,-9.277886748313903809e-01,5.913504213094711304e-02,3.683899939060211182e-01,0.000000000000000000e+00
-3.366717994213104248e-01,1.811134070158004761e-02,-9.078440666198730469e-01,-3.724158704280853271e-01,1.083607673645019531e-01,-9.217181801795959473e-01,0.000000000000000000e+00
7.775972485542297363e-01,-1.012261509895324707e-01,-5.367925167083740234e-01,8.247159719467163086e-01,-9.305083751678466797e-02,-5.578396916389465332e-01,0.000000000000000000e+00
-9.046739339828491211e-01,-8.624307811260223389e-02,-3.687559068202972412e-01,-9.321460127830505371e-01,-1.361749470233917236e-01,-3.355000019073486328e-01,0.000000000000000000e+00
4.104158580303192139e-01,6.828859448432922363e-01,5.495814681053161621e-01,4.741915166378021240e-01,6.652874946594238281e-01,5.766584277153015137e-01,0.000000000000000000e+00
-8.797395825386047363e-01,2.661949396133422852e-01,-3.576052188873291016e-01,-9.296929836273193359e-01,2.059740424156188965e-01,-3.053614497184753418e-01,0.000000000000000000e+00
5.746274441480636597e-02,-9.204805493354797363e-01,-2.058847695589065552e-01,1.822497099637985229e-01,-9.580041766166687012e-01,-2.213889509439468384e-01,0.000000000000000000e+00
5.730842351913452148e-01,7.757521867752075195e-01,-5.983870476484298706e-02,6.122546195983886719e-01,7.886305451393127441e-01,-5.662310495972633362e-02,0.000000000000000000e+00
8.136154413223266602e-01,2.191296070814132690e-01,-4.421679973602294922e-01,8.490934967994689941e-01,2.549805939197540283e-01,-4.626285135746002197e-01,0.000000000000000000e+00
-2.919543981552124023e-01,8.882220983505249023e-01,-3.010849058628082275e-01,-1.945917755365371704e-01,9.357274174690246582e-01,-2.941908538341522217e-01,0.000000000000000000e+00
