2.472090423107147217e-01,4.430936276912689209e-02,1.350998133420944214e-01,6.929807662963867188e-01,2.536327242851257324e-01,6.748689413070678711e-01,0.000000000000000000e+00
6.303747743368148804e-02,-2.282765358686447144e-01,-1.432318538427352905e-01,5.616147518157958984e-01,-8.092200756072998047e-01,-1.724869906902313232e-01,0.000000000000000000e+00
1.886558830738067627e-01,2.314288914203643799e-01,-9.306669235229492188e-03,6.541844010353088379e-01,7.473297715187072754e-01,1.163659468293190002e-01,0.000000000000000000e+00
2.438854873180389404e-01,5.616904795169830322e-02,-1.261149644851684570e-01,8.056604862213134766e-01,2.054128944873809814e-01,-5.556228756904602051e-01,0.000000000000000000e+00
9.601701050996780396e-02,2.730264663696289062e-01,4.300029203295707703e-02,2.297142595052719116e-01,9.329752326011657715e-01,2.771075665950775146e-01,0.000000000000000000e+00
1.651259809732437134e-01,-1.089400611817836761e-02,-2.434658557176589966e-01,7.257956266403198242e-01,9.091136977076530457e-03,-6.878502964973449707e-01,0.000000000000000000e+00
-1.916999220848083496e-01,3.595563117414712906e-03,2.150672972202301025e-01,-7.239480018615722656e-01,-2.997589297592639923e-02,6.892029643058776855e-01,0.000000000000000000e+00
8.577068150043487549e-02,1.215907782316207886e-01,-2.493943423032760620e-01,3.305607140064239502e-01,4.690059125423431396e-01,-8.190012574195861816e-01,0.000000000000000000e+00
2.502239644527435303e-01,-1.098095327615737915e-01,-6.786642223596572876e-02,7.663998603820800781e-01,-4.411765038967132568e-01,-4.668988287448883057e-01,0.000000000000000000e+00
2.344133257865905762e-01,-5.155840143561363220e-02,-1.280029863119125366e-01,6.278526186943054199e-01,-2.567144930362701416e-01,-7.347780466079711914e-01,0.000000000000000000e+00
-1.996371150016784668e-01,9.500689059495925903e-02,-1.724119633436203003e-01,-7.361085414886474609e-01,4.180493950843811035e-01,-5.323334932327270508e-01,0.000000000000000000e+00
1.791259050369262695e-01,2.375964969396591187e-01,-6.880816817283630371e-02,6.337232589721679688e-01,7.581657767295837402e-01,-1.535562425851821899e-01,0.000000000000000000e+00
-1.205483675003051758e-01,-3.989685699343681335e-02,-2.652095854282379150e-01,-4.529940187931060791e-01,9.356054477393627167e-03,-8.914644718170166016e-01,0.000000000000000000e+00
1.109761744737625122e-01,2.029210180044174194e-01,1.538691222667694092e-01,3.090742528438568115e-01,7.651882767677307129e-01,5.647654533386230469e-01,0.000000000000000000e+00
-1.308389902114868164e-01,-1.771838814020156860e-01,1.132048368453979492e-01,-3.343278765678405762e-01,-8.962126970291137695e-01,-2.915950715541839600e-01,0.000000000000000000e+00
7.948362082242965698e-02,6.245788931846618652e-02,-2.744741141796112061e-01,3.873774707317352295e-01,3.592648804187774658e-01,-8.490391373634338379e-01,0.000000000000000000e+00
8.795235306024551392e-02,2.269942909479141235e-01,1.359463334083557129e-01,4.067251980304718018e-01,7.548793554306030273e-01,5.145209431648254395e-01,0.000000000000000000e+00
1.826424598693847656e-01,-5.372167378664016724e-02,-2.067430466413497925e-01,8.013795018196105957e-01,-2.644105851650238037e-01,-5.365425944328308105e-01,0.000000000000000000e+00
1.137313246726989746e-02,7.652317732572555542e-02,2.764422595500946045e-01,2.608902938663959503e-02,4.643554985523223877e-01,8.852645754814147949e-01,0.000000000000000000e+00
-8.987675607204437256e-02,7.544575631618499756e-02,2.624871432781219482e-01,-3.600123524665832520e-01,3.038966357707977295e-01,8.820645809173583984e-01,0.000000000000000000e+00
3.890175744891166687e-02,-7.377398759126663208e-02,2.876929938793182373e-01,1.455412507057189941e-01,-2.103092223405838013e-01,9.667407870292663574e-01,0.000000000000000000e+00
-5.202392488718032837e-02,9.219855070114135742e-02,2.663113474845886230e-01,-2.011677175760269165e-01,4.006096720695495605e-01,8.938922882080078125e-01,0.000000000000000000e+00
3.717822954058647156e-02,-2.716569229960441589e-02,-2.930454015731811523e-01,4.114343971014022827e-02,-1.063850224018096924e-01,-9.934734106063842773e-01,0.000000000000000000e+00
9.041158854961395264e-02,5.132932960987091064e-02,2.683393359184265137e-01,3.842290341854095459e-01,3.015575110912322998e-01,8.726001977920532227e-01,0.000000000000000000e+00
1.201364547014236450e-01,-4.405131563544273376e-02,-2.675796747207641602e-01,4.065544605255126953e-01,-2.071269899606704712e-01,-8.898380994796752930e-01,0.000000000000000000e+00
2.198656499385833740e-01,9.453215450048446655e-02,-1.417147070169448853e-01,8.463005423545837402e-01,1.482070833444595337e-01,-5.116737484931945801e-01,0.000000000000000000e+00
2.159116417169570923e-01,-4.686836153268814087e-02,1.828868240118026733e-01,6.571468114852905273e-01,8.158237673342227936e-03,7.537184357643127441e-01,0.000000000000000000e+00
1.008341982960700989e-01,-7.461284101009368896e-02,-2.691953182220458984e-01,4.532147347927093506e-01,-2.474210560321807861e-01,-8.563756346702575684e-01,0.000000000000000000e+00
-6.916590034961700439e-02,1.903415769338607788e-01,-1.918110251426696777e-01,-4.075587391853332520e-01,7.164102792739868164e-01,-5.662615895271301270e-01,0.000000000000000000e+00
9.716463088989257812e-02,-1.707251071929931641e-01,-2.037609964609146118e-01,5.382139086723327637e-01,-6.651222109794616699e-01,-5.176274776458740234e-01,0.000000000000000000e+00
-2.871309518814086914e-01,-4.056797176599502563e-02,-9.683492593467235565e-03,-9.974337220191955566e-01,-7.046781480312347412e-02,-1.266061421483755112e-02,0.000000000000000000e+00
5.603802949190139771e-02,2.876723408699035645e-01,-2.474650973454117775e-03,-1.466415269533172250e-04,9.945112466812133789e-01,1.046298444271087646e-01,0.000000000000000000e+00
-1.808757334947586060e-01,-9.961836971342563629e-03,-2.272597700357437134e-01,-7.072034478187561035e-01,9.401675313711166382e-02,-7.007311582565307617e-01,0.000000000000000000e+00
1.422075275331735611e-02,-1.354572623968124390e-01,-2.670046389102935791e-01,6.261205673217773438e-02,-4.419650435447692871e-01,-8.948444724082946777e-01,0.000000000000000000e+00
2.765098586678504944e-02,-9.763858467340469360e-02,2.832924723625183105e-01,9.360104054212570190e-02,-3.650429546833038330e-01,9.262734651565551758e-01,0.000000000000000000e+00
3.249704372137784958e-03,2.345400303602218628e-01,-1.606232523918151855e-01,3.658402711153030396e-02,7.650527954101562500e-01,-6.429275870323181152e-01,0.000000000000000000e+00
-2.275386303663253784e-01,-2.184766530990600586e-02,-1.813733726739883423e-01,-7.999469637870788574e-01,-5.696519836783409119e-02,-5.973607301712036133e-01,0.000000000000000000e+00
-6.678804010152816772e-02,-1.348124742507934570e-01,-2.626477479934692383e-01,-1.492622494697570801e-01,-4.859538674354553223e-01,-8.611443638801574707e-01,0.000000000000000000e+00
6.391311436891555786e-02,1.284449845552444458e-01,-2.518192231655120850e-01,2.495398521423339844e-01,4.492857158184051514e-01,-8.578299283981323242e-01,0.000000000000000000e+00
-1.812270432710647583e-01,-1.758136302232742310e-01,-1.681952178478240967e-01,-6.913564205169677734e-01,-5.952397584915161133e-01,-4.095314145088195801e-01,0.000000000000000000e+00
8.281666040420532227e-02,1.756858825683593750e-01,1.964572072029113770e-01,1.873474419116973877e-01,7.262918949127197266e-01,6.613630056381225586e-01,0.000000000000000000e+00
-1.537689007818698883e-02,-2.436122596263885498e-01,-6.608921103179454803e-03,-6.820029616355895996e-01,-6.354760527610778809e-01,-3.619973957538604736e-01,0.000000000000000000e+00
2.872869074344635010e-01,3.470974415540695190e-02,-2.487500943243503571e-02,9.969904422760009766e-01,3.578319028019905090e-02,-6.877220422029495239e-02,0.000000000000000000e+00
2.381084710359573364e-01,-1.084124483168125153e-02,1.577095389366149902e-01,7.459405064582824707e-01,-1.593610644340515137e-02,6.658218502998352051e-01,0.000000000000000000e+00
1.252569407224655151e-01,5.540455877780914307e-02,2.465767115354537964e-01,5.099811553955078125e-01,3.376384377479553223e-01,7.911507487297058105e-01,0.000000000000000000e+00
-2.595517933368682861e-01,-1.049830541014671326e-01,3.965324908494949341e-02,-8.463293313980102539e-01,-5.203266739845275879e-01,1.139597445726394653e-01,0.000000000000000000e+00
-8.699686825275421143e-02,-1.915489137172698975e-01,8.353311568498611450e-02,-6.281287074089050293e-01,-6.308666467666625977e-01,-4.554795920848846436e-01,0.000000000000000000e+00
5.734489485621452332e-02,1.519929319620132446e-01,-2.383150160312652588e-01,2.969685792922973633e-01,5.632784962654113770e-01,-7.710558176040649414e-01,0.000000000000000000e+00
-2.341928891837596893e-02,-9.733778238296508789e-02,2.827672660350799561e-01,-2.573379278182983398e-01,-2.938442230224609375e-01,9.205611348152160645e-01,0.000000000000000000e+00
1.595199108123779297e-01,-2.352033555507659912e-02,-2.456310689449310303e-01,6.460286378860473633e-01,-2.012955248355865479e-01,-7.362928390502929688e-01,0.000000000000000000e+00
-1.407795101404190063e-01,-2.115398086607456207e-02,2.546397149562835693e-01,-5.363417267799377441e-01,1.417169999331235886e-02,8.438819050788879395e-01,0.000000000000000000e+00
2.019592523574829102e-01,-4.711383208632469177e-02,-1.585788279771804810e-01,9.786711931228637695e-01,-2.040593326091766357e-01,-2.371652796864509583e-02,0.000000000000000000e+00
-8.968117833137512207e-02,1.723983436822891235e-01,-1.981268227100372314e-01,-3.284079730510711670e-01,6.233698725700378418e-01,-7.096183300018310547e-01,0.000000000000000000e+00
8.896461129188537598e-02,6.310388445854187012e-02,2.644595801830291748e-01,2.449094951152801514e-01,4.278090000152587891e-01,8.700567483901977539e-01,0.000000000000000000e+00
2.445627897977828979e-01,5.207903683185577393e-02,1.339668929576873779e-01,8.518799543380737305e-01,1.853877305984497070e-01,4.898284971714019775e-01,0.000000000000000000e+00
-3.649146482348442078e-02,-1.736276149749755859e-01,-2.441598325967788696e-01,-3.640324994921684265e-02,-5.646657943725585938e-01,-8.245164155960083008e-01,0.000000000000000000e+00
1.161782536655664444e-02,1.835978962481021881e-02,-2.933615148067474365e-01,2.335689589381217957e-02,1.209862008690834045e-01,-9.923793673515319824e-01,0.000000000000000000e+00
-8.725754916667938232e-02,2.612330913543701172e-01,2.962392941117286682e-02,-4.298637509346008301e-01,8.955064415931701660e-01,1.152621060609817505e-01,0.000000000000000000e+00
-8.117810636758804321e-02,6.091210246086120605e-02,2.695571184158325195e-01,-3.027845919132232666e-01,2.207355946302413940e-01,9.271447062492370605e-01,0.000000000000000000e+00
-1.873943805694580078e-01,-1.807973533868789673e-01,-1.496066153049468994e-01,-6.120930314064025879e-01,-6.973949670791625977e-01,-3.728033304214477539e-01,0.000000000000000000e+00
2.886658012866973877e-01,-3.730570152401924133e-02,1.272904220968484879e-02,9.684174060821533203e-01,-2.382392436265945435e-01,-7.355115562677383423e-02,0.000000000000000000e+00
1.233924776315689087e-01,1.658051908016204834e-01,-2.034387886524200439e-01,5.520522594451904297e-01,5.906302928924560547e-01,-5.885525941848754883e-01,0.000000000000000000e+00
2.685577869415283203e-01,-7.620919030159711838e-03,1.068721711635589600e-01,9.383615851402282715e-01,1.870907843112945557e-02,3.451485335826873779e-01,0.000000000000000000e+00
2.461204975843429565e-01,7.246413081884384155e-02,1.217993348836898804e-01,8.020788431167602539e-01,4.522645771503448486e-01,3.900336325168609619e-01,0.000000000000000000e+00
8.921390771865844727e-02,1.230570226907730103e-01,2.332546263933181763e-01,3.543825447559356689e-01,5.079013705253601074e-01,7.851428389549255371e-01,0.000000000000000000e+00
-1.390289068222045898e-01,1.834896951913833618e-01,-1.498270481824874878e-01,-5.540270805358886719e-01,6.261109113693237305e-01,-5.486703515052795410e-01,0.000000000000000000e+00
-1.475754231214523315e-01,2.162341922521591187e-01,8.369060605764389038e-02,-4.293963909149169922e-01,8.139839768409729004e-01,3.912145197391510010e-01,0.000000000000000000e+00
-3.676834329962730408e-02,-2.452792674303054810e-01,-1.585437059402465820e-01,-1.059608235955238342e-01,-9.210053086280822754e-01,-3.748620152473449707e-01,0.000000000000000000e+00
-1.931939423084259033e-01,-1.462061405181884766e-01,1.195746809244155884e-01,-5.728465318679809570e-01,-7.869652509689331055e-01,2.291998863220214844e-01,0.000000000000000000e+00
-1.690390706062316895e-01,-1.611166894435882568e-01,1.241737157106399536e-01,-4.064870178699493408e-01,-8.996810317039489746e-01,1.591929048299789429e-01,0.000000000000000000e+00
1.880429685115814209e-01,-1.422087848186492920e-01,-1.108999922871589661e-01,5.076519846916198730e-01,-4.686431884765625000e-01,-7.229543328285217285e-01,0.000000000000000000e+00
1.111619845032691956e-01,-2.128622084856033325e-01,1.767531186342239380e-01,4.538036286830902100e-01,-7.462466359138488770e-01,4.870094954967498779e-01,0.000000000000000000e+00
-2.726721465587615967e-01,8.355302363634109497e-02,-2.428791858255863190e-02,-8.979990482330322266e-01,3.991252779960632324e-01,-1.851938664913177490e-01,0.000000000000000000e+00
2.733020484447479248e-01,2.661767601966857910e-02,9.040410816669464111e-02,9.178104996681213379e-01,1.778846085071563721e-01,3.549378812313079834e-01,0.000000000000000000e+00
2.636311352252960205e-01,-1.106914132833480835e-01,5.555094033479690552e-02,9.321587681770324707e-01,-3.238898813724517822e-01,1.617881804704666138e-01,0.000000000000000000e+00
-1.453238576650619507e-01,1.528789401054382324e-01,-1.777930557727813721e-01,-6.859031319618225098e-01,5.419730544090270996e-01,-4.855945408344268799e-01,0.000000000000000000e+00
1.415261775255203247e-01,1.216036900877952576e-01,2.068188637495040894e-01,4.694823622703552246e-01,4.822774827480316162e-01,7.395909428596496582e-01,0.000000000000000000e+00
-1.301406174898147583e-01,-2.280316799879074097e-01,-1.000448614358901978e-01,-4.009422659873962402e-01,-9.156799316406250000e-01,2.784820273518562317e-02,0.000000000000000000e+00
2.835796475410461426e-01,1.913200505077838898e-02,5.731552094221115112e-02,9.675938487052917480e-01,1.754720360040664673e-01,1.815811544656753540e-01,0.000000000000000000e+00
8.776787435635924339e-04,-2.525462508201599121e-01,1.116840094327926636e-01,-3.142786026000976562e-01,-9.282960295677185059e-01,1.987345069646835327e-01,0.000000000000000000e+00
2.278242856264114380e-01,-7.360052317380905151e-02,1.642205119132995605e-01,6.997140049934387207e-01,-3.964912146329879761e-03,7.144120335578918457e-01,0.000000000000000000e+00
-7.184090558439493179e-03,1.452336907386779785e-01,2.376364171504974365e-01,-2.628549467772245407e-03,6.128525733947753906e-01,7.901929020881652832e-01,0.000000000000000000e+00
2.766017615795135498e-01,-2.986539155244827271e-03,8.569811284542083740e-02,9.642096757888793945e-01,4.105677455663681030e-02,2.619428038597106934e-01,0.000000000000000000e+00
2.549309283494949341e-02,2.775584757328033447e-01,4.820064082741737366e-02,-8.192657679319381714e-02,8.719149827957153320e-01,4.827549457550048828e-01,0.000000000000000000e+00
2.458433061838150024e-01,6.539402157068252563e-02,-1.211231425404548645e-01,8.726789355278015137e-01,1.958893984556198120e-01,-4.472793340682983398e-01,0.000000000000000000e+00
1.396116465330123901e-01,-2.477015703916549683e-01,5.219534412026405334e-02,3.727366626262664795e-01,-9.279272556304931641e-01,4.286280367523431778e-03,0.000000000000000000e+00
-2.283998727798461914e-01,-3.297467157244682312e-02,1.701847016811370850e-01,-7.795094251632690430e-01,-9.263260662555694580e-02,6.195032000541687012e-01,0.000000000000000000e+00
2.282328754663467407e-01,-7.363631576299667358e-02,1.638201326131820679e-01,6.997140049934387207e-01,-3.964912146329879761e-03,7.144120335578918457e-01,0.000000000000000000e+00
-1.360032856464385986e-01,1.725701689720153809e-01,-1.668780893087387085e-01,-4.244410395622253418e-01,6.695355772972106934e-01,-6.095669865608215332e-01,0.000000000000000000e+00
-2.866465151309967041e-01,-4.437457397580146790e-02,-1.624791696667671204e-02,-9.897235035896301270e-01,-1.323991268873214722e-01,-5.401756614446640015e-02,0.000000000000000000e+00
1.348259747028350830e-01,-2.072762548923492432e-01,1.639156192541122437e-01,5.557361841201782227e-01,-6.115569472312927246e-01,5.631655454635620117e-01,0.000000000000000000e+00
-1.846784651279449463e-01,-1.606694608926773071e-01,6.506311148405075073e-02,-2.395592033863067627e-01,-9.707148671150207520e-01,1.800004206597805023e-02,0.000000000000000000e+00
-8.557409048080444336e-02,1.610530614852905273e-01,-2.122859358787536621e-01,-3.930864036083221436e-01,6.160755157470703125e-01,-6.825935840606689453e-01,0.000000000000000000e+00
1.730452477931976318e-01,-1.774614304304122925e-01,1.610621958971023560e-01,5.798590183258056641e-01,-6.034878492355346680e-01,5.473261475563049316e-01,0.000000000000000000e+00
-6.504482030868530273e-02,2.658642828464508057e-01,-5.035131424665451050e-02,-2.809224724769592285e-01,9.322946071624755859e-01,-2.278362065553665161e-01,0.000000000000000000e+00
1.996543109416961670e-01,2.030992656946182251e-01,-9.167727828025817871e-02,7.296313047409057617e-01,5.624114871025085449e-01,-3.890134394168853760e-01,0.000000000000000000e+00
-9.496497362852096558e-02,-1.989927887916564941e-01,1.489995121955871582e-01,-4.968094229698181152e-01,-8.613871932029724121e-01,1.057944670319557190e-01,0.000000000000000000e+00
2.631638646125793457e-01,9.576425701379776001e-02,-5.858441442251205444e-02,9.157432913780212402e-01,3.432827293872833252e-01,-2.087371796369552612e-01,0.000000000000000000e+00
2.024576812982559204e-01,-2.034352421760559082e-01,3.760914877057075500e-02,6.663569211959838867e-01,-7.397510409355163574e-01,9.347118437290191650e-02,0.000000000000000000e+00
-5.091867223381996155e-02,-2.253624200820922852e-01,-1.202547084540128708e-02,3.877037670463323593e-03,-7.477031946182250977e-01,6.640217304229736328e-01,0.000000000000000000e+00
1.174182593822479248e-01,-1.995392739772796631e-01,-9.474255889654159546e-02,1.478670090436935425e-01,-5.643846392631530762e-01,-8.121609091758728027e-01,0.000000000000000000e+00
-1.693762689828872681e-01,1.388697233051061630e-02,-2.312302142381668091e-01,-6.124699711799621582e-01,1.820151805877685547e-01,-7.692535519599914551e-01,0.000000000000000000e+00
2.266454994678497314e-01,1.064527705311775208e-01,-1.279398649930953979e-01,6.406772732734680176e-01,3.439551889896392822e-01,-6.864600777626037598e-01,0.000000000000000000e+00
1.062623187899589539e-01,7.530480623245239258e-02,-2.602132856845855713e-01,3.592077195644378662e-01,3.492138385772705078e-01,-8.654591441154479980e-01,0.000000000000000000e+00
1.724013537168502808e-01,1.260775178670883179e-01,1.782119423151016235e-01,4.984178841114044189e-01,5.691359639167785645e-01,6.539601683616638184e-01,0.000000000000000000e+00
2.226652204990386963e-01,-4.096137359738349915e-02,-1.372291296720504761e-01,3.687429428100585938e-01,-1.224313676357269287e-01,-9.214332103729248047e-01,0.000000000000000000e+00
-5.137480050325393677e-02,-2.106429040431976318e-01,1.684569381177425385e-02,-9.101041555404663086e-01,-3.836818039417266846e-01,-1.565204709768295288e-01,0.000000000000000000e+00
4.643774405121803284e-02,-5.221436545252799988e-02,-2.900522649288177490e-01,2.472431398928165436e-02,-1.508834213018417358e-01,-9.882423281669616699e-01,0.000000000000000000e+00
8.305212855339050293e-02,2.854157388210296631e-01,-1.026982069015502930e-02,1.929011642932891846e-01,9.756492972373962402e-01,1.043915674090385437e-01,0.000000000000000000e+00
-2.747428715229034424e-01,-6.643136963248252869e-03,-9.617470949888229370e-02,-9.551576972007751465e-01,-2.704583806917071342e-03,-2.960852086544036865e-01,0.000000000000000000e+00
-1.787575781345367432e-01,-5.569053441286087036e-02,2.224556058645248413e-01,-6.068686246871948242e-01,-2.274835854768753052e-01,7.615521550178527832e-01,0.000000000000000000e+00
2.674570679664611816e-01,3.009857982397079468e-02,-9.489412605762481689e-02,9.438733458518981934e-01,7.012362033128738403e-02,-3.227781653404235840e-01,0.000000000000000000e+00
-2.402886450290679932e-01,6.182149052619934082e-02,-1.394654959440231323e-01,-7.906644940376281738e-01,4.270081222057342529e-01,-4.387638568878173828e-01,0.000000000000000000e+00
4.811906069517135620e-02,2.882342040538787842e-01,-3.320932760834693909e-02,1.104672327637672424e-01,9.936105012893676758e-01,-2.313372306525707245e-02,0.000000000000000000e+00
-9.846385568380355835e-02,3.126933425664901733e-02,2.715158164501190186e-01,-3.831659555435180664e-01,2.145071774721145630e-01,8.984267115592956543e-01,0.000000000000000000e+00
-2.428931891918182373e-01,-1.399323642253875732e-01,-7.984422147274017334e-02,-7.843164205551147461e-01,-6.154841184616088867e-01,-7.763420045375823975e-02,0.000000000000000000e+00
-1.327245980501174927e-01,-1.740166544914245605e-01,1.651775836944580078e-01,-5.361274480819702148e-01,-8.049051761627197266e-01,2.543521523475646973e-01,0.000000000000000000e+00
8.673725277185440063e-02,2.720842659473419189e-01,-9.280806779861450195e-02,1.479273289442062378e-01,8.991951346397399902e-01,-4.117834568023681641e-01,0.000000000000000000e+00
2.056071311235427856e-01,1.858973503112792969e-01,-1.001499369740486145e-01,6.673985123634338379e-01,4.525518119335174561e-01,-5.914186835289001465e-01,0.000000000000000000e+00
2.377624511718750000e-01,1.526709794998168945e-01,-6.748097389936447144e-02,8.725758194923400879e-01,3.933696150779724121e-01,-2.896061837673187256e-01,0.000000000000000000e+00
5.408978089690208435e-02,2.431454658508300781e-01,-1.513206958770751953e-01,1.268996484577655792e-02,7.900015711784362793e-01,-6.129734516143798828e-01,0.000000000000000000e+00
1.051613762974739075e-01,2.198185026645660400e-01,1.357075273990631104e-01,3.533565104007720947e-01,7.949635386466979980e-01,4.931248426437377930e-01,0.000000000000000000e+00
2.723939903080463409e-02,4.656276851892471313e-02,-2.884986102581024170e-01,5.180452391505241394e-02,1.767908185720443726e-01,-9.828841686248779297e-01,0.000000000000000000e+00
2.790820039808750153e-02,-2.065101563930511475e-01,2.109408080577850342e-01,1.458766497671604156e-02,-7.269421219825744629e-01,6.865438222885131836e-01,0.000000000000000000e+00
-6.813045591115951538e-02,2.697454392910003662e-01,7.726945448666810989e-03,-3.147769570350646973e-01,9.481579661369323730e-01,4.372613877058029175e-02,0.000000000000000000e+00
2.980055660009384155e-02,-1.911543011665344238e-01,-2.226677834987640381e-01,1.631638109683990479e-01,-6.755678057670593262e-01,-7.190172076225280762e-01,0.000000000000000000e+00
-2.074390053749084473e-01,1.753370016813278198e-01,-4.953743144869804382e-02,-6.688767075538635254e-01,7.053325772285461426e-01,-2.347550094127655029e-01,0.000000000000000000e+00
-1.233540941029787064e-02,-4.054526984691619873e-02,-2.937313914299011230e-01,-5.003436282277107239e-02,-1.156052350997924805e-01,-9.920342564582824707e-01,0.000000000000000000e+00
3.734781965613365173e-02,1.569337211549282074e-02,-2.920828759670257568e-01,1.036014854907989502e-01,9.606619179248809814e-02,-9.899687170982360840e-01,0.000000000000000000e+00
-9.590868651866912842e-02,1.777311414480209351e-01,-1.893792003393173218e-01,-4.896924197673797607e-01,6.099117994308471680e-01,-6.230641603469848633e-01,0.000000000000000000e+00
7.740698009729385376e-02,7.204447686672210693e-02,-2.708201110363006592e-01,2.509177327156066895e-01,4.761501848697662354e-01,-8.428056240081787109e-01,0.000000000000000000e+00
5.953794717788696289e-02,-2.684116363525390625e-01,5.268761515617370605e-02,2.859880216419696808e-02,-9.879069924354553223e-01,1.523872315883636475e-01,0.000000000000000000e+00
1.877878904342651367e-01,-7.884321361780166626e-02,-1.599672287702560425e-01,9.009174704551696777e-01,-4.240747094154357910e-01,-9.224058687686920166e-02,0.000000000000000000e+00
2.498685568571090698e-02,1.616605073213577271e-01,2.224782407283782959e-01,2.164500504732131958e-01,6.794871687889099121e-01,7.010324597358703613e-01,0.000000000000000000e+00
-2.039707005023956299e-01,-4.254441335797309875e-02,1.999925076961517334e-01,-7.759974002838134766e-01,-9.501996636390686035e-02,6.235377192497253418e-01,0.000000000000000000e+00
-1.878676265478134155e-01,-1.611821651458740234e-01,-1.743841916322708130e-01,-6.953375339508056641e-01,-5.249336361885070801e-01,-4.908669888973236084e-01,0.000000000000000000e+00
2.104940414428710938e-01,2.096420824527740479e-01,-4.273301735520362854e-02,8.393822908401489258e-01,5.384805798530578613e-01,-7.399979233741760254e-02,0.000000000000000000e+00
-2.353309094905853271e-01,1.505350917577743530e-01,-2.314475923776626587e-02,-8.328961133956909180e-01,5.523510575294494629e-01,-3.453025594353675842e-02,0.000000000000000000e+00
1.266239136457443237e-01,2.724324166774749756e-01,-2.753771550487726927e-04,3.930021524429321289e-01,9.072813391685485840e-01,1.496326625347137451e-01,0.000000000000000000e+00
7.366552203893661499e-02,2.854672372341156006e-01,8.426669053733348846e-03,1.779026389122009277e-01,9.799508452415466309e-01,8.970519155263900757e-02,0.000000000000000000e+00
-2.142464071512222290e-01,1.458380371332168579e-01,1.036375537514686584e-01,-6.778262853622436523e-01,6.395678520202636719e-01,3.626355826854705811e-01,0.000000000000000000e+00
-2.832180857658386230e-01,-1.821573637425899506e-02,-6.901989877223968506e-02,-9.749606847763061523e-01,4.681231826543807983e-02,-2.173943817615509033e-01,0.000000000000000000e+00
-1.943643391132354736e-01,-1.681877821683883667e-01,1.874114759266376495e-02,-3.763389885425567627e-01,-8.694477081298828125e-01,3.200463056564331055e-01,0.000000000000000000e+00
2.895180881023406982e-01,-2.171516045928001404e-02,-2.470046095550060272e-02,9.851107001304626465e-01,-8.600864559412002563e-02,-1.488604992628097534e-01,0.000000000000000000e+00
2.283882498741149902e-01,1.833309605717658997e-02,1.664755791425704956e-01,7.730026245117187500e-01,4.232903197407722473e-02,6.329891085624694824e-01,0.000000000000000000e+00
5.887740477919578552e-02,7.395365834236145020e-02,2.693865001201629639e-01,2.036178708076477051e-01,4.816014468669891357e-01,8.524082303047180176e-01,0.000000000000000000e+00
7.869711518287658691e-02,-2.640300393104553223e-01,7.403125613927841187e-02,1.706030070781707764e-01,-9.733278751373291016e-01,1.533866524696350098e-01,0.000000000000000000e+00
-2.857545614242553711e-01,4.301879927515983582e-02,-3.243591170758008957e-03,-9.699540734291076660e-01,2.429404854774475098e-01,-1.300126221030950546e-02,0.000000000000000000e+00
-1.769930124282836914e-01,2.817374281585216522e-02,2.268494516611099243e-01,-6.515075564384460449e-01,1.857960820198059082e-01,7.355390787124633789e-01,0.000000000000000000e+00
-2.440776303410530090e-02,-8.013212680816650391e-02,2.883795499801635742e-01,-7.870667427778244019e-02,-2.823375165462493896e-01,9.560809731483459473e-01,0.000000000000000000e+00
4.557076841592788696e-03,-1.488338559865951538e-01,-2.607189118862152100e-01,1.092471852898597717e-01,-5.407844781875610352e-01,-8.340367078781127930e-01,0.000000000000000000e+00
2.350944131612777710e-01,4.855058714747428894e-02,1.483753025531768799e-01,8.080915212631225586e-01,1.909565627574920654e-01,5.572465062141418457e-01,0.000000000000000000e+00
-3.208314627408981323e-02,-2.388694435358047485e-01,1.117186620831489563e-01,-4.385862052440643311e-01,-8.912181258201599121e-01,1.156390458345413208e-01,0.000000000000000000e+00
1.972999610006809235e-02,2.051830887794494629e-01,1.839088350534439087e-01,1.971160061657428741e-02,7.335559129714965820e-01,6.793431639671325684e-01,0.000000000000000000e+00
1.506944745779037476e-01,-1.491221487522125244e-01,2.054655402898788452e-01,5.603150129318237305e-01,-4.181895256042480469e-01,7.149577736854553223e-01,0.000000000000000000e+00
-3.180802613496780396e-02,-8.798968978226184845e-03,-2.908522486686706543e-01,-1.148878857493400574e-01,7.453788816928863525e-02,-9.905780553817749023e-01,0.000000000000000000e+00
2.528596818447113037e-01,-1.362003833055496216e-01,6.693799514323472977e-04,8.706226348876953125e-01,-4.918882548809051514e-01,-7.882467471063137054e-03,0.000000000000000000e+00
-2.777296900749206543e-01,5.174538120627403259e-02,-4.952239245176315308e-02,-9.361143708229064941e-01,2.570839226245880127e-01,-2.399951964616775513e-01,0.000000000000000000e+00
-2.349197715520858765e-01,1.342099010944366455e-01,-6.994977593421936035e-02,-8.036637306213378906e-01,5.365517139434814453e-01,-2.573651969432830811e-01,0.000000000000000000e+00
-2.271075099706649780e-01,-1.500351279973983765e-01,2.084664255380630493e-02,-5.820596814155578613e-01,-7.770438194274902344e-01,2.396025359630584717e-01,0.000000000000000000e+00
-1.181026846170425415e-01,8.254564553499221802e-02,2.464631348848342896e-01,-4.677031040191650391e-01,3.460588157176971436e-01,8.133246898651123047e-01,0.000000000000000000e+00
-1.886571645736694336e-01,-3.254257887601852417e-02,-2.210955023765563965e-01,-6.813355684280395508e-01,-2.680996898561716080e-03,-7.319662570953369141e-01,0.000000000000000000e+00
1.801572293043136597e-01,1.495060473680496216e-01,1.517814993858337402e-01,6.557499170303344727e-01,4.707576632499694824e-01,5.902366042137145996e-01,0.000000000000000000e+00
1.811069995164871216e-01,-2.020172923803329468e-01,1.169798448681831360e-01,5.856665372848510742e-01,-7.352474331855773926e-01,3.411830365657806396e-01,0.000000000000000000e+00
-5.609750002622604370e-02,-1.659461483359336853e-02,2.897154986858367920e-01,-2.869981825351715088e-01,4.000779241323471069e-02,9.570953249931335449e-01,0.000000000000000000e+00
-1.478124968707561493e-02,-2.376161664724349976e-01,-1.673651300370693207e-02,-7.231394648551940918e-01,-5.689235925674438477e-01,-3.916570544242858887e-01,0.000000000000000000e+00
-2.796078622341156006e-01,-3.161679580807685852e-02,6.817299872636795044e-02,-9.691025018692016602e-01,-1.442394554615020752e-01,2.000881731510162354e-01,0.000000000000000000e+00
1.960510760545730591e-01,2.104927301406860352e-01,3.333756700158119202e-02,7.563090324401855469e-01,6.064512133598327637e-01,2.453845739364624023e-01,0.000000000000000000e+00
-2.055425643920898438e-01,-4.786245152354240417e-02,-2.044552117586135864e-01,-7.544503808021545410e-01,-7.029516249895095825e-02,-6.525819301605224609e-01,0.000000000000000000e+00
-2.513844966888427734e-01,-1.279181838035583496e-01,-7.409493625164031982e-02,-8.696830868721008301e-01,-4.856960177421569824e-01,-8.803831040859222412e-02,0.000000000000000000e+00
1.475416403263807297e-02,-9.834209084510803223e-02,2.837830185890197754e-01,2.251460030674934387e-02,-3.709272742271423340e-01,9.283889532089233398e-01,0.000000000000000000e+00
-7.035651057958602905e-02,1.591798663139343262e-01,2.168581038713455200e-01,-1.889837682247161865e-01,6.670204997062683105e-01,7.206724882125854492e-01,0.000000000000000000e+00
-2.499444335699081421e-01,-1.232819855213165283e-01,3.082230500876903534e-02,-8.108471632003784180e-01,-5.496854782104492188e-01,2.009295970201492310e-01,0.000000000000000000e+00
-6.398966163396835327e-02,-2.291110754013061523e-01,-1.802343875169754028e-01,-1.868567764759063721e-01,-8.207708597183227539e-01,-5.398330092430114746e-01,0.000000000000000000e+00
-2.311270087957382202e-01,-9.806424379348754883e-02,-1.566208451986312866e-01,-7.872282266616821289e-01,-3.342976570129394531e-01,-5.181860923767089844e-01,0.000000000000000000e+00
-2.878250479698181152e-01,9.337294846773147583e-03,3.082142956554889679e-02,-9.843811988830566406e-01,1.136451885104179382e-01,1.344560384750366211e-01,0.000000000000000000e+00
5.567730218172073364e-02,2.880159914493560791e-01,-3.034792095422744751e-02,2.468683570623397827e-02,9.958672523498535156e-01,-8.740109205245971680e-02,0.000000000000000000e+00
1.592894941568374634e-01,-1.254869252443313599e-01,2.109690308570861816e-01,5.801562666893005371e-01,-2.630150616168975830e-01,7.708708047866821289e-01,0.000000000000000000e+00
-7.541130483150482178e-02,-2.304192334413528442e-01,-1.733714640140533447e-01,-1.965569704771041870e-01,-8.640821576118469238e-01,-4.633868634700775146e-01,0.000000000000000000e+00
-8.814699947834014893e-02,1.890579015016555786e-01,1.786017566919326782e-01,-1.876004338264465332e-01,7.003208994865417480e-01,6.887356042861938477e-01,0.000000000000000000e+00
-2.540636062622070312e-01,9.188126772642135620e-02,-7.874155789613723755e-02,-8.671700954437255859e-01,3.845853805541992188e-01,-3.164017796516418457e-01,0.000000000000000000e+00
-1.847385317087173462e-01,2.038925588130950928e-01,1.974781602621078491e-02,-5.999584794044494629e-01,7.994104027748107910e-01,3.151032328605651855e-02,0.000000000000000000e+00
-9.775539487600326538e-02,2.183557897806167603e-01,1.304658055305480957e-01,-4.142452776432037354e-01,8.017469048500061035e-01,4.308164119720458984e-01,0.000000000000000000e+00
1.672931164503097534e-01,-6.856222450733184814e-02,-2.202433496713638306e-01,7.961934208869934082e-01,-3.263339698314666748e-01,-5.094920992851257324e-01,0.000000000000000000e+00
1.226910203695297241e-01,1.896885335445404053e-01,-1.847536265850067139e-01,5.270658731460571289e-01,5.303855538368225098e-01,-6.639974713325500488e-01,0.000000000000000000e+00
2.695285081863403320e-01,8.410947769880294800e-02,4.620823264122009277e-02,9.118252396583557129e-01,3.304289877414703369e-01,2.437035441398620605e-01,0.000000000000000000e+00
-1.491290330886840820e-01,9.911044687032699585e-02,-2.149902433156967163e-01,-5.532482862472534180e-01,4.287550449371337891e-01,-7.142026424407958984e-01,0.000000000000000000e+00
-9.043733775615692139e-02,-1.885558217763900757e-01,1.913121491670608521e-01,-5.196880102157592773e-01,-7.812174558639526367e-01,3.458665013313293457e-01,0.000000000000000000e+00
2.154078185558319092e-01,6.945768743753433228e-02,-1.709970235824584961e-01,9.365543723106384277e-01,1.328353583812713623e-01,-3.243774175643920898e-01,0.000000000000000000e+00
-7.339749485254287720e-02,-1.328283250331878662e-01,-2.621086537837982178e-01,-2.182536423206329346e-01,-4.620357751846313477e-01,-8.595861196517944336e-01,0.000000000000000000e+00
1.922170370817184448e-01,7.665469497442245483e-02,1.870472580194473267e-01,6.427001953125000000e-01,3.871169388294219971e-01,6.611179113388061523e-01,0.000000000000000000e+00
-1.851744800806045532e-01,1.941870450973510742e-01,6.198916584253311157e-02,-6.199707388877868652e-01,7.411815524101257324e-01,2.574611306190490723e-01,0.000000000000000000e+00
-1.693231612443923950e-01,-2.199225500226020813e-02,-2.366888672113418579e-01,-5.649762749671936035e-01,6.051852181553840637e-02,-8.228847384452819824e-01,0.000000000000000000e+00
1.681153029203414917e-01,2.410355359315872192e-01,2.514580078423023224e-02,6.582203507423400879e-01,7.211791276931762695e-01,2.159783691167831421e-01,0.000000000000000000e+00
-2.759209573268890381e-01,2.339693345129489899e-02,-8.343269675970077515e-02,-9.406520128250122070e-01,2.149121016263961792e-01,-2.626529932022094727e-01,0.000000000000000000e+00
2.797923982143402100e-01,6.984237581491470337e-02,1.494305091910064220e-03,9.799497127532958984e-01,1.965968459844589233e-01,3.237720206379890442e-02,0.000000000000000000e+00
1.260836124420166016e-01,-6.239050626754760742e-02,2.532581686973571777e-01,5.035536885261535645e-01,-1.579394489526748657e-01,8.494049906730651855e-01,0.000000000000000000e+00
-1.002978831529617310e-01,-2.076786905527114868e-01,-1.983396708965301514e-01,-3.075427412986755371e-01,-7.711317539215087891e-01,-5.574703812599182129e-01,0.000000000000000000e+00
-2.396305650472640991e-01,-1.472785621881484985e-01,-5.500270053744316101e-02,-7.552980184555053711e-01,-6.550619602203369141e-01,-2.046274766325950623e-02,0.000000000000000000e+00
2.229653447866439819e-01,1.844076067209243774e-01,-6.709656864404678345e-02,8.777179718017578125e-01,4.547011554241180420e-01,-1.511885970830917358e-01,0.000000000000000000e+00
1.208858005702495575e-02,-2.456187456846237183e-01,-2.988843992352485657e-02,-3.693589270114898682e-01,-8.116024732589721680e-01,-4.526315927505493164e-01,0.000000000000000000e+00
-4.549590870738029480e-02,-2.447903901338577271e-01,-1.565147191286087036e-01,-1.552131325006484985e-01,-9.196298718452453613e-01,-3.608182668685913086e-01,0.000000000000000000e+00
-1.895100176334381104e-01,-5.062757059931755066e-02,-2.201592177152633667e-01,-6.734592914581298828e-01,-9.193690121173858643e-02,-7.334849834442138672e-01,0.000000000000000000e+00
-8.291694521903991699e-02,-6.900572031736373901e-02,-2.789118587970733643e-01,-3.272126615047454834e-01,-8.889400959014892578e-02,-9.407601952552795410e-01,0.000000000000000000e+00
8.034743368625640869e-02,1.312784552574157715e-01,-2.459359169006347656e-01,3.050504922866821289e-01,4.743953049182891846e-01,-8.257682919502258301e-01,0.000000000000000000e+00
1.755570322275161743e-01,-1.062581390142440796e-01,-1.440087556838989258e-01,8.147895932197570801e-01,-5.733890533447265625e-01,-8.569079637527465820e-02,0.000000000000000000e+00
-1.578643172979354858e-01,9.793863445520401001e-02,-2.095421701669692993e-01,-4.946279525756835938e-01,4.317524135112762451e-01,-7.542765140533447266e-01,0.000000000000000000e+00
2.218678593635559082e-01,1.235865205526351929e-01,-1.267607808113098145e-01,8.231263756752014160e-01,1.921185553073883057e-01,-5.343719720840454102e-01,0.000000000000000000e+00
-6.748367846012115479e-02,-2.189280688762664795e-01,-3.611261490732431412e-03,-1.807477176189422607e-01,-6.519534587860107422e-01,7.364013195037841797e-01,0.000000000000000000e+00
2.791156470775604248e-01,-6.581307202577590942e-02,-3.326854854822158813e-02,9.479044079780578613e-01,-2.956452965736389160e-01,-1.186217665672302246e-01,0.000000000000000000e+00
2.888519465923309326e-01,-2.306656911969184875e-02,3.813336789608001709e-02,9.853630661964416504e-01,-7.764090597629547119e-02,1.517612487077713013e-01,0.000000000000000000e+00
-1.023239493370056152e-01,2.454992532730102539e-01,-7.308068871498107910e-02,-4.132697582244873047e-01,8.945356607437133789e-01,-1.703350245952606201e-01,0.000000000000000000e+00
-2.566532790660858154e-01,-1.197183802723884583e-01,9.273955598473548889e-03,-7.783887386322021484e-01,-6.018359065055847168e-01,1.786184310913085938e-01,0.000000000000000000e+00
7.533477246761322021e-02,2.842734754085540771e-01,-5.177548900246620178e-02,2.239675223827362061e-01,9.641955494880676270e-01,-1.420054137706756592e-01,0.000000000000000000e+00
2.236195504665374756e-01,4.645301774144172668e-02,1.653248071670532227e-01,8.094221353530883789e-01,1.492838859558105469e-01,5.679349899291992188e-01,0.000000000000000000e+00
-6.583097577095031738e-02,-2.323529571294784546e-01,-1.736639589071273804e-01,-1.919082999229431152e-01,-8.718550205230712891e-01,-4.505996406078338623e-01,0.000000000000000000e+00
1.206907629966735840e-01,1.054816991090774536e-01,2.288541942834854126e-01,4.034450948238372803e-01,4.483033120632171631e-01,7.976567149162292480e-01,0.000000000000000000e+00
2.695222496986389160e-01,-1.685282588005065918e-02,-8.903643488883972168e-02,8.582499027252197266e-01,-5.563119798898696899e-02,-5.102080702781677246e-01,0.000000000000000000e+00
-1.703191995620727539e-01,-2.042831480503082275e-01,-6.256052106618881226e-02,-4.633202254772186279e-01,-8.712816834449768066e-01,1.618721485137939453e-01,0.000000000000000000e+00
-1.069855466485023499e-01,-3.056907653808593750e-02,-2.716363072395324707e-01,-4.286752343177795410e-01,2.043290995061397552e-02,-9.032275676727294922e-01,0.000000000000000000e+00
2.481778562068939209e-01,-1.445761620998382568e-01,5.377430934458971024e-03,8.714417219161987305e-01,-4.904504120349884033e-01,-6.907870061695575714e-03,0.000000000000000000e+00
-2.646444141864776611e-01,-1.360740605741739273e-02,1.102216914296150208e-01,-9.391422867774963379e-01,5.565020814538002014e-02,3.389908969402313232e-01,0.000000000000000000e+00
-2.066040039062500000e-01,-4.746687784790992737e-02,1.959652304649353027e-01,-7.759974002838134766e-01,-9.501996636390686035e-02,6.235377192497253418e-01,0.000000000000000000e+00
1.993893980979919434e-01,-1.447304431349039078e-02,-1.985293626785278320e-01,7.948306798934936523e-01,-1.578963845968246460e-01,-5.859290957450866699e-01,0.000000000000000000e+00
2.736672163009643555e-01,-9.221824258565902710e-02,1.281047519296407700e-02,9.571529626846313477e-01,-2.885041534900665283e-01,2.497178502380847931e-02,0.000000000000000000e+00
3.388106077909469604e-02,2.873225510120391846e-01,4.088086076080799103e-03,-1.284039169549942017e-01,9.896632432937622070e-01,6.386747956275939941e-02,0.000000000000000000e+00
1.530330181121826172e-01,-1.099523231387138367e-01,2.227075099945068359e-01,5.754405856132507324e-01,-2.653108537197113037e-01,7.736138105392456055e-01,0.000000000000000000e+00
2.470615319907665253e-03,2.197625190019607544e-01,1.683390140533447266e-01,1.285962574183940887e-02,7.908891439437866211e-01,6.118242740631103516e-01,0.000000000000000000e+00
1.010750532150268555e-01,2.783632576465606689e-01,-6.358449161052703857e-02,2.099871039390563965e-01,9.551690816879272461e-01,-2.087043076753616333e-01,0.000000000000000000e+00
1.550703644752502441e-01,-1.052453145384788513e-01,2.226893752813339233e-01,5.897601246833801270e-01,-2.439419925212860107e-01,7.698540687561035156e-01,0.000000000000000000e+00
5.011746659874916077e-02,2.734101414680480957e-01,-9.787146747112274170e-02,2.040746435523033142e-02,9.469560384750366211e-01,-3.207145035266876221e-01,0.000000000000000000e+00
-7.620152831077575684e-02,-1.291287988424301147e-01,-2.633852362632751465e-01,-2.182536423206329346e-01,-4.620357751846313477e-01,-8.595861196517944336e-01,0.000000000000000000e+00
-1.117819026112556458e-01,-7.057074457406997681e-02,2.640072107315063477e-01,-4.299806654453277588e-01,-1.221933811902999878e-01,8.945308327674865723e-01,0.000000000000000000e+00
2.860265970230102539e-01,-5.392089858651161194e-02,5.864091799594461918e-04,9.660161137580871582e-01,-2.574427723884582520e-01,2.315416187047958374e-02,0.000000000000000000e+00
-1.753832548856735229e-01,-1.937502324581146240e-01,-1.478660106658935547e-01,-6.918193101882934570e-01,-6.850332021713256836e-01,-2.282882928848266602e-01,0.000000000000000000e+00
-1.786454617977142334e-01,-1.425923705101013184e-01,-2.008762061595916748e-01,-6.902843713760375977e-01,-3.797591626644134521e-01,-6.158655881881713867e-01,0.000000000000000000e+00
-2.762954831123352051e-01,-6.888646632432937622e-02,-6.606937944889068604e-02,-9.510411620140075684e-01,-2.309747934341430664e-01,-2.053566277027130127e-01,0.000000000000000000e+00
1.072238907217979431e-01,2.361976206302642822e-01,1.087609902024269104e-01,3.814927935600280762e-01,7.628242969512939453e-01,5.220750570297241211e-01,0.000000000000000000e+00
2.802274823188781738e-01,2.994167059659957886e-02,-6.410355865955352783e-02,9.719775915145874023e-01,2.039577625691890717e-02,-2.341869920492172241e-01,0.000000000000000000e+00
1.941700130701065063e-01,3.042204119265079498e-02,-2.112179100513458252e-01,6.880624890327453613e-01,-8.387093432247638702e-03,-7.256029248237609863e-01,0.000000000000000000e+00
2.715777456760406494e-01,8.646623790264129639e-02,3.256000205874443054e-02,9.387985467910766602e-01,3.010607659816741943e-01,1.673907488584518433e-01,0.000000000000000000e+00
1.414229720830917358e-01,-2.211483120918273926e-01,-6.426857411861419678e-02,3.858506381511688232e-01,-7.608029842376708984e-01,-5.218219161033630371e-01,0.000000000000000000e+00
-2.498059719800949097e-01,5.547166243195533752e-02,1.255321353673934937e-01,-8.524778485298156738e-01,2.058575302362442017e-01,4.805249571800231934e-01,0.000000000000000000e+00
-1.477373950183391571e-02,-1.760462075471878052e-01,-2.422754913568496704e-01,-4.840737581253051758e-02,-6.350801587104797363e-01,-7.709279656410217285e-01,0.000000000000000000e+00
1.149214729666709900e-01,-8.320935815572738647e-02,-2.587054371833801270e-01,4.294689595699310303e-01,-3.431163728237152100e-01,-8.353607654571533203e-01,0.000000000000000000e+00
-5.121131613850593567e-02,-2.238788455724716187e-01,5.295460671186447144e-02,-7.301479578018188477e-01,-6.556749939918518066e-01,-1.922869384288787842e-01,0.000000000000000000e+00
-1.659355312585830688e-01,-7.616526633501052856e-02,2.253546565771102905e-01,-6.087988615036010742e-01,-3.925093412399291992e-01,6.894203424453735352e-01,0.000000000000000000e+00
5.837401840835809708e-03,-2.563208937644958496e-01,1.008641347289085388e-01,-2.234456092119216919e-01,-9.611749649047851562e-01,1.619098037481307983e-01,0.000000000000000000e+00
-2.216084301471710205e-01,-1.622490733861923218e-01,-1.688620261847972870e-02,-6.239776015281677246e-01,-7.622590661048889160e-01,1.720845103263854980e-01,0.000000000000000000e+00
1.577546745538711548e-01,-1.181117743253707886e-01,-1.912278234958648682e-01,7.415794730186462402e-01,-5.165788531303405762e-01,-4.280259013175964355e-01,0.000000000000000000e+00
1.883191615343093872e-01,-4.976288601756095886e-02,-2.001418471336364746e-01,8.046617507934570312e-01,-2.669189572334289551e-01,-5.303524732589721680e-01,0.000000000000000000e+00
7.743398845195770264e-02,1.204212903976440430e-01,-2.523173987865447998e-01,1.575518101453781128e-01,5.040283799171447754e-01,-8.491953611373901367e-01,0.000000000000000000e+00
-1.378580778837203979e-01,-1.768603771924972534e-01,1.300555765628814697e-01,-4.289782047271728516e-01,-9.017503261566162109e-01,-5.314137041568756104e-02,0.000000000000000000e+00
2.903905808925628662e-01,-1.346039399504661560e-02,1.261764019727706909e-02,9.964406490325927734e-01,-5.370428040623664856e-02,6.497564166784286499e-02,0.000000000000000000e+00
-5.280397832393646240e-02,1.611763238906860352e-01,-2.247713506221771240e-01,-1.881162375211715698e-01,5.773460865020751953e-01,-7.945336699485778809e-01,0.000000000000000000e+00
-1.762098371982574463e-01,-1.917673349380493164e-01,-1.511652320623397827e-01,-7.021033167839050293e-01,-6.516178250312805176e-01,-2.871326208114624023e-01,0.000000000000000000e+00
-7.443903014063835144e-03,1.665149182081222534e-01,-2.313958406448364258e-01,-2.381436079740524292e-01,5.920000076293945312e-01,-7.699503898620605469e-01,0.000000000000000000e+00
-1.903320401906967163e-01,-1.547678112983703613e-01,9.155947715044021606e-02,-4.700333476066589355e-01,-8.664827346801757812e-01,1.681558042764663696e-01,0.000000000000000000e+00
1.088067516684532166e-02,2.273164689540863037e-01,1.577158123254776001e-01,2.389622852206230164e-02,8.172413706779479980e-01,5.757998824119567871e-01,0.000000000000000000e+00
-3.175377473235130310e-02,-2.404735386371612549e-01,3.810204938054084778e-02,-5.457816720008850098e-01,-8.292772769927978516e-01,-1.200897246599197388e-01,0.000000000000000000e+00
-3.259122895542532206e-04,2.272584885358810425e-01,1.584978699684143066e-01,-9.511025622487068176e-03,8.324485421180725098e-01,5.540207028388977051e-01,0.000000000000000000e+00
-1.869179457426071167e-01,5.582371354103088379e-02,2.100736945867538452e-01,-6.990979909896850586e-01,2.200890332460403442e-01,6.803108453750610352e-01,0.000000000000000000e+00
-1.358982324600219727e-01,1.123851835727691650e-01,2.221527695655822754e-01,-5.335920453071594238e-01,4.274321794509887695e-01,7.297816276550292969e-01,0.000000000000000000e+00
1.426957249641418457e-01,-9.874150156974792480e-02,2.337077111005783081e-01,4.724756777286529541e-01,-3.141068518161773682e-01,8.234704732894897461e-01,0.000000000000000000e+00
1.770905852317810059e-01,1.971454024314880371e-01,9.622813016176223755e-02,5.748242735862731934e-01,6.382202506065368652e-01,5.121054053306579590e-01,0.000000000000000000e+00
-1.914824098348617554e-01,-1.539707034826278687e-01,-1.772891730070114136e-01,-6.292552947998046875e-01,-5.555171966552734375e-01,-5.435424447059631348e-01,0.000000000000000000e+00
-2.576835751533508301e-01,1.093760952353477478e-01,3.979708254337310791e-02,-8.860443830490112305e-01,4.358152151107788086e-01,1.580837815999984741e-01,0.000000000000000000e+00
-2.742892503738403320e-01,8.124234527349472046e-02,1.159397419542074203e-02,-9.080549478530883789e-01,4.142850041389465332e-01,6.167825683951377869e-02,0.000000000000000000e+00
1.801136732101440430e-01,-1.451987326145172119e-01,-1.131743639707565308e-01,3.787573277950286865e-01,-4.077539443969726562e-01,-8.308306932449340820e-01,0.000000000000000000e+00
2.702876925468444824e-01,3.190643340349197388e-02,-8.656434714794158936e-02,9.304181933403015137e-01,7.228965312242507935e-02,-3.592996001243591309e-01,0.000000000000000000e+00
2.142219804227352142e-02,2.591905891895294189e-01,-1.255710124969482422e-01,-4.559958726167678833e-02,8.943142294883728027e-01,-4.451098442077636719e-01,0.000000000000000000e+00
-7.377380039542913437e-03,-2.457144409418106079e-01,-5.311017856001853943e-02,2.341453880071640015e-01,-9.518051743507385254e-01,1.980979740619659424e-01,0.000000000000000000e+00
2.093244940042495728e-01,-1.827815473079681396e-01,9.537657350301742554e-02,7.672780156135559082e-01,-5.561745762825012207e-01,3.193028271198272705e-01,0.000000000000000000e+00
8.883699029684066772e-02,-1.380393356084823608e-01,-2.415819764137268066e-01,4.484910666942596436e-01,-4.919932484626770020e-01,-7.461892366409301758e-01,0.000000000000000000e+00
2.381683439016342163e-01,1.345158964395523071e-01,6.126365065574645996e-02,8.006975054740905762e-01,5.176597833633422852e-01,3.015159666538238525e-01,0.000000000000000000e+00
-6.058217957615852356e-03,-1.764741167426109314e-02,2.988122999668121338e-01,-9.893089532852172852e-02,-5.884081125259399414e-02,9.933531284332275391e-01,0.000000000000000000e+00
2.527927793562412262e-02,1.906956285238265991e-01,-2.111299484968185425e-01,1.194308698177337646e-01,6.865195035934448242e-01,-7.172358036041259766e-01,0.000000000000000000e+00
-2.002441585063934326e-01,1.219870820641517639e-01,1.522261649370193481e-01,-7.320982217788696289e-01,4.718497693538665771e-01,4.913145899772644043e-01,0.000000000000000000e+00
1.589465141296386719e-02,3.159421309828758240e-02,-2.918674051761627197e-01,-3.960269503295421600e-03,9.277536720037460327e-02,-9.956791996955871582e-01,0.000000000000000000e+00
-1.749566197395324707e-01,1.770578622817993164e-01,-1.163029298186302185e-01,-6.605390310287475586e-01,6.162241101264953613e-01,-4.289009869098663330e-01,0.000000000000000000e+00
2.270610481500625610e-01,-9.107886999845504761e-02,1.584732830524444580e-01,7.693226933479309082e-01,-2.050922363996505737e-01,6.050452589988708496e-01,0.000000000000000000e+00
3.679162636399269104e-02,2.870358824729919434e-01,-4.735777527093887329e-02,-4.141762480139732361e-02,9.939870834350585938e-01,-1.013619154691696167e-01,0.000000000000000000e+00
-7.427994161844253540e-02,-1.808954030275344849e-01,2.149646580219268799e-01,-3.736720979213714600e-01,-7.542477846145629883e-01,5.398883223533630371e-01,0.000000000000000000e+00
-1.738909780979156494e-01,-1.713102757930755615e-01,2.505796402692794800e-02,-1.931153833866119385e-01,-9.203968048095703125e-01,3.399648964405059814e-01,0.000000000000000000e+00
-1.045100856572389603e-02,-2.372176945209503174e-01,-1.780847609043121338e-01,1.578226126730442047e-02,-8.668519258499145508e-01,-4.983157813549041748e-01,0.000000000000000000e+00
-1.295318603515625000e-01,2.438298761844635010e-01,-1.869374886155128479e-03,-4.753146469593048096e-01,8.797791600227355957e-01,-8.037636056542396545e-03,0.000000000000000000e+00
1.204186901450157166e-01,-2.227437198162078857e-01,1.555176973342895508e-01,4.915334880352020264e-01,-7.992132306098937988e-01,3.459089994430541992e-01,0.000000000000000000e+00
1.557686477899551392e-01,-2.081234455108642578e-01,1.398506015539169312e-01,5.509806275367736816e-01,-7.282382845878601074e-01,4.075406193733215332e-01,0.000000000000000000e+00
-8.243911713361740112e-02,-2.302514463663101196e-01,-2.547165937721729279e-02,-3.392547070980072021e-01,-8.125633001327514648e-01,4.739695787429809570e-01,0.000000000000000000e+00
-1.782469600439071655e-01,-1.977317482233047485e-01,-1.270153671503067017e-01,-6.115429401397705078e-01,-7.608748078346252441e-01,-2.169903367757797241e-01,0.000000000000000000e+00
2.260433882474899292e-02,1.486326567828655243e-02,-2.934058308601379395e-01,2.905711904168128967e-02,8.165174722671508789e-02,-9.962372779846191406e-01,0.000000000000000000e+00
-1.038979887962341309e-01,-4.637267813086509705e-02,2.717298865318298340e-01,-3.692987561225891113e-01,-2.965379059314727783e-01,8.807290792465209961e-01,0.000000000000000000e+00
1.850910037755966187e-01,5.579806864261627197e-02,-2.169908434152603149e-01,6.700717210769653320e-01,2.703957259654998779e-01,-6.912959218025207520e-01,0.000000000000000000e+00
-7.016598433256149292e-02,1.716475337743759155e-01,-2.094614654779434204e-01,-2.717030942440032959e-01,6.542748808860778809e-01,-7.057632803916931152e-01,0.000000000000000000e+00
-5.444137752056121826e-02,-2.029064595699310303e-01,1.951283365488052368e-01,-3.231731951236724854e-01,-8.007351756095886230e-01,5.043632388114929199e-01,0.000000000000000000e+00
-9.640777111053466797e-02,-2.292437255382537842e-01,-3.461506590247154236e-02,-2.980721294879913330e-01,-8.772934079170227051e-01,3.761771619319915771e-01,0.000000000000000000e+00
-2.151549011468887329e-01,-1.699921190738677979e-01,-9.736862033605575562e-02,-7.246460318565368652e-01,-6.851156353950500488e-01,-7.419398427009582520e-02,0.000000000000000000e+00
-1.420580744743347168e-01,1.065405458211898804e-01,-2.151779979467391968e-01,-5.017500519752502441e-01,4.022917747497558594e-01,-7.657729387283325195e-01,0.000000000000000000e+00
-2.044116854667663574e-01,-1.291926056146621704e-01,1.360720843076705933e-01,-6.169971227645874023e-01,-6.794257164001464844e-01,3.971086442470550537e-01,0.000000000000000000e+00
-5.361770838499069214e-02,-2.248438298702239990e-01,1.290481239557266235e-01,-4.539300501346588135e-01,-8.877564668655395508e-01,7.639364153146743774e-02,0.000000000000000000e+00
1.298626959323883057e-01,-1.241742074489593506e-01,-2.223730087280273438e-01,6.716126203536987305e-01,-5.236407518386840820e-01,-5.241534709930419922e-01,0.000000000000000000e+00
2.926720865070819855e-02,2.705986201763153076e-01,-1.057576462626457214e-01,-1.209763810038566589e-01,8.816519379615783691e-01,-4.561300575733184814e-01,0.000000000000000000e+00
-8.262570947408676147e-02,-2.074161767959594727e-01,1.408169418573379517e-01,-4.971010386943817139e-01,-8.668320775032043457e-01,3.863606601953506470e-02,0.000000000000000000e+00
-1.200422570109367371e-01,-1.057181507349014282e-01,2.464820146560668945e-01,-4.980658590793609619e-01,-3.270879983901977539e-01,8.030839562416076660e-01,0.000000000000000000e+00
-2.146239429712295532e-01,6.015333160758018494e-02,-1.757860332727432251e-01,-7.702624797821044922e-01,2.231283783912658691e-01,-5.974190235137939453e-01,0.000000000000000000e+00
-1.702702194452285767e-01,-2.000076770782470703e-01,-1.412127912044525146e-01,-4.972816705703735352e-01,-8.400251269340515137e-01,-2.169532477855682373e-01,0.000000000000000000e+00
1.331160366535186768e-01,2.451324015855789185e-01,7.335607707500457764e-02,4.292480051517486572e-01,7.937247753143310547e-01,4.309839308261871338e-01,0.000000000000000000e+00
-1.866806447505950928e-01,1.562978513538837433e-02,2.193476259708404541e-01,-6.616112589836120605e-01,3.727341769263148308e-03,7.498377561569213867e-01,0.000000000000000000e+00
2.441978454589843750e-01,7.027167081832885742e-02,-1.221765428781509399e-01,8.705823421478271484e-01,1.986729800701141357e-01,-4.501282274723052979e-01,0.000000000000000000e+00
-4.730350151658058167e-02,-2.515640556812286377e-01,-6.777600198984146118e-02,-6.743871420621871948e-02,-9.734794497489929199e-01,2.186088114976882935e-01,0.000000000000000000e+00
2.031666226685047150e-02,1.541701108217239380e-01,-2.412854284048080444e-01,-8.259157091379165649e-02,5.670263171195983887e-01,-8.195484876632690430e-01,0.000000000000000000e+00
-1.306509077548980713e-01,1.678728014230728149e-01,-1.752003878355026245e-01,-4.337606132030487061e-01,6.219739317893981934e-01,-6.519203782081604004e-01,0.000000000000000000e+00
-8.338703215122222900e-02,-5.543864518404006958e-02,-2.803139686584472656e-01,-2.689225971698760986e-01,-4.877863451838493347e-02,-9.619258046150207520e-01,0.000000000000000000e+00
-2.520241141319274902e-01,-8.520597964525222778e-02,1.002411171793937683e-01,-8.295280337333679199e-01,-3.857911229133605957e-01,4.037926197052001953e-01,0.000000000000000000e+00
-1.586418151855468750e-01,2.016642689704895020e-01,9.765750914812088013e-02,-5.196701288223266602e-01,7.588806748390197754e-01,3.924832344055175781e-01,0.000000000000000000e+00
2.169190347194671631e-01,5.727282259613275528e-03,1.816532313823699951e-01,7.377887964248657227e-01,8.139402419328689575e-02,6.701064705848693848e-01,0.000000000000000000e+00
1.529531460255384445e-02,-1.838585361838340759e-02,2.986200749874114990e-01,1.242005899548530579e-01,5.342264473438262939e-02,9.908179640769958496e-01,0.000000000000000000e+00
-2.302409559488296509e-01,9.757952066138386726e-04,-1.758941560983657837e-01,-7.512669563293457031e-01,1.316033154726028442e-01,-6.467445492744445801e-01,0.000000000000000000e+00
-7.411382347345352173e-02,-1.986878365278244019e-01,1.878590434789657593e-01,-4.057716429233551025e-01,-8.348870873451232910e-01,3.719044327735900879e-01,0.000000000000000000e+00
2.658663094043731689e-01,-1.127445399761199951e-01,4.526436328887939453e-03,9.114693999290466309e-01,-4.113591313362121582e-01,2.693416783586144447e-03,0.000000000000000000e+00
2.276331186294555664e-01,-1.542715430259704590e-01,1.046706363558769226e-01,7.694782614707946777e-01,-5.420383810997009277e-01,3.377833962440490723e-01,0.000000000000000000e+00
8.095376938581466675e-02,1.824330724775791168e-02,-2.839565575122833252e-01,2.007505744695663452e-01,1.536203175783157349e-01,-9.675226211547851562e-01,0.000000000000000000e+00
1.534784883260726929e-01,-1.270290762186050415e-01,-1.878743916749954224e-01,7.415794730186462402e-01,-5.165788531303405762e-01,-4.280259013175964355e-01,0.000000000000000000e+00
-4.510284960269927979e-02,-1.803407073020935059e-01,-2.391794174909591675e-01,-1.997165754437446594e-02,-5.836924314498901367e-01,-8.117291927337646484e-01,0.000000000000000000e+00
2.409384250640869141e-01,8.391697704792022705e-02,1.199917793273925781e-01,8.342477679252624512e-01,3.425513505935668945e-01,4.320755302906036377e-01,0.000000000000000000e+00
1.650293320417404175e-01,1.535087376832962036e-01,1.647641211748123169e-01,5.474678874015808105e-01,4.728527963161468506e-01,6.904267668724060059e-01,0.000000000000000000e+00
1.424665302038192749e-01,2.626965939998626709e-01,1.003551296889781952e-02,4.754573404788970947e-01,8.555849194526672363e-01,2.047308832406997681e-01,0.000000000000000000e+00
-2.560460567474365234e-02,-1.053240522742271423e-01,-2.804650366306304932e-01,-4.436892643570899963e-02,-3.395297825336456299e-01,-9.395482540130615234e-01,0.000000000000000000e+00
-9.546896815299987793e-02,2.559435069561004639e-01,3.831194341182708740e-02,-4.852176606655120850e-01,8.676230311393737793e-01,1.086004450917243958e-01,0.000000000000000000e+00
-1.435632407665252686e-01,-1.462603360414505005e-01,1.969829350709915161e-01,-5.155931115150451660e-01,-6.455943584442138672e-01,5.633574724197387695e-01,0.000000000000000000e+00
2.108009010553359985e-01,-1.802522093057632446e-01,9.753586351871490479e-02,6.698234081268310547e-01,-6.706743240356445312e-01,3.186417818069458008e-01,0.000000000000000000e+00
2.240119129419326782e-01,-1.194550171494483948e-01,-9.791201353073120117e-02,6.684648990631103516e-01,-5.408303141593933105e-01,-5.105459690093994141e-01,0.000000000000000000e+00
-1.376447528600692749e-01,-2.058020830154418945e-01,-2.458836324512958527e-02,-4.342266619205474854e-01,-7.941448688507080078e-01,4.251836836338043213e-01,0.000000000000000000e+00
-1.448756158351898193e-01,-1.714066118001937866e-01,1.059508174657821655e-01,-2.288406789302825928e-01,-9.664897918701171875e-01,-1.163161471486091614e-01,0.000000000000000000e+00
-8.379191160202026367e-02,2.535412013530731201e-01,-7.623690366744995117e-02,-3.870946466922760010e-01,8.784229159355163574e-01,-2.802336513996124268e-01,0.000000000000000000e+00
2.003091424703598022e-01,-1.651098579168319702e-01,1.398506760597229004e-01,6.439235806465148926e-01,-5.930572152137756348e-01,4.833689630031585693e-01,0.000000000000000000e+00
2.204284444451332092e-02,2.125507593154907227e-01,1.756035834550857544e-01,1.180309206247329712e-01,7.016513347625732422e-01,7.026764154434204102e-01,0.000000000000000000e+00
-7.522482424974441528e-02,4.208563640713691711e-02,-2.735054790973663330e-01,-2.572854459285736084e-01,1.083379760384559631e-01,-9.602432250976562500e-01,0.000000000000000000e+00
-8.674683421850204468e-02,2.081421911716461182e-01,1.535094529390335083e-01,-3.593230247497558594e-01,7.396003603935241699e-01,5.691030025482177734e-01,0.000000000000000000e+00
-7.909364253282546997e-02,-2.055774480104446411e-01,-2.084681987762451172e-01,-1.826158165931701660e-01,-7.672043442726135254e-01,-6.148568391799926758e-01,0.000000000000000000e+00
2.625210583209991455e-01,-1.191225051879882812e-01,3.665926307439804077e-02,9.158870577812194824e-01,-3.992714285850524902e-01,4.163145273923873901e-02,0.000000000000000000e+00
-2.139011770486831665e-02,-1.394955068826675415e-01,2.674857974052429199e-01,-1.880863010883331299e-01,-4.598959088325500488e-01,8.678244352340698242e-01,0.000000000000000000e+00
1.976251602172851562e-01,2.107291221618652344e-01,2.830243855714797974e-02,7.408214807510375977e-01,6.183639168739318848e-01,2.623157501220703125e-01,0.000000000000000000e+00
2.650077939033508301e-01,-1.776338927447795868e-02,1.134401485323905945e-01,9.151871204376220703e-01,-1.099959462881088257e-01,3.877285420894622803e-01,0.000000000000000000e+00
1.114307194948196411e-01,-7.801747322082519531e-02,-2.626037299633026123e-01,4.532147347927093506e-01,-2.474210560321807861e-01,-8.563756346702575684e-01,0.000000000000000000e+00
2.636224329471588135e-01,-4.882046580314636230e-02,-9.313879162073135376e-02,8.374481201171875000e-01,-2.561357915401458740e-01,-4.827784895896911621e-01,0.000000000000000000e+00
-2.283363938331604004e-01,5.322962999343872070e-02,1.601152718067169189e-01,-7.941820025444030762e-01,2.041187584400177002e-01,5.723726749420166016e-01,0.000000000000000000e+00
1.412055045366287231e-01,8.727769553661346436e-02,2.239521592855453491e-01,5.627425312995910645e-01,4.224469661712646484e-01,7.105345726013183594e-01,0.000000000000000000e+00
-2.766196988523006439e-02,2.438524812459945679e-01,1.258464157581329346e-01,-2.449610233306884766e-01,8.619140386581420898e-01,4.439575374126434326e-01,0.000000000000000000e+00
2.667544186115264893e-01,-1.090691797435283661e-02,-9.800401329994201660e-02,9.434222579002380371e-01,-7.639129459857940674e-02,-3.226745128631591797e-01,0.000000000000000000e+00
-5.190397053956985474e-02,-1.251577585935592651e-01,-2.694835662841796875e-01,-5.689029768109321594e-02,-3.811922073364257812e-01,-9.227437376976013184e-01,0.000000000000000000e+00
1.078427359461784363e-01,-1.651771366596221924e-01,-2.004472315311431885e-01,5.166435837745666504e-01,-7.038737535476684570e-01,-4.874844551086425781e-01,0.000000000000000000e+00
7.560465484857559204e-02,1.133907437324523926e-01,-2.562115788459777832e-01,1.236428469419479370e-01,3.688989877700805664e-01,-9.212089776992797852e-01,0.000000000000000000e+00
-8.632716536521911621e-02,2.099393457174301147e-01,-1.594977378845214844e-01,-4.028192758560180664e-01,6.651965975761413574e-01,-6.286892294883728027e-01,0.000000000000000000e+00
-8.616582304239273071e-02,-2.052056044340133667e-01,1.418124735355377197e-01,-5.213511586189270020e-01,-8.463023900985717773e-01,1.093856692314147949e-01,0.000000000000000000e+00
-1.282267719507217407e-01,-1.718163788318634033e-01,2.688895538449287415e-02,-4.184474349021911621e-01,-7.299206256866455078e-01,5.404791235923767090e-01,0.000000000000000000e+00
-7.030212879180908203e-02,-1.298401355743408203e-01,2.582804560661315918e-01,-4.227183461189270020e-01,-4.583932161331176758e-01,7.817831635475158691e-01,0.000000000000000000e+00
1.810507476329803467e-01,2.202879786491394043e-01,4.714769124984741211e-02,6.169704198837280273e-01,7.367470860481262207e-01,2.766789495944976807e-01,0.000000000000000000e+00
-1.423096358776092529e-01,-5.026573687791824341e-02,-2.543217837810516357e-01,-4.793166816234588623e-01,2.417648583650588989e-02,-8.773089647293090820e-01,0.000000000000000000e+00
1.208156645298004150e-01,1.217969134449958801e-01,-2.343445867300033569e-01,4.400181770324707031e-01,4.578525125980377197e-01,-7.724992632865905762e-01,0.000000000000000000e+00
-2.440586984157562256e-01,-1.264200806617736816e-01,-1.067159026861190796e-01,-8.720974922180175781e-01,-4.307871460914611816e-01,-2.320957034826278687e-01,0.000000000000000000e+00
-2.401453852653503418e-01,7.701918482780456543e-02,-1.260450780391693115e-01,-8.131319880485534668e-01,3.829831779003143311e-01,-4.383381009101867676e-01,0.000000000000000000e+00
-2.846767008304595947e-01,2.628425695002079010e-02,4.080919548869132996e-02,-9.879457354545593262e-01,1.006705313920974731e-01,1.175954118371009827e-01,0.000000000000000000e+00
4.824361577630043030e-02,-2.654621899127960205e-01,7.977311313152313232e-02,-1.725414395332336426e-02,-9.974585771560668945e-01,6.912828981876373291e-02,0.000000000000000000e+00
3.235819935798645020e-02,-9.092327952384948730e-02,-2.828925848007202148e-01,7.117539644241333008e-02,-2.698391079902648926e-01,-9.602712988853454590e-01,0.000000000000000000e+00
2.476087063550949097e-01,1.774187386035919189e-02,1.414982676506042480e-01,8.609074354171752930e-01,1.017338559031486511e-01,4.984863400459289551e-01,0.000000000000000000e+00
-1.851513087749481201e-01,-1.120072826743125916e-01,-2.094626426696777344e-01,-6.674213409423828125e-01,-2.306435406208038330e-01,-7.080624103546142578e-01,0.000000000000000000e+00
2.867154479026794434e-01,-5.100470781326293945e-02,-3.869726555421948433e-03,9.797489643096923828e-01,-1.993849426507949829e-01,1.837465167045593262e-02,0.000000000000000000e+00
-1.138768196105957031e-01,8.555003441870212555e-03,-2.651906907558441162e-01,-4.323709309101104736e-01,7.631347328424453735e-02,-8.984606862068176270e-01,0.000000000000000000e+00
1.417024284601211548e-01,1.653555035591125488e-02,-2.599047720432281494e-01,4.905256032943725586e-01,1.704373359680175781e-01,-8.545968532562255859e-01,0.000000000000000000e+00
3.165969997644424438e-02,2.866014540195465088e-01,8.700109086930751801e-03,-1.453463584184646606e-01,9.822060465812683105e-01,1.189356073737144470e-01,0.000000000000000000e+00
-1.235536262392997742e-01,2.376065105199813843e-01,5.729623138904571533e-02,-4.512471854686737061e-01,8.558451533317565918e-01,2.527944445610046387e-01,0.000000000000000000e+00
-4.309237748384475708e-02,-1.827892959117889404e-01,2.268194109201431274e-01,-2.722607851028442383e-01,-7.044406533241271973e-01,6.554673314094543457e-01,0.000000000000000000e+00
1.294559538364410400e-01,2.513884902000427246e-01,6.553560495376586914e-02,4.507480859756469727e-01,7.923048734664916992e-01,4.111923277378082275e-01,0.000000000000000000e+00
-1.131426244974136353e-01,-6.577759981155395508e-02,-2.687174379825592041e-01,-4.562816917896270752e-01,-8.845243602991104126e-02,-8.854282498359680176e-01,0.000000000000000000e+00
-1.774061284959316254e-02,1.123363450169563293e-01,-2.630387842655181885e-01,-1.849967539310455322e-01,3.873886168003082275e-01,-9.031645655632019043e-01,0.000000000000000000e+00
1.619100272655487061e-01,-9.130920469760894775e-02,-2.119157612323760986e-01,6.820909976959228516e-01,-4.780859351158142090e-01,-5.533404946327209473e-01,0.000000000000000000e+00
2.491641193628311157e-01,8.204391598701477051e-02,1.073741689324378967e-01,8.328791856765747070e-01,3.793550729751586914e-01,4.029912948608398438e-01,0.000000000000000000e+00
-3.557763248682022095e-02,-2.281485497951507568e-01,3.958139102905988693e-03,-7.468316555023193359e-01,-6.270353198051452637e-01,-2.215157002210617065e-01,0.000000000000000000e+00
-1.503887325525283813e-01,-2.012695968151092529e-01,-2.430293709039688110e-02,-3.861154019832611084e-01,-8.227174282073974609e-01,4.171941578388214111e-01,0.000000000000000000e+00
2.885599136352539062e-01,2.562402188777923584e-02,-7.958156056702136993e-03,9.927506446838378906e-01,2.173863723874092102e-02,-1.182100400328636169e-01,0.000000000000000000e+00
1.656154543161392212e-01,-9.517227113246917725e-02,-2.023605108261108398e-01,8.281982541084289551e-01,-3.988554775714874268e-01,-3.937028646469116211e-01,0.000000000000000000e+00
-1.832835003733634949e-02,2.774260342121124268e-01,-5.014163255691528320e-02,-2.745869159698486328e-01,9.541783928871154785e-01,-1.189352348446846008e-01,0.000000000000000000e+00
1.374230682849884033e-01,2.163877189159393311e-01,-1.497476100921630859e-01,4.219166636466979980e-01,6.375897526741027832e-01,-6.445662379264831543e-01,0.000000000000000000e+00
1.473496854305267334e-01,1.174072921276092529e-01,2.047481387853622437e-01,5.746909976005554199e-01,4.292269647121429443e-01,6.967743635177612305e-01,0.000000000000000000e+00
-4.367946833372116089e-02,3.043238818645477295e-02,-2.832711338996887207e-01,-2.452166974544525146e-01,1.805786490440368652e-01,-9.525020122528076172e-01,0.000000000000000000e+00
2.361525595188140869e-01,1.260633300989866257e-02,1.584826707839965820e-01,7.729410529136657715e-01,1.209510937333106995e-01,6.228426694869995117e-01,0.000000000000000000e+00
-1.916860342025756836e-01,6.403680890798568726e-02,-1.975229382514953613e-01,-6.384449005126953125e-01,2.593488693237304688e-01,-7.246559858322143555e-01,0.000000000000000000e+00
2.734363675117492676e-01,3.594015166163444519e-02,8.636382967233657837e-02,8.168427944183349609e-01,2.614459395408630371e-01,5.142118930816650391e-01,0.000000000000000000e+00
2.659351797774434090e-03,4.093938693404197693e-02,-2.897679209709167480e-01,-1.069203987717628479e-01,1.904672682285308838e-01,-9.758536219596862793e-01,0.000000000000000000e+00
-6.617195159196853638e-02,1.914474070072174072e-01,-1.925668269395828247e-01,-4.075587391853332520e-01,7.164102792739868164e-01,-5.662615895271301270e-01,0.000000000000000000e+00
-1.451283246278762817e-01,6.602007150650024414e-02,2.393164038658142090e-01,-4.853062331676483154e-01,3.672153651714324951e-01,7.934927344322204590e-01,0.000000000000000000e+00
-8.752945810556411743e-02,-1.930171996355056763e-01,8.630124479532241821e-02,-6.281287074089050293e-01,-6.308666467666625977e-01,-4.554795920848846436e-01,0.000000000000000000e+00
-2.178419977426528931e-01,1.263942122459411621e-01,-1.161147132515907288e-01,-7.232440114021301270e-01,4.745410382747650146e-01,-5.017259716987609863e-01,0.000000000000000000e+00
5.784022063016891479e-02,1.099746897816658020e-01,2.503080368041992188e-01,3.000195324420928955e-01,4.631730914115905762e-01,8.339418172836303711e-01,0.000000000000000000e+00
-2.317342609167098999e-01,-1.369878053665161133e-01,5.204622447490692139e-02,-6.774748563766479492e-01,-7.076631784439086914e-01,2.006005942821502686e-01,0.000000000000000000e+00
2.397341430187225342e-01,-1.237762868404388428e-01,1.162029877305030823e-01,8.856254816055297852e-01,-3.282577693462371826e-01,3.285032510757446289e-01,0.000000000000000000e+00
1.137246191501617432e-01,-1.395845711231231689e-01,-2.239631712436676025e-01,5.821068286895751953e-01,-5.715392827987670898e-01,-5.783550143241882324e-01,0.000000000000000000e+00
-2.276037037372589111e-01,-1.232505962252616882e-01,1.009896248579025269e-01,-7.226547002792358398e-01,-6.371217370033264160e-01,2.680412232875823975e-01,0.000000000000000000e+00
3.617767989635467529e-02,4.255130421370267868e-03,-2.932932674884796143e-01,9.080434590578079224e-02,9.715452045202255249e-02,-9.911183714866638184e-01,0.000000000000000000e+00
-1.845143437385559082e-01,-6.103235855698585510e-02,2.156383246183395386e-01,-6.781135797500610352e-01,-2.920832931995391846e-01,6.744251847267150879e-01,0.000000000000000000e+00
-1.543374806642532349e-01,1.969084292650222778e-01,1.137629076838493347e-01,-4.113049209117889404e-01,7.825033068656921387e-01,4.674578607082366943e-01,0.000000000000000000e+00
-9.304803609848022461e-02,2.399446070194244385e-01,-9.949591010808944702e-02,-4.633140861988067627e-01,8.377858996391296387e-01,-2.888855636119842529e-01,0.000000000000000000e+00
-3.264929354190826416e-02,-2.032317817211151123e-01,2.069476544857025146e-01,-2.246073484420776367e-01,-7.750263810157775879e-01,5.906654000282287598e-01,0.000000000000000000e+00
1.762412488460540771e-01,1.462330222129821777e-01,-1.748625338077545166e-01,7.252025008201599121e-01,5.530188083648681641e-01,-4.101848006248474121e-01,0.000000000000000000e+00
3.725747577846050262e-03,-2.521970272064208984e-01,1.180464550852775574e-01,-2.982741594314575195e-01,-9.324054121971130371e-01,2.040898650884628296e-01,0.000000000000000000e+00
-1.484591364860534668e-01,-1.652124822139739990e-01,7.557336241006851196e-02,-1.450964510440826416e-01,-9.854934215545654297e-01,-8.803273737430572510e-02,0.000000000000000000e+00
-1.474833190441131592e-01,-1.714201271533966064e-01,1.371368765830993652e-01,-4.819225370883941650e-01,-8.673392534255981445e-01,1.243917271494865417e-01,0.000000000000000000e+00
-2.348641157150268555e-01,-6.145022809505462646e-02,1.517781317234039307e-01,-7.921568155288696289e-01,-3.300696909427642822e-01,5.133630037307739258e-01,0.000000000000000000e+00
7.294580340385437012e-02,1.239909455180168152e-01,2.379213273525238037e-01,2.096455246210098267e-01,5.597783923149108887e-01,8.016837835311889648e-01,0.000000000000000000e+00
2.711059451103210449e-01,9.213674068450927734e-02,2.088612690567970276e-02,9.221000075340270996e-01,3.647692799568176270e-01,1.291315406560897827e-01,0.000000000000000000e+00
-2.789510786533355713e-01,4.036879912018775940e-02,-5.594429746270179749e-02,-9.493945240974426270e-01,1.983759105205535889e-01,-2.435099184513092041e-01,0.000000000000000000e+00
1.527281105518341064e-01,1.664013415575027466e-01,-1.821966767311096191e-01,5.921838879585266113e-01,4.288218319416046143e-01,-6.822243332862854004e-01,0.000000000000000000e+00
-1.408162415027618408e-01,-1.652015596628189087e-01,7.410426437854766846e-02,-3.573688492178916931e-02,-9.681673049926757812e-01,-2.477397024631500244e-01,0.000000000000000000e+00
2.604461610317230225e-01,9.321981668472290039e-02,6.598629057407379150e-02,8.884955048561096191e-01,3.962826132774353027e-01,2.313780784606933594e-01,0.000000000000000000e+00
-4.506985098123550415e-02,7.796306163072586060e-02,2.738420963287353516e-01,-8.526527136564254761e-02,3.929988741874694824e-01,9.155772328376770020e-01,0.000000000000000000e+00
9.392515569925308228e-02,6.102131679654121399e-02,2.630015015602111816e-01,4.052078127861022949e-01,3.704899847507476807e-01,8.357893228530883789e-01,0.000000000000000000e+00
-1.471158713102340698e-01,-1.984664201736450195e-01,-1.711152680218219757e-02,-2.669581174850463867e-01,-8.272829651832580566e-01,4.943038523197174072e-01,0.000000000000000000e+00
-2.059227228164672852e-01,-3.619666025042533875e-02,1.989578008651733398e-01,-6.811693310737609863e-01,-4.025339335203170776e-02,7.310184836387634277e-01,0.000000000000000000e+00
1.526181846857070923e-01,-1.290182620286941528e-01,-1.869641840457916260e-01,7.415794730186462402e-01,-5.165788531303405762e-01,-4.280259013175964355e-01,0.000000000000000000e+00
1.292919963598251343e-01,2.695679664611816406e-01,1.233050134032964706e-02,4.644652009010314941e-01,8.779761195182800293e-01,1.158879771828651428e-01,0.000000000000000000e+00
2.758931517601013184e-01,-8.329558372497558594e-02,-1.830249466001987457e-02,9.353687167167663574e-01,-3.468998968601226807e-01,-6.889009475708007812e-02,0.000000000000000000e+00
-1.167956963181495667e-01,9.298440814018249512e-02,-2.388664931058883667e-01,-3.104997575283050537e-01,3.898511230945587158e-01,-8.669521212577819824e-01,0.000000000000000000e+00
-4.590389877557754517e-02,2.567912340164184570e-01,-1.018966734409332275e-01,-2.551415562629699707e-01,9.110801815986633301e-01,-3.237834274768829346e-01,0.000000000000000000e+00
-5.837319791316986084e-02,1.573703438043594360e-01,-2.258635163307189941e-01,-2.342397719621658325e-01,4.963874220848083496e-01,-8.359014391899108887e-01,0.000000000000000000e+00
-1.196164786815643311e-01,-1.071261316537857056e-01,2.460797727108001709e-01,-3.956302404403686523e-01,-3.935926854610443115e-01,8.297960758209228516e-01,0.000000000000000000e+00
9.694240242242813110e-02,2.833641469478607178e-01,-1.682698167860507965e-02,2.257674932479858398e-01,9.727771878242492676e-01,5.228416994214057922e-02,0.000000000000000000e+00
-1.252341568470001221e-01,-1.743037253618240356e-01,9.814523160457611084e-02,-2.996741831302642822e-01,-9.004527926445007324e-01,-3.152461051940917969e-01,0.000000000000000000e+00
-9.881620854139328003e-02,-1.772742271423339844e-01,8.260431885719299316e-02,-6.835347414016723633e-01,-6.781989932060241699e-01,-2.698635756969451904e-01,0.000000000000000000e+00
8.001330494880676270e-02,-9.821270406246185303e-02,2.672570049762725830e-01,3.574016988277435303e-01,-2.285253703594207764e-01,9.055606722831726074e-01,0.000000000000000000e+00
-1.279227435588836670e-01,-1.799680888652801514e-01,1.190122216939926147e-01,-3.976931273937225342e-01,-9.066148996353149414e-01,-1.410306394100189209e-01,0.000000000000000000e+00
-1.632814295589923859e-02,-2.096604704856872559e-01,2.041480541229248047e-01,-2.442250847816467285e-01,-8.001589179039001465e-01,5.478137135505676270e-01,0.000000000000000000e+00
2.780219018459320068e-01,-6.118948012590408325e-02,6.239175051450729370e-02,9.519612789154052734e-01,-2.529582977294921875e-01,1.725742369890213013e-01,0.000000000000000000e+00
-1.481791436672210693e-01,2.297958582639694214e-01,2.747513167560100555e-02,-5.917718410491943359e-01,7.826400995254516602e-01,1.930817216634750366e-01,0.000000000000000000e+00
-5.203800648450851440e-02,3.584972023963928223e-02,-2.804698050022125244e-01,-1.838500499725341797e-01,1.672034859657287598e-01,-9.686290025711059570e-01,0.000000000000000000e+00
-2.502697408199310303e-01,-6.771946325898170471e-03,1.416122913360595703e-01,-8.579890131950378418e-01,6.137427315115928650e-02,5.099883079528808594e-01,0.000000000000000000e+00
-2.021003365516662598e-01,3.382145613431930542e-02,2.005377113819122314e-01,-7.382545471191406250e-01,1.876914650201797485e-01,6.478828191757202148e-01,0.000000000000000000e+00
-1.843138933181762695e-01,1.915072351694107056e-01,7.286816835403442383e-02,-5.999568104743957520e-01,7.654261589050292969e-01,2.327544093132019043e-01,0.000000000000000000e+00
-1.531835738569498062e-02,1.769920438528060913e-01,-2.219275683164596558e-01,-7.147060334682464600e-02,5.824855566024780273e-01,-8.096928596496582031e-01,0.000000000000000000e+00
-1.446484774351119995e-01,-1.660172045230865479e-01,7.830113917589187622e-02,-1.450964510440826416e-01,-9.854934215545654297e-01,-8.803273737430572510e-02,0.000000000000000000e+00
2.639170587062835693e-01,-5.662342533469200134e-02,1.111133396625518799e-01,9.301126599311828613e-01,-1.582590788602828979e-01,3.314279615879058838e-01,0.000000000000000000e+00
1.792609542608261108e-01,2.262816727161407471e-01,3.792678564786911011e-02,6.291236281394958496e-01,6.939113140106201172e-01,3.502720892429351807e-01,0.000000000000000000e+00
1.564612388610839844e-01,-1.362906843423843384e-01,-1.482306718826293945e-01,8.825111389160156250e-01,-4.671860635280609131e-01,5.395641177892684937e-02,0.000000000000000000e+00
-9.758682548999786377e-02,-2.191099524497985840e-01,-1.791870221495628357e-02,-3.180708885192871094e-01,-8.070586323738098145e-01,4.974809288978576660e-01,0.000000000000000000e+00
1.996775418519973755e-01,2.082151174545288086e-02,-2.051784396171569824e-01,7.824954986572265625e-01,-1.370707154273986816e-02,-6.225053668022155762e-01,0.000000000000000000e+00
1.888930350542068481e-01,-2.137908488512039185e-01,-3.729527350515127182e-03,5.973076820373535156e-01,-7.796709537506103516e-01,-1.879806369543075562e-01,0.000000000000000000e+00
1.438609808683395386e-01,1.912941932678222656e-01,1.451077908277511597e-01,5.339498519897460938e-01,6.640163064002990723e-01,5.234309434890747070e-01,0.000000000000000000e+00
2.101570218801498413e-01,4.151853267103433609e-03,1.893872171640396118e-01,6.946689486503601074e-01,-1.731658354401588440e-02,7.191210985183715820e-01,0.000000000000000000e+00
-1.266670078039169312e-01,-3.838189691305160522e-02,2.611725628376007080e-01,-4.344194233417510986e-01,-4.049109760671854019e-03,9.007015824317932129e-01,0.000000000000000000e+00
-7.650613039731979370e-02,1.825829148292541504e-01,1.920402497053146362e-01,-3.446990549564361572e-01,6.712743639945983887e-01,6.561807990074157715e-01,0.000000000000000000e+00
2.013140767812728882e-01,1.600736379623413086e-01,1.087277308106422424e-01,7.083375453948974609e-01,5.771799087524414062e-01,4.063511192798614502e-01,0.000000000000000000e+00
-2.651826441287994385e-01,9.596091508865356445e-02,3.801874071359634399e-02,-9.239774942398071289e-01,3.351317346096038818e-01,1.842616647481918335e-01,0.000000000000000000e+00
-3.091548383235931396e-02,-1.534718126058578491e-01,2.571931183338165283e-01,-1.228610351681709290e-01,-5.113010406494140625e-01,8.505741953849792480e-01,0.000000000000000000e+00
1.740297116339206696e-02,1.307797878980636597e-01,2.454847246408462524e-01,1.611728668212890625e-01,5.068604350090026855e-01,8.468269109725952148e-01,0.000000000000000000e+00
-1.542812734842300415e-01,-1.665396392345428467e-01,8.916307985782623291e-02,-1.863026618957519531e-01,-9.702028036117553711e-01,-1.549124568700790405e-01,0.000000000000000000e+00
-1.604401767253875732e-01,-6.346819549798965454e-02,2.360298037528991699e-01,-5.153861641883850098e-01,-3.117274641990661621e-01,7.982500195503234863e-01,0.000000000000000000e+00
-2.061323374509811401e-01,2.628397755324840546e-02,-1.961489170789718628e-01,-7.072211503982543945e-01,2.114866971969604492e-01,-6.746196150779724121e-01,0.000000000000000000e+00
-4.199489951133728027e-02,-1.135021150112152100e-01,2.741215825080871582e-01,-2.805114388465881348e-01,-4.080967009067535400e-01,8.687752485275268555e-01,0.000000000000000000e+00
1.410335451364517212e-01,1.537276953458786011e-01,1.849930733442306519e-01,4.605177640914916992e-01,4.959783554077148438e-01,7.361581921577453613e-01,0.000000000000000000e+00
1.361620575189590454e-01,-6.255693733692169189e-02,-2.544344067573547363e-01,4.907088279724121094e-01,-3.950322568416595459e-01,-7.766301035881042480e-01,0.000000000000000000e+00
4.084958508610725403e-02,1.235683932900428772e-01,-2.581871747970581055e-01,1.170323193073272705e-01,3.597720861434936523e-01,-9.256713986396789551e-01,0.000000000000000000e+00
-9.540797770023345947e-02,7.385438680648803711e-02,2.607368230819702148e-01,-4.080824553966522217e-01,3.466877043247222900e-01,8.445568680763244629e-01,0.000000000000000000e+00
-1.115045920014381409e-01,-1.567932963371276855e-02,-2.688780128955841064e-01,-4.535990655422210693e-01,1.283027976751327515e-01,-8.819219470024108887e-01,0.000000000000000000e+00
1.314306352287530899e-02,2.641631066799163818e-01,8.471539616584777832e-02,7.914175093173980713e-02,9.442877769470214844e-01,3.194638788700103760e-01,0.000000000000000000e+00
1.319447904825210571e-01,-2.121699452400207520e-01,-8.084854483604431152e-02,3.408965170383453369e-01,-6.203085184097290039e-01,-7.064042091369628906e-01,0.000000000000000000e+00
9.789314121007919312e-03,-1.469053924083709717e-01,2.625148594379425049e-01,1.179918125271797180e-01,-4.200283885002136230e-01,8.998078107833862305e-01,0.000000000000000000e+00
1.681026667356491089e-01,1.162950769066810608e-01,1.885340958833694458e-01,7.077251076698303223e-01,3.463963866233825684e-01,6.157391071319580078e-01,0.000000000000000000e+00
1.815269738435745239e-01,-9.157734923064708710e-03,-2.251157760620117188e-01,7.692595124244689941e-01,-8.516915142536163330e-02,-6.332346200942993164e-01,0.000000000000000000e+00
7.002540677785873413e-02,2.798515260219573975e-01,-7.324697077274322510e-02,1.285202950239181519e-01,9.512691497802734375e-01,-2.803026437759399414e-01,0.000000000000000000e+00
-1.027099937200546265e-01,1.441507935523986816e-01,-2.148736566305160522e-01,-3.257313668727874756e-01,5.692358613014221191e-01,-7.548971176147460938e-01,0.000000000000000000e+00
1.176999509334564209e-01,-1.463829427957534790e-01,2.294854819774627686e-01,5.009638667106628418e-01,-4.034989774227142334e-01,7.656525373458862305e-01,0.000000000000000000e+00
-2.217654734849929810e-01,-1.191614493727684021e-01,1.212478429079055786e-01,-6.754929423332214355e-01,-5.996724963188171387e-01,4.290713667869567871e-01,0.000000000000000000e+00
7.236371934413909912e-02,-1.942638158798217773e-01,2.159108817577362061e-01,3.114687204360961914e-01,-6.817700862884521484e-01,6.619492173194885254e-01,0.000000000000000000e+00
-2.064451426267623901e-01,1.569255441427230835e-01,-9.852126985788345337e-02,-6.608641743659973145e-01,5.502274632453918457e-01,-5.104000568389892578e-01,0.000000000000000000e+00
-1.825679838657379150e-01,-1.520854327827692032e-02,2.237484753131866455e-01,-6.942291855812072754e-01,-4.558866098523139954e-02,7.183088064193725586e-01,0.000000000000000000e+00
-2.151809483766555786e-01,-3.787920996546745300e-02,1.881922930479049683e-01,-7.612448334693908691e-01,-2.219145745038986206e-01,6.093112826347351074e-01,0.000000000000000000e+00
2.176243513822555542e-01,4.866721853613853455e-02,-1.638455390930175781e-01,9.661344885826110840e-01,8.107949048280715942e-02,-2.449698448181152344e-01,0.000000000000000000e+00
1.577754318714141846e-01,-2.153654843568801880e-01,1.266090571880340576e-01,5.915589332580566406e-01,-7.138946652412414551e-01,3.747164011001586914e-01,0.000000000000000000e+00
1.153280138969421387e-01,-3.153051063418388367e-02,-2.725639641284942627e-01,4.162316918373107910e-01,-1.888848543167114258e-01,-8.894232511520385742e-01,0.000000000000000000e+00
-1.364138126373291016e-01,2.446457929909229279e-02,-2.512926459312438965e-01,-4.434801340103149414e-01,1.316428780555725098e-01,-8.865638971328735352e-01,0.000000000000000000e+00
-2.748340070247650146e-01,-8.120920509099960327e-02,-4.720113053917884827e-02,-9.762254953384399414e-01,-2.163570374250411987e-01,-1.316685788333415985e-02,0.000000000000000000e+00
-9.319964051246643066e-02,-1.995099186897277832e-01,3.787314891815185547e-02,2.110178321599960327e-01,-9.771978259086608887e-01,-2.357784099876880646e-02,0.000000000000000000e+00
-1.672590523958206177e-01,-1.885197460651397705e-01,-1.185487397015094757e-02,-3.032248914241790771e-01,-8.719782233238220215e-01,3.843288123607635498e-01,0.000000000000000000e+00
2.126469463109970093e-01,-1.569500565528869629e-01,-7.463667541742324829e-02,6.093053221702575684e-01,-6.400432586669921875e-01,-4.680722355842590332e-01,0.000000000000000000e+00
-1.709746718406677246e-01,2.078454643487930298e-01,-5.268317461013793945e-02,-5.852601528167724609e-01,7.811186909675598145e-01,-2.175410538911819458e-01,0.000000000000000000e+00
6.282844394445419312e-02,2.827314734458923340e-01,-6.577003002166748047e-02,7.757258415222167969e-02,9.699475765228271484e-01,-2.306169420480728149e-01,0.000000000000000000e+00
2.645912766456604004e-01,7.780880481004714966e-02,-7.568883895874023438e-02,8.592336177825927734e-01,3.594464659690856934e-01,-3.640272617340087891e-01,0.000000000000000000e+00
1.082269027829170227e-01,4.484980553388595581e-02,2.604121565818786621e-01,4.900760054588317871e-01,1.646280437707901001e-01,8.559924960136413574e-01,0.000000000000000000e+00
1.117282211780548096e-01,-5.904659628868103027e-02,-2.678827643394470215e-01,4.500733613967895508e-01,-2.425107508897781372e-01,-8.594315052032470703e-01,0.000000000000000000e+00
-1.170237138867378235e-01,-2.306886613368988037e-01,-6.955073773860931396e-02,-4.316775202751159668e-01,-8.800852298736572266e-01,1.977486908435821533e-01,0.000000000000000000e+00
-2.739748656749725342e-01,-2.436889521777629852e-02,-1.000286117196083069e-01,-9.401195049285888672e-01,3.708931803703308105e-02,-3.388209939002990723e-01,0.000000000000000000e+00
-1.863171756267547607e-01,-4.817076027393341064e-02,2.171797454357147217e-01,-6.713991761207580566e-01,-1.257024258375167847e-01,7.303574681282043457e-01,0.000000000000000000e+00
-1.329599469900131226e-01,1.176219154149293900e-02,-2.552548646926879883e-01,-5.011465549468994141e-01,1.442874073982238770e-01,-8.532486557960510254e-01,0.000000000000000000e+00
-2.296253144741058350e-01,-8.957532048225402832e-02,1.399663984775543213e-01,-8.138411045074462891e-01,-3.769017159938812256e-01,4.422755837440490723e-01,0.000000000000000000e+00
1.282166093587875366e-01,2.451853603124618530e-01,7.874902337789535522e-02,4.534202516078948975e-01,8.084613084793090820e-01,3.752337992191314697e-01,0.000000000000000000e+00
-8.372065424919128418e-02,-4.383965209126472473e-02,2.795045375823974609e-01,-2.781147062778472900e-01,-1.477842628955841064e-01,9.491111636161804199e-01,0.000000000000000000e+00
1.141097545623779297e-01,-2.530734241008758545e-01,-1.078716013580560684e-02,2.952181696891784668e-01,-9.192106127738952637e-01,-2.605726122856140137e-01,0.000000000000000000e+00
1.052620261907577515e-01,-2.595914900302886963e-01,6.141375005245208740e-02,3.096298277378082275e-01,-9.485945105552673340e-01,6.555764377117156982e-02,0.000000000000000000e+00
-2.799682915210723877e-01,-1.275699865072965622e-02,6.694415956735610962e-02,-9.251952171325683594e-01,-7.030960172414779663e-02,3.729214370250701904e-01,0.000000000000000000e+00
-2.027059495449066162e-01,-1.319357603788375854e-01,1.340289860963821411e-01,-6.169971227645874023e-01,-6.794257164001464844e-01,3.971086442470550537e-01,0.000000000000000000e+00
2.018526345491409302e-01,1.317107528448104858e-01,-1.535663455724716187e-01,8.437068462371826172e-01,3.404244780540466309e-01,-4.150541722774505615e-01,0.000000000000000000e+00
3.818764537572860718e-02,7.687918096780776978e-02,-2.786846756935119629e-01,7.444591820240020752e-02,3.402018249034881592e-01,-9.374009370803833008e-01,0.000000000000000000e+00
1.303912401199340820e-01,-2.012155205011367798e-01,1.752266287803649902e-01,4.822220206260681152e-01,-6.884550452232360840e-01,5.417486429214477539e-01,0.000000000000000000e+00
-2.694849669933319092e-01,9.806150570511817932e-03,9.960493445396423340e-02,-9.601191282272338867e-01,2.218711376190185547e-02,2.787095904350280762e-01,0.000000000000000000e+00
-1.376533657312393188e-01,2.385715544223785400e-01,5.362831056118011475e-03,-5.544800758361816406e-01,8.298259973526000977e-01,6.277465820312500000e-02,0.000000000000000000e+00
1.578521281480789185e-01,2.579751312732696533e-01,-2.520055323839187622e-02,4.886581897735595703e-01,8.719270229339599609e-01,-3.092597052454948425e-02,0.000000000000000000e+00
3.550802543759346008e-02,2.615458667278289795e-01,-1.233245432376861572e-01,-1.072720065712928772e-01,8.356247544288635254e-01,-5.387244224548339844e-01,0.000000000000000000e+00
-2.708823680877685547e-01,3.654927015304565430e-03,-1.055381745100021362e-01,-9.118227362632751465e-01,1.313655376434326172e-01,-3.890017569065093994e-01,0.000000000000000000e+00
-1.212061420083045959e-01,-2.207358479499816895e-01,-3.901689127087593079e-02,-3.896286785602569580e-01,-8.444531559944152832e-01,3.675437271595001221e-01,0.000000000000000000e+00
-2.314936965703964233e-01,2.822587825357913971e-02,-1.684316545724868774e-01,-7.190327644348144531e-01,2.359105050563812256e-01,-6.537110805511474609e-01,0.000000000000000000e+00
-8.216990530490875244e-02,-1.875619143247604370e-01,3.264414146542549133e-02,7.778793573379516602e-01,-4.738800823688507080e-01,-4.127242863178253174e-01,0.000000000000000000e+00
-2.072066664695739746e-01,1.788998544216156006e-01,4.793711006641387939e-02,-7.096719145774841309e-01,6.774927973747253418e-01,1.933113634586334229e-01,0.000000000000000000e+00
5.084930732846260071e-02,-2.117624878883361816e-01,2.029149234294891357e-01,6.447787582874298096e-02,-6.800445914268493652e-01,7.303300499916076660e-01,0.000000000000000000e+00
5.451962351799011230e-02,-1.238159276545047760e-02,2.924119532108306885e-01,3.002783358097076416e-01,3.174286335706710815e-02,9.533233046531677246e-01,0.000000000000000000e+00
2.723800949752330780e-02,-2.431370466947555542e-01,-8.319747447967529297e-02,3.700623512268066406e-01,-8.569579124450683594e-01,3.587157428264617920e-01,0.000000000000000000e+00
2.606952488422393799e-01,6.629942357540130615e-02,9.452400356531143188e-02,8.604792356491088867e-01,4.629428982734680176e-01,2.127424180507659912e-01,0.000000000000000000e+00
2.327927500009536743e-01,-1.636815965175628662e-01,6.910896301269531250e-02,8.036106228828430176e-01,-5.622597932815551758e-01,1.951252967119216919e-01,0.000000000000000000e+00
-3.979580104351043701e-02,2.727496922016143799e-01,3.945705294609069824e-02,-4.057836532592773438e-02,9.884283542633056641e-01,1.461599767208099365e-01,0.000000000000000000e+00
-2.773873805999755859e-01,3.672497719526290894e-02,-6.565354764461517334e-02,-9.430007934570312500e-01,2.386092543601989746e-01,-2.319809347391128540e-01,0.000000000000000000e+00
-1.270184814929962158e-01,-9.914089739322662354e-02,2.447978705167770386e-01,-5.013211965560913086e-01,-2.808482348918914795e-01,8.184139132499694824e-01,0.000000000000000000e+00
6.593480706214904785e-03,-1.840983480215072632e-01,-2.336562871932983398e-01,1.926465332508087158e-01,-5.980274081230163574e-01,-7.779784798622131348e-01,0.000000000000000000e+00
-1.142349839210510254e-01,2.118362337350845337e-01,-1.339147686958312988e-01,-4.400960803031921387e-01,7.886729836463928223e-01,-4.293138682842254639e-01,0.000000000000000000e+00
-1.707119643688201904e-01,-1.924546658992767334e-01,-1.606437861919403076e-01,-5.107229948043823242e-01,-7.788792848587036133e-01,-3.640179932117462158e-01,0.000000000000000000e+00
1.871863454580307007e-01,1.883542686700820923e-01,9.331100434064865112e-02,6.945382952690124512e-01,5.821597576141357422e-01,4.227369427680969238e-01,0.000000000000000000e+00
-1.276973485946655273e-01,-3.311877697706222534e-02,2.611934542655944824e-01,-4.084965586662292480e-01,-1.534645110368728638e-01,8.997662067413330078e-01,0.000000000000000000e+00
8.969949185848236084e-02,-8.364136517047882080e-02,-2.699990868568420410e-01,3.509873747825622559e-01,-2.386665493249893188e-01,-9.054535627365112305e-01,0.000000000000000000e+00
-1.578889489173889160e-01,1.150958910584449768e-01,2.047902345657348633e-01,-5.521830320358276367e-01,5.199841260910034180e-01,6.516981124877929688e-01,0.000000000000000000e+00
-1.276562958955764771e-01,7.863115519285202026e-02,-2.400577217340469360e-01,-3.687064051628112793e-01,3.119444847106933594e-01,-8.756404519081115723e-01,0.000000000000000000e+00
-1.249477714300155640e-01,6.188338249921798706e-02,-2.470867335796356201e-01,-3.681270480155944824e-01,3.027776181697845459e-01,-8.790950775146484375e-01,0.000000000000000000e+00
2.357020974159240723e-01,-1.652150601148605347e-01,1.357288565486669540e-02,7.929828763008117676e-01,-6.060581803321838379e-01,-6.222257018089294434e-02,0.000000000000000000e+00
1.686263978481292725e-01,1.873099058866500854e-01,1.195687279105186462e-01,6.903461217880249023e-01,5.647740960121154785e-01,4.521641731262207031e-01,0.000000000000000000e+00
2.016687691211700439e-01,-1.623064130544662476e-01,-8.171877264976501465e-02,6.240639686584472656e-01,-6.056824922561645508e-01,-4.936526417732238770e-01,0.000000000000000000e+00
-8.541055023670196533e-02,2.445673942565917969e-01,-9.744352847337722778e-02,-4.066020548343658447e-01,8.141365051269531250e-01,-4.145558476448059082e-01,0.000000000000000000e+00
3.097561001777648926e-02,-2.431368231773376465e-01,-8.689224720001220703e-02,3.613330721855163574e-01,-8.552748560905456543e-01,3.714072406291961670e-01,0.000000000000000000e+00
1.621050294488668442e-03,-2.589005511254072189e-03,2.976911067962646484e-01,-3.037602081894874573e-02,5.752985551953315735e-02,9.978815913200378418e-01,0.000000000000000000e+00
-8.042185008525848389e-02,2.193063944578170776e-01,-1.514032036066055298e-01,-4.598992764949798584e-01,6.908176541328430176e-01,-5.579100251197814941e-01,0.000000000000000000e+00
2.107559591531753540e-01,-4.227082245051860809e-03,-1.700974702835083008e-01,9.853954911231994629e-01,-1.406036317348480225e-01,-9.605370461940765381e-02,0.000000000000000000e+00
1.552619785070419312e-01,-2.070897370576858521e-01,1.423827707767486572e-01,5.509806275367736816e-01,-7.282382845878601074e-01,4.075406193733215332e-01,0.000000000000000000e+00
-2.889159321784973145e-01,1.203296892344951630e-02,5.412521306425333023e-03,-9.938417077064514160e-01,9.094648808240890503e-02,6.330426037311553955e-02,0.000000000000000000e+00
-8.932811021804809570e-02,1.900211125612258911e-01,-1.802249550819396973e-01,-4.677228927612304688e-01,6.750988960266113281e-01,-5.705056786537170410e-01,0.000000000000000000e+00
1.303013563156127930e-01,1.173669397830963135e-01,2.155681997537612915e-01,4.863346815109252930e-01,4.615377783775329590e-01,7.419309020042419434e-01,0.000000000000000000e+00
1.833012998104095459e-01,-1.989901959896087646e-01,-5.349715426564216614e-02,5.900852680206298828e-01,-7.255096435546875000e-01,-3.541682660579681396e-01,0.000000000000000000e+00
-2.661091983318328857e-01,2.632682397961616516e-02,-1.084716916084289551e-01,-9.011949300765991211e-01,1.972703933715820312e-01,-3.859171867370605469e-01,0.000000000000000000e+00
-2.039558738470077515e-01,1.044165566563606262e-01,-1.585908830165863037e-01,-7.391208410263061523e-01,4.881484806537628174e-01,-4.641243219375610352e-01,0.000000000000000000e+00
2.111948132514953613e-01,1.720201224088668823e-01,7.259949296712875366e-02,8.047076463699340820e-01,5.162015557289123535e-01,2.932261526584625244e-01,0.000000000000000000e+00
-4.388213157653808594e-02,2.567633688449859619e-01,9.214523434638977051e-02,-2.004119753837585449e-01,9.072114229202270508e-01,3.698681592941284180e-01,0.000000000000000000e+00
-2.854520268738269806e-02,-2.493071407079696655e-01,-5.527533963322639465e-02,8.101565763354301453e-03,-9.609741568565368652e-01,2.765195667743682861e-01,0.000000000000000000e+00
8.707527816295623779e-02,1.600291281938552856e-01,-2.240834832191467285e-01,3.122566342353820801e-01,5.442584156990051270e-01,-7.786388993263244629e-01,0.000000000000000000e+00
7.537267357110977173e-02,2.093380391597747803e-01,-1.863407939672470093e-01,1.816615611314773560e-01,6.136474609375000000e-01,-7.683982253074645996e-01,0.000000000000000000e+00
-2.399931848049163818e-01,-9.831288456916809082e-02,-1.438467800617218018e-01,-8.046110272407531738e-01,-2.678706049919128418e-01,-5.299494862556457520e-01,0.000000000000000000e+00
-9.353173524141311646e-02,-2.013958543539047241e-01,1.305984705686569214e-01,-5.574907064437866211e-01,-8.301624655723571777e-01,5.865042563527822495e-03,0.000000000000000000e+00
-1.301785856485366821e-01,-1.449687927961349487e-01,2.111032307147979736e-01,-5.445104837417602539e-01,-5.866942405700683594e-01,5.994148850440979004e-01,0.000000000000000000e+00
-2.159252166748046875e-01,-8.457802236080169678e-02,-1.845690906047821045e-01,-7.423655986785888672e-01,-2.466137409210205078e-01,-6.229566931724548340e-01,0.000000000000000000e+00
2.422939687967300415e-01,7.630639523267745972e-02,-1.227700635790824890e-01,8.384997248649597168e-01,2.156235277652740479e-01,-5.004245638847351074e-01,0.000000000000000000e+00
1.451639235019683838e-01,2.054818421602249146e-01,-1.539811640977859497e-01,5.277577042579650879e-01,5.951858758926391602e-01,-6.059914231300354004e-01,0.000000000000000000e+00
-6.189785525202751160e-02,-1.847559362649917603e-01,2.172032296657562256e-01,-3.277112245559692383e-01,-7.190830111503601074e-01,6.128009557723999023e-01,0.000000000000000000e+00
5.882192775607109070e-02,-2.337378859519958496e-01,-1.305627971887588501e-01,5.552659034729003906e-01,-8.190613389015197754e-01,-1.442855298519134521e-01,0.000000000000000000e+00
-1.032046303153038025e-01,-6.138409301638603210e-02,2.690284848213195801e-01,-3.758193552494049072e-01,-8.555449545383453369e-02,9.227352142333984375e-01,0.000000000000000000e+00
-2.422051131725311279e-01,-1.309107542037963867e-01,3.859201818704605103e-02,-7.608790397644042969e-01,-6.245146989822387695e-01,1.761944591999053955e-01,0.000000000000000000e+00
2.270574271678924561e-01,-1.315120905637741089e-01,1.329181045293807983e-01,7.073513865470886230e-01,-4.907457232475280762e-01,5.087461471557617188e-01,0.000000000000000000e+00
-2.657301127910614014e-01,-1.633226685225963593e-02,-1.196853965520858765e-01,-9.033674001693725586e-01,4.231064021587371826e-02,-4.267752766609191895e-01,0.000000000000000000e+00
-2.799850106239318848e-01,5.255567375570535660e-03,6.827929615974426270e-02,-9.700907468795776367e-01,6.662388890981674194e-02,2.334205359220504761e-01,0.000000000000000000e+00
-1.663693226873874664e-03,-2.532792091369628906e-01,-1.225329414010047913e-01,1.354102045297622681e-01,-9.827041625976562500e-01,-1.263195872306823730e-01,0.000000000000000000e+00
-1.440243870019912720e-01,2.039560526609420776e-01,-1.147660613059997559e-01,-4.749794006347656250e-01,7.072535753250122070e-01,-5.236285924911499023e-01,0.000000000000000000e+00
1.878626495599746704e-01,-8.774378895759582520e-02,-1.430660486221313477e-01,6.837704181671142578e-01,-4.787807762622833252e-01,-5.506604909896850586e-01,0.000000000000000000e+00
8.282680809497833252e-02,2.493833750486373901e-01,1.024816408753395081e-01,1.769336163997650146e-01,8.322754502296447754e-01,5.253684520721435547e-01,0.000000000000000000e+00
-2.848648130893707275e-01,-4.738228768110275269e-02,-4.114479944109916687e-02,-9.701771736145019531e-01,-2.343878000974655151e-01,6.179538741707801819e-02,0.000000000000000000e+00
-2.341708391904830933e-01,-1.257122457027435303e-01,7.676418125629425049e-02,-6.929525136947631836e-01,-6.834536790847778320e-01,2.295819371938705444e-01,0.000000000000000000e+00
-2.343291789293289185e-01,-1.497243791818618774e-01,-8.818290382623672485e-02,-8.062548637390136719e-01,-5.885307788848876953e-01,-5.987169593572616577e-02,0.000000000000000000e+00
-2.949488721787929535e-02,-4.429884627461433411e-02,2.939924895763397217e-01,-2.065794765949249268e-01,-4.051130264997482300e-02,9.775907993316650391e-01,0.000000000000000000e+00
-1.398862004280090332e-01,2.099559307098388672e-01,-1.088459938764572144e-01,-5.138940811157226562e-01,7.947508096694946289e-01,-3.229303061962127686e-01,0.000000000000000000e+00
-1.576053798198699951e-01,-1.666897237300872803e-01,1.289285868406295776e-01,-5.139476656913757324e-01,-8.506451845169067383e-01,1.107274219393730164e-01,0.000000000000000000e+00
8.292666822671890259e-02,-2.512289881706237793e-01,1.203881576657295227e-01,2.609811723232269287e-01,-9.096341729164123535e-01,3.231942355632781982e-01,0.000000000000000000e+00
5.507563706487417221e-03,-1.877405680716037750e-02,2.979036271572113037e-01,-1.632143110036849976e-01,8.365176618099212646e-02,9.830378890037536621e-01,0.000000000000000000e+00
-3.124534897506237030e-02,4.436172172427177429e-02,2.871454358100891113e-01,-2.112645208835601807e-01,3.454379439353942871e-01,9.143521785736083984e-01,0.000000000000000000e+00
2.185961753129959106e-01,-1.602627635002136230e-01,1.153186410665512085e-01,7.170498967170715332e-01,-5.966395735740661621e-01,3.603619039058685303e-01,0.000000000000000000e+00
3.474996238946914673e-02,2.099167108535766602e-01,-1.901756674051284790e-01,-3.396088257431983948e-02,7.886841893196105957e-01,-6.138598322868347168e-01,0.000000000000000000e+00
1.135882288217544556e-01,2.598774135112762451e-01,6.108638644218444824e-02,3.430949151515960693e-01,8.709963560104370117e-01,3.516407310962677002e-01,0.000000000000000000e+00
1.393872052431106567e-01,7.903157174587249756e-02,-2.443597465753555298e-01,4.911845028400421143e-01,2.442640215158462524e-01,-8.361057639122009277e-01,0.000000000000000000e+00
-5.618887022137641907e-02,2.546452879905700684e-01,8.965045958757400513e-02,-2.347869426012039185e-01,9.016518592834472656e-01,3.631789982318878174e-01,0.000000000000000000e+00
-2.900162041187286377e-01,-1.319661457091569901e-02,-1.057048328220844269e-02,-9.988120794296264648e-01,3.009476140141487122e-02,-3.832422569394111633e-02,0.000000000000000000e+00
-4.199985042214393616e-02,2.360916510224342346e-02,-2.849971055984497070e-01,-2.452166974544525146e-01,1.805786490440368652e-01,-9.525020122528076172e-01,0.000000000000000000e+00
-6.544614583253860474e-02,5.293689668178558350e-02,-2.737143039703369141e-01,-1.920951455831527710e-01,2.324099838733673096e-01,-9.534595012664794922e-01,0.000000000000000000e+00
-2.779843211174011230e-01,5.647952854633331299e-02,4.557884857058525085e-02,-9.246998429298400879e-01,2.999138534069061279e-01,2.344821393489837646e-01,0.000000000000000000e+00
-9.327603131532669067e-02,-2.011647820472717285e-01,1.392461657524108887e-01,-4.968094229698181152e-01,-8.613871932029724121e-01,1.057944670319557190e-01,0.000000000000000000e+00
2.480963468551635742e-01,-1.416233479976654053e-01,6.247677281498908997e-02,8.573862910270690918e-01,-4.990057945251464844e-01,1.260234862565994263e-01,0.000000000000000000e+00
2.894518077373504639e-01,-2.589974552392959595e-02,1.867159642279148102e-02,9.979050755500793457e-01,-3.171708062291145325e-02,5.638661608099937439e-02,0.000000000000000000e+00
2.261601621285080910e-03,-2.504214942455291748e-01,1.240183413028717041e-01,-2.982741594314575195e-01,-9.324054121971130371e-01,2.040898650884628296e-01,0.000000000000000000e+00
1.156351249665021896e-02,-2.504779696464538574e-01,-1.264571249485015869e-01,1.583589911460876465e-01,-9.537355303764343262e-01,-2.555601894855499268e-01,0.000000000000000000e+00
1.100561842322349548e-01,2.563549578189849854e-01,7.314658164978027344e-02,3.174445927143096924e-01,8.641077280044555664e-01,3.905723392963409424e-01,0.000000000000000000e+00
-1.071945764124393463e-02,-2.483693659305572510e-01,1.116517558693885803e-01,-3.536119461059570312e-01,-9.205502271652221680e-01,1.659695506095886230e-01,0.000000000000000000e+00
9.633732587099075317e-02,-1.722410768270492554e-01,2.238095402717590332e-01,2.786222100257873535e-01,-5.871794819831848145e-01,7.599933743476867676e-01,0.000000000000000000e+00
-2.451994121074676514e-01,4.921979084610939026e-02,-1.390605121850967407e-01,-8.740561008453369141e-01,2.208722829818725586e-01,-4.327139556407928467e-01,0.000000000000000000e+00
1.600528061389923096e-01,-9.260781109333038330e-02,2.233056128025054932e-01,5.803009271621704102e-01,-2.269881069660186768e-01,7.821299433708190918e-01,0.000000000000000000e+00
-1.148269698023796082e-02,-2.556169927120208740e-01,-1.078661456704139709e-01,2.593141235411167145e-02,-9.983806014060974121e-01,-5.063335970044136047e-02,0.000000000000000000e+00
6.095540244132280350e-03,-2.216681987047195435e-01,1.931829601526260376e-01,-5.265030264854431152e-02,-7.907519936561584473e-01,6.098682284355163574e-01,0.000000000000000000e+00
2.761399187147617340e-02,2.664504349231719971e-01,-1.133371815085411072e-01,-1.209763810038566589e-01,8.816519379615783691e-01,-4.561300575733184814e-01,0.000000000000000000e+00
3.220038115978240967e-02,-2.467982620000839233e-01,1.487252116203308105e-01,5.964795127511024475e-02,-9.260174632072448730e-01,3.727381825447082520e-01,0.000000000000000000e+00
2.513672709465026855e-01,-1.767758838832378387e-02,1.400979757308959961e-01,8.416342139244079590e-01,-3.706114739179611206e-02,5.387747883796691895e-01,0.000000000000000000e+00
-2.762875556945800781e-01,2.155822701752185822e-02,-8.338481932878494263e-02,-9.546104669570922852e-01,1.588917225599288940e-01,-2.519369721412658691e-01,0.000000000000000000e+00
3.089815005660057068e-02,-1.636599600315093994e-01,2.499814629554748535e-01,7.193019241094589233e-02,-5.909909605979919434e-01,8.034648299217224121e-01,0.000000000000000000e+00
-1.144080981612205505e-01,2.233674526214599609e-01,-1.134341359138488770e-01,-4.340501427650451660e-01,7.549077868461608887e-01,-4.916448891162872314e-01,0.000000000000000000e+00
7.628609240055084229e-02,1.830127276480197906e-02,2.832517921924591064e-01,4.405437409877777100e-01,-4.526055231690406799e-02,8.965894579887390137e-01,0.000000000000000000e+00
-1.063712984323501587e-01,-1.746384054422378540e-01,1.972795873880386353e-01,-5.350520610809326172e-01,-6.881624460220336914e-01,4.900527894496917725e-01,0.000000000000000000e+00
-2.782533466815948486e-01,2.099985256791114807e-02,7.051689177751541138e-02,-9.531043171882629395e-01,5.305454507470130920e-02,2.979553639888763428e-01,0.000000000000000000e+00
1.953829824924468994e-01,-1.585816405713558197e-02,2.054317742586135864e-01,6.665350198745727539e-01,5.405357107520103455e-02,7.435114383697509766e-01,0.000000000000000000e+00
9.391389042139053345e-02,1.605750620365142822e-01,2.042303979396820068e-01,2.949108183383941650e-01,5.491580963134765625e-01,7.819545865058898926e-01,0.000000000000000000e+00
-6.071072444319725037e-02,1.185333281755447388e-01,-2.494810074567794800e-01,-3.167175054550170898e-01,5.828992724418640137e-01,-7.482770085334777832e-01,0.000000000000000000e+00
-9.770014137029647827e-02,-2.256719321012496948e-01,-1.690629571676254272e-01,-3.390492498874664307e-01,-8.350735902786254883e-01,-4.332409501075744629e-01,0.000000000000000000e+00
2.649731636047363281e-01,6.821017712354660034e-02,8.210022002458572388e-02,8.456780910491943359e-01,3.568844199180603027e-01,3.968148827552795410e-01,0.000000000000000000e+00
-3.291098773479461670e-02,1.459309607744216919e-01,2.350985854864120483e-01,-1.629262566566467285e-01,5.642159581184387207e-01,8.093919754028320312e-01,0.000000000000000000e+00
2.539947926998138428e-01,5.206735059618949890e-02,-1.144624426960945129e-01,7.744146585464477539e-01,2.664984166622161865e-01,-5.738123059272766113e-01,0.000000000000000000e+00
-6.715088337659835815e-02,1.858790814876556396e-01,1.906031817197799683e-01,-2.811316549777984619e-01,6.252775192260742188e-01,7.280062437057495117e-01,0.000000000000000000e+00
-7.962027192115783691e-02,-1.934909820556640625e-01,1.935175508260726929e-01,-4.057716429233551025e-01,-8.348870873451232910e-01,3.719044327735900879e-01,0.000000000000000000e+00
-2.686226367950439453e-01,-5.649463832378387451e-02,8.660137653350830078e-02,-9.123511314392089844e-01,-3.043258786201477051e-01,2.738633751869201660e-01,0.000000000000000000e+00
3.420017659664154053e-02,-8.469538879580795765e-04,-2.937640249729156494e-01,7.372882962226867676e-02,5.840472131967544556e-02,-9.955666661262512207e-01,0.000000000000000000e+00
2.821463048458099365e-01,3.396098315715789795e-02,5.236418545246124268e-02,9.735943078994750977e-01,1.210703700780868530e-01,1.935356855392456055e-01,0.000000000000000000e+00
-9.342950652353465557e-04,-2.386267185211181641e-01,1.597979813814163208e-01,-2.714448571205139160e-01,-8.723286390304565430e-01,4.066453874111175537e-01,0.000000000000000000e+00
2.570787966251373291e-01,-3.895106539130210876e-02,1.269982904195785522e-01,8.258144259452819824e-01,1.282833330333232880e-02,5.637960433959960938e-01,0.000000000000000000e+00
4.549429565668106079e-02,-1.208004057407379150e-01,2.710050344467163086e-01,7.943134009838104248e-02,-4.188452661037445068e-01,9.045768380165100098e-01,0.000000000000000000e+00
-4.420220851898193359e-02,2.697906494140625000e-01,-5.622233450412750244e-02,-4.046544432640075684e-01,8.836333751678466797e-01,-2.354715317487716675e-01,0.000000000000000000e+00
2.489877790212631226e-01,-1.306308358907699585e-01,-3.990702331066131592e-02,8.317065834999084473e-01,-5.226501226425170898e-01,-1.873524338006973267e-01,0.000000000000000000e+00
2.071381360292434692e-01,1.164816170930862427e-01,1.475337892770767212e-01,6.928213238716125488e-01,4.735170602798461914e-01,5.438567996025085449e-01,0.000000000000000000e+00
-2.545005977153778076e-01,1.177830919623374939e-01,3.484169766306877136e-02,-8.978710174560546875e-01,4.391279220581054688e-01,3.153180330991744995e-02,0.000000000000000000e+00
1.322111953049898148e-02,-2.615864872932434082e-01,7.276596128940582275e-02,-2.083647847175598145e-01,-9.740740060806274414e-01,8.811345696449279785e-02,0.000000000000000000e+00
-1.666921228170394897e-01,-9.546580165624618530e-02,2.145651578903198242e-01,-6.580787897109985352e-01,-4.012857973575592041e-01,6.371044516563415527e-01,0.000000000000000000e+00
2.681610882282257080e-01,5.810420587658882141e-02,-8.413142710924148560e-02,8.953537344932556152e-01,2.918359339237213135e-01,-3.364126682281494141e-01,0.000000000000000000e+00
2.443668246269226074e-01,1.481807380914688110e-01,-5.217434093356132507e-02,9.011915922164916992e-01,4.069182574748992920e-01,-1.492354273796081543e-01,0.000000000000000000e+00
6.146080419421195984e-02,-1.918350532650947571e-02,2.903123795986175537e-01,2.590356767177581787e-01,-3.923429176211357117e-02,9.650705456733703613e-01,0.000000000000000000e+00
-1.910481154918670654e-01,-1.892951875925064087e-01,-1.191233173012733459e-01,-6.338450908660888672e-01,-7.663716673851013184e-01,-1.044740974903106689e-01,0.000000000000000000e+00
2.246062308549880981e-01,1.855927109718322754e-01,-5.420465022325515747e-02,8.769333958625793457e-01,4.546757936477661133e-01,-1.557490676641464233e-01,0.000000000000000000e+00
1.844829320907592773e-01,1.722414046525955200e-01,1.192940250039100647e-01,5.935588479042053223e-01,6.690205335617065430e-01,4.473246634006500244e-01,0.000000000000000000e+00
1.281880587339401245e-01,-1.721351295709609985e-01,-1.433016210794448853e-01,6.956565380096435547e-01,-7.181568741798400879e-01,-1.768386363983154297e-02,0.000000000000000000e+00
2.714965939521789551e-01,-2.480365894734859467e-02,-8.449595421552658081e-02,8.892610073089599609e-01,-1.607731133699417114e-01,-4.282135665416717529e-01,0.000000000000000000e+00
8.243390917778015137e-02,2.660822272300720215e-01,-1.090831682085990906e-01,2.584704756736755371e-01,8.085687160491943359e-01,-5.285921692848205566e-01,0.000000000000000000e+00
-5.139099434018135071e-02,2.632107138633728027e-01,-7.766301929950714111e-02,-2.492371052503585815e-01,9.360091090202331543e-01,-2.485314011573791504e-01,0.000000000000000000e+00
-1.267710477113723755e-01,-1.417296677827835083e-01,-2.396475672721862793e-01,-3.928613960742950439e-01,-4.391061961650848389e-01,-8.079886436462402344e-01,0.000000000000000000e+00
3.852657228708267212e-02,-1.681555509567260742e-01,2.457461059093475342e-01,1.146553680300712585e-01,-5.911388397216796875e-01,7.983790040016174316e-01,0.000000000000000000e+00
-3.635773807764053345e-02,-2.387719452381134033e-01,8.500842750072479248e-02,-5.173799395561218262e-01,-8.513162732124328613e-01,8.705513179302215576e-02,0.000000000000000000e+00
-6.729041785001754761e-02,5.017339810729026794e-02,-2.739792168140411377e-01,-1.852038055658340454e-01,2.076137512922286987e-01,-9.605186581611633301e-01,0.000000000000000000e+00
2.571428418159484863e-01,1.429414097219705582e-02,-1.133721321821212769e-01,7.273455262184143066e-01,2.359720878303050995e-02,-6.858656406402587891e-01,0.000000000000000000e+00
1.599354594945907593e-01,-2.062723487615585327e-01,1.375249624252319336e-01,5.509806275367736816e-01,-7.282382845878601074e-01,4.075406193733215332e-01,0.000000000000000000e+00
1.278851181268692017e-01,-6.914977729320526123e-02,-2.566572129726409912e-01,5.709010958671569824e-01,-2.930634319782257080e-01,-7.669327259063720703e-01,0.000000000000000000e+00
8.358862251043319702e-02,3.471593558788299561e-02,2.760992944240570068e-01,4.072430729866027832e-01,1.793590635061264038e-01,8.955352306365966797e-01,0.000000000000000000e+00
-2.675362527370452881e-01,-1.042064651846885681e-01,-1.895544468425214291e-03,-8.812720179557800293e-01,-4.647041559219360352e-01,8.607974648475646973e-02,0.000000000000000000e+00
2.572068870067596436e-01,-1.225917339324951172e-01,-2.538368105888366699e-02,8.174973726272583008e-01,-5.620559453964233398e-01,-1.256630867719650269e-01,0.000000000000000000e+00
1.688147895038127899e-02,-1.719657629728317261e-01,2.446693778038024902e-01,1.683562621474266052e-02,-6.265840530395507812e-01,7.791720032691955566e-01,0.000000000000000000e+00
-1.545340865850448608e-01,1.538478434085845947e-01,-1.692367792129516602e-01,-6.492199897766113281e-01,5.090863704681396484e-01,-5.651056766510009766e-01,0.000000000000000000e+00
2.302023023366928101e-01,-6.826543062925338745e-02,-1.256173253059387207e-01,6.395919322967529297e-01,-2.921646535396575928e-01,-7.110288143157958984e-01,0.000000000000000000e+00
-1.246907785534858704e-01,-1.797569990158081055e-01,1.140640676021575928e-01,-3.343278765678405762e-01,-8.962126970291137695e-01,-2.915950715541839600e-01,0.000000000000000000e+00
1.472676694393157959e-01,1.258757859468460083e-01,-2.173090577125549316e-01,4.458191692829132080e-01,5.017978549003601074e-01,-7.412450313568115234e-01,0.000000000000000000e+00
2.900636494159698486e-01,-5.680465605109930038e-03,3.893891815096139908e-03,9.862765073776245117e-01,3.175731003284454346e-02,1.620189845561981201e-01,0.000000000000000000e+00
-2.150916159152984619e-01,-1.641151309013366699e-01,-1.206489726901054382e-01,-7.277485728263854980e-01,-6.307648420333862305e-01,-2.692911624908447266e-01,0.000000000000000000e+00
-1.429743319749832153e-01,2.250194996595382690e-01,5.762728676199913025e-02,-4.496184289455413818e-01,8.608538508415222168e-01,2.382728457450866699e-01,0.000000000000000000e+00
2.880461812019348145e-01,6.368069909512996674e-03,3.735867887735366821e-02,9.758365154266357422e-01,9.349603950977325439e-02,1.974881738424301147e-01,0.000000000000000000e+00
-1.895874142646789551e-01,-1.602820456027984619e-01,5.592427775263786316e-02,-2.541100382804870605e-01,-9.485345482826232910e-01,1.889717876911163330e-01,0.000000000000000000e+00
2.387446165084838867e-01,3.580663353204727173e-02,1.485013663768768311e-01,8.229281306266784668e-01,1.522026509046554565e-01,5.473788380622863770e-01,0.000000000000000000e+00
-2.540453076362609863e-01,2.607757970690727234e-02,1.294128298759460449e-01,-9.051145315170288086e-01,7.626423984766006470e-02,4.182719588279724121e-01,0.000000000000000000e+00
1.278882324695587158e-01,1.343761384487152100e-01,2.073001265525817871e-01,5.217410326004028320e-01,4.909195899963378906e-01,6.976992487907409668e-01,0.000000000000000000e+00
1.582528837025165558e-02,-6.746093928813934326e-02,2.923830449581146240e-01,1.322895884513854980e-01,-2.202029675245285034e-01,9.664419889450073242e-01,0.000000000000000000e+00
1.384656578302383423e-01,2.495808303356170654e-01,5.885597318410873413e-02,4.814873635768890381e-01,7.910150885581970215e-01,3.774453699588775635e-01,0.000000000000000000e+00
1.142189726233482361e-01,-1.132318526506423950e-01,2.465335130691528320e-01,4.213403761386871338e-01,-3.402007222175598145e-01,8.406757712364196777e-01,0.000000000000000000e+00
1.658089607954025269e-01,1.260755658149719238e-01,-2.036293148994445801e-01,5.893447995185852051e-01,5.369532108306884766e-01,-6.036173701286315918e-01,0.000000000000000000e+00
-1.967179030179977417e-01,-1.628980040550231934e-01,3.252884745597839355e-02,-3.428443074226379395e-01,-8.990412950515747070e-01,2.723647356033325195e-01,0.000000000000000000e+00
-9.373912215232849121e-02,2.237837463617324829e-01,1.244334876537322998e-01,-3.876510560512542725e-01,7.942987084388732910e-01,4.677779376506805420e-01,0.000000000000000000e+00
-1.289593279361724854e-01,1.070751920342445374e-01,2.299624383449554443e-01,-3.980157375335693359e-01,5.086658596992492676e-01,7.634412646293640137e-01,0.000000000000000000e+00
-1.132190003991127014e-01,1.276585161685943604e-01,2.240860760211944580e-01,-3.727170228958129883e-01,5.387495756149291992e-01,7.555335164070129395e-01,0.000000000000000000e+00
1.262393128126859665e-02,1.993303000926971436e-01,-2.031469792127609253e-01,7.281552255153656006e-02,6.861019730567932129e-01,-7.238522171974182129e-01,0.000000000000000000e+00
-1.272520869970321655e-01,-3.905338048934936523e-02,2.608873248100280762e-01,-4.344194233417510986e-01,-4.049109760671854019e-03,9.007015824317932129e-01,0.000000000000000000e+00
-7.826101779937744141e-02,-1.158808097243309021e-01,-2.691110372543334961e-01,-2.506540119647979736e-01,-3.991428911685943604e-01,-8.819622993469238281e-01,0.000000000000000000e+00
1.410573273897171021e-01,-2.270331233739852905e-01,1.270503401756286621e-01,4.740787744522094727e-01,-7.637898325920104980e-01,4.380347430706024170e-01,0.000000000000000000e+00
-1.240304857492446899e-01,2.467813193798065186e-01,-1.900659175589680672e-03,-4.689456224441528320e-01,8.831361532211303711e-01,-1.266842987388372421e-02,0.000000000000000000e+00
-8.907263725996017456e-02,-1.889153718948364258e-01,8.268567919731140137e-02,-4.971200525760650635e-01,-7.223043441772460938e-01,-4.807786345481872559e-01,0.000000000000000000e+00
1.560873687267303467e-01,-1.318726092576980591e-01,-1.707379221916198730e-01,7.750642299652099609e-01,-5.423446297645568848e-01,-3.242495954036712646e-01,0.000000000000000000e+00
1.880747675895690918e-01,-6.293903291225433350e-02,2.077609300613403320e-01,6.332739591598510742e-01,-1.532488614320755005e-01,7.586032748222351074e-01,0.000000000000000000e+00
1.411426365375518799e-01,8.181343227624893188e-02,2.261554449796676636e-01,5.638141632080078125e-01,1.833097934722900391e-01,8.053018450736999512e-01,0.000000000000000000e+00
-3.290436416864395142e-02,1.418686658143997192e-01,2.380628138780593872e-01,-1.661875844001770020e-01,5.844141244888305664e-01,7.942554950714111328e-01,0.000000000000000000e+00
9.559909999370574951e-02,2.757320404052734375e-01,3.571937978267669678e-02,5.348733067512512207e-02,9.343404769897460938e-01,3.523449301719665527e-01,0.000000000000000000e+00
1.524867373518645763e-03,1.021321713924407959e-01,2.643411457538604736e-01,3.376520425081253052e-02,4.852184653282165527e-01,8.737407922744750977e-01,0.000000000000000000e+00
1.869120001792907715e-01,-1.984755396842956543e-01,1.127863824367523193e-01,7.131007313728332520e-01,-6.316673159599304199e-01,3.041113913059234619e-01,0.000000000000000000e+00
1.173557564616203308e-01,6.194255873560905457e-02,2.489279806613922119e-01,5.019514560699462891e-01,3.780404925346374512e-01,7.779011130332946777e-01,0.000000000000000000e+00
4.114883765578269958e-02,2.550231516361236572e-01,-1.340032368898391724e-01,-9.322340600192546844e-03,8.532720208168029785e-01,-5.213827490806579590e-01,0.000000000000000000e+00
6.701511889696121216e-02,2.450104802846908569e-01,-1.468420624732971191e-01,1.107187047600746155e-01,8.449616432189941406e-01,-5.232411026954650879e-01,0.000000000000000000e+00
7.813972420990467072e-03,-2.443578392267227173e-01,-1.564919352531433105e-01,1.097389757633209229e-01,-9.388942718505859375e-01,-3.262436091899871826e-01,0.000000000000000000e+00
8.888141810894012451e-02,2.066148668527603149e-01,1.632545441389083862e-01,4.021705389022827148e-01,6.452870368957519531e-01,6.495102047920227051e-01,0.000000000000000000e+00
1.967422813177108765e-01,1.174028143286705017e-01,-1.723788529634475708e-01,7.616125345230102539e-01,3.772680163383483887e-01,-5.268919467926025391e-01,0.000000000000000000e+00
-3.492476791143417358e-02,-1.304292529821395874e-01,-2.692330181598663330e-01,-1.121539622545242310e-01,-3.895616233348846436e-01,-9.141461849212646484e-01,0.000000000000000000e+00
2.083566784858703613e-01,-5.661733075976371765e-02,1.901051998138427734e-01,6.503684520721435547e-01,-2.745116315782070160e-02,7.591227293014526367e-01,0.000000000000000000e+00
2.940737875178456306e-03,-2.387289404869079590e-01,-4.425606504082679749e-02,1.593899875879287720e-01,-8.639123439788818359e-01,4.777554273605346680e-01,0.000000000000000000e+00
-7.101035118103027344e-02,1.035832390189170837e-01,2.557129859924316406e-01,-2.566100358963012695e-01,5.008401870727539062e-01,8.266258835792541504e-01,0.000000000000000000e+00
-2.332599312067031860e-01,-1.059432476758956909e-01,1.175375506281852722e-01,-7.639662623405456543e-01,-5.206068158149719238e-01,3.812140226364135742e-01,0.000000000000000000e+00
-5.186755210161209106e-02,1.672660559415817261e-01,-2.208614945411682129e-01,-1.183112561702728271e-01,5.782722234725952148e-01,-8.072196841239929199e-01,0.000000000000000000e+00
-2.088991180062294006e-02,2.758381664752960205e-01,3.702624142169952393e-02,-1.921964138746261597e-01,9.710330963134765625e-01,1.419692337512969971e-01,0.000000000000000000e+00
1.759729385375976562e-01,-1.666417419910430908e-01,1.692070513963699341e-01,5.514227747917175293e-01,-6.025635004043579102e-01,5.769317150115966797e-01,0.000000000000000000e+00
-1.726179271936416626e-01,1.299722939729690552e-01,-1.734132319688796997e-01,-6.310502886772155762e-01,4.816750884056091309e-01,-6.080827713012695312e-01,0.000000000000000000e+00
-1.061798110604286194e-01,-1.314634531736373901e-01,-2.535266280174255371e-01,-3.256694972515106201e-01,-3.447062075138092041e-01,-8.804072737693786621e-01,0.000000000000000000e+00
1.964341662824153900e-02,2.737091779708862305e-01,6.024944037199020386e-02,-9.344935417175292969e-02,9.423302412033081055e-01,3.213735520839691162e-01,0.000000000000000000e+00
1.562495827674865723e-01,-1.924292147159576416e-01,1.608607321977615356e-01,5.378730893135070801e-01,-7.010982632637023926e-01,4.681385755538940430e-01,0.000000000000000000e+00
-1.563507169485092163e-01,-1.094520315527915955e-01,-2.346470803022384644e-01,-6.161930561065673828e-01,-1.362851560115814209e-01,-7.757141590118408203e-01,0.000000000000000000e+00
-1.172638013958930969e-01,2.480860650539398193e-01,2.288043126463890076e-02,-4.609360992908477783e-01,8.771809935569763184e-01,1.345043182373046875e-01,0.000000000000000000e+00
4.913398995995521545e-03,1.664004176855087280e-01,2.208166569471359253e-01,-6.533462554216384888e-02,7.545647025108337402e-01,6.529651880264282227e-01,0.000000000000000000e+00
-2.018568515777587891e-01,-1.777175366878509521e-01,-2.635496109724044800e-02,-4.793191254138946533e-01,-8.559845089912414551e-01,1.937620043754577637e-01,0.000000000000000000e+00
-2.050950229167938232e-01,-8.278422057628631592e-02,1.841675341129302979e-01,-7.542116641998291016e-01,-3.539541363716125488e-01,5.530652999877929688e-01,0.000000000000000000e+00
-7.789658010005950928e-02,-2.065543830394744873e-01,9.363774210214614868e-02,-6.722152829170227051e-01,-6.618881225585937500e-01,-3.317087888717651367e-01,0.000000000000000000e+00
1.516561508178710938e-01,1.730427592992782593e-01,1.586061567068099976e-01,5.382803678512573242e-01,6.117998957633972168e-01,5.796163678169250488e-01,0.000000000000000000e+00
9.243252128362655640e-02,1.494129449129104614e-01,-2.293458580970764160e-01,3.127920627593994141e-01,5.430230498313903809e-01,-7.792862653732299805e-01,0.000000000000000000e+00
-2.074828296899795532e-01,-5.361427366733551025e-02,1.932642012834548950e-01,-7.280424237251281738e-01,-2.673929929733276367e-01,6.312330961227416992e-01,0.000000000000000000e+00
2.677882015705108643e-01,-1.410642266273498535e-02,-9.422406554222106934e-02,9.434222579002380371e-01,-7.639129459857940674e-02,-3.226745128631591797e-01,0.000000000000000000e+00
-2.894551726058125496e-03,-2.566072940826416016e-01,1.866079308092594147e-02,-3.390669524669647217e-01,-9.385994672775268555e-01,-6.375458091497421265e-02,0.000000000000000000e+00
1.681423038244247437e-01,2.272354662418365479e-01,-1.068762093782424927e-01,4.946623742580413818e-01,7.273672819137573242e-01,-4.756532013416290283e-01,0.000000000000000000e+00
-2.607788518071174622e-02,1.847863793373107910e-01,-2.122731357812881470e-01,-2.174507081508636475e-01,6.474459171295166016e-01,-7.304306626319885254e-01,0.000000000000000000e+00
-1.924244761466979980e-01,1.735872179269790649e-01,9.884816408157348633e-02,-6.348658800125122070e-01,6.813094019889831543e-01,3.643663227558135986e-01,0.000000000000000000e+00
-1.640206128358840942e-01,1.625979393720626831e-01,-1.502388417720794678e-01,-6.275293827056884766e-01,5.958420634269714355e-01,-5.011776685714721680e-01,0.000000000000000000e+00
1.907291114330291748e-01,-1.025060862302780151e-01,-1.317427009344100952e-01,3.742331266403198242e-01,-5.364806056022644043e-01,-7.563981413841247559e-01,0.000000000000000000e+00
-2.128799408674240112e-01,-6.190928630530834198e-03,-1.959475874900817871e-01,-7.356479167938232422e-01,5.590923875570297241e-02,-6.750528216361999512e-01,0.000000000000000000e+00
-2.829791605472564697e-01,-5.484041944146156311e-02,-4.388506338000297546e-02,-9.582659006118774414e-01,-2.585695385932922363e-01,-1.219354197382926941e-01,0.000000000000000000e+00
-2.683031558990478516e-01,9.487544000148773193e-02,-1.963114365935325623e-02,-8.977126479148864746e-01,4.269001483917236328e-01,-1.089417710900306702e-01,0.000000000000000000e+00
2.430211007595062256e-01,1.338915079832077026e-01,4.810947179794311523e-02,7.804541587829589844e-01,5.980193614959716797e-01,1.823844611644744873e-01,0.000000000000000000e+00
1.074843257665634155e-01,2.799802422523498535e-01,-7.020100951194763184e-03,1.606671661138534546e-01,9.680995941162109375e-01,1.922738850116729736e-01,0.000000000000000000e+00
2.175919264554977417e-01,-1.666069328784942627e-01,-4.951159283518791199e-02,7.293092608451843262e-01,-5.985469818115234375e-01,-3.314355015754699707e-01,0.000000000000000000e+00
-1.877090036869049072e-01,1.966064125299453735e-01,4.538450390100479126e-02,-6.603560447692871094e-01,7.372745275497436523e-01,1.426749080419540405e-01,0.000000000000000000e+00
2.846748940646648407e-02,2.713125646114349365e-01,6.885779649019241333e-02,1.914692483842372894e-02,9.317463636398315430e-01,3.626045584678649902e-01,0.000000000000000000e+00
1.098869219422340393e-01,-2.316885292530059814e-01,1.474368423223495483e-01,3.919920623302459717e-01,-8.379374146461486816e-01,3.797408938407897949e-01,0.000000000000000000e+00
9.153398126363754272e-02,-2.597042620182037354e-01,8.156356215476989746e-02,2.547673583030700684e-01,-9.354960322380065918e-01,2.448280602693557739e-01,0.000000000000000000e+00
3.082572668790817261e-02,2.084687352180480957e-01,-1.924716085195541382e-01,4.567841440439224243e-02,7.867100834846496582e-01,-6.156303286552429199e-01,0.000000000000000000e+00
-1.348369717597961426e-01,-1.406259089708328247e-01,2.110572606325149536e-01,-5.768883824348449707e-01,-5.434880852699279785e-01,6.097708344459533691e-01,0.000000000000000000e+00
-1.927197277545928955e-01,-7.223598659038543701e-02,-2.139235436916351318e-01,-6.411107182502746582e-01,-1.213441044092178345e-01,-7.577945590019226074e-01,0.000000000000000000e+00
8.625912666320800781e-02,-8.637084811925888062e-02,-2.706132531166076660e-01,3.509873747825622559e-01,-2.386665493249893188e-01,-9.054535627365112305e-01,0.000000000000000000e+00
1.679228842258453369e-01,-2.013933658599853516e-01,-6.849072128534317017e-02,4.619089066982269287e-01,-6.720649003982543945e-01,-5.787649750709533691e-01,0.000000000000000000e+00
-1.609004735946655273e-01,1.330048739910125732e-01,-1.811958700418472290e-01,-5.900052785873413086e-01,5.390982031822204590e-01,-6.010548472404479980e-01,0.000000000000000000e+00
-1.608209498226642609e-02,2.503743767738342285e-01,-1.312649548053741455e-01,-1.622174978256225586e-01,8.186036944389343262e-01,-5.509750247001647949e-01,0.000000000000000000e+00
-2.035118788480758667e-01,1.843686699867248535e-01,-2.338116057217121124e-02,-7.046305537223815918e-01,7.029849886894226074e-01,-9.647717326879501343e-02,0.000000000000000000e+00
-5.346297100186347961e-02,2.515637874603271484e-01,9.760639071464538574e-02,-2.976732254028320312e-01,8.823307156562805176e-01,3.645314276218414307e-01,0.000000000000000000e+00
-2.648019194602966309e-01,5.620125308632850647e-02,-8.967421203851699829e-02,-8.895300626754760742e-01,2.985847592353820801e-01,-3.458083868026733398e-01,0.000000000000000000e+00
2.861319482326507568e-01,-5.069678276777267456e-02,-1.111138332635164261e-02,9.682238101959228516e-01,-2.207400053739547729e-01,-1.175436004996299744e-01,0.000000000000000000e+00
-2.549555003643035889e-01,4.174029454588890076e-02,-1.250412315130233765e-01,-8.803246617317199707e-01,3.020817935466766357e-01,-3.657527565956115723e-01,0.000000000000000000e+00
-2.825508117675781250e-01,4.222051426768302917e-02,-3.762387111783027649e-02,-9.673280119895935059e-01,2.017200142145156860e-01,-1.535757184028625488e-01,0.000000000000000000e+00
2.524755299091339111e-01,-1.197872832417488098e-01,-4.957592859864234924e-02,7.821760773658752441e-01,-5.613119006156921387e-01,-2.704246342182159424e-01,0.000000000000000000e+00
1.920573711395263672e-01,2.041823118925094604e-01,5.938659980893135071e-02,6.677039265632629395e-01,6.618053913116455078e-01,3.408594131469726562e-01,0.000000000000000000e+00
2.378290742635726929e-01,-1.123970821499824524e-01,1.298494189977645874e-01,8.358361721038818359e-01,-2.895015478134155273e-01,4.664405584335327148e-01,0.000000000000000000e+00
-1.206022799015045166e-01,2.472888976335525513e-01,-2.163494005799293518e-02,-4.816820323467254639e-01,8.682003021240234375e-01,-1.192085295915603638e-01,0.000000000000000000e+00
-1.659341901540756226e-01,-4.834553226828575134e-02,-2.393357306718826294e-01,-5.544429421424865723e-01,2.705447934567928314e-02,-8.317818641662597656e-01,0.000000000000000000e+00
-8.062190562486648560e-02,-2.066116333007812500e-01,1.028971448540687561e-01,-6.764964461326599121e-01,-7.262683510780334473e-01,-1.220116168260574341e-01,0.000000000000000000e+00
-2.706673741340637207e-01,1.270593330264091492e-02,9.551389515399932861e-02,-9.578847289085388184e-01,6.788152735680341721e-03,2.870728373527526855e-01,0.000000000000000000e+00
6.011818069964647293e-03,1.749335825443267822e-01,2.137497663497924805e-01,-1.892209798097610474e-02,6.312758326530456543e-01,7.753275036811828613e-01,0.000000000000000000e+00
-2.134160697460174561e-01,1.504447758197784424e-01,-9.217381477355957031e-02,-8.080679774284362793e-01,4.950256943702697754e-01,-3.193363845348358154e-01,0.000000000000000000e+00
1.851511597633361816e-01,1.261948235332965851e-02,-2.233828753232955933e-01,6.976121664047241211e-01,2.150880545377731323e-02,-7.161526679992675781e-01,0.000000000000000000e+00
-2.537545561790466309e-01,1.129723340272903442e-01,5.260086432099342346e-02,-8.958299160003662109e-01,3.830288350582122803e-01,2.253390401601791382e-01,0.000000000000000000e+00
2.350065261125564575e-01,1.001714915037155151e-01,-1.218572109937667847e-01,7.579752802848815918e-01,2.315206527709960938e-01,-6.098128557205200195e-01,0.000000000000000000e+00
-9.426800161600112915e-02,2.296530902385711670e-01,-1.215523034334182739e-01,-4.511499106884002686e-01,7.711763978004455566e-01,-4.491666555404663086e-01,0.000000000000000000e+00
2.711587846279144287e-01,-1.788228563964366913e-02,-8.617126941680908203e-02,8.582499027252197266e-01,-5.563119798898696899e-02,-5.102080702781677246e-01,0.000000000000000000e+00
4.121376574039459229e-02,8.105277270078659058e-02,-2.768881618976593018e-01,5.880529433488845825e-02,3.592811822891235352e-01,-9.313747882843017578e-01,0.000000000000000000e+00
1.387803107500076294e-01,2.475736290216445923e-01,6.266107410192489624e-02,4.814873635768890381e-01,7.910150885581970215e-01,3.774453699588775635e-01,0.000000000000000000e+00
-7.117713987827301025e-02,-9.937790036201477051e-02,-2.754752933979034424e-01,-2.224825322628021240e-01,-2.184046655893325806e-01,-9.501583576202392578e-01,0.000000000000000000e+00
-8.507822640240192413e-03,7.593712210655212402e-02,-2.792432308197021484e-01,-1.132221221923828125e-01,3.249216079711914062e-01,-9.389391541481018066e-01,0.000000000000000000e+00
-1.572945564985275269e-01,1.750912219285964966e-01,1.421872973442077637e-01,-5.926480293273925781e-01,6.434481143951416016e-01,4.845027327537536621e-01,0.000000000000000000e+00
-5.009727552533149719e-03,1.325832400470972061e-02,-2.925338447093963623e-01,-1.090686842799186707e-01,1.082639768719673157e-01,-9.881209135055541992e-01,0.000000000000000000e+00
-1.582460254430770874e-01,1.263876855373382568e-01,1.945305615663528442e-01,-5.195000171661376953e-01,6.133075356483459473e-01,5.949567556381225586e-01,0.000000000000000000e+00
-2.750166356563568115e-01,6.930792331695556641e-02,-4.268782585859298706e-02,-8.998322486877441406e-01,3.914645314216613770e-01,-1.925030052661895752e-01,0.000000000000000000e+00
1.533623784780502319e-01,2.507850229740142822e-01,3.378354012966156006e-02,4.770434498786926270e-01,8.486411571502685547e-01,2.285556495189666748e-01,0.000000000000000000e+00
3.486672043800354004e-02,-3.626330569386482239e-02,2.952605783939361572e-01,1.763479411602020264e-01,-1.712631583213806152e-01,9.693143367767333984e-01,0.000000000000000000e+00
-2.184158861637115479e-01,1.706963330507278442e-01,-8.533180691301822662e-03,-7.667718529701232910e-01,6.404204964637756348e-01,4.384625330567359924e-02,0.000000000000000000e+00
2.000296860933303833e-01,7.488904148340225220e-02,-1.955272406339645386e-01,8.677375912666320801e-01,1.531527638435363770e-01,-4.728378951549530029e-01,0.000000000000000000e+00
-7.338157296180725098e-02,-4.287691786885261536e-02,2.826311886310577393e-01,-2.683205604553222656e-01,-1.595647186040878296e-01,9.500226974487304688e-01,0.000000000000000000e+00
-2.137441039085388184e-01,-1.400583833456039429e-01,-1.573892533779144287e-01,-7.193269133567810059e-01,-4.905528724193572998e-01,-4.918604195117950439e-01,0.000000000000000000e+00
7.066809386014938354e-02,6.811931729316711426e-02,2.690699994564056396e-01,2.484916597604751587e-01,3.899700343608856201e-01,8.866652846336364746e-01,0.000000000000000000e+00
-2.675521373748779297e-01,6.450403481721878052e-02,7.745490968227386475e-02,-8.799626231193542480e-01,3.250459134578704834e-01,3.464259803295135498e-01,0.000000000000000000e+00
-8.225887268781661987e-02,2.310689687728881836e-01,1.200911626219749451e-01,-3.005212545394897461e-01,8.226494789123535156e-01,4.826332032680511475e-01,0.000000000000000000e+00
-2.440706193447113037e-01,1.399492621421813965e-01,4.450337029993534088e-03,-8.495486378669738770e-01,5.232597589492797852e-01,6.683059781789779663e-02,0.000000000000000000e+00
-2.189340740442276001e-01,-2.162776887416839600e-02,1.842935681343078613e-01,-8.402217626571655273e-01,-4.004997760057449341e-02,5.407618284225463867e-01,0.000000000000000000e+00
1.914919018745422363e-01,-5.578852817416191101e-02,-1.884401142597198486e-01,8.914086818695068359e-01,-3.552583456039428711e-01,-2.813930809497833252e-01,0.000000000000000000e+00
5.866108462214469910e-02,9.006799757480621338e-02,-2.697886526584625244e-01,2.902407646179199219e-01,4.459458887577056885e-01,-8.466950654983520508e-01,0.000000000000000000e+00
-7.120807468891143799e-02,2.648398876190185547e-01,4.035842418670654297e-02,-4.249600768089294434e-01,8.923518061637878418e-01,1.520433872938156128e-01,0.000000000000000000e+00
1.439983248710632324e-01,1.887031495571136475e-01,-1.705759167671203613e-01,5.335142612457275391e-01,5.595701932907104492e-01,-6.342268586158752441e-01,0.000000000000000000e+00
1.327363997697830200e-01,-1.368950456380844116e-01,2.250673472881317139e-01,5.154639482498168945e-01,-3.526100218296051025e-01,7.810013294219970703e-01,0.000000000000000000e+00
-3.947815671563148499e-02,-2.367701083421707153e-01,8.848731219768524170e-02,-4.724783897399902344e-01,-8.784422874450683594e-01,7.143761962652206421e-02,0.000000000000000000e+00
-1.584298349916934967e-02,-1.491335481405258179e-01,2.620030641555786133e-01,2.001817710697650909e-02,-5.228050947189331055e-01,8.522171378135681152e-01,0.000000000000000000e+00
1.239550858736038208e-01,-1.561241876333951950e-02,-2.699401080608367920e-01,4.251027703285217285e-01,-6.520050764083862305e-02,-9.027937054634094238e-01,0.000000000000000000e+00
1.028280854225158691e-01,1.594498753547668457e-01,-2.178755104541778564e-01,2.708119451999664307e-01,5.998166203498840332e-01,-7.529149055480957031e-01,0.000000000000000000e+00
-2.437500506639480591e-01,-1.385082900524139404e-01,-2.242472837679088116e-04,-7.302573919296264648e-01,-6.688312292098999023e-01,1.392440348863601685e-01,0.000000000000000000e+00
1.673743426799774170e-01,-1.164397522807121277e-01,-1.735165715217590332e-01,8.492071628570556641e-01,-4.899000227451324463e-01,-1.970918029546737671e-01,0.000000000000000000e+00
-3.035047836601734161e-02,2.705636918544769287e-01,-7.120013236999511719e-02,-2.109347730875015259e-01,9.394510388374328613e-01,-2.700709402561187744e-01,0.000000000000000000e+00
-2.734189629554748535e-01,-4.481505230069160461e-02,7.834236323833465576e-02,-9.151796698570251465e-01,-2.389228194952011108e-01,3.245952129364013672e-01,0.000000000000000000e+00
5.409701541066169739e-02,2.666260302066802979e-01,7.598831504583358765e-02,3.913986310362815857e-02,9.351900815963745117e-01,3.519767522811889648e-01,0.000000000000000000e+00
-6.342549622058868408e-02,1.666497588157653809e-01,2.117618620395660400e-01,-1.889837682247161865e-01,6.670204997062683105e-01,7.206724882125854492e-01,0.000000000000000000e+00
-3.793873265385627747e-02,1.350077241659164429e-01,-2.466361373662948608e-01,-2.665791511535644531e-01,6.320518851280212402e-01,-7.276303768157958984e-01,0.000000000000000000e+00
-1.757600605487823486e-01,1.866545528173446655e-01,-9.869267791509628296e-02,-5.710631608963012695e-01,7.102329134941101074e-01,-4.116504192352294922e-01,0.000000000000000000e+00
-1.040829122066497803e-01,-1.964253187179565430e-01,2.518596872687339783e-02,-2.920809090137481689e-01,-7.937014102935791016e-01,-5.335980057716369629e-01,0.000000000000000000e+00
2.839193642139434814e-01,-4.975303262472152710e-02,-2.753512002527713776e-02,9.741624593734741211e-01,-1.881379485130310059e-01,-1.249463781714439392e-01,0.000000000000000000e+00
1.433175429701805115e-02,2.857248783111572266e-01,-3.265646845102310181e-02,-1.612265259027481079e-01,9.755772352218627930e-01,-1.491814404726028442e-01,0.000000000000000000e+00
9.021016210317611694e-02,2.133407890796661377e-01,1.552175581455230713e-01,4.030722677707672119e-01,7.197475433349609375e-01,5.652399659156799316e-01,0.000000000000000000e+00
2.330619692802429199e-01,-1.125154197216033936e-01,1.383183598518371582e-01,8.358361721038818359e-01,-2.895015478134155273e-01,4.664405584335327148e-01,0.000000000000000000e+00
6.271618185564875603e-04,2.463314831256866455e-01,1.285821199417114258e-01,-8.499234169721603394e-02,8.783271312713623047e-01,4.704442024230957031e-01,0.000000000000000000e+00
-2.505564875900745392e-02,-2.557300627231597900e-01,-1.080246046185493469e-01,-1.898303627967834473e-02,-9.992971420288085938e-01,-3.232419118285179138e-02,0.000000000000000000e+00
-1.705953329801559448e-01,2.136018276214599609e-01,2.657452784478664398e-02,-6.190968751907348633e-01,7.841422557830810547e-01,4.289482533931732178e-02,0.000000000000000000e+00
-2.794944308698177338e-02,-1.369455009698867798e-01,2.676033675670623779e-01,-1.482522189617156982e-01,-5.085874199867248535e-01,8.481509685516357422e-01,0.000000000000000000e+00
3.065411001443862915e-02,2.116755992174148560e-01,-1.881455183029174805e-01,7.074696570634841919e-02,8.086282610893249512e-01,-5.840506553649902344e-01,0.000000000000000000e+00
-1.966486424207687378e-01,1.057740896940231323e-01,-1.679571568965911865e-01,-6.359349489212036133e-01,4.420020878314971924e-01,-6.326301097869873047e-01,0.000000000000000000e+00
-1.569431871175765991e-01,2.247893214225769043e-01,-1.122794859111309052e-02,-6.460912823677062988e-01,7.608867287635803223e-01,-6.014489009976387024e-02,0.000000000000000000e+00
1.480586826801300049e-01,-1.696077585220336914e-01,1.924247592687606812e-01,5.207771658897399902e-01,-5.630492568016052246e-01,6.416904926300048828e-01,0.000000000000000000e+00
-2.870495617389678955e-01,2.042904682457447052e-02,2.589674852788448334e-02,-9.847106337547302246e-01,1.346204876899719238e-01,1.105546429753303528e-01,0.000000000000000000e+00
7.370952516794204712e-02,-2.674042284488677979e-01,3.135823458433151245e-02,6.815706938505172729e-02,-9.898762106895446777e-01,-1.244978904724121094e-01,0.000000000000000000e+00
-8.133728057146072388e-02,3.827275335788726807e-02,-2.721206545829772949e-01,-2.881906926631927490e-01,9.728205949068069458e-02,-9.526186585426330566e-01,0.000000000000000000e+00
-2.057436108589172363e-01,9.409662336111068726e-02,1.674785614013671875e-01,-7.527775168418884277e-01,4.247564375400543213e-01,5.028995871543884277e-01,0.000000000000000000e+00
9.990185499191284180e-02,1.760764569044113159e-01,1.895799487829208374e-01,2.495348304510116577e-01,7.276066541671752930e-01,6.389999389648437500e-01,0.000000000000000000e+00
4.386610537767410278e-02,2.846820056438446045e-01,-6.067812815308570862e-02,-5.840830877423286438e-02,9.615546464920043945e-01,-2.683302760124206543e-01,0.000000000000000000e+00
-8.734837174415588379e-03,1.837658584117889404e-01,2.059860229492187500e-01,5.804051458835601807e-02,7.611531019210815430e-01,6.459699869155883789e-01,0.000000000000000000e+00
-1.162996217608451843e-01,-1.926723569631576538e-01,3.701078891754150391e-02,-4.803007543087005615e-01,-8.770503997802734375e-01,9.684250690042972565e-03,0.000000000000000000e+00
-7.594594359397888184e-02,3.456060960888862610e-02,2.791981101036071777e-01,-2.589396834373474121e-01,2.381452918052673340e-01,9.360753297805786133e-01,0.000000000000000000e+00
-1.365432739257812500e-01,-1.616523861885070801e-01,1.865262985229492188e-01,-5.747864842414855957e-01,-6.307542324066162109e-01,5.213152766227722168e-01,0.000000000000000000e+00
1.410227268934249878e-01,-1.297322511672973633e-01,2.228046059608459473e-01,5.392397046089172363e-01,-3.536015152931213379e-01,7.643209695816040039e-01,0.000000000000000000e+00
-2.037745267152786255e-01,1.306312233209609985e-01,-1.337738931179046631e-01,-7.219669222831726074e-01,5.120621919631958008e-01,-4.653558731079101562e-01,0.000000000000000000e+00
-8.297990262508392334e-02,-2.460411041975021362e-01,-9.362267702817916870e-02,-2.806896865367889404e-01,-9.593479633331298828e-01,2.940703183412551880e-02,0.000000000000000000e+00
5.205802619457244873e-02,2.195889204740524292e-01,-1.793566495180130005e-01,1.247857660055160522e-01,6.955118179321289062e-01,-7.075957655906677246e-01,0.000000000000000000e+00
-1.820612102746963501e-01,-1.981618106365203857e-01,-6.732058525085449219e-02,-5.472151041030883789e-01,-8.306349515914916992e-01,1.029619798064231873e-01,0.000000000000000000e+00
-2.303402870893478394e-01,1.445567607879638672e-01,6.504344940185546875e-02,-6.977409720420837402e-01,6.771819591522216797e-01,2.336281687021255493e-01,0.000000000000000000e+00
1.341803967952728271e-01,-2.179732173681259155e-01,-7.294620573520660400e-02,3.421527445316314697e-01,-7.284947633743286133e-01,-5.934870839118957520e-01,0.000000000000000000e+00
-1.687570661306381226e-01,1.695329397916793823e-01,-1.367364972829818726e-01,-6.295633912086486816e-01,5.696964263916015625e-01,-5.282952785491943359e-01,0.000000000000000000e+00
-2.258124798536300659e-01,-1.432668715715408325e-01,4.640500992536544800e-02,-6.520358324050903320e-01,-7.456970214843750000e-01,1.370593160390853882e-01,0.000000000000000000e+00
2.520872652530670166e-01,9.578902274370193481e-02,-9.130172431468963623e-02,8.320370912551879883e-01,3.793904185295104980e-01,-4.046939909458160400e-01,0.000000000000000000e+00
2.306443899869918823e-01,1.511462330818176270e-01,5.450990051031112671e-02,8.702948093414306641e-01,4.304049015045166016e-01,2.394547462463378906e-01,0.000000000000000000e+00
2.616783976554870605e-01,9.302615374326705933e-02,-6.774211674928665161e-02,9.102060198783874512e-01,3.180056214332580566e-01,-2.653251290321350098e-01,0.000000000000000000e+00
-2.723507285118103027e-01,6.422954052686691284e-02,6.011218577623367310e-02,-9.216476678848266602e-01,2.972135245800018311e-01,2.494588792324066162e-01,0.000000000000000000e+00
9.604229591786861420e-03,7.632047683000564575e-02,-2.803619503974914551e-01,9.736701846122741699e-02,2.305341213941574097e-01,-9.681805968284606934e-01,0.000000000000000000e+00
6.857283413410186768e-02,-1.178035512566566467e-01,2.649120092391967773e-01,3.358334898948669434e-01,-2.442767769098281860e-01,9.096948504447937012e-01,0.000000000000000000e+00
-3.704211674630641937e-03,2.626697421073913574e-01,9.026624262332916260e-02,-3.219222277402877808e-02,9.323567748069763184e-01,3.601034879684448242e-01,0.000000000000000000e+00
-1.272569447755813599e-01,-1.760229617357254028e-01,2.793613635003566742e-02,-8.674280643463134766e-01,-2.582072913646697998e-01,-4.253204762935638428e-01,0.000000000000000000e+00
-7.889041304588317871e-02,-2.254539430141448975e-01,-1.810147613286972046e-01,-1.196044161915779114e-01,-8.648729324340820312e-01,-4.875341951847076416e-01,0.000000000000000000e+00
2.764834649860858917e-02,-2.576586604118347168e-01,1.147151291370391846e-01,-9.387131035327911377e-02,-9.667028784751892090e-01,2.380624562501907349e-01,0.000000000000000000e+00
2.644454538822174072e-01,-1.098764762282371521e-01,-2.832695469260215759e-02,8.716586232185363770e-01,-4.267680048942565918e-01,-2.409985512495040894e-01,0.000000000000000000e+00
-2.856116890907287598e-01,1.096609514206647873e-02,-4.785733669996261597e-02,-9.787414073944091797e-01,7.316423952579498291e-02,-1.916043907403945923e-01,0.000000000000000000e+00
-2.026195675134658813e-01,-1.784648746252059937e-01,-3.090008534491062164e-02,-5.182511806488037109e-01,-8.367047905921936035e-01,1.770332604646682739e-01,0.000000000000000000e+00
-1.724382638931274414e-01,-6.256386637687683105e-02,-2.334695607423782349e-01,-6.085093617439270020e-01,-4.345842823386192322e-02,-7.923557758331298828e-01,0.000000000000000000e+00
-7.436535507440567017e-02,-3.667255118489265442e-02,-2.833757996559143066e-01,-2.295304536819458008e-01,-2.047761157155036926e-02,-9.730860590934753418e-01,0.000000000000000000e+00
2.063747048377990723e-01,4.954687133431434631e-02,1.838602572679519653e-01,6.730057001113891602e-01,2.291489839553833008e-01,7.032453417778015137e-01,0.000000000000000000e+00
2.723829448223114014e-01,-7.250561565160751343e-02,7.513009756803512573e-02,9.358634352684020996e-01,-2.814242839813232422e-01,2.120376825332641602e-01,0.000000000000000000e+00
7.247720658779144287e-02,-2.463381588459014893e-01,1.424765437841415405e-01,2.143389582633972168e-01,-8.864247798919677734e-01,4.102558493614196777e-01,0.000000000000000000e+00
-1.895179450511932373e-01,-1.466605216264724731e-01,1.269668042659759521e-01,-6.064779162406921387e-01,-7.521783113479614258e-01,2.577057778835296631e-01,0.000000000000000000e+00
-4.042931273579597473e-02,4.327940940856933594e-02,-2.814034521579742432e-01,-2.343695759773254395e-01,1.721470355987548828e-01,-9.567843675613403320e-01,0.000000000000000000e+00
-1.679884940385818481e-01,-3.729309886693954468e-02,-2.375193238258361816e-01,-5.679560303688049316e-01,4.565361142158508301e-02,-8.217917680740356445e-01,0.000000000000000000e+00
-1.232963129878044128e-01,-2.155821472406387329e-01,-1.688050925731658936e-01,-3.837491571903228760e-01,-8.577721714973449707e-01,-3.419992029666900635e-01,0.000000000000000000e+00
2.128824144601821899e-01,1.138845682144165039e-01,1.418935507535934448e-01,7.520794272422790527e-01,4.435307681560516357e-01,4.875007867813110352e-01,0.000000000000000000e+00
2.607815563678741455e-01,-1.218012496829032898e-01,4.319800436496734619e-02,8.940957188606262207e-01,-4.473552405834197998e-01,2.159052528440952301e-02,0.000000000000000000e+00
-2.787022590637207031e-01,-1.438215654343366623e-02,7.164588570594787598e-02,-9.667801856994628906e-01,4.619500413537025452e-02,2.514002621173858643e-01,0.000000000000000000e+00
1.181688681244850159e-01,2.670741379261016846e-01,3.814645111560821533e-02,3.194226324558258057e-01,9.253154993057250977e-01,2.043536454439163208e-01,0.000000000000000000e+00
2.764416337013244629e-01,-8.370772749185562134e-02,2.276541851460933685e-02,9.354671239852905273e-01,-3.526764214038848877e-01,2.281552366912364960e-02,0.000000000000000000e+00
-1.675405204296112061e-01,-1.631184667348861694e-01,1.161861568689346313e-01,-4.074762463569641113e-01,-9.046857357025146484e-01,1.245266124606132507e-01,0.000000000000000000e+00
-2.759292423725128174e-01,-5.713485926389694214e-02,5.769032984972000122e-02,-9.469382166862487793e-01,-2.689138054847717285e-01,1.760494410991668701e-01,0.000000000000000000e+00
2.391605228185653687e-01,1.283834129571914673e-01,-9.329432994127273560e-02,8.373714089393615723e-01,3.547311723232269287e-01,-4.159025549888610840e-01,0.000000000000000000e+00
-1.149411574006080627e-01,-8.511148393154144287e-02,2.576809823513031006e-01,-5.530554056167602539e-01,-2.955795824527740479e-01,7.789495587348937988e-01,0.000000000000000000e+00
9.370677173137664795e-02,-2.650188207626342773e-01,3.388714417815208435e-02,2.902023494243621826e-01,-9.564546346664428711e-01,3.125937655568122864e-02,0.000000000000000000e+00
-2.758894860744476318e-01,-5.904877558350563049e-03,-9.248258918523788452e-02,-9.551576972007751465e-01,-2.704583806917071342e-03,-2.960852086544036865e-01,0.000000000000000000e+00
-2.695809900760650635e-01,-9.625694900751113892e-02,-4.591105133295059204e-02,-9.284790158271789551e-01,-3.628407716751098633e-01,-7.920434325933456421e-02,0.000000000000000000e+00
1.043829917907714844e-01,-1.938668489456176758e-01,-1.564554721117019653e-01,6.908324360847473145e-01,-7.024986743927001953e-01,-1.710148751735687256e-01,0.000000000000000000e+00
9.901167824864387512e-03,-2.484485656023025513e-01,1.437672823667526245e-01,-2.922881841659545898e-01,-9.209283590316772461e-01,2.577955722808837891e-01,0.000000000000000000e+00
1.130196601152420044e-01,-1.883503943681716919e-01,-1.060344055294990540e-01,5.295696258544921875e-01,-8.264545202255249023e-01,-1.911254078149795532e-01,0.000000000000000000e+00
-1.396952122449874878e-01,1.467894464731216431e-01,1.918037384748458862e-01,-5.212596058845520020e-01,6.230690479278564453e-01,5.831580758094787598e-01,0.000000000000000000e+00
5.628433823585510254e-02,-1.111309751868247986e-01,2.723346948623657227e-01,3.190928101539611816e-01,-3.360671401023864746e-01,8.861369490623474121e-01,0.000000000000000000e+00
-1.118026226758956909e-01,-8.101601153612136841e-02,-2.661455869674682617e-01,-4.153023958206176758e-01,-2.613700926303863525e-01,-8.713263273239135742e-01,0.000000000000000000e+00
2.483546584844589233e-01,1.428148299455642700e-01,-8.227079175412654877e-03,9.179468750953674316e-01,3.965574204921722412e-01,-1.076036691665649414e-02,0.000000000000000000e+00
1.951300650835037231e-01,2.237255722284317017e-01,-2.596022328361868858e-03,7.449282407760620117e-01,6.417980194091796875e-01,1.821461468935012817e-01,0.000000000000000000e+00
4.105681553483009338e-02,2.630335390567779541e-01,8.594974875450134277e-02,4.949450865387916565e-02,9.135314822196960449e-01,4.037455916404724121e-01,0.000000000000000000e+00
1.624071737751364708e-03,1.514693349599838257e-02,2.959519624710083008e-01,-5.550803989171981812e-02,1.029531955718994141e-01,9.931361675262451172e-01,0.000000000000000000e+00
2.218766063451766968e-01,-1.831317842006683350e-01,1.476382557302713394e-02,7.504706382751464844e-01,-6.602524518966674805e-01,-2.933542430400848389e-02,0.000000000000000000e+00
-2.684519886970520020e-01,9.608407318592071533e-02,5.745197180658578873e-03,-8.833808302879333496e-01,4.683429598808288574e-01,1.712368987500667572e-02,0.000000000000000000e+00
1.437056213617324829e-01,1.159464940428733826e-01,2.086535990238189697e-01,5.746909976005554199e-01,4.292269647121429443e-01,6.967743635177612305e-01,0.000000000000000000e+00
2.640353143215179443e-01,1.028261333703994751e-01,3.430214524269104004e-02,8.734654784202575684e-01,4.517877101898193359e-01,1.815100312232971191e-01,0.000000000000000000e+00
-2.663904428482055664e-01,-9.666065126657485962e-02,2.964737266302108765e-02,-8.583973646163940430e-01,-4.501813948154449463e-01,2.459484636783599854e-01,0.000000000000000000e+00
-2.112560719251632690e-01,-1.678681671619415283e-01,-9.938793256878852844e-03,-5.434511899948120117e-01,-8.234108686447143555e-01,1.632647067308425903e-01,0.000000000000000000e+00
-5.589064676314592361e-03,-1.302585899829864502e-01,2.725463807582855225e-01,1.204620525240898132e-01,-4.221207797527313232e-01,8.985003829002380371e-01,0.000000000000000000e+00
8.671700954437255859e-02,-2.635131776332855225e-01,6.374060362577438354e-02,1.012863740324974060e-01,-9.948394894599914551e-01,-5.958741065114736557e-03,0.000000000000000000e+00
2.169817537069320679e-01,2.930235350504517555e-03,-1.505980640649795532e-01,8.728427886962890625e-01,-1.752101927995681763e-01,-4.554633200168609619e-01,0.000000000000000000e+00
7.531525194644927979e-02,1.294864267110824585e-01,2.342412173748016357e-01,1.528921723365783691e-01,4.888610243797302246e-01,8.588590621948242188e-01,0.000000000000000000e+00
1.704184859991073608e-01,2.187591791152954102e-01,7.297529280185699463e-02,6.327164769172668457e-01,6.794592142105102539e-01,3.714902698993682861e-01,0.000000000000000000e+00
2.799573838710784912e-01,3.320344537496566772e-02,-6.494057178497314453e-02,9.719775915145874023e-01,2.039577625691890717e-02,-2.341869920492172241e-01,0.000000000000000000e+00
2.839189022779464722e-02,-2.106248885393142700e-01,-2.021974027156829834e-01,1.921985596418380737e-01,-7.759065628051757812e-01,-6.008566021919250488e-01,0.000000000000000000e+00
2.512488961219787598e-01,1.767415925860404968e-02,-1.205154210329055786e-01,8.076579570770263672e-01,-5.848450958728790283e-02,-5.867437124252319336e-01,0.000000000000000000e+00
-2.583184242248535156e-01,1.167858242988586426e-01,1.216380333062261343e-04,-8.147529959678649902e-01,5.783925056457519531e-01,-4.049251228570938110e-02,0.000000000000000000e+00
5.210996419191360474e-02,2.656558156013488770e-01,-1.161726564168930054e-01,-2.487351372838020325e-02,8.861925005912780762e-01,-4.626490175724029541e-01,0.000000000000000000e+00
-2.354856729507446289e-01,9.188073128461837769e-02,1.259837597608566284e-01,-7.329041957855224609e-01,4.367180764675140381e-01,5.216596722602844238e-01,0.000000000000000000e+00
-1.902672797441482544e-01,1.494390666484832764e-01,-1.320478767156600952e-01,-6.374775767326354980e-01,6.421090364456176758e-01,-4.258148372173309326e-01,0.000000000000000000e+00
-9.965127706527709961e-02,-1.965592801570892334e-01,1.468065381050109863e-01,-4.968094229698181152e-01,-8.613871932029724121e-01,1.057944670319557190e-01,0.000000000000000000e+00
-2.846731990575790405e-02,3.055491484701633453e-02,2.904147505760192871e-01,-1.747281104326248169e-01,2.168167531490325928e-01,9.604481458663940430e-01,0.000000000000000000e+00
3.920886665582656860e-03,2.189200371503829956e-01,1.693975776433944702e-01,1.285962574183940887e-02,7.908891439437866211e-01,6.118242740631103516e-01,0.000000000000000000e+00
1.978337317705154419e-01,-1.826006770133972168e-01,-5.775565281510353088e-02,6.293652057647705078e-01,-6.605098843574523926e-01,-4.094217717647552490e-01,0.000000000000000000e+00
9.851743280887603760e-02,-2.044341564178466797e-01,1.954758614301681519e-01,3.315889835357666016e-01,-6.145988106727600098e-01,7.157632708549499512e-01,0.000000000000000000e+00
1.312917470932006836e-01,1.307896524667739868e-01,2.074509561061859131e-01,4.354698956012725830e-01,4.578333497047424316e-01,7.750836014747619629e-01,0.000000000000000000e+00
2.039763778448104858e-01,-1.201298087835311890e-01,1.735037565231323242e-01,7.240342497825622559e-01,-3.230232000350952148e-01,6.094509363174438477e-01,0.000000000000000000e+00
-7.454560697078704834e-02,1.851410716772079468e-01,1.891651600599288940e-01,-1.956774890422821045e-01,8.451147675514221191e-01,4.974850118160247803e-01,0.000000000000000000e+00
2.318196594715118408e-01,-5.108845606446266174e-02,1.626128405332565308e-01,7.751032710075378418e-01,-1.037461683154106140e-01,6.232588887214660645e-01,0.000000000000000000e+00
-6.808561086654663086e-02,-2.500469386577606201e-01,-1.097571104764938354e-01,-2.355135828256607056e-01,-9.691655039787292480e-01,-7.246764749288558960e-02,0.000000000000000000e+00
-1.695035994052886963e-01,2.078740894794464111e-01,5.735251680016517639e-02,-6.084297895431518555e-01,7.630475163459777832e-01,2.181092947721481323e-01,0.000000000000000000e+00
-1.012547761201858521e-01,-8.564819395542144775e-02,-2.700709700584411621e-01,-3.911790251731872559e-01,-1.945863366127014160e-01,-8.995082378387451172e-01,0.000000000000000000e+00
-2.516289353370666504e-01,1.239040717482566833e-01,3.136831149458885193e-02,-8.978710174560546875e-01,4.391279220581054688e-01,3.153180330991744995e-02,0.000000000000000000e+00
1.855463385581970215e-01,5.269583314657211304e-02,-2.177644670009613037e-01,6.714776158332824707e-01,2.712598741054534912e-01,-6.895911097526550293e-01,0.000000000000000000e+00
-2.206389158964157104e-01,1.639014035463333130e-01,4.665112495422363281e-02,-7.861743569374084473e-01,5.802043080329895020e-01,2.128211706876754761e-01,0.000000000000000000e+00
-8.003144711256027222e-02,2.618055641651153564e-01,-4.705943912267684937e-02,-4.477433860301971436e-01,8.898388743400573730e-01,-8.782137930393218994e-02,0.000000000000000000e+00
-2.246518433094024658e-01,1.355187129229307175e-02,1.771631240844726562e-01,-7.846634387969970703e-01,1.686087399721145630e-01,5.965520739555358887e-01,0.000000000000000000e+00
-1.038009300827980042e-01,-1.949433684349060059e-01,1.382769197225570679e-01,-5.325236916542053223e-01,-8.460378050804138184e-01,-2.526951953768730164e-02,0.000000000000000000e+00
-2.813702225685119629e-01,4.701405297964811325e-03,-7.292121648788452148e-02,-9.716033339500427246e-01,2.889567986130714417e-02,-2.348446846008300781e-01,0.000000000000000000e+00
8.727972954511642456e-02,4.265980795025825500e-02,-2.774867117404937744e-01,3.064398467540740967e-01,1.032163724303245544e-01,-9.462774395942687988e-01,0.000000000000000000e+00
-1.561351418495178223e-01,-1.993657201528549194e-01,-1.659048646688461304e-01,-4.919869899749755859e-01,-7.925129532814025879e-01,-3.603775799274444580e-01,0.000000000000000000e+00
5.698167905211448669e-02,-1.075491905212402344e-01,-2.711199223995208740e-01,2.436403185129165649e-01,-3.142528533935546875e-01,-9.175426363945007324e-01,0.000000000000000000e+00
2.607156932353973389e-01,-2.272932603955268860e-02,-1.062640845775604248e-01,8.263623714447021484e-01,-6.900098174810409546e-02,-5.588954091072082520e-01,0.000000000000000000e+00
1.064302474260330200e-01,-2.507885992527008057e-01,-2.576520107686519623e-02,2.448981106281280518e-01,-9.401830434799194336e-01,-2.368138432502746582e-01,0.000000000000000000e+00
3.330479562282562256e-02,-1.604036688804626465e-01,2.521611750125885010e-01,7.193019241094589233e-02,-5.909909605979919434e-01,8.034648299217224121e-01,0.000000000000000000e+00
2.331173047423362732e-02,-2.434820830821990967e-01,1.575896590948104858e-01,3.944128379225730896e-02,-8.737680912017822266e-01,4.847408831119537354e-01,0.000000000000000000e+00
6.890428811311721802e-02,-5.231543257832527161e-02,-2.852180600166320801e-01,2.123919427394866943e-01,-2.146064490079879761e-01,-9.533277153968811035e-01,0.000000000000000000e+00
6.664618104696273804e-02,-1.523520946502685547e-01,2.495711743831634521e-01,2.374050915241241455e-01,-5.329930186271667480e-01,8.121312856674194336e-01,0.000000000000000000e+00
9.507427364587783813e-02,-1.370686441659927368e-01,-2.384731173515319824e-01,4.484910666942596436e-01,-4.919932484626770020e-01,-7.461892366409301758e-01,0.000000000000000000e+00
-1.817440539598464966e-01,1.821881718933582306e-02,2.236927747726440430e-01,-6.643663048744201660e-01,7.747819647192955017e-03,7.473669648170471191e-01,0.000000000000000000e+00
-2.479399181902408600e-02,1.533754765987396240e-01,-2.369511723518371582e-01,-1.305427998304367065e-01,5.507233738899230957e-01,-8.244163990020751953e-01,0.000000000000000000e+00
-2.256343215703964233e-01,-1.241970136761665344e-01,1.041018441319465637e-01,-7.224833965301513672e-01,-6.397808790206909180e-01,2.621034681797027588e-01,0.000000000000000000e+00
-2.768276333808898926e-01,-1.694097183644771576e-02,-9.048298746347427368e-02,-9.519817233085632324e-01,5.892955139279365540e-02,-3.004298806190490723e-01,0.000000000000000000e+00
-2.243768870830535889e-01,1.591974943876266479e-01,-3.791766241192817688e-02,-7.435594797134399414e-01,6.515390276908874512e-01,-1.503868401050567627e-01,0.000000000000000000e+00
-7.843305915594100952e-02,2.527962923049926758e-01,7.401251792907714844e-02,-3.509148955345153809e-01,9.006838798522949219e-01,2.561782002449035645e-01,0.000000000000000000e+00
1.339333951473236084e-01,-2.478864230215549469e-02,-2.648016512393951416e-01,4.203203618526458740e-01,-9.826626628637313843e-02,-9.020391106605529785e-01,0.000000000000000000e+00
2.855980694293975830e-01,-3.766537830233573914e-02,4.734439402818679810e-02,9.833468794822692871e-01,-1.598667502403259277e-01,8.643805980682373047e-02,0.000000000000000000e+00
-2.031510174274444580e-01,-1.353573352098464966e-01,-1.773637533187866211e-01,-7.030748724937438965e-01,-4.283183515071868896e-01,-5.676522850990295410e-01,0.000000000000000000e+00
6.320194154977798462e-02,-1.591458618640899658e-01,2.461193203926086426e-01,2.374050915241241455e-01,-5.329930186271667480e-01,8.121312856674194336e-01,0.000000000000000000e+00
7.638216763734817505e-02,-1.784875988960266113e-02,2.847691178321838379e-01,3.733503222465515137e-01,-3.133272007107734680e-02,9.271611571311950684e-01,0.000000000000000000e+00
3.127542510628700256e-02,2.931777387857437134e-02,2.913186252117156982e-01,7.063215225934982300e-02,2.403368353843688965e-01,9.681163430213928223e-01,0.000000000000000000e+00
-2.718965113162994385e-01,-9.491248428821563721e-02,-2.633931487798690796e-02,-9.179468154907226562e-01,-3.847939670085906982e-01,-9.647399187088012695e-02,0.000000000000000000e+00
-2.457846552133560181e-01,3.811689093708992004e-02,-1.448387056589126587e-01,-8.118245601654052734e-01,2.895824611186981201e-01,-5.070334076881408691e-01,0.000000000000000000e+00
-2.562983036041259766e-01,-1.248382925987243652e-01,-1.502762548625469208e-02,-8.153345584869384766e-01,-5.787845849990844727e-01,1.542451418936252594e-02,0.000000000000000000e+00
-1.007386222481727600e-01,2.563307881355285645e-01,2.245515212416648865e-02,-3.312020599842071533e-01,9.275855422019958496e-01,1.728880107402801514e-01,0.000000000000000000e+00
-9.253495186567306519e-02,1.739093959331512451e-01,1.930540055036544800e-01,-1.947123110294342041e-01,6.063131093978881836e-01,7.710198163986206055e-01,0.000000000000000000e+00
1.456180512905120850e-01,9.538949280977249146e-02,-2.342117726802825928e-01,4.832631647586822510e-01,3.545158505439758301e-01,-8.004843592643737793e-01,0.000000000000000000e+00
2.346541136503219604e-01,-1.668324619531631470e-01,2.545336075127124786e-02,8.439102768898010254e-01,-5.364402532577514648e-01,6.874000187963247299e-03,0.000000000000000000e+00
1.545361131429672241e-01,-2.372177988290786743e-01,6.015673279762268066e-02,4.668984115123748779e-01,-8.524931073188781738e-01,2.350773215293884277e-01,0.000000000000000000e+00
1.232868283987045288e-01,-2.262447923421859741e-01,-6.794117391109466553e-02,2.863109707832336426e-01,-8.090882301330566406e-01,-5.132273435592651367e-01,0.000000000000000000e+00
-2.679540514945983887e-01,5.698340386152267456e-02,8.183141797780990601e-02,-9.080733060836791992e-01,2.410819530487060547e-01,3.424650430679321289e-01,0.000000000000000000e+00
1.927063465118408203e-01,1.240395680069923401e-01,1.586474627256393433e-01,7.013211250305175781e-01,4.134456515312194824e-01,5.806990265846252441e-01,0.000000000000000000e+00
-3.358708322048187256e-02,1.263831853866577148e-01,-2.524746358394622803e-01,-1.699384748935699463e-01,4.652536809444427490e-01,-8.687116503715515137e-01,0.000000000000000000e+00
2.760946452617645264e-01,-5.058672651648521423e-02,-5.973609909415245056e-02,9.107325673103332520e-01,-1.952945739030838013e-01,-3.639041483402252197e-01,0.000000000000000000e+00
9.599189460277557373e-02,2.299330532550811768e-01,-1.583505719900131226e-01,2.664536237716674805e-01,7.590764164924621582e-01,-5.939742922782897949e-01,0.000000000000000000e+00
-2.628330886363983154e-01,-1.138374209403991699e-01,-3.648451715707778931e-02,-8.423628807067871094e-01,-5.366408228874206543e-01,4.941059276461601257e-02,0.000000000000000000e+00
-2.708551883697509766e-01,2.458563819527626038e-02,9.102556854486465454e-02,-9.154449701309204102e-01,1.651322841644287109e-01,3.670039176940917969e-01,0.000000000000000000e+00
6.016755104064941406e-02,2.418709918856620789e-02,-2.880253195762634277e-01,4.583352208137512207e-01,8.666677772998809814e-02,-8.845437765121459961e-01,0.000000000000000000e+00
-2.207846939563751221e-01,1.636715084314346313e-01,-3.629523515701293945e-02,-7.435594797134399414e-01,6.515390276908874512e-01,-1.503868401050567627e-01,0.000000000000000000e+00
-1.074125841259956360e-01,-1.844013184309005737e-01,1.790875792503356934e-01,-4.815015494823455811e-01,-7.807825803756713867e-01,3.981643915176391602e-01,0.000000000000000000e+00
1.963985711336135864e-02,-2.557161748409271240e-01,-1.699907332658767700e-02,-3.423353731632232666e-01,-8.811907768249511719e-01,-3.260510861873626709e-01,0.000000000000000000e+00
2.195019721984863281e-01,-1.769219338893890381e-01,-2.570575848221778870e-02,7.382190227508544922e-01,-6.392703652381896973e-01,-2.153279334306716919e-01,0.000000000000000000e+00
6.031220778822898865e-03,-2.460637986660003662e-01,1.477377563714981079e-01,-3.306554555892944336e-01,-9.021806716918945312e-01,2.770145237445831299e-01,0.000000000000000000e+00
6.302702426910400391e-02,-1.925597153604030609e-02,-2.899673879146575928e-01,1.529857069253921509e-01,-8.447325788438320160e-03,-9.881923198699951172e-01,0.000000000000000000e+00
5.207592621445655823e-02,2.229135036468505859e-01,-1.754829734563827515e-01,-8.065932244062423706e-02,7.882609367370605469e-01,-6.100317835807800293e-01,0.000000000000000000e+00
1.236005052924156189e-01,-1.957093924283981323e-01,-9.615266323089599609e-02,1.471621636301279068e-02,-5.863893628120422363e-01,-8.098956346511840820e-01,0.000000000000000000e+00
-2.851764559745788574e-01,2.758393250405788422e-02,3.729305788874626160e-02,-9.868239760398864746e-01,1.336074637947604060e-04,1.617973595857620239e-01,0.000000000000000000e+00
-9.233594685792922974e-02,2.611986100673675537e-01,1.169738825410604477e-03,-3.632180690765380859e-01,9.265972971916198730e-01,9.741717576980590820e-02,0.000000000000000000e+00
1.873974055051803589e-01,-4.180376604199409485e-02,-2.056031823158264160e-01,8.450161814689636230e-01,-2.604484260082244873e-01,-4.670270681381225586e-01,0.000000000000000000e+00
5.131530761718750000e-02,1.091936677694320679e-01,2.530597150325775146e-01,1.694034039974212646e-01,5.807362198829650879e-01,7.962712645530700684e-01,0.000000000000000000e+00
1.690427064895629883e-01,1.804810017347335815e-01,1.290197521448135376e-01,5.875626802444458008e-01,6.530950069427490234e-01,4.777415990829467773e-01,0.000000000000000000e+00
8.255412429571151733e-02,-7.642207294702529907e-02,2.731255590915679932e-01,3.907998800277709961e-01,-2.078864276409149170e-01,8.966931700706481934e-01,0.000000000000000000e+00
1.453169714659452438e-02,-4.273382201790809631e-02,-2.948988974094390869e-01,2.990544773638248444e-02,-1.630304604768753052e-01,-9.861677289009094238e-01,0.000000000000000000e+00
1.027508452534675598e-01,2.175485789775848389e-01,1.403875201940536499e-01,2.639681994915008545e-01,7.914304733276367188e-01,5.513244271278381348e-01,0.000000000000000000e+00
1.869718357920646667e-02,5.938628222793340683e-03,2.966507971286773682e-01,1.033193096518516541e-01,6.476022303104400635e-02,9.925377964973449707e-01,0.000000000000000000e+00
2.524859905242919922e-01,1.083031967282295227e-01,-7.800579816102981567e-02,8.818659186363220215e-01,3.216264247894287109e-01,-3.447737097740173340e-01,0.000000000000000000e+00
1.591058634221553802e-02,-2.469384297728538513e-02,-2.955557405948638916e-01,1.467230021953582764e-01,-1.496735773980617523e-02,-9.890643954277038574e-01,0.000000000000000000e+00
1.365776956081390381e-01,-2.490092813968658447e-01,5.410542339086532593e-02,3.949416875839233398e-01,-9.186954498291015625e-01,-4.445437341928482056e-03,0.000000000000000000e+00
-2.647306919097900391e-01,1.032072380185127258e-01,3.674693172797560692e-03,-8.857208490371704102e-01,4.641515910625457764e-01,7.866890169680118561e-03,0.000000000000000000e+00
2.747889757156372070e-01,7.680964469909667969e-02,3.289560601115226746e-02,9.269634485244750977e-01,3.295429646968841553e-01,1.792769581079483032e-01,0.000000000000000000e+00
3.948033601045608521e-02,-4.856748878955841064e-02,2.932783663272857666e-01,1.323554068803787231e-01,-1.310108900070190430e-01,9.825060963630676270e-01,0.000000000000000000e+00
1.329889297485351562e-01,-2.120403051376342773e-01,-8.045851439237594604e-02,3.408965170383453369e-01,-6.203085184097290039e-01,-7.064042091369628906e-01,0.000000000000000000e+00
1.238742470741271973e-01,2.499775886535644531e-01,7.373897731304168701e-02,4.254792332649230957e-01,7.818249464035034180e-01,4.557599425315856934e-01,0.000000000000000000e+00
1.738539934158325195e-01,7.854037731885910034e-02,-2.209036350250244141e-01,6.194143295288085938e-01,3.102488815784454346e-01,-7.211598753929138184e-01,0.000000000000000000e+00
1.144335418939590454e-01,-2.481279224157333374e-01,-2.790026366710662842e-02,2.429502159357070923e-01,-9.218575954437255859e-01,-3.019168972969055176e-01,0.000000000000000000e+00
-1.531927734613418579e-01,-1.693371087312698364e-01,1.063148826360702515e-01,-3.499933779239654541e-01,-9.367322325706481934e-01,6.112659815698862076e-03,0.000000000000000000e+00
-4.616770520806312561e-02,2.509319782257080078e-01,1.050158888101577759e-01,-1.239856407046318054e-01,9.166290163993835449e-01,3.800247013568878174e-01,0.000000000000000000e+00
5.793741345405578613e-02,2.408721446990966797e-01,1.269831955432891846e-01,2.076341807842254639e-01,8.216208815574645996e-01,5.308739542961120605e-01,0.000000000000000000e+00
1.539309173822402954e-01,-2.348500788211822510e-01,7.719682157039642334e-02,4.790605902671813965e-01,-8.680995702743530273e-01,1.300155669450759888e-01,0.000000000000000000e+00
-2.339709997177124023e-01,1.437307149171829224e-01,-5.467416718602180481e-02,-7.559641003608703613e-01,5.942335724830627441e-01,-2.745992243289947510e-01,0.000000000000000000e+00
-1.942635327577590942e-01,-3.733975812792778015e-02,-2.159085720777511597e-01,-6.890951395034790039e-01,3.086432628333568573e-02,-7.240133285522460938e-01,0.000000000000000000e+00
-2.696939408779144287e-01,7.432558387517929077e-02,-5.569606646895408630e-02,-9.016883373260498047e-01,3.655144870281219482e-01,-2.309919893741607666e-01,0.000000000000000000e+00
-1.649443991482257843e-02,-2.470991015434265137e-01,1.063931733369827271e-01,-3.536119461059570312e-01,-9.205502271652221680e-01,1.659695506095886230e-01,0.000000000000000000e+00
2.219245433807373047e-01,1.565263420343399048e-01,7.171024382114410400e-02,8.222944140434265137e-01,4.708257019519805908e-01,3.196170032024383545e-01,0.000000000000000000e+00
8.425660431385040283e-02,-1.201472356915473938e-01,2.576686441898345947e-01,3.273231983184814453e-01,-3.563301563262939453e-01,8.751504421234130859e-01,0.000000000000000000e+00
2.041377276182174683e-01,-4.118089750409126282e-02,-1.526086181402206421e-01,9.166244864463806152e-01,-2.776587903499603271e-01,-2.875851094722747803e-01,0.000000000000000000e+00
-6.603400222957134247e-03,-6.437833607196807861e-02,2.934775650501251221e-01,-2.790633402764797211e-02,-1.968369632959365845e-01,9.800390005111694336e-01,0.000000000000000000e+00
-2.790758609771728516e-01,-6.438725441694259644e-02,-5.701929703354835510e-02,-9.748762249946594238e-01,-1.875895559787750244e-01,-1.201104596257209778e-01,0.000000000000000000e+00
-1.110291182994842529e-01,-1.979164928197860718e-01,-2.057104259729385376e-01,-3.122182786464691162e-01,-6.818473339080810547e-01,-6.615163683891296387e-01,0.000000000000000000e+00
-6.703473627567291260e-02,2.338015846908092499e-02,2.839066684246063232e-01,-2.298863977193832397e-01,2.088584303855895996e-01,9.505421519279479980e-01,0.000000000000000000e+00
1.360282003879547119e-01,-2.051474750041961670e-01,1.652123183012008667e-01,4.822220206260681152e-01,-6.884550452232360840e-01,5.417486429214477539e-01,0.000000000000000000e+00
-1.150582358241081238e-01,-1.882556229829788208e-01,1.326559334993362427e-01,-3.820218741893768311e-01,-9.224335551261901855e-01,-5.635317787528038025e-02,0.000000000000000000e+00
1.660375446081161499e-01,-1.762939691543579102e-01,1.692996174097061157e-01,6.068255901336669922e-01,-5.642662644386291504e-01,5.597913265228271484e-01,0.000000000000000000e+00
1.578642427921295166e-01,1.696172058582305908e-01,1.564112007617950439e-01,5.478058457374572754e-01,6.276172995567321777e-01,5.531774759292602539e-01,0.000000000000000000e+00
1.478049159049987793e-01,1.592092067003250122e-01,-1.913862228393554688e-01,5.242485404014587402e-01,4.949422776699066162e-01,-6.929614543914794922e-01,0.000000000000000000e+00
2.214218080043792725e-01,1.364183425903320312e-01,1.042755022644996643e-01,7.837383747100830078e-01,5.452139973640441895e-01,2.974824309349060059e-01,0.000000000000000000e+00
-2.014245688915252686e-01,-4.753962159156799316e-02,2.019228637218475342e-01,-7.273710966110229492e-01,-1.275983452796936035e-01,6.742773652076721191e-01,0.000000000000000000e+00
2.444472908973693848e-02,-2.922775410115718842e-02,-2.950356006622314453e-01,1.651295125484466553e-01,-6.306546926498413086e-02,-9.842535257339477539e-01,0.000000000000000000e+00
-1.710415445268154144e-02,-1.715710610151290894e-01,-2.458157390356063843e-01,-4.840737581253051758e-02,-6.350801587104797363e-01,-7.709279656410217285e-01,0.000000000000000000e+00
4.554456844925880432e-02,-5.515033844858407974e-03,-2.931225597858428955e-01,4.571187123656272888e-02,3.156720101833343506e-02,-9.984557628631591797e-01,0.000000000000000000e+00
-1.946119666099548340e-01,-1.276682913303375244e-01,-1.926572471857070923e-01,-6.654008626937866211e-01,-4.153869152069091797e-01,-6.202381849288940430e-01,0.000000000000000000e+00
2.453810721635818481e-01,1.109010130167007446e-01,-9.445171803236007690e-02,8.988074064254760742e-01,2.461611479520797729e-01,-3.626981675624847412e-01,0.000000000000000000e+00
1.326555013656616211e-01,-1.403292547911405563e-02,-2.660507857799530029e-01,4.933963716030120850e-01,4.618577286601066589e-02,-8.685774803161621094e-01,0.000000000000000000e+00
-2.275306433439254761e-01,9.164681285619735718e-02,-1.351560950279235840e-01,-7.855818867683410645e-01,4.262399971485137939e-01,-4.485315680503845215e-01,0.000000000000000000e+00
-3.158055990934371948e-02,-2.267260402441024780e-01,-1.100833248347043991e-02,-4.660330712795257568e-01,-8.755386471748352051e-01,-1.274567544460296631e-01,0.000000000000000000e+00
2.488073706626892090e-01,1.420535147190093994e-01,-3.105182200670242310e-02,9.318495392799377441e-01,3.614022135734558105e-01,3.232540562748908997e-02,0.000000000000000000e+00
-2.753843367099761963e-01,-8.633125573396682739e-02,1.853948109783232212e-03,-9.464995265007019043e-01,-3.225461244583129883e-01,1.012974418699741364e-02,0.000000000000000000e+00
9.072031825780868530e-03,-2.611830234527587891e-01,6.590135395526885986e-02,-3.134997487068176270e-01,-9.433282613754272461e-01,1.088560745120048523e-01,0.000000000000000000e+00
1.882374659180641174e-02,2.275459170341491699e-01,1.574060767889022827e-01,9.386879950761795044e-02,8.378934860229492188e-01,5.377017259597778320e-01,0.000000000000000000e+00
