7.576269656419754028e-02,-2.607696950435638428e-01,6.501101702451705933e-02,2.020466178655624390e-01,-9.532154202461242676e-01,2.248500883579254150e-01,0.000000000000000000e+00
-2.675040662288665771e-01,3.798892721533775330e-02,6.754019111394882202e-02,-9.367169737815856934e-01,-1.199302915483713150e-02,3.498820364475250244e-01,0.000000000000000000e+00
-1.003842428326606750e-01,1.930384784936904907e-01,-1.702954024076461792e-01,-1.599753834307193756e-02,6.295864582061767578e-01,-7.767657041549682617e-01,0.000000000000000000e+00
-9.779082238674163818e-02,2.066060155630111694e-01,-1.598608642816543579e-01,-8.007943630218505859e-02,6.046937704086303711e-01,-7.924220561981201172e-01,0.000000000000000000e+00
-2.369357086718082428e-02,1.307268142700195312e-01,2.648707330226898193e-01,-8.455260097980499268e-02,3.739447295665740967e-01,9.235887527465820312e-01,0.000000000000000000e+00
1.440332233905792236e-01,-2.059776633977890015e-01,1.332803070545196533e-01,5.205475687980651855e-01,-7.720002532005310059e-01,3.647544980049133301e-01,0.000000000000000000e+00
1.520971357822418213e-01,-2.141234576702117920e-01,1.055284440517425537e-01,6.155623197555541992e-01,-6.652097702026367188e-01,4.225860238075256348e-01,0.000000000000000000e+00
-2.429854124784469604e-01,-7.547477632761001587e-02,-1.230454072356224060e-01,-8.699214458465576172e-01,-3.209436237812042236e-01,-3.744755089282989502e-01,0.000000000000000000e+00
-2.741774916648864746e-01,4.238696396350860596e-02,-7.443849742412567139e-02,-9.717767238616943359e-01,4.349727556109428406e-02,-2.318576574325561523e-01,0.000000000000000000e+00
-2.129866927862167358e-02,-3.096490167081356049e-02,-2.853410243988037109e-01,-9.557177871465682983e-02,-1.495504379272460938e-02,-9.953101873397827148e-01,0.000000000000000000e+00
1.876798123121261597e-01,1.932235956192016602e-01,-1.264687478542327881e-01,4.971985220909118652e-01,7.199662923812866211e-01,-4.841922819614410400e-01,0.000000000000000000e+00
2.308568954467773438e-01,1.893278658390045166e-01,3.007746674120426178e-02,7.448017597198486328e-01,6.389852762222290039e-01,1.922709047794342041e-01,0.000000000000000000e+00
-1.165072917938232422e-01,1.200054660439491272e-01,2.405909895896911621e-01,-5.371808409690856934e-01,3.461917638778686523e-01,7.691475749015808105e-01,0.000000000000000000e+00
2.340925298631191254e-02,2.252758294343948364e-01,-1.213000789284706116e-01,5.969426631927490234e-01,4.445361495018005371e-01,-6.678675413131713867e-01,0.000000000000000000e+00
1.091001629829406738e-01,-2.110927999019622803e-01,-1.711182147264480591e-01,2.931779623031616211e-01,-7.657750844955444336e-01,-5.723942518234252930e-01,0.000000000000000000e+00
2.001576721668243408e-01,1.089551299810409546e-02,2.206328362226486206e-01,6.369187235832214355e-01,-2.175170183181762695e-02,7.706240415573120117e-01,0.000000000000000000e+00
-1.988611519336700439e-01,-1.156008839607238770e-01,1.471580415964126587e-01,-8.162100315093994141e-01,-4.620273411273956299e-01,3.468889892101287842e-01,0.000000000000000000e+00
-3.059082292020320892e-02,1.174853891134262085e-01,-1.855216622352600098e-01,2.452123016119003296e-01,5.755993723869323730e-01,-7.801001667976379395e-01,0.000000000000000000e+00
1.875502243638038635e-02,-2.478583008050918579e-01,1.443713158369064331e-01,9.427259117364883423e-02,-9.546545743942260742e-01,2.823957800865173340e-01,0.000000000000000000e+00
-1.087804213166236877e-01,2.584359049797058105e-01,1.172590181231498718e-01,-4.091736972332000732e-01,7.661219239234924316e-01,4.956148266792297363e-01,0.000000000000000000e+00
2.887708842754364014e-01,-4.762224107980728149e-02,-5.021176859736442566e-02,9.525138735771179199e-01,-2.666670680046081543e-01,-1.469896286725997925e-01,0.000000000000000000e+00
-2.468058019876480103e-01,-6.452189385890960693e-02,-1.229713112115859985e-01,-9.011701345443725586e-01,-1.939101815223693848e-01,-3.876741826534271240e-01,0.000000000000000000e+00
1.185699999332427979e-01,1.434125155210494995e-01,2.049921900033950806e-01,1.186140067875385284e-02,5.639898180961608887e-01,8.256965279579162598e-01,0.000000000000000000e+00
1.743930578231811523e-01,-3.156061470508575439e-02,2.333689779043197632e-01,4.484000504016876221e-01,-2.183768302202224731e-01,8.667461872100830078e-01,0.000000000000000000e+00
2.338974773883819580e-01,5.342028662562370300e-02,1.802778244018554688e-01,7.752805352210998535e-01,2.291272729635238647e-01,5.885921716690063477e-01,0.000000000000000000e+00
-3.754134848713874817e-02,2.785571217536926270e-01,-8.134981244802474976e-02,4.764752835035324097e-02,9.017717838287353516e-01,-4.295780956745147705e-01,0.000000000000000000e+00
-1.062473356723785400e-01,3.291685506701469421e-02,-2.577097415924072266e-01,-3.099163174629211426e-01,2.079150974750518799e-01,-9.277516603469848633e-01,0.000000000000000000e+00
-2.395156323909759521e-01,1.634704768657684326e-01,-6.942945718765258789e-02,-8.653671741485595703e-01,4.118311107158660889e-01,-2.855429649353027344e-01,0.000000000000000000e+00
2.041964679956436157e-01,1.818409562110900879e-01,-1.247403249144554138e-01,5.562883615493774414e-01,7.502912878990173340e-01,-3.572202026844024658e-01,0.000000000000000000e+00
1.695954948663711548e-01,-1.901240348815917969e-01,-1.575239747762680054e-01,3.821959495544433594e-01,-7.572054862976074219e-01,-5.296849012374877930e-01,0.000000000000000000e+00
2.576321177184581757e-02,2.844663858413696289e-01,3.161031380295753479e-02,4.818137586116790771e-01,8.716141581535339355e-01,9.024529904127120972e-02,0.000000000000000000e+00
7.489851117134094238e-02,-2.101339101791381836e-01,1.951199173927307129e-01,2.699159681797027588e-01,-7.855878472328186035e-01,5.567738413810729980e-01,0.000000000000000000e+00
-5.876918509602546692e-02,-2.322993129491806030e-01,1.508688628673553467e-01,-3.425410687923431396e-01,-8.787007927894592285e-01,3.324913680553436279e-01,0.000000000000000000e+00
1.156436055898666382e-01,3.150690719485282898e-02,-2.714260816574096680e-01,2.768478095531463623e-01,3.036481738090515137e-01,-9.116759896278381348e-01,0.000000000000000000e+00
3.014100790023803711e-01,2.275319211184978485e-02,2.465217933058738708e-02,9.973358511924743652e-01,-6.446469575166702271e-02,3.413940966129302979e-02,0.000000000000000000e+00
1.873807162046432495e-01,8.131178468465805054e-02,2.144220173358917236e-01,5.844408869743347168e-01,3.981588184833526611e-01,7.070349454879760742e-01,0.000000000000000000e+00
2.569104433059692383e-01,3.926237672567367554e-02,-1.679718196392059326e-01,8.166593313217163086e-01,1.086271628737449646e-01,-5.668047666549682617e-01,0.000000000000000000e+00
-2.367738038301467896e-01,3.674060106277465820e-02,1.420873999595642090e-01,-8.896018862724304199e-01,-2.721060439944267273e-02,4.559255540370941162e-01,0.000000000000000000e+00
-7.710194587707519531e-02,-2.109168618917465210e-01,1.792568564414978027e-01,-3.828257918357849121e-01,-7.950012087821960449e-01,4.705502092838287354e-01,0.000000000000000000e+00
2.606169879436492920e-01,-8.517269790172576904e-02,1.006836593151092529e-01,8.758673071861267090e-01,-4.119931757450103760e-01,2.512331604957580566e-01,0.000000000000000000e+00
1.120680198073387146e-01,1.708479374647140503e-01,1.754693686962127686e-01,-1.116662323474884033e-01,8.232702612876892090e-01,5.565578937530517578e-01,0.000000000000000000e+00
-2.458684742450714111e-01,-8.425151556730270386e-02,7.181054353713989258e-02,-8.640317916870117188e-01,-3.822905421257019043e-01,3.275713026523590088e-01,0.000000000000000000e+00
-1.428410112857818604e-01,2.707723677158355713e-01,-4.665915668010711670e-02,-4.470683932304382324e-01,8.833580017089843750e-01,-1.407427340745925903e-01,0.000000000000000000e+00
-2.759283781051635742e-01,8.755428716540336609e-03,2.295615337789058685e-02,-9.856067895889282227e-01,-1.119229272007942200e-01,1.266987025737762451e-01,0.000000000000000000e+00
2.449960112571716309e-01,1.767086982727050781e-01,1.430045114830136299e-03,7.501083612442016602e-01,6.545192599296569824e-01,9.456175565719604492e-02,0.000000000000000000e+00
-2.635612785816192627e-01,-5.980316177010536194e-02,2.002433314919471741e-02,-9.620750546455383301e-01,-2.621623575687408447e-01,7.538235187530517578e-02,0.000000000000000000e+00
-2.619490325450897217e-01,-6.461966782808303833e-02,2.348564192652702332e-02,-9.423854947090148926e-01,-3.102585375308990479e-01,1.250967830419540405e-01,0.000000000000000000e+00
-1.600812971591949463e-01,2.173686772584915161e-01,-1.308509409427642822e-01,-4.240588247776031494e-01,6.854101419448852539e-01,-5.919350385665893555e-01,0.000000000000000000e+00
2.233135551214218140e-01,-1.750264316797256470e-01,1.722435653209686279e-02,7.282240986824035645e-01,-6.808550357818603516e-01,7.826881110668182373e-02,0.000000000000000000e+00
-2.508693039417266846e-01,7.878524810075759888e-02,-1.268651187419891357e-01,-9.076890349388122559e-01,2.187705934047698975e-01,-3.581061959266662598e-01,0.000000000000000000e+00
3.018810451030731201e-01,1.635926961898803711e-02,-2.864389494061470032e-02,9.988096356391906738e-01,-3.536951169371604919e-02,-3.359054028987884521e-02,0.000000000000000000e+00
-2.834664285182952881e-02,1.858223378658294678e-01,-1.649896502494812012e-01,2.812951207160949707e-01,3.109006583690643311e-01,-9.078622460365295410e-01,0.000000000000000000e+00
-2.483407407999038696e-02,-2.277002036571502686e-01,1.814374029636383057e-01,-1.899511069059371948e-01,-8.559740185737609863e-01,4.808607697486877441e-01,0.000000000000000000e+00
5.937691405415534973e-02,-2.700238227844238281e-01,-7.643133401870727539e-03,1.990738809108734131e-01,-9.765564799308776855e-01,-8.189655095338821411e-02,0.000000000000000000e+00
4.451458156108856201e-02,2.474057674407958984e-01,1.283364146947860718e-01,4.323110878467559814e-01,8.355386853218078613e-01,3.390903472900390625e-01,0.000000000000000000e+00
-1.815899163484573364e-01,2.380638867616653442e-01,-7.778554409742355347e-02,-7.082043290138244629e-01,6.549124121665954590e-01,-2.636975049972534180e-01,0.000000000000000000e+00
-6.249706074595451355e-02,-5.434141680598258972e-02,-2.754718363285064697e-01,-2.137447446584701538e-01,-1.124679520726203918e-01,-9.703938364982604980e-01,0.000000000000000000e+00
4.040167480707168579e-02,-2.628180384635925293e-01,-7.621966302394866943e-02,1.062965393066406250e-01,-9.782640337944030762e-01,-1.780464202165603638e-01,0.000000000000000000e+00
1.145687997341156006e-01,2.426629513502120972e-01,3.018108196556568146e-02,8.229683153331279755e-03,9.440247416496276855e-01,3.297719657421112061e-01,0.000000000000000000e+00
1.827588528394699097e-01,-1.402117311954498291e-01,-2.017444074153900146e-01,5.241744518280029297e-01,-5.069681406021118164e-01,-6.842693090438842773e-01,0.000000000000000000e+00
-1.362569183111190796e-01,2.746841311454772949e-01,-3.977725282311439514e-02,-3.552501797676086426e-01,9.244388341903686523e-01,-1.386005580425262451e-01,0.000000000000000000e+00
1.853425800800323486e-01,-6.219149380922317505e-02,-2.382968366146087646e-01,4.502646625041961670e-01,-2.170456796884536743e-01,-8.661136627197265625e-01,0.000000000000000000e+00
4.056013002991676331e-02,-8.699660003185272217e-02,-2.799347639083862305e-01,4.249051958322525024e-02,-1.759342700242996216e-01,-9.834844470024108887e-01,0.000000000000000000e+00
3.963585942983627319e-02,-8.241302520036697388e-02,2.863148450851440430e-01,2.206848934292793274e-02,-1.391844302415847778e-01,9.900205731391906738e-01,0.000000000000000000e+00
-1.310499608516693115e-01,2.167340517044067383e-01,-1.459322273731231689e-01,-2.419839948415756226e-01,6.344702243804931641e-01,-7.340921759605407715e-01,0.000000000000000000e+00
1.551297754049301147e-01,1.497823596000671387e-01,1.900502741336822510e-01,3.039348125457763672e-01,6.710053086280822754e-01,6.762954592704772949e-01,0.000000000000000000e+00
3.148669004440307617e-02,2.682524621486663818e-01,-6.075006350874900818e-02,4.851507544517517090e-01,7.563560009002685547e-01,-4.388100802898406982e-01,0.000000000000000000e+00
7.435774058103561401e-02,-1.219870671629905701e-01,-2.612034678459167480e-01,1.204143613576889038e-01,-4.896968305110931396e-01,-8.635377287864685059e-01,0.000000000000000000e+00
2.450469881296157837e-01,-7.616899162530899048e-02,1.418712586164474487e-01,7.552800774574279785e-01,-2.199260592460632324e-01,6.174014210700988770e-01,0.000000000000000000e+00
-1.215828210115432739e-01,-1.722000241279602051e-01,-1.857815235853195190e-01,-3.673741519451141357e-01,-7.436358928680419922e-01,-5.586071610450744629e-01,0.000000000000000000e+00
-1.047314032912254333e-01,-2.331271320581436157e-01,-9.560594707727432251e-02,-4.008922874927520752e-01,-8.638880848884582520e-01,-3.049307763576507568e-01,0.000000000000000000e+00
-2.652373611927032471e-01,6.628832966089248657e-02,-9.981065988540649414e-02,-9.327184557914733887e-01,1.651188582181930542e-01,-3.205807805061340332e-01,0.000000000000000000e+00
-2.509597241878509521e-01,2.195115014910697937e-02,-1.418078690767288208e-01,-8.986995220184326172e-01,-1.995705999433994293e-02,-4.381105899810791016e-01,0.000000000000000000e+00
5.578044801950454712e-02,7.046176493167877197e-02,-2.534937262535095215e-01,-1.699175238609313965e-01,7.355357408523559570e-01,-6.558316946029663086e-01,0.000000000000000000e+00
-1.685027927160263062e-01,-1.987408250570297241e-01,7.003749161958694458e-02,-6.824610233306884766e-01,-6.821498274803161621e-01,2.625235021114349365e-01,0.000000000000000000e+00
1.773883700370788574e-01,-1.254097372293472290e-01,-2.160856872797012329e-01,4.867130815982818604e-01,-5.099997520446777344e-01,-7.092323899269104004e-01,0.000000000000000000e+00
-5.752715468406677246e-02,2.275838255882263184e-01,1.886187493801116943e-01,-2.250305712223052979e-01,7.268490195274353027e-01,6.488850116729736328e-01,0.000000000000000000e+00
-1.300451606512069702e-01,1.081134602427482605e-01,-2.199567258358001709e-01,-1.936396062374114990e-01,4.001767039299011230e-01,-8.957467675209045410e-01,0.000000000000000000e+00
-3.240462392568588257e-02,1.986467987298965454e-01,2.239421010017395020e-01,1.023105531930923462e-01,6.608611345291137695e-01,7.435019612312316895e-01,0.000000000000000000e+00
9.467224776744842529e-02,1.233332902193069458e-01,2.201565951108932495e-01,1.559149175882339478e-01,5.638834834098815918e-01,8.110030293464660645e-01,0.000000000000000000e+00
-5.558194592595100403e-02,-2.344605028629302979e-01,1.483639925718307495e-01,-2.471720129251480103e-01,-8.773395419120788574e-01,4.113165736198425293e-01,0.000000000000000000e+00
-5.940801277756690979e-02,2.954824864864349365e-01,2.367820590734481812e-02,-1.730984747409820557e-01,9.849045276641845703e-01,1.010311825666576624e-04,0.000000000000000000e+00
2.768661379814147949e-01,1.197691857814788818e-01,-6.158431991934776306e-02,9.077607989311218262e-01,3.482183218002319336e-01,-2.339109629392623901e-01,0.000000000000000000e+00
1.015786081552505493e-02,-2.313107997179031372e-01,1.825389117002487183e-01,-3.134408220648765564e-02,-8.806682825088500977e-01,4.726953506469726562e-01,0.000000000000000000e+00
2.306420654058456421e-01,-1.682723760604858398e-01,1.453752280212938786e-03,8.423294425010681152e-01,-5.378205776214599609e-01,3.507309406995773315e-02,0.000000000000000000e+00
-2.150965631008148193e-01,1.708228290081024170e-01,1.028725132346153259e-01,-8.295010924339294434e-01,3.328743577003479004e-01,4.484669864177703857e-01,0.000000000000000000e+00
-1.459892988204956055e-01,-1.011362578719854355e-02,-2.470523267984390259e-01,-5.090708732604980469e-01,-3.935675323009490967e-02,-8.598243594169616699e-01,0.000000000000000000e+00
-2.623084485530853271e-01,1.218633130192756653e-01,6.841833237558603287e-03,-9.388116002082824707e-01,3.111362755298614502e-01,1.477396041154861450e-01,0.000000000000000000e+00
1.035593748092651367e-01,-2.471408098936080933e-01,-8.719993382692337036e-02,3.166908323764801025e-01,-9.122190475463867188e-01,-2.599295675754547119e-01,0.000000000000000000e+00
3.015137910842895508e-01,3.944771736860275269e-02,1.898268423974514008e-02,9.978528022766113281e-01,-1.110314577817916870e-02,6.454829871654510498e-02,0.000000000000000000e+00
3.961562365293502808e-02,-6.598547333851456642e-04,2.858752608299255371e-01,1.778036504983901978e-01,-7.510530995205044746e-04,9.840657114982604980e-01,0.000000000000000000e+00
-7.179134339094161987e-02,2.620478570461273193e-01,1.320826709270477295e-01,-2.186180502176284790e-01,8.424964547157287598e-01,4.923473298549652100e-01,0.000000000000000000e+00
-8.668685704469680786e-02,-1.770863533020019531e-01,-2.015102654695510864e-01,-3.193623423576354980e-01,-6.359918117523193359e-01,-7.025113105773925781e-01,0.000000000000000000e+00
2.138985991477966309e-01,-6.518886983394622803e-02,-2.140401601791381836e-01,6.631814837455749512e-01,-1.963218301534652710e-01,-7.222520709037780762e-01,0.000000000000000000e+00
1.159326732158660889e-01,-2.343720048666000366e-01,-1.188010945916175842e-01,2.942931056022644043e-01,-9.006129503250122070e-01,-3.198248147964477539e-01,0.000000000000000000e+00
-1.082060188055038452e-01,1.425429433584213257e-01,2.352447807788848877e-01,-4.946683645248413086e-01,3.329210877418518066e-01,8.027868866920471191e-01,0.000000000000000000e+00
1.532506793737411499e-01,-1.959652900695800781e-01,-1.632544845342636108e-01,4.825045466423034668e-01,-7.139758467674255371e-01,-5.073734521865844727e-01,0.000000000000000000e+00
2.194507420063018799e-01,2.032968550920486450e-01,7.429006043821573257e-03,6.817747354507446289e-01,7.139117717742919922e-01,1.597284078598022461e-01,0.000000000000000000e+00
-1.319742202758789062e-01,-2.271518409252166748e-01,-7.032459229230880737e-02,-5.146791934967041016e-01,-8.452302217483520508e-01,-1.438444405794143677e-01,0.000000000000000000e+00
2.078343629837036133e-01,-1.868195533752441406e-01,5.180045962333679199e-02,7.584316730499267578e-01,-6.240601539611816406e-01,1.879636347293853760e-01,0.000000000000000000e+00
-5.033595487475395203e-02,-2.232354581356048584e-01,-1.619130969047546387e-01,-2.705881893634796143e-01,-8.336489200592041016e-01,-4.814680218696594238e-01,0.000000000000000000e+00
6.690376251935958862e-02,-2.292400002479553223e-01,1.669338643550872803e-01,1.541704535484313965e-01,-9.028214216232299805e-01,4.014286398887634277e-01,0.000000000000000000e+00
2.152913659811019897e-01,2.004340142011642456e-01,3.926737606525421143e-02,5.687704682350158691e-01,7.897241711616516113e-01,2.298605293035507202e-01,0.000000000000000000e+00
4.161015152931213379e-02,7.321976870298385620e-02,2.777819931507110596e-01,2.598339915275573730e-01,3.367666006088256836e-01,9.050273895263671875e-01,0.000000000000000000e+00
7.406672835350036621e-02,-8.390954136848449707e-02,2.785622179508209229e-01,3.574869930744171143e-01,-2.897723577916622162e-02,9.334684610366821289e-01,0.000000000000000000e+00
1.342094540596008301e-01,-2.440339624881744385e-01,5.805467721074819565e-03,4.670875072479248047e-01,-8.838416934013366699e-01,-2.555594779551029205e-02,0.000000000000000000e+00
-6.469585746526718140e-02,-2.292210012674331665e-01,1.528983265161514282e-01,-3.425410687923431396e-01,-8.787007927894592285e-01,3.324913680553436279e-01,0.000000000000000000e+00
1.000887826085090637e-01,-1.043346971273422241e-01,2.638856768608093262e-01,4.663273096084594727e-01,-2.709518969058990479e-01,8.420949578285217285e-01,0.000000000000000000e+00
-1.899006217718124390e-01,2.076049894094467163e-01,1.032519638538360596e-01,-7.308152914047241211e-01,5.563340187072753906e-01,3.954763412475585938e-01,0.000000000000000000e+00
-1.899644881486892700e-01,-1.628873497247695923e-01,-1.206628307700157166e-01,-5.984593629837036133e-01,-7.125905752182006836e-01,-3.661434650421142578e-01,0.000000000000000000e+00
-6.862983107566833496e-02,-1.608168929815292358e-01,2.388371378183364868e-01,-3.554071784019470215e-01,-5.554602146148681641e-01,7.517644166946411133e-01,0.000000000000000000e+00
2.644379138946533203e-01,-8.425921946763992310e-02,8.865945786237716675e-02,9.058020710945129395e-01,-3.624532222747802734e-01,2.194317728281021118e-01,0.000000000000000000e+00
-2.535813450813293457e-01,-8.269899524748325348e-03,-1.330638676881790161e-01,-8.988733291625976562e-01,-1.321612298488616943e-01,-4.178039431571960449e-01,0.000000000000000000e+00
-1.461828593164682388e-02,1.111464202404022217e-02,-2.811699807643890381e-01,-1.529075354337692261e-01,2.559009194374084473e-01,-9.545333981513977051e-01,0.000000000000000000e+00
-7.313053309917449951e-02,-2.591239511966705322e-01,-1.557749044150114059e-02,-1.954796016216278076e-01,-9.749228358268737793e-01,-1.063635274767875671e-01,0.000000000000000000e+00
-1.706542223691940308e-01,2.530878782272338867e-01,2.932314760982990265e-02,-5.801013112068176270e-01,7.888634204864501953e-01,2.029211372137069702e-01,0.000000000000000000e+00
1.202023252844810486e-01,-2.270756363868713379e-01,-1.338719427585601807e-01,3.283856213092803955e-01,-8.768549561500549316e-01,-3.511242866516113281e-01,0.000000000000000000e+00
1.850982010364532471e-01,-5.538601800799369812e-02,-2.409144788980484009e-01,6.467350721359252930e-01,-2.881221473217010498e-01,-7.062006592750549316e-01,0.000000000000000000e+00
4.426022246479988098e-02,-2.419533133506774902e-01,1.536379754543304443e-01,1.432969272136688232e-01,-9.466103315353393555e-01,2.887816429138183594e-01,0.000000000000000000e+00
-9.584002196788787842e-02,-2.518331408500671387e-01,-1.087179500609636307e-02,-3.814511299133300781e-01,-9.243131279945373535e-01,-1.184164267033338547e-02,0.000000000000000000e+00
1.314583122730255127e-01,-1.471083164215087891e-01,-2.267177402973175049e-01,3.566565215587615967e-01,-5.203104019165039062e-01,-7.759337425231933594e-01,0.000000000000000000e+00
6.884599477052688599e-02,-2.685648500919342041e-01,1.119637861847877502e-02,1.839014440774917603e-01,-9.823471903800964355e-01,-3.426799923181533813e-02,0.000000000000000000e+00
5.067651718854904175e-02,3.022436611354351044e-02,-2.783123552799224854e-01,-2.727449871599674225e-02,4.413371086120605469e-01,-8.969268202781677246e-01,0.000000000000000000e+00
2.391384840011596680e-01,-1.582367569208145142e-01,-1.959438435733318329e-02,7.916456460952758789e-01,-6.108559370040893555e-01,1.233898475766181946e-02,0.000000000000000000e+00
-2.031093388795852661e-01,2.176921665668487549e-01,5.332674831151962280e-02,-7.417194843292236328e-01,6.203945279121398926e-01,2.548779547214508057e-01,0.000000000000000000e+00
-2.382504045963287354e-01,1.652161777019500732e-01,-7.074610888957977295e-02,-8.653671741485595703e-01,4.118311107158660889e-01,-2.855429649353027344e-01,0.000000000000000000e+00
2.891314923763275146e-01,-5.267924070358276367e-02,-3.604536131024360657e-02,9.566688537597656250e-01,-2.790969014167785645e-01,-8.300395309925079346e-02,0.000000000000000000e+00
-7.600145787000656128e-02,1.080530416220426559e-02,2.794830203056335449e-01,-2.792215943336486816e-01,-3.930281475186347961e-02,9.594219923019409180e-01,0.000000000000000000e+00
-2.257952541112899780e-01,-2.332907170057296753e-02,1.567399054765701294e-01,-8.208697438240051270e-01,-7.442569825798273087e-03,5.710669755935668945e-01,0.000000000000000000e+00
-1.370555907487869263e-01,2.525896430015563965e-01,9.720245748758316040e-02,-3.972178399562835693e-01,8.076812624931335449e-01,4.357395172119140625e-01,0.000000000000000000e+00
1.759319752454757690e-01,-1.532026380300521851e-01,1.656343936920166016e-01,6.514797210693359375e-01,-5.187097191810607910e-01,5.536374449729919434e-01,0.000000000000000000e+00
-1.605947613716125488e-01,1.811477541923522949e-01,1.731061339378356934e-01,-5.756258964538574219e-01,5.836656689643859863e-01,5.727034211158752441e-01,0.000000000000000000e+00
-4.674641042947769165e-02,1.089084595441818237e-01,-2.037440687417984009e-01,4.905613958835601807e-01,6.580125689506530762e-01,-5.712871551513671875e-01,0.000000000000000000e+00
-2.645325958728790283e-01,-6.121430173516273499e-02,7.060819771140813828e-03,-9.576738476753234863e-01,-2.525185048580169678e-01,1.381852477788925171e-01,0.000000000000000000e+00
3.423438221216201782e-02,-2.502987384796142578e-01,-1.234556958079338074e-01,1.402154862880706787e-01,-9.328324198722839355e-01,-3.319085240364074707e-01,0.000000000000000000e+00
6.747903674840927124e-02,-2.629028856754302979e-01,6.547043472528457642e-02,1.471568048000335693e-01,-9.384155273437500000e-01,3.126037716865539551e-01,0.000000000000000000e+00
-1.152139678597450256e-01,-2.670459076762199402e-02,-2.616806626319885254e-01,-3.097708821296691895e-01,-1.382842659950256348e-01,-9.407016038894653320e-01,0.000000000000000000e+00
-1.091311722993850708e-01,2.832915782928466797e-01,-4.006971046328544617e-02,-3.140482604503631592e-01,9.367680549621582031e-01,-1.543997228145599365e-01,0.000000000000000000e+00
-4.983759298920631409e-02,2.110950462520122528e-02,-2.738518118858337402e-01,-8.849434554576873779e-02,3.500744402408599854e-01,-9.325323700904846191e-01,0.000000000000000000e+00
5.531261488795280457e-02,2.281235009431838989e-01,-8.910030126571655273e-02,5.077617242932319641e-03,9.281333088874816895e-01,-3.722134232521057129e-01,0.000000000000000000e+00
2.804208993911743164e-01,2.871422842144966125e-02,-1.243151724338531494e-01,9.361771941184997559e-01,5.245291814208030701e-02,-3.475930094718933105e-01,0.000000000000000000e+00
1.186518594622612000e-01,-1.650389730930328369e-01,2.119494080543518066e-01,5.604072213172912598e-01,-5.348004102706909180e-01,6.324019432067871094e-01,0.000000000000000000e+00
-8.685295283794403076e-02,-2.496470659971237183e-01,-5.757765471935272217e-02,-1.388773322105407715e-01,-9.530960321426391602e-01,-2.689257264137268066e-01,0.000000000000000000e+00
-1.378340572118759155e-01,-2.122210115194320679e-01,1.044437736272811890e-01,-5.449026823043823242e-01,-7.844541668891906738e-01,2.961633503437042236e-01,0.000000000000000000e+00
4.759990796446800232e-02,2.737710475921630859e-01,6.085973698645830154e-03,4.986135065555572510e-01,8.666479587554931641e-01,1.749123074114322662e-02,0.000000000000000000e+00
4.116388037800788879e-02,2.680279314517974854e-01,6.892142444849014282e-02,4.249631762504577637e-01,8.632898330688476562e-01,2.722810804843902588e-01,0.000000000000000000e+00
-1.816297918558120728e-01,2.256352156400680542e-01,-1.001423373818397522e-01,-6.026164889335632324e-01,6.652786731719970703e-01,-4.407466351985931396e-01,0.000000000000000000e+00
-1.237565930932760239e-02,-2.685574889183044434e-01,6.004635244607925415e-02,-1.082531213760375977e-01,-9.873695373535156250e-01,1.156835108995437622e-01,0.000000000000000000e+00
1.613301634788513184e-01,-2.133744508028030396e-01,9.547030180692672729e-02,4.991382658481597900e-01,-7.743942141532897949e-01,3.888117671012878418e-01,0.000000000000000000e+00
2.950758337974548340e-01,-3.197709843516349792e-02,1.610443927347660065e-02,9.458858966827392578e-01,-3.229153454303741455e-01,3.202389925718307495e-02,0.000000000000000000e+00
2.681206166744232178e-01,1.452834010124206543e-01,7.778566796332597733e-04,8.092685937881469727e-01,5.833501219749450684e-01,6.918801367282867432e-02,0.000000000000000000e+00
4.709292948246002197e-02,6.838643550872802734e-02,2.774086296558380127e-01,3.078951835632324219e-01,2.486044168472290039e-01,9.183661341667175293e-01,0.000000000000000000e+00
1.048291008919477463e-02,1.055686771869659424e-01,-2.086258083581924438e-01,2.065836489200592041e-01,-2.939957380294799805e-01,-9.332147240638732910e-01,0.000000000000000000e+00
2.456774115562438965e-01,1.648349463939666748e-01,5.295382440090179443e-02,7.902027964591979980e-01,5.527389645576477051e-01,2.646870017051696777e-01,0.000000000000000000e+00
-2.195707112550735474e-01,1.956699192523956299e-01,-7.293366640806198120e-02,-7.680776715278625488e-01,6.074978113174438477e-01,-2.024920433759689331e-01,0.000000000000000000e+00
2.011021226644515991e-01,1.860688775777816772e-01,-1.206607148051261902e-01,5.559008121490478516e-01,7.529166340827941895e-01,-3.522652685642242432e-01,0.000000000000000000e+00
-2.586605548858642578e-01,-5.223116837441921234e-03,8.893613517284393311e-02,-9.485600590705871582e-01,-1.264610439538955688e-01,2.902436852455139160e-01,0.000000000000000000e+00
-2.731762528419494629e-01,8.005451411008834839e-02,-1.564037241041660309e-02,-9.843497872352600098e-01,1.735609173774719238e-01,3.053045831620693207e-02,0.000000000000000000e+00
-9.683357179164886475e-02,1.893316954374313354e-01,2.121183127164840698e-01,-1.737196445465087891e-01,5.761262178421020508e-01,7.986864447593688965e-01,0.000000000000000000e+00
2.774183154106140137e-01,-7.212615758180618286e-02,5.987294018268585205e-02,9.307555556297302246e-01,-2.969897389411926270e-01,2.132865339517593384e-01,0.000000000000000000e+00
-2.421589940786361694e-01,3.111631423234939575e-02,1.305068880319595337e-01,-9.193582534790039062e-01,5.366232618689537048e-02,3.897445499897003174e-01,0.000000000000000000e+00
2.706686854362487793e-01,7.382626831531524658e-02,1.125202924013137817e-01,9.071824550628662109e-01,1.955484896898269653e-01,3.725329339504241943e-01,0.000000000000000000e+00
-1.849308013916015625e-01,-1.617743372917175293e-01,-1.320801228284835815e-01,-6.652327179908752441e-01,-6.673811674118041992e-01,-3.347653746604919434e-01,0.000000000000000000e+00
-1.710507571697235107e-01,2.556217014789581299e-01,1.446411944925785065e-02,-5.749079585075378418e-01,8.083240389823913574e-01,1.268582940101623535e-01,0.000000000000000000e+00
8.639427833259105682e-03,2.771854698657989502e-01,8.445692062377929688e-02,2.906232774257659912e-01,8.991110324859619141e-01,3.273186385631561279e-01,0.000000000000000000e+00
-9.722497314214706421e-02,-2.501877844333648682e-01,4.198914766311645508e-02,-4.211994409561157227e-01,-9.007289409637451172e-01,1.061997190117835999e-01,0.000000000000000000e+00
-1.070259585976600647e-01,-2.252386212348937988e-01,1.176037937402725220e-01,-4.974935650825500488e-01,-8.167702555656433105e-01,2.922096252441406250e-01,0.000000000000000000e+00
-1.972506344318389893e-01,-1.708875745534896851e-01,6.247882544994354248e-02,-6.891419291496276855e-01,-7.064265012741088867e-01,1.613845378160476685e-01,0.000000000000000000e+00
6.416597217321395874e-02,1.650716066360473633e-01,2.148891240358352661e-01,6.520493030548095703e-01,4.751932024955749512e-01,5.907818078994750977e-01,0.000000000000000000e+00
7.915545254945755005e-02,2.286060750484466553e-01,8.433910459280014038e-02,6.757996082305908203e-01,6.930940151214599609e-01,2.508297860622406006e-01,0.000000000000000000e+00
1.332761906087398529e-02,-1.875088661909103394e-01,2.391116470098495483e-01,-3.181512281298637390e-02,-6.444730758666992188e-01,7.639648318290710449e-01,0.000000000000000000e+00
-1.682516783475875854e-01,1.300761476159095764e-02,2.285458892583847046e-01,-6.466270089149475098e-01,-2.058430947363376617e-02,7.625285983085632324e-01,0.000000000000000000e+00
3.413758799433708191e-02,-1.663608402013778687e-01,-2.392915636301040649e-01,4.089636355638504028e-02,-6.429317593574523926e-01,-7.648308873176574707e-01,0.000000000000000000e+00
-1.095596700906753540e-01,-2.402259856462478638e-01,-6.159315258264541626e-02,-3.721545934677124023e-01,-9.113492369651794434e-01,-1.759078800678253174e-01,0.000000000000000000e+00
1.950191557407379150e-01,2.180053293704986572e-01,-5.978768691420555115e-02,4.340654313564300537e-01,8.637409806251525879e-01,-2.560053169727325439e-01,0.000000000000000000e+00
-1.112681180238723755e-01,1.487993299961090088e-01,-1.985340118408203125e-01,2.655694261193275452e-03,5.109386444091796875e-01,-8.596131205558776855e-01,0.000000000000000000e+00
2.284982651472091675e-01,1.089515388011932373e-01,-1.748415082693099976e-01,7.192868590354919434e-01,3.387501537799835205e-01,-6.065267920494079590e-01,0.000000000000000000e+00
9.721462428569793701e-02,-1.586387306451797485e-01,2.342460304498672485e-01,5.050454139709472656e-01,-5.310832262039184570e-01,6.803526878356933594e-01,0.000000000000000000e+00
-1.279059350490570068e-01,-1.407686322927474976e-01,2.104128897190093994e-01,-5.965124964714050293e-01,-4.299669265747070312e-01,6.777176856994628906e-01,0.000000000000000000e+00
-1.227473746985197067e-02,-1.084554493427276611e-01,-2.703914046287536621e-01,-1.959089189767837524e-01,-4.260648488998413086e-01,-8.832261562347412109e-01,0.000000000000000000e+00
2.059077024459838867e-01,-1.182708069682121277e-01,1.606348305940628052e-01,6.531867384910583496e-01,-4.582187235355377197e-01,6.028122901916503906e-01,0.000000000000000000e+00
1.224212124943733215e-01,3.652781248092651367e-02,2.605748176574707031e-01,3.305388689041137695e-01,1.685797870159149170e-01,9.286144971847534180e-01,0.000000000000000000e+00
2.343413531780242920e-01,-1.630358695983886719e-01,1.320150028914213181e-02,8.042914867401123047e-01,-5.893408656120300293e-01,7.610850036144256592e-02,0.000000000000000000e+00
-1.437597870826721191e-01,4.810038581490516663e-02,2.450711429119110107e-01,-5.027222633361816406e-01,3.239369392395019531e-01,8.014581799507141113e-01,0.000000000000000000e+00
-9.472656995058059692e-02,-2.530936002731323242e-01,8.601727895438671112e-03,-3.482676446437835693e-01,-9.359845519065856934e-01,5.140584334731101990e-02,0.000000000000000000e+00
1.144990026950836182e-01,-1.094938665628433228e-01,-2.557584345340728760e-01,2.802492380142211914e-01,-4.415561556816101074e-01,-8.523429632186889648e-01,0.000000000000000000e+00
-1.510796248912811279e-01,3.267085924744606018e-02,-2.394800484180450439e-01,-4.160655140876770020e-01,1.181988939642906189e-01,-9.016199111938476562e-01,0.000000000000000000e+00
-1.390454918146133423e-01,2.692797780036926270e-01,3.799128532409667969e-02,-4.628803133964538574e-01,8.375527262687683105e-01,2.902536988258361816e-01,0.000000000000000000e+00
3.201169520616531372e-02,-2.140390127897262573e-01,2.071999460458755493e-01,4.618250206112861633e-02,-7.653567194938659668e-01,6.419472098350524902e-01,0.000000000000000000e+00
1.395071018487215042e-02,-2.379255294799804688e-01,-1.547148376703262329e-01,5.021502450108528137e-02,-9.267783164978027344e-01,-3.722370564937591553e-01,0.000000000000000000e+00
1.455652266740798950e-01,1.215384379029273987e-01,2.174208611249923706e-01,2.832873463630676270e-01,5.715953707695007324e-01,7.700824737548828125e-01,0.000000000000000000e+00
-1.841246932744979858e-01,-1.675618998706340790e-02,2.113045006990432739e-01,-6.909871101379394531e-01,-3.541206568479537964e-02,7.219991683959960938e-01,0.000000000000000000e+00
1.914231181144714355e-01,1.644923686981201172e-01,-1.629875749349594116e-01,4.905203878879547119e-01,6.308697462081909180e-01,-6.011598110198974609e-01,0.000000000000000000e+00
-1.158774867653846741e-01,-6.249000132083892822e-02,2.533742487430572510e-01,-4.725465774536132812e-01,-1.602730304002761841e-01,8.666096329689025879e-01,0.000000000000000000e+00
-1.471019834280014038e-01,-2.165400236845016479e-01,7.235204428434371948e-02,-6.393992304801940918e-01,-7.260114550590515137e-01,2.531324625015258789e-01,0.000000000000000000e+00
1.167528033256530762e-01,-1.194093823432922363e-01,-2.501551210880279541e-01,3.325419425964355469e-01,-2.823438644409179688e-01,-8.998320698738098145e-01,0.000000000000000000e+00
1.328288199147209525e-04,-2.611829340457916260e-01,9.460989385843276978e-02,-5.264575034379959106e-02,-9.833340644836425781e-01,1.740186661481857300e-01,0.000000000000000000e+00
1.080685388296842575e-02,1.022645309567451477e-01,-2.079771012067794800e-01,2.793463766574859619e-01,-1.417809873819351196e-01,-9.496650695800781250e-01,0.000000000000000000e+00
-7.099370658397674561e-02,5.701432749629020691e-02,-2.544587552547454834e-01,-3.641603514552116394e-02,4.824240803718566895e-01,-8.751804828643798828e-01,0.000000000000000000e+00
-2.212203294038772583e-01,-2.449371665716171265e-02,1.633467376232147217e-01,-7.983011007308959961e-01,-1.294504404067993164e-01,5.881818532943725586e-01,0.000000000000000000e+00
5.259922891855239868e-02,-2.435148060321807861e-01,1.440486758947372437e-01,2.169950753450393677e-01,-9.385228753089904785e-01,2.684919834136962891e-01,0.000000000000000000e+00
1.935079991817474365e-01,-6.391176581382751465e-02,2.076898217201232910e-01,5.577166676521301270e-01,-2.494894117116928101e-01,7.916483879089355469e-01,0.000000000000000000e+00
2.532573044300079346e-01,1.470691114664077759e-01,-9.484633058309555054e-02,7.769832015037536621e-01,5.649862885475158691e-01,-2.776464223861694336e-01,0.000000000000000000e+00
-2.033678144216537476e-01,-1.754845976829528809e-01,1.887450343929231167e-03,-7.652358412742614746e-01,-6.434787511825561523e-01,1.868836581707000732e-02,0.000000000000000000e+00
-8.270385116338729858e-02,-2.243071198463439941e-01,-1.375820040702819824e-01,-3.524615764617919922e-01,-8.260378241539001465e-01,-4.398094117641448975e-01,0.000000000000000000e+00
-2.654971480369567871e-01,-1.373359933495521545e-03,-1.039469987154006958e-01,-9.544642567634582520e-01,-9.182860702276229858e-02,-2.838405072689056396e-01,0.000000000000000000e+00
-5.025344714522361755e-02,2.560542225837707520e-01,1.497844010591506958e-01,-7.055393606424331665e-02,8.111745715141296387e-01,5.805324316024780273e-01,0.000000000000000000e+00
1.209665760397911072e-01,-2.509127557277679443e-01,1.090560108423233032e-02,4.146983921527862549e-01,-9.099351167678833008e-01,6.578728556632995605e-03,0.000000000000000000e+00
2.696526646614074707e-01,3.341683372855186462e-02,-1.461854875087738037e-01,8.924485445022583008e-01,4.161804541945457458e-02,-4.492254853248596191e-01,0.000000000000000000e+00
9.191224724054336548e-02,-2.333534806966781616e-01,-1.409200578927993774e-01,2.893747091293334961e-01,-8.668431639671325684e-01,-4.060113131999969482e-01,0.000000000000000000e+00
2.144111245870590210e-01,-1.082313954830169678e-01,1.594581753015518188e-01,7.056292891502380371e-01,-4.912903308868408203e-01,5.106085538864135742e-01,0.000000000000000000e+00
-1.418801248073577881e-01,-2.205439358949661255e-01,-7.355283945798873901e-02,-5.236716866493225098e-01,-8.403720855712890625e-01,-1.397951841354370117e-01,0.000000000000000000e+00
-1.091294270008802414e-02,-1.517959982156753540e-01,2.641237378120422363e-01,-4.439179599285125732e-02,-5.177727341651916504e-01,8.543657064437866211e-01,0.000000000000000000e+00
3.125843405723571777e-02,1.154989451169967651e-01,-1.857080459594726562e-01,8.706237077713012695e-01,4.714710116386413574e-01,-1.404615491628646851e-01,0.000000000000000000e+00
5.412822589278221130e-02,2.046817839145660400e-01,1.849464625120162964e-01,4.745528697967529297e-01,7.111030817031860352e-01,5.187793374061584473e-01,0.000000000000000000e+00
-1.581981331110000610e-01,-1.661149412393569946e-01,-1.599504649639129639e-01,-5.387002229690551758e-01,-6.586885452270507812e-01,-5.252918004989624023e-01,0.000000000000000000e+00
-2.104719169437885284e-03,7.530944049358367920e-02,-2.331407070159912109e-01,2.563034184277057648e-02,8.844037652015686035e-01,-4.660183191299438477e-01,0.000000000000000000e+00
-1.542962342500686646e-01,8.205189555883407593e-02,2.306412905454635620e-01,-5.702840685844421387e-01,1.707948148250579834e-01,8.034955859184265137e-01,0.000000000000000000e+00
2.654267847537994385e-01,-1.677415519952774048e-02,-1.531685441732406616e-01,8.829356431961059570e-01,-9.724213182926177979e-02,-4.593131542205810547e-01,0.000000000000000000e+00
1.955770850181579590e-01,-1.563577651977539062e-01,1.354444772005081177e-01,6.607699990272521973e-01,-6.009074449539184570e-01,4.497702121734619141e-01,0.000000000000000000e+00
5.922205373644828796e-02,2.226784080266952515e-01,-1.074779182672500610e-01,-3.887937366962432861e-01,8.875488042831420898e-01,-2.471772134304046631e-01,0.000000000000000000e+00
-2.405284792184829712e-01,4.665449261665344238e-02,1.313260644674301147e-01,-8.935055136680603027e-01,9.855435043573379517e-02,4.381037652492523193e-01,0.000000000000000000e+00
-1.965179592370986938e-01,-1.609879136085510254e-01,9.173099696636199951e-02,-7.396491169929504395e-01,-5.590099692344665527e-01,3.747360110282897949e-01,0.000000000000000000e+00
-2.013701349496841431e-01,-1.099089533090591431e-01,-1.662324219942092896e-01,-7.070978879928588867e-01,-5.058341026306152344e-01,-4.941097497940063477e-01,0.000000000000000000e+00
4.215594008564949036e-02,2.317193895578384399e-01,-9.653417766094207764e-02,7.941581606864929199e-01,3.633303940296173096e-01,-4.871383905410766602e-01,0.000000000000000000e+00
-2.041759043931961060e-01,-1.741073727607727051e-01,1.499178353697061539e-02,-7.226303219795227051e-01,-6.910185813903808594e-01,-1.728240400552749634e-02,0.000000000000000000e+00
-1.263854950666427612e-01,-1.247859969735145569e-01,2.221181094646453857e-01,-5.863446593284606934e-01,-3.779155611991882324e-01,7.165052294731140137e-01,0.000000000000000000e+00
2.366099953651428223e-01,-1.294842660427093506e-01,-1.432918459177017212e-01,8.398124575614929199e-01,-4.298848211765289307e-01,-3.315328955650329590e-01,0.000000000000000000e+00
4.120561853051185608e-02,-2.736063301563262939e-01,1.681105233728885651e-02,9.829221665859222412e-02,-9.922782182693481445e-01,7.564779371023178101e-02,0.000000000000000000e+00
-1.911145597696304321e-01,-1.189365312457084656e-01,-1.716214120388031006e-01,-6.806595325469970703e-01,-4.658226668834686279e-01,-5.654307007789611816e-01,0.000000000000000000e+00
9.592635929584503174e-02,1.162939071655273438e-01,2.254883050918579102e-01,-1.542504280805587769e-01,6.200285553932189941e-01,7.692667841911315918e-01,0.000000000000000000e+00
1.688325554132461548e-01,-2.040709257125854492e-01,-1.300256997346878052e-01,5.985081195831298828e-01,-7.577992081642150879e-01,-2.598621547222137451e-01,0.000000000000000000e+00
-2.786893844604492188e-01,6.818483583629131317e-03,-4.288560152053833008e-02,-9.863377809524536133e-01,-6.118759140372276306e-02,-1.529506444931030273e-01,0.000000000000000000e+00
1.945161074399948120e-01,1.458765473216772079e-03,2.247183769941329956e-01,6.323256492614746094e-01,-7.637563347816467285e-02,7.709286808967590332e-01,0.000000000000000000e+00
-2.690740525722503662e-01,8.999882638454437256e-02,1.609197258949279785e-02,-9.744732975959777832e-01,1.455108970403671265e-01,1.709631234407424927e-01,0.000000000000000000e+00
-7.504919916391372681e-02,2.035004049539566040e-01,2.092549651861190796e-01,-2.466391324996948242e-01,6.549212932586669922e-01,7.143158912658691406e-01,0.000000000000000000e+00
-1.467897742986679077e-01,2.397720366716384888e-01,1.129893139004707336e-01,-5.579062104225158691e-01,6.890568733215332031e-01,4.625378847122192383e-01,0.000000000000000000e+00
3.721684683114290237e-03,-2.474927157163619995e-01,1.428774744272232056e-01,-1.954746991395950317e-01,-9.431704878807067871e-01,2.687360644340515137e-01,0.000000000000000000e+00
1.859853565692901611e-01,-1.294691413640975952e-01,-2.069569230079650879e-01,5.684327483177185059e-01,-4.717766642570495605e-01,-6.740259528160095215e-01,0.000000000000000000e+00
1.261586397886276245e-01,-2.483078390359878540e-01,1.845387555658817291e-02,4.431587159633636475e-01,-8.956406712532043457e-01,3.792204335331916809e-02,0.000000000000000000e+00
2.308442629873752594e-02,1.493290513753890991e-01,-1.501158028841018677e-01,-5.710695385932922363e-01,1.720729321241378784e-01,-8.026645779609680176e-01,0.000000000000000000e+00
-1.485967934131622314e-01,2.173846065998077393e-01,-1.383601576089859009e-01,-3.337504565715789795e-01,6.825246810913085938e-01,-6.502081751823425293e-01,0.000000000000000000e+00
7.229024171829223633e-02,9.277366101741790771e-02,2.504152059555053711e-01,7.185154557228088379e-01,2.318535596132278442e-01,6.557281613349914551e-01,0.000000000000000000e+00
1.674237549304962158e-01,9.967392683029174805e-02,-2.267028689384460449e-01,2.695150971412658691e-01,4.611903727054595947e-01,-8.453786373138427734e-01,0.000000000000000000e+00
7.974735647439956665e-02,-1.747231334447860718e-01,2.314438521862030029e-01,4.362852275371551514e-01,-5.679385662078857422e-01,6.979262232780456543e-01,0.000000000000000000e+00
-1.667574346065521240e-01,-1.707934290170669556e-01,-1.460362672805786133e-01,-5.221992731094360352e-01,-6.575221419334411621e-01,-5.431137681007385254e-01,0.000000000000000000e+00
1.604621112346649170e-01,2.317160516977310181e-01,-7.271863520145416260e-02,3.051190674304962158e-01,9.158210158348083496e-01,-2.611019611358642578e-01,0.000000000000000000e+00
-2.434949278831481934e-01,-1.165607720613479614e-01,5.115361884236335754e-03,-9.021335244178771973e-01,-4.285478889942169189e-01,5.001759156584739685e-02,0.000000000000000000e+00
9.423714876174926758e-02,-2.620641291141510010e-01,1.445100642740726471e-02,4.479455351829528809e-01,-8.907142281532287598e-01,7.728512585163116455e-02,0.000000000000000000e+00
-6.263639777898788452e-02,-1.095916852355003357e-01,2.683716118335723877e-01,-2.912278175354003906e-01,-3.089402914047241211e-01,9.053961634635925293e-01,0.000000000000000000e+00
-1.592876166105270386e-01,-2.147600948810577393e-01,-4.270416125655174255e-02,-5.406748056411743164e-01,-8.109098076820373535e-01,-2.238215059041976929e-01,0.000000000000000000e+00
-1.517410576343536377e-01,-1.493115276098251343e-01,1.781537532806396484e-01,-5.987869501113891602e-01,-5.973255634307861328e-01,5.335319638252258301e-01,0.000000000000000000e+00
-7.065452635288238525e-03,2.074839174747467041e-01,2.124915122985839844e-01,1.758719682693481445e-01,6.835892200469970703e-01,7.083606719970703125e-01,0.000000000000000000e+00
-1.317891776561737061e-01,-1.042682230472564697e-01,-2.321962267160415649e-01,-5.208876132965087891e-01,-5.000369548797607422e-01,-6.918374896049499512e-01,0.000000000000000000e+00
-2.495135366916656494e-01,-1.036591380834579468e-01,1.395457331091165543e-02,-9.257801175117492676e-01,-3.357532024383544922e-01,1.737843751907348633e-01,0.000000000000000000e+00
1.439281087368726730e-02,2.436300516128540039e-01,-1.104332879185676575e-01,4.048030376434326172e-01,6.654256582260131836e-01,-6.271708011627197266e-01,0.000000000000000000e+00
1.918473094701766968e-01,-1.819256842136383057e-01,-1.413177549839019775e-01,5.548570156097412109e-01,-7.505919337272644043e-01,-3.588111102581024170e-01,0.000000000000000000e+00
-1.605925261974334717e-01,-6.213014572858810425e-02,2.225532680749893188e-01,-6.487164497375488281e-01,-3.550340831279754639e-01,6.731402277946472168e-01,0.000000000000000000e+00
-4.608232155442237854e-02,2.606939673423767090e-01,-1.099389046430587769e-01,3.520144894719123840e-02,8.102929592132568359e-01,-5.849667787551879883e-01,0.000000000000000000e+00
-2.511797547340393066e-01,1.531459540128707886e-01,6.323031615465879440e-03,-9.066606163978576660e-01,4.080579876899719238e-01,1.070291027426719666e-01,0.000000000000000000e+00
-2.369609922170639038e-01,1.634938567876815796e-01,5.418301001191139221e-02,-8.291662931442260742e-01,4.947661161422729492e-01,2.601726055145263672e-01,0.000000000000000000e+00
-2.423473894596099854e-01,-1.043810099363327026e-01,-9.170800447463989258e-02,-8.525789380073547363e-01,-4.343915581703186035e-01,-2.905393838882446289e-01,0.000000000000000000e+00
-1.884544342756271362e-01,2.405382245779037476e-01,-4.853167757391929626e-02,-7.182296514511108398e-01,6.710318922996520996e-01,-1.840172857046127319e-01,0.000000000000000000e+00
2.984895706176757812e-01,-5.403236486017704010e-03,1.699563302099704742e-02,9.900365471839904785e-01,-1.407944113016128540e-01,2.150784479454159737e-03,0.000000000000000000e+00
1.690809279680252075e-01,1.868478506803512573e-01,-1.512512713670730591e-01,3.428131341934204102e-01,7.783499360084533691e-01,-5.259758234024047852e-01,0.000000000000000000e+00
-2.131950259208679199e-01,-5.083367228507995605e-02,1.664550751447677612e-01,-8.650207519531250000e-01,-1.677367389202117920e-01,4.728672802448272705e-01,0.000000000000000000e+00
2.943317592144012451e-01,-1.602769456803798676e-02,5.266025662422180176e-02,9.676293730735778809e-01,-1.564588695764541626e-01,1.980251818895339966e-01,0.000000000000000000e+00
2.363127619028091431e-01,1.030236110091209412e-01,1.542030870914459229e-01,7.456587553024291992e-01,3.959835469722747803e-01,5.359011292457580566e-01,0.000000000000000000e+00
-1.157405674457550049e-01,2.835910618305206299e-01,-2.157549187541007996e-02,-2.685149312019348145e-01,9.574424028396606445e-01,-1.058478057384490967e-01,0.000000000000000000e+00
-1.994488388299942017e-01,1.354546993970870972e-01,1.579264700412750244e-01,-7.966811656951904297e-01,3.372879624366760254e-01,5.015336275100708008e-01,0.000000000000000000e+00
2.408880591392517090e-01,-1.496165543794631958e-01,4.384031146764755249e-02,8.108845353126525879e-01,-5.670794248580932617e-01,1.445240825414657593e-01,0.000000000000000000e+00
-2.759576737880706787e-01,6.373279541730880737e-02,-3.735740855336189270e-02,-9.887064099311828613e-01,1.364608705043792725e-01,-6.195206195116043091e-02,0.000000000000000000e+00
-2.554811537265777588e-01,5.979565158486366272e-02,9.745948016643524170e-02,-8.804394006729125977e-01,1.701911389827728271e-01,4.425624012947082520e-01,0.000000000000000000e+00
2.984415292739868164e-01,-3.990389406681060791e-03,2.724412083625793457e-02,9.862498641014099121e-01,-1.506451964378356934e-01,6.795062124729156494e-02,0.000000000000000000e+00
2.762202024459838867e-01,9.437156468629837036e-02,8.214633166790008545e-02,8.555932044982910156e-01,3.735095858573913574e-01,3.584004342555999756e-01,0.000000000000000000e+00
-4.060547053813934326e-02,-2.683747112751007080e-01,8.938998915255069733e-03,-1.594768911600112915e-01,-9.869856834411621094e-01,-2.064919471740722656e-02,0.000000000000000000e+00
-2.583486437797546387e-01,1.293017715215682983e-01,-4.684561863541603088e-02,-9.269834160804748535e-01,3.644303679466247559e-01,-8.883833140134811401e-02,0.000000000000000000e+00
2.388039678335189819e-01,-1.027742773294448853e-01,1.270230561494827271e-01,7.924105525016784668e-01,-4.737080037593841553e-01,3.842997550964355469e-01,0.000000000000000000e+00
-6.768829375505447388e-02,-2.572719156742095947e-01,-5.117744579911231995e-02,-4.492946565151214600e-01,-8.875430822372436523e-01,-1.019880622625350952e-01,0.000000000000000000e+00
-2.560896277427673340e-01,1.276380866765975952e-01,4.059779644012451172e-02,-9.379746317863464355e-01,3.172534108161926270e-01,1.398350894451141357e-01,0.000000000000000000e+00
-1.063542906194925308e-02,6.589413434267044067e-02,2.868321537971496582e-01,-9.034521132707595825e-02,2.865985631942749023e-01,9.537814259529113770e-01,0.000000000000000000e+00
6.178682297468185425e-02,-1.416227687150239944e-02,2.812837362289428711e-01,2.639218866825103760e-01,8.898954093456268311e-02,9.604301452636718750e-01,0.000000000000000000e+00
9.291259944438934326e-02,-8.956502377986907959e-02,-2.713150382041931152e-01,1.160649061203002930e-01,-2.539513111114501953e-01,-9.602279067039489746e-01,0.000000000000000000e+00
4.600594565272331238e-02,7.927390187978744507e-02,-2.399375587701797485e-01,-2.404879182577133179e-01,7.742235064506530762e-01,-5.854430198669433594e-01,0.000000000000000000e+00
2.911036312580108643e-01,-1.034398749470710754e-02,6.790551543235778809e-02,9.665930867195129395e-01,-1.484432443976402283e-02,2.558856010437011719e-01,0.000000000000000000e+00
1.440394967794418335e-01,-2.238186597824096680e-01,-1.116631031036376953e-01,4.283136129379272461e-01,-8.636484146118164062e-01,-2.658173739910125732e-01,0.000000000000000000e+00
9.809478372335433960e-02,-1.611067205667495728e-01,2.318024933338165283e-01,4.801643788814544678e-01,-5.771310329437255859e-01,6.605769395828247070e-01,0.000000000000000000e+00
2.128761261701583862e-01,1.859344989061355591e-01,8.321580290794372559e-02,5.447276830673217773e-01,7.638478875160217285e-01,3.461332023143768311e-01,0.000000000000000000e+00
2.848217785358428955e-01,1.130866333842277527e-01,2.997654955834150314e-03,9.300576448440551758e-01,3.669877052307128906e-01,1.768582500517368317e-02,0.000000000000000000e+00
6.633082032203674316e-02,7.399263978004455566e-02,2.622554600238800049e-01,5.539256334304809570e-01,1.826793253421783447e-01,8.122774362564086914e-01,0.000000000000000000e+00
2.784796953201293945e-01,3.031972423195838928e-02,1.105844229459762573e-01,9.389901757240295410e-01,2.793371863663196564e-02,3.428077101707458496e-01,0.000000000000000000e+00
2.144030332565307617e-01,-1.696201860904693604e-01,8.027370274066925049e-02,7.122165560722351074e-01,-6.338441967964172363e-01,3.016439676284790039e-01,0.000000000000000000e+00
1.749614030122756958e-01,-1.243875026702880859e-01,1.905071735382080078e-01,7.297074794769287109e-01,-3.725201189517974854e-01,5.733722448348999023e-01,0.000000000000000000e+00
2.461042404174804688e-01,-1.453749388456344604e-01,2.012884430587291718e-02,8.320752978324890137e-01,-5.537742376327514648e-01,3.138083219528198242e-02,0.000000000000000000e+00
2.293722704052925110e-02,-2.719390094280242920e-01,-3.650081530213356018e-02,1.099324524402618408e-01,-9.893103241920471191e-01,-9.581183642148971558e-02,0.000000000000000000e+00
1.529545485973358154e-01,-7.455431669950485229e-02,-2.537603676319122314e-01,4.364471733570098877e-01,-2.765579521656036377e-01,-8.561714887619018555e-01,0.000000000000000000e+00
1.559806168079376221e-01,-2.242585271596908569e-01,7.520571351051330566e-02,4.548293650150299072e-01,-8.817995786666870117e-01,1.247386410832405090e-01,0.000000000000000000e+00
-1.519719809293746948e-01,-2.231611013412475586e-01,2.512493170797824860e-02,-4.055780470371246338e-01,-9.035195112228393555e-01,1.384158134460449219e-01,0.000000000000000000e+00
2.249872088432312012e-01,-1.734404265880584717e-01,1.457756664603948593e-02,7.396128773689270020e-01,-6.723676919937133789e-01,2.990771830081939697e-02,0.000000000000000000e+00
1.463374122977256775e-03,-2.620885670185089111e-01,8.989496529102325439e-02,-5.264575034379959106e-02,-9.833340644836425781e-01,1.740186661481857300e-01,0.000000000000000000e+00
3.169599175453186035e-02,1.769493669271469116e-01,2.281106412410736084e-01,3.165029585361480713e-01,5.966604351997375488e-01,7.374430298805236816e-01,0.000000000000000000e+00
2.023294568061828613e-01,-2.001366615295410156e-01,-4.056913405656814575e-02,6.080921292304992676e-01,-7.899027466773986816e-01,-7.923123985528945923e-02,0.000000000000000000e+00
1.111000496894121170e-02,-2.687989175319671631e-01,6.723054498434066772e-02,-7.109867781400680542e-02,-9.521174430847167969e-01,2.973505854606628418e-01,0.000000000000000000e+00
-8.464508503675460815e-02,3.149529546499252319e-02,-2.639001607894897461e-01,-2.450637519359588623e-01,2.264141887426376343e-01,-9.426984786987304688e-01,0.000000000000000000e+00
-7.562887668609619141e-02,-1.919164061546325684e-01,2.054246813058853149e-01,-4.388999938964843750e-01,-6.781011819839477539e-01,5.895299315452575684e-01,0.000000000000000000e+00
1.026471890509128571e-02,-2.663872539997100830e-01,7.551418244838714600e-02,-6.986726075410842896e-02,-9.639567732810974121e-01,2.567213773727416992e-01,0.000000000000000000e+00
1.529664397239685059e-01,2.168780118227005005e-01,8.888388425111770630e-02,1.600248962640762329e-01,8.961634635925292969e-01,4.138635993003845215e-01,0.000000000000000000e+00
-9.788125008344650269e-02,-1.802201271057128906e-01,2.015301734209060669e-01,-5.932368040084838867e-01,-6.273244023323059082e-01,5.045138597488403320e-01,0.000000000000000000e+00
-2.229113876819610596e-01,9.555560350418090820e-02,1.475139260292053223e-01,-8.374658823013305664e-01,2.500598728656768799e-01,4.859227538108825684e-01,0.000000000000000000e+00
2.723536491394042969e-01,1.363808214664459229e-01,1.985614560544490814e-02,8.841758370399475098e-01,4.515851736068725586e-01,1.195990294218063354e-01,0.000000000000000000e+00
-2.599739469587802887e-02,2.295884191989898682e-01,1.907130181789398193e-01,-6.715721637010574341e-02,7.786837816238403320e-01,6.238120198249816895e-01,0.000000000000000000e+00
-3.181518241763114929e-02,7.511852681636810303e-02,-2.379626780748367310e-01,1.153762787580490112e-01,8.026947975158691406e-01,-5.851234197616577148e-01,0.000000000000000000e+00
-9.712814539670944214e-02,-2.011328935623168945e-01,-1.652935147285461426e-01,-3.859462141990661621e-01,-7.576874494552612305e-01,-5.262653231620788574e-01,0.000000000000000000e+00
-8.339366875588893890e-03,1.563057005405426025e-01,-1.642203181982040405e-01,4.135246574878692627e-01,-1.484617218375205994e-02,-9.103718996047973633e-01,0.000000000000000000e+00
-2.064561098814010620e-01,4.037157818675041199e-02,-1.991394013166427612e-01,-6.822242736816406250e-01,9.288023412227630615e-02,-7.252194881439208984e-01,0.000000000000000000e+00
1.700527369976043701e-01,-4.865917190909385681e-02,2.312330752611160278e-01,5.707857012748718262e-01,-1.658764779567718506e-01,8.041695952415466309e-01,0.000000000000000000e+00
-2.517490684986114502e-01,-9.445898234844207764e-02,1.975687593221664429e-02,-9.388249516487121582e-01,-3.194267153739929199e-01,1.287412792444229126e-01,0.000000000000000000e+00
2.594516575336456299e-01,1.185125038027763367e-01,9.671110659837722778e-02,7.841591835021972656e-01,4.437641799449920654e-01,4.337830841541290283e-01,0.000000000000000000e+00
2.746593356132507324e-01,-9.121073782444000244e-02,3.420657292008399963e-02,9.346947073936462402e-01,-3.523060977458953857e-01,4.718333855271339417e-02,0.000000000000000000e+00
2.311851233243942261e-01,-1.607819050550460815e-01,-9.994136542081832886e-02,7.903939485549926758e-01,-5.979973673820495605e-01,-1.329531222581863403e-01,0.000000000000000000e+00
-6.885472685098648071e-03,2.855322957038879395e-01,6.993561238050460815e-02,1.943147629499435425e-01,9.653636813163757324e-01,1.741113960742950439e-01,0.000000000000000000e+00
-1.800722330808639526e-01,-1.351722329854965210e-01,-1.696563810110092163e-01,-6.541628241539001465e-01,-5.527201294898986816e-01,-5.163055658340454102e-01,0.000000000000000000e+00
-1.911791563034057617e-01,6.129050627350807190e-02,2.021276950836181641e-01,-7.457345128059387207e-01,1.431792378425598145e-01,6.506763696670532227e-01,0.000000000000000000e+00
-1.097177714109420776e-01,2.688809335231781006e-01,-8.362888544797897339e-02,-2.241345942020416260e-01,9.022019505500793457e-01,-3.685041368007659912e-01,0.000000000000000000e+00
-2.210432291030883789e-01,-9.110739827156066895e-02,-1.554931402206420898e-01,-8.009330034255981445e-01,-4.189854264259338379e-01,-4.277352988719940186e-01,0.000000000000000000e+00
-3.888530423864722252e-03,1.981928199529647827e-01,-1.532793194055557251e-01,2.804214060306549072e-01,3.537234663963317871e-01,-8.923248052597045898e-01,0.000000000000000000e+00
4.415776580572128296e-02,-2.528842389583587646e-01,-1.140769496560096741e-01,7.391864806413650513e-02,-9.389013648033142090e-01,-3.361551165580749512e-01,0.000000000000000000e+00
-2.408030778169631958e-01,3.491464629769325256e-02,1.331168860197067261e-01,-9.193173646926879883e-01,6.250081956386566162e-02,3.885219097137451172e-01,0.000000000000000000e+00
-1.507142186164855957e-01,7.793137431144714355e-02,2.347660064697265625e-01,-6.322240829467773438e-01,2.070657163858413696e-01,7.466033101081848145e-01,0.000000000000000000e+00
-1.056125480681657791e-02,2.487109452486038208e-01,-1.171739846467971802e-01,2.538525760173797607e-01,7.099016904830932617e-01,-6.569615602493286133e-01,0.000000000000000000e+00
-1.497048735618591309e-01,-2.133276462554931641e-01,-8.072871714830398560e-02,-5.775897502899169922e-01,-7.853519916534423828e-01,-2.227382957935333252e-01,0.000000000000000000e+00
-2.791502475738525391e-01,1.707225851714611053e-02,-9.000407531857490540e-03,-9.918997883796691895e-01,8.133735507726669312e-02,9.756582230329513550e-02,0.000000000000000000e+00
8.410020172595977783e-02,2.423622161149978638e-01,-3.550687339156866074e-03,-2.491986900568008423e-01,9.653763175010681152e-01,7.712727785110473633e-02,0.000000000000000000e+00
1.259968280792236328e-01,-2.879588305950164795e-02,-2.730854451656341553e-01,3.615101277828216553e-01,-3.900454193353652954e-02,-9.315519928932189941e-01,0.000000000000000000e+00
-2.254730463027954102e-01,-7.188121229410171509e-02,1.307396441698074341e-01,-8.615961074829101562e-01,-2.357601523399353027e-01,4.495211839675903320e-01,0.000000000000000000e+00
-1.651083976030349731e-01,1.245693862438201904e-01,2.071433812379837036e-01,-7.132119536399841309e-01,2.626718580722808838e-01,6.498709321022033691e-01,0.000000000000000000e+00
-2.677990198135375977e-01,-4.522489011287689209e-02,-4.695492237806320190e-02,-9.710394740104675293e-01,-2.275912910699844360e-01,-7.269462198019027710e-02,0.000000000000000000e+00
2.813723385334014893e-01,-3.072890825569629669e-02,9.453565627336502075e-02,9.279580116271972656e-01,-8.132411539554595947e-02,3.637036085128784180e-01,0.000000000000000000e+00
8.762948960065841675e-02,-2.568208575248718262e-01,-6.940203905105590820e-02,9.746189415454864502e-02,-9.669064283370971680e-01,-2.357819527387619019e-01,0.000000000000000000e+00
3.009100556373596191e-01,2.924808114767074585e-02,-3.790242224931716919e-02,9.895148873329162598e-01,2.271085418760776520e-02,-1.426340937614440918e-01,0.000000000000000000e+00
-2.189537733793258667e-01,-1.332966685295104980e-01,-1.101411730051040649e-01,-7.989352345466613770e-01,-5.652337074279785156e-01,-2.054589390754699707e-01,0.000000000000000000e+00
-1.140000894665718079e-01,-2.150398790836334229e-01,1.309694796800613403e-01,-5.179671049118041992e-01,-7.530130147933959961e-01,4.058096110820770264e-01,0.000000000000000000e+00
-1.565052419900894165e-01,-2.182227522134780884e-01,3.829910606145858765e-02,-6.009835600852966309e-01,-7.870666980743408203e-01,1.390856057405471802e-01,0.000000000000000000e+00
-7.190139964222908020e-03,2.062235623598098755e-01,-1.501317620277404785e-01,2.669352889060974121e-01,5.415126085281372070e-01,-7.971885800361633301e-01,0.000000000000000000e+00
-2.381046563386917114e-01,4.275168105959892273e-02,1.378765404224395752e-01,-9.118907451629638672e-01,1.117514744400978088e-01,3.949263989925384521e-01,0.000000000000000000e+00
2.079263776540756226e-01,-1.802773773670196533e-01,-1.140928268432617188e-01,6.495867967605590820e-01,-6.885015368461608887e-01,-3.224942982196807861e-01,0.000000000000000000e+00
-4.350350797176361084e-02,3.003869354724884033e-01,-8.451668545603752136e-03,-7.308772951364517212e-02,9.955029487609863281e-01,-6.026676297187805176e-02,0.000000000000000000e+00
-1.560571640729904175e-01,1.077983826398849487e-01,2.214844971895217896e-01,-6.562616229057312012e-01,2.291680425405502319e-01,7.188898921012878418e-01,0.000000000000000000e+00
-1.208948269486427307e-01,-8.376829326152801514e-02,-2.467567324638366699e-01,-4.441230297088623047e-01,-3.198391199111938477e-01,-8.369334936141967773e-01,0.000000000000000000e+00
-2.364643663167953491e-01,1.380513459444046021e-01,8.895366638898849487e-02,-8.889338970184326172e-01,3.759527206420898438e-01,2.616410851478576660e-01,0.000000000000000000e+00
-1.457892656326293945e-01,1.624133884906768799e-01,1.997938752174377441e-01,-5.307066440582275391e-01,4.799165725708007812e-01,6.985918283462524414e-01,0.000000000000000000e+00
-1.645235270261764526e-01,-8.277744799852371216e-02,-2.195317000150680542e-01,-5.664259791374206543e-01,-3.597652018070220947e-01,-7.414382100105285645e-01,0.000000000000000000e+00
1.838279813528060913e-01,-5.507097020745277405e-02,-2.420523166656494141e-01,5.740563273429870605e-01,-2.096446156501770020e-01,-7.915229201316833496e-01,0.000000000000000000e+00
-2.840238809585571289e-02,-2.474510818719863892e-01,1.324346810579299927e-01,-1.797264814376831055e-01,-9.476518034934997559e-01,2.639213204383850098e-01,0.000000000000000000e+00
2.114942073822021484e-01,1.596552133560180664e-01,1.321320831775665283e-01,5.575213432312011719e-01,6.551266312599182129e-01,5.098813772201538086e-01,0.000000000000000000e+00
2.905307114124298096e-01,-1.159004750661551952e-03,7.350629568099975586e-02,9.251513481140136719e-01,-1.478486955165863037e-01,3.496223390102386475e-01,0.000000000000000000e+00
-1.713725626468658447e-01,-2.759120427072048187e-02,-2.313128411769866943e-01,-5.907318592071533203e-01,-1.506680548191070557e-01,-7.926758527755737305e-01,0.000000000000000000e+00
-2.479356527328491211e-01,1.401367634534835815e-01,5.352479591965675354e-02,-8.597982525825500488e-01,3.541660010814666748e-01,3.678497076034545898e-01,0.000000000000000000e+00
2.600852549076080322e-01,-1.183613464236259460e-01,-8.128862828016281128e-02,9.101694822311401367e-01,-3.987841606140136719e-01,-1.120833829045295715e-01,0.000000000000000000e+00
7.483693957328796387e-02,2.109827846288681030e-01,-1.365239918231964111e-01,-1.793429851531982422e-01,7.849910855293273926e-01,-5.929797887802124023e-01,0.000000000000000000e+00
-1.975619047880172729e-01,-1.832434386014938354e-01,-2.114496193826198578e-02,-6.375396847724914551e-01,-7.674541473388671875e-01,-6.750809401273727417e-02,0.000000000000000000e+00
-2.048382163047790527e-01,-1.014876514673233032e-01,1.490345299243927002e-01,-7.930856943130493164e-01,-2.855157256126403809e-01,5.380482077598571777e-01,0.000000000000000000e+00
1.825010180473327637e-01,2.034417688846588135e-01,-1.131370440125465393e-01,3.524635136127471924e-01,8.227815628051757812e-01,-4.458698630332946777e-01,0.000000000000000000e+00
1.089061796665191650e-01,-2.489011883735656738e-01,-7.334931939840316772e-02,3.011508584022521973e-01,-9.384286403656005859e-01,-1.692923456430435181e-01,0.000000000000000000e+00
-2.634632866829633713e-03,-2.342181652784347534e-01,-1.584390401840209961e-01,-2.573876678943634033e-01,-8.239558935165405273e-01,-5.048249363899230957e-01,0.000000000000000000e+00
1.142515018582344055e-01,-1.072011068463325500e-01,2.541809678077697754e-01,4.938744306564331055e-01,-3.415046632289886475e-01,7.996640801429748535e-01,0.000000000000000000e+00
-2.522130012512207031e-01,1.503302752971649170e-01,-2.245618402957916260e-02,-9.352944493293762207e-01,3.443817794322967529e-01,-8.139733225107192993e-02,0.000000000000000000e+00
-2.998876571655273438e-02,1.521760248579084873e-03,-2.807595133781433105e-01,-4.932414367794990540e-02,1.659837663173675537e-01,-9.848941564559936523e-01,0.000000000000000000e+00
9.035672992467880249e-02,-1.111658290028572083e-01,2.665001153945922852e-01,3.762466609477996826e-01,-3.448466658592224121e-01,8.599530458450317383e-01,0.000000000000000000e+00
-1.718441992998123169e-01,-1.934842020273208618e-01,-9.114845097064971924e-02,-6.282425522804260254e-01,-7.010616064071655273e-01,-3.373779952526092529e-01,0.000000000000000000e+00
5.287774279713630676e-02,2.178038805723190308e-01,-1.101616770029067993e-01,-4.722640514373779297e-01,8.003419041633605957e-01,-3.693501949310302734e-01,0.000000000000000000e+00
2.501243650913238525e-01,-8.941330015659332275e-02,-1.519934535026550293e-01,8.696107268333435059e-01,-2.998312711715698242e-01,-3.922733962535858154e-01,0.000000000000000000e+00
-1.448193192481994629e-01,-1.674244850873947144e-01,-1.705686300992965698e-01,-4.902281165122985840e-01,-6.851327419281005859e-01,-5.387666225433349609e-01,0.000000000000000000e+00
2.800392210483551025e-01,7.646235078573226929e-02,-1.039994060993194580e-01,9.224742650985717773e-01,2.249701917171478271e-01,-3.137349784374237061e-01,0.000000000000000000e+00
1.282218843698501587e-01,2.005980014801025391e-01,1.312801539897918701e-01,1.050569266080856323e-01,8.389467000961303711e-01,5.339770913124084473e-01,0.000000000000000000e+00
-1.599954217672348022e-01,-1.621726751327514648e-01,-1.630506962537765503e-01,-5.387002229690551758e-01,-6.586885452270507812e-01,-5.252918004989624023e-01,0.000000000000000000e+00
2.286528348922729492e-01,-1.694647669792175293e-01,1.410532463341951370e-02,7.191176414489746094e-01,-6.947890520095825195e-01,1.174812763929367065e-02,0.000000000000000000e+00
-1.777544319629669189e-01,-2.027241885662078857e-01,-2.348638884723186493e-02,-6.914643645286560059e-01,-7.200000286102294922e-01,-5.896584689617156982e-02,0.000000000000000000e+00
1.127011775970458984e-01,8.008006960153579712e-02,-2.493422329425811768e-01,1.051061749458312988e-01,4.651365876197814941e-01,-8.789770603179931641e-01,0.000000000000000000e+00
1.636815816164016724e-01,2.334476262331008911e-01,2.589587680995464325e-02,3.566709458827972412e-01,9.194535613059997559e-01,1.655022650957107544e-01,0.000000000000000000e+00
2.447288781404495239e-01,-5.730321630835533142e-03,-1.909536719322204590e-01,7.900843620300292969e-01,-5.002888664603233337e-02,-6.109532117843627930e-01,0.000000000000000000e+00
-6.966467946767807007e-02,5.701911821961402893e-02,-2.545114159584045410e-01,-3.641603514552116394e-02,4.824240803718566895e-01,-8.751804828643798828e-01,0.000000000000000000e+00
2.403070181608200073e-01,-1.357449442148208618e-01,8.120248466730117798e-02,7.852439880371093750e-01,-5.748572945594787598e-01,2.300672680139541626e-01,0.000000000000000000e+00
-2.683016657829284668e-01,2.849397808313369751e-02,6.436830759048461914e-02,-9.663137197494506836e-01,-1.775139570236206055e-02,2.567540705204010010e-01,0.000000000000000000e+00
-2.100186496973037720e-01,1.024264693260192871e-01,-1.767459213733673096e-01,-6.334130764007568359e-01,2.906591296195983887e-01,-7.171507477760314941e-01,0.000000000000000000e+00
1.131696701049804688e-01,-3.793429210782051086e-02,2.674006223678588867e-01,4.060668349266052246e-01,-6.520732492208480835e-02,9.115139842033386230e-01,0.000000000000000000e+00
2.655633985996246338e-01,1.490950435400009155e-01,-4.860639164689928293e-04,8.437588214874267578e-01,5.271398425102233887e-01,1.009684875607490540e-01,0.000000000000000000e+00
2.493379265069961548e-01,-1.248441115021705627e-01,7.177463173866271973e-02,8.449317812919616699e-01,-4.849690496921539307e-01,2.255999445915222168e-01,0.000000000000000000e+00
1.181424334645271301e-01,2.467509508132934570e-01,1.509436033666133881e-02,6.255038082599639893e-02,9.725614190101623535e-01,2.240798473358154297e-01,0.000000000000000000e+00
4.297605901956558228e-02,8.826857060194015503e-02,2.723892927169799805e-01,3.991906642913818359e-01,2.253229320049285889e-01,8.887498974800109863e-01,0.000000000000000000e+00
-1.838868111371994019e-01,2.063982933759689331e-01,-1.234186887741088867e-01,-5.676491260528564453e-01,6.641246080398559570e-01,-4.865315854549407959e-01,0.000000000000000000e+00
-2.588506937026977539e-01,-8.169133216142654419e-02,-1.567185483872890472e-02,-9.561815261840820312e-01,-2.910285890102386475e-01,3.192648291587829590e-02,0.000000000000000000e+00
2.923908233642578125e-01,-4.371482506394386292e-02,1.049225497990846634e-02,9.765776395797729492e-01,-1.983213126659393311e-01,8.345492184162139893e-02,0.000000000000000000e+00
1.847874373197555542e-01,2.267911285161972046e-01,-4.373566806316375732e-02,2.709356248378753662e-01,9.375430345535278320e-01,-2.181901186704635620e-01,0.000000000000000000e+00
2.627732455730438232e-01,1.479855626821517944e-01,-5.773408710956573486e-02,8.529213070869445801e-01,5.096018910408020020e-01,-1.132745891809463501e-01,0.000000000000000000e+00
2.436553984880447388e-01,-1.154450625181198120e-01,-1.425499171018600464e-01,8.336226344108581543e-01,-3.926650881767272949e-01,-3.884422779083251953e-01,0.000000000000000000e+00
-2.198243141174316406e-01,6.481502205133438110e-02,1.630433350801467896e-01,-8.470287919044494629e-01,1.705573499202728271e-01,5.034406185150146484e-01,0.000000000000000000e+00
-1.997548788785934448e-01,-1.806196719408035278e-01,8.043367415666580200e-03,-7.933319807052612305e-01,-6.036359071731567383e-01,7.904429733753204346e-02,0.000000000000000000e+00
-2.283340096473693848e-01,-1.026495471596717834e-01,-1.314812898635864258e-01,-7.581526637077331543e-01,-4.595873951911926270e-01,-4.625840783119201660e-01,0.000000000000000000e+00
1.035638675093650818e-01,1.403836607933044434e-01,-2.061549127101898193e-01,-1.072777509689331055e-01,6.566703319549560547e-01,-7.465089559555053711e-01,0.000000000000000000e+00
2.798619493842124939e-02,1.021293625235557556e-01,-1.984974741935729980e-01,3.240525722503662109e-01,8.188676834106445312e-02,-9.424884319305419922e-01,0.000000000000000000e+00
-1.959124505519866943e-01,5.607909336686134338e-02,1.982889920473098755e-01,-7.063918709754943848e-01,1.233822703361511230e-01,6.969844102859497070e-01,0.000000000000000000e+00
1.897950470447540283e-01,-5.256785452365875244e-02,2.151904553174972534e-01,5.348489284515380859e-01,-3.005355000495910645e-01,7.896929979324340820e-01,0.000000000000000000e+00
-5.296164378523826599e-02,-6.048735976219177246e-02,-2.769855856895446777e-01,-2.218054682016372681e-01,-2.096741646528244019e-01,-9.522809982299804688e-01,0.000000000000000000e+00
-1.220483481884002686e-01,-1.804125905036926270e-01,1.761101037263870239e-01,-5.618993043899536133e-01,-5.966563224792480469e-01,5.729488730430603027e-01,0.000000000000000000e+00
3.383029997348785400e-02,-1.477110236883163452e-01,2.665544450283050537e-01,1.293182224035263062e-01,-5.497823953628540039e-01,8.252369761466979980e-01,0.000000000000000000e+00
1.003696694970130920e-01,-8.464758843183517456e-02,-2.716092765331268311e-01,1.827415674924850464e-01,-2.990876436233520508e-01,-9.365639686584472656e-01,0.000000000000000000e+00
4.898095875978469849e-02,2.591370046138763428e-01,8.725598454475402832e-02,5.514591336250305176e-01,7.972220778465270996e-01,2.456212788820266724e-01,0.000000000000000000e+00
1.971349120140075684e-01,-1.985670030117034912e-01,5.008981004357337952e-02,6.650470495223999023e-01,-7.259712219238281250e-01,1.751519739627838135e-01,0.000000000000000000e+00
1.029029022902250290e-03,5.880394577980041504e-02,2.887831628322601318e-01,8.545143157243728638e-02,1.864584982395172119e-01,9.787396192550659180e-01,0.000000000000000000e+00
-2.240549176931381226e-01,5.271979421377182007e-02,1.593296676874160767e-01,-8.446899652481079102e-01,1.203792691230773926e-01,5.215436220169067383e-01,0.000000000000000000e+00
-2.408889234066009521e-01,1.188098490238189697e-01,9.828761219978332520e-02,-8.290420174598693848e-01,3.952485322952270508e-01,3.955602347850799561e-01,0.000000000000000000e+00
-7.899330556392669678e-02,-2.341103702783584595e-01,1.281495988368988037e-01,-3.450510799884796143e-01,-8.883023858070373535e-01,3.030817806720733643e-01,0.000000000000000000e+00
-1.904000937938690186e-01,1.636512577533721924e-01,1.491891443729400635e-01,-7.204639315605163574e-01,4.326141476631164551e-01,5.420117378234863281e-01,0.000000000000000000e+00
2.271727621555328369e-01,-1.124055683612823486e-01,1.374579071998596191e-01,7.359591722488403320e-01,-5.224679708480834961e-01,4.305709302425384521e-01,0.000000000000000000e+00
-2.550744451582431793e-02,-2.574622035026550293e-01,9.938658773899078369e-02,-1.239970624446868896e-01,-9.415688514709472656e-01,3.131657540798187256e-01,0.000000000000000000e+00
3.202995657920837402e-02,2.068750709295272827e-01,-1.249838098883628845e-01,5.702670216560363770e-01,5.159417390823364258e-01,-6.392179727554321289e-01,0.000000000000000000e+00
-1.221299692988395691e-01,-1.527357846498489380e-01,-2.047265917062759399e-01,-3.606498241424560547e-01,-5.941753983497619629e-01,-7.189487218856811523e-01,0.000000000000000000e+00
-1.528046727180480957e-01,-2.096336781978607178e-01,7.879222184419631958e-02,-5.656104087829589844e-01,-8.096076846122741699e-01,1.569083929061889648e-01,0.000000000000000000e+00
1.087137218564748764e-02,-6.596595048904418945e-02,-2.853978276252746582e-01,-1.115948408842086792e-01,-1.369717717170715332e-01,-9.842689037322998047e-01,0.000000000000000000e+00
3.841855004429817200e-02,-1.361025422811508179e-01,2.723873853683471680e-01,6.266489624977111816e-02,-4.363854229450225830e-01,8.975750207901000977e-01,0.000000000000000000e+00
-2.054063975811004639e-01,2.034623026847839355e-01,7.741677016019821167e-02,-7.807028293609619141e-01,5.429470539093017578e-01,3.093728721141815186e-01,0.000000000000000000e+00
-2.291808128356933594e-01,-1.389859914779663086e-01,2.167889662086963654e-02,-8.345254659652709961e-01,-5.330927371978759766e-01,1.392098814249038696e-01,0.000000000000000000e+00
-1.739699691534042358e-01,5.004486441612243652e-02,2.214954942464828491e-01,-6.135592460632324219e-01,1.795157194137573242e-01,7.689728140830993652e-01,0.000000000000000000e+00
-3.663411363959312439e-02,-1.021349355578422546e-01,2.792139947414398193e-01,-2.617090642452239990e-01,-2.430446445941925049e-01,9.340437054634094238e-01,0.000000000000000000e+00
-1.852371729910373688e-02,-4.841967672109603882e-02,-2.852689623832702637e-01,-1.405669152736663818e-01,1.746174506843090057e-02,-9.899171590805053711e-01,0.000000000000000000e+00
2.344895601272583008e-01,-1.431481838226318359e-01,8.281226456165313721e-02,7.908094525337219238e-01,-5.644553899765014648e-01,2.366654127836227417e-01,0.000000000000000000e+00
2.711276412010192871e-01,8.790516853332519531e-02,-1.199683472514152527e-01,8.666830062866210938e-01,3.535945117473602295e-01,-3.518969416618347168e-01,0.000000000000000000e+00
-1.833357363939285278e-01,1.873246580362319946e-01,-1.434382945299148560e-01,-5.518282055854797363e-01,6.448078751564025879e-01,-5.288746953010559082e-01,0.000000000000000000e+00
2.226166240870952606e-02,-2.668334841728210449e-01,-6.184252351522445679e-02,7.248731702566146851e-02,-9.639132022857666016e-01,-2.561579942703247070e-01,0.000000000000000000e+00
-2.281356900930404663e-01,-1.403271555900573730e-01,2.280826307833194733e-02,-8.345254659652709961e-01,-5.330927371978759766e-01,1.392098814249038696e-01,0.000000000000000000e+00
2.244091928005218506e-01,1.089788600802421570e-01,-1.795551925897598267e-01,6.654524803161621094e-01,4.648198783397674561e-01,-5.840509533882141113e-01,0.000000000000000000e+00
-2.385265678167343140e-01,2.662684768438339233e-02,1.384631246328353882e-01,-8.793723583221435547e-01,1.436141692101955414e-02,4.759181141853332520e-01,0.000000000000000000e+00
6.674421485513448715e-03,-9.511748701333999634e-02,2.863870859146118164e-01,-2.918311208486557007e-02,-1.837820261716842651e-01,9.825336933135986328e-01,0.000000000000000000e+00
-1.830032020807266235e-01,-2.376786060631275177e-02,-2.222238034009933472e-01,-6.356571316719055176e-01,2.795912791043519974e-03,-7.719664573669433594e-01,0.000000000000000000e+00
-7.107143290340900421e-03,3.308996930718421936e-02,-2.731903791427612305e-01,-3.626150265336036682e-02,4.211599528789520264e-01,-9.062612056732177734e-01,0.000000000000000000e+00
-3.158279880881309509e-02,2.168617248535156250e-01,2.056022584438323975e-01,-1.157563105225563049e-01,6.800277233123779297e-01,7.239908576011657715e-01,0.000000000000000000e+00
-1.972083300352096558e-01,2.356407642364501953e-01,-1.137901470065116882e-02,-7.283492684364318848e-01,6.640095710754394531e-01,-1.691114902496337891e-01,0.000000000000000000e+00
2.482950240373611450e-01,-9.868470579385757446e-02,-1.489623039960861206e-01,8.696107268333435059e-01,-2.998312711715698242e-01,-3.922733962535858154e-01,0.000000000000000000e+00
-1.086067035794258118e-01,-1.633866727352142334e-01,2.099158316850662231e-01,-5.692793726921081543e-01,-5.480714440345764160e-01,6.128121018409729004e-01,0.000000000000000000e+00
-1.575812101364135742e-01,1.746697425842285156e-01,1.811299622058868408e-01,-5.313480496406555176e-01,4.741196334362030029e-01,7.020540237426757812e-01,0.000000000000000000e+00
2.459600567817687988e-01,8.894541859626770020e-02,-1.667395830154418945e-01,6.564785838127136230e-01,4.507304430007934570e-01,-6.048784255981445312e-01,0.000000000000000000e+00
2.972125411033630371e-01,7.475783675909042358e-02,-6.089533679187297821e-03,9.820634126663208008e-01,1.873633116483688354e-01,2.112992480397224426e-02,0.000000000000000000e+00
-1.384285539388656616e-01,-2.133779674768447876e-01,1.002460420131683350e-01,-5.397769212722778320e-01,-7.903476357460021973e-01,2.898129224777221680e-01,0.000000000000000000e+00
6.372516602277755737e-02,-2.567944526672363281e-01,-8.831816166639328003e-02,1.406230777502059937e-01,-9.565745592117309570e-01,-2.553238868713378906e-01,0.000000000000000000e+00
9.612945467233657837e-02,-2.225235700607299805e-01,1.581299901008605957e-01,3.265653848648071289e-01,-8.322423100471496582e-01,4.480265080928802490e-01,0.000000000000000000e+00
1.665465682744979858e-01,-2.177924960851669312e-01,-8.547972887754440308e-02,5.096422433853149414e-01,-8.414668440818786621e-01,-1.794389635324478149e-01,0.000000000000000000e+00
1.868422478437423706e-01,4.217396304011344910e-02,2.274176925420761108e-01,6.825739741325378418e-01,1.870993673801422119e-01,7.064606547355651855e-01,0.000000000000000000e+00
-1.607799232006072998e-01,1.317359507083892822e-02,2.353015542030334473e-01,-7.014632225036621094e-01,-2.769544720649719238e-02,7.121673226356506348e-01,0.000000000000000000e+00
-1.655529439449310303e-01,1.265535950660705566e-01,2.057181149721145630e-01,-7.242115736007690430e-01,3.154850900173187256e-01,6.131775975227355957e-01,0.000000000000000000e+00
-1.160510703921318054e-01,2.400851845741271973e-01,1.413863003253936768e-01,-3.605991303920745850e-01,8.032433390617370605e-01,4.740974307060241699e-01,0.000000000000000000e+00
5.589264258742332458e-02,3.793510794639587402e-02,-2.745577394962310791e-01,7.478969544172286987e-02,4.240573942661285400e-01,-9.025418758392333984e-01,0.000000000000000000e+00
2.683176398277282715e-01,7.134035229682922363e-02,1.191296800971031189e-01,8.428617715835571289e-01,2.769541442394256592e-01,4.613896906375885010e-01,0.000000000000000000e+00
-1.069569587707519531e-01,6.864952296018600464e-02,2.609682977199554443e-01,-3.637867271900177002e-01,3.049276769161224365e-01,8.801581263542175293e-01,0.000000000000000000e+00
-1.118856146931648254e-01,-2.030169069766998291e-01,1.540878266096115112e-01,-5.330539941787719727e-01,-7.613853216171264648e-01,3.689794540405273438e-01,0.000000000000000000e+00
7.853977382183074951e-02,-2.547055482864379883e-01,8.482570201158523560e-02,3.579707741737365723e-01,-9.250956177711486816e-01,1.267083436250686646e-01,0.000000000000000000e+00
1.332460492849349976e-01,-1.418800950050354004e-01,2.188417017459869385e-01,6.618457436561584473e-01,-4.364297091960906982e-01,6.094992160797119141e-01,0.000000000000000000e+00
-2.615415155887603760e-01,-7.178949564695358276e-02,5.165820475667715073e-03,-8.909333348274230957e-01,-4.409220516681671143e-01,1.087453067302703857e-01,0.000000000000000000e+00
-8.152477443218231201e-02,-1.679283976554870605e-01,-2.127430886030197144e-01,-3.846679329872131348e-01,-6.664668917655944824e-01,-6.386332511901855469e-01,0.000000000000000000e+00
1.424374151974916458e-02,2.734359502792358398e-01,8.979243040084838867e-02,2.859232425689697266e-01,9.011338949203491211e-01,3.258919715881347656e-01,0.000000000000000000e+00
2.779429554939270020e-01,3.046025149524211884e-02,1.121927276253700256e-01,9.485845565795898438e-01,-5.015367269515991211e-02,3.125252127647399902e-01,0.000000000000000000e+00
-2.449324876070022583e-01,1.789761148393154144e-02,1.260527074337005615e-01,-8.820812106132507324e-01,-8.011566847562789917e-02,4.642351269721984863e-01,0.000000000000000000e+00
-1.297534704208374023e-01,4.394388198852539062e-02,2.545404434204101562e-01,-4.349004030227661133e-01,1.292861104011535645e-01,8.911491036415100098e-01,0.000000000000000000e+00
-9.671079367399215698e-02,-2.043426036834716797e-01,1.707362085580825806e-01,-4.813883006572723389e-01,-7.628528475761413574e-01,4.316489994525909424e-01,0.000000000000000000e+00
-3.011437132954597473e-02,2.007055878639221191e-01,2.217969894409179688e-01,1.023105531930923462e-01,6.608611345291137695e-01,7.435019612312316895e-01,0.000000000000000000e+00
-4.844785481691360474e-02,-8.435565233230590820e-02,-2.721984684467315674e-01,-1.071285903453826904e-01,-2.116120904684066772e-01,-9.714647531509399414e-01,0.000000000000000000e+00
-2.675717175006866455e-01,2.917134948074817657e-02,6.705681979656219482e-02,-9.367169737815856934e-01,-1.199302915483713150e-02,3.498820364475250244e-01,0.000000000000000000e+00
-4.242826625704765320e-02,-1.684507429599761963e-01,-2.279387712478637695e-01,-2.152286171913146973e-01,-6.348913311958312988e-01,-7.420172691345214844e-01,0.000000000000000000e+00
4.348423331975936890e-02,-2.721623480319976807e-01,-2.435662224888801575e-02,-1.034461054950952530e-02,-9.998451471328735352e-01,1.423471048474311829e-02,0.000000000000000000e+00
2.254200428724288940e-01,-2.682277187705039978e-02,1.906220465898513794e-01,7.732992172241210938e-01,-1.861814707517623901e-01,6.060897111892700195e-01,0.000000000000000000e+00
-8.324708789587020874e-02,-1.150739416480064392e-01,-2.497468292713165283e-01,-3.379575312137603760e-01,-4.692350029945373535e-01,-8.158450722694396973e-01,0.000000000000000000e+00
-1.273365467786788940e-01,2.537518739700317383e-01,-1.020483076572418213e-01,-3.079475760459899902e-01,8.227607607841491699e-01,-4.777373969554901123e-01,0.000000000000000000e+00
2.540917992591857910e-01,-6.975077092647552490e-02,1.308654099702835083e-01,7.906122207641601562e-01,-4.810746610164642334e-01,3.788132369518280029e-01,0.000000000000000000e+00
1.723640114068984985e-01,5.090580508112907410e-02,-2.452466785907745361e-01,4.162546098232269287e-01,2.514935433864593506e-01,-8.737751841545104980e-01,0.000000000000000000e+00
2.464451044797897339e-01,-4.939259495586156845e-03,1.686972826719284058e-01,8.322520256042480469e-01,-1.406270265579223633e-01,5.362654328346252441e-01,0.000000000000000000e+00
-2.595772780478000641e-02,1.067510843276977539e-01,-1.903926283121109009e-01,-4.460146129131317139e-01,5.858184099197387695e-01,-6.766740679740905762e-01,0.000000000000000000e+00
2.899753451347351074e-01,-5.120340734720230103e-02,-3.128180280327796936e-02,9.566688537597656250e-01,-2.790969014167785645e-01,-8.300395309925079346e-02,0.000000000000000000e+00
2.645081579685211182e-01,-1.146894171833992004e-01,1.654606685042381287e-02,9.045061469078063965e-01,-4.254078567028045654e-01,2.994713187217712402e-02,0.000000000000000000e+00
-2.528484165668487549e-01,5.050049349665641785e-02,-1.359413266181945801e-01,-8.490335941314697266e-01,1.856847554445266724e-01,-4.946343600749969482e-01,0.000000000000000000e+00
1.158951520919799805e-01,-2.286047041416168213e-01,1.212822422385215759e-01,4.697615206241607666e-01,-8.128266930580139160e-01,3.444370627403259277e-01,0.000000000000000000e+00
-2.289879135787487030e-02,1.176864802837371826e-01,-1.932637244462966919e-01,-8.211669325828552246e-01,1.486002355813980103e-01,-5.510016679763793945e-01,0.000000000000000000e+00
-1.850123554468154907e-01,6.535025779157876968e-03,2.134264558553695679e-01,-7.047839760780334473e-01,-2.351806312799453735e-02,7.090320587158203125e-01,0.000000000000000000e+00
-1.914023607969284058e-01,-7.440941035747528076e-02,-1.998333781957626343e-01,-6.356344223022460938e-01,-3.062780797481536865e-01,-7.086343169212341309e-01,0.000000000000000000e+00
-1.160311028361320496e-01,-1.048044338822364807e-01,-2.405028045177459717e-01,-3.598381876945495605e-01,-4.991198182106018066e-01,-7.882866859436035156e-01,0.000000000000000000e+00
1.066504195332527161e-01,-1.859169304370880127e-01,-2.048781216144561768e-01,2.912422418594360352e-01,-7.420856356620788574e-01,-6.037274599075317383e-01,0.000000000000000000e+00
-3.869495913386344910e-02,-2.261160463094711304e-01,-1.631483733654022217e-01,-1.822136938571929932e-01,-8.955216407775878906e-01,-4.060038924217224121e-01,0.000000000000000000e+00
-1.777846179902553558e-02,2.820854187011718750e-01,-7.097791135311126709e-02,1.775995343923568726e-01,8.944360613822937012e-01,-4.104174971580505371e-01,0.000000000000000000e+00
6.042344495654106140e-02,-1.861878335475921631e-01,-2.182736992835998535e-01,8.574604243040084839e-02,-7.193995714187622070e-01,-6.892835497856140137e-01,0.000000000000000000e+00
-2.467102110385894775e-01,3.613400086760520935e-02,1.208239793777465820e-01,-8.532304763793945312e-01,1.277204453945159912e-01,5.056532621383666992e-01,0.000000000000000000e+00
-1.244803667068481445e-01,1.294856667518615723e-01,2.328093498945236206e-01,-4.112402796745300293e-01,3.283635377883911133e-01,8.503286838531494141e-01,0.000000000000000000e+00
-1.618907786905765533e-02,2.386531047523021698e-02,2.908077538013458252e-01,-9.414816647768020630e-02,-1.049774000421166420e-03,9.955576658248901367e-01,0.000000000000000000e+00
-1.592638343572616577e-01,2.122962176799774170e-01,1.398954093456268311e-01,-5.482499003410339355e-01,6.818391680717468262e-01,4.842699766159057617e-01,0.000000000000000000e+00
-2.620398104190826416e-01,6.898952275514602661e-02,7.459161430597305298e-02,-9.308522939682006836e-01,1.375246495008468628e-01,3.385276794433593750e-01,0.000000000000000000e+00
-3.452797979116439819e-02,-2.014920562505722046e-01,-1.991544365882873535e-01,-1.968506425619125366e-01,-7.165709733963012695e-01,-6.691605448722839355e-01,0.000000000000000000e+00
1.837665587663650513e-01,1.588215082883834839e-01,-1.743679493665695190e-01,4.042876958847045898e-01,6.230129003524780273e-01,-6.696315407752990723e-01,0.000000000000000000e+00
-3.364076092839241028e-02,1.962215155363082886e-01,-1.621693372726440430e-01,2.401786893606185913e-01,4.105422496795654297e-01,-8.796415328979492188e-01,0.000000000000000000e+00
1.603701412677764893e-01,1.608684845268726349e-02,2.461673915386199951e-01,3.992366790771484375e-01,2.851788513362407684e-02,9.164042472839355469e-01,0.000000000000000000e+00
9.483778476715087891e-02,1.318421680480241776e-02,2.725407779216766357e-01,1.699087768793106079e-01,1.139284297823905945e-01,9.788520336151123047e-01,0.000000000000000000e+00
2.816591560840606689e-01,-5.989911779761314392e-02,-7.614917308092117310e-02,9.371039867401123047e-01,-2.605279386043548584e-01,-2.322956472635269165e-01,0.000000000000000000e+00
-8.158671855926513672e-02,-2.109426856040954590e-01,1.744245588779449463e-01,-4.510570764541625977e-01,-8.191301226615905762e-01,3.543632626533508301e-01,0.000000000000000000e+00
-2.313901185989379883e-01,1.109887287020683289e-01,1.232597529888153076e-01,-7.763648629188537598e-01,3.787517547607421875e-01,5.037903189659118652e-01,0.000000000000000000e+00
-1.717823892831802368e-01,-2.297666482627391815e-02,2.221460193395614624e-01,-6.234782338142395020e-01,-1.649807393550872803e-01,7.642357349395751953e-01,0.000000000000000000e+00
8.559674024581909180e-02,-2.079795897006988525e-01,-1.854662597179412842e-01,3.106937706470489502e-01,-7.377473115921020508e-01,-5.993314981460571289e-01,0.000000000000000000e+00
-7.088747620582580566e-02,-2.515185773372650146e-01,8.638595044612884521e-02,-2.073545604944229126e-01,-9.030812978744506836e-01,3.760961294174194336e-01,0.000000000000000000e+00
-7.274901866912841797e-02,-2.169990390539169312e-01,1.717670410871505737e-01,-3.594032526016235352e-01,-8.086314797401428223e-01,4.657729864120483398e-01,0.000000000000000000e+00
-2.485204190015792847e-01,1.545733958482742310e-01,-4.881140217185020447e-02,-8.909736275672912598e-01,4.355845153331756592e-01,-1.281879246234893799e-01,0.000000000000000000e+00
2.469698637723922729e-01,1.190688312053680420e-01,1.220893859863281250e-01,7.798334956169128418e-01,4.175315201282501221e-01,4.663980901241302490e-01,0.000000000000000000e+00
-2.835864387452602386e-02,-2.591961324214935303e-01,9.201981872320175171e-02,-1.604596078395843506e-01,-9.486057162284851074e-01,2.727635204792022705e-01,0.000000000000000000e+00
-1.743640750646591187e-01,-1.091007441282272339e-01,-1.969816833734512329e-01,-6.137062311172485352e-01,-4.330057203769683838e-01,-6.602050662040710449e-01,0.000000000000000000e+00
-1.973669826984405518e-01,1.992866694927215576e-01,1.011563390493392944e-01,-7.308152914047241211e-01,5.563340187072753906e-01,3.954763412475585938e-01,0.000000000000000000e+00
-9.008886292576789856e-03,2.264092266559600830e-01,-1.367707401514053345e-01,2.684928178787231445e-01,5.710322856903076172e-01,-7.757794260978698730e-01,0.000000000000000000e+00
2.590073645114898682e-01,1.301305368542671204e-02,1.510551869869232178e-01,8.759382367134094238e-01,-8.176093921065330505e-03,4.823540151119232178e-01,0.000000000000000000e+00
1.601367071270942688e-02,1.176515147089958191e-01,2.691697478294372559e-01,2.216380387544631958e-01,5.053296685218811035e-01,8.339775204658508301e-01,0.000000000000000000e+00
-2.656744718551635742e-01,8.343397080898284912e-02,4.457261413335800171e-02,-9.526803493499755859e-01,2.429231107234954834e-01,1.827252358198165894e-01,0.000000000000000000e+00
9.839197993278503418e-02,-2.586050927639007568e-01,-3.398088738322257996e-02,3.880435824394226074e-01,-9.178358316421508789e-01,-8.366364985704421997e-02,0.000000000000000000e+00
-1.464584171772003174e-01,2.717987298965454102e-01,-3.244068473577499390e-02,-4.652366638183593750e-01,8.851862549781799316e-01,3.435216494835913181e-04,0.000000000000000000e+00
1.770247071981430054e-01,2.202987372875213623e-01,5.510676652193069458e-02,4.605137109756469727e-01,8.380584716796875000e-01,2.925492525100708008e-01,0.000000000000000000e+00
-1.923233717679977417e-01,1.332006454467773438e-01,-1.764958202838897705e-01,-5.829569697380065918e-01,4.947867691516876221e-01,-6.444743871688842773e-01,0.000000000000000000e+00
-1.998421996831893921e-01,-1.727571040391921997e-01,-6.985154747962951660e-02,-7.524756789207458496e-01,-6.401083469390869141e-01,-1.550536900758743286e-01,0.000000000000000000e+00
1.648404598236083984e-01,-8.680433034896850586e-03,2.432249784469604492e-01,5.483666062355041504e-01,-1.793967783451080322e-01,8.167685270309448242e-01,0.000000000000000000e+00
-2.302871793508529663e-01,6.327632814645767212e-02,-1.672299802303314209e-01,-7.471176385879516602e-01,1.174081861972808838e-01,-6.542404294013977051e-01,0.000000000000000000e+00
2.715887129306793213e-01,8.801396191120147705e-02,1.005799621343612671e-01,8.893543481826782227e-01,2.846347987651824951e-01,3.578153848648071289e-01,0.000000000000000000e+00
2.477624714374542236e-01,1.724797338247299194e-01,-4.369476437568664551e-02,7.728469371795654297e-01,6.251855492591857910e-01,-1.088603287935256958e-01,0.000000000000000000e+00
2.029871195554733276e-02,1.248934045433998108e-01,2.639488279819488525e-01,1.987041682004928589e-01,4.843804836273193359e-01,8.519930839538574219e-01,0.000000000000000000e+00
-2.465145736932754517e-01,3.444589208811521530e-03,1.204161271452903748e-01,-8.454686403274536133e-01,-1.307712495326995850e-01,5.177659988403320312e-01,0.000000000000000000e+00
2.227229773998260498e-01,-1.091727465391159058e-01,1.466996073722839355e-01,7.311381697654724121e-01,-3.687197864055633545e-01,5.740058422088623047e-01,0.000000000000000000e+00
9.931156039237976074e-02,2.422518283128738403e-01,-8.299697190523147583e-02,7.352507859468460083e-02,9.533777236938476562e-01,-2.926857173442840576e-01,0.000000000000000000e+00
2.785207331180572510e-01,-3.080825880169868469e-02,1.019697636365890503e-01,9.300344586372375488e-01,-7.570092380046844482e-02,3.595905005931854248e-01,0.000000000000000000e+00
9.624873846769332886e-02,7.525803893804550171e-02,2.535588443279266357e-01,4.340065177530050278e-03,4.181435704231262207e-01,9.083705544471740723e-01,0.000000000000000000e+00
1.636328734457492828e-02,1.233117952942848206e-01,-1.986314952373504639e-01,1.813782304525375366e-01,6.443420648574829102e-01,-7.429167032241821289e-01,0.000000000000000000e+00
2.073695510625839233e-01,5.069204419851303101e-02,-2.209988683462142944e-01,6.435372233390808105e-01,2.467294931411743164e-01,-7.245581150054931641e-01,0.000000000000000000e+00
-1.134194582700729370e-01,-1.984809041023254395e-01,1.612319350242614746e-01,-5.330539941787719727e-01,-7.613853216171264648e-01,3.689794540405273438e-01,0.000000000000000000e+00
-2.133426219224929810e-01,-1.638606190681457520e-01,1.237072329968214035e-02,-8.157509565353393555e-01,-5.770337581634521484e-01,3.978040441870689392e-02,0.000000000000000000e+00
3.017318844795227051e-01,1.645417883992195129e-02,-3.200954198837280273e-02,9.973253011703491211e-01,1.630281284451484680e-02,-7.124958932399749756e-02,0.000000000000000000e+00
1.600078195333480835e-01,-2.223027348518371582e-01,7.391661405563354492e-02,5.885589122772216797e-01,-7.494875192642211914e-01,3.030953705310821533e-01,0.000000000000000000e+00
-1.418265700340270996e-01,-4.884859919548034668e-02,-2.458086311817169189e-01,-4.698559939861297607e-01,-1.330485045909881592e-01,-8.726588487625122070e-01,0.000000000000000000e+00
2.156410217285156250e-01,2.003329396247863770e-01,-6.621824204921722412e-02,6.634877920150756836e-01,7.302660942077636719e-01,-1.627739220857620239e-01,0.000000000000000000e+00
-2.746472656726837158e-01,-1.301348395645618439e-02,-4.997646436095237732e-02,-9.683431386947631836e-01,-2.034480273723602295e-01,-1.446390450000762939e-01,0.000000000000000000e+00
-1.374332159757614136e-01,-1.201405897736549377e-01,-2.185956835746765137e-01,-5.178355574607849121e-01,-3.754778802394866943e-01,-7.686759233474731445e-01,0.000000000000000000e+00
-3.917604684829711914e-02,-5.694995820522308350e-02,-2.805545628070831299e-01,-1.972974389791488647e-01,-1.536066085100173950e-01,-9.682348370552062988e-01,0.000000000000000000e+00
1.601604372262954712e-01,2.292077690362930298e-01,-8.076987415552139282e-02,3.558526635169982910e-01,8.931998014450073242e-01,-2.748873233795166016e-01,0.000000000000000000e+00
-2.045872211456298828e-01,-2.246858365833759308e-02,1.865378767251968384e-01,-7.198761701583862305e-01,-5.411938950419425964e-02,6.919894218444824219e-01,0.000000000000000000e+00
-6.860014051198959351e-02,1.675474494695663452e-01,2.389952838420867920e-01,-3.338022530078887939e-01,5.014399886131286621e-01,7.982067465782165527e-01,0.000000000000000000e+00
2.096865475177764893e-01,8.753576129674911499e-02,-2.070929706096649170e-01,6.011983752250671387e-01,4.540110230445861816e-01,-6.575975418090820312e-01,0.000000000000000000e+00
2.723799943923950195e-01,1.378257572650909424e-01,-3.109483607113361359e-02,8.724399805068969727e-01,4.457345902919769287e-01,-2.004223763942718506e-01,0.000000000000000000e+00
-4.221851751208305359e-02,-2.235557287931442261e-01,-1.658223867416381836e-01,-2.623331844806671143e-01,-8.241547942161560059e-01,-5.019464492797851562e-01,0.000000000000000000e+00
-2.078364640474319458e-01,3.994722664356231689e-02,-1.978952288627624512e-01,-6.822242736816406250e-01,9.288023412227630615e-02,-7.252194881439208984e-01,0.000000000000000000e+00
-1.369527876377105713e-01,9.298390150070190430e-02,2.399191707372665405e-01,-4.838302433490753174e-01,2.950963079929351807e-01,8.239092826843261719e-01,0.000000000000000000e+00
6.126033887267112732e-02,1.238791644573211670e-01,-2.033907622098922729e-01,-5.227451324462890625e-01,6.246232390403747559e-01,-5.801579952239990234e-01,0.000000000000000000e+00
-2.254256308078765869e-01,1.891872584819793701e-01,4.820948094129562378e-02,-8.733440041542053223e-01,4.477362334728240967e-01,1.918397694826126099e-01,0.000000000000000000e+00
1.191256791353225708e-01,-1.385372877120971680e-01,-2.370463460683822632e-01,3.490665256977081299e-01,-5.242962837219238281e-01,-7.767019867897033691e-01,0.000000000000000000e+00
-1.027544960379600525e-01,1.130850240588188171e-01,2.499804645776748657e-01,-5.426211953163146973e-01,3.268935084342956543e-01,7.737588882446289062e-01,0.000000000000000000e+00
-1.081985309720039368e-01,2.729290127754211426e-01,7.415541261434555054e-02,-2.610410749912261963e-01,9.465679526329040527e-01,1.893851011991500854e-01,0.000000000000000000e+00
-1.698228865861892700e-01,-1.571685373783111572e-01,1.479125171899795532e-01,-6.576389670372009277e-01,-6.481844782829284668e-01,3.838852345943450928e-01,0.000000000000000000e+00
3.182186186313629150e-02,2.410780191421508789e-01,1.508467346429824829e-01,3.502342104911804199e-01,7.836427688598632812e-01,5.130692720413208008e-01,0.000000000000000000e+00
-2.211506068706512451e-01,7.386562228202819824e-02,1.583807170391082764e-01,-8.446305394172668457e-01,1.279983967542648315e-01,5.198227763175964355e-01,0.000000000000000000e+00
1.244800165295600891e-01,2.466282993555068970e-01,-5.143453553318977356e-02,2.690971791744232178e-01,9.532837867736816406e-01,-1.372468173503875732e-01,0.000000000000000000e+00
-2.727833762764930725e-02,-2.683587670326232910e-01,-3.356426954269409180e-02,-1.016670987010002136e-01,-9.883155226707458496e-01,-1.135615631937980652e-01,0.000000000000000000e+00
5.434845108538866043e-03,1.099245846271514893e-01,2.739010155200958252e-01,2.629682421684265137e-02,3.081190288066864014e-01,9.509842991828918457e-01,0.000000000000000000e+00
1.543313413858413696e-01,-1.198220849037170410e-01,2.152096778154373169e-01,5.991852879524230957e-01,-4.796913266181945801e-01,6.409938931465148926e-01,0.000000000000000000e+00
-2.162846028804779053e-01,1.436086297035217285e-01,-1.452723890542984009e-01,-6.854393482208251953e-01,4.237664639949798584e-01,-5.921105146408081055e-01,0.000000000000000000e+00
1.827305853366851807e-01,2.269553989171981812e-01,-5.032311379909515381e-02,4.444827437400817871e-01,8.938243389129638672e-01,-5.927173048257827759e-02,0.000000000000000000e+00
2.339097559452056885e-01,4.606601223349571228e-02,-1.985547244548797607e-01,6.881259679794311523e-01,2.289442718029022217e-01,-6.885253190994262695e-01,0.000000000000000000e+00
-1.400366723537445068e-01,2.246375828981399536e-01,1.439326554536819458e-01,-5.171802043914794922e-01,7.006958127021789551e-01,4.914773702621459961e-01,0.000000000000000000e+00
-1.329723447561264038e-01,-2.308226376771926880e-01,-4.959922656416893005e-02,-5.626591444015502930e-01,-8.035580515861511230e-01,-1.941885203123092651e-01,0.000000000000000000e+00
-7.251594215631484985e-03,-1.187992841005325317e-02,-2.861969172954559326e-01,3.626637393608689308e-03,1.164891496300697327e-01,-9.931853413581848145e-01,0.000000000000000000e+00
2.586030066013336182e-01,1.358483880758285522e-01,7.291938364505767822e-02,7.860471010208129883e-01,5.314797163009643555e-01,3.156885802745819092e-01,0.000000000000000000e+00
-4.389469325542449951e-02,2.981524765491485596e-01,1.444258634001016617e-02,-2.089873850345611572e-01,9.758788943290710449e-01,6.312452256679534912e-02,0.000000000000000000e+00
-2.471883744001388550e-01,1.518073827028274536e-01,3.520717844367027283e-02,-9.147295355796813965e-01,3.520431220531463623e-01,1.983317732810974121e-01,0.000000000000000000e+00
-1.445869505405426025e-01,-2.275642901659011841e-01,-8.958497084677219391e-03,-4.741097092628479004e-01,-8.789606690406799316e-01,-5.145975574851036072e-02,0.000000000000000000e+00
-1.973998844623565674e-01,9.994502365589141846e-02,-1.884825825691223145e-01,-6.095890402793884277e-01,3.100301325321197510e-01,-7.295769453048706055e-01,0.000000000000000000e+00
2.265341281890869141e-01,-3.010919690132141113e-02,-2.094087898731231689e-01,7.541531324386596680e-01,4.068271443247795105e-02,-6.554372310638427734e-01,0.000000000000000000e+00
2.070710211992263794e-01,1.593383997678756714e-01,1.373756080865859985e-01,5.575213432312011719e-01,6.551266312599182129e-01,5.098813772201538086e-01,0.000000000000000000e+00
1.140957921743392944e-01,2.384082376956939697e-01,4.412510991096496582e-02,1.891109906136989594e-02,9.626520872116088867e-01,2.700801789760589600e-01,0.000000000000000000e+00
-3.838536515831947327e-02,-1.626711525022983551e-02,-2.826777398586273193e-01,-1.305110901594161987e-01,5.120943859219551086e-02,-9.901234507560729980e-01,0.000000000000000000e+00
-2.442759461700916290e-03,2.875184714794158936e-01,5.604677274823188782e-02,1.201751530170440674e-01,9.630356431007385254e-01,2.410814017057418823e-01,0.000000000000000000e+00
1.871193498373031616e-01,-1.716616377234458923e-02,-2.476505786180496216e-01,5.721320509910583496e-01,1.500154007226228714e-02,-8.200243115425109863e-01,0.000000000000000000e+00
2.097621411085128784e-01,-1.863653361797332764e-01,4.435402154922485352e-02,7.571783065795898438e-01,-6.373452544212341309e-01,1.430805325508117676e-01,0.000000000000000000e+00
-1.800268888473510742e-01,2.313103824853897095e-01,-9.271427989006042480e-02,-6.848349571228027344e-01,6.027874946594238281e-01,-4.094487428665161133e-01,0.000000000000000000e+00
-1.759254634380340576e-01,-1.218658685684204102e-01,1.759780347347259521e-01,-7.208859920501708984e-01,-3.845566809177398682e-01,5.765756964683532715e-01,0.000000000000000000e+00
3.778562322258949280e-02,5.827736575156450272e-03,-2.843771278858184814e-01,-8.094990625977516174e-03,1.452636420726776123e-01,-9.893598556518554688e-01,0.000000000000000000e+00
-2.587649822235107422e-01,-5.973329767584800720e-02,4.917833209037780762e-02,-9.469138383865356445e-01,-2.948756217956542969e-01,1.280725151300430298e-01,0.000000000000000000e+00
1.234876811504364014e-01,-2.430839538574218750e-01,-7.369117438793182373e-02,4.111759662628173828e-01,-8.706632852554321289e-01,-2.699624598026275635e-01,0.000000000000000000e+00
7.492813281714916229e-03,7.757919281721115112e-02,-2.281859815120697021e-01,-8.809296041727066040e-02,9.453017711639404297e-01,-3.140768110752105713e-01,0.000000000000000000e+00
3.575756400823593140e-02,-2.725465893745422363e-01,3.062001243233680725e-02,6.995217502117156982e-02,-9.833048582077026367e-01,1.679829210042953491e-01,0.000000000000000000e+00
-5.359632149338722229e-02,-2.020780891180038452e-01,2.064535915851593018e-01,-3.485016822814941406e-01,-7.497678399085998535e-01,5.624897480010986328e-01,0.000000000000000000e+00
-2.456443011760711670e-01,-9.195073693990707397e-02,-9.887161105871200562e-02,-9.104295969009399414e-01,-2.914963960647583008e-01,-2.935094237327575684e-01,0.000000000000000000e+00
-4.493899643421173096e-02,-2.315627224743366241e-02,2.860866189002990723e-01,-2.526361048221588135e-01,4.512956365942955017e-02,9.665083289146423340e-01,0.000000000000000000e+00
2.926284633576869965e-02,2.754277586936950684e-01,6.517353653907775879e-02,4.386879205703735352e-01,8.732908964157104492e-01,2.119336575269699097e-01,0.000000000000000000e+00
-1.016672104597091675e-01,-2.416574060916900635e-01,8.105825632810592651e-02,-3.922059535980224609e-01,-9.013351202011108398e-01,1.837649047374725342e-01,0.000000000000000000e+00
-3.763232007622718811e-02,-2.436951845884323120e-01,-1.240476742386817932e-01,-1.900909990072250366e-01,-9.250527024269104004e-01,-3.288508057594299316e-01,0.000000000000000000e+00
-1.486696451902389526e-01,-5.726019293069839478e-02,-2.401095479726791382e-01,-4.391894042491912842e-01,-2.418136745691299438e-01,-8.652391433715820312e-01,0.000000000000000000e+00
-1.437795758247375488e-01,2.222617268562316895e-01,-1.353135555982589722e-01,-2.749392390251159668e-01,7.271684408187866211e-01,-6.289948225021362305e-01,0.000000000000000000e+00
5.854450166225433350e-02,2.174404263496398926e-01,1.645384430885314941e-01,3.996749520301818848e-01,7.338274121284484863e-01,5.493243932723999023e-01,0.000000000000000000e+00
-2.187803238630294800e-01,1.245372667908668518e-01,1.344104856252670288e-01,-8.031398653984069824e-01,3.063785731792449951e-01,5.109780430793762207e-01,0.000000000000000000e+00
-1.702166907489299774e-02,-1.140248998999595642e-01,-2.666365206241607666e-01,-1.946714520454406738e-01,-4.342236220836639404e-01,-8.795185685157775879e-01,0.000000000000000000e+00
1.755093783140182495e-01,-1.471903920173645020e-01,1.717535704374313354e-01,6.505810618400573730e-01,-5.174158811569213867e-01,5.559002757072448730e-01,0.000000000000000000e+00
9.408695250749588013e-02,1.327247023582458496e-01,2.126186490058898926e-01,1.291372776031494141e-01,6.473087072372436523e-01,7.512090206146240234e-01,0.000000000000000000e+00
1.205984577536582947e-01,-2.502434849739074707e-01,-2.407651767134666443e-02,3.689505159854888916e-01,-9.211986064910888672e-01,-1.235661953687667847e-01,0.000000000000000000e+00
1.817191392183303833e-01,-6.441783905029296875e-02,-2.402567267417907715e-01,4.607155025005340576e-01,-3.081642985343933105e-01,-8.323316574096679688e-01,0.000000000000000000e+00
1.817674934864044189e-01,2.127764970064163208e-01,6.774558871984481812e-02,4.140479862689971924e-01,8.538149595260620117e-01,3.155380785465240479e-01,0.000000000000000000e+00
-1.335691511631011963e-01,9.139539301395416260e-02,2.423152476549148560e-01,-3.964051902294158936e-01,1.314065307378768921e-01,9.086227416992187500e-01,0.000000000000000000e+00
-1.666850596666336060e-01,-1.857162117958068848e-01,-1.173272430896759033e-01,-5.742905735969543457e-01,-7.808657288551330566e-01,-2.458436042070388794e-01,0.000000000000000000e+00
-1.020927950739860535e-01,-1.679213792085647583e-01,2.112796306610107422e-01,-5.239550471305847168e-01,-6.061019301414489746e-01,5.984242558479309082e-01,0.000000000000000000e+00
2.517338693141937256e-01,-1.141396611928939819e-01,-1.221252158284187317e-01,8.678195476531982422e-01,-4.061090648174285889e-01,-2.862947583198547363e-01,0.000000000000000000e+00
-3.903056681156158447e-02,-7.189320772886276245e-02,-2.778884768486022949e-01,-2.832746207714080811e-01,-1.737726479768753052e-01,-9.431641101837158203e-01,0.000000000000000000e+00
5.409905221313238144e-03,9.917703457176685333e-03,2.895300984382629395e-01,5.668292567133903503e-02,-8.985424786806106567e-02,9.943405985832214355e-01,0.000000000000000000e+00
4.134875535964965820e-02,-1.827711015939712524e-01,-2.243178188800811768e-01,1.050388216972351074e-01,-7.200373411178588867e-01,-6.859395503997802734e-01,0.000000000000000000e+00
-6.769236177206039429e-02,2.643953859806060791e-01,1.287045329809188843e-01,-1.028763577342033386e-01,8.991427421569824219e-01,4.253925681114196777e-01,0.000000000000000000e+00
-1.494920998811721802e-01,2.702399492263793945e-01,-1.723316311836242676e-02,-4.823568165302276611e-01,8.759747147560119629e-01,-4.671925271395593882e-04,0.000000000000000000e+00
1.731417626142501831e-01,-2.162916362285614014e-01,-7.432965189218521118e-02,5.057126283645629883e-01,-8.415612578392028809e-01,-1.898139268159866333e-01,0.000000000000000000e+00
2.927098274230957031e-01,8.535340428352355957e-02,-3.737853467464447021e-02,9.723134636878967285e-01,2.175171077251434326e-01,-8.539801090955734253e-02,0.000000000000000000e+00
-1.154057160019874573e-01,2.557308971881866455e-01,-1.051622033119201660e-01,-1.908690333366394043e-01,7.980046272277832031e-01,-5.716271996498107910e-01,0.000000000000000000e+00
1.979256123304367065e-01,-1.984071433544158936e-01,-7.819504290819168091e-02,5.963715910911560059e-01,-7.841105461120605469e-01,-1.717894673347473145e-01,0.000000000000000000e+00
-2.773162722587585449e-01,1.345655694603919983e-02,1.488640997558832169e-02,-9.986581206321716309e-01,2.030868455767631531e-02,4.763928428292274475e-02,0.000000000000000000e+00
-1.897610425949096680e-01,-1.784030497074127197e-01,-8.720096200704574585e-02,-6.721281409263610840e-01,-6.842671036720275879e-01,-2.828822135925292969e-01,0.000000000000000000e+00
2.946588695049285889e-01,-1.660168543457984924e-02,-6.267222017049789429e-02,9.452689290046691895e-01,-1.982446163892745972e-01,-2.591635584831237793e-01,0.000000000000000000e+00
2.512511014938354492e-01,3.965529054403305054e-02,1.611260175704956055e-01,7.948698997497558594e-01,1.605355888605117798e-01,5.851582288742065430e-01,0.000000000000000000e+00
-6.648651510477066040e-02,2.240181267261505127e-01,1.895058006048202515e-01,-2.250305712223052979e-01,7.268490195274353027e-01,6.488850116729736328e-01,0.000000000000000000e+00
1.731504350900650024e-01,-3.819629549980163574e-02,-2.532289922237396240e-01,3.402989804744720459e-01,-2.605427503585815430e-01,-9.035010337829589844e-01,0.000000000000000000e+00
1.118548214435577393e-01,1.882783025503158569e-01,1.495149880647659302e-01,-1.301658153533935547e-01,8.608590960502624512e-01,4.919130504131317139e-01,0.000000000000000000e+00
9.467557072639465332e-02,-2.467781901359558105e-01,-1.026531606912612915e-01,1.274836361408233643e-01,-9.495815634727478027e-01,-2.864310741424560547e-01,0.000000000000000000e+00
-2.165696769952774048e-02,1.380399018526077271e-01,-1.700269430875778198e-01,3.753060102462768555e-01,-9.791173785924911499e-02,-9.217150807380676270e-01,0.000000000000000000e+00
-1.330838203430175781e-01,-6.236790120601654053e-02,-2.469246387481689453e-01,-5.074999928474426270e-01,-2.449747174978256226e-01,-8.260939121246337891e-01,0.000000000000000000e+00
-6.850698590278625488e-02,2.181950658559799194e-01,1.955244839191436768e-01,-1.798666715621948242e-01,7.452212572097778320e-01,6.421006917953491211e-01,0.000000000000000000e+00
1.713085174560546875e-01,-1.828324049711227417e-01,1.330172270536422729e-01,6.181564927101135254e-01,-6.834018230438232422e-01,3.883870840072631836e-01,0.000000000000000000e+00
1.910832226276397705e-01,2.181621640920639038e-01,3.390917554497718811e-02,4.601046741008758545e-01,8.783828616142272949e-01,1.294109225273132324e-01,0.000000000000000000e+00
4.916534572839736938e-02,-1.870617121458053589e-01,-2.187533974647521973e-01,8.472316712141036987e-02,-7.146651744842529297e-01,-6.943166851997375488e-01,0.000000000000000000e+00
-1.604017764329910278e-01,-1.380951851606369019e-01,-1.869384646415710449e-01,-5.716947913169860840e-01,-5.746541619300842285e-01,-5.856088399887084961e-01,0.000000000000000000e+00
-1.519480794668197632e-01,-1.081915646791458130e-01,2.096690684556961060e-01,-6.138041615486145020e-01,-3.578385412693023682e-01,7.037016749382019043e-01,0.000000000000000000e+00
-5.224947631359100342e-02,-2.657932639122009277e-01,2.156511321663856506e-02,-2.718641757965087891e-01,-9.602645635604858398e-01,6.310165673494338989e-02,0.000000000000000000e+00
9.233515709638595581e-02,2.191996574401855469e-01,-1.292191147804260254e-01,-8.797562122344970703e-02,8.564501404762268066e-01,-5.086781382560729980e-01,0.000000000000000000e+00
1.323140114545822144e-01,2.708404557779431343e-03,2.588886022567749023e-01,4.380366206169128418e-01,9.543625055812299252e-04,8.989565968513488770e-01,0.000000000000000000e+00
2.243874818086624146e-01,1.294272243976593018e-01,-1.641513854265213013e-01,6.337230205535888672e-01,4.130242764949798584e-01,-6.540688872337341309e-01,0.000000000000000000e+00
-4.773255810141563416e-02,-2.672740817070007324e-01,1.137537229806184769e-02,-1.594768911600112915e-01,-9.869856834411621094e-01,-2.064919471740722656e-02,0.000000000000000000e+00
-1.185887604951858521e-01,2.358184568583965302e-02,-2.556986510753631592e-01,-3.044278919696807861e-01,2.143202722072601318e-01,-9.281112551689147949e-01,0.000000000000000000e+00
-2.722482383251190186e-01,-2.091660280711948872e-05,-7.672783732414245605e-02,-9.598716497421264648e-01,-1.956364363431930542e-01,-2.009297311305999756e-01,0.000000000000000000e+00
-2.404980510473251343e-01,-7.177717238664627075e-02,1.001406908035278320e-01,-8.622989654541015625e-01,-2.775048315525054932e-01,4.235936105251312256e-01,0.000000000000000000e+00
-2.199777960777282715e-02,-2.671931385993957520e-01,-4.305272549390792847e-02,-1.349412202835083008e-01,-9.703262448310852051e-01,-2.006436586380004883e-01,0.000000000000000000e+00
2.812171280384063721e-01,-2.171653322875499725e-02,-1.096859499812126160e-01,9.470522999763488770e-01,-1.880598664283752441e-01,-2.602410018444061279e-01,0.000000000000000000e+00
1.628427058458328247e-01,3.760751709342002869e-02,2.430822700262069702e-01,5.131936073303222656e-01,1.653236299753189087e-01,8.421997427940368652e-01,0.000000000000000000e+00
9.929408133029937744e-02,-2.006383389234542847e-01,1.898412108421325684e-01,3.431563377380371094e-01,-7.744362354278564453e-01,5.315000414848327637e-01,0.000000000000000000e+00
8.220601826906204224e-03,1.386612355709075928e-01,-1.542984694242477417e-01,3.620357513427734375e-01,-2.685717940330505371e-01,-8.926361799240112305e-01,0.000000000000000000e+00
-9.768541157245635986e-02,-1.778946965932846069e-01,-1.944358050823211670e-01,-3.713805973529815674e-01,-6.955420374870300293e-01,-6.150591373443603516e-01,0.000000000000000000e+00
2.377163618803024292e-01,1.569104641675949097e-01,8.948145806789398193e-02,7.908552289009094238e-01,5.258684754371643066e-01,3.130661249160766602e-01,0.000000000000000000e+00
-1.524726301431655884e-01,-1.684780269861221313e-01,-1.623159199953079224e-01,-5.061759948730468750e-01,-6.554834246635437012e-01,-5.604706406593322754e-01,0.000000000000000000e+00
2.618971765041351318e-01,1.509134322404861450e-01,-5.261154100298881531e-02,8.737534284591674805e-01,4.697071611881256104e-01,-1.262145936489105225e-01,0.000000000000000000e+00
9.528273344039916992e-02,-1.550822556018829346e-01,-2.353716343641281128e-01,2.732895016670227051e-01,-5.299303531646728516e-01,-8.027992844581604004e-01,0.000000000000000000e+00
-2.008995860815048218e-01,1.198625117540359497e-01,-1.769672185182571411e-01,-5.896353125572204590e-01,3.953588604927062988e-01,-7.042879462242126465e-01,0.000000000000000000e+00
1.716310530900955200e-01,1.597019433975219727e-01,-1.800959110260009766e-01,3.271723985671997070e-01,6.567044854164123535e-01,-6.794831752777099609e-01,0.000000000000000000e+00
2.572358250617980957e-01,1.501563489437103271e-01,-7.675032317638397217e-02,8.378457427024841309e-01,4.981066584587097168e-01,-2.233925461769104004e-01,0.000000000000000000e+00
7.027870044112205505e-03,-2.561482787132263184e-01,-1.025328487157821655e-01,-4.221906419843435287e-03,-9.400020241737365723e-01,-3.411427140235900879e-01,0.000000000000000000e+00
2.445999085903167725e-01,1.781179457902908325e-01,-2.948265150189399719e-02,7.588689923286437988e-01,6.484588980674743652e-01,-6.015716865658760071e-02,0.000000000000000000e+00
-2.774772346019744873e-01,-1.889523700810968876e-03,-4.484798759222030640e-02,-9.752034544944763184e-01,-2.195535451173782349e-01,-2.782924845814704895e-02,0.000000000000000000e+00
-5.002273991703987122e-02,1.378574520349502563e-01,-1.887891292572021484e-01,4.411027431488037109e-01,3.481675088405609131e-01,-8.271685242652893066e-01,0.000000000000000000e+00
8.841658942401409149e-03,8.033442497253417969e-02,-2.196028381586074829e-01,5.980424582958221436e-03,9.660280346870422363e-01,-2.583680450916290283e-01,0.000000000000000000e+00
-2.389283329248428345e-01,1.392924189567565918e-01,8.052388578653335571e-02,-8.715800046920776367e-01,3.621924519538879395e-01,3.304010927677154541e-01,0.000000000000000000e+00
1.328689455986022949e-01,1.346172243356704712e-01,2.116238921880722046e-01,2.385803312063217163e-01,6.158286333084106445e-01,7.508891224861145020e-01,0.000000000000000000e+00
-4.173927009105682373e-02,1.157895028591156006e-01,2.682695686817169189e-01,-1.647760719060897827e-01,2.684549689292907715e-01,9.490947127342224121e-01,0.000000000000000000e+00
-2.175209373235702515e-01,1.280509680509567261e-01,1.342831701040267944e-01,-8.031398653984069824e-01,3.063785731792449951e-01,5.109780430793762207e-01,0.000000000000000000e+00
2.222819775342941284e-01,-6.891713291406631470e-02,-2.050276398658752441e-01,7.145868539810180664e-01,-1.905560344457626343e-01,-6.730929017066955566e-01,0.000000000000000000e+00
1.538757681846618652e-01,2.404567599296569824e-01,1.614445075392723083e-02,2.870685458183288574e-01,9.244202375411987305e-01,2.510755062103271484e-01,0.000000000000000000e+00
7.398299127817153931e-02,1.965229809284210205e-01,-1.526775062084197998e-01,-2.649829387664794922e-01,6.746720075607299805e-01,-6.889134049415588379e-01,0.000000000000000000e+00
-2.058076858520507812e-01,1.962258368730545044e-01,8.924224227666854858e-02,-7.593849301338195801e-01,5.290672183036804199e-01,3.787115514278411865e-01,0.000000000000000000e+00
6.328440457582473755e-02,-2.085103541612625122e-01,-1.919530779123306274e-01,2.057995200157165527e-01,-7.399975657463073730e-01,-6.403515934944152832e-01,0.000000000000000000e+00
2.853466272354125977e-01,9.364252910017967224e-04,-1.060389503836631775e-01,9.643865823745727539e-01,-3.997363150119781494e-02,-2.614586353302001953e-01,0.000000000000000000e+00
9.364484995603561401e-02,-1.178494840860366821e-01,-2.592773139476776123e-01,3.237132728099822998e-01,-3.560839593410491943e-01,-8.765922188758850098e-01,0.000000000000000000e+00
-1.932285577058792114e-01,-7.993342727422714233e-02,-1.958077847957611084e-01,-6.356344223022460938e-01,-3.062780797481536865e-01,-7.086343169212341309e-01,0.000000000000000000e+00
7.636516541242599487e-02,1.803294569253921509e-01,1.855871975421905518e-01,7.679094672203063965e-01,5.340161323547363281e-01,3.537538349628448486e-01,0.000000000000000000e+00
8.266849070787429810e-02,2.330655157566070557e-01,5.301116034388542175e-02,3.814048469066619873e-01,9.022284746170043945e-01,2.012812048196792603e-01,0.000000000000000000e+00
-2.536783218383789062e-01,7.292804867029190063e-02,-1.233732402324676514e-01,-8.941701054573059082e-01,2.134958058595657349e-01,-3.935472071170806885e-01,0.000000000000000000e+00
-9.901403449475765228e-03,2.469034940004348755e-01,1.646621823310852051e-01,3.982558846473693848e-02,8.828186988830566406e-01,4.680224955081939697e-01,0.000000000000000000e+00
2.861239612102508545e-01,-6.206079572439193726e-02,2.462062053382396698e-02,9.423900246620178223e-01,-3.224166333675384521e-01,8.915488421916961670e-02,0.000000000000000000e+00
2.134408988058567047e-02,1.752554625272750854e-01,-1.461829245090484619e-01,6.628026366233825684e-01,3.156559467315673828e-01,-6.790096163749694824e-01,0.000000000000000000e+00
-2.344442754983901978e-01,-1.346910446882247925e-01,-2.100831829011440277e-02,-8.729454874992370605e-01,-4.800235033035278320e-01,8.685396611690521240e-02,0.000000000000000000e+00
-6.087309122085571289e-02,2.593792676925659180e-01,1.409178674221038818e-01,-1.422004848718643188e-01,8.741894364356994629e-01,4.642972052097320557e-01,0.000000000000000000e+00
3.414828702807426453e-02,-2.013625502586364746e-01,-2.056737095117568970e-01,1.143347248435020447e-01,-7.886766791343688965e-01,-6.040833592414855957e-01,0.000000000000000000e+00
1.824237257242202759e-01,-1.549584120512008667e-01,1.551931202411651611e-01,6.612539291381835938e-01,-6.122957468032836914e-01,4.334018230438232422e-01,0.000000000000000000e+00
3.114910610020160675e-02,-2.321827709674835205e-01,1.787170320749282837e-01,1.259714961051940918e-01,-9.135349392890930176e-01,3.867623209953308105e-01,0.000000000000000000e+00
-4.803418368101119995e-02,1.159269660711288452e-01,-1.978530287742614746e-01,5.260476469993591309e-01,5.441336631774902344e-01,-6.535995602607727051e-01,0.000000000000000000e+00
-4.616523161530494690e-02,2.108998894691467285e-01,-1.550422459840774536e-01,8.893263339996337891e-02,5.490055084228515625e-01,-8.310739994049072266e-01,0.000000000000000000e+00
1.705627888441085815e-01,1.675667762756347656e-01,-1.730053126811981201e-01,3.256145417690277100e-01,6.576400399208068848e-01,-6.793267130851745605e-01,0.000000000000000000e+00
1.258285492658615112e-01,1.439138203859329224e-01,2.044731229543685913e-01,7.071717083454132080e-02,5.901280641555786133e-01,8.042064309120178223e-01,0.000000000000000000e+00
1.824848651885986328e-01,-1.503353118896484375e-01,-1.938283294439315796e-01,4.709323942661285400e-01,-6.459087133407592773e-01,-6.008532047271728516e-01,0.000000000000000000e+00
5.571238696575164795e-02,1.083111166954040527e-01,2.594142258167266846e-01,4.679084718227386475e-01,4.000810682773590088e-01,7.880334854125976562e-01,0.000000000000000000e+00
-3.165147826075553894e-02,2.753691673278808594e-01,-8.657180517911911011e-02,5.431437119841575623e-02,8.663058876991271973e-01,-4.965521395206451416e-01,0.000000000000000000e+00
1.526259630918502808e-01,2.251772582530975342e-01,6.724614650011062622e-02,2.487052679061889648e-01,9.274827837944030762e-01,2.791440486907958984e-01,0.000000000000000000e+00
2.180192619562149048e-01,2.053414583206176758e-01,-2.253003790974617004e-02,6.325421333312988281e-01,7.717071175575256348e-01,-6.601966172456741333e-02,0.000000000000000000e+00
5.055508762598037720e-02,-2.636736333370208740e-01,-6.807420402765274048e-02,1.511329412460327148e-01,-9.810132980346679688e-01,-1.215390488505363464e-01,0.000000000000000000e+00
1.033734902739524841e-01,-2.502000033855438232e-01,7.146422564983367920e-02,3.496491312980651855e-01,-9.085683226585388184e-01,2.285805195569992065e-01,0.000000000000000000e+00
8.520966768264770508e-02,2.435685992240905762e-01,-4.657065495848655701e-02,-3.704346716403961182e-01,9.271634817123413086e-01,-5.608965083956718445e-02,0.000000000000000000e+00
-5.985080078244209290e-02,6.545241177082061768e-02,-2.499085068702697754e-01,-4.235932230949401855e-02,6.661070585250854492e-01,-7.446523308753967285e-01,0.000000000000000000e+00
1.971428841352462769e-01,1.456091254949569702e-01,-1.764195114374160767e-01,5.033486485481262207e-01,5.373538732528686523e-01,-6.766764521598815918e-01,0.000000000000000000e+00
-2.575224936008453369e-01,-7.381003350019454956e-02,-6.986741721630096436e-02,-9.770193099975585938e-01,-1.972436606884002686e-01,-8.079718053340911865e-02,0.000000000000000000e+00
-1.761532425880432129e-01,-2.040491998195648193e-01,1.051434315741062164e-02,-7.060523033142089844e-01,-6.990641355514526367e-01,1.131350323557853699e-01,0.000000000000000000e+00
-2.126899957656860352e-01,-1.335227191448211670e-01,9.568207710981369019e-02,-8.753531575202941895e-01,-3.568361699581146240e-01,3.262282013893127441e-01,0.000000000000000000e+00
6.053169444203376770e-02,-2.438163012266159058e-01,1.374953091144561768e-01,1.762529313564300537e-01,-9.414671659469604492e-01,2.873578071594238281e-01,0.000000000000000000e+00
3.548939526081085205e-02,-1.771027743816375732e-01,2.453505694866180420e-01,1.469816118478775024e-01,-6.451075673103332520e-01,7.498217225074768066e-01,0.000000000000000000e+00
7.866046577692031860e-02,-2.335781306028366089e-01,-1.481203436851501465e-01,1.586870998144149780e-01,-8.994786739349365234e-01,-4.071320295333862305e-01,0.000000000000000000e+00
2.903087139129638672e-01,5.024955421686172485e-02,-8.992490172386169434e-02,9.423750042915344238e-01,5.734622851014137268e-02,-3.296070098876953125e-01,0.000000000000000000e+00
-1.771361082792282104e-01,1.862861067056655884e-01,1.485486328601837158e-01,-6.425511837005615234e-01,5.875742435455322266e-01,4.918175339698791504e-01,0.000000000000000000e+00
1.679020076990127563e-01,-1.187150552868843079e-01,-2.268005758523941040e-01,4.296884834766387939e-01,-5.271423459053039551e-01,-7.331362366676330566e-01,0.000000000000000000e+00
-1.038150936365127563e-01,1.047480851411819458e-01,2.527403831481933594e-01,-5.443657040596008301e-01,3.142512738704681396e-01,7.777609229087829590e-01,0.000000000000000000e+00
1.021493747830390930e-01,1.493902653455734253e-01,-1.985724568367004395e-01,-1.170897409319877625e-01,5.880141258239746094e-01,-8.003308176994323730e-01,0.000000000000000000e+00
1.054312568157911301e-02,6.260459776967763901e-03,-2.837224900722503662e-01,-5.643273517489433289e-02,1.777234077453613281e-01,-9.824610352516174316e-01,0.000000000000000000e+00
-3.020923770964145660e-02,2.646884322166442871e-01,1.325804293155670166e-01,3.273928165435791016e-02,8.738861680030822754e-01,4.850269258022308350e-01,0.000000000000000000e+00
2.188012748956680298e-01,1.605499908328056335e-02,-2.190031111240386963e-01,6.747287511825561523e-01,6.918114423751831055e-02,-7.348163723945617676e-01,0.000000000000000000e+00
-1.522573083639144897e-01,9.857059270143508911e-02,-2.175655514001846313e-01,-3.381316661834716797e-01,4.693736433982849121e-01,-8.156931400299072266e-01,0.000000000000000000e+00
-7.496175169944763184e-02,-5.663939192891120911e-02,2.761579751968383789e-01,-4.120723009109497070e-01,-5.439848825335502625e-02,9.095258116722106934e-01,0.000000000000000000e+00
-2.745887637138366699e-01,2.679444104433059692e-02,3.720141947269439697e-02,-9.756842255592346191e-01,1.447350084781646729e-01,1.645966768264770508e-01,0.000000000000000000e+00
-1.018806844949722290e-01,1.400694549083709717e-01,2.393757998943328857e-01,-3.363855481147766113e-01,3.456018269062042236e-01,8.760160803794860840e-01,0.000000000000000000e+00
-2.725053727626800537e-01,-2.945202775299549103e-02,-9.385585784912109375e-03,-9.758304953575134277e-01,-2.113884538412094116e-01,5.540589615702629089e-02,0.000000000000000000e+00
1.680674105882644653e-01,1.464686989784240723e-01,-1.952657699584960938e-01,2.923049926757812500e-01,7.036645412445068359e-01,-6.476218104362487793e-01,0.000000000000000000e+00
1.708410531282424927e-01,-1.835121810436248779e-01,-1.656863689422607422e-01,4.053419232368469238e-01,-7.392711639404296875e-01,-5.377508997917175293e-01,0.000000000000000000e+00
-1.279159337282180786e-01,-9.907966107130050659e-02,2.337789982557296753e-01,-5.790865421295166016e-01,-3.023977875709533691e-01,7.571092247962951660e-01,0.000000000000000000e+00
-1.628275364637374878e-01,5.920037627220153809e-02,2.288620620965957642e-01,-7.048924565315246582e-01,1.790450960397720337e-01,6.863450407981872559e-01,0.000000000000000000e+00
-6.646880647167563438e-04,-9.006681293249130249e-02,-2.792527973651885986e-01,-1.058641150593757629e-01,-3.488826453685760498e-01,-9.311679005622863770e-01,0.000000000000000000e+00
3.608348593115806580e-02,2.590398788452148438e-01,-6.836453825235366821e-02,7.216419577598571777e-01,5.629421472549438477e-01,-4.029007852077484131e-01,0.000000000000000000e+00
2.145854979753494263e-01,2.059337794780731201e-01,-4.487929493188858032e-02,6.836426854133605957e-01,7.293862700462341309e-01,-2.506592310965061188e-02,0.000000000000000000e+00
2.314321249723434448e-01,-9.525630623102188110e-02,1.466493159532546997e-01,7.110137343406677246e-01,-4.757336974143981934e-01,5.178194046020507812e-01,0.000000000000000000e+00
9.796486794948577881e-02,1.251599639654159546e-01,-2.170189470052719116e-01,-7.331535965204238892e-02,5.660753846168518066e-01,-8.210868239402770996e-01,0.000000000000000000e+00
-2.582405805587768555e-01,-5.226804688572883606e-02,6.227556243538856506e-02,-9.165452122688293457e-01,-1.804044097661972046e-01,3.569301068782806396e-01,0.000000000000000000e+00
-1.156140193343162537e-01,-2.119331359863281250e-01,-1.341557502746582031e-01,-4.186629354953765869e-01,-8.020043969154357910e-01,-4.260402321815490723e-01,0.000000000000000000e+00
-2.714320421218872070e-01,5.727648735046386719e-02,4.411825537681579590e-02,-9.857776761054992676e-01,1.386589407920837402e-01,9.495296329259872437e-02,0.000000000000000000e+00
-2.238934934139251709e-01,-1.045293062925338745e-01,-1.368882954120635986e-01,-7.566126585006713867e-01,-4.600747525691986084e-01,-4.646165072917938232e-01,0.000000000000000000e+00
2.274890989065170288e-01,7.240694761276245117e-02,-1.959048807621002197e-01,6.605150103569030762e-01,1.730900853872299194e-01,-7.305886149406433105e-01,0.000000000000000000e+00
-2.040478289127349854e-01,9.590991586446762085e-02,1.742701381444931030e-01,-7.517324090003967285e-01,3.064052164554595947e-01,5.839642286300659180e-01,0.000000000000000000e+00
-6.038587540388107300e-02,5.920327082276344299e-02,2.798265814781188965e-01,-2.643858194351196289e-01,1.225905790925025940e-01,9.565938115119934082e-01,0.000000000000000000e+00
1.608726084232330322e-01,-2.293034046888351440e-01,1.371687185019254684e-02,3.888278901576995850e-01,-9.213094711303710938e-01,1.303166616708040237e-03,0.000000000000000000e+00
1.863295435905456543e-01,1.430776268243789673e-01,1.764603406190872192e-01,6.095631718635559082e-01,4.702091813087463379e-01,6.382288336753845215e-01,0.000000000000000000e+00
-1.875051409006118774e-01,-1.037845015525817871e-02,2.084864377975463867e-01,-6.905733346939086914e-01,3.241828456521034241e-02,7.225354909896850586e-01,0.000000000000000000e+00
1.554511636495590210e-01,5.718137696385383606e-02,-2.503596544265747070e-01,2.857804596424102783e-01,3.597917556762695312e-01,-8.881888389587402344e-01,0.000000000000000000e+00
2.624608576297760010e-01,-9.725908935070037842e-02,-1.084538772702217102e-01,9.122858047485351562e-01,-3.242873847484588623e-01,-2.501446008682250977e-01,0.000000000000000000e+00
2.099220408126711845e-03,2.775476872920989990e-01,8.873938024044036865e-02,2.607554495334625244e-01,8.997940421104431152e-01,3.498246073722839355e-01,0.000000000000000000e+00
-2.085320651531219482e-01,2.094271630048751831e-01,-7.635682821273803711e-02,-6.896066069602966309e-01,6.513654589653015137e-01,-3.164897859096527100e-01,0.000000000000000000e+00
1.308898478746414185e-01,1.426700949668884277e-01,-2.050597667694091797e-01,1.099931225180625916e-01,5.976229310035705566e-01,-7.941966652870178223e-01,0.000000000000000000e+00
1.643360853195190430e-01,1.316777020692825317e-01,2.021714150905609131e-01,4.220603704452514648e-01,5.869380831718444824e-01,6.909187436103820801e-01,0.000000000000000000e+00
3.134025260806083679e-02,-1.565547138452529907e-01,2.608049213886260986e-01,6.925287097692489624e-02,-5.424722433090209961e-01,8.372143507003784180e-01,0.000000000000000000e+00
-1.262418329715728760e-01,1.117790341377258301e-01,2.389625459909439087e-01,-4.708552360534667969e-01,2.319416403770446777e-01,8.511747121810913086e-01,0.000000000000000000e+00
-1.701498329639434814e-01,-1.210349276661872864e-01,1.833559721708297729e-01,-6.486924290657043457e-01,-3.685722351074218750e-01,6.658473014831542969e-01,0.000000000000000000e+00
2.912817336618900299e-02,-1.099851056933403015e-01,-2.720668911933898926e-01,-5.147529765963554382e-02,-4.555248022079467773e-01,-8.887336254119873047e-01,0.000000000000000000e+00
8.271500468254089355e-02,1.557884365320205688e-01,-1.894619017839431763e-01,-2.587968707084655762e-01,5.396387577056884766e-01,-8.011330962181091309e-01,0.000000000000000000e+00
-8.097396790981292725e-02,-2.477387040853500366e-01,-7.224756479263305664e-02,-3.526257872581481934e-01,-9.057187438011169434e-01,-2.352202832698822021e-01,0.000000000000000000e+00
-1.761990785598754883e-01,2.512277662754058838e-01,1.839982531964778900e-02,-5.957357287406921387e-01,7.868751883506774902e-01,1.610169112682342529e-01,0.000000000000000000e+00
1.497390270233154297e-01,2.430831193923950195e-01,3.644752781838178635e-03,2.097023129463195801e-01,9.765365123748779297e-01,-4.900337010622024536e-02,0.000000000000000000e+00
1.059666424989700317e-01,-2.470802664756774902e-01,-8.393171429634094238e-02,3.845975399017333984e-01,-8.950057029724121094e-01,-2.259415090084075928e-01,0.000000000000000000e+00
-1.569421887397766113e-01,-1.440035700798034668e-01,1.777812540531158447e-01,-6.164248585700988770e-01,-5.451931357383728027e-01,5.681415796279907227e-01,0.000000000000000000e+00
2.643769979476928711e-02,-1.760319024324417114e-01,2.468633502721786499e-01,-2.532781474292278290e-02,-6.928395032882690430e-01,7.206469178199768066e-01,0.000000000000000000e+00
3.738550841808319092e-02,-1.194153353571891785e-01,2.789479792118072510e-01,9.567791223526000977e-02,-2.474730461835861206e-01,9.641591310501098633e-01,0.000000000000000000e+00
-1.474798023700714111e-01,2.695848047733306885e-02,-2.419700622558593750e-01,-4.530867934226989746e-01,1.604808717966079712e-01,-8.769026398658752441e-01,0.000000000000000000e+00
1.521008163690567017e-01,6.750129908323287964e-02,2.405411005020141602e-01,5.109025835990905762e-01,2.438873797655105591e-01,8.243163824081420898e-01,0.000000000000000000e+00
-1.478074342012405396e-01,6.123630329966545105e-02,2.400065362453460693e-01,-5.734050273895263672e-01,3.281703218817710876e-02,8.186145424842834473e-01,0.000000000000000000e+00
-1.496549099683761597e-01,-1.560663990676403046e-02,-2.446306198835372925e-01,-5.090708732604980469e-01,-3.935675323009490967e-02,-8.598243594169616699e-01,0.000000000000000000e+00
8.598265796899795532e-02,-1.543452292680740356e-01,2.446755021810531616e-01,4.018380343914031982e-01,-5.995026826858520508e-01,6.921868920326232910e-01,0.000000000000000000e+00
1.989712566137313843e-01,2.144320011138916016e-01,-6.215797364711761475e-02,6.029734015464782715e-01,7.730395793914794922e-01,-1.970606446266174316e-01,0.000000000000000000e+00
1.234285086393356323e-01,7.298130542039871216e-02,2.490321844816207886e-01,2.385110259056091309e-01,4.283894300460815430e-01,8.715474605560302734e-01,0.000000000000000000e+00
6.927821785211563110e-02,1.321447193622589111e-01,2.339257001876831055e-01,6.334426999092102051e-01,3.518694341182708740e-01,6.891576051712036133e-01,0.000000000000000000e+00
-2.581754624843597412e-01,-7.161538302898406982e-02,-6.752534210681915283e-02,-9.501260519027709961e-01,-2.613796889781951904e-01,-1.701211035251617432e-01,0.000000000000000000e+00
1.854224950075149536e-01,-1.775870770215988159e-01,-1.598938554525375366e-01,5.096608400344848633e-01,-7.221976518630981445e-01,-4.676285088062286377e-01,0.000000000000000000e+00
-5.309813097119331360e-02,1.927505284547805786e-01,2.251794487237930298e-01,-2.027152478694915771e-01,6.222798228263854980e-01,7.560914754867553711e-01,0.000000000000000000e+00
-7.484172284603118896e-02,-2.594634890556335449e-01,5.701575719285756350e-05,-3.329193592071533203e-01,-9.427435398101806641e-01,-1.998232305049896240e-02,0.000000000000000000e+00
-1.508182585239410400e-01,-1.608287394046783447e-01,1.668657362461090088e-01,-6.385709643363952637e-01,-6.357698440551757812e-01,4.336171746253967285e-01,0.000000000000000000e+00
-7.254584878683090210e-02,2.831302285194396973e-01,-6.919903308153152466e-02,-1.220569238066673279e-01,8.810550570487976074e-01,-4.569945931434631348e-01,0.000000000000000000e+00
1.299377828836441040e-01,1.892877519130706787e-01,1.508809179067611694e-01,1.509294211864471436e-01,8.635212779045104980e-01,4.811977744102478027e-01,0.000000000000000000e+00
-1.225084438920021057e-01,-1.969839930534362793e-01,-1.522499918937683105e-01,-4.835275411605834961e-01,-7.276983857154846191e-01,-4.864732027053833008e-01,0.000000000000000000e+00
-1.726132482290267944e-01,1.853247433900833130e-01,-1.538216620683670044e-01,-4.274092316627502441e-01,5.954328775405883789e-01,-6.802800893783569336e-01,0.000000000000000000e+00
-1.227710694074630737e-01,-1.112074404954910278e-01,2.321279346942901611e-01,-5.534651875495910645e-01,-4.018779397010803223e-01,7.295001149177551270e-01,0.000000000000000000e+00
-2.576467394828796387e-01,7.922825962305068970e-02,8.259455859661102295e-02,-9.309301376342773438e-01,1.304002106189727783e-01,3.411230146884918213e-01,0.000000000000000000e+00
-8.413358777761459351e-02,-9.995105117559432983e-02,-2.568062543869018555e-01,-2.480353564023971558e-01,-4.821258485317230225e-01,-8.402577638626098633e-01,0.000000000000000000e+00
2.836728096008300781e-01,1.161579638719558716e-01,-3.112832200713455677e-04,9.300576448440551758e-01,3.669877052307128906e-01,1.768582500517368317e-02,0.000000000000000000e+00
-1.342463027685880661e-02,1.260857582092285156e-01,-1.965230107307434082e-01,-1.275985836982727051e-01,6.564487218856811523e-01,-7.435009479522705078e-01,0.000000000000000000e+00
-3.566763550043106079e-02,2.170704007148742676e-01,2.046902626752853394e-01,-1.841290891170501709e-01,7.165352106094360352e-01,6.728103756904602051e-01,0.000000000000000000e+00
-2.609504163265228271e-01,7.305096089839935303e-02,7.594013959169387817e-02,-9.309301376342773438e-01,1.304002106189727783e-01,3.411230146884918213e-01,0.000000000000000000e+00
-1.795727461576461792e-01,-1.916272193193435669e-01,-7.850316911935806274e-02,-6.462557315826416016e-01,-7.341866493225097656e-01,-2.081429213285446167e-01,0.000000000000000000e+00
2.078036218881607056e-01,-4.603940993547439575e-03,2.119096517562866211e-01,7.255546450614929199e-01,-2.000786596909165382e-03,6.881616711616516113e-01,0.000000000000000000e+00
-1.445175260305404663e-01,-2.224935442209243774e-01,-5.255317315459251404e-02,-5.364763736724853516e-01,-8.342615962028503418e-01,-1.272820085287094116e-01,0.000000000000000000e+00
-1.333551574498414993e-02,2.118408530950546265e-01,-1.483654379844665527e-01,2.651621401309967041e-01,5.444279909133911133e-01,-7.957934737205505371e-01,0.000000000000000000e+00
-1.319583356380462646e-01,-2.336436957120895386e-01,-1.641094870865345001e-02,-4.746086895465850830e-01,-8.801878094673156738e-01,-4.001926165074110031e-03,0.000000000000000000e+00
4.303796961903572083e-02,2.440321296453475952e-01,-7.831154763698577881e-02,6.141790747642517090e-01,6.690180301666259766e-01,-4.185676872730255127e-01,0.000000000000000000e+00
1.167767588049173355e-02,-1.463242322206497192e-01,-2.526115179061889648e-01,1.161347888410091400e-02,-4.756286144256591797e-01,-8.795695304870605469e-01,0.000000000000000000e+00
-1.779840290546417236e-01,1.000275239348411560e-01,-2.035320699214935303e-01,-4.620323777198791504e-01,3.525450527667999268e-01,-8.137801289558410645e-01,0.000000000000000000e+00
2.204034477472305298e-01,1.173113659024238586e-01,1.637845486402511597e-01,7.315407395362854004e-01,4.357797205448150635e-01,5.243511795997619629e-01,0.000000000000000000e+00
3.694207640364766121e-03,-1.956759095191955566e-01,2.315436601638793945e-01,-1.451872475445270538e-02,-7.307932376861572266e-01,6.824444532394409180e-01,0.000000000000000000e+00
-6.014457717537879944e-02,1.693019717931747437e-01,2.413408756256103516e-01,-2.433252185583114624e-01,4.778831899166107178e-01,8.440500497817993164e-01,0.000000000000000000e+00
-1.671397089958190918e-01,-1.868151575326919556e-01,1.050831079483032227e-01,-7.195104956626892090e-01,-5.894552469253540039e-01,3.672153949737548828e-01,0.000000000000000000e+00
1.292848736047744751e-01,-1.799781620502471924e-01,-1.990130394697189331e-01,3.831747174263000488e-01,-6.708744764328002930e-01,-6.349051594734191895e-01,0.000000000000000000e+00
-8.209488540887832642e-02,-2.051565647125244141e-01,-1.705690175294876099e-01,-3.490972816944122314e-01,-7.205199599266052246e-01,-5.991511344909667969e-01,0.000000000000000000e+00
-2.173398286104202271e-01,2.165678329765796661e-02,-1.896492987871170044e-01,-7.688076496124267578e-01,1.926342546939849854e-01,-6.097760796546936035e-01,0.000000000000000000e+00
6.599255371838808060e-03,-1.908318102359771729e-01,-2.181850522756576538e-01,-1.600663550198078156e-02,-7.328476905822753906e-01,-6.802043914794921875e-01,0.000000000000000000e+00
-2.005374580621719360e-01,9.623532742261886597e-02,1.787759661674499512e-01,-7.853249311447143555e-01,2.893215715885162354e-01,5.473187565803527832e-01,0.000000000000000000e+00
-1.939168870449066162e-01,-1.421478539705276489e-01,1.256926655769348145e-01,-7.540339231491088867e-01,-4.693209528923034668e-01,4.595331251621246338e-01,0.000000000000000000e+00
1.791212111711502075e-01,-2.136858403682708740e-01,4.687242582440376282e-02,5.723812580108642578e-01,-7.417734861373901367e-01,3.495022356510162354e-01,0.000000000000000000e+00
-2.398448735475540161e-01,-1.231134012341499329e-01,1.214616931974887848e-02,-9.004298448562622070e-01,-4.258607327938079834e-01,8.870594203472137451e-02,0.000000000000000000e+00
2.004603594541549683e-01,-1.794327497482299805e-01,9.242236614227294922e-02,6.860169768333435059e-01,-6.478903293609619141e-01,3.310873508453369141e-01,0.000000000000000000e+00
-2.002645134925842285e-01,-2.183806896209716797e-02,-2.064201086759567261e-01,-7.554523348808288574e-01,-9.187006205320358276e-02,-6.487307548522949219e-01,0.000000000000000000e+00
-2.300568222999572754e-01,-1.381144672632217407e-01,-6.003122776746749878e-02,-8.969051837921142578e-01,-4.374062716960906982e-01,-6.509135663509368896e-02,0.000000000000000000e+00
-2.337335795164108276e-01,4.673032090067863464e-02,-1.678474992513656616e-01,-7.152332067489624023e-01,2.310947328805923462e-01,-6.595730781555175781e-01,0.000000000000000000e+00
-2.385012507438659668e-01,-9.976771473884582520e-02,7.387687265872955322e-02,-8.679828047752380371e-01,-4.632062613964080811e-01,1.790134608745574951e-01,0.000000000000000000e+00
-6.274644285440444946e-02,-1.604717969894409180e-01,2.419692873954772949e-01,-3.666206002235412598e-01,-5.606946945190429688e-01,7.424356937408447266e-01,0.000000000000000000e+00
-5.020963773131370544e-02,2.944813966751098633e-01,-4.511197283864021301e-02,-2.429958246648311615e-02,9.139754176139831543e-01,-4.050413668155670166e-01,0.000000000000000000e+00
-1.983990669250488281e-01,-5.269584432244300842e-02,-2.018328607082366943e-01,-7.010101675987243652e-01,-8.430221676826477051e-02,-7.081510424613952637e-01,0.000000000000000000e+00
-2.221535444259643555e-01,-1.485635638236999512e-01,-6.338575482368469238e-02,-7.438820600509643555e-01,-6.350567340850830078e-01,-2.081885039806365967e-01,0.000000000000000000e+00
1.173760145902633667e-01,-8.302442729473114014e-02,-2.667878270149230957e-01,3.082425892353057861e-01,-3.004221916198730469e-01,-9.026256203651428223e-01,0.000000000000000000e+00
1.281411945819854736e-01,2.249251008033752441e-01,-1.135779544711112976e-01,1.989183127880096436e-01,8.907399177551269531e-01,-4.086733758449554443e-01,0.000000000000000000e+00
-1.830307990312576294e-01,-1.267061531543731689e-01,-1.744163632392883301e-01,-6.432302594184875488e-01,-5.014858841896057129e-01,-5.785902738571166992e-01,0.000000000000000000e+00
-1.742941141128540039e-01,-6.371329724788665771e-02,-2.196260690689086914e-01,-6.181598901748657227e-01,-3.072125613689422607e-01,-7.235321402549743652e-01,0.000000000000000000e+00
-1.437425334006547928e-02,1.504184305667877197e-01,-1.672059297561645508e-01,4.358763098716735840e-01,1.005188077688217163e-01,-8.943756818771362305e-01,0.000000000000000000e+00
-1.717420518398284912e-01,2.082084715366363525e-01,-1.330513656139373779e-01,-4.837084710597991943e-01,6.950453519821166992e-01,-5.319192409515380859e-01,0.000000000000000000e+00
-5.756578594446182251e-02,-2.185867428779602051e-01,-1.657678335905075073e-01,-3.280293643474578857e-01,-8.269036412239074707e-01,-4.567572176456451416e-01,0.000000000000000000e+00
-7.012903690338134766e-02,-1.073988825082778931e-01,2.663210034370422363e-01,-3.583212196826934814e-01,-4.377391040325164795e-01,8.246152997016906738e-01,0.000000000000000000e+00
-2.337917238473892212e-01,7.290872186422348022e-02,1.370600908994674683e-01,-8.822982311248779297e-01,1.435781121253967285e-01,4.482578635215759277e-01,0.000000000000000000e+00
-5.324959009885787964e-02,1.122272908687591553e-01,2.669635117053985596e-01,-1.347134560346603394e-01,4.842216670513153076e-01,8.645123839378356934e-01,0.000000000000000000e+00
2.056112587451934814e-01,1.474810391664505005e-01,-1.678448021411895752e-01,5.762119889259338379e-01,5.557497739791870117e-01,-5.992678403854370117e-01,0.000000000000000000e+00
2.843679487705230713e-01,9.390319138765335083e-02,-7.237413525581359863e-02,9.253304600715637207e-01,2.782770991325378418e-01,-2.575372159481048584e-01,0.000000000000000000e+00
-2.335371375083923340e-01,-1.017100289463996887e-01,-1.224790364503860474e-01,-8.834573030471801758e-01,-4.049155712127685547e-01,-2.356831282377243042e-01,0.000000000000000000e+00
-1.293338388204574585e-01,-2.353045493364334106e-01,7.308103609830141068e-03,-5.512726902961730957e-01,-8.323996067047119141e-01,-5.665102228522300720e-02,0.000000000000000000e+00
1.211038008332252502e-01,2.254812419414520264e-01,-1.151319444179534912e-01,1.650378853082656860e-01,8.828280568122863770e-01,-4.397466182708740234e-01,0.000000000000000000e+00
1.297090202569961548e-01,2.170321047306060791e-01,-1.290505975484848022e-01,2.654037177562713623e-01,8.547292947769165039e-01,-4.460926949977874756e-01,0.000000000000000000e+00
-2.583730816841125488e-01,-4.058866947889328003e-02,-1.064756661653518677e-01,-9.467554688453674316e-01,-1.568304449319839478e-01,-2.811731398105621338e-01,0.000000000000000000e+00
-2.132366150617599487e-01,-2.561360225081443787e-02,-1.919519007205963135e-01,-7.575572729110717773e-01,-8.229845017194747925e-02,-6.475600004196166992e-01,0.000000000000000000e+00
2.987577579915523529e-02,2.614929378032684326e-01,1.085182577371597290e-01,4.282039403915405273e-01,8.300023674964904785e-01,3.574037849903106689e-01,0.000000000000000000e+00
2.653535008430480957e-01,-1.049902290105819702e-01,-8.131349086761474609e-02,9.364209771156311035e-01,-3.221134543418884277e-01,-1.391352862119674683e-01,0.000000000000000000e+00
4.726877808570861816e-02,-7.990294694900512695e-02,-2.811324894428253174e-01,9.123646654188632965e-03,-2.549815177917480469e-01,-9.669029116630554199e-01,0.000000000000000000e+00
1.253605335950851440e-01,-1.318613141775131226e-01,-2.392838448286056519e-01,3.422544896602630615e-01,-5.664708018302917480e-01,-7.496483922004699707e-01,0.000000000000000000e+00
1.633648760616779327e-02,1.006653904914855957e-01,-2.049738019704818726e-01,2.263906002044677734e-01,-5.450209379196166992e-01,-8.072790503501892090e-01,0.000000000000000000e+00
-2.659274637699127197e-01,-1.672593876719474792e-02,6.056024879217147827e-02,-9.640420675277709961e-01,-1.099820137023925781e-01,2.419232726097106934e-01,0.000000000000000000e+00
1.877053976058959961e-01,-2.068851590156555176e-01,-7.353067398071289062e-02,5.337513685226440430e-01,-8.229924440383911133e-01,-1.944039016962051392e-01,0.000000000000000000e+00
2.610977292060852051e-01,2.406179159879684448e-02,-1.648688316345214844e-01,8.517053127288818359e-01,8.688618987798690796e-02,-5.167677402496337891e-01,0.000000000000000000e+00
-9.936909377574920654e-02,-2.480073571205139160e-01,5.694991350173950195e-02,-3.641634881496429443e-01,-9.192739725112915039e-01,1.494000703096389771e-01,0.000000000000000000e+00
-9.072368592023849487e-02,2.818025350570678711e-01,6.468325853347778320e-02,-1.798410862684249878e-01,9.649763107299804688e-01,1.909919977188110352e-01,0.000000000000000000e+00
2.513768970966339111e-01,-2.345727197825908661e-02,1.588175296783447266e-01,7.972426414489746094e-01,-9.178655594587326050e-02,5.966401100158691406e-01,0.000000000000000000e+00
1.135130226612091064e-01,-2.473687827587127686e-01,-7.354170083999633789e-02,3.530279994010925293e-01,-9.212251305580139160e-01,-1.634486019611358643e-01,0.000000000000000000e+00
-2.189601659774780273e-01,1.652449518442153931e-01,9.988866746425628662e-02,-7.861331701278686523e-01,3.974410295486450195e-01,4.733235836029052734e-01,0.000000000000000000e+00
2.445477545261383057e-01,-7.549387961626052856e-02,-1.712802201509475708e-01,8.457864522933959961e-01,-3.049623966217041016e-01,-4.377707540988922119e-01,0.000000000000000000e+00
-1.564545333385467529e-01,-2.066046297550201416e-01,8.126460015773773193e-02,-5.656104087829589844e-01,-8.096076846122741699e-01,1.569083929061889648e-01,0.000000000000000000e+00
8.152332156896591187e-02,2.245345711708068848e-01,8.920984715223312378e-02,6.757996082305908203e-01,6.930940151214599609e-01,2.508297860622406006e-01,0.000000000000000000e+00
1.335691809654235840e-01,-2.538711018860340118e-02,2.581535279750823975e-01,4.674378335475921631e-01,1.756394281983375549e-02,8.838514685630798340e-01,0.000000000000000000e+00
3.927976638078689575e-02,1.538609862327575684e-01,2.419438809156417847e-01,3.845593035221099854e-01,5.543221235275268555e-01,7.381335496902465820e-01,0.000000000000000000e+00
1.489408165216445923e-01,1.949802935123443604e-01,1.320351958274841309e-01,2.594256997108459473e-01,8.514259457588195801e-01,4.558203220367431641e-01,0.000000000000000000e+00
1.259540915489196777e-01,9.221731685101985931e-03,-2.722721397876739502e-01,2.224246710538864136e-01,6.175886094570159912e-02,-9.729918241500854492e-01,0.000000000000000000e+00
-3.620697185397148132e-02,-2.286047041416168213e-01,1.742257177829742432e-01,-2.026242315769195557e-01,-8.800744414329528809e-01,4.294326603412628174e-01,0.000000000000000000e+00
1.773059181869029999e-02,-7.522089779376983643e-02,-2.836376428604125977e-01,-7.001007348299026489e-02,-2.565771341323852539e-01,-9.639848470687866211e-01,0.000000000000000000e+00
-2.051907628774642944e-01,-8.136009424924850464e-02,1.627523601055145264e-01,-8.170168399810791016e-01,-3.667419254779815674e-01,4.449537396430969238e-01,0.000000000000000000e+00
-2.356918305158615112e-01,-3.583522513508796692e-02,1.301217824220657349e-01,-8.637239336967468262e-01,-1.954138875007629395e-01,4.645366966724395752e-01,0.000000000000000000e+00
-6.337007135152816772e-02,-2.150457054376602173e-01,1.830802112817764282e-01,-3.386707901954650879e-01,-8.175866603851318359e-01,4.656759798526763916e-01,0.000000000000000000e+00
-2.352163642644882202e-01,1.799528151750564575e-01,-4.882739484310150146e-02,-8.252826333045959473e-01,5.469914078712463379e-01,-1.403887867927551270e-01,0.000000000000000000e+00
-2.433397769927978516e-01,1.573026776313781738e-01,4.192386195063591003e-02,-8.876735568046569824e-01,4.242496490478515625e-01,1.790193319320678711e-01,0.000000000000000000e+00
1.890956163406372070e-01,1.436252146959304810e-01,-1.840123832225799561e-01,5.109221935272216797e-01,5.480811595916748047e-01,-6.622428297996520996e-01,0.000000000000000000e+00
1.462600231170654297e-01,2.367855310440063477e-01,3.782964125275611877e-02,2.288564890623092651e-01,9.440298676490783691e-01,2.375548183917999268e-01,0.000000000000000000e+00
-1.422269195318222046e-01,-2.181850969791412354e-01,-8.270128816366195679e-02,-5.500642061233520508e-01,-7.966753244400024414e-01,-2.504751980304718018e-01,0.000000000000000000e+00
-1.330927908420562744e-01,2.488641440868377686e-01,-1.066716834902763367e-01,-3.020021021366119385e-01,8.093956112861633301e-01,-5.036600828170776367e-01,0.000000000000000000e+00
7.411972433328628540e-02,-1.558847874402999878e-01,-2.411314696073532104e-01,1.256136298179626465e-01,-6.231112480163574219e-01,-7.719802856445312500e-01,0.000000000000000000e+00
-1.305673867464065552e-01,-2.137566059827804565e-01,1.124807223677635193e-01,-5.189260840415954590e-01,-7.805102467536926270e-01,3.485963940620422363e-01,0.000000000000000000e+00
-1.873722672462463379e-01,4.279428720474243164e-02,2.094358652830123901e-01,-7.774180769920349121e-01,9.820293635129928589e-03,6.289075613021850586e-01,0.000000000000000000e+00
-1.393755432218313217e-02,-1.670537590980529785e-01,2.536055445671081543e-01,-1.206412017345428467e-01,-5.717932581901550293e-01,8.114789724349975586e-01,0.000000000000000000e+00
-4.562755674123764038e-02,2.444197088479995728e-01,-1.276172101497650146e-01,1.290072798728942871e-01,7.291491031646728516e-01,-6.720853447914123535e-01,0.000000000000000000e+00
8.791138976812362671e-02,-2.314787209033966064e-01,1.479687392711639404e-01,3.290119767189025879e-01,-8.412554264068603516e-01,4.289992749691009521e-01,0.000000000000000000e+00
-1.484056860208511353e-01,-2.240531593561172485e-01,2.975174412131309509e-02,-4.055780470371246338e-01,-9.035195112228393555e-01,1.384158134460449219e-01,0.000000000000000000e+00
2.363047003746032715e-01,9.786586463451385498e-02,-1.728083491325378418e-01,7.348109483718872070e-01,2.831932604312896729e-01,-6.163233518600463867e-01,0.000000000000000000e+00
8.760165423154830933e-02,2.005157470703125000e-01,-1.523493677377700806e-01,-4.683718457818031311e-02,7.662696838378906250e-01,-6.408097147941589355e-01,0.000000000000000000e+00
2.631822228431701660e-01,1.366323828697204590e-01,5.839919298887252808e-02,7.742652297019958496e-01,5.551500916481018066e-01,3.038449883460998535e-01,0.000000000000000000e+00
-2.290678396821022034e-02,8.829768747091293335e-02,-2.089284658432006836e-01,4.392781257629394531e-01,8.950764536857604980e-01,-7.663505524396896362e-02,0.000000000000000000e+00
1.121351402252912521e-02,-2.704281210899353027e-01,6.076290458440780640e-02,1.098515838384628296e-01,-9.783341288566589355e-01,1.754849553108215332e-01,0.000000000000000000e+00
-3.864725679159164429e-02,-7.960834354162216187e-02,2.836237549781799316e-01,-1.815946698188781738e-01,-7.908095419406890869e-02,9.801885485649108887e-01,0.000000000000000000e+00
3.163934499025344849e-02,1.873026937246322632e-01,-1.358481794595718384e-01,2.043563872575759888e-01,3.877086341381072998e-01,-8.988439440727233887e-01,0.000000000000000000e+00
2.248945981264114380e-01,-1.759260147809982300e-01,-6.329832226037979126e-02,7.494928836822509766e-01,-6.598977446556091309e-01,-5.287113040685653687e-02,0.000000000000000000e+00
-8.653289079666137695e-02,-6.102760136127471924e-02,-2.666021585464477539e-01,-3.364825844764709473e-01,-1.593173593282699585e-01,-9.281150102615356445e-01,0.000000000000000000e+00
2.943941056728363037e-01,-2.346632443368434906e-02,-5.707502737641334534e-02,9.528995156288146973e-01,-2.928189039230346680e-01,-7.899080216884613037e-02,0.000000000000000000e+00
2.912651002407073975e-01,3.031846880912780762e-02,7.554322481155395508e-02,9.399119019508361816e-01,1.978160142898559570e-01,2.782705128192901611e-01,0.000000000000000000e+00
5.453002080321311951e-02,-2.109806090593338013e-01,2.037385404109954834e-01,2.915927171707153320e-01,-7.407044172286987305e-01,6.052525639533996582e-01,0.000000000000000000e+00
2.011584788560867310e-01,-1.344148069620132446e-01,-1.902979761362075806e-01,6.837801933288574219e-01,-4.242730736732482910e-01,-5.936640501022338867e-01,0.000000000000000000e+00
1.114305481314659119e-01,7.098140567541122437e-02,-2.543650865554809570e-01,1.277388334274291992e-01,4.931217730045318604e-01,-8.605310320854187012e-01,0.000000000000000000e+00
8.709502220153808594e-02,2.336976528167724609e-01,4.466172680258750916e-02,-5.674260854721069336e-02,9.709060192108154297e-01,2.326407581567764282e-01,0.000000000000000000e+00
-2.686446905136108398e-02,-2.473150147125124931e-03,-2.816511690616607666e-01,-2.023805230855941772e-01,1.335368007421493530e-01,-9.701598286628723145e-01,0.000000000000000000e+00
-1.213230639696121216e-01,-6.365922093391418457e-02,2.499757260084152222e-01,-5.076261758804321289e-01,-1.791259348392486572e-01,8.427512049674987793e-01,0.000000000000000000e+00
-8.493196964263916016e-02,1.783870309591293335e-01,2.263869345188140869e-01,-2.979706823825836182e-01,5.546433925628662109e-01,7.769067883491516113e-01,0.000000000000000000e+00
2.641080617904663086e-01,-5.794866755604743958e-02,1.187296360731124878e-01,8.562324643135070801e-01,-3.603935241699218750e-01,3.701114654541015625e-01,0.000000000000000000e+00
-1.594586968421936035e-01,2.640936076641082764e-01,-5.114598199725151062e-03,-5.642347335815429688e-01,8.256061077117919922e-01,-3.705743467435240746e-03,0.000000000000000000e+00
2.948724031448364258e-01,8.432961255311965942e-02,-1.816595159471035004e-02,9.638910889625549316e-01,2.420084774494171143e-01,-1.111119762063026428e-01,0.000000000000000000e+00
1.586883664131164551e-01,1.176588758826255798e-01,2.141189128160476685e-01,4.405322670936584473e-01,3.984026908874511719e-01,8.044915199279785156e-01,0.000000000000000000e+00
1.427704393863677979e-01,2.045355737209320068e-01,-1.424015462398529053e-01,1.668750643730163574e-01,8.194317221641540527e-01,-5.483469367027282715e-01,0.000000000000000000e+00
-8.465459197759628296e-02,2.187366336584091187e-01,1.897493600845336914e-01,-3.653411865234375000e-01,6.670432686805725098e-01,6.492912173271179199e-01,0.000000000000000000e+00
-1.175272986292839050e-01,-2.429009079933166504e-01,4.485974553972482681e-03,-4.224580824375152588e-01,-9.062906503677368164e-01,-1.290038228034973145e-02,0.000000000000000000e+00
-1.206217110157012939e-01,2.748484313488006592e-01,5.191292613744735718e-02,-3.796792924404144287e-01,8.926513195037841797e-01,2.429347634315490723e-01,0.000000000000000000e+00
-8.322864770889282227e-02,-1.677134782075881958e-01,-2.119410932064056396e-01,-3.846679329872131348e-01,-6.664668917655944824e-01,-6.386332511901855469e-01,0.000000000000000000e+00
-8.367189019918441772e-02,-2.564662098884582520e-01,-4.529265686869621277e-03,-3.068777620792388916e-01,-9.514147639274597168e-01,2.521846257150173187e-02,0.000000000000000000e+00
1.691649854183197021e-01,-6.989075988531112671e-02,2.252353429794311523e-01,6.566132903099060059e-01,-2.647638618946075439e-01,7.062287926673889160e-01,0.000000000000000000e+00
4.114620760083198547e-02,-2.690426111221313477e-01,-4.480724781751632690e-02,-2.791288122534751892e-02,-9.844117164611816406e-01,-1.736504435539245605e-01,0.000000000000000000e+00
1.161084696650505066e-01,3.693871945142745972e-02,2.627472281455993652e-01,3.305388689041137695e-01,1.685797870159149170e-01,9.286144971847534180e-01,0.000000000000000000e+00
2.135693281888961792e-02,1.282816678285598755e-01,-1.553833037614822388e-01,-1.073190867900848389e-01,8.190539479255676270e-01,-5.635896325111389160e-01,0.000000000000000000e+00
-1.441587060689926147e-01,-1.514502614736557007e-01,1.842690259218215942e-01,-5.987869501113891602e-01,-5.973255634307861328e-01,5.335319638252258301e-01,0.000000000000000000e+00
-1.009881123900413513e-02,-2.573288083076477051e-01,1.067134737968444824e-01,-9.113134443759918213e-02,-9.784331917762756348e-01,1.853742003440856934e-01,0.000000000000000000e+00
-1.316455900669097900e-01,9.182425588369369507e-02,-2.279404848814010620e-01,-2.558345198631286621e-01,4.520790278911590576e-01,-8.545017242431640625e-01,0.000000000000000000e+00
2.656302452087402344e-01,4.311868548393249512e-02,-1.524818688631057739e-01,8.491983413696289062e-01,2.408335953950881958e-01,-4.699589312076568604e-01,0.000000000000000000e+00
2.910183668136596680e-01,-4.854325950145721436e-02,1.721482723951339722e-02,9.785531759262084961e-01,-2.024427801370620728e-01,3.808663785457611084e-02,0.000000000000000000e+00
-1.800354719161987305e-01,-1.161798238754272461e-01,1.746478229761123657e-01,-7.130120396614074707e-01,-3.938277959823608398e-01,5.800978541374206543e-01,0.000000000000000000e+00
-1.437536031007766724e-01,4.355279728770256042e-03,-2.478585839271545410e-01,-6.001212596893310547e-01,6.628724280744791031e-03,-7.998815774917602539e-01,0.000000000000000000e+00
6.522017531096935272e-03,-7.387141138315200806e-02,2.894060611724853516e-01,5.677131190896034241e-02,-1.018080711364746094e-01,9.931828379631042480e-01,0.000000000000000000e+00
1.662520878016948700e-02,-2.279624193906784058e-01,-1.724853813648223877e-01,-1.140682920813560486e-01,-8.253788948059082031e-01,-5.529358983039855957e-01,0.000000000000000000e+00
1.216693744063377380e-01,3.610782697796821594e-02,2.609186768531799316e-01,3.305388689041137695e-01,1.685797870159149170e-01,9.286144971847534180e-01,0.000000000000000000e+00
-2.192286849021911621e-01,3.620383096858859062e-03,1.695278733968734741e-01,-7.897984385490417480e-01,-3.870557248592376709e-02,6.121440529823303223e-01,0.000000000000000000e+00
7.651301473379135132e-02,1.607523858547210693e-01,2.061383873224258423e-01,7.919613718986511230e-01,3.609994649887084961e-01,4.924190938472747803e-01,0.000000000000000000e+00
1.333112865686416626e-01,4.539089277386665344e-02,-2.616677582263946533e-01,2.280443161725997925e-01,3.323065936565399170e-01,-9.151874780654907227e-01,0.000000000000000000e+00
1.674435883760452271e-01,-7.489654421806335449e-02,-2.461804151535034180e-01,4.754554033279418945e-01,-3.426487147808074951e-01,-8.102678656578063965e-01,0.000000000000000000e+00
1.482522636651992798e-01,-1.314210593700408936e-01,-2.293203324079513550e-01,3.737760484218597412e-01,-4.051017463207244873e-01,-8.343764543533325195e-01,0.000000000000000000e+00
-1.695309281349182129e-01,-1.218512505292892456e-01,1.835070550441741943e-01,-6.486924290657043457e-01,-3.685722351074218750e-01,6.658473014831542969e-01,0.000000000000000000e+00
2.006170749664306641e-01,2.164956927299499512e-01,-4.452282190322875977e-02,6.927340030670166016e-01,7.087242603302001953e-01,-1.335272938013076782e-01,0.000000000000000000e+00
-1.786610335111618042e-01,1.396046876907348633e-01,-1.816682517528533936e-01,-4.867579042911529541e-01,4.412020742893218994e-01,-7.539280056953430176e-01,0.000000000000000000e+00
-3.648146614432334900e-02,-1.807565689086914062e-01,-2.193889617919921875e-01,-1.827605664730072021e-01,-6.241397261619567871e-01,-7.596368789672851562e-01,0.000000000000000000e+00
7.788866758346557617e-02,1.716798986308276653e-03,2.771524488925933838e-01,1.320547908544540405e-01,2.808617949485778809e-01,9.506198763847351074e-01,0.000000000000000000e+00
6.355047225952148438e-02,2.399565726518630981e-01,1.097429245710372925e-01,6.093111038208007812e-01,7.500213980674743652e-01,2.573089003562927246e-01,0.000000000000000000e+00
1.154217272996902466e-01,-2.272506952285766602e-01,1.250696182250976562e-01,4.437866806983947754e-01,-8.147647380828857422e-01,3.731110095977783203e-01,0.000000000000000000e+00
-1.881149709224700928e-01,6.907159462571144104e-03,-2.183734178543090820e-01,-6.959825754165649414e-01,4.615111649036407471e-02,-7.165740132331848145e-01,0.000000000000000000e+00
-1.210754215717315674e-01,2.374531328678131104e-01,-1.273532062768936157e-01,-1.791540533304214478e-01,7.563580870628356934e-01,-6.291472315788269043e-01,0.000000000000000000e+00
-2.373882085084915161e-01,-1.297173500061035156e-01,-2.469655126333236694e-02,-8.946260213851928711e-01,-4.441903829574584961e-01,4.836551100015640259e-02,0.000000000000000000e+00
1.204777359962463379e-01,-1.070286184549331665e-01,-2.549849450588226318e-01,2.980164587497711182e-01,-4.477537274360656738e-01,-8.430318832397460938e-01,0.000000000000000000e+00
1.903992593288421631e-01,3.908431157469749451e-02,-2.373758256435394287e-01,5.624417066574096680e-01,1.977565586566925049e-01,-8.028397560119628906e-01,0.000000000000000000e+00
-1.731189638376235962e-01,1.079947203397750854e-01,2.063676863908767700e-01,-6.858792304992675781e-01,3.085160553455352783e-01,6.590808629989624023e-01,0.000000000000000000e+00
8.018114021979272366e-04,-2.036114335060119629e-01,2.224206030368804932e-01,-1.914625987410545349e-02,-7.954780459403991699e-01,6.056798100471496582e-01,0.000000000000000000e+00
-2.560014277696609497e-02,2.387452125549316406e-01,-1.299320608377456665e-01,1.311134546995162964e-01,6.208149194717407227e-01,-7.729153037071228027e-01,0.000000000000000000e+00
-1.253939419984817505e-01,-1.105166226625442505e-01,-2.319847345352172852e-01,-4.800689816474914551e-01,-5.404668450355529785e-01,-6.909626126289367676e-01,0.000000000000000000e+00
-8.224894851446151733e-02,-2.483864724636077881e-01,8.635630458593368530e-02,-3.566197752952575684e-01,-8.843018412590026855e-01,3.013845086097717285e-01,0.000000000000000000e+00
2.869240939617156982e-01,7.099214196205139160e-02,-8.550602197647094727e-02,9.416257739067077637e-01,2.471065372228622437e-01,-2.286466062068939209e-01,0.000000000000000000e+00
2.660436928272247314e-01,1.148976758122444153e-01,-1.051464974880218506e-01,7.666823863983154297e-01,4.850556552410125732e-01,-4.206176102161407471e-01,0.000000000000000000e+00
-2.588798999786376953e-01,1.339605897665023804e-01,-9.969294071197509766e-03,-9.505647420883178711e-01,3.105065226554870605e-01,3.515131771564483643e-03,0.000000000000000000e+00
-1.752566844224929810e-01,-1.350818723440170288e-01,-1.757978796958923340e-01,-6.348419785499572754e-01,-4.971525967121124268e-01,-5.914515852928161621e-01,0.000000000000000000e+00
-5.063746869564056396e-02,2.585729658603668213e-01,-1.123847439885139465e-01,-6.226429715752601624e-03,7.492890954017639160e-01,-6.622137427330017090e-01,0.000000000000000000e+00
2.593639194965362549e-01,-2.522466331720352173e-02,-1.623871773481369019e-01,8.603802919387817383e-01,-1.387128084897994995e-01,-4.904126226902008057e-01,0.000000000000000000e+00
1.067511215806007385e-01,-2.111179232597351074e-01,1.698171049356460571e-01,4.700479209423065186e-01,-7.630911469459533691e-01,4.435615837574005127e-01,0.000000000000000000e+00
-1.132768988609313965e-01,2.854097485542297363e-01,2.647788031026721001e-03,-2.475377023220062256e-01,9.665233492851257324e-01,6.751078367233276367e-02,0.000000000000000000e+00
-1.846955716609954834e-01,1.487884819507598877e-01,1.699673533439636230e-01,-6.680455803871154785e-01,4.201196730136871338e-01,6.141779422760009766e-01,0.000000000000000000e+00
3.007892370223999023e-01,4.848145321011543274e-02,-1.765751093626022339e-02,9.954888820648193359e-01,9.186776727437973022e-02,-2.371163852512836456e-02,0.000000000000000000e+00
2.373204082250595093e-01,1.750798970460891724e-01,5.277681723237037659e-02,7.420657277107238770e-01,6.233184933662414551e-01,2.466019243001937866e-01,0.000000000000000000e+00
5.120165646076202393e-02,2.207240462303161621e-01,1.660457700490951538e-01,5.056054592132568359e-01,6.552171707153320312e-01,5.612964034080505371e-01,0.000000000000000000e+00
-1.278277300298213959e-02,1.017308235168457031e-01,2.762245833873748779e-01,-1.702593266963958740e-01,4.161817133426666260e-01,8.931990265846252441e-01,0.000000000000000000e+00
8.472052216529846191e-02,-2.473465204238891602e-01,-1.063439026474952698e-01,1.579571217298507690e-01,-9.533599615097045898e-01,-2.572048306465148926e-01,0.000000000000000000e+00
2.396813482046127319e-01,6.219700351357460022e-02,-1.869908422231674194e-01,7.532974481582641602e-01,2.113682180643081665e-01,-6.227892041206359863e-01,0.000000000000000000e+00
1.353451609611511230e-01,1.903008073568344116e-01,1.473669260740280151e-01,1.509294211864471436e-01,8.635212779045104980e-01,4.811977744102478027e-01,0.000000000000000000e+00
1.683422550559043884e-02,2.013161182403564453e-01,-1.404179334640502930e-01,4.706329405307769775e-01,4.446746408939361572e-01,-7.620820999145507812e-01,0.000000000000000000e+00
2.644408047199249268e-01,-7.820691913366317749e-02,9.866569191217422485e-02,7.963398098945617676e-01,-4.964078962802886963e-01,3.455750048160552979e-01,0.000000000000000000e+00
-1.890777349472045898e-01,2.337411642074584961e-01,4.817321524024009705e-02,-6.740329265594482422e-01,7.053350806236267090e-01,2.195041030645370483e-01,0.000000000000000000e+00
2.560411989688873291e-01,1.628826856613159180e-01,1.083921175450086594e-02,7.947689890861511230e-01,6.034969091415405273e-01,6.429418921470642090e-02,0.000000000000000000e+00
1.367759406566619873e-01,-1.496363282203674316e-01,-2.225249856710433960e-01,3.533802330493927002e-01,-5.966136455535888672e-01,-7.205376625061035156e-01,0.000000000000000000e+00
-2.748240232467651367e-01,1.213181670755147934e-02,3.179405629634857178e-02,-9.710942506790161133e-01,-1.313467323780059814e-01,1.993089318275451660e-01,0.000000000000000000e+00
1.843200922012329102e-01,-1.468309164047241211e-01,1.609899103641510010e-01,7.277354598045349121e-01,-4.831024110317230225e-01,4.868399798870086670e-01,0.000000000000000000e+00
2.749504148960113525e-01,1.204832568764686584e-01,-6.789135932922363281e-02,9.010223746299743652e-01,3.554769754409790039e-01,-2.485856711864471436e-01,0.000000000000000000e+00
5.322863534092903137e-02,-2.362818717956542969e-01,1.609890162944793701e-01,2.682134509086608887e-01,-8.444291949272155762e-01,4.636819064617156982e-01,0.000000000000000000e+00
1.463108658790588379e-01,-2.374291718006134033e-01,-9.752758778631687164e-03,4.243336319923400879e-01,-9.038566350936889648e-01,5.462730303406715393e-02,0.000000000000000000e+00
1.550256311893463135e-01,-1.360342055559158325e-01,-2.229165881872177124e-01,4.335833489894866943e-01,-4.861464798450469971e-01,-7.587272524833679199e-01,0.000000000000000000e+00
1.417171210050582886e-01,1.812561005353927612e-01,1.591072231531143188e-01,2.801600098609924316e-01,7.914117574691772461e-01,5.433027148246765137e-01,0.000000000000000000e+00
-2.566279768943786621e-01,3.419546782970428467e-02,9.756585955619812012e-02,-9.241307377815246582e-01,8.683023974299430847e-03,3.819777965545654297e-01,0.000000000000000000e+00
-2.779300808906555176e-01,3.693981096148490906e-02,-4.756278917193412781e-02,-9.949448704719543457e-01,-1.811937987804412842e-02,-9.877422451972961426e-02,0.000000000000000000e+00
-2.524931728839874268e-01,1.466519534587860107e-01,1.475496497005224228e-02,-9.299031496047973633e-01,3.346153795719146729e-01,1.526849567890167236e-01,0.000000000000000000e+00
-9.480252861976623535e-02,2.847805917263031006e-01,-4.872358962893486023e-02,-2.493685036897659302e-01,9.454150199890136719e-01,-2.097754627466201782e-01,0.000000000000000000e+00
2.802069187164306641e-01,9.562150388956069946e-02,-8.482237905263900757e-02,9.148128628730773926e-01,2.965076863765716553e-01,-2.742272913455963135e-01,0.000000000000000000e+00
-2.471732348203659058e-02,1.766704171895980835e-01,2.428096830844879150e-01,1.330050639808177948e-03,5.972246527671813965e-01,8.020728826522827148e-01,0.000000000000000000e+00
2.911550700664520264e-01,-1.432410161942243576e-02,6.748031824827194214e-02,9.665930867195129395e-01,-1.484432443976402283e-02,2.558856010437011719e-01,0.000000000000000000e+00
-1.443197429180145264e-01,2.362723201513290405e-01,1.212125122547149658e-01,-5.557760596275329590e-01,6.948092579841613770e-01,4.564571082592010498e-01,0.000000000000000000e+00
2.251935750246047974e-01,-1.744497269392013550e-01,-7.324098795652389526e-02,7.317206859588623047e-01,-6.726013422012329102e-01,-1.104188859462738037e-01,0.000000000000000000e+00
2.123283455148339272e-03,-3.176639229059219360e-02,2.906824350357055664e-01,2.286652661859989166e-02,9.785179793834686279e-02,9.949382543563842773e-01,0.000000000000000000e+00
-2.045083232223987579e-02,-2.686846852302551270e-01,5.521407350897789001e-02,-9.823580086231231689e-02,-9.772475361824035645e-01,1.879812330007553101e-01,0.000000000000000000e+00
-2.764971181750297546e-02,7.972767204046249390e-02,2.823166549205780029e-01,-1.491894423961639404e-01,2.210654169321060181e-01,9.637803435325622559e-01,0.000000000000000000e+00
9.141770750284194946e-02,1.195780336856842041e-01,-2.200783938169479370e-01,-1.002510190010070801e-01,6.451160311698913574e-01,-7.574793696403503418e-01,0.000000000000000000e+00
-2.571550309658050537e-01,1.363418698310852051e-01,-3.149396926164627075e-02,-8.957506418228149414e-01,4.159813523292541504e-01,-1.568128615617752075e-01,0.000000000000000000e+00
-9.115320444107055664e-02,-2.033018022775650024e-01,-1.666277348995208740e-01,-3.939872086048126221e-01,-7.560530304908752441e-01,-5.226451158523559570e-01,0.000000000000000000e+00
-8.721570670604705811e-02,-8.070933073759078979e-02,-2.620484530925750732e-01,-3.441474437713623047e-01,-2.266312837600708008e-01,-9.111535549163818359e-01,0.000000000000000000e+00
2.621953189373016357e-01,8.196049183607101440e-02,1.239195019006729126e-01,8.517922759056091309e-01,2.430201172828674316e-01,4.641025066375732422e-01,0.000000000000000000e+00
1.084921956062316895e-01,7.028821390122175217e-03,2.681310474872589111e-01,3.737441599369049072e-01,8.693820983171463013e-02,9.234484434127807617e-01,0.000000000000000000e+00
1.514790505170822144e-01,-2.194781899452209473e-01,-1.130333691835403442e-01,4.576727449893951416e-01,-8.281121850013732910e-01,-3.236755430698394775e-01,0.000000000000000000e+00
9.914235025644302368e-02,9.194779396057128906e-02,2.445487678050994873e-01,-1.826854795217514038e-01,5.008648037910461426e-01,8.460263013839721680e-01,0.000000000000000000e+00
-2.275861352682113647e-01,6.942315399646759033e-02,1.496790349483489990e-01,-8.326279520988464355e-01,2.023425847291946411e-01,5.155464410781860352e-01,0.000000000000000000e+00
2.398542612791061401e-01,1.291304826736450195e-01,1.243368238210678101e-01,8.187682628631591797e-01,4.686614274978637695e-01,3.316247463226318359e-01,0.000000000000000000e+00
4.612962529063224792e-02,2.410867214202880859e-01,-7.848285883665084839e-02,6.141790747642517090e-01,6.690180301666259766e-01,-4.185676872730255127e-01,0.000000000000000000e+00
8.381897583603858948e-03,2.231028825044631958e-01,-1.323769092559814453e-01,3.787103295326232910e-01,5.007852911949157715e-01,-7.783268094062805176e-01,0.000000000000000000e+00
-3.641797928139567375e-03,2.814572751522064209e-01,-6.501761078834533691e-02,2.435663193464279175e-01,8.762875199317932129e-01,-4.156869351863861084e-01,0.000000000000000000e+00
-1.851918548345565796e-01,1.810044348239898682e-01,1.404197216033935547e-01,-7.678945660591125488e-01,4.518851935863494873e-01,4.540239274501800537e-01,0.000000000000000000e+00
6.707248091697692871e-02,-1.826593577861785889e-01,2.302087247371673584e-01,2.608499825000762939e-01,-7.120680212974548340e-01,6.518561244010925293e-01,0.000000000000000000e+00
-1.413467526435852051e-01,-1.585962623357772827e-01,-1.839266121387481689e-01,-5.502939224243164062e-01,-5.964082479476928711e-01,-5.843576192855834961e-01,0.000000000000000000e+00
-2.495938539505004883e-01,2.044227207079529762e-03,1.141474172472953796e-01,-9.120457768440246582e-01,8.800349198281764984e-03,4.099939465522766113e-01,0.000000000000000000e+00
1.553766727447509766e-01,9.872198104858398438e-03,-2.625894248485565186e-01,4.779477417469024658e-01,2.176020890474319458e-01,-8.510084152221679688e-01,0.000000000000000000e+00
-1.484246850013732910e-01,4.896272346377372742e-02,-2.376782596111297607e-01,-4.640179574489593506e-01,2.081445306539535522e-01,-8.610244989395141602e-01,0.000000000000000000e+00
-2.528133988380432129e-01,8.439821004867553711e-02,-1.191107109189033508e-01,-8.944460749626159668e-01,2.146663069725036621e-01,-3.922813236713409424e-01,0.000000000000000000e+00
-5.476455390453338623e-02,1.589935855008661747e-03,-2.774293124675750732e-01,-1.020640879869461060e-01,1.597294360399246216e-01,-9.818703532218933105e-01,0.000000000000000000e+00
-1.148132085800170898e-01,8.305508643388748169e-02,-2.366311550140380859e-01,-1.870606392621994019e-01,4.287039637565612793e-01,-8.838672041893005371e-01,0.000000000000000000e+00
1.017647087574005127e-01,1.257671564817428589e-01,2.184484153985977173e-01,-1.241342797875404358e-01,6.484376192092895508e-01,7.510787844657897949e-01,0.000000000000000000e+00
1.176060661673545837e-01,2.179646193981170654e-01,9.790083765983581543e-02,-7.045403867959976196e-02,9.232109785079956055e-01,3.777799904346466064e-01,0.000000000000000000e+00
1.852674782276153564e-01,1.930069476366043091e-01,-1.292680054903030396e-01,4.971985220909118652e-01,7.199662923812866211e-01,-4.841922819614410400e-01,0.000000000000000000e+00
-1.587124764919281006e-01,-2.041447460651397705e-01,8.368945121765136719e-02,-5.781475305557250977e-01,-7.549153566360473633e-01,3.095935583114624023e-01,0.000000000000000000e+00
-2.786936759948730469e-01,2.224453352391719818e-02,-4.532622545957565308e-02,-9.979758262634277344e-01,-6.009958684444427490e-02,-2.079082839190959930e-02,0.000000000000000000e+00
-2.235678583383560181e-01,2.032498419284820557e-01,-7.189765572547912598e-03,-8.143003582954406738e-01,5.718517899513244629e-01,9.950077533721923828e-02,0.000000000000000000e+00
-3.814305365085601807e-02,-2.567749917507171631e-01,9.336003661155700684e-02,-2.078136354684829712e-01,-9.340618252754211426e-01,2.904168963432312012e-01,0.000000000000000000e+00
-9.663994424045085907e-03,1.899674236774444580e-01,-1.581501364707946777e-01,2.593711912631988525e-01,2.852085232734680176e-01,-9.227039813995361328e-01,0.000000000000000000e+00
-6.463392078876495361e-02,-5.370145663619041443e-02,2.806238234043121338e-01,-3.247554004192352295e-01,-9.212020039558410645e-02,9.413011074066162109e-01,0.000000000000000000e+00
-3.384441509842872620e-02,-1.285647749900817871e-01,2.708390653133392334e-01,-2.003600150346755981e-01,-3.673068881034851074e-01,9.082629084587097168e-01,0.000000000000000000e+00
-1.321864426136016846e-01,1.240335311740636826e-02,-2.526739239692687988e-01,-3.960222899913787842e-01,1.510435938835144043e-01,-9.057329297065734863e-01,0.000000000000000000e+00
-1.219012439250946045e-01,2.815687954425811768e-01,1.241235900670289993e-02,-3.863508403301239014e-01,9.144130349159240723e-01,1.207552701234817505e-01,0.000000000000000000e+00
-9.578392840921878815e-03,2.849684059619903564e-01,7.306557148694992065e-02,1.318870633840560913e-01,9.383958578109741211e-01,3.194040954113006592e-01,0.000000000000000000e+00
-1.464731693267822266e-01,-1.638443171977996826e-01,-1.733787804841995239e-01,-4.647687375545501709e-01,-6.554576754570007324e-01,-5.952858328819274902e-01,0.000000000000000000e+00
5.079646408557891846e-02,-2.712641060352325439e-01,2.812907099723815918e-02,9.523949027061462402e-02,-9.926184415817260742e-01,7.508718222379684448e-02,0.000000000000000000e+00
8.882770314812660217e-03,1.954669356346130371e-01,-1.483312398195266724e-01,5.710037946701049805e-01,2.634327709674835205e-01,-7.775331735610961914e-01,0.000000000000000000e+00
