-3.514745086431503296e-02,-1.667415201663970947e-01,-2.792146205902099609e-01,4.887890815734863281e-01,3.340590596199035645e-01,-8.059092760086059570e-01,0.000000000000000000e+00
1.244967356324195862e-01,-2.521184645593166351e-02,-4.498716816306114197e-02,8.459525108337402344e-01,-4.768463671207427979e-01,-2.387089133262634277e-01,0.000000000000000000e+00
-2.246522754430770874e-01,-9.201890230178833008e-02,-7.991838455200195312e-02,-8.358209729194641113e-01,5.021778941154479980e-01,2.218573540449142456e-01,0.000000000000000000e+00
7.949983328580856323e-02,-8.718347549438476562e-02,-7.886221259832382202e-02,8.421370387077331543e-01,-4.863622188568115234e-01,-2.329312711954116821e-01,0.000000000000000000e+00
1.891276985406875610e-01,7.955028116703033447e-02,2.409359067678451538e-01,-1.020262092351913452e-01,-5.698701739311218262e-01,8.153764009475708008e-01,0.000000000000000000e+00
1.536981388926506042e-02,5.977176502346992493e-02,-1.094467714428901672e-01,1.262628287076950073e-01,5.725426077842712402e-01,-8.100942373275756836e-01,0.000000000000000000e+00
-3.611606359481811523e-02,1.592154949903488159e-01,7.901335507631301880e-02,-8.401588201522827148e-01,4.890681803226470947e-01,2.344045341014862061e-01,0.000000000000000000e+00
-2.009620964527130127e-01,-1.320660412311553955e-01,-1.763802468776702881e-01,-5.188923478126525879e-01,-6.553257107734680176e-01,-5.489070415496826172e-01,0.000000000000000000e+00
-8.940151333808898926e-02,-7.716885954141616821e-02,8.514706045389175415e-02,-1.195965111255645752e-01,-5.862514376640319824e-01,8.012527227401733398e-01,0.000000000000000000e+00
-2.945858985185623169e-02,-2.254173755645751953e-01,-1.827111542224884033e-01,8.400092124938964844e-01,-4.862502515316009521e-01,-2.407181710004806519e-01,0.000000000000000000e+00
-5.392933636903762817e-02,-1.964644938707351685e-01,5.861670710146427155e-03,-1.451554000377655029e-01,-5.561934709548950195e-01,8.182778954505920410e-01,0.000000000000000000e+00
2.595188915729522705e-01,1.209873035550117493e-01,1.458586752414703369e-01,5.489147901535034180e-01,6.368448734283447266e-01,5.414066314697265625e-01,0.000000000000000000e+00
2.068640738725662231e-01,2.410801053047180176e-01,5.648944154381752014e-02,5.108887553215026855e-01,6.727245450019836426e-01,5.351956486701965332e-01,0.000000000000000000e+00
-5.137082561850547791e-02,1.179077252745628357e-01,1.109648272395133972e-01,-8.396044373512268066e-01,4.955064356327056885e-01,2.225709259510040283e-01,0.000000000000000000e+00
2.364515066146850586e-01,6.376187503337860107e-02,2.336425036191940308e-01,4.595661461353302002e-01,7.958410382270812988e-01,3.942537009716033936e-01,0.000000000000000000e+00
9.547092765569686890e-02,-6.889113038778305054e-02,-5.941820517182350159e-02,8.422181606292724609e-01,-4.857464134693145752e-01,-2.339209467172622681e-01,0.000000000000000000e+00
1.598016321659088135e-01,2.057315595448017120e-02,-1.169050578027963638e-02,8.505321145057678223e-01,-4.641750454902648926e-01,-2.472582906484603882e-01,0.000000000000000000e+00
1.720158606767654419e-01,-2.709445171058177948e-02,1.438126862049102783e-01,8.360264897346496582e-01,-5.209905505180358887e-01,-1.721293479204177856e-01,0.000000000000000000e+00
3.184312209486961365e-02,-1.906134635210037231e-01,2.391583658754825592e-02,-1.518937051296234131e-01,-5.635145306587219238e-01,8.120219707489013672e-01,0.000000000000000000e+00
-8.491212874650955200e-02,9.095045924186706543e-02,-1.006882488727569580e-01,1.022573709487915039e-01,5.882840156555175781e-01,-8.021629452705383301e-01,0.000000000000000000e+00
1.909172534942626953e-01,-3.142159199342131615e-03,1.619015336036682129e-01,8.306363224983215332e-01,-5.310994982719421387e-01,-1.672620475292205811e-01,0.000000000000000000e+00
-7.755618542432785034e-02,-1.417646408081054688e-01,4.108240082859992981e-02,-1.606648266315460205e-01,-5.558878779411315918e-01,8.155829310417175293e-01,0.000000000000000000e+00
-1.840591281652450562e-01,-1.666688024997711182e-01,6.253304425626993179e-03,-1.445804238319396973e-01,-5.702447295188903809e-01,8.086516261100769043e-01,0.000000000000000000e+00
1.037230491638183594e-01,2.767721116542816162e-01,1.127092912793159485e-01,6.631218194961547852e-01,5.477547645568847656e-01,5.101314783096313477e-01,0.000000000000000000e+00
-2.546502649784088135e-01,-1.249094009399414062e-01,-1.351441144943237305e-01,-5.209516286849975586e-01,-6.882868409156799316e-01,-5.048471093177795410e-01,0.000000000000000000e+00
-2.515026628971099854e-01,-2.050546556711196899e-01,-4.394101724028587341e-02,-5.166181921958923340e-01,-6.631163358688354492e-01,-5.416479110717773438e-01,0.000000000000000000e+00
-1.640203148126602173e-01,-1.003217790275812149e-02,-1.848316341638565063e-01,1.128817126154899597e-01,5.846442580223083496e-01,-8.033983111381530762e-01,0.000000000000000000e+00
1.850789338350296021e-01,7.705178856849670410e-02,-3.332665190100669861e-02,8.535155057907104492e-01,-4.265386760234832764e-01,-2.992925345897674561e-01,0.000000000000000000e+00
-1.260404009371995926e-02,1.572787761688232422e-01,1.695906370878219604e-01,-8.352909088134765625e-01,5.051004290580749512e-01,2.171695232391357422e-01,0.000000000000000000e+00
-1.042415872216224670e-01,5.352249741554260254e-02,-1.304595917463302612e-01,9.848615527153015137e-02,5.892785191535949707e-01,-8.019047975540161133e-01,0.000000000000000000e+00
-1.138880942016839981e-02,-7.872363179922103882e-02,9.691751003265380859e-02,-1.573819369077682495e-01,-5.592198371887207031e-01,8.139435648918151855e-01,0.000000000000000000e+00
-3.534115850925445557e-02,1.109675914049148560e-01,1.860098242759704590e-01,-8.362588286399841309e-01,5.075885057449340820e-01,2.074247896671295166e-01,0.000000000000000000e+00
6.191963329911231995e-02,2.641039192676544189e-01,1.677087992429733276e-01,3.917907178401947021e-01,7.850988507270812988e-01,4.797081053256988525e-01,0.000000000000000000e+00
-7.882241159677505493e-02,3.531281650066375732e-02,1.652608513832092285e-01,-5.406541824340820312e-01,-2.451841682195663452e-01,8.047221899032592773e-01,0.000000000000000000e+00
-2.768151648342609406e-02,-1.931230574846267700e-01,-2.376300245523452759e-01,8.426024913787841797e-01,-4.660679996013641357e-01,-2.698179185390472412e-01,0.000000000000000000e+00
-2.131010293960571289e-01,-1.285853087902069092e-01,-1.689306050539016724e-01,-5.231605768203735352e-01,-6.543548703193664551e-01,-5.460061430931091309e-01,0.000000000000000000e+00
2.106762528419494629e-01,1.223111301660537720e-01,-2.431704662740230560e-02,8.339847326278686523e-01,-2.627263069152832031e-01,-4.852260649204254150e-01,0.000000000000000000e+00
-6.894367188215255737e-02,1.128741651773452759e-01,5.736164003610610962e-02,-8.451530337333679199e-01,4.796752929687500000e-01,2.358557432889938354e-01,0.000000000000000000e+00
1.745571196079254150e-01,-2.031396143138408661e-02,1.359516680240631104e-01,8.355868458747863770e-01,-5.124532580375671387e-01,-1.979551762342453003e-01,0.000000000000000000e+00
-6.253187358379364014e-02,1.537754572927951813e-02,1.554044187068939209e-01,-1.174319759011268616e-01,-5.771365761756896973e-01,8.081603050231933594e-01,0.000000000000000000e+00
8.627841621637344360e-02,-1.084471493959426880e-01,-1.186596322804689407e-02,8.423870801925659180e-01,-4.934154152870178223e-01,-2.166223675012588501e-01,0.000000000000000000e+00
-3.085108101367950439e-02,1.197273656725883484e-01,1.841951459646224976e-01,-8.451021313667297363e-01,4.756860733032226562e-01,2.439778298139572144e-01,0.000000000000000000e+00
-3.230333561077713966e-03,-2.324951738119125366e-01,-7.056434452533721924e-02,8.410323858261108398e-01,-5.040214061737060547e-01,-1.965374648571014404e-01,0.000000000000000000e+00
-1.346947550773620605e-01,7.458778470754623413e-02,-1.030112281441688538e-01,-7.947905659675598145e-01,6.035853624343872070e-01,6.318794935941696167e-02,0.000000000000000000e+00
3.855246119201183319e-03,-4.441699478775262833e-03,-1.572329699993133545e-01,1.032424643635749817e-01,5.877601504325866699e-01,-8.024207353591918945e-01,0.000000000000000000e+00
-5.859531462192535400e-02,1.092783585190773010e-01,-8.359736204147338867e-02,1.019613370299339294e-01,5.942398309707641602e-01,-7.977988123893737793e-01,0.000000000000000000e+00
-1.573046594858169556e-01,1.579087786376476288e-02,-6.162263453006744385e-02,-8.566325902938842773e-01,4.601515233516693115e-01,2.333262711763381958e-01,0.000000000000000000e+00
-1.485283970832824707e-01,2.836762182414531708e-02,-5.468536540865898132e-02,-8.472918272018432617e-01,4.848525822162628174e-01,2.168283760547637939e-01,0.000000000000000000e+00
9.832181781530380249e-02,1.337848603725433350e-01,-4.411864280700683594e-02,9.864161163568496704e-02,5.650926828384399414e-01,-8.191093206405639648e-01,0.000000000000000000e+00
1.426465511322021484e-01,1.386374793946743011e-02,1.871122419834136963e-01,-1.142675355076789856e-01,-5.879868865013122559e-01,8.007586002349853516e-01,0.000000000000000000e+00
-2.436098903417587280e-01,-1.192211285233497620e-01,-9.152828902006149292e-02,-8.525500297546386719e-01,4.637778997421264648e-01,2.409741133451461792e-01,0.000000000000000000e+00
-2.204449623823165894e-01,-4.178445041179656982e-02,-1.677071601152420044e-01,-8.513562083244323730e-01,4.475455582141876221e-01,2.736705243587493896e-01,0.000000000000000000e+00
6.156456097960472107e-02,1.594160646200180054e-01,-3.067746013402938843e-02,9.927399456501007080e-02,5.877757668495178223e-01,-8.029099106788635254e-01,0.000000000000000000e+00
9.390883147716522217e-02,-9.246527403593063354e-02,-1.850569620728492737e-02,8.449472188949584961e-01,-4.835950732231140137e-01,-2.284731715917587280e-01,0.000000000000000000e+00
9.076774120330810547e-02,9.480473399162292480e-02,2.359546571969985962e-01,-1.084811612963676453e-01,-5.796337127685546875e-01,8.076240420341491699e-01,0.000000000000000000e+00
9.923144429922103882e-02,-5.339184775948524475e-02,-7.687325030565261841e-02,8.452348113059997559e-01,-4.739644229412078857e-01,-2.468519061803817749e-01,0.000000000000000000e+00
2.422421611845493317e-02,2.204655110836029053e-01,1.676937490701675415e-01,-8.368101716041564941e-01,4.955741465091705322e-01,2.327123433351516724e-01,0.000000000000000000e+00
1.690823435783386230e-01,2.184566669166088104e-02,1.859745755791664124e-02,8.406928777694702148e-01,-4.808218181133270264e-01,-2.490901648998260498e-01,0.000000000000000000e+00
1.190312206745147705e-01,2.120387554168701172e-02,1.885540187358856201e-01,-1.144527643918991089e-01,-5.862437486648559570e-01,8.020092248916625977e-01,0.000000000000000000e+00
1.179887354373931885e-01,2.367518246173858643e-01,1.468760520219802856e-01,3.782607018947601318e-01,7.433792352676391602e-01,5.516394972801208496e-01,0.000000000000000000e+00
6.234142929315567017e-02,2.651315741240978241e-02,1.829050779342651367e-01,-1.118661612272262573e-01,-5.906349420547485352e-01,7.991472482681274414e-01,0.000000000000000000e+00
5.174324661493301392e-02,2.953292727470397949e-01,6.717526167631149292e-02,-1.547019183635711670e-01,6.933037042617797852e-01,-7.038446664810180664e-01,0.000000000000000000e+00
1.626389659941196442e-02,-2.001163214445114136e-01,-7.088858634233474731e-02,8.284621834754943848e-01,-5.242281556129455566e-01,-1.970666944980621338e-01,0.000000000000000000e+00
8.416323363780975342e-02,-1.309277266263961792e-01,3.325791284441947937e-02,8.440705537796020508e-01,-4.944258034229278564e-01,-2.075765132904052734e-01,0.000000000000000000e+00
2.160845398902893066e-01,2.549560554325580597e-02,1.975541412830352783e-01,8.028120994567871094e-01,-5.954254269599914551e-01,-3.100551664829254150e-02,0.000000000000000000e+00
2.611272037029266357e-01,2.028959095478057861e-01,4.901458323001861572e-02,5.449133515357971191e-01,6.278102397918701172e-01,5.558091402053833008e-01,0.000000000000000000e+00
-2.276604622602462769e-01,-1.997562795877456665e-01,-7.306233048439025879e-02,-5.208101868629455566e-01,-6.555371880531311035e-01,-5.468342900276184082e-01,0.000000000000000000e+00
1.820980459451675415e-01,1.502422988414764404e-01,1.813838034868240356e-01,7.115870714187622070e-01,6.193134188652038574e-01,3.318052291870117188e-01,0.000000000000000000e+00
-1.371421515941619873e-01,-3.352662548422813416e-02,-1.984252780675888062e-01,1.263477951288223267e-01,5.852491855621337891e-01,-8.009492158889770508e-01,0.000000000000000000e+00
2.174679189920425415e-01,8.014967292547225952e-02,7.134252786636352539e-02,8.458358049392700195e-01,-4.744772315025329590e-01,-2.437890619039535522e-01,0.000000000000000000e+00
-2.648372761905193329e-02,9.521473944187164307e-02,2.180943936109542847e-01,-1.250999867916107178e-01,-5.961099863052368164e-01,7.930970191955566406e-01,0.000000000000000000e+00
-2.062493003904819489e-02,-1.645013540983200073e-01,3.394975513219833374e-02,-1.477755755186080933e-01,-5.577669143676757812e-01,8.167364597320556641e-01,0.000000000000000000e+00
5.533505231142044067e-02,7.516653090715408325e-02,-9.255444258451461792e-02,1.129546239972114563e-01,5.745025277137756348e-01,-8.106713891029357910e-01,0.000000000000000000e+00
-1.149733960628509521e-01,-1.164407879114151001e-01,-2.553011476993560791e-01,8.349630981683731079e-02,5.903464555740356445e-01,-8.028196692466735840e-01,0.000000000000000000e+00
5.773990228772163391e-02,1.538268178701400757e-01,2.726772129535675049e-01,-1.193047836422920227e-01,-5.788934826850891113e-01,8.066279888153076172e-01,0.000000000000000000e+00
-6.082973629236221313e-02,-3.049668669700622559e-01,-7.215038686990737915e-02,-1.269998997449874878e-01,-5.609873533248901367e-01,8.180245757102966309e-01,0.000000000000000000e+00
1.174739152193069458e-01,1.081550493836402893e-01,2.497139275074005127e-01,-1.061799749732017517e-01,-5.868906974792480469e-01,8.026737570762634277e-01,0.000000000000000000e+00
-2.286540716886520386e-01,-1.136936694383621216e-01,-4.865792021155357361e-02,-8.395115733146667480e-01,4.958288371562957764e-01,2.222028374671936035e-01,0.000000000000000000e+00
9.389941580593585968e-03,3.308815136551856995e-02,-1.292580366134643555e-01,9.894478321075439453e-02,5.905792117118835449e-01,-8.008908629417419434e-01,0.000000000000000000e+00
-2.678809165954589844e-01,-1.944272220134735107e-01,-4.125141724944114685e-02,-5.213877558708190918e-01,-6.600451469421386719e-01,-5.408282876014709473e-01,0.000000000000000000e+00
-2.395817544311285019e-03,-1.493768095970153809e-01,-2.341315746307373047e-01,8.475332260131835938e-01,-4.808267652988433838e-01,-2.247066497802734375e-01,0.000000000000000000e+00
1.200452540069818497e-02,-2.207138687372207642e-01,-4.066808521747589111e-02,8.346894383430480957e-01,-5.220416188240051270e-01,-1.754025667905807495e-01,0.000000000000000000e+00
1.289981454610824585e-01,2.273367345333099365e-01,1.473007351160049438e-01,3.604360520839691162e-01,7.589950561523437500e-01,5.422290563583374023e-01,0.000000000000000000e+00
4.425998032093048096e-02,2.358427047729492188e-01,2.043655216693878174e-01,-8.385449647903442383e-01,5.084943175315856934e-01,1.956421583890914917e-01,0.000000000000000000e+00
6.054731458425521851e-02,3.153854906558990479e-01,9.722206741571426392e-02,-7.842816710472106934e-01,6.190978884696960449e-01,4.024969786405563354e-02,0.000000000000000000e+00
-8.035415410995483398e-02,2.236167527735233307e-02,-1.497652828693389893e-01,1.340225189924240112e-01,5.738435983657836914e-01,-8.079241514205932617e-01,0.000000000000000000e+00
2.317896932363510132e-01,1.231479123234748840e-01,1.714909374713897705e-01,7.602789402008056641e-01,5.193034410476684570e-01,3.902561068534851074e-01,0.000000000000000000e+00
4.680320620536804199e-02,-1.593467034399509430e-02,-1.598808318376541138e-01,1.095727011561393738e-01,5.863466262817382812e-01,-8.026154041290283203e-01,0.000000000000000000e+00
-7.517982274293899536e-02,7.787661254405975342e-02,1.090763881802558899e-01,-8.461872339248657227e-01,4.748237729072570801e-01,2.418875396251678467e-01,0.000000000000000000e+00
-1.361145824193954468e-01,-1.127562671899795532e-01,-2.557831108570098877e-01,1.043431013822555542e-01,6.065160632133483887e-01,-7.881946563720703125e-01,0.000000000000000000e+00
8.463543653488159180e-02,3.760346397757530212e-02,-1.155447736382484436e-01,9.619763493537902832e-02,5.904088616371154785e-01,-8.013510107994079590e-01,0.000000000000000000e+00
-2.384709715843200684e-01,-1.808950006961822510e-01,-1.236964762210845947e-02,-1.261740177869796753e-01,-5.742405652999877930e-01,8.089053630828857422e-01,0.000000000000000000e+00
-7.071104831993579865e-03,-1.783010661602020264e-01,-1.968373954296112061e-01,8.438668251037597656e-01,-4.661267399787902832e-01,-2.657341659069061279e-01,0.000000000000000000e+00
-7.250670809298753738e-03,-3.963886573910713196e-02,1.251042783260345459e-01,-1.452189236879348755e-01,-5.609453916549682617e-01,8.150164484977722168e-01,0.000000000000000000e+00
-1.238828971982002258e-01,8.253387175500392914e-03,7.773713767528533936e-02,-8.268570303916931152e-01,5.117468237876892090e-01,2.332865446805953979e-01,0.000000000000000000e+00
8.353152126073837280e-02,-1.372782140970230103e-01,4.786344617605209351e-02,8.385274410247802734e-01,-5.215512514114379883e-01,-1.576581299304962158e-01,0.000000000000000000e+00
-5.112326703965663910e-03,2.706664381548762321e-03,-1.533370912075042725e-01,1.258312761783599854e-01,5.935071706771850586e-01,-7.949312925338745117e-01,0.000000000000000000e+00
-1.293141487985849380e-02,-1.995705664157867432e-01,-1.764776557683944702e-01,8.435701727867126465e-01,-4.765909016132354736e-01,-2.474883645772933960e-01,0.000000000000000000e+00
-2.529730498790740967e-01,-1.068391725420951843e-01,-1.516262441873550415e-01,-7.190622687339782715e-01,6.022689938545227051e-01,3.467296659946441650e-01,0.000000000000000000e+00
-1.855680346488952637e-01,-3.143018484115600586e-02,-2.034715414047241211e-01,1.240783333778381348e-01,5.657181739807128906e-01,-8.152101039886474609e-01,0.000000000000000000e+00
1.217909529805183411e-01,1.930018216371536255e-01,1.953083723783493042e-01,6.135308146476745605e-01,4.938855171203613281e-01,6.161631345748901367e-01,0.000000000000000000e+00
2.223874181509017944e-01,5.294533073902130127e-02,1.502360403537750244e-01,8.300932645797729492e-01,-5.234727859497070312e-01,-1.921494752168655396e-01,0.000000000000000000e+00
1.443973779678344727e-01,-3.321563452482223511e-02,4.360272362828254700e-02,8.427067995071411133e-01,-5.004948973655700684e-01,-1.983686536550521851e-01,0.000000000000000000e+00
1.278373152017593384e-01,-6.646163761615753174e-02,5.618963018059730530e-02,8.386623859405517578e-01,-5.003446936607360840e-01,-2.151755392551422119e-01,0.000000000000000000e+00
6.571554392576217651e-02,1.073459256440401077e-02,-1.377885043621063232e-01,9.548303484916687012e-02,5.937752723693847656e-01,-7.989454865455627441e-01,0.000000000000000000e+00
4.921434074640274048e-02,1.768027096986770630e-01,2.827962934970855713e-01,3.231392502784729004e-01,7.066918611526489258e-01,6.294184923171997070e-01,0.000000000000000000e+00
7.006599754095077515e-02,-1.079549193382263184e-01,-7.106047868728637695e-02,8.435811400413513184e-01,-4.733765125274658203e-01,-2.535458505153656006e-01,0.000000000000000000e+00
-2.892959490418434143e-02,1.320810616016387939e-01,1.636185348033905029e-01,-8.436274528503417969e-01,4.771197140216827393e-01,2.462711632251739502e-01,0.000000000000000000e+00
4.705901443958282471e-02,-1.652261465787887573e-01,-3.326024860143661499e-02,8.368436694145202637e-01,-5.067363977432250977e-01,-2.071494609117507935e-01,0.000000000000000000e+00
-1.235890239477157593e-01,3.672054037451744080e-02,1.753618568181991577e-02,-8.312099575996398926e-01,5.045154094696044922e-01,2.335684299468994141e-01,0.000000000000000000e+00
2.173983305692672729e-02,-1.847295761108398438e-01,2.622787840664386749e-02,-1.165095791220664978e-01,-5.826850533485412598e-01,8.043031692504882812e-01,0.000000000000000000e+00
1.404241174459457397e-01,2.064936012029647827e-01,1.422072295099496841e-02,1.369838714599609375e-01,5.658971667289733887e-01,-8.130164742469787598e-01,0.000000000000000000e+00
-2.040448486804962158e-01,-1.418093740940093994e-01,-1.620909273624420166e-01,-5.090979933738708496e-01,-6.595276594161987305e-01,-5.530302524566650391e-01,0.000000000000000000e+00
-2.000995725393295288e-01,-1.730603873729705811e-01,-1.293377280235290527e-01,-5.198887586593627930e-01,-6.465682983398437500e-01,-5.582697391510009766e-01,0.000000000000000000e+00
-5.624429136514663696e-02,-1.375448852777481079e-01,-2.627585232257843018e-01,9.426324069499969482e-02,5.887770056724548340e-01,-8.027802109718322754e-01,0.000000000000000000e+00
-1.815246418118476868e-02,1.523861885070800781e-01,1.596210896968841553e-01,-8.347681760787963867e-01,5.059069991111755371e-01,2.173021882772445679e-01,0.000000000000000000e+00
2.545552700757980347e-02,2.647317051887512207e-01,8.078130334615707397e-02,-8.492775559425354004e-01,4.553105235099792480e-01,2.672451138496398926e-01,0.000000000000000000e+00
-3.260230273008346558e-02,9.491644054651260376e-02,2.135486155748367310e-01,-7.685692906379699707e-01,9.226570278406143188e-02,6.330784559249877930e-01,0.000000000000000000e+00
-3.574312850832939148e-02,-2.655839025974273682e-01,-1.214823871850967407e-01,8.383358120918273926e-01,-4.968113899230957031e-01,-2.244360744953155518e-01,0.000000000000000000e+00
2.558892369270324707e-01,1.593379080295562744e-01,4.977367445826530457e-02,8.379520773887634277e-01,-4.908618032932281494e-01,-2.385183870792388916e-01,0.000000000000000000e+00
-7.131145894527435303e-02,-1.050724983215332031e-01,-2.413180023431777954e-01,1.151518747210502625e-01,5.781769156455993652e-01,-8.077446818351745605e-01,0.000000000000000000e+00
-1.002459153532981873e-01,-1.322867870330810547e-01,4.413077235221862793e-02,-1.060274541378021240e-01,-5.920227169990539551e-01,7.989162802696228027e-01,0.000000000000000000e+00
-7.092405855655670166e-02,-2.023586332798004150e-01,-2.157031595706939697e-01,-5.139927268028259277e-01,-6.749056577682495117e-01,-5.294466614723205566e-01,0.000000000000000000e+00
-1.865006387233734131e-01,-9.602278470993041992e-03,-1.876158565282821655e-01,1.158385202288627625e-01,5.874043107032775879e-01,-8.009604215621948242e-01,0.000000000000000000e+00
-7.601832598447799683e-02,4.333193227648735046e-02,1.678676307201385498e-01,-7.571777701377868652e-01,5.632253363728523254e-02,6.507761478424072266e-01,0.000000000000000000e+00
-7.031834870576858521e-02,-2.629138529300689697e-01,-4.511172324419021606e-02,-1.410692185163497925e-01,-5.565087199211120605e-01,8.187780976295471191e-01,0.000000000000000000e+00
-4.859318584203720093e-02,5.497826263308525085e-02,1.855447143316268921e-01,-1.193293929100036621e-01,-5.848191380500793457e-01,8.023384809494018555e-01,0.000000000000000000e+00
2.424029856920242310e-01,1.776033639907836914e-01,9.306563064455986023e-03,3.943243920803070068e-01,3.235472440719604492e-01,-8.601310849189758301e-01,0.000000000000000000e+00
3.143972530961036682e-02,2.521933801472187042e-02,-1.318876892328262329e-01,1.277929842472076416e-01,5.733880400657653809e-01,-8.092558979988098145e-01,0.000000000000000000e+00
1.224939338862895966e-02,8.778948336839675903e-02,2.186057418584823608e-01,-1.138232797384262085e-01,-5.844801068305969238e-01,8.033849000930786133e-01,0.000000000000000000e+00
2.829782664775848389e-02,-1.907753199338912964e-01,-4.738357663154602051e-02,8.500295877456665039e-01,-4.900672435760498047e-01,-1.930901408195495605e-01,0.000000000000000000e+00
2.210456579923629761e-01,6.029287725687026978e-02,1.277855187654495239e-01,8.369274139404296875e-01,-4.971499145030975342e-01,-2.288984507322311401e-01,0.000000000000000000e+00
1.632276177406311035e-01,2.683994770050048828e-01,6.362422555685043335e-02,1.697524189949035645e-01,7.646167278289794922e-01,-6.217277646064758301e-01,0.000000000000000000e+00
-1.027951762080192566e-02,-3.641111403703689575e-02,-1.826400011777877808e-01,1.094347983598709106e-01,5.868841409683227539e-01,-8.022412657737731934e-01,0.000000000000000000e+00
-1.145669519901275635e-01,8.156986534595489502e-02,-4.284475743770599365e-02,-8.409364819526672363e-01,4.823245704174041748e-01,2.453340440988540649e-01,0.000000000000000000e+00
-1.135464608669281006e-01,-2.902334034442901611e-01,-7.306668162345886230e-02,-5.165666341781616211e-01,-6.528725028038024902e-01,-5.540003180503845215e-01,0.000000000000000000e+00
-3.939283546060323715e-03,-2.152059525251388550e-01,-1.151583194732666016e-01,8.369808197021484375e-01,-5.006244182586669922e-01,-2.209938019514083862e-01,0.000000000000000000e+00
7.214704900979995728e-02,2.762817144393920898e-01,5.562067404389381409e-02,1.270010173320770264e-01,5.736419558525085449e-01,-8.092006444931030273e-01,0.000000000000000000e+00
5.060100927948951721e-03,1.687804758548736572e-01,2.095200717449188232e-01,-8.383020162582397461e-01,5.007658004760742188e-01,2.156001031398773193e-01,0.000000000000000000e+00
9.169131517410278320e-02,-9.160824120044708252e-02,-2.825753390789031982e-02,8.405723571777343750e-01,-4.861373007297515869e-01,-2.389741986989974976e-01,0.000000000000000000e+00
-5.761378630995750427e-02,-3.055311739444732666e-01,-7.195896655321121216e-02,1.684191972017288208e-01,-7.263432741165161133e-01,6.663785576820373535e-01,0.000000000000000000e+00
-7.203790545463562012e-02,1.468246132135391235e-01,-5.543905124068260193e-02,-4.055649936199188232e-01,7.571244239807128906e-01,-5.121324658393859863e-01,0.000000000000000000e+00
-1.196849122643470764e-01,-2.137744426727294922e-01,-1.662786863744258881e-02,-1.671517193317413330e-01,-5.703443884849548340e-01,8.042185902595520020e-01,0.000000000000000000e+00
-5.439209192991256714e-02,-1.238909661769866943e-01,5.762121826410293579e-02,-1.534712910652160645e-01,-5.597686171531677246e-01,8.143129944801330566e-01,0.000000000000000000e+00
3.650223091244697571e-02,-1.564438045024871826e-01,-8.961173892021179199e-02,8.447283506393432617e-01,-4.722119569778442383e-01,-2.518925964832305908e-01,0.000000000000000000e+00
1.166165173053741455e-01,2.631362676620483398e-01,1.167170703411102295e-01,4.287347197532653809e-01,7.171540856361389160e-01,5.494329333305358887e-01,0.000000000000000000e+00
2.110273092985153198e-01,1.041318699717521667e-01,2.448180690407752991e-03,8.419429063796997070e-01,-4.872052073478698730e-01,-2.318689674139022827e-01,0.000000000000000000e+00
-1.917909234762191772e-01,-1.283248364925384521e-01,3.290633857250213623e-02,-1.183662712574005127e-01,-5.742261409759521484e-01,8.100948929786682129e-01,0.000000000000000000e+00
-2.431781291961669922e-01,-1.032543852925300598e-01,-1.709545552730560303e-01,-5.169913768768310547e-01,-6.500772833824157715e-01,-5.568836927413940430e-01,0.000000000000000000e+00
-2.548604309558868408e-01,-1.255562603473663330e-01,-1.340453475713729858e-01,-5.209516286849975586e-01,-6.882868409156799316e-01,-5.048471093177795410e-01,0.000000000000000000e+00
5.724240466952323914e-02,-1.396660655736923218e-01,-5.222559720277786255e-02,8.425961136817932129e-01,-4.838143587112426758e-01,-2.365491241216659546e-01,0.000000000000000000e+00
-9.317237138748168945e-02,1.001063385047018528e-03,1.405815333127975464e-01,-1.441556662321090698e-01,-5.631337761878967285e-01,8.136949539184570312e-01,0.000000000000000000e+00
-2.339920252561569214e-01,-1.097557619214057922e-01,-7.604993879795074463e-02,-8.459885716438293457e-01,4.803813695907592773e-01,2.313807457685470581e-01,0.000000000000000000e+00
-1.123174056410789490e-01,-1.036468520760536194e-01,-2.458268404006958008e-01,1.452429443597793579e-01,5.621825456619262695e-01,-8.141592144966125488e-01,0.000000000000000000e+00
1.612413302063941956e-02,1.863832920789718628e-01,2.129916101694107056e-01,-8.428889513015747070e-01,4.828768670558929443e-01,2.374197393655776978e-01,0.000000000000000000e+00
8.985901623964309692e-02,-1.029709726572036743e-01,9.576767683029174805e-02,-1.173882335424423218e-01,-5.805894136428833008e-01,8.056897521018981934e-01,0.000000000000000000e+00
-6.743630394339561462e-03,2.105847150087356567e-01,7.709320634603500366e-02,-8.359850049018859863e-01,4.897756874561309814e-01,2.474851161241531372e-01,0.000000000000000000e+00
8.531217277050018311e-02,-4.710810258984565735e-02,-1.356460005044937134e-01,8.460540175437927246e-01,-4.523362219333648682e-01,-2.821072638034820557e-01,0.000000000000000000e+00
4.526071250438690186e-02,3.954410925507545471e-02,1.895785182714462280e-01,-1.199566572904586792e-01,-5.897908806800842285e-01,7.985969781875610352e-01,0.000000000000000000e+00
-5.607359483838081360e-02,1.453178972005844116e-01,3.521422669291496277e-02,-8.375492095947265625e-01,5.005274415016174316e-01,2.190514504909515381e-01,0.000000000000000000e+00
-2.322910130023956299e-01,-1.401892304420471191e-01,-4.400813486427068710e-03,-8.354044556617736816e-01,4.977627396583557129e-01,2.330915182828903198e-01,0.000000000000000000e+00
1.380981355905532837e-01,-2.720626071095466614e-02,6.817929912358522415e-03,8.468164205551147461e-01,-4.742039442062377930e-01,-2.408995032310485840e-01,0.000000000000000000e+00
-1.362358592450618744e-02,-2.489710599184036255e-01,-7.283710688352584839e-02,8.411909937858581543e-01,-5.061106681823730469e-01,-1.903934925794601440e-01,0.000000000000000000e+00
1.305459290742874146e-01,2.041670493781566620e-02,-1.069772914052009583e-01,8.298781514167785645e-01,-2.635693550109863281e-01,-4.917656779289245605e-01,0.000000000000000000e+00
-2.490170449018478394e-01,-1.433993428945541382e-01,-1.190156191587448120e-01,-5.138023495674133301e-01,-6.735561490058898926e-01,-5.313466787338256836e-01,0.000000000000000000e+00
-7.520440220832824707e-02,-3.093509376049041748e-01,-7.752508670091629028e-02,-1.043165400624275208e-01,-5.427161455154418945e-01,8.334130048751831055e-01,0.000000000000000000e+00
1.877307742834091187e-01,2.198508083820343018e-01,9.896297007799148560e-02,6.190297603607177734e-01,5.209171772003173828e-01,5.877477526664733887e-01,0.000000000000000000e+00
1.560564637184143066e-01,1.523975748568773270e-02,-1.442548073828220367e-02,8.425756096839904785e-01,-4.829337298870086670e-01,-2.384143173694610596e-01,0.000000000000000000e+00
2.894578315317630768e-02,-7.676452398300170898e-02,-2.068159431219100952e-01,1.201770752668380737e-01,5.830636024475097656e-01,-8.034888505935668945e-01,0.000000000000000000e+00
-2.450247853994369507e-01,-1.961286962032318115e-01,-6.117018312215805054e-02,-5.105949640274047852e-01,-6.522319316864013672e-01,-5.602555274963378906e-01,0.000000000000000000e+00
-2.537190169095993042e-02,1.431421935558319092e-01,-5.450180917978286743e-02,9.234592318534851074e-02,5.980567336082458496e-01,-7.961158156394958496e-01,0.000000000000000000e+00
-1.405054628849029541e-01,-2.530331015586853027e-01,-9.202514588832855225e-02,-5.110090374946594238e-01,-6.481685638427734375e-01,-5.645770430564880371e-01,0.000000000000000000e+00
1.145835369825363159e-01,1.049514161422848701e-03,1.732762753963470459e-01,-1.389243751764297485e-01,-5.768384337425231934e-01,8.049580454826354980e-01,0.000000000000000000e+00
5.939277261495590210e-02,2.292125672101974487e-01,2.128730118274688721e-01,5.435760617256164551e-01,6.721113324165344238e-01,5.027837157249450684e-01,0.000000000000000000e+00
-1.810410805046558380e-02,-2.584205567836761475e-01,-6.797119975090026855e-02,8.486756086349487305e-01,-4.891639947891235352e-01,-2.011673003435134888e-01,0.000000000000000000e+00
7.289741933345794678e-02,-1.037239506840705872e-01,-6.953927129507064819e-02,8.435811400413513184e-01,-4.733765125274658203e-01,-2.535458505153656006e-01,0.000000000000000000e+00
-2.126887068152427673e-02,-5.772088840603828430e-02,-1.995725780725479126e-01,1.208424717187881470e-01,5.770483613014221191e-01,-8.077204227447509766e-01,0.000000000000000000e+00
-2.060113251209259033e-01,-5.147270858287811279e-02,-9.828988462686538696e-02,-8.416949510574340820e-01,4.862594306468963623e-01,2.347368150949478149e-01,0.000000000000000000e+00
-6.760020554065704346e-02,1.793556846678256989e-02,1.564728915691375732e-01,-1.177037209272384644e-01,-5.701549649238586426e-01,8.130615949630737305e-01,0.000000000000000000e+00
-2.164891809225082397e-01,-1.964742392301559448e-01,-8.753335475921630859e-02,-5.162311196327209473e-01,-6.491122841835021973e-01,-5.587116479873657227e-01,0.000000000000000000e+00
-1.405396759510040283e-01,3.351477533578872681e-02,-1.498713195323944092e-01,1.129251793026924133e-01,5.818305015563964844e-01,-8.054323196411132812e-01,0.000000000000000000e+00
1.155761629343032837e-01,-6.145504768937826157e-03,-1.101463288068771362e-01,8.390756249427795410e-01,-4.906255900859832764e-01,-2.350288927555084229e-01,0.000000000000000000e+00
7.868069410324096680e-02,-9.435427933931350708e-02,-6.768801063299179077e-02,8.462364077568054199e-01,-4.690792262554168701e-01,-2.526829540729522705e-01,0.000000000000000000e+00
9.227544069290161133e-02,-1.273470222949981689e-01,6.061908602714538574e-02,8.442610502243041992e-01,-5.105849504470825195e-01,-1.628689616918563843e-01,0.000000000000000000e+00
-4.162216931581497192e-02,1.736306697130203247e-01,2.856205776333808899e-02,-8.412007689476013184e-01,4.900418519973754883e-01,2.285612225532531738e-01,0.000000000000000000e+00
2.626866996288299561e-01,1.333978027105331421e-01,1.266648024320602417e-01,9.452551007270812988e-01,-2.625877559185028076e-01,-1.937536448240280151e-01,0.000000000000000000e+00
-2.666253782808780670e-02,1.932987570762634277e-01,4.132218286395072937e-02,-8.405514955520629883e-01,4.931060373783111572e-01,2.243204265832901001e-01,0.000000000000000000e+00
-9.191762655973434448e-02,4.540488868951797485e-02,-1.346065402030944824e-01,9.206079691648483276e-02,5.942263007164001465e-01,-7.990118265151977539e-01,0.000000000000000000e+00
1.562830507755279541e-01,1.279802173376083374e-01,2.385662794113159180e-01,8.274660706520080566e-01,4.705277085304260254e-01,3.064369559288024902e-01,0.000000000000000000e+00
-1.987133324146270752e-01,-4.570889472961425781e-02,-8.401566743850708008e-02,-8.496428132057189941e-01,4.751008450984954834e-01,2.288805097341537476e-01,0.000000000000000000e+00
3.192832693457603455e-02,2.427693605422973633e-01,2.577887475490570068e-02,1.045278757810592651e-01,5.904999971389770508e-01,-8.002398014068603516e-01,0.000000000000000000e+00
-1.850901842117309570e-01,-1.640470176935195923e-01,-1.538190096616744995e-01,-5.217986702919006348e-01,-6.578394770622253418e-01,-5.431144833564758301e-01,0.000000000000000000e+00
-8.155970275402069092e-02,-1.743862926959991455e-01,-2.391623854637145996e-01,-5.264008045196533203e-01,-6.456971764564514160e-01,-5.531521439552307129e-01,0.000000000000000000e+00
2.572581171989440918e-01,1.285690665245056152e-01,1.142028048634529114e-01,8.436561226844787598e-01,-4.762121737003326416e-01,-2.479240596294403076e-01,0.000000000000000000e+00
4.925493896007537842e-02,-1.631341129541397095e-01,-2.950677275657653809e-02,8.368436694145202637e-01,-5.067363977432250977e-01,-2.071494609117507935e-01,0.000000000000000000e+00
9.670443832874298096e-02,-6.736641377210617065e-02,-5.813882872462272644e-02,8.425632119178771973e-01,-4.851760268211364746e-01,-2.338619977235794067e-01,0.000000000000000000e+00
-1.618730276823043823e-01,-9.786371141672134399e-02,-2.485710531473159790e-01,1.461129635572433472e-01,5.762193202972412109e-01,-8.041282892227172852e-01,0.000000000000000000e+00
-2.401434779167175293e-01,-1.833968758583068848e-01,-8.084751665592193604e-02,-5.143624544143676758e-01,-6.449848413467407227e-01,-5.651776790618896484e-01,0.000000000000000000e+00
2.632190287113189697e-01,1.514582782983779907e-01,9.005674719810485840e-02,8.470084071159362793e-01,-4.577851891517639160e-01,-2.702026069164276123e-01,0.000000000000000000e+00
-1.025542616844177246e-01,-2.908655703067779541e-01,-8.303400129079818726e-02,-5.112385153770446777e-01,-6.493413448333740234e-01,-5.630195140838623047e-01,0.000000000000000000e+00
2.646585106849670410e-01,1.719821989536285400e-01,5.518866702914237976e-02,8.477479815483093262e-01,-4.755485355854034424e-01,-2.348978519439697266e-01,0.000000000000000000e+00
-2.205139845609664917e-01,-1.101987361907958984e-01,-2.597180195152759552e-02,-8.399776816368103027e-01,4.913682341575622559e-01,2.302058190107345581e-01,0.000000000000000000e+00
2.188352495431900024e-01,6.488422304391860962e-02,1.081907376646995544e-01,8.432621359825134277e-01,-4.959466457366943359e-01,-2.072338163852691650e-01,0.000000000000000000e+00
2.189344018697738647e-01,1.806011199951171875e-01,1.164257973432540894e-01,5.358059406280517578e-01,6.218963861465454102e-01,5.711014866828918457e-01,0.000000000000000000e+00
-1.194298118352890015e-01,-6.270050257444381714e-02,9.061493724584579468e-02,-1.077413409948348999e-01,-5.922380089759826660e-01,7.985273599624633789e-01,0.000000000000000000e+00
-1.275363266468048096e-01,-2.688998579978942871e-01,-5.802315101027488708e-02,-9.455163776874542236e-02,-5.853567123413085938e-01,8.052437305450439453e-01,0.000000000000000000e+00
4.942087829113006592e-02,-1.625732630491256714e-01,-3.020836040377616882e-02,8.368436694145202637e-01,-5.067363977432250977e-01,-2.071494609117507935e-01,0.000000000000000000e+00
1.604376137256622314e-01,1.561014056205749512e-01,2.010471075773239136e-01,6.240531802177429199e-02,7.181832194328308105e-01,6.930500864982604980e-01,0.000000000000000000e+00
-1.408700458705425262e-02,1.749897450208663940e-01,-2.967957966029644012e-02,1.051336377859115601e-01,5.879459381103515625e-01,-8.020389676094055176e-01,0.000000000000000000e+00
4.553723707795143127e-02,2.495407015085220337e-01,1.834439188241958618e-01,-8.399767279624938965e-01,4.877825677394866943e-01,2.377124875783920288e-01,0.000000000000000000e+00
-1.870334595441818237e-01,-5.778867006301879883e-02,-1.408063061535358429e-02,-8.401130437850952148e-01,4.998401999473571777e-01,2.106415182352066040e-01,0.000000000000000000e+00
-7.053058594465255737e-02,-2.371848225593566895e-01,-1.750539094209671021e-01,-5.191866159439086914e-01,-6.463392376899719238e-01,-5.591877102851867676e-01,0.000000000000000000e+00
-3.760958090424537659e-02,-2.653425931930541992e-01,-4.115324839949607849e-02,-1.328639984130859375e-01,-5.523337125778198242e-01,8.229669928550720215e-01,0.000000000000000000e+00
7.190535962581634521e-02,2.654993236064910889e-01,1.562535017728805542e-01,6.542783975601196289e-01,5.445871949195861816e-01,5.247328281402587891e-01,0.000000000000000000e+00
2.335330657660961151e-02,2.112722955644130707e-02,1.730078458786010742e-01,-1.517937034368515015e-01,-5.563135147094726562e-01,8.169907927513122559e-01,0.000000000000000000e+00
-4.018730483949184418e-03,1.880075037479400635e-01,1.339904218912124634e-01,-8.402361869812011719e-01,4.862148463726043701e-01,2.399965226650238037e-01,0.000000000000000000e+00
6.400953978300094604e-02,3.143876194953918457e-01,1.070076525211334229e-01,6.630952358245849609e-01,6.045609712600708008e-01,4.413736462593078613e-01,0.000000000000000000e+00
-1.276365667581558228e-01,6.396403163671493530e-02,-1.259741187095642090e-01,1.232384219765663147e-01,5.944508910179138184e-01,-7.946322560310363770e-01,0.000000000000000000e+00
-8.824043720960617065e-02,-1.776747554540634155e-01,1.395987533032894135e-02,-1.381288915872573853e-01,-5.655311942100524902e-01,8.130773901939392090e-01,0.000000000000000000e+00
4.211095348000526428e-02,2.302869707345962524e-01,1.810040511190891266e-02,9.669922292232513428e-02,5.930019021034240723e-01,-7.993735074996948242e-01,0.000000000000000000e+00
-1.874345093965530396e-01,8.526813238859176636e-03,-1.663958728313446045e-01,-7.434097528457641602e-01,6.577093601226806641e-01,-1.214923635125160217e-01,0.000000000000000000e+00
-2.273047566413879395e-01,-1.319265067577362061e-01,-4.204757045954465866e-03,-8.344944715499877930e-01,4.993778467178344727e-01,2.328964918851852417e-01,0.000000000000000000e+00
1.315271705389022827e-01,4.514214023947715759e-02,-1.034354269504547119e-01,2.115902155637741089e-01,5.394443869590759277e-01,-8.150026798248291016e-01,0.000000000000000000e+00
2.518898248672485352e-01,1.664788722991943359e-01,2.300232090055942535e-02,8.374458551406860352e-01,-4.987676143646240234e-01,-2.234173715114593506e-01,0.000000000000000000e+00
9.736811369657516479e-02,4.551209509372711182e-02,-1.081152558326721191e-01,1.033397465944290161e-01,5.917676091194152832e-01,-7.994573116302490234e-01,0.000000000000000000e+00
1.033015325665473938e-01,2.476619556546211243e-02,1.884704530239105225e-01,-1.175086051225662231e-01,-5.850251317024230957e-01,8.024570345878601074e-01,0.000000000000000000e+00
-2.355217188596725464e-01,-7.315959036350250244e-02,-1.593016684055328369e-01,-8.495129942893981934e-01,4.655231237411499023e-01,2.482254356145858765e-01,0.000000000000000000e+00
-1.085677966475486755e-01,2.125772461295127869e-02,1.064608097076416016e-01,-8.429012894630432129e-01,4.822159111499786377e-01,2.387157082557678223e-01,0.000000000000000000e+00
6.178151816129684448e-02,-7.570058107376098633e-02,1.105510219931602478e-01,-1.525053828954696655e-01,-5.711135268211364746e-01,8.065801262855529785e-01,0.000000000000000000e+00
-6.677340716123580933e-02,1.044526323676109314e-01,8.284778147935867310e-02,-8.431024551391601562e-01,4.903073608875274658e-01,2.208549678325653076e-01,0.000000000000000000e+00
-1.726406365633010864e-01,2.546401135623455048e-02,-1.352549344301223755e-01,-9.117885231971740723e-01,3.480276465415954590e-01,2.179871797561645508e-01,0.000000000000000000e+00
1.695202738046646118e-01,-2.741741575300693512e-02,1.323586255311965942e-01,8.224256038665771484e-01,-5.362821817398071289e-01,-1.897829622030258179e-01,0.000000000000000000e+00
2.314762957394123077e-02,2.150081694126129150e-01,1.755024045705795288e-01,-8.382104635238647461e-01,4.967799484729766846e-01,2.249732166528701782e-01,0.000000000000000000e+00
3.108695521950721741e-02,-9.971749782562255859e-02,8.853256702423095703e-02,-1.136851757764816284e-01,-5.886975526809692383e-01,8.003192543983459473e-01,0.000000000000000000e+00
-2.948126755654811859e-02,-6.306400895118713379e-02,1.050205156207084656e-01,-1.448843330144882202e-01,-5.626081228256225586e-01,8.139291405677795410e-01,0.000000000000000000e+00
1.667100042104721069e-01,4.929993674159049988e-02,2.160571515560150146e-01,-1.044949740171432495e-01,-5.760054588317871094e-01,8.107395172119140625e-01,0.000000000000000000e+00
-1.618719547986984253e-01,-1.770330816507339478e-01,-1.599915325641632080e-01,-5.119727849960327148e-01,-6.451843976974487305e-01,-5.671163201332092285e-01,0.000000000000000000e+00
5.351431667804718018e-02,-5.159671604633331299e-02,1.266428083181381226e-01,-1.358262151479721069e-01,-5.704782605171203613e-01,8.100035786628723145e-01,0.000000000000000000e+00
1.886204332113265991e-01,9.951759129762649536e-02,2.379463165998458862e-01,1.527695208787918091e-01,6.931842565536499023e-01,7.043841481208801270e-01,0.000000000000000000e+00
-3.208676353096961975e-02,-2.488338053226470947e-01,-2.829005196690559387e-02,-1.360028833150863647e-01,-5.753772854804992676e-01,8.065012097358703613e-01,0.000000000000000000e+00
-7.782759517431259155e-02,-1.534790396690368652e-01,-2.694320380687713623e-01,-5.229595899581909180e-01,-6.942099928855895996e-01,-4.945561289787292480e-01,0.000000000000000000e+00
4.585084319114685059e-02,-3.766569495201110840e-02,-1.758875995874404907e-01,1.043028309941291809e-01,5.841561555862426758e-01,-8.049114942550659180e-01,0.000000000000000000e+00
7.134001702070236206e-02,-7.421591877937316895e-02,1.133645847439765930e-01,-1.233515739440917969e-01,-5.831221342086791992e-01,8.029651045799255371e-01,0.000000000000000000e+00
1.024960353970527649e-01,-5.463141947984695435e-02,-6.334672123193740845e-02,8.449094295501708984e-01,-4.736592173576354980e-01,-2.485458254814147949e-01,0.000000000000000000e+00
-1.229344233870506287e-01,-1.098150461912155151e-01,-2.517762780189514160e-01,1.235596910119056702e-01,5.620071291923522949e-01,-8.178514242172241211e-01,0.000000000000000000e+00
1.675848811864852905e-01,5.298919975757598877e-02,-4.764448851346969604e-02,8.480100035667419434e-01,-4.482108056545257568e-01,-2.828181087970733643e-01,0.000000000000000000e+00
-1.011800393462181091e-01,-1.558445990085601807e-01,2.721639908850193024e-02,-1.103269234299659729e-01,-5.847436189651489258e-01,8.036808371543884277e-01,0.000000000000000000e+00
7.666178047657012939e-02,1.576376147568225861e-02,1.777245253324508667e-01,-1.387906968593597412e-01,-5.719681978225708008e-01,8.084488511085510254e-01,0.000000000000000000e+00
1.339813694357872009e-02,2.014489620923995972e-01,-6.760337855666875839e-03,1.184945702552795410e-01,5.761412382125854492e-01,-8.087152242660522461e-01,0.000000000000000000e+00
-8.410346508026123047e-02,-2.953850030899047852e-01,-9.517073631286621094e-02,-5.078029632568359375e-01,-6.478911042213439941e-01,-5.677791833877563477e-01,0.000000000000000000e+00
1.878552953712642193e-03,2.345379889011383057e-01,5.832202732563018799e-02,-8.445935845375061035e-01,4.695074260234832764e-01,2.573410272598266602e-01,0.000000000000000000e+00
-1.097079589962959290e-01,-2.563147544860839844e-01,-4.667174071073532104e-02,-1.528994143009185791e-01,-5.574970841407775879e-01,8.159771561622619629e-01,0.000000000000000000e+00
-2.457186132669448853e-01,-1.074672117829322815e-01,-1.252778023481369019e-01,-8.437703847885131836e-01,4.855301678180694580e-01,2.287181913852691650e-01,0.000000000000000000e+00
-6.730377674102783203e-02,-1.918126195669174194e-01,7.416846696287393570e-03,-1.193152144551277161e-01,-5.870119333267211914e-01,8.007377386093139648e-01,0.000000000000000000e+00
-3.450117260217666626e-02,-2.502117753028869629e-01,-2.968028560280799866e-02,-1.360028833150863647e-01,-5.753772854804992676e-01,8.065012097358703613e-01,0.000000000000000000e+00
-2.355923503637313843e-01,-8.992135524749755859e-02,-1.940896213054656982e-01,-5.049437880516052246e-01,-6.588116884231567383e-01,-5.576727986335754395e-01,0.000000000000000000e+00
-1.446630656719207764e-01,-3.833524510264396667e-02,9.502256661653518677e-02,-8.341292142868041992e-01,2.699095606803894043e-01,4.810169041156768799e-01,0.000000000000000000e+00
-2.055731713771820068e-01,-1.415288150310516357e-01,-1.609877049922943115e-01,-5.415784716606140137e-01,-6.380370855331420898e-01,-5.473586320877075195e-01,0.000000000000000000e+00
-9.356209635734558105e-02,-3.100325539708137512e-02,-1.906630843877792358e-01,9.387409687042236328e-02,5.952982306480407715e-01,-7.980023026466369629e-01,0.000000000000000000e+00
-2.623246610164642334e-02,1.192423626780509949e-01,2.026378065347671509e-01,-8.349350690841674805e-01,5.095981359481811523e-01,2.078295797109603882e-01,0.000000000000000000e+00
-5.789748579263687134e-02,5.319993942975997925e-02,1.829255521297454834e-01,-1.098523736000061035e-01,-5.816923975944519043e-01,8.059568405151367188e-01,0.000000000000000000e+00
2.687698043882846832e-02,2.258606627583503723e-02,-1.344739943742752075e-01,1.277929842472076416e-01,5.733880400657653809e-01,-8.092558979988098145e-01,0.000000000000000000e+00
1.129674762487411499e-01,-1.027381345629692078e-01,9.203526377677917480e-02,7.543349266052246094e-01,-6.564621925354003906e-01,6.016784347593784332e-03,0.000000000000000000e+00
-9.266058355569839478e-02,-3.013171851634979248e-01,-7.440332323312759399e-02,-1.929121091961860657e-02,-4.779663980007171631e-01,8.781662583351135254e-01,0.000000000000000000e+00
4.529419541358947754e-02,-9.988145530223846436e-02,-1.683872342109680176e-01,8.443190455436706543e-01,-4.642627537250518799e-01,-2.675545811653137207e-01,0.000000000000000000e+00
-4.351470619440078735e-03,-1.064901724457740784e-01,7.806766033172607422e-02,-1.216828823089599609e-01,-5.833802223205566406e-01,8.030322194099426270e-01,0.000000000000000000e+00
5.753858759999275208e-02,2.258565127849578857e-01,1.689183153212070465e-02,7.851415872573852539e-02,6.017895936965942383e-01,-7.947860360145568848e-01,0.000000000000000000e+00
-6.337131559848785400e-02,-2.924357354640960693e-01,-6.395133584737777710e-02,-1.269998997449874878e-01,-5.609873533248901367e-01,8.180245757102966309e-01,0.000000000000000000e+00
4.997039958834648132e-02,2.854837179183959961e-01,1.241176575422286987e-01,-8.285301923751831055e-01,4.749614298343658447e-01,2.965624928474426270e-01,0.000000000000000000e+00
-7.905861735343933105e-02,9.401188045740127563e-02,6.015106663107872009e-02,-8.408470749855041504e-01,4.929246008396148682e-01,2.236101478338241577e-01,0.000000000000000000e+00
1.429429501295089722e-01,4.076130315661430359e-02,-9.574096649885177612e-02,7.926642298698425293e-01,-1.416728794574737549e-01,-5.929689407348632812e-01,0.000000000000000000e+00
-1.782236695289611816e-01,-6.505961064249277115e-03,-9.021879732608795166e-02,-8.418121337890625000e-01,4.844312667846679688e-01,2.380728423595428467e-01,0.000000000000000000e+00
-2.169682383537292480e-01,-7.325098663568496704e-02,-2.325639426708221436e-01,-5.008793473243713379e-01,-6.749942898750305176e-01,-5.417588353157043457e-01,0.000000000000000000e+00
3.990640491247177124e-02,-3.962712362408638000e-02,-1.781200319528579712e-01,1.170747056603431702e-01,5.813701748847961426e-01,-8.051721453666687012e-01,0.000000000000000000e+00
8.935629576444625854e-02,2.436971068382263184e-01,1.655259281396865845e-01,3.067481219768524170e-01,7.802186012268066406e-01,5.451279878616333008e-01,0.000000000000000000e+00
-8.581620454788208008e-02,-2.597006261348724365e-01,-4.547186940908432007e-02,-8.744990080595016479e-02,-5.946097970008850098e-01,7.992444634437561035e-01,0.000000000000000000e+00
-2.474215924739837646e-01,-9.316867589950561523e-02,-1.614130884408950806e-01,-8.383147716522216797e-01,4.899753034114837646e-01,2.390660047531127930e-01,0.000000000000000000e+00
4.195610433816909790e-02,8.004447817802429199e-02,-9.088303148746490479e-02,1.373791247606277466e-01,5.660554766654968262e-01,-8.128395676612854004e-01,0.000000000000000000e+00
1.863611638545989990e-01,2.283007837831974030e-02,2.004717886447906494e-01,-1.216079145669937134e-01,-5.772946476936340332e-01,8.074294924736022949e-01,0.000000000000000000e+00
-4.636204242706298828e-02,-2.645077407360076904e-01,-1.641005724668502808e-01,8.455073833465576172e-01,-4.804517030715942383e-01,-2.329881042242050171e-01,0.000000000000000000e+00
-1.700199022889137268e-02,1.743631213903427124e-01,1.158882677555084229e-01,-8.401204347610473633e-01,4.898372590541839600e-01,2.329316586256027222e-01,0.000000000000000000e+00
-1.766219288110733032e-01,1.601074822247028351e-02,-1.654206514358520508e-01,-2.758082449436187744e-01,7.378810644149780273e-01,-6.160043478012084961e-01,0.000000000000000000e+00
3.868496045470237732e-02,-4.233981668949127197e-02,-1.802755594253540039e-01,1.205174550414085388e-01,5.837550163269042969e-01,-8.029356598854064941e-01,0.000000000000000000e+00
-6.699941307306289673e-02,1.372318714857101440e-01,1.279370952397584915e-02,-8.486295342445373535e-01,4.678527116775512695e-01,2.468638569116592407e-01,0.000000000000000000e+00
2.165835350751876831e-01,1.261478960514068604e-01,1.781657189130783081e-01,2.712097465991973877e-01,7.451102733612060547e-01,6.093077659606933594e-01,0.000000000000000000e+00
-8.188151568174362183e-02,9.219030290842056274e-02,5.357706174254417419e-02,-8.372310996055603027e-01,4.960022568702697754e-01,2.302733808755874634e-01,0.000000000000000000e+00
-1.916431039571762085e-01,-1.532142162322998047e-01,1.490902993828058243e-02,-1.133952960371971130e-01,-5.882512927055358887e-01,8.006884455680847168e-01,0.000000000000000000e+00
-7.179397344589233398e-02,-3.029981255531311035e-01,-9.768480062484741211e-02,-5.530414581298828125e-01,-6.605625152587890625e-01,-5.077423453330993652e-01,0.000000000000000000e+00
-1.414101868867874146e-01,-5.165789648890495300e-02,9.535098075866699219e-02,-1.243590489029884338e-01,-5.879116654396057129e-01,7.993088960647583008e-01,0.000000000000000000e+00
8.297783136367797852e-02,-1.222846657037734985e-01,8.084107935428619385e-02,-1.746860891580581665e-01,-5.513798594474792480e-01,8.157603740692138672e-01,0.000000000000000000e+00
-2.082694768905639648e-01,-7.652630656957626343e-02,-5.261240899562835693e-02,-8.408258557319641113e-01,4.919995963573455811e-01,2.257172763347625732e-01,0.000000000000000000e+00
2.284294515848159790e-01,1.229742169380187988e-01,1.758100837469100952e-01,5.328664779663085938e-01,6.402567028999328613e-01,5.532853007316589355e-01,0.000000000000000000e+00
-1.230870094150304794e-02,-2.221117913722991943e-01,-1.310244351625442505e-01,8.398186564445495605e-01,-4.863252937793731689e-01,-2.412308752536773682e-01,0.000000000000000000e+00
2.153970897197723389e-01,1.436288803815841675e-01,1.630575060844421387e-01,7.112883329391479492e-01,3.616421520709991455e-01,6.027303934097290039e-01,0.000000000000000000e+00
4.321920871734619141e-02,2.861396670341491699e-01,5.992682278156280518e-02,-1.623885482549667358e-01,6.992393732070922852e-01,-6.961998939514160156e-01,0.000000000000000000e+00
1.270123273134231567e-01,1.113823987543582916e-02,-1.048142388463020325e-01,8.403637409210205078e-01,-4.902829229831695557e-01,-2.311092168092727661e-01,0.000000000000000000e+00
9.158572554588317871e-02,2.504358291625976562e-01,3.942137211561203003e-02,8.202077448368072510e-02,5.997841358184814453e-01,-7.959469556808471680e-01,0.000000000000000000e+00
-7.657918334007263184e-02,-4.542938992381095886e-02,1.097318232059478760e-01,-1.231557056307792664e-01,-5.744792819023132324e-01,8.092010021209716797e-01,0.000000000000000000e+00
3.168733417987823486e-02,1.217591241002082825e-01,2.461190968751907349e-01,-1.106089577078819275e-01,-5.864577293395996094e-01,8.023920655250549316e-01,0.000000000000000000e+00
1.945019215345382690e-01,1.271529961377382278e-02,1.351755410432815552e-01,8.386437892913818359e-01,-5.113029479980468750e-01,-1.877389103174209595e-01,0.000000000000000000e+00
-1.815656125545501709e-01,-7.533605396747589111e-02,4.292503371834754944e-02,-8.442174792289733887e-01,4.874994158744812012e-01,2.228029668331146240e-01,0.000000000000000000e+00
-1.646642088890075684e-01,-3.235533460974693298e-02,1.393386628478765488e-02,-8.404182195663452148e-01,4.912481009960174561e-01,2.288503944873809814e-01,0.000000000000000000e+00
1.196263507008552551e-01,1.981976330280303955e-01,5.478471517562866211e-03,1.014904305338859558e-01,5.863827466964721680e-01,-8.036510348320007324e-01,0.000000000000000000e+00
-4.223242402076721191e-02,1.260018497705459595e-01,1.274282038211822510e-01,-8.391743898391723633e-01,4.980954527854919434e-01,2.183742076158523560e-01,0.000000000000000000e+00
2.554435431957244873e-01,1.914373636245727539e-01,6.788145750761032104e-02,5.853173732757568359e-01,6.375800371170043945e-01,5.008944272994995117e-01,0.000000000000000000e+00
-5.116949230432510376e-02,-6.215194985270500183e-02,1.021778956055641174e-01,-1.523664891719818115e-01,-5.639495849609375000e-01,8.116312623023986816e-01,0.000000000000000000e+00
2.012703567743301392e-01,7.057021558284759521e-02,3.427335992455482483e-02,8.427378535270690918e-01,-4.841588735580444336e-01,-2.353360354900360107e-01,0.000000000000000000e+00
1.932829469442367554e-01,2.030911147594451904e-01,1.913222856819629669e-02,1.155404895544052124e-01,5.764346718788146973e-01,-8.089335560798645020e-01,0.000000000000000000e+00
2.008985355496406555e-02,-1.523817926645278931e-01,-1.558153182268142700e-01,8.461980819702148438e-01,-4.634002447128295898e-01,-2.630760669708251953e-01,0.000000000000000000e+00
-1.235729381442070007e-01,4.290491342544555664e-02,5.005416460335254669e-03,-8.466126322746276855e-01,4.736249148845672607e-01,2.427478879690170288e-01,0.000000000000000000e+00
2.724649384617805481e-02,-1.825994551181793213e-01,2.861470729112625122e-02,-1.501845121383666992e-01,-5.618367791175842285e-01,8.135010600090026855e-01,0.000000000000000000e+00
1.503197755664587021e-02,3.198306262493133545e-02,1.791458129882812500e-01,-1.162439733743667603e-01,-5.730561614036560059e-01,8.112299442291259766e-01,0.000000000000000000e+00
8.936809748411178589e-02,-1.167663112282752991e-01,2.004049159586429596e-02,8.530106544494628906e-01,-4.828975498676300049e-01,-1.979465186595916748e-01,0.000000000000000000e+00
-8.702271617949008942e-03,1.718314439058303833e-01,1.516622751951217651e-01,-8.365893363952636719e-01,4.967909455299377441e-01,2.309047430753707886e-01,0.000000000000000000e+00
-1.844675242900848389e-01,-1.540313661098480225e-01,1.542459428310394287e-02,-1.466160565614700317e-01,-5.709151029586791992e-01,8.078116178512573242e-01,0.000000000000000000e+00
6.349279731512069702e-02,6.581955403089523315e-02,-9.786663949489593506e-02,1.229792013764381409e-01,5.690196156501770020e-01,-8.130761384963989258e-01,0.000000000000000000e+00
-6.356707960367202759e-02,-3.140541911125183105e-01,-7.924602925777435303e-02,1.874464601278305054e-01,-7.298276424407958984e-01,6.574309468269348145e-01,0.000000000000000000e+00
-1.145981326699256897e-01,-1.389484256505966187e-01,-2.506681382656097412e-01,-5.341598987579345703e-01,-6.815777420997619629e-01,-5.001249313354492188e-01,0.000000000000000000e+00
7.112558931112289429e-02,-9.532780945301055908e-02,-9.172847121953964233e-02,8.522287011146545410e-01,-4.657669067382812500e-01,-2.382590621709823608e-01,0.000000000000000000e+00
2.288645505905151367e-01,6.402806937694549561e-02,1.488355249166488647e-01,8.378206491470336914e-01,-5.095359086990356445e-01,-1.960348784923553467e-01,0.000000000000000000e+00
-2.017309963703155518e-01,-1.125263720750808716e-01,-1.987175196409225464e-01,-5.242702960968017578e-01,-6.650280952453613281e-01,-5.318630337715148926e-01,0.000000000000000000e+00
2.492809435352683067e-03,2.310087233781814575e-01,6.766659766435623169e-02,-8.406200408935546875e-01,4.999838769435882568e-01,2.082643061876296997e-01,0.000000000000000000e+00
-1.501081436872482300e-01,-1.121205985546112061e-01,5.042082443833351135e-02,-1.293403208255767822e-01,-5.731590986251831055e-01,8.091722726821899414e-01,0.000000000000000000e+00
7.037893868982791901e-03,-1.490784883499145508e-01,-2.041947394609451294e-01,8.443167209625244141e-01,-4.585261940956115723e-01,-2.772778570652008057e-01,0.000000000000000000e+00
5.397056415677070618e-02,1.285246312618255615e-01,2.540092468261718750e-01,-1.242644637823104858e-01,-5.748032927513122559e-01,8.088012933731079102e-01,0.000000000000000000e+00
2.649847604334354401e-02,7.761383801698684692e-02,-9.481673687696456909e-02,1.074641793966293335e-01,5.874682068824768066e-01,-8.020801544189453125e-01,0.000000000000000000e+00
-2.090765237808227539e-01,-3.650288656353950500e-02,-2.103899121284484863e-01,1.074173673987388611e-01,5.876346230506896973e-01,-8.019644618034362793e-01,0.000000000000000000e+00
1.160295605659484863e-01,1.342224795371294022e-02,-1.244720667600631714e-01,7.421214580535888672e-01,-2.697227895259857178e-02,-6.697225570678710938e-01,0.000000000000000000e+00
3.884128481149673462e-02,-1.227793693542480469e-01,-1.472367644309997559e-01,8.501976132392883301e-01,-4.562715888023376465e-01,-2.626408934593200684e-01,0.000000000000000000e+00
7.160831987857818604e-02,2.411959320306777954e-01,1.864399611949920654e-01,6.040303707122802734e-01,6.424124836921691895e-01,4.716497659683227539e-01,0.000000000000000000e+00
-1.037620976567268372e-01,7.897881418466567993e-02,1.908527920022606850e-03,-8.470069766044616699e-01,4.814139604568481445e-01,2.254325002431869507e-01,0.000000000000000000e+00
6.126212328672409058e-02,4.253110662102699280e-02,-1.153152883052825928e-01,9.824478626251220703e-02,5.942569971084594727e-01,-7.982522249221801758e-01,0.000000000000000000e+00
2.260014973580837250e-02,-2.017399817705154419e-01,-4.465057700872421265e-02,8.439452648162841797e-01,-4.912187159061431885e-01,-2.155471593141555786e-01,0.000000000000000000e+00
-2.611488290131092072e-02,1.951647847890853882e-01,3.926425799727439880e-02,-8.402111530303955078e-01,4.937988817691802979e-01,2.240712493658065796e-01,0.000000000000000000e+00
-4.339457489550113678e-03,8.472063392400741577e-02,-9.404534846544265747e-02,1.330561339855194092e-01,5.716557502746582031e-01,-8.096331357955932617e-01,0.000000000000000000e+00
6.862250715494155884e-02,-4.880890250205993652e-02,-1.736281216144561768e-01,7.262480854988098145e-01,-1.310725882649421692e-02,-6.873077750205993652e-01,0.000000000000000000e+00
-1.111575886607170105e-01,-2.423198819160461426e-01,-1.320423632860183716e-01,-5.087832212448120117e-01,-6.347015500068664551e-01,-5.816301107406616211e-01,0.000000000000000000e+00
1.190669089555740356e-01,6.839644908905029297e-02,2.220274507999420166e-01,-1.471250504255294800e-01,-5.632884502410888672e-01,8.130561709403991699e-01,0.000000000000000000e+00
9.472855180501937866e-02,-9.867763519287109375e-02,-1.260551507584750652e-03,8.413639664649963379e-01,-5.019454360008239746e-01,-2.003930956125259399e-01,0.000000000000000000e+00
-2.178236991167068481e-01,-2.155252844095230103e-01,-3.406462445855140686e-02,-1.505619883537292480e-01,-5.627322196960449219e-01,8.128120899200439453e-01,0.000000000000000000e+00
1.897370070219039917e-01,2.166563123464584351e-01,1.004451364278793335e-01,5.305079221725463867e-01,6.833343505859375000e-01,5.016129016876220703e-01,0.000000000000000000e+00
-8.481643348932266235e-02,7.399722933769226074e-02,8.153026551008224487e-02,-8.445075750350952148e-01,4.924755692481994629e-01,2.104156911373138428e-01,0.000000000000000000e+00
1.375040858983993530e-01,-4.859596118330955505e-02,5.131634697318077087e-02,8.375700116157531738e-01,-4.974075853824615479e-01,-2.259693890810012817e-01,0.000000000000000000e+00
-1.427772343158721924e-01,4.104114696383476257e-02,-6.136113405227661133e-02,-8.396845459938049316e-01,4.990130662918090820e-01,2.142797112464904785e-01,0.000000000000000000e+00
5.388414487242698669e-02,1.443503946065902710e-01,2.653739452362060547e-01,-1.099646911025047302e-01,-5.817057490348815918e-01,8.059318661689758301e-01,0.000000000000000000e+00
-1.413675546646118164e-01,-2.252551168203353882e-02,-1.907110810279846191e-01,8.074162900447845459e-02,5.994200110435485840e-01,-7.963519692420959473e-01,0.000000000000000000e+00
-8.800079673528671265e-02,1.123878061771392822e-01,-8.539624512195587158e-02,1.217540875077247620e-01,5.941296815872192383e-01,-7.951011657714843750e-01,0.000000000000000000e+00
3.301832824945449829e-02,-1.044544801115989685e-01,-2.003362923860549927e-01,8.396331667900085449e-01,-4.938132464885711670e-01,-2.261959612369537354e-01,0.000000000000000000e+00
2.598663419485092163e-02,1.481188684701919556e-01,2.642751932144165039e-01,-1.218928620219230652e-01,-5.797875523567199707e-01,8.055982589721679688e-01,0.000000000000000000e+00
-1.793760359287261963e-01,1.696982793509960175e-02,-1.615391969680786133e-01,-5.871739387512207031e-01,7.307243347167968750e-01,-3.482366502285003662e-01,0.000000000000000000e+00
1.603608280420303345e-01,8.690160512924194336e-02,2.419867068529129028e-01,-1.010184884071350098e-01,-5.876510739326477051e-01,8.027836084365844727e-01,0.000000000000000000e+00
-1.844093352556228638e-01,-2.460517920553684235e-02,-7.595264911651611328e-02,-8.442907929420471191e-01,4.828612804412841797e-01,2.324177473783493042e-01,0.000000000000000000e+00
-1.064155716449022293e-02,-2.128352075815200806e-01,-1.435533165931701660e-01,8.441623449325561523e-01,-4.744670987129211426e-01,-2.495413124561309814e-01,0.000000000000000000e+00
4.395900294184684753e-03,2.169241458177566528e-01,3.317519789561629295e-03,9.251035004854202271e-02,5.897408723831176758e-01,-8.022764325141906738e-01,0.000000000000000000e+00
6.536869704723358154e-02,1.856914460659027100e-01,-1.129871513694524765e-02,8.651893585920333862e-02,5.950052142143249512e-01,-7.990514636039733887e-01,0.000000000000000000e+00
-4.924979805946350098e-02,1.189544051885604858e-01,1.166372969746589661e-01,-8.396458625793457031e-01,4.954600632190704346e-01,2.225176990032196045e-01,0.000000000000000000e+00
1.942660808563232422e-01,7.477355003356933594e-02,1.787609304301440716e-03,8.472475409507751465e-01,-4.662449657917022705e-01,-2.545334398746490479e-01,0.000000000000000000e+00
-3.739610686898231506e-02,-9.981518238782882690e-02,7.732850313186645508e-02,-1.604279875755310059e-01,-5.570893287658691406e-01,8.148093819618225098e-01,0.000000000000000000e+00
3.251694887876510620e-02,-1.992969401180744171e-02,1.455442458391189575e-01,-1.563306599855422974e-01,-5.534085035324096680e-01,8.181074261665344238e-01,0.000000000000000000e+00
-9.630435705184936523e-02,-1.990495249629020691e-02,1.252732127904891968e-01,-1.214191466569900513e-01,-5.731738805770874023e-01,8.103882074356079102e-01,0.000000000000000000e+00
1.156179457902908325e-01,-5.347855389118194580e-02,-1.985742710530757904e-02,8.407167792320251465e-01,-4.830436110496520996e-01,-2.446715384721755981e-01,0.000000000000000000e+00
1.289872825145721436e-01,-2.113835513591766357e-02,-3.723692148923873901e-02,8.417268991470336914e-01,-4.790167212486267090e-01,-2.490758597850799561e-01,0.000000000000000000e+00
2.281980514526367188e-01,2.054204940795898438e-01,7.792070508003234863e-02,5.286599397659301758e-01,6.292181611061096191e-01,5.697395205497741699e-01,0.000000000000000000e+00
-1.480867266654968262e-01,5.236008763313293457e-02,-1.025556996464729309e-01,-8.494261503219604492e-01,4.727068245410919189e-01,2.345707416534423828e-01,0.000000000000000000e+00
-1.561152040958404541e-01,-2.188557535409927368e-01,-2.669311873614788055e-02,-1.650048047304153442e-01,-5.616717338562011719e-01,8.107393383979797363e-01,0.000000000000000000e+00
-2.606924474239349365e-01,-1.666936576366424561e-01,-5.230230838060379028e-02,-8.464066982269287109e-01,4.840498864650726318e-01,2.220167815685272217e-01,0.000000000000000000e+00
-9.091706573963165283e-02,-9.369719028472900391e-02,-2.359652221202850342e-01,1.177636682987213135e-01,5.714144110679626465e-01,-8.121682405471801758e-01,0.000000000000000000e+00
9.335676580667495728e-02,1.713420897722244263e-01,2.471233457326889038e-01,7.614902853965759277e-01,6.475878953933715820e-01,-2.761160396039485931e-02,0.000000000000000000e+00
5.509276688098907471e-02,-1.671342998743057251e-01,3.521439386531710625e-03,8.378072977066040039e-01,-5.038398504257202148e-01,-2.102957516908645630e-01,0.000000000000000000e+00
-1.433883458375930786e-01,-8.792861551046371460e-02,6.885273009538650513e-02,-1.072643622756004333e-01,-5.877396464347839355e-01,8.019080162048339844e-01,0.000000000000000000e+00
1.703727841377258301e-01,6.456805765628814697e-02,-5.915345996618270874e-02,8.447976708412170410e-01,-4.895681440830230713e-01,-2.159627228975296021e-01,0.000000000000000000e+00
-2.144833207130432129e-01,-1.880757808685302734e-01,-1.395191159099340439e-02,-1.360142379999160767e-01,-5.654395222663879395e-01,8.134975433349609375e-01,0.000000000000000000e+00
-2.630467526614665985e-02,-6.913467310369014740e-03,1.450630128383636475e-01,-9.798221290111541748e-02,-5.899329185485839844e-01,8.014852404594421387e-01,0.000000000000000000e+00
-4.217529296875000000e-02,-1.493230313062667847e-01,-2.693995535373687744e-01,1.077251508831977844e-01,5.736138224601745605e-01,-8.120113611221313477e-01,0.000000000000000000e+00
1.756546497344970703e-01,2.531879246234893799e-01,7.221688330173492432e-02,5.155519843101501465e-01,6.600463986396789551e-01,5.463926196098327637e-01,0.000000000000000000e+00
-1.661273986101150513e-01,-1.330864429473876953e-01,3.324682638049125671e-02,-1.168538779020309448e-01,-5.637460947036743164e-01,8.176402449607849121e-01,0.000000000000000000e+00
4.397615790367126465e-02,-1.220792382955551147e-01,-1.313635408878326416e-01,8.418825864791870117e-01,-4.755330681800842285e-01,-2.551510334014892578e-01,0.000000000000000000e+00
5.584863200783729553e-02,-3.838523104786872864e-02,-1.750423312187194824e-01,1.146056279540061951e-01,5.874760150909423828e-01,-8.010851740837097168e-01,0.000000000000000000e+00
1.184266177006065845e-03,-1.244684234261512756e-01,-2.425654083490371704e-01,6.882814168930053711e-01,7.881729304790496826e-02,-7.211494445800781250e-01,0.000000000000000000e+00
-2.010730654001235962e-02,-2.307770699262619019e-01,-1.407272815704345703e-01,8.369408845901489258e-01,-4.923915863037109375e-01,-2.389151602983474731e-01,0.000000000000000000e+00
1.443485915660858154e-01,2.551665008068084717e-01,9.977374225854873657e-02,5.691792964935302734e-01,5.999261140823364258e-01,5.622487068176269531e-01,0.000000000000000000e+00
3.670394420623779297e-02,2.790327966213226318e-01,9.147163480520248413e-02,-8.428599238395690918e-01,4.671753346920013428e-01,2.670849561691284180e-01,0.000000000000000000e+00
1.618613004684448242e-01,1.701389625668525696e-02,2.571592805907130241e-03,8.430840373039245605e-01,-4.845857620239257812e-01,-2.332080155611038208e-01,0.000000000000000000e+00
-2.134286165237426758e-01,-7.923284918069839478e-02,-6.636679172515869141e-02,-8.393324613571166992e-01,5.010419487953186035e-01,2.108979523181915283e-01,0.000000000000000000e+00
-8.994439989328384399e-02,7.133540511131286621e-02,-1.154075413942337036e-01,9.966680407524108887e-02,5.848170518875122070e-01,-8.050189614295959473e-01,0.000000000000000000e+00
1.259826868772506714e-01,-6.700005382299423218e-02,4.950083047151565552e-02,8.467355370521545410e-01,-4.991660118103027344e-01,-1.840441375970840454e-01,0.000000000000000000e+00
1.312140524387359619e-01,1.521784365177154541e-01,-2.624974027276039124e-02,1.318808645009994507e-01,5.703904628753662109e-01,-8.107170462608337402e-01,0.000000000000000000e+00
1.948766969144344330e-02,-2.156062722206115723e-01,1.509498571977019310e-03,4.418126344680786133e-01,-7.543089389801025391e-01,4.856126010417938232e-01,0.000000000000000000e+00
-1.845515519380569458e-01,-1.639739722013473511e-01,-1.544088274240493774e-01,-5.145743489265441895e-01,-6.336906552314758301e-01,-5.776239037513732910e-01,0.000000000000000000e+00
-2.373621240258216858e-02,-2.606680393218994141e-01,-8.622395992279052734e-02,8.335052132606506348e-01,-5.109716057777404785e-01,-2.101833969354629517e-01,0.000000000000000000e+00
-1.576608791947364807e-02,1.724396049976348877e-01,-3.178768604993820190e-02,1.042420417070388794e-01,5.930330157279968262e-01,-7.984018325805664062e-01,0.000000000000000000e+00
-5.811114981770515442e-02,-2.040480822324752808e-01,-5.221371247898787260e-05,-1.382098495960235596e-01,-5.593891739845275879e-01,8.173015117645263672e-01,0.000000000000000000e+00
-1.870809793472290039e-01,-7.734930515289306641e-02,2.672595158219337463e-02,-8.399873971939086914e-01,4.912700057029724121e-01,2.303800433874130249e-01,0.000000000000000000e+00
-2.183117903769016266e-02,-1.298942118883132935e-01,5.840516835451126099e-02,-1.144123077392578125e-01,-5.850983858108520508e-01,8.028509616851806641e-01,0.000000000000000000e+00
1.191492304205894470e-01,2.732403278350830078e-01,5.982090532779693604e-02,1.361930817365646362e-01,5.775108933448791504e-01,-8.049426078796386719e-01,0.000000000000000000e+00
-1.843553036451339722e-01,-2.491623461246490479e-01,-5.329757183790206909e-02,-2.946819365024566650e-01,-7.083714008331298828e-01,6.413832902908325195e-01,0.000000000000000000e+00
1.096443757414817810e-01,-8.613430708646774292e-02,1.109597086906433105e-01,-1.621529310941696167e-01,-5.636220574378967285e-01,8.099608421325683594e-01,0.000000000000000000e+00
1.893194466829299927e-01,1.402129083871841431e-01,-2.708439342677593231e-02,1.037473455071449280e-01,5.848050713539123535e-01,-8.045119643211364746e-01,0.000000000000000000e+00
-2.634224593639373779e-01,-1.792824566364288330e-01,-6.351426243782043457e-02,-5.247640013694763184e-01,-6.572912335395812988e-01,-5.409168004989624023e-01,0.000000000000000000e+00
6.830145418643951416e-02,2.907519340515136719e-01,1.306470930576324463e-01,6.519795656204223633e-01,5.457008481025695801e-01,5.264344215393066406e-01,0.000000000000000000e+00
1.837703436613082886e-01,1.058747693896293640e-01,-5.046363547444343567e-02,4.147171974182128906e-01,5.157176852226257324e-01,-7.496965527534484863e-01,0.000000000000000000e+00
1.639471948146820068e-01,1.293911337852478027e-01,2.282681018114089966e-01,2.985386252403259277e-01,7.521141767501831055e-01,5.875363349914550781e-01,0.000000000000000000e+00
8.218160271644592285e-02,1.141465306282043457e-01,2.482393234968185425e-01,-1.178175285458564758e-01,-5.751934647560119629e-01,8.094884157180786133e-01,0.000000000000000000e+00
-1.002812981605529785e-01,3.404813259840011597e-02,1.099978461861610413e-01,-8.444027304649353027e-01,4.804785847663879395e-01,2.369057834148406982e-01,0.000000000000000000e+00
-1.566825211048126221e-01,4.548783414065837860e-03,-3.570385277271270752e-02,-8.449320793151855469e-01,4.782072603702545166e-01,2.395988404750823975e-01,0.000000000000000000e+00
1.146852225065231323e-01,-2.682375721633434296e-02,-7.582388073205947876e-02,8.416633605957031250e-01,-4.917785525321960449e-01,-2.230619490146636963e-01,0.000000000000000000e+00
1.583915799856185913e-01,-2.819059044122695923e-02,8.808891475200653076e-02,8.352820873260498047e-01,-5.165361166000366211e-01,-1.883991956710815430e-01,0.000000000000000000e+00
-1.206121295690536499e-01,8.940730243921279907e-03,8.832567185163497925e-02,-8.446192145347595215e-01,4.819764196872711182e-01,2.330602407455444336e-01,0.000000000000000000e+00
2.034185454249382019e-02,-1.493936628103256226e-01,-1.602682471275329590e-01,8.461980819702148438e-01,-4.634002447128295898e-01,-2.630760669708251953e-01,0.000000000000000000e+00
1.079083010554313660e-01,8.431553840637207031e-02,2.312553972005844116e-01,-1.529584378004074097e-01,-5.566130280494689941e-01,8.165694475173950195e-01,0.000000000000000000e+00
-2.502037957310676575e-02,-1.292586177587509155e-01,-2.527130246162414551e-01,1.104680448770523071e-01,5.826402306556701660e-01,-8.051876425743103027e-01,0.000000000000000000e+00
-1.177940368652343750e-01,-1.152642886154353619e-03,-1.719122827053070068e-01,9.412297606468200684e-02,5.902475714683532715e-01,-8.017160892486572266e-01,0.000000000000000000e+00
-4.151407629251480103e-02,1.542333364486694336e-01,-4.859613254666328430e-02,1.038746312260627747e-01,5.892480015754699707e-01,-8.012470602989196777e-01,0.000000000000000000e+00
-4.627269133925437927e-02,-1.794969141483306885e-01,-2.673147022724151611e-01,-5.586972832679748535e-01,-7.004314064979553223e-01,-4.441319406032562256e-01,0.000000000000000000e+00
1.865433529019355774e-03,2.332552522420883179e-01,1.503326185047626495e-02,-5.172117799520492554e-02,6.603487133979797363e-01,-7.491759061813354492e-01,0.000000000000000000e+00
1.261276602745056152e-01,1.870870888233184814e-01,-1.736993202939629555e-03,1.395416110754013062e-01,5.695487856864929199e-01,-8.100261092185974121e-01,0.000000000000000000e+00
-1.421731263399124146e-01,-2.284275181591510773e-02,7.637946307659149170e-02,-8.420293331146240234e-01,4.924604892730712891e-01,2.201572954654693604e-01,0.000000000000000000e+00
8.460783213376998901e-02,1.514768004417419434e-01,-3.311338648200035095e-02,1.146456450223922729e-01,5.862877964973449707e-01,-8.019495010375976562e-01,0.000000000000000000e+00
1.422069221735000610e-01,6.678403168916702271e-02,2.246936410665512085e-01,-1.540888547897338867e-01,-5.534914135932922363e-01,8.184765577316284180e-01,0.000000000000000000e+00
-1.089272871613502502e-01,-2.514933943748474121e-01,-1.236228197813034058e-01,-5.206182599067687988e-01,-6.490378379821777344e-01,-5.547130107879638672e-01,0.000000000000000000e+00
6.513748317956924438e-02,2.858527563512325287e-02,1.848384588956832886e-01,-1.554193645715713501e-01,-5.628202557563781738e-01,8.118363022804260254e-01,0.000000000000000000e+00
1.310610473155975342e-01,-6.705916672945022583e-02,1.280006617307662964e-01,-1.676154285669326782e-01,-5.408731698989868164e-01,8.242337703704833984e-01,0.000000000000000000e+00
-2.569664716720581055e-01,-1.839262992143630981e-01,-6.413453072309494019e-02,-5.247640013694763184e-01,-6.572912335395812988e-01,-5.409168004989624023e-01,0.000000000000000000e+00
-7.780255377292633057e-02,2.684906125068664551e-02,1.612795144319534302e-01,-1.031710803508758545e-01,-5.855191349983215332e-01,8.040665984153747559e-01,0.000000000000000000e+00
-1.981013715267181396e-01,-2.142649739980697632e-01,-8.373112231492996216e-02,-5.198463201522827148e-01,-6.545040011405944824e-01,-5.489847660064697266e-01,0.000000000000000000e+00
2.112121582031250000e-01,5.689547210931777954e-02,9.656804054975509644e-02,8.387047648429870605e-01,-4.979611039161682129e-01,-2.204746305942535400e-01,0.000000000000000000e+00
6.753889471292495728e-02,-8.424283564090728760e-02,-1.252579241991043091e-01,8.379094600677490234e-01,-4.879995882511138916e-01,-2.444671243429183960e-01,0.000000000000000000e+00
1.966831982135772705e-01,7.246885448694229126e-02,1.582243852317333221e-02,8.397499918937683105e-01,-4.954286515712738037e-01,-2.221945524215698242e-01,0.000000000000000000e+00
1.367396563291549683e-01,2.095366716384887695e-01,1.608704030513763428e-01,3.707778155803680420e-01,8.213858008384704590e-01,4.334156811237335205e-01,0.000000000000000000e+00
1.494260970503091812e-02,9.667780995368957520e-02,2.254900485277175903e-01,-1.211362108588218689e-01,-5.845372676849365234e-01,8.022731542587280273e-01,0.000000000000000000e+00
5.717271566390991211e-02,3.066279590129852295e-01,1.080490127205848694e-01,-8.255558609962463379e-01,4.937868714332580566e-01,2.731886208057403564e-01,0.000000000000000000e+00
-5.778260156512260437e-02,-1.281481087207794189e-01,5.407670885324478149e-02,-1.534069031476974487e-01,-5.568346381187438965e-01,8.163341879844665527e-01,0.000000000000000000e+00
-3.122943080961704254e-02,1.415277421474456787e-01,1.344304084777832031e-01,-8.431707024574279785e-01,4.898578822612762451e-01,2.215906977653503418e-01,0.000000000000000000e+00
1.962309181690216064e-01,7.684165239334106445e-02,4.539577756077051163e-03,8.472475409507751465e-01,-4.662449657917022705e-01,-2.545334398746490479e-01,0.000000000000000000e+00
-1.739837825298309326e-01,-6.783881038427352905e-02,5.501522868871688843e-02,-8.437696695327758789e-01,4.896574020385742188e-01,2.197461575269699097e-01,0.000000000000000000e+00
-1.198031604290008545e-01,8.519520610570907593e-02,-6.888575851917266846e-02,-8.433590531349182129e-01,4.780586957931518555e-01,2.453678846359252930e-01,0.000000000000000000e+00
1.035988479852676392e-01,1.526588648557662964e-01,2.606053650379180908e-01,5.594786405563354492e-01,6.435278058052062988e-01,5.223557949066162109e-01,0.000000000000000000e+00
-1.174924988299608231e-02,-2.453746497631072998e-01,-7.411611080169677734e-02,8.411909937858581543e-01,-5.061106681823730469e-01,-1.903934925794601440e-01,0.000000000000000000e+00
-9.841668605804443359e-02,7.330453395843505859e-02,3.263950720429420471e-02,-8.476749062538146973e-01,4.756478369235992432e-01,2.349604219198226929e-01,0.000000000000000000e+00
1.983566284179687500e-01,2.438623160123825073e-01,6.115221604704856873e-02,4.971712827682495117e-01,6.714569330215454102e-01,5.495145916938781738e-01,0.000000000000000000e+00
4.446053132414817810e-02,-1.011454910039901733e-01,-1.688246428966522217e-01,8.443190455436706543e-01,-4.642627537250518799e-01,-2.675545811653137207e-01,0.000000000000000000e+00
-3.215438127517700195e-02,-2.550725042819976807e-01,-1.318198740482330322e-01,8.387519717216491699e-01,-4.973608851432800293e-01,-2.216466814279556274e-01,0.000000000000000000e+00
2.124257832765579224e-01,2.220177836716175079e-02,1.885467618703842163e-01,8.296301364898681641e-01,-5.350211262702941895e-01,-1.595813333988189697e-01,0.000000000000000000e+00
1.997903138399124146e-01,6.369042396545410156e-02,2.315679341554641724e-01,-1.336480975151062012e-01,-5.681782960891723633e-01,8.119800686836242676e-01,0.000000000000000000e+00
3.401077166199684143e-02,-1.547942459583282471e-01,-1.014167591929435730e-01,8.552109003067016602e-01,-4.633900225162506104e-01,-2.321293652057647705e-01,0.000000000000000000e+00
1.421156525611877441e-01,1.212180480360984802e-01,2.591514587402343750e-01,6.292361617088317871e-01,6.178164482116699219e-01,4.715556204319000244e-01,0.000000000000000000e+00
-4.886956885457038879e-02,1.767356991767883301e-01,-3.601812524721026421e-03,-8.368383646011352539e-01,5.100144147872924805e-01,1.989644020795822144e-01,0.000000000000000000e+00
-8.681677281856536865e-02,3.547279536724090576e-02,-1.410882920026779175e-01,9.625510871410369873e-02,5.947700738906860352e-01,-7.981124520301818848e-01,0.000000000000000000e+00
8.452415466308593750e-03,-1.887195259332656860e-01,-1.250800192356109619e-01,8.460519313812255859e-01,-4.759145081043243408e-01,-2.402114123106002808e-01,0.000000000000000000e+00
8.704958856105804443e-02,-5.547019653022289276e-03,-1.467066407203674316e-01,1.431615799665451050e-01,5.766931176185607910e-01,-8.043195009231567383e-01,0.000000000000000000e+00
3.317709639668464661e-02,-1.267516911029815674e-01,6.958577036857604980e-02,-1.221017464995384216e-01,-5.826692581176757812e-01,8.034847378730773926e-01,0.000000000000000000e+00
3.216622024774551392e-02,1.277845799922943115e-01,-5.764184892177581787e-02,1.425807178020477295e-01,5.676335096359252930e-01,-8.108409047126770020e-01,0.000000000000000000e+00
1.837325245141983032e-01,2.462535649538040161e-01,7.233811169862747192e-02,5.254138708114624023e-01,6.257203221321105957e-01,5.765538215637207031e-01,0.000000000000000000e+00
-2.131009697914123535e-01,-6.570934504270553589e-02,-2.322960942983627319e-01,9.269213676452636719e-02,6.050122380256652832e-01,-7.908023595809936523e-01,0.000000000000000000e+00
-2.200827151536941528e-01,-1.762351542711257935e-01,-6.221902091056108475e-03,-1.273177564144134521e-01,-5.819090604782104492e-01,8.032260537147521973e-01,0.000000000000000000e+00
1.732978969812393188e-01,2.294530123472213745e-01,3.561101853847503662e-02,9.480444341897964478e-02,5.914276242256164551e-01,-8.007655739784240723e-01,0.000000000000000000e+00
1.181645691394805908e-01,-6.053787842392921448e-02,1.304927021265029907e-01,-1.199501678347587585e-01,-5.733763575553894043e-01,8.104637861251831055e-01,0.000000000000000000e+00
-1.380179226398468018e-01,7.053024321794509888e-02,-1.060732230544090271e-01,-7.986121177673339844e-01,5.980272293090820312e-01,6.769108027219772339e-02,0.000000000000000000e+00
2.192955017089843750e-01,8.643093705177307129e-02,6.543794274330139160e-02,8.447925448417663574e-01,-4.809754490852355957e-01,-2.344955652952194214e-01,0.000000000000000000e+00
3.289372846484184265e-02,1.473708301782608032e-01,-4.338973015546798706e-02,9.993737190961837769e-02,5.939487218856811523e-01,-7.982715368270874023e-01,0.000000000000000000e+00
-2.599467039108276367e-01,-1.616914570331573486e-01,-6.027588993310928345e-02,-8.383835554122924805e-01,4.954720437526702881e-01,2.272015213966369629e-01,0.000000000000000000e+00
1.933266818523406982e-01,1.816775947809219360e-01,1.392755210399627686e-01,7.337705492973327637e-01,4.061324298381805420e-01,5.446441173553466797e-01,0.000000000000000000e+00
-6.419425457715988159e-02,3.123536705970764160e-02,-1.412709653377532959e-01,8.405972272157669067e-02,6.006814837455749512e-01,-7.950570583343505859e-01,0.000000000000000000e+00
1.509303152561187744e-01,3.204308077692985535e-02,2.014562785625457764e-01,-1.114098578691482544e-01,-5.879330635070800781e-01,8.012006878852844238e-01,0.000000000000000000e+00
-3.377473354339599609e-02,1.330275535583496094e-01,1.440497785806655884e-01,-8.400445580482482910e-01,4.981635808944702148e-01,2.148446589708328247e-01,0.000000000000000000e+00
5.365288630127906799e-02,2.028484344482421875e-01,-3.453822573646903038e-04,9.085369110107421875e-02,5.936662554740905762e-01,-7.995660901069641113e-01,0.000000000000000000e+00
-2.561589181423187256e-01,-1.790836751461029053e-01,-7.080218940973281860e-02,-5.184330940246582031e-01,-6.588734388351440430e-01,-5.450806617736816406e-01,0.000000000000000000e+00
2.182308025658130646e-02,2.136855572462081909e-01,3.178826766088604927e-03,1.245185509324073792e-01,5.789613723754882812e-01,-8.057908415794372559e-01,0.000000000000000000e+00
2.272067964076995850e-01,8.443406969308853149e-02,9.703618288040161133e-02,8.439381718635559082e-01,-4.777732193470001221e-01,-2.439285367727279663e-01,0.000000000000000000e+00
-1.948522627353668213e-01,-1.242882683873176575e-01,-1.912503242492675781e-01,-5.196981430053710938e-01,-6.488050222396850586e-01,-5.558469891548156738e-01,0.000000000000000000e+00
-2.232141047716140747e-02,-2.582286298274993896e-01,-8.647683262825012207e-02,8.379620313644409180e-01,-5.049429535865783691e-01,-2.070078551769256592e-01,0.000000000000000000e+00
6.604243069887161255e-03,1.547334939241409302e-01,2.474115788936614990e-01,-8.374388813972473145e-01,4.787692427635192871e-01,2.635832130908966064e-01,0.000000000000000000e+00
2.104779779911041260e-01,3.972689807415008545e-02,1.338963061571121216e-01,8.427354097366333008e-01,-4.985310733318328857e-01,-2.031350582838058472e-01,0.000000000000000000e+00
2.289304584264755249e-01,1.117486059665679932e-01,4.973712190985679626e-02,8.380532264709472656e-01,-4.878683984279632568e-01,-2.442359030246734619e-01,0.000000000000000000e+00
1.665660552680492401e-02,-1.371455937623977661e-01,-1.944456547498703003e-01,8.467271327972412109e-01,-4.575134515762329102e-01,-2.715411484241485596e-01,0.000000000000000000e+00
-1.690558940172195435e-01,2.065261639654636383e-02,-1.122008189558982849e-01,-8.422242403030395508e-01,4.854717254638671875e-01,2.344685196876525879e-01,0.000000000000000000e+00
-2.153303772211074829e-01,-7.884588092565536499e-02,-7.451486587524414062e-02,-8.363143801689147949e-01,5.005987882614135742e-01,2.235601097345352173e-01,0.000000000000000000e+00
-6.735080480575561523e-02,-1.581872440874576569e-02,-1.758888214826583862e-01,1.326594948768615723e-01,5.584009885787963867e-01,-8.188954591751098633e-01,0.000000000000000000e+00
-2.184401452541351318e-01,-1.251178383827209473e-01,1.284591667354106903e-02,-8.464382290840148926e-01,4.707887172698974609e-01,2.487977594137191772e-01,0.000000000000000000e+00
5.854214727878570557e-02,-1.597498077899217606e-03,1.625823080539703369e-01,-1.148434877395629883e-01,-5.741883516311645508e-01,8.106285929679870605e-01,0.000000000000000000e+00
-6.889293342828750610e-02,1.214001327753067017e-01,3.971366956830024719e-02,-8.476648330688476562e-01,4.816813170909881592e-01,2.223677486181259155e-01,0.000000000000000000e+00
3.581363707780838013e-02,1.119189262390136719e-01,-6.860893219709396362e-02,1.188739836215972900e-01,5.713852643966674805e-01,-8.120269775390625000e-01,0.000000000000000000e+00
-7.529572397470474243e-02,8.085425943136215210e-02,1.025614663958549500e-01,-8.450013995170593262e-01,4.897428750991821289e-01,2.147662341594696045e-01,0.000000000000000000e+00
2.355158776044845581e-01,6.879346817731857300e-02,2.282609790563583374e-01,8.130612969398498535e-01,2.445953488349914551e-01,5.283033847808837891e-01,0.000000000000000000e+00
2.419173019006848335e-03,1.745600104331970215e-01,1.876981258392333984e-01,-8.401002883911132812e-01,5.017588138580322266e-01,2.060814648866653442e-01,0.000000000000000000e+00
7.254914194345474243e-02,2.635807357728481293e-02,-1.253377795219421387e-01,8.934209495782852173e-02,5.939092636108398438e-01,-7.995559573173522949e-01,0.000000000000000000e+00
-3.243307769298553467e-02,1.178976893424987793e-01,1.823286712169647217e-01,-8.405358791351318359e-01,4.858421385288238525e-01,2.397016584873199463e-01,0.000000000000000000e+00
8.800934255123138428e-02,1.514357328414916992e-02,-1.316329538822174072e-01,1.141523122787475586e-01,5.831978917121887207e-01,-8.042695522308349609e-01,0.000000000000000000e+00
1.629249006509780884e-01,2.163894474506378174e-02,1.959063857793807983e-01,-1.536163389682769775e-01,-5.610038638114929199e-01,8.134351372718811035e-01,0.000000000000000000e+00
1.662659049034118652e-01,1.709376871585845947e-01,-7.862742990255355835e-03,1.164887771010398865e-01,5.826140642166137695e-01,-8.043576478958129883e-01,0.000000000000000000e+00
-2.878784388303756714e-02,1.130025717429816723e-03,1.504473835229873657e-01,-1.525922864675521851e-01,-5.490412712097167969e-01,8.217476606369018555e-01,0.000000000000000000e+00
1.709774434566497803e-01,2.508071959018707275e-01,7.950646430253982544e-02,5.158980488777160645e-01,6.599594354629516602e-01,5.461710095405578613e-01,0.000000000000000000e+00
2.344215214252471924e-01,1.187840923666954041e-01,1.721705496311187744e-01,7.602789402008056641e-01,5.193034410476684570e-01,3.902561068534851074e-01,0.000000000000000000e+00
2.556695938110351562e-01,1.325735896825790405e-01,1.005282923579216003e-01,8.440652489662170410e-01,-4.807378351688385010e-01,-2.375814914703369141e-01,0.000000000000000000e+00
-2.013998031616210938e-01,-3.159994632005691528e-02,-2.057375758886337280e-01,1.040518581867218018e-01,5.922758579254150391e-01,-7.989884018898010254e-01,0.000000000000000000e+00
-7.906060665845870972e-02,-2.320297211408615112e-01,-2.322368137538433075e-02,-1.525451689958572388e-01,-5.757374167442321777e-01,8.032785058021545410e-01,0.000000000000000000e+00
1.367223709821701050e-01,1.367816627025604248e-01,2.430412173271179199e-01,-9.681928902864456177e-03,7.695753574371337891e-01,6.384825706481933594e-01,0.000000000000000000e+00
1.259006559848785400e-01,2.240026136860251427e-03,1.760809272527694702e-01,-1.387793123722076416e-01,-5.767281651496887207e-01,8.050620555877685547e-01,0.000000000000000000e+00
1.009480468928813934e-02,2.390195280313491821e-01,2.008662931621074677e-02,1.426628977060317993e-01,5.703179240226745605e-01,-8.089405298233032227e-01,0.000000000000000000e+00
2.518894374370574951e-01,1.216321364045143127e-01,1.092627644538879395e-01,8.470112085342407227e-01,-4.661013185977935791e-01,-2.555809319019317627e-01,0.000000000000000000e+00
1.253900676965713501e-01,-8.386550471186637878e-03,-7.391463220119476318e-02,8.354080915451049805e-01,-4.764925837516784668e-01,-2.739492058753967285e-01,0.000000000000000000e+00
2.098321169614791870e-01,1.434688419103622437e-01,-2.118552289903163910e-02,3.163643479347229004e-01,4.579923450946807861e-01,-8.307566642761230469e-01,0.000000000000000000e+00
-2.105456739664077759e-01,-4.003474116325378418e-02,-1.375174522399902344e-01,-8.400672674179077148e-01,4.817567467689514160e-01,2.493941336870193481e-01,0.000000000000000000e+00
-7.236726582050323486e-02,1.051954999566078186e-01,6.068271398544311523e-02,-8.473994135856628418e-01,4.766855835914611816e-01,2.338485121726989746e-01,0.000000000000000000e+00
-2.329392731189727783e-01,-1.139682456851005554e-01,-6.342478096485137939e-02,-8.294423818588256836e-01,4.997099637985229492e-01,2.496302723884582520e-01,0.000000000000000000e+00
-4.998469725251197815e-02,1.399183869361877441e-01,6.985943019390106201e-02,-8.348048925399780273e-01,4.880364835262298584e-01,2.547962963581085205e-01,0.000000000000000000e+00
-2.114351838827133179e-01,-2.659072168171405792e-02,-2.007385194301605225e-01,-3.518654704093933105e-01,7.480671405792236328e-01,-5.626599788665771484e-01,0.000000000000000000e+00
1.195499002933502197e-01,8.543375879526138306e-02,-7.601750642061233521e-02,1.015400290489196777e-01,5.844708681106567383e-01,-8.050363063812255859e-01,0.000000000000000000e+00
-1.802430301904678345e-01,-1.604718565940856934e-01,-1.620990484952926636e-01,-5.185137987136840820e-01,-6.404426097869873047e-01,-5.665480494499206543e-01,0.000000000000000000e+00
2.242386899888515472e-02,2.150247246026992798e-01,1.728063374757766724e-01,-8.368101716041564941e-01,4.955741465091705322e-01,2.327123433351516724e-01,0.000000000000000000e+00
1.810292750597000122e-01,2.085167765617370605e-01,2.133999764919281006e-02,1.305647343397140503e-01,5.769046545028686523e-01,-8.063088059425354004e-01,0.000000000000000000e+00
-1.292072236537933350e-01,3.708378225564956665e-02,-3.495597979053854942e-03,-8.526999354362487793e-01,4.672320485115051270e-01,2.336601316928863525e-01,0.000000000000000000e+00
2.382026314735412598e-01,1.131823956966400146e-01,7.831060141324996948e-02,8.424988985061645508e-01,-4.820015430450439453e-01,-2.405621111392974854e-01,0.000000000000000000e+00
-1.128269135951995850e-01,-1.834361553192138672e-01,5.922914948314428329e-03,-1.219289973378181458e-01,-5.798644423484802246e-01,8.055374622344970703e-01,0.000000000000000000e+00
2.138620242476463318e-02,-2.119466215372085571e-01,-2.402841486036777496e-02,8.339495658874511719e-01,-5.067380070686340332e-01,-2.185054868459701538e-01,0.000000000000000000e+00
1.309991255402565002e-02,1.855196952819824219e-01,2.041818499565124512e-01,-8.381219506263732910e-01,4.896679222583770752e-01,2.403683364391326904e-01,0.000000000000000000e+00
-1.826469153165817261e-01,-9.987741708755493164e-02,-2.328037321567535400e-01,-5.163303613662719727e-01,-6.725230813026428223e-01,-5.302034020423889160e-01,0.000000000000000000e+00
-1.697307974100112915e-01,-2.165547311305999756e-01,-1.074724793434143066e-01,-5.135568380355834961e-01,-6.399148106575012207e-01,-5.716366767883300781e-01,0.000000000000000000e+00
-9.470877051353454590e-02,6.625280529260635376e-02,-1.197570487856864929e-01,9.166207909584045410e-02,5.955504179000854492e-01,-7.980712652206420898e-01,0.000000000000000000e+00
5.136037245392799377e-02,1.988017857074737549e-01,2.523798048496246338e-01,9.993592500686645508e-01,-3.047933429479598999e-02,1.876519434154033661e-02,0.000000000000000000e+00
-1.812994666397571564e-02,-1.672193408012390137e-01,-2.533482015132904053e-01,8.403650522232055664e-01,-4.871971607208251953e-01,-2.375405132770538330e-01,0.000000000000000000e+00
1.812482625246047974e-01,1.488173902034759521e-01,-2.187900803983211517e-02,1.122639402747154236e-01,5.881800651550292969e-01,-8.009001612663269043e-01,0.000000000000000000e+00
1.163737010210752487e-02,8.613175898790359497e-02,2.173130065202713013e-01,-1.138232797384262085e-01,-5.844801068305969238e-01,8.033849000930786133e-01,0.000000000000000000e+00
-1.817144751548767090e-01,1.552717573940753937e-02,-1.606894880533218384e-01,-5.736319422721862793e-01,7.574478983879089355e-01,-3.117997348308563232e-01,0.000000000000000000e+00
-1.155503764748573303e-01,1.587618142366409302e-03,1.220042556524276733e-01,-8.412342071533203125e-01,4.873738288879394531e-01,2.340763807296752930e-01,0.000000000000000000e+00
-2.920898608863353729e-02,-2.245187312364578247e-01,-1.006724499166011810e-02,-1.030148640275001526e-01,-5.823609828948974609e-01,8.063768744468688965e-01,0.000000000000000000e+00
-1.772867143154144287e-02,-1.546554826200008392e-02,1.403521895408630371e-01,-1.206708475947380066e-01,-5.753425955772399902e-01,8.089619874954223633e-01,0.000000000000000000e+00
1.616526246070861816e-01,-3.882567211985588074e-02,1.509368270635604858e-01,3.231801986694335938e-01,-7.627140879631042480e-01,5.601979494094848633e-01,0.000000000000000000e+00
5.752205848693847656e-02,9.613863378763198853e-02,2.316627055406570435e-01,-1.461506783962249756e-01,-5.614156126976013184e-01,8.145259022712707520e-01,0.000000000000000000e+00
1.068586409091949463e-01,4.589588195085525513e-02,2.042314559221267700e-01,-1.444234848022460938e-01,-5.655722618103027344e-01,8.119543194770812988e-01,0.000000000000000000e+00
2.493946105241775513e-01,1.692596524953842163e-01,9.942178428173065186e-02,5.828330516815185547e-01,6.481962800025939941e-01,4.900482594966888428e-01,0.000000000000000000e+00
1.837229132652282715e-01,1.892102807760238647e-01,1.375456899404525757e-01,2.923793792724609375e-01,7.663819789886474609e-01,5.719903707504272461e-01,0.000000000000000000e+00
2.166312560439109802e-02,2.148127257823944092e-01,1.705222725868225098e-01,-8.368101716041564941e-01,4.955741465091705322e-01,2.327123433351516724e-01,0.000000000000000000e+00
-2.289239466190338135e-01,-2.141180038452148438e-01,-5.469292774796485901e-02,-5.228723883628845215e-01,-6.641907691955566406e-01,-5.342800021171569824e-01,0.000000000000000000e+00
-5.946551263332366943e-02,9.414902329444885254e-02,1.317336112260818481e-01,-8.464970588684082031e-01,4.716711044311523438e-01,2.469191104173660278e-01,0.000000000000000000e+00
9.059704095125198364e-02,-8.106359839439392090e-02,1.115508303046226501e-01,-1.436745524406433105e-01,-5.762166380882263184e-01,8.045694231986999512e-01,0.000000000000000000e+00
-2.395014911890029907e-01,-1.261978000402450562e-01,-6.117008253931999207e-02,-8.414099216461181641e-01,4.941244423389434814e-01,2.187930345535278320e-01,0.000000000000000000e+00
1.957356929779052734e-01,1.196581404656171799e-02,1.426965445280075073e-01,8.309440612792968750e-01,-5.225708484649658203e-01,-1.909232735633850098e-01,0.000000000000000000e+00
-1.779942959547042847e-01,-7.650265097618103027e-02,5.809581279754638672e-02,-8.517431616783142090e-01,4.281316995620727539e-01,3.020544648170471191e-01,0.000000000000000000e+00
1.634569466114044189e-01,2.528065443038940430e-01,5.283448845148086548e-02,-5.387294292449951172e-02,7.178274989128112793e-01,-6.941335201263427734e-01,0.000000000000000000e+00
7.118251174688339233e-02,1.214171499013900757e-01,-5.656371638178825378e-02,1.239477470517158508e-01,5.713571310043334961e-01,-8.112878799438476562e-01,0.000000000000000000e+00
4.373412951827049255e-02,7.638252526521682739e-02,-9.314844012260437012e-02,1.011762320995330811e-01,5.832360386848449707e-01,-8.059771060943603516e-01,0.000000000000000000e+00
7.073386013507843018e-02,6.674734503030776978e-02,2.130607515573501587e-01,-1.098721101880073547e-01,-5.833092331886291504e-01,8.047847151756286621e-01,0.000000000000000000e+00
7.606678456068038940e-02,1.349208503961563110e-01,-4.630825296044349670e-02,1.157532036304473877e-01,5.733088254928588867e-01,-8.111215829849243164e-01,0.000000000000000000e+00
-8.764829486608505249e-02,6.165613606572151184e-02,9.740585833787918091e-02,-8.441603183746337891e-01,4.753617942333221436e-01,2.478397041559219360e-01,0.000000000000000000e+00
-1.207516863942146301e-01,3.435336798429489136e-02,3.302604705095291138e-02,-8.374307751655578613e-01,4.987868666648864746e-01,2.234308570623397827e-01,0.000000000000000000e+00
-3.323177574202418327e-03,-9.385973215103149414e-02,8.745795488357543945e-02,-1.455368697643280029e-01,-5.663751363754272461e-01,8.111955523490905762e-01,0.000000000000000000e+00
-1.254754327237606049e-02,2.183765470981597900e-01,3.360124304890632629e-03,-3.821905553340911865e-01,7.606465816497802734e-01,-5.247353315353393555e-01,0.000000000000000000e+00
3.551904112100601196e-02,3.135951608419418335e-02,1.821605712175369263e-01,-1.184266805648803711e-01,-5.817826390266418457e-01,8.046763539314270020e-01,0.000000000000000000e+00
1.197420507669448853e-01,1.434641778469085693e-01,2.560685873031616211e-01,6.267269849777221680e-01,4.265482127666473389e-01,6.521272063255310059e-01,0.000000000000000000e+00
2.323943823575973511e-01,5.829670280218124390e-02,2.331639081239700317e-01,-1.523429751396179199e-01,-5.518735051155090332e-01,8.198946714401245117e-01,0.000000000000000000e+00
-2.614845633506774902e-01,-1.809836328029632568e-01,-6.332714110612869263e-02,-5.247640013694763184e-01,-6.572912335395812988e-01,-5.409168004989624023e-01,0.000000000000000000e+00
-1.665309816598892212e-01,-2.332505956292152405e-02,-1.333874277770519257e-02,-8.290287256240844727e-01,5.174995660781860352e-01,2.119093686342239380e-01,0.000000000000000000e+00
8.334226161241531372e-02,-6.025831401348114014e-02,-1.174425110220909119e-01,8.415167927742004395e-01,-4.714581668376922607e-01,-2.637739181518554688e-01,0.000000000000000000e+00
1.872077286243438721e-01,7.723883539438247681e-02,-2.725261822342872620e-02,8.428127765655517578e-01,-4.850188493728637695e-01,-2.332880944013595581e-01,0.000000000000000000e+00
-5.421895161271095276e-02,1.198075190186500549e-01,9.625490009784698486e-02,-8.365373611450195312e-01,5.002863407135009766e-01,2.234251201152801514e-01,0.000000000000000000e+00
-1.261408329010009766e-01,-3.737868368625640869e-02,-1.997054219245910645e-01,6.681688129901885986e-02,6.115995049476623535e-01,-7.883410453796386719e-01,0.000000000000000000e+00
6.210866197943687439e-02,-1.004971936345100403e-01,-1.122601404786109924e-01,8.397877216339111328e-01,-4.831792116165161133e-01,-2.475771903991699219e-01,0.000000000000000000e+00
-1.172090396285057068e-01,4.132485948503017426e-03,1.104386821389198303e-01,-8.206444382667541504e-01,4.992089867591857910e-01,2.780883014202117920e-01,0.000000000000000000e+00
-1.886038035154342651e-01,-1.793688088655471802e-01,-3.515497781336307526e-03,-1.471410691738128662e-01,-5.674547553062438965e-01,8.101509809494018555e-01,0.000000000000000000e+00
2.127814292907714844e-01,9.680594503879547119e-02,2.183495610952377319e-01,4.198304712772369385e-01,6.961735486984252930e-01,5.823098421096801758e-01,0.000000000000000000e+00
-1.569789350032806396e-01,2.630490809679031372e-03,-3.292053192853927612e-02,-8.449320793151855469e-01,4.782072603702545166e-01,2.395988404750823975e-01,0.000000000000000000e+00
-2.334869354963302612e-01,-9.101848304271697998e-02,-1.150614693760871887e-01,-8.419997692108154297e-01,4.889319837093353271e-01,2.279953062534332275e-01,0.000000000000000000e+00
1.242117583751678467e-01,-2.667842246592044830e-02,-4.306746646761894226e-02,8.459525108337402344e-01,-4.768463671207427979e-01,-2.387089133262634277e-01,0.000000000000000000e+00
6.997446715831756592e-02,2.304410487413406372e-01,2.004543542861938477e-01,6.286578178405761719e-01,5.515877008438110352e-01,5.482156872749328613e-01,0.000000000000000000e+00
-7.103762775659561157e-02,1.312444657087326050e-01,1.045969687402248383e-02,-8.449161052703857422e-01,4.779222309589385986e-01,2.402231693267822266e-01,0.000000000000000000e+00
3.161071985960006714e-02,2.492247521877288818e-01,1.363226473331451416e-01,-8.428871035575866699e-01,4.899261891841888428e-01,2.225166857242584229e-01,0.000000000000000000e+00
-7.031000405550003052e-02,-7.197780162096023560e-02,-2.172112017869949341e-01,1.206770688295364380e-01,5.858630537986755371e-01,-8.013747334480285645e-01,0.000000000000000000e+00
7.769975811243057251e-03,-1.281229406595230103e-02,-1.628606170415878296e-01,1.032424643635749817e-01,5.877601504325866699e-01,-8.024207353591918945e-01,0.000000000000000000e+00
1.763710826635360718e-01,2.500872611999511719e-01,5.114522948861122131e-02,2.348540276288986206e-01,5.502362251281738281e-01,-8.013012409210205078e-01,0.000000000000000000e+00
-5.778617411851882935e-02,-2.696201801300048828e-01,-4.751069843769073486e-02,-1.410692185163497925e-01,-5.565087199211120605e-01,8.187780976295471191e-01,0.000000000000000000e+00
1.586562693119049072e-01,3.676372021436691284e-02,2.059946507215499878e-01,-1.013413667678833008e-01,-5.821476578712463379e-01,8.067428469657897949e-01,0.000000000000000000e+00
1.631844043731689453e-02,-1.110720261931419373e-01,-2.273371517658233643e-01,6.608330011367797852e-01,4.025084525346755981e-02,-7.494528889656066895e-01,0.000000000000000000e+00
-2.177436091005802155e-02,-4.847538098692893982e-02,-1.928721666336059570e-01,1.114262565970420837e-01,5.973145365715026855e-01,-7.942289113998413086e-01,0.000000000000000000e+00
-1.133721172809600830e-01,4.878881201148033142e-02,-1.351254284381866455e-01,1.364440917968750000e-01,5.690091848373413086e-01,-8.109325170516967773e-01,0.000000000000000000e+00
-6.210077926516532898e-02,-2.329777479171752930e-01,-1.882336884737014771e-01,-5.352796912193298340e-01,-6.463514566421508789e-01,-5.437880158424377441e-01,0.000000000000000000e+00
-2.126852720975875854e-01,-2.330205738544464111e-01,-4.458153992891311646e-02,-3.633808493614196777e-01,-8.191807866096496582e-01,4.437309801578521729e-01,0.000000000000000000e+00
-8.734361082315444946e-02,2.996686473488807678e-02,1.558392643928527832e-01,-7.847205996513366699e-01,1.456651389598846436e-01,6.024908423423767090e-01,0.000000000000000000e+00
-6.079826503992080688e-02,-3.144043087959289551e-01,-8.105814456939697266e-02,4.109900593757629395e-01,-7.427653670310974121e-01,5.285705327987670898e-01,0.000000000000000000e+00
1.528974506072700024e-03,-1.933939456939697266e-01,-1.397070884704589844e-01,8.383533358573913574e-01,-4.838624000549316406e-01,-2.510793209075927734e-01,0.000000000000000000e+00
-1.393170654773712158e-01,-1.167462691664695740e-01,-2.548039257526397705e-01,-5.170724391937255859e-01,-6.847916245460510254e-01,-5.135138630867004395e-01,0.000000000000000000e+00
-9.567002207040786743e-02,1.071450188755989075e-01,-9.029749035835266113e-02,1.237117946147918701e-01,5.761484503746032715e-01,-8.079284429550170898e-01,0.000000000000000000e+00
2.564541250467300415e-02,-2.079274207353591919e-01,-1.659958437085151672e-02,8.402030467987060547e-01,-5.008280277252197266e-01,-2.079185098409652710e-01,0.000000000000000000e+00
1.458499133586883545e-01,2.144405618309974670e-02,-6.116434186697006226e-02,8.458391427993774414e-01,-4.802185297012329102e-01,-2.322633862495422363e-01,0.000000000000000000e+00
3.174774721264839172e-02,1.555349528789520264e-01,2.704614102840423584e-01,-1.119520813226699829e-01,-5.827323198318481445e-01,8.049160242080688477e-01,0.000000000000000000e+00
3.359061107039451599e-02,-9.400871396064758301e-02,9.307956695556640625e-02,-1.061558723449707031e-01,-5.839944481849670410e-01,8.047865629196166992e-01,0.000000000000000000e+00
7.761553674936294556e-02,3.278122469782829285e-02,-1.199751570820808411e-01,8.949948102235794067e-02,5.959959030151367188e-01,-7.979841232299804688e-01,0.000000000000000000e+00
-1.820107549428939819e-01,-2.310491949319839478e-01,-3.952623903751373291e-02,-1.468252390623092651e-01,-5.748222470283508301e-01,8.049979805946350098e-01,0.000000000000000000e+00
1.638665646314620972e-01,4.668677970767021179e-02,-4.827503114938735962e-02,8.430236577987670898e-01,-4.853525459766387939e-01,-2.318276464939117432e-01,0.000000000000000000e+00
1.076661869883537292e-01,2.592990994453430176e-01,4.797445237636566162e-02,1.249078884720802307e-01,5.942195057868957520e-01,-7.945446372032165527e-01,0.000000000000000000e+00
-5.327954515814781189e-02,-2.867554426193237305e-01,-1.348934620618820190e-01,-5.307593345642089844e-01,-6.300981044769287109e-01,-5.668076276779174805e-01,0.000000000000000000e+00
-2.263289242982864380e-01,-2.180537879467010498e-01,-5.233977362513542175e-02,-5.228723883628845215e-01,-6.641907691955566406e-01,-5.342800021171569824e-01,0.000000000000000000e+00
2.620228826999664307e-01,1.393105387687683105e-01,1.094653606414794922e-01,8.419510126113891602e-01,-4.874480962753295898e-01,-2.313283830881118774e-01,0.000000000000000000e+00
2.139514386653900146e-01,2.354395389556884766e-02,2.005121707916259766e-01,7.305296063423156738e-01,-6.738306879997253418e-01,1.108093932271003723e-01,0.000000000000000000e+00
1.055501028895378113e-01,6.729280948638916016e-02,-9.113163501024246216e-02,9.408207982778549194e-02,5.946435332298278809e-01,-7.984657883644104004e-01,0.000000000000000000e+00
1.598496586084365845e-01,2.640628814697265625e-01,5.903308838605880737e-02,1.761466860771179199e-01,5.759760737419128418e-01,-7.982630133628845215e-01,0.000000000000000000e+00
6.409985572099685669e-02,-1.331001371145248413e-01,-4.098235815763473511e-02,8.423557281494140625e-01,-4.896545410156250000e-01,-2.251116633415222168e-01,0.000000000000000000e+00
-1.106654927134513855e-01,-6.420502066612243652e-02,9.082651138305664062e-02,-1.193070337176322937e-01,-5.837960243225097656e-01,8.030865788459777832e-01,0.000000000000000000e+00
-1.447551231831312180e-02,-1.519629806280136108e-01,-2.588250637054443359e-01,7.806942462921142578e-01,-1.098935082554817200e-01,-6.151747107505798340e-01,0.000000000000000000e+00
-7.062653452157974243e-02,9.337183088064193726e-02,-9.686771035194396973e-02,9.987529367208480835e-02,5.895174741744995117e-01,-8.015573024749755859e-01,0.000000000000000000e+00
-1.461376994848251343e-01,-7.344025373458862305e-02,7.888817787170410156e-02,-1.206316873431205750e-01,-5.760576725006103516e-01,8.084587454795837402e-01,0.000000000000000000e+00
8.220964670181274414e-02,3.110238313674926758e-01,8.397492766380310059e-02,2.017686963081359863e-01,5.982897281646728516e-01,-7.754603624343872070e-01,0.000000000000000000e+00
-2.783425524830818176e-02,7.973905652761459351e-02,-1.008047908544540405e-01,8.128853887319564819e-02,6.071706414222717285e-01,-7.904024124145507812e-01,0.000000000000000000e+00
1.810343563556671143e-01,2.390328943729400635e-01,8.353561162948608398e-02,4.964752495288848877e-01,6.985884904861450195e-01,5.152537822723388672e-01,0.000000000000000000e+00
-1.026633530855178833e-01,-2.171437591314315796e-01,-1.682028025388717651e-01,-5.138553977012634277e-01,-6.513118147850036621e-01,-5.583418011665344238e-01,0.000000000000000000e+00
6.374374777078628540e-02,1.742749363183975220e-01,-1.974921859800815582e-02,1.370524317026138306e-01,5.682631134986877441e-01,-8.113529682159423828e-01,0.000000000000000000e+00
1.957092136144638062e-01,2.293497473001480103e-01,8.095832169055938721e-02,5.014732480049133301e-01,6.829189658164978027e-01,5.311743617057800293e-01,0.000000000000000000e+00
3.821656480431556702e-02,2.098630368709564209e-01,2.429459244012832642e-01,-8.432117104530334473e-01,4.828648567199707031e-01,2.362953871488571167e-01,0.000000000000000000e+00
-8.122789859771728516e-02,-7.726494967937469482e-02,8.639299124479293823e-02,-1.496319025754928589e-01,-5.651387572288513184e-01,8.113128542900085449e-01,0.000000000000000000e+00
-1.265327632427215576e-01,3.057919256389141083e-02,1.974904537200927734e-02,-8.452693819999694824e-01,4.830349385738372803e-01,2.284664958715438843e-01,0.000000000000000000e+00
-1.291160583496093750e-01,4.343523457646369934e-02,-1.590120233595371246e-02,-8.527322411537170410e-01,4.677422642707824707e-01,2.325186431407928467e-01,0.000000000000000000e+00
-7.615081220865249634e-02,4.521532356739044189e-02,-1.326055824756622314e-01,9.062281250953674316e-02,5.920898318290710449e-01,-8.007603287696838379e-01,0.000000000000000000e+00
1.868666857481002808e-01,1.632060483098030090e-02,9.513250738382339478e-02,8.388020992279052734e-01,-5.015009641647338867e-01,-2.119146734476089478e-01,0.000000000000000000e+00
1.082799732685089111e-01,3.062723763287067413e-02,1.934754848480224609e-01,-1.542584151029586792e-01,-5.636988878250122070e-01,8.114480376243591309e-01,0.000000000000000000e+00
-1.264452934265136719e-01,4.010388255119323730e-02,-1.432921737432479858e-01,1.160074099898338318e-01,5.943898558616638184e-01,-7.957656979560852051e-01,0.000000000000000000e+00
-2.517453394830226898e-02,-9.890467673540115356e-02,-2.306108474731445312e-01,1.049569770693778992e-01,5.901566147804260254e-01,-8.004368543624877930e-01,0.000000000000000000e+00
9.189350157976150513e-02,1.337534189224243164e-01,2.637415826320648193e-01,-1.472100019454956055e-01,-5.686276555061340332e-01,8.093156218528747559e-01,0.000000000000000000e+00
7.220339775085449219e-02,-1.157585009932518005e-01,-4.786277934908866882e-02,8.411886096000671387e-01,-4.867485463619232178e-01,-2.355367541313171387e-01,0.000000000000000000e+00
-2.614187300205230713e-01,-1.694342494010925293e-01,-4.909600317478179932e-02,-8.464066982269287109e-01,4.840498864650726318e-01,2.220167815685272217e-01,0.000000000000000000e+00
2.629836797714233398e-01,1.700512170791625977e-01,5.305343121290206909e-02,8.477479815483093262e-01,-4.755485355854034424e-01,-2.348978519439697266e-01,0.000000000000000000e+00
-1.530296504497528076e-01,-5.282879993319511414e-02,8.733423054218292236e-02,-7.839999794960021973e-01,1.104791909456253052e-01,6.108505129814147949e-01,0.000000000000000000e+00
2.327284663915634155e-01,6.761924177408218384e-02,2.324963510036468506e-01,6.197925806045532227e-01,-3.609685460105538368e-03,7.847573757171630859e-01,0.000000000000000000e+00
6.329187005758285522e-02,2.498052120208740234e-01,3.518162667751312256e-02,1.381006985902786255e-01,5.701452493667602539e-01,-8.098534345626831055e-01,0.000000000000000000e+00
-1.889071166515350342e-01,-2.881004288792610168e-02,-8.342072367668151855e-02,-8.441026210784912109e-01,4.804032742977142334e-01,2.381249517202377319e-01,0.000000000000000000e+00
2.331992387771606445e-01,5.951838940382003784e-02,1.786211729049682617e-01,8.364230990409851074e-01,-5.138342976570129395e-01,-1.907109320163726807e-01,0.000000000000000000e+00
-3.371781855821609497e-02,1.097336336970329285e-01,1.956384629011154175e-01,-8.380217552185058594e-01,5.064462423324584961e-01,2.030560523271560669e-01,0.000000000000000000e+00
1.408427953720092773e-01,6.536974012851715088e-02,2.234804183244705200e-01,-1.540888547897338867e-01,-5.534914135932922363e-01,8.184765577316284180e-01,0.000000000000000000e+00
1.191958039999008179e-01,-4.219329450279474258e-03,1.702965945005416870e-01,-1.389243751764297485e-01,-5.768384337425231934e-01,8.049580454826354980e-01,0.000000000000000000e+00
-6.275344640016555786e-02,-2.700288295745849609e-01,-4.864425957202911377e-02,-1.410692185163497925e-01,-5.565087199211120605e-01,8.187780976295471191e-01,0.000000000000000000e+00
-8.503713458776473999e-02,3.533238545060157776e-02,1.575154960155487061e-01,-8.315266966819763184e-01,2.176534980535507202e-01,5.110678076744079590e-01,0.000000000000000000e+00
-1.228329688310623169e-01,-1.808853819966316223e-02,1.193714812397956848e-01,-7.577115297317504883e-01,8.767180889844894409e-02,6.466736793518066406e-01,0.000000000000000000e+00
-1.817130669951438904e-02,-2.330373376607894897e-01,-1.287052482366561890e-01,8.360944390296936035e-01,-5.002562403678894043e-01,-2.251439094543457031e-01,0.000000000000000000e+00
-2.285718359053134918e-02,-3.886646404862403870e-02,-1.859005540609359741e-01,8.353187143802642822e-02,5.953701734542846680e-01,-7.990974783897399902e-01,0.000000000000000000e+00
-1.664305292069911957e-02,1.541435122489929199e-01,-4.525997489690780640e-02,1.152786090970039368e-01,5.819742083549499512e-01,-8.049949407577514648e-01,0.000000000000000000e+00
-4.670977219939231873e-02,-7.904642261564731598e-03,1.410602480173110962e-01,-1.200714632868766785e-01,-5.723168253898620605e-01,8.111943602561950684e-01,0.000000000000000000e+00
-2.589067816734313965e-02,-2.743153274059295654e-01,-5.375512689352035522e-02,7.652739286422729492e-01,-6.379656791687011719e-01,8.576497435569763184e-02,0.000000000000000000e+00
-2.399411983788013458e-02,-1.444137394428253174e-01,-2.632423937320709229e-01,1.401325017213821411e-01,5.622122883796691895e-01,-8.150339126586914062e-01,0.000000000000000000e+00
-1.366522908210754395e-01,-2.775761857628822327e-02,1.031213402748107910e-01,-8.380922079086303711e-01,2.699773609638214111e-01,4.740397632122039795e-01,0.000000000000000000e+00
-1.450750380754470825e-01,-2.176865339279174805e-01,-1.287698596715927124e-01,-5.056006312370300293e-01,-6.174315810203552246e-01,-6.026161909103393555e-01,0.000000000000000000e+00
-1.749529875814914703e-02,1.572049260139465332e-01,1.509688645601272583e-01,-8.336638808250427246e-01,5.056231021881103516e-01,2.221481949090957642e-01,0.000000000000000000e+00
-2.435118556022644043e-01,-1.537714004516601562e-01,-1.619962789118289948e-02,-8.422606587409973145e-01,4.753074347972869873e-01,2.543223202228546143e-01,0.000000000000000000e+00
-6.977096945047378540e-02,-2.554995939135551453e-03,-1.667046546936035156e-01,1.081072688102722168e-01,5.502373576164245605e-01,-8.279805183410644531e-01,0.000000000000000000e+00
4.001496359705924988e-02,1.183803454041481018e-01,2.447617799043655396e-01,-1.030377447605133057e-01,-5.851258039474487305e-01,8.043699264526367188e-01,0.000000000000000000e+00
-1.476760953664779663e-01,-3.016884252429008484e-02,7.171982526779174805e-02,-8.420293331146240234e-01,4.924604892730712891e-01,2.201572954654693604e-01,0.000000000000000000e+00
5.736255086958408356e-03,-2.164885103702545166e-01,1.202557818032801151e-03,-1.251932233572006226e-01,-5.707983970642089844e-01,8.114898800849914551e-01,0.000000000000000000e+00
-9.540667384862899780e-02,-6.589944660663604736e-02,-2.165606617927551270e-01,1.127656772732734680e-01,5.810251832008361816e-01,-8.060357570648193359e-01,0.000000000000000000e+00
-1.013359129428863525e-01,6.776542961597442627e-02,3.337276726961135864e-02,-8.486847877502441406e-01,4.786292016506195068e-01,2.250515520572662354e-01,0.000000000000000000e+00
-5.184920132160186768e-02,-2.866821289062500000e-01,-1.345511376857757568e-01,2.120597660541534424e-01,-8.210822939872741699e-01,-5.299570560455322266e-01,0.000000000000000000e+00
-2.133211791515350342e-01,-1.632912755012512207e-01,4.354052711278200150e-03,-1.094745174050331116e-01,-5.952655076980590820e-01,7.960366010665893555e-01,0.000000000000000000e+00
-1.031225454062223434e-02,-1.460391581058502197e-01,-2.546280324459075928e-01,7.676820755004882812e-01,-8.577661216259002686e-02,-6.350642442703247070e-01,0.000000000000000000e+00
3.506469726562500000e-02,-1.325771212577819824e-01,-1.424408853054046631e-01,8.501976132392883301e-01,-4.562715888023376465e-01,-2.626408934593200684e-01,0.000000000000000000e+00
1.809318959712982178e-01,3.595337271690368652e-02,2.089186161756515503e-01,-1.238884255290031433e-01,-5.669606328010559082e-01,8.143754005432128906e-01,0.000000000000000000e+00
-2.314358502626419067e-01,-1.454135030508041382e-01,4.698775243014097214e-03,-8.332611918449401855e-01,3.156055510044097900e-01,4.539481401443481445e-01,0.000000000000000000e+00
-3.507100045680999756e-02,-1.730553358793258667e-01,2.560914494097232819e-02,-1.053756028413772583e-01,-5.989536046981811523e-01,7.938202023506164551e-01,0.000000000000000000e+00
-1.814921796321868896e-01,-9.055226296186447144e-02,-2.449489980936050415e-01,-2.654231786727905273e-01,-1.335983723402023315e-01,-9.548308849334716797e-01,0.000000000000000000e+00
7.979398965835571289e-02,2.272533774375915527e-01,1.941860914230346680e-01,7.662336230278015137e-01,4.729227125644683838e-01,4.350059330463409424e-01,0.000000000000000000e+00
1.803692579269409180e-01,-9.430354461073875427e-03,1.327387541532516479e-01,8.413124084472656250e-01,-5.004029273986816406e-01,-2.044270187616348267e-01,0.000000000000000000e+00
-5.929191038012504578e-02,-1.996489167213439941e-01,-2.304455190896987915e-01,-5.375861525535583496e-01,-6.467644572257995605e-01,-5.410146117210388184e-01,0.000000000000000000e+00
-1.423204541206359863e-01,6.380676478147506714e-02,-1.055106595158576965e-01,-8.383393287658691406e-01,5.083584785461425781e-01,1.968727707862854004e-01,0.000000000000000000e+00
-2.574301958084106445e-01,-1.312529295682907104e-01,-1.164738312363624573e-01,-6.838667988777160645e-01,6.433202028274536133e-01,3.441879451274871826e-01,0.000000000000000000e+00
-1.519461721181869507e-01,-2.412898689508438110e-01,-9.521978348493576050e-02,-5.205156803131103516e-01,-6.624799370765686035e-01,-5.386870503425598145e-01,0.000000000000000000e+00
-7.086782157421112061e-02,6.845775991678237915e-02,-1.150368377566337585e-01,1.340949088335037231e-01,5.727224946022033691e-01,-8.087072968482971191e-01,0.000000000000000000e+00
1.781353056430816650e-01,8.564455062150955200e-02,-5.945083871483802795e-02,7.830799221992492676e-01,-1.164373233914375305e-01,-6.109240055084228516e-01,0.000000000000000000e+00
-7.761043310165405273e-02,-8.731696754693984985e-02,7.983040064573287964e-02,-1.178604066371917725e-01,-5.836854577064514160e-01,8.033804893493652344e-01,0.000000000000000000e+00
2.613606452941894531e-01,1.525354087352752686e-01,1.086049005389213562e-01,5.137028098106384277e-01,6.432812213897705078e-01,5.677136182785034180e-01,0.000000000000000000e+00
-5.101913586258888245e-02,8.245123922824859619e-02,1.893931776285171509e-01,-8.506695628166198730e-01,4.590872824192047119e-01,2.561253011226654053e-01,0.000000000000000000e+00
8.959468454122543335e-02,3.109546601772308350e-01,8.292806148529052734e-02,4.707766473293304443e-01,5.047104954719543457e-01,-7.236274480819702148e-01,0.000000000000000000e+00
-1.536320429295301437e-02,-2.551880478858947754e-01,-6.416773796081542969e-02,8.388161063194274902e-01,-5.074330568313598633e-01,-1.972287297248840332e-01,0.000000000000000000e+00
-1.989528387784957886e-01,-8.746344596147537231e-02,-2.324734032154083252e-01,-5.191550850868225098e-01,-6.763632297515869141e-01,-5.225043296813964844e-01,0.000000000000000000e+00
3.986185416579246521e-02,-1.684773117303848267e-01,-5.381474271416664124e-02,8.396539688110351562e-01,-4.983138740062713623e-01,-2.160197943449020386e-01,0.000000000000000000e+00
1.234557405114173889e-01,-1.612374931573867798e-02,-6.618399173021316528e-02,8.454810380935668945e-01,-4.757740795612335205e-01,-2.424887418746948242e-01,0.000000000000000000e+00
-1.708248108625411987e-01,-1.346744690090417862e-02,-4.965268820524215698e-02,-8.459680676460266113e-01,4.813844859600067139e-01,2.293621152639389038e-01,0.000000000000000000e+00
4.693524166941642761e-02,1.460888534784317017e-01,2.656811177730560303e-01,-1.044399887323379517e-01,-5.793580412864685059e-01,8.083541989326477051e-01,0.000000000000000000e+00
1.435719728469848633e-01,5.443797633051872253e-02,2.161646485328674316e-01,-1.044282391667366028e-01,-5.680549144744873047e-01,8.163383603096008301e-01,0.000000000000000000e+00
2.490237206220626831e-01,1.559185981750488281e-01,1.161062270402908325e-01,5.425639152526855469e-01,6.748782396316528320e-01,5.001637339591979980e-01,0.000000000000000000e+00
2.819328336045145988e-03,-1.389480531215667725e-01,5.567272007465362549e-02,-1.446386873722076416e-01,-5.634909272193908691e-01,8.133618831634521484e-01,0.000000000000000000e+00
-1.149647384881973267e-01,-3.373977541923522949e-02,1.124190464615821838e-01,-1.344898492097854614e-01,-5.859798789024353027e-01,7.990869879722595215e-01,0.000000000000000000e+00
6.191140040755271912e-02,-1.208895817399024963e-01,-7.397504150867462158e-02,8.447867631912231445e-01,-4.784328937530517578e-01,-2.396607100963592529e-01,0.000000000000000000e+00
-1.505616605281829834e-01,-2.691996693611145020e-01,-6.186940148472785950e-02,-3.659125864505767822e-01,-8.105234503746032715e-01,4.573398232460021973e-01,0.000000000000000000e+00
-1.369027048349380493e-01,-1.023217961192131042e-01,5.946910008788108826e-02,-1.409675329923629761e-01,-5.653048753738403320e-01,8.127475380897521973e-01,0.000000000000000000e+00
-1.323014944791793823e-01,-2.173756621778011322e-02,-1.890554577112197876e-01,1.005307212471961975e-01,6.025797724723815918e-01,-7.917014956474304199e-01,0.000000000000000000e+00
-2.081633545458316803e-02,7.652325183153152466e-02,2.053959369659423828e-01,-1.286125183105468750e-01,-5.828488469123840332e-01,8.023378252983093262e-01,0.000000000000000000e+00
5.136784538626670837e-02,-5.721183866262435913e-02,-1.889183968305587769e-01,2.624098360538482666e-01,4.747177958488464355e-01,-8.401095867156982422e-01,0.000000000000000000e+00
-8.700630813837051392e-02,1.061970740556716919e-01,5.047576036304235458e-03,-8.388312458992004395e-01,4.969100356101989746e-01,2.223569005727767944e-01,0.000000000000000000e+00
1.183916069567203522e-02,-7.901477813720703125e-02,1.005663946270942688e-01,-1.110154539346694946e-01,-5.877096056938171387e-01,8.014193773269653320e-01,0.000000000000000000e+00
-9.876791387796401978e-02,-2.400563657283782959e-01,-3.315867483615875244e-02,-1.729625314474105835e-01,-5.684666633605957031e-01,8.043193221092224121e-01,0.000000000000000000e+00
-1.924216002225875854e-01,-7.834926992654800415e-02,-2.385226339101791382e-01,9.353160858154296875e-02,6.099382042884826660e-01,-7.869099378585815430e-01,0.000000000000000000e+00
-4.286856204271316528e-02,1.435622125864028931e-01,8.692833036184310913e-02,-8.387757539749145508e-01,4.915590882301330566e-01,2.341471165418624878e-01,0.000000000000000000e+00
1.867612302303314209e-01,2.104622125625610352e-01,1.111497282981872559e-01,4.034902155399322510e-01,7.538057565689086914e-01,5.186255574226379395e-01,0.000000000000000000e+00
7.833433896303176880e-02,1.396783888339996338e-01,-4.257965087890625000e-02,1.128866896033287048e-01,5.795534253120422363e-01,-8.070777058601379395e-01,0.000000000000000000e+00
3.638458997011184692e-02,8.747246116399765015e-03,1.667124032974243164e-01,-1.704439073801040649e-01,-5.585307478904724121e-01,8.117834329605102539e-01,0.000000000000000000e+00
3.699115663766860962e-02,1.139405742287635803e-01,2.411357462406158447e-01,-1.106089577078819275e-01,-5.864577293395996094e-01,8.023920655250549316e-01,0.000000000000000000e+00
-6.394437700510025024e-02,6.728583574295043945e-02,-1.147641912102699280e-01,1.225816681981086731e-01,5.739455819129943848e-01,-8.096666932106018066e-01,0.000000000000000000e+00
-1.516374945640563965e-01,-2.154429256916046143e-01,-2.341742441058158875e-02,-1.650048047304153442e-01,-5.616717338562011719e-01,8.107393383979797363e-01,0.000000000000000000e+00
3.531701862812042236e-02,-1.244980618357658386e-01,7.154525071382522583e-02,-1.221017464995384216e-01,-5.826692581176757812e-01,8.034847378730773926e-01,0.000000000000000000e+00
-1.949167996644973755e-01,-2.688734978437423706e-02,-1.083154529333114624e-01,-8.454105854034423828e-01,4.779822528362274170e-01,2.383567243814468384e-01,0.000000000000000000e+00
-1.074621677398681641e-01,-5.497490614652633667e-02,9.805135428905487061e-02,-1.121676936745643616e-01,-5.862120389938354492e-01,8.023551702499389648e-01,0.000000000000000000e+00
-8.633049577474594116e-02,7.496578991413116455e-02,7.318665087223052979e-02,-8.445075750350952148e-01,4.924755692481994629e-01,2.104156911373138428e-01,0.000000000000000000e+00
1.164596974849700928e-01,5.686683207750320435e-02,-9.740231931209564209e-02,1.158898323774337769e-01,5.826426744461059570e-01,-8.044234514236450195e-01,0.000000000000000000e+00
-4.278301820158958435e-02,1.547882705926895142e-01,6.420923024415969849e-02,-8.421673774719238281e-01,4.880881309509277344e-01,2.291813641786575317e-01,0.000000000000000000e+00
8.400332927703857422e-02,2.988605201244354248e-01,1.057923436164855957e-01,5.326441526412963867e-01,6.889193654060363770e-01,4.916099011898040771e-01,0.000000000000000000e+00
1.612966060638427734e-01,4.010961204767227173e-02,-4.396715015172958374e-02,8.459016680717468262e-01,-4.799252450466156006e-01,-2.326415926218032837e-01,0.000000000000000000e+00
4.620514810085296631e-02,-9.512036293745040894e-02,-1.750775873661041260e-01,8.322513699531555176e-01,-5.023517012596130371e-01,-2.345216423273086548e-01,0.000000000000000000e+00
-5.884378682821989059e-03,-1.066031027585268021e-02,1.457402110099792480e-01,-1.488497406244277954e-01,-5.629757046699523926e-01,8.129588365554809570e-01,0.000000000000000000e+00
4.005830734968185425e-02,-8.840020000934600830e-02,-2.019541412591934204e-01,8.302866816520690918e-01,-2.488581687211990356e-01,-4.986919164657592773e-01,0.000000000000000000e+00
-1.036484688520431519e-01,8.165185898542404175e-02,-3.372858278453350067e-03,-8.470069766044616699e-01,4.814139604568481445e-01,2.254325002431869507e-01,0.000000000000000000e+00
4.541236162185668945e-02,2.541420757770538330e-01,1.735621094703674316e-01,-8.508541584014892578e-01,4.669783711433410645e-01,2.407870143651962280e-01,0.000000000000000000e+00
-1.599652767181396484e-01,-6.397006660699844360e-02,8.060284703969955444e-02,-7.687345743179321289e-01,1.103216782212257385e-01,6.299812197685241699e-01,0.000000000000000000e+00
-5.289316177368164062e-02,-4.888381808996200562e-02,-1.975222975015640259e-01,1.057878211140632629e-01,5.949821472167968750e-01,-7.967466115951538086e-01,0.000000000000000000e+00
1.728641539812088013e-01,2.206367067992687225e-02,1.978761255741119385e-01,-1.270216852426528931e-01,-5.764944553375244141e-01,8.071676492691040039e-01,0.000000000000000000e+00
2.237110957503318787e-02,1.903451681137084961e-01,-1.348460838198661804e-02,8.745443075895309448e-02,5.963970422744750977e-01,-7.979111671447753906e-01,0.000000000000000000e+00
-1.588224619626998901e-01,-4.998628050088882446e-02,7.322598248720169067e-02,-8.431909680366516113e-01,4.912011921405792236e-01,2.185186743736267090e-01,0.000000000000000000e+00
2.165162116289138794e-01,5.466990917921066284e-02,1.226549819111824036e-01,8.395360112190246582e-01,-4.970640242099761963e-01,-2.193323373794555664e-01,0.000000000000000000e+00
-9.318532049655914307e-02,-2.605747878551483154e-01,-1.279038786888122559e-01,-5.315927267074584961e-01,-6.478334665298461914e-01,-5.456382036209106445e-01,0.000000000000000000e+00
-8.741720020771026611e-02,8.510974049568176270e-02,4.802628606557846069e-02,-8.480284214019775391e-01,4.790021777153015137e-01,2.267260402441024780e-01,0.000000000000000000e+00
1.258303970098495483e-01,-2.659541741013526917e-02,-3.749700635671615601e-02,8.459525108337402344e-01,-4.768463671207427979e-01,-2.387089133262634277e-01,0.000000000000000000e+00
-2.336615324020385742e-01,-4.822067543864250183e-02,-2.090350836515426636e-01,-7.577536702156066895e-01,6.494418382644653320e-01,-6.351903080940246582e-02,0.000000000000000000e+00
1.606787145137786865e-01,1.229262351989746094e-01,2.399974018335342407e-01,5.547052025794982910e-01,6.919441819190979004e-01,4.620772600173950195e-01,0.000000000000000000e+00
6.200767587870359421e-03,-2.040028274059295654e-01,1.005684398114681244e-02,-1.368421465158462524e-01,-5.555228590965270996e-01,8.201637268066406250e-01,0.000000000000000000e+00
-1.036449819803237915e-01,-1.762918680906295776e-01,1.246527954936027527e-02,-1.219148933887481689e-01,-5.797757506370544434e-01,8.056033849716186523e-01,0.000000000000000000e+00
-7.316492963582277298e-03,1.693338751792907715e-01,1.620565652847290039e-01,-8.365893363952636719e-01,4.967909455299377441e-01,2.309047430753707886e-01,0.000000000000000000e+00
2.324906587600708008e-01,6.785146147012710571e-02,1.543556749820709229e-01,8.365800380706787109e-01,-5.105402469635009766e-01,-1.987019032239913940e-01,0.000000000000000000e+00
1.145376488566398621e-01,2.421668022871017456e-01,3.647496178746223450e-02,1.307508796453475952e-01,5.761644244194030762e-01,-8.068077564239501953e-01,0.000000000000000000e+00
3.193920850753784180e-02,-2.019990980625152588e-01,-5.321079865097999573e-03,8.288443088531494141e-01,-5.358573198318481445e-01,-1.608541011810302734e-01,0.000000000000000000e+00
1.487863957881927490e-01,-5.470291152596473694e-02,1.376627087593078613e-01,5.142602324485778809e-01,-7.569363117218017578e-01,4.032168686389923096e-01,0.000000000000000000e+00
-7.018382102251052856e-02,-1.728592254221439362e-02,1.309077143669128418e-01,-1.101588755846023560e-01,-5.758147835731506348e-01,8.101248741149902344e-01,0.000000000000000000e+00
4.215485602617263794e-02,4.200885072350502014e-02,1.909322738647460938e-01,-1.199566572904586792e-01,-5.897908806800842285e-01,7.985969781875610352e-01,0.000000000000000000e+00
1.418943852186203003e-01,9.679152816534042358e-02,2.457071244716644287e-01,-1.280216127634048462e-01,-5.629169344902038574e-01,8.165384531021118164e-01,0.000000000000000000e+00
-1.346079558134078979e-01,-1.559305936098098755e-01,-2.107849270105361938e-01,-5.238483548164367676e-01,-6.632389426231384277e-01,-5.345063209533691406e-01,0.000000000000000000e+00
1.478747427463531494e-01,-3.748748078942298889e-02,1.512178033590316772e-01,-1.499233841896057129e-01,-5.713732242584228516e-01,8.068801760673522949e-01,0.000000000000000000e+00
-1.490323841571807861e-01,5.096669495105743408e-02,-1.031049937009811401e-01,-8.363162279129028320e-01,4.910905659198760986e-01,2.437319457530975342e-01,0.000000000000000000e+00
2.300300449132919312e-01,9.934085607528686523e-02,2.000728398561477661e-01,6.244280338287353516e-01,7.298530936241149902e-01,2.782160341739654541e-01,0.000000000000000000e+00
-2.634778618812561035e-02,-2.142411097884178162e-02,-1.738415807485580444e-01,1.006387397646903992e-01,5.872079133987426758e-01,-8.031554222106933594e-01,0.000000000000000000e+00
2.455582320690155029e-01,1.411018222570419312e-01,4.939804226160049438e-02,8.460723161697387695e-01,-4.588222503662109375e-01,-2.713738381862640381e-01,0.000000000000000000e+00
-1.882534623146057129e-01,-5.926610529422760010e-02,-1.544057764112949371e-02,-8.401130437850952148e-01,4.998401999473571777e-01,2.106415182352066040e-01,0.000000000000000000e+00
-1.324258148670196533e-01,7.756443228572607040e-03,4.738845676183700562e-02,-8.419461250305175781e-01,4.833723008632659912e-01,2.397455275058746338e-01,0.000000000000000000e+00
9.274630248546600342e-02,-4.385448619723320007e-02,1.382905840873718262e-01,-1.346053928136825562e-01,-5.677648186683654785e-01,8.121111392974853516e-01,0.000000000000000000e+00
1.757435202598571777e-01,6.247274950146675110e-02,2.267773598432540894e-01,-1.164818555116653442e-01,-5.862668156623840332e-01,8.017002344131469727e-01,0.000000000000000000e+00
-1.674044281244277954e-01,2.772923745214939117e-02,-1.207186132669448853e-01,-8.462025523185729980e-01,4.723525643348693848e-01,2.466257810592651367e-01,0.000000000000000000e+00
-7.437175139784812927e-03,-1.960553228855133057e-01,-1.646285206079483032e-01,8.423413634300231934e-01,-4.770523011684417725e-01,-2.507631778717041016e-01,0.000000000000000000e+00
-1.088114604353904724e-01,1.565311849117279053e-02,1.177738755941390991e-01,-8.658831715583801270e-01,4.479227066040039062e-01,2.227365076541900635e-01,0.000000000000000000e+00
-1.802504062652587891e-01,-6.709422171115875244e-02,-2.286095470190048218e-01,1.208841949701309204e-01,5.718750357627868652e-01,-8.113852143287658691e-01,0.000000000000000000e+00
2.559851706027984619e-01,2.003847956657409668e-01,2.656470425426959991e-02,3.154442012310028076e-01,4.873995780944824219e-01,-8.142092227935791016e-01,0.000000000000000000e+00
-1.628003716468811035e-01,-1.444713324308395386e-01,-1.975166350603103638e-01,-5.165180563926696777e-01,-6.526259779930114746e-01,-5.543360710144042969e-01,0.000000000000000000e+00
3.609984368085861206e-02,-5.793955177068710327e-02,1.192755997180938721e-01,-1.272559612989425659e-01,-5.814386606216430664e-01,8.035764098167419434e-01,0.000000000000000000e+00
1.987818628549575806e-01,8.138491958379745483e-02,2.434582114219665527e-01,-1.476988345384597778e-01,-5.516477227210998535e-01,8.208957910537719727e-01,0.000000000000000000e+00
5.711827054619789124e-02,2.979807257652282715e-01,1.275118589401245117e-01,-4.115427136421203613e-01,6.462610363960266113e-01,6.426346302032470703e-01,0.000000000000000000e+00
-6.551624089479446411e-02,-1.624836027622222900e-01,-2.698695361614227295e-01,-5.228241086006164551e-01,-6.512678265571594238e-01,-5.500046610832214355e-01,0.000000000000000000e+00
-2.468794584274291992e-01,-1.418338119983673096e-01,-5.424403026700019836e-02,-8.415070176124572754e-01,4.939332306385040283e-01,2.188512980937957764e-01,0.000000000000000000e+00
2.241607904434204102e-01,2.067773342132568359e-01,8.016837388277053833e-02,5.286599397659301758e-01,6.292181611061096191e-01,5.697395205497741699e-01,0.000000000000000000e+00
2.151840031147003174e-01,3.614516183733940125e-02,1.626798063516616821e-01,8.374520540237426758e-01,-5.133311748504638672e-01,-1.875238865613937378e-01,0.000000000000000000e+00
2.203341126441955566e-01,1.564234793186187744e-01,1.439996808767318726e-01,5.850068330764770508e-01,5.980744957923889160e-01,5.477900505065917969e-01,0.000000000000000000e+00
6.334877014160156250e-02,2.349004000425338745e-01,2.015093117952346802e-01,3.816774189472198486e-01,7.963528037071228027e-01,4.691956639289855957e-01,0.000000000000000000e+00
-2.804597839713096619e-02,1.619457155466079712e-01,1.020527407526969910e-01,-8.433730602264404297e-01,4.864494800567626953e-01,2.282296568155288696e-01,0.000000000000000000e+00
-2.042135298252105713e-01,-2.083280682563781738e-01,-8.502972126007080078e-02,-5.177249908447265625e-01,-6.554147601127624512e-01,-5.499020814895629883e-01,0.000000000000000000e+00
5.321806669235229492e-02,2.856073975563049316e-01,1.382300257682800293e-01,-8.585852980613708496e-01,5.094990730285644531e-01,5.693828314542770386e-02,0.000000000000000000e+00
7.277028262615203857e-02,-1.040252223610877991e-01,9.231913089752197266e-02,-1.332108378410339355e-01,-5.684838891029357910e-01,8.118380308151245117e-01,0.000000000000000000e+00
1.277799904346466064e-01,2.403596341609954834e-01,1.323684155941009521e-01,6.944871544837951660e-01,5.101351141929626465e-01,5.073950290679931641e-01,0.000000000000000000e+00
2.113287746906280518e-01,5.334473773837089539e-02,2.259015589952468872e-01,-1.555801331996917725e-01,-5.603643655776977539e-01,8.135026693344116211e-01,0.000000000000000000e+00
1.460802257061004639e-01,2.273171395063400269e-01,1.302379667758941650e-01,4.791840314865112305e-01,6.911323666572570801e-01,5.410348176956176758e-01,0.000000000000000000e+00
1.565493941307067871e-01,2.210695296525955200e-01,2.709362842142581940e-02,1.344167590141296387e-01,5.774337649345397949e-01,-8.052964210510253906e-01,0.000000000000000000e+00
-1.962208598852157593e-01,-1.346087902784347534e-01,2.775893360376358032e-02,-1.238387078046798706e-01,-5.775588154792785645e-01,8.069013357162475586e-01,0.000000000000000000e+00
-1.945729553699493408e-01,-1.914990693330764771e-01,-1.135247051715850830e-01,-5.102833509445190430e-01,-6.217620372772216797e-01,-5.941572785377502441e-01,0.000000000000000000e+00
-2.862097136676311493e-02,-1.904566884040832520e-01,-2.456471621990203857e-01,8.429162502288818359e-01,-4.807022213935852051e-01,-2.416972070932388306e-01,0.000000000000000000e+00
8.062680065631866455e-02,-3.109664283692836761e-02,-1.611999720335006714e-01,7.304586768150329590e-01,-2.621981874108314514e-02,-6.824533939361572266e-01,0.000000000000000000e+00
-5.628460273146629333e-02,9.988272935152053833e-02,1.316858530044555664e-01,-8.464970588684082031e-01,4.716711044311523438e-01,2.469191104173660278e-01,0.000000000000000000e+00
-6.953554600477218628e-02,1.346410661935806274e-01,8.985446766018867493e-03,-8.486295342445373535e-01,4.678527116775512695e-01,2.468638569116592407e-01,0.000000000000000000e+00
1.297661811113357544e-01,2.175826430320739746e-01,1.586790680885314941e-01,5.293709635734558105e-01,6.469579339027404785e-01,5.488277077674865723e-01,0.000000000000000000e+00
2.885517477989196777e-02,-5.021586641669273376e-02,-1.875322014093399048e-01,1.186367124319076538e-01,5.909976959228515625e-01,-7.979016304016113281e-01,0.000000000000000000e+00
-7.244008034467697144e-02,1.999885216355323792e-02,1.571734845638275146e-01,-1.304549276828765869e-01,-5.687986612319946289e-01,8.120650053024291992e-01,0.000000000000000000e+00
-1.846493333578109741e-01,-1.133826822042465210e-01,-2.144529968500137329e-01,-5.236768722534179688e-01,-6.609418988227844238e-01,-5.375112295150756836e-01,0.000000000000000000e+00
5.466210097074508667e-02,7.816570997238159180e-02,-9.047579020261764526e-02,1.010063663125038147e-01,5.878245830535888672e-01,-8.026580810546875000e-01,0.000000000000000000e+00
1.564349979162216187e-02,8.914764039218425751e-03,-1.459068059921264648e-01,1.367397606372833252e-01,5.652955770492553711e-01,-8.134759664535522461e-01,0.000000000000000000e+00
-9.217514842748641968e-02,4.389121010899543762e-02,-1.357619911432266235e-01,9.200660884380340576e-02,5.942967534065246582e-01,-7.989656925201416016e-01,0.000000000000000000e+00
-6.928511708974838257e-02,-1.012701988220214844e-01,-2.383074760437011719e-01,1.151518747210502625e-01,5.781769156455993652e-01,-8.077446818351745605e-01,0.000000000000000000e+00
-4.437573626637458801e-02,-2.718473374843597412e-01,-4.666077718138694763e-02,-1.451666951179504395e-01,-5.562190413475036621e-01,8.182585239410400391e-01,0.000000000000000000e+00
-1.009048521518707275e-02,-2.229213267564773560e-01,-1.210584416985511780e-01,8.382672071456909180e-01,-4.979648590087890625e-01,-2.221241295337677002e-01,0.000000000000000000e+00
-6.835172325372695923e-02,-3.152168989181518555e-01,-8.664751052856445312e-02,-4.675664603710174561e-01,-6.782109737396240234e-01,-5.669316649436950684e-01,0.000000000000000000e+00
-1.132857427000999451e-01,-2.614135444164276123e-01,-1.080501675605773926e-01,-5.239564776420593262e-01,-6.464316844940185547e-01,-5.546131134033203125e-01,0.000000000000000000e+00
1.233226992189884186e-02,2.343379855155944824e-01,9.596194326877593994e-02,-8.426225781440734863e-01,4.832966923713684082e-01,2.375111281871795654e-01,0.000000000000000000e+00
-1.355231553316116333e-02,-1.921996772289276123e-01,-1.925964057445526123e-01,8.420730829238891602e-01,-4.725728034973144531e-01,-2.599767446517944336e-01,0.000000000000000000e+00
-4.975140839815139771e-02,5.236588791012763977e-02,1.834688037633895874e-01,-1.262687295675277710e-01,-5.801738500595092773e-01,8.046455979347229004e-01,0.000000000000000000e+00
1.050411388278007507e-01,-6.300526112318038940e-02,-3.823954239487648010e-02,8.428311347961425781e-01,-4.775955080986022949e-01,-2.480689883232116699e-01,0.000000000000000000e+00
1.000399887561798096e-01,-2.538186497986316681e-02,-1.259507089853286743e-01,8.424620032310485840e-01,-4.871732890605926514e-01,-2.300433516502380371e-01,0.000000000000000000e+00
6.733693182468414307e-02,-1.545810997486114502e-01,2.354791015386581421e-02,8.181104063987731934e-01,-5.512997508049011230e-01,-1.635969579219818115e-01,0.000000000000000000e+00
9.271807968616485596e-02,-1.173135861754417419e-01,3.550710901618003845e-02,8.413735628128051758e-01,-4.997820258140563965e-01,-2.056902796030044556e-01,0.000000000000000000e+00
2.065850496292114258e-01,8.771097660064697266e-02,1.898199692368507385e-02,8.381858468055725098e-01,-5.006729364395141602e-01,-2.162663340568542480e-01,0.000000000000000000e+00
-2.286650389432907104e-01,-1.625272780656814575e-01,2.461868105456233025e-03,-1.528601795434951782e-01,-5.855688452720642090e-01,7.960796952247619629e-01,0.000000000000000000e+00
2.670234441757202148e-01,1.947134286165237427e-01,3.322824463248252869e-02,7.835776209831237793e-01,-1.092304363846778870e-01,-6.116165518760681152e-01,0.000000000000000000e+00
1.683069020509719849e-01,-3.317347168922424316e-02,1.443589180707931519e-01,8.314694762229919434e-01,-5.295031070709228516e-01,-1.681814342737197876e-01,0.000000000000000000e+00
2.268980145454406738e-01,2.144872099161148071e-01,3.224630281329154968e-02,1.156703978776931763e-01,2.671446502208709717e-01,-9.566891193389892578e-01,0.000000000000000000e+00
1.496166735887527466e-01,-1.840078644454479218e-02,3.012351132929325104e-02,8.409687280654907227e-01,-4.984074532985687256e-01,-2.106219977140426636e-01,0.000000000000000000e+00
2.444445341825485229e-02,-2.427872829139232635e-02,1.410372108221054077e-01,-1.535511314868927002e-01,-5.568177700042724609e-01,8.163185715675354004e-01,0.000000000000000000e+00
-7.761327177286148071e-02,-7.954155653715133667e-02,-2.238507717847824097e-01,1.272500604391098022e-01,5.770103335380554199e-01,-8.067629933357238770e-01,0.000000000000000000e+00
-2.436611652374267578e-01,-9.362544119358062744e-02,-1.820239871740341187e-01,-5.234000086784362793e-01,-6.604354977607727051e-01,-5.384026169776916504e-01,0.000000000000000000e+00
-2.635399438440799713e-02,-6.359158083796501160e-03,-1.628975272178649902e-01,1.281519979238510132e-01,5.709944963455200195e-01,-8.108898401260375977e-01,0.000000000000000000e+00
1.399638205766677856e-01,1.853016763925552368e-01,1.866830140352249146e-01,6.709263920783996582e-01,3.682487607002258301e-01,6.436230540275573730e-01,0.000000000000000000e+00
2.673614323139190674e-01,1.758846640586853027e-01,5.724816769361495972e-02,8.602781295776367188e-01,-4.460571110248565674e-01,-2.468899637460708618e-01,0.000000000000000000e+00
-1.365085244178771973e-01,-1.484827250242233276e-01,-2.179957330226898193e-01,-5.239186286926269531e-01,-6.515240073204040527e-01,-5.486581325531005859e-01,0.000000000000000000e+00
8.931452035903930664e-02,-1.728858426213264465e-02,-1.522599160671234131e-01,7.403528690338134766e-01,-2.318432740867137909e-02,-6.718184947967529297e-01,0.000000000000000000e+00
7.239107042551040649e-02,2.050366699695587158e-01,3.914550878107547760e-03,1.384137570858001709e-01,5.695044398307800293e-01,-8.102508187294006348e-01,0.000000000000000000e+00
4.150810092687606812e-02,-1.219416707754135132e-01,-1.399938762187957764e-01,8.556028008460998535e-01,-4.637863337993621826e-01,-2.298827767372131348e-01,0.000000000000000000e+00
1.903833001852035522e-01,1.111859306693077087e-01,-4.499575495719909668e-02,5.307352542877197266e-01,2.318702936172485352e-01,-8.152031898498535156e-01,0.000000000000000000e+00
5.786639172583818436e-03,-1.543752402067184448e-01,-1.991237103939056396e-01,8.452717065811157227e-01,-4.653309285640716553e-01,-2.626459598541259766e-01,0.000000000000000000e+00
-7.162705808877944946e-02,-2.203044593334197998e-01,-1.939334273338317871e-01,-5.167912840843200684e-01,-6.745197772979736328e-01,-5.272094607353210449e-01,0.000000000000000000e+00
9.655318409204483032e-02,2.602865397930145264e-01,4.735807701945304871e-02,9.745645523071289062e-02,5.987157225608825684e-01,-7.950105071067810059e-01,0.000000000000000000e+00
-8.309473842382431030e-02,7.419520616531372070e-02,8.765619248151779175e-02,-8.432565331459045410e-01,4.880099296569824219e-01,2.253103554248809814e-01,0.000000000000000000e+00
-8.567823469638824463e-02,1.065149381756782532e-01,9.408069774508476257e-03,-8.428770303726196289e-01,4.911840558052062988e-01,2.197646945714950562e-01,0.000000000000000000e+00
-1.706510782241821289e-01,7.870208937674760818e-04,-7.818297296762466431e-02,-8.409727215766906738e-01,4.875947237014770508e-01,2.345555424690246582e-01,0.000000000000000000e+00
-9.295704215764999390e-02,-2.939240634441375732e-01,-6.987303495407104492e-02,-1.670905500650405884e-01,-5.456401109695434570e-01,8.211928009986877441e-01,0.000000000000000000e+00
-2.547006867825984955e-02,-2.512162923812866211e-01,-1.147029399871826172e-01,8.240543007850646973e-01,-5.218463540077209473e-01,-2.204787284135818481e-01,0.000000000000000000e+00
-2.047460675239562988e-01,-7.000367343425750732e-02,-5.406157672405242920e-02,-8.367459177970886230e-01,5.020446777343750000e-01,2.186490148305892944e-01,0.000000000000000000e+00
-6.535860151052474976e-02,-6.913258135318756104e-02,-2.143855243921279907e-01,1.206770688295364380e-01,5.858630537986755371e-01,-8.013747334480285645e-01,0.000000000000000000e+00
-1.179365813732147217e-01,9.191006422042846680e-02,-7.537002861499786377e-02,-8.340596556663513184e-01,5.181825160980224609e-01,1.892917007207870483e-01,0.000000000000000000e+00
-1.070233285427093506e-01,8.150435239076614380e-02,-1.103990525007247925e-01,1.045819669961929321e-01,5.818930268287658691e-01,-8.065129518508911133e-01,0.000000000000000000e+00
-2.529482915997505188e-02,-1.884773075580596924e-01,-2.382015585899353027e-01,8.426024913787841797e-01,-4.660679996013641357e-01,-2.698179185390472412e-01,0.000000000000000000e+00
2.158484607934951782e-01,9.893996268510818481e-02,2.884413115680217743e-02,8.373689651489257812e-01,-5.017446875572204590e-01,-2.169458568096160889e-01,0.000000000000000000e+00
1.720795966684818268e-02,-9.752301871776580811e-02,8.805710077285766602e-02,-1.351226121187210083e-01,-5.784983038902282715e-01,8.044137954711914062e-01,0.000000000000000000e+00
7.674718648195266724e-02,-1.382578611373901367e-01,6.867051124572753906e-02,-1.720819026231765747e-01,-5.483955144882202148e-01,8.183215856552124023e-01,0.000000000000000000e+00
-6.811271607875823975e-02,-3.140213787555694580e-01,-8.827482908964157104e-02,-4.675664603710174561e-01,-6.782109737396240234e-01,-5.669316649436950684e-01,0.000000000000000000e+00
-1.822964251041412354e-01,-9.955076873302459717e-02,-2.335752993822097778e-01,-5.458320379257202148e-01,-6.587876081466674805e-01,-5.177511572837829590e-01,0.000000000000000000e+00
2.265460491180419922e-01,4.597083106637001038e-02,2.236274033784866333e-01,1.417061835527420044e-01,-6.988655924797058105e-01,7.010750770568847656e-01,0.000000000000000000e+00
2.947274968028068542e-02,-1.470818668603897095e-01,-1.337493509054183960e-01,8.450300097465515137e-01,-4.622313082218170166e-01,-2.688242793083190918e-01,0.000000000000000000e+00
-3.163110464811325073e-02,1.491863280534744263e-01,1.160447895526885986e-01,-8.393775224685668945e-01,4.967481493949890137e-01,2.206505089998245239e-01,0.000000000000000000e+00
1.714817131869494915e-03,7.625191658735275269e-02,-9.954982250928878784e-02,1.036327555775642395e-01,5.961086750030517578e-01,-7.961876392364501953e-01,0.000000000000000000e+00
-4.170177131891250610e-02,-2.532083094120025635e-01,-1.705374121665954590e-01,8.419395089149475098e-01,-4.845027625560760498e-01,-2.374762892723083496e-01,0.000000000000000000e+00
1.578855514526367188e-01,-2.650347538292407990e-03,2.749843150377273560e-02,8.417826890945434570e-01,-4.818529188632965088e-01,-2.433508336544036865e-01,0.000000000000000000e+00
5.018148198723793030e-02,-9.726502746343612671e-02,-1.574774384498596191e-01,8.320999145507812500e-01,-4.739171266555786133e-01,-2.881184518337249756e-01,0.000000000000000000e+00
-1.880737692117691040e-01,-3.680543228983879089e-02,-2.076739519834518433e-01,1.338140517473220825e-01,5.715200304985046387e-01,-8.096039891242980957e-01,0.000000000000000000e+00
1.486977636814117432e-01,1.631486713886260986e-01,2.029785364866256714e-01,9.124705195426940918e-01,3.767779469490051270e-01,1.594864577054977417e-01,0.000000000000000000e+00
-2.981935441493988037e-02,-1.039319857954978943e-01,7.584200054407119751e-02,-1.144933924078941345e-01,-5.832802057266235352e-01,8.041613698005676270e-01,0.000000000000000000e+00
-1.532755643129348755e-01,-7.352112326771020889e-03,-1.813460439443588257e-01,1.265369951725006104e-01,5.764403343200683594e-01,-8.072824478149414062e-01,0.000000000000000000e+00
2.389769554138183594e-01,7.257626950740814209e-02,1.692372560501098633e-01,8.314878940582275391e-01,-5.139869451522827148e-01,-2.108206748962402344e-01,0.000000000000000000e+00
-1.092016175389289856e-01,-4.473847523331642151e-02,1.053301393985748291e-01,-1.159953996539115906e-01,-5.925936698913574219e-01,7.971059083938598633e-01,0.000000000000000000e+00
-1.154363676905632019e-01,3.697448642924427986e-03,1.181160584092140198e-01,-8.326658010482788086e-01,5.030835270881652832e-01,2.314620912075042725e-01,0.000000000000000000e+00
8.485635370016098022e-02,-3.310253471136093140e-02,1.444902569055557251e-01,-9.602018445730209351e-02,-5.821468234062194824e-01,8.073940873146057129e-01,0.000000000000000000e+00
-1.508306562900543213e-01,-3.570466116070747375e-02,-2.016289681196212769e-01,8.761070668697357178e-02,6.018972396850585938e-01,-7.937531471252441406e-01,0.000000000000000000e+00
-9.893299639225006104e-02,-4.636855423450469971e-02,1.056113764643669128e-01,-1.122695282101631165e-01,-5.920072793960571289e-01,7.980745434761047363e-01,0.000000000000000000e+00
6.787812709808349609e-02,2.436701059341430664e-01,1.877025067806243896e-01,4.254531562328338623e-01,7.003681659698486328e-01,5.731264948844909668e-01,0.000000000000000000e+00
-1.057465909980237484e-03,1.929858624935150146e-01,1.339851021766662598e-01,-8.412946462631225586e-01,4.899448752403259277e-01,2.284235954284667969e-01,0.000000000000000000e+00
-7.187177985906600952e-02,-1.079185456037521362e-01,-2.434350699186325073e-01,1.151518747210502625e-01,5.781769156455993652e-01,-8.077446818351745605e-01,0.000000000000000000e+00
1.621588133275508881e-02,2.473290264606475830e-01,8.359362930059432983e-02,-8.408810496330261230e-01,5.006883144378662109e-01,2.054999619722366333e-01,0.000000000000000000e+00
-1.192524805665016174e-01,2.098307386040687561e-02,6.745474040508270264e-02,-8.460034728050231934e-01,4.765801727771759033e-01,2.390596121549606323e-01,0.000000000000000000e+00
-2.406948059797286987e-01,-8.583160489797592163e-02,-1.523659676313400269e-01,-8.451385498046875000e-01,4.804396033287048340e-01,2.343472689390182495e-01,0.000000000000000000e+00
6.931599229574203491e-02,2.467997968196868896e-01,1.825156807899475098e-01,4.558586478233337402e-01,7.018879652023315430e-01,5.473080873489379883e-01,0.000000000000000000e+00
3.157592145726084709e-03,3.087831102311611176e-02,1.763359457254409790e-01,-1.088591143488883972e-01,-5.812292098999023438e-01,8.064256310462951660e-01,0.000000000000000000e+00
1.864152401685714722e-01,1.945524513721466064e-01,1.294553726911544800e-01,4.208875298500061035e-01,7.468084096908569336e-01,5.149086713790893555e-01,0.000000000000000000e+00
-3.481225110590457916e-03,-5.709896795451641083e-03,1.496048569679260254e-01,-1.491499692201614380e-01,-5.623688101768493652e-01,8.133237957954406738e-01,0.000000000000000000e+00
-8.941002190113067627e-02,-2.823454700410366058e-02,1.203006431460380554e-01,-1.065958738327026367e-01,-5.936756730079650879e-01,7.976130247116088867e-01,0.000000000000000000e+00
-3.538158256560564041e-03,1.590781509876251221e-01,-3.969191387295722961e-02,8.667100220918655396e-02,5.973006486892700195e-01,-7.973205447196960449e-01,0.000000000000000000e+00
6.691492348909378052e-02,-1.367328912019729614e-01,-2.163563668727874756e-02,8.394261598587036133e-01,-5.002214908599853516e-01,-2.124668508768081665e-01,0.000000000000000000e+00
2.214412391185760498e-01,2.045958340167999268e-01,8.504567295312881470e-02,5.718531012535095215e-01,6.232063770294189453e-01,5.334771275520324707e-01,0.000000000000000000e+00
1.262516230344772339e-01,-8.995470125228166580e-04,-8.558886498212814331e-02,8.403829932212829590e-01,-4.811033606529235840e-01,-2.495914995670318604e-01,0.000000000000000000e+00
7.497006654739379883e-02,2.392661422491073608e-01,1.856827437877655029e-01,3.849753737449645996e-01,6.553440093994140625e-01,6.498601436614990234e-01,0.000000000000000000e+00
-1.257103830575942993e-01,-9.154370985925197601e-03,1.087477952241897583e-01,-8.468700051307678223e-01,4.727006554603576660e-01,2.436499893665313721e-01,0.000000000000000000e+00
1.399269402027130127e-01,1.610512733459472656e-01,2.098544389009475708e-01,5.005077123641967773e-01,4.069586694240570068e-01,7.641181945800781250e-01,0.000000000000000000e+00
-3.972371295094490051e-02,4.772246628999710083e-02,-1.260086148977279663e-01,1.353460699319839478e-01,5.684931874275207520e-01,-8.114782571792602539e-01,0.000000000000000000e+00
-4.324560612440109253e-02,9.903758764266967773e-02,-8.907363563776016235e-02,8.835117518901824951e-02,5.981355905532836914e-01,-7.965098023414611816e-01,0.000000000000000000e+00
-1.482941955327987671e-01,-6.077874917536973953e-03,1.784629747271537781e-02,-8.514425158500671387e-01,4.758492112159729004e-01,2.204838395118713379e-01,0.000000000000000000e+00
-1.098548993468284607e-01,-1.463709026575088501e-02,-1.804922819137573242e-01,8.064930886030197144e-02,6.099854707717895508e-01,-7.882978320121765137e-01,0.000000000000000000e+00
-1.987951248884201050e-02,1.008237227797508240e-01,-8.456242829561233521e-02,1.298666298389434814e-01,5.684014558792114258e-01,-8.124373555183410645e-01,0.000000000000000000e+00
-1.182167381048202515e-01,2.402243390679359436e-02,6.502638012170791626e-02,-8.445913195610046387e-01,4.790225028991699219e-01,2.391714751720428467e-01,0.000000000000000000e+00
-1.717523038387298584e-01,1.807260699570178986e-02,-1.164885461330413818e-01,-8.401184082031250000e-01,4.892805218696594238e-01,2.341060489416122437e-01,0.000000000000000000e+00
-1.224608346819877625e-01,4.517472162842750549e-02,4.412629641592502594e-03,-8.399267792701721191e-01,4.852035641670227051e-01,2.431058585643768311e-01,0.000000000000000000e+00
1.578080058097839355e-01,4.863593261688947678e-03,1.263345219194889069e-02,8.446060419082641602e-01,-4.748227894306182861e-01,-2.473539561033248901e-01,0.000000000000000000e+00
2.075463533401489258e-02,-5.598136037588119507e-02,-1.929024159908294678e-01,1.038113832473754883e-01,5.893313884735107422e-01,-8.011939525604248047e-01,0.000000000000000000e+00
-6.424467265605926514e-02,-1.370091289281845093e-01,-2.632515430450439453e-01,6.964767724275588989e-02,5.950874686241149902e-01,-8.006373047828674316e-01,0.000000000000000000e+00
-2.212275415658950806e-01,-1.068742945790290833e-01,-1.872018426656723022e-01,-5.260222554206848145e-01,-6.560491323471069336e-01,-5.412024855613708496e-01,0.000000000000000000e+00
-5.195809528231620789e-02,-2.172995358705520630e-01,-2.163596302270889282e-01,-5.054970979690551758e-01,-6.769602298736572266e-01,-5.349743366241455078e-01,0.000000000000000000e+00
1.628208756446838379e-01,6.188203394412994385e-02,-7.380747795104980469e-02,8.453094959259033203e-01,-2.823763787746429443e-01,-4.535586535930633545e-01,0.000000000000000000e+00
1.399039849638938904e-02,2.306717485189437866e-01,1.455567497760057449e-02,1.071878075599670410e-01,5.880917310714721680e-01,-8.016600608825683594e-01,0.000000000000000000e+00
-1.734473854303359985e-01,-1.574542671442031860e-01,-1.723249107599258423e-01,-5.145519971847534180e-01,-6.486505270004272461e-01,-5.607929229736328125e-01,0.000000000000000000e+00
1.035125479102134705e-01,-8.216116577386856079e-02,-5.022054072469472885e-03,8.437362909317016602e-01,-4.863323867321014404e-01,-2.271341234445571899e-01,0.000000000000000000e+00
-1.977311074733734131e-01,-7.728493213653564453e-02,-1.182465814054012299e-02,-8.439686298370361328e-01,4.813509285449981689e-01,2.366818189620971680e-01,0.000000000000000000e+00
-1.053720191121101379e-01,-1.337212771177291870e-01,4.237562790513038635e-02,-1.135236099362373352e-01,-5.901378989219665527e-01,7.992807030677795410e-01,0.000000000000000000e+00
-1.604561805725097656e-01,-2.150824517011642456e-01,-1.178132295608520508e-01,-5.219348073005676270e-01,-6.540318727493286133e-01,-5.475640296936035156e-01,0.000000000000000000e+00
1.415610015392303467e-01,-6.387369334697723389e-02,1.298705786466598511e-01,3.428202867507934570e-01,-7.471436858177185059e-01,5.694300532341003418e-01,0.000000000000000000e+00
-1.434579119086265564e-02,-2.352144718170166016e-01,-1.093441098928451538e-01,8.368647098541259766e-01,-5.078139901161193848e-01,-2.044074982404708862e-01,0.000000000000000000e+00
-6.683851778507232666e-02,1.270277202129364014e-01,3.535491228103637695e-02,-8.476648330688476562e-01,4.816813170909881592e-01,2.223677486181259155e-01,0.000000000000000000e+00
1.660039275884628296e-02,-6.325697898864746094e-02,1.123772636055946350e-01,-1.406145840883255005e-01,-5.632096529006958008e-01,8.142619132995605469e-01,0.000000000000000000e+00
1.057257968932390213e-02,-1.313020288944244385e-01,-2.250356674194335938e-01,8.172806501388549805e-01,-5.191648006439208984e-01,-2.500404715538024902e-01,0.000000000000000000e+00
-1.854403689503669739e-02,1.709073036909103394e-01,1.175938472151756287e-01,-8.401204347610473633e-01,4.898372590541839600e-01,2.329316586256027222e-01,0.000000000000000000e+00
-2.242903262376785278e-01,-1.087060794234275818e-01,-4.328453913331031799e-02,-8.402459621429443359e-01,4.949767887592315674e-01,2.213249206542968750e-01,0.000000000000000000e+00
1.626642793416976929e-01,5.871133133769035339e-02,-7.223623245954513550e-02,8.430258631706237793e-01,-4.101843535900115967e-01,-3.479312360286712646e-01,0.000000000000000000e+00
-2.439186125993728638e-01,-8.094512671232223511e-02,-1.731735914945602417e-01,-8.521763086318969727e-01,4.567905366420745850e-01,2.552213668823242188e-01,0.000000000000000000e+00
-6.597381830215454102e-02,-1.404518932104110718e-01,-2.659694850444793701e-01,7.093815505504608154e-02,5.968781709671020508e-01,-7.991897463798522949e-01,0.000000000000000000e+00
-2.506355643272399902e-01,-1.420968025922775269e-01,-6.821790337562561035e-02,-8.422332406044006348e-01,4.918462932109832764e-01,2.207495570182800293e-01,0.000000000000000000e+00
-6.074718758463859558e-02,-1.954737305641174316e-01,5.643521901220083237e-03,-1.081977412104606628e-01,-5.877357721328735352e-01,8.017854690551757812e-01,0.000000000000000000e+00
-1.814501434564590454e-01,-2.074500322341918945e-01,-1.071279644966125488e-01,-5.157301425933837891e-01,-6.410578489303588867e-01,-5.683900117874145508e-01,0.000000000000000000e+00
1.943303830921649933e-02,2.102121114730834961e-01,1.722850352525711060e-01,-8.433229923248291016e-01,4.885621368885040283e-01,2.238601446151733398e-01,0.000000000000000000e+00
7.878342270851135254e-02,9.136311709880828857e-02,-7.751096040010452271e-02,1.149471476674079895e-01,5.819191336631774902e-01,-8.050821423530578613e-01,0.000000000000000000e+00
-4.816573485732078552e-02,-2.798120379447937012e-01,-1.370849460363388062e-01,8.474476337432861328e-01,-4.847548604011535645e-01,-2.164375036954879761e-01,0.000000000000000000e+00
2.005183994770050049e-01,8.415147662162780762e-02,5.249201320111751556e-03,8.412262201309204102e-01,-4.737717509269714355e-01,-2.605354785919189453e-01,0.000000000000000000e+00
1.621689349412918091e-01,1.756130605936050415e-01,-4.938911646604537964e-03,1.002953276038169861e-01,5.926474928855895996e-01,-7.991932034492492676e-01,0.000000000000000000e+00
2.644031941890716553e-01,1.808619797229766846e-01,3.801552578806877136e-02,8.404344916343688965e-01,-4.938009083271026611e-01,-2.232274860143661499e-01,0.000000000000000000e+00
-6.002548336982727051e-02,-4.536794498562812805e-02,-1.959268748760223389e-01,1.297201216220855713e-01,5.797537565231323242e-01,-8.043993115425109863e-01,0.000000000000000000e+00
8.824928849935531616e-02,-9.040275216102600098e-02,-4.266552999615669250e-02,8.404197692871093750e-01,-4.833826124668121338e-01,-2.450221180915832520e-01,0.000000000000000000e+00
4.561974108219146729e-02,2.883900701999664307e-01,1.036733686923980713e-01,-8.441171646118164062e-01,4.669059514999389648e-01,2.635623216629028320e-01,0.000000000000000000e+00
1.650186181068420410e-01,7.496382296085357666e-02,-7.320588827133178711e-02,7.237241268157958984e-01,4.376561380922794342e-03,-6.900755763053894043e-01,0.000000000000000000e+00
-2.270013093948364258e-02,2.087786048650741577e-01,2.365194074809551239e-02,-8.398349881172180176e-01,4.989468753337860107e-01,2.138438075780868530e-01,0.000000000000000000e+00
7.801350206136703491e-02,1.963937878608703613e-01,2.335631698369979858e-01,7.417097687721252441e-01,4.777649343013763428e-01,4.707517921924591064e-01,0.000000000000000000e+00
6.369584798812866211e-02,3.001141250133514404e-01,1.239994615316390991e-01,4.495282173156738281e-01,7.175816297531127930e-01,5.319783687591552734e-01,0.000000000000000000e+00
-3.684305399656295776e-02,1.637022346258163452e-01,6.701004505157470703e-02,-8.385238647460937500e-01,5.003336668014526367e-01,2.157404720783233643e-01,0.000000000000000000e+00
1.386907249689102173e-01,1.131288632750511169e-01,2.567620575428009033e-01,-1.334970146417617798e-01,-5.394358038902282715e-01,8.313769102096557617e-01,0.000000000000000000e+00
-2.162051349878311157e-01,-1.828703880310058594e-01,-1.050240267068147659e-02,-1.163279265165328979e-01,-5.841494202613830566e-01,8.032666444778442383e-01,0.000000000000000000e+00
8.401017636060714722e-02,2.030687332153320312e-01,3.788281232118606567e-03,1.302088648080825806e-01,5.693415403366088867e-01,-8.117240071296691895e-01,0.000000000000000000e+00
-1.828378438949584961e-01,-6.884396076202392578e-02,2.438994683325290680e-02,-8.484390377998352051e-01,4.812455177307128906e-01,2.203496098518371582e-01,0.000000000000000000e+00
-1.018203720450401306e-01,-2.077604979276657104e-01,-1.798117756843566895e-01,-5.207436084747314453e-01,-6.346890926361083984e-01,-5.709604620933532715e-01,0.000000000000000000e+00
6.936390697956085205e-02,-8.223985880613327026e-02,1.072339490056037903e-01,-1.233515739440917969e-01,-5.831221342086791992e-01,8.029651045799255371e-01,0.000000000000000000e+00
-1.128470059484243393e-02,2.090479806065559387e-02,-1.411944031715393066e-01,1.212271973490715027e-01,5.824220180511474609e-01,-8.037963509559631348e-01,0.000000000000000000e+00
9.865088760852813721e-02,-8.083841204643249512e-02,-2.545005828142166138e-02,8.491998314857482910e-01,-4.771863520145416260e-01,-2.261700034141540527e-01,0.000000000000000000e+00
-1.820425987243652344e-01,-1.141196861863136292e-01,-2.160864025354385376e-01,-5.236768722534179688e-01,-6.609418988227844238e-01,-5.375112295150756836e-01,0.000000000000000000e+00
-4.515598714351654053e-02,-1.371168643236160278e-01,-2.610900104045867920e-01,9.954524785280227661e-02,5.821309089660644531e-01,-8.069785237312316895e-01,0.000000000000000000e+00
1.221923530101776123e-01,9.523150511085987091e-03,-1.154406964778900146e-01,8.358303904533386230e-01,-2.430233955383300781e-01,-4.922673702239990234e-01,0.000000000000000000e+00
2.342948019504547119e-01,5.716436356306076050e-02,1.895883381366729736e-01,8.318148851394653320e-01,-5.129629969596862793e-01,-2.120211571455001831e-01,0.000000000000000000e+00
-4.219639673829078674e-02,1.167189329862594604e-01,-7.593834400177001953e-02,1.454895138740539551e-01,5.659121870994567871e-01,-8.115270733833312988e-01,0.000000000000000000e+00
-9.234730899333953857e-02,-4.799887537956237793e-02,-2.030339539051055908e-01,1.339493840932846069e-01,5.800905227661132812e-01,-8.034628033638000488e-01,0.000000000000000000e+00
6.158586964011192322e-02,2.299647405743598938e-02,-1.292883306741714478e-01,1.261133849620819092e-01,5.742291808128356934e-01,-8.089228868484497070e-01,0.000000000000000000e+00
-1.187384799122810364e-01,-7.620954513549804688e-02,8.092836290597915649e-02,-1.214558705687522888e-01,-5.797231197357177734e-01,8.057106137275695801e-01,0.000000000000000000e+00
1.825891286134719849e-01,4.721710458397865295e-02,2.170814871788024902e-01,-1.507114320993423462e-01,-5.617905259132385254e-01,8.134356141090393066e-01,0.000000000000000000e+00
2.659176588058471680e-01,1.810811758041381836e-01,4.324796050786972046e-02,8.438513875007629395e-01,-4.890407621860504150e-01,-2.208029925823211670e-01,0.000000000000000000e+00
9.080898016691207886e-02,6.862570345401763916e-02,-9.224793314933776855e-02,1.144097819924354553e-01,5.784561634063720703e-01,-8.076502084732055664e-01,0.000000000000000000e+00
1.021777093410491943e-01,2.535010576248168945e-01,1.411813497543334961e-01,7.044570446014404297e-01,5.254322886466979980e-01,4.771384894847869873e-01,0.000000000000000000e+00
-1.577613875269889832e-02,-1.975025087594985962e-01,-1.900534629821777344e-01,8.394087553024291992e-01,-4.868319332599639893e-01,-2.416352182626724243e-01,0.000000000000000000e+00
1.870340108871459961e-01,3.164981305599212646e-02,6.183926388621330261e-02,8.454545736312866211e-01,-4.811487793922424316e-01,-2.317378073930740356e-01,0.000000000000000000e+00
-1.301674842834472656e-01,3.556396439671516418e-02,-3.890069667249917984e-03,-8.457320928573608398e-01,4.816365838050842285e-01,2.297029644250869751e-01,0.000000000000000000e+00
-1.948232576251029968e-02,1.573277115821838379e-01,-4.336453601717948914e-02,1.152786090970039368e-01,5.819742083549499512e-01,-8.049949407577514648e-01,0.000000000000000000e+00
6.689429283142089844e-02,-2.113368734717369080e-02,1.502646952867507935e-01,-1.147779226303100586e-01,-5.718432068824768066e-01,8.122938871383666992e-01,0.000000000000000000e+00
3.802446275949478149e-02,-9.280470013618469238e-02,-2.031424194574356079e-01,8.302866816520690918e-01,-2.488581687211990356e-01,-4.986919164657592773e-01,0.000000000000000000e+00
-7.239770609885454178e-03,-2.230069637298583984e-01,-5.687000229954719543e-03,-1.399527788162231445e-01,-5.739324092864990234e-01,8.068549036979675293e-01,0.000000000000000000e+00
-2.079279869794845581e-01,-1.150048598647117615e-01,-1.900023072957992554e-01,-5.155529975891113281e-01,-6.636188626289367676e-01,-5.420471429824829102e-01,0.000000000000000000e+00
3.931391052901744843e-03,-1.805397421121597290e-01,-1.560140252113342285e-01,8.395017385482788086e-01,-4.899410009384155273e-01,-2.349353581666946411e-01,0.000000000000000000e+00
-6.595971435308456421e-02,-8.387006074190139771e-02,8.436576277017593384e-02,-1.517970263957977295e-01,-5.603097081184387207e-01,8.142547011375427246e-01,0.000000000000000000e+00
1.364538669586181641e-01,2.553347051143646240e-01,4.928755015134811401e-02,9.158128499984741211e-02,5.911214351654052734e-01,-8.013665080070495605e-01,0.000000000000000000e+00
-1.648833006620407104e-01,-2.179335951805114746e-01,-1.102838963270187378e-01,-5.135568380355834961e-01,-6.399148106575012207e-01,-5.716366767883300781e-01,0.000000000000000000e+00
-1.995186693966388702e-02,-1.120388656854629517e-01,-2.395041733980178833e-01,1.119541227817535400e-01,5.856961011886596680e-01,-8.027616739273071289e-01,0.000000000000000000e+00
-2.315529584884643555e-01,-8.096195757389068604e-02,-1.292281299829483032e-01,-8.438597917556762695e-01,4.838382303714752197e-01,2.319508492946624756e-01,0.000000000000000000e+00
1.635151952505111694e-01,1.747993379831314087e-01,-5.373382940888404846e-03,1.002953276038169861e-01,5.926474928855895996e-01,-7.991932034492492676e-01,0.000000000000000000e+00
1.342452913522720337e-01,-1.600802317261695862e-02,-2.919008955359458923e-02,8.461513519287109375e-01,-4.785526394844055176e-01,-2.345532625913619995e-01,0.000000000000000000e+00
1.116806715726852417e-01,2.864840030670166016e-01,6.837124377489089966e-02,7.950448244810104370e-02,6.066005825996398926e-01,-7.910213470458984375e-01,0.000000000000000000e+00
-1.674963682889938354e-01,-8.432519435882568359e-02,-2.393181622028350830e-01,1.289611607789993286e-01,5.682046413421630859e-01,-8.127192258834838867e-01,0.000000000000000000e+00
2.820928394794464111e-02,1.225314214825630188e-01,2.461825758218765259e-01,-1.167429387569427490e-01,-5.839394927024841309e-01,8.033590316772460938e-01,0.000000000000000000e+00
-2.631738316267728806e-04,1.195876598358154297e-01,2.398565709590911865e-01,-1.266284286975860596e-01,-5.755856633186340332e-01,8.078777194023132324e-01,0.000000000000000000e+00
1.162219420075416565e-01,2.722736597061157227e-01,5.865769088268280029e-02,1.128779575228691101e-01,5.849807262420654297e-01,-8.031538724899291992e-01,0.000000000000000000e+00
-1.738366335630416870e-01,-1.379592567682266235e-01,-1.948605477809906006e-01,-5.233296155929565430e-01,-6.444834470748901367e-01,-5.574649572372436523e-01,0.000000000000000000e+00
-2.123024463653564453e-01,-6.853407621383666992e-02,-8.523022383451461792e-02,-8.371008634567260742e-01,4.930253326892852783e-01,2.370405346155166626e-01,0.000000000000000000e+00
2.243396043777465820e-01,4.016653820872306824e-02,1.910315603017807007e-01,8.373420834541320801e-01,-5.117573142051696777e-01,-1.922569423913955688e-01,0.000000000000000000e+00
-2.366958856582641602e-01,-1.015593856573104858e-01,-1.044233217835426331e-01,-8.401621580123901367e-01,4.970787167549133301e-01,2.168877422809600830e-01,0.000000000000000000e+00
2.255458235740661621e-01,1.631296128034591675e-01,1.303864121437072754e-01,3.772788941860198975e-01,7.785665392875671387e-01,5.014925599098205566e-01,0.000000000000000000e+00
1.434672772884368896e-01,1.864546537399291992e-01,2.493523643352091312e-04,9.155875444412231445e-02,5.887850522994995117e-01,-8.030872941017150879e-01,0.000000000000000000e+00
-1.809864887036383152e-03,1.681781262159347534e-01,1.859966069459915161e-01,-8.401002883911132812e-01,5.017588138580322266e-01,2.060814648866653442e-01,0.000000000000000000e+00
1.824730783700942993e-01,6.090732291340827942e-02,-1.173942722380161285e-02,8.492702245712280273e-01,-4.653676748275756836e-01,-2.493451535701751709e-01,0.000000000000000000e+00
-4.211665317416191101e-02,9.187132120132446289e-02,-9.397090971469879150e-02,1.318329125642776489e-01,5.713488459587097168e-01,-8.100497126579284668e-01,0.000000000000000000e+00
2.256732881069183350e-01,1.193397343158721924e-01,2.368380315601825714e-02,8.403140902519226074e-01,-4.894918799400329590e-01,-2.329589724540710449e-01,0.000000000000000000e+00
7.692609727382659912e-02,-6.357785314321517944e-02,-1.324404925107955933e-01,8.446685671806335449e-01,-4.725914597511291504e-01,-2.513808608055114746e-01,0.000000000000000000e+00
1.158086210489273071e-01,2.451334893703460693e-01,1.378734558820724487e-01,6.116300821304321289e-01,6.797253489494323730e-01,4.048235118389129639e-01,0.000000000000000000e+00
9.560225158929824829e-02,1.596491634845733643e-01,2.561122179031372070e-01,7.206605076789855957e-01,3.953803479671478271e-01,5.694935321807861328e-01,0.000000000000000000e+00
4.803702607750892639e-02,3.273065201938152313e-03,-1.454402506351470947e-01,1.205009669065475464e-01,5.877050161361694336e-01,-8.000514507293701172e-01,0.000000000000000000e+00
1.631563007831573486e-01,8.410512655973434448e-02,2.402973771095275879e-01,-1.034628897905349731e-01,-5.881328582763671875e-01,8.021191358566284180e-01,0.000000000000000000e+00
-2.995844371616840363e-02,1.625874042510986328e-01,9.383058547973632812e-02,-8.401593565940856934e-01,4.864429533481597900e-01,2.398030012845993042e-01,0.000000000000000000e+00
9.473941475152969360e-02,-9.084490686655044556e-02,1.052370741963386536e-01,-1.277443319559097290e-01,-5.821832418441772461e-01,8.029595613479614258e-01,0.000000000000000000e+00
-1.655033528804779053e-01,5.160579923540353775e-03,-6.850672513246536255e-02,-8.387739062309265137e-01,4.941978156566619873e-01,2.285319864749908447e-01,0.000000000000000000e+00
3.217696398496627808e-02,1.678174734115600586e-01,-2.881414070725440979e-02,8.788137882947921753e-02,5.927669405937194824e-01,-8.005649447441101074e-01,0.000000000000000000e+00
-4.114270210266113281e-03,1.590942740440368652e-01,-3.977084532380104065e-02,1.290384680032730103e-01,5.737541913986206055e-01,-8.087986111640930176e-01,0.000000000000000000e+00
-1.674009561538696289e-01,-4.310552030801773071e-02,2.595845051109790802e-02,-8.488591909408569336e-01,4.821729958057403564e-01,2.166732400655746460e-01,0.000000000000000000e+00
-1.670650392770767212e-01,-1.060850173234939575e-02,-4.201923683285713196e-02,-8.238569498062133789e-01,5.037445425987243652e-01,2.598098814487457275e-01,0.000000000000000000e+00
1.320112030953168869e-02,-5.537128821015357971e-02,-1.934282332658767700e-01,1.015822738409042358e-01,5.877147912979125977e-01,-8.026657700538635254e-01,0.000000000000000000e+00
1.631085276603698730e-01,1.451513469219207764e-01,-2.687874995172023773e-02,1.350836902856826782e-01,5.696106553077697754e-01,-8.107379674911499023e-01,0.000000000000000000e+00
-3.405469655990600586e-02,-2.017969638109207153e-01,-2.428602725267410278e-01,8.555796742439270020e-01,-4.532121121883392334e-01,-2.501644194126129150e-01,0.000000000000000000e+00
1.851826012134552002e-01,1.268089711666107178e-01,2.093226164579391479e-01,8.677740097045898438e-01,4.872062206268310547e-01,9.797128289937973022e-02,0.000000000000000000e+00
2.529098652303218842e-02,-2.016916275024414062e-01,-3.300704061985015869e-02,8.451079130172729492e-01,-4.996570050716400146e-01,-1.900935024023056030e-01,0.000000000000000000e+00
9.051354974508285522e-02,-3.815486654639244080e-02,-1.342431902885437012e-01,8.487553596496582031e-01,-4.481713771820068359e-01,-2.806363999843597412e-01,0.000000000000000000e+00
-9.388621896505355835e-02,8.570604026317596436e-02,2.366872504353523254e-02,-8.466408848762512207e-01,4.813835322856903076e-01,2.268680036067962646e-01,0.000000000000000000e+00
1.946169137954711914e-01,1.202923282980918884e-01,2.101415693759918213e-01,2.175779044628143311e-01,7.008147239685058594e-01,6.793515682220458984e-01,0.000000000000000000e+00
1.405183523893356323e-01,1.856702864170074463e-01,-6.619090563617646694e-04,9.155875444412231445e-02,5.887850522994995117e-01,-8.030872941017150879e-01,0.000000000000000000e+00
-1.023480147123336792e-01,-2.307922542095184326e-01,-1.535567790269851685e-01,-5.169108510017395020e-01,-6.230354905128479004e-01,-5.870519876480102539e-01,0.000000000000000000e+00
-5.447687953710556030e-02,-2.257640510797500610e-01,-2.038556486368179321e-01,-5.335842370986938477e-01,-6.155036687850952148e-01,-5.800371170043945312e-01,0.000000000000000000e+00
2.373922318220138550e-01,2.110483497381210327e-01,6.263504177331924438e-02,5.193094611167907715e-01,6.565380096435546875e-01,5.470607876777648926e-01,0.000000000000000000e+00
-9.052982181310653687e-02,1.219803765416145325e-01,-3.982189670205116272e-02,-8.497474193572998047e-01,4.648627042770385742e-01,2.486603111028671265e-01,0.000000000000000000e+00
3.055020980536937714e-02,1.059667691588401794e-01,-7.365935295820236206e-02,1.242197901010513306e-01,5.872073769569396973e-01,-7.998480796813964844e-01,0.000000000000000000e+00
-1.470519751310348511e-01,-2.062671035528182983e-01,-1.399529129266738892e-01,-5.263563990592956543e-01,-6.558994650840759277e-01,-5.410590171813964844e-01,0.000000000000000000e+00
-1.314259022474288940e-01,-8.202194422483444214e-02,-2.332519441843032837e-01,9.040892124176025391e-02,5.778586864471435547e-01,-8.111137747764587402e-01,0.000000000000000000e+00
-1.088708862662315369e-01,-2.679283022880554199e-01,-5.441575497388839722e-02,-1.533298343420028687e-01,-5.543776750564575195e-01,8.180191516876220703e-01,0.000000000000000000e+00
6.769013404846191406e-02,-1.288107782602310181e-01,-3.689179569482803345e-02,8.421528339385986328e-01,-4.898018240928649902e-01,-2.255500108003616333e-01,0.000000000000000000e+00
-1.459403615444898605e-02,-2.025072127580642700e-01,-1.764381229877471924e-01,8.405307531356811523e-01,-4.811432361602783203e-01,-2.490165531635284424e-01,0.000000000000000000e+00
-4.798955097794532776e-02,1.539781540632247925e-01,4.641624912619590759e-02,-8.399978280067443848e-01,4.960778951644897461e-01,2.197962850332260132e-01,0.000000000000000000e+00
3.936269879341125488e-02,-1.046348288655281067e-01,-1.799501180648803711e-01,8.442873954772949219e-01,-4.844165444374084473e-01,-2.291712462902069092e-01,0.000000000000000000e+00
-1.254947334527969360e-01,-2.288042306900024414e-01,-1.340067237615585327e-01,-5.074924826622009277e-01,-6.228436827659606934e-01,-5.954134464263916016e-01,0.000000000000000000e+00
9.684597700834274292e-02,1.679099351167678833e-01,2.479080259799957275e-01,2.607341706752777100e-01,7.148740887641906738e-01,6.488240957260131836e-01,0.000000000000000000e+00
-8.871952444314956665e-02,-9.669462218880653381e-03,-1.739812046289443970e-01,1.228262335062026978e-01,6.118865013122558594e-01,-7.813504934310913086e-01,0.000000000000000000e+00
3.345791622996330261e-02,1.734837293624877930e-01,-2.447398193180561066e-02,8.798796683549880981e-02,5.948686599731445312e-01,-7.989927530288696289e-01,0.000000000000000000e+00
3.886653855443000793e-02,2.106583714485168457e-01,2.436400949954986572e-01,-8.432117104530334473e-01,4.828648567199707031e-01,2.362953871488571167e-01,0.000000000000000000e+00
4.244456533342599869e-03,1.570622175931930542e-01,2.329838871955871582e-01,-8.407801985740661621e-01,5.060876011848449707e-01,1.922603398561477661e-01,0.000000000000000000e+00
-4.147459694650024176e-04,-1.622825860977172852e-01,-2.050309330224990845e-01,8.414044380187988281e-01,-4.655997455120086670e-01,-2.743272483348846436e-01,0.000000000000000000e+00
2.524214684963226318e-01,2.106684893369674683e-01,4.838816076517105103e-02,5.315662622451782227e-01,6.666370034217834473e-01,5.225250124931335449e-01,0.000000000000000000e+00
1.035814955830574036e-01,-1.145763769745826721e-01,7.857184857130050659e-02,8.195940852165222168e-01,-5.611076951026916504e-01,-1.158605143427848816e-01,0.000000000000000000e+00
-8.825767040252685547e-02,-2.764093577861785889e-01,-1.139122322201728821e-01,-5.570851564407348633e-01,-6.452695131301879883e-01,-5.227651596069335938e-01,0.000000000000000000e+00
-1.508996337652206421e-01,-2.126481831073760986e-01,-1.290485858917236328e-01,-5.134007930755615234e-01,-6.341836452484130859e-01,-5.781269073486328125e-01,0.000000000000000000e+00
-7.943148165941238403e-02,-8.508985489606857300e-02,-2.281020283699035645e-01,1.251673251390457153e-01,5.758897662162780762e-01,-8.078886866569519043e-01,0.000000000000000000e+00
-1.649785339832305908e-01,-8.755376562476158142e-03,-3.899592533707618713e-02,-8.238569498062133789e-01,5.037445425987243652e-01,2.598098814487457275e-01,0.000000000000000000e+00
